Country ;Variable ;Percentile ;Year ;Value ;Data quality 
Iceland ;"sptinc_p80p100_999_j_IS
Pre-tax national income 
P80-100 | share | all ages | equal split
";p80p100;1940;;
Iceland ;"sptinc_p80p100_999_j_IS
Pre-tax national income 
P80-100 | share | all ages | equal split
";p80p100;1941;;
Iceland ;"sptinc_p80p100_999_j_IS
Pre-tax national income 
P80-100 | share | all ages | equal split
";p80p100;1942;;
Iceland ;"sptinc_p80p100_999_j_IS
Pre-tax national income 
P80-100 | share | all ages | equal split
";p80p100;1943;;
Iceland ;"sptinc_p80p100_999_j_IS
Pre-tax national income 
P80-100 | share | all ages | equal split
";p80p100;1944;;
Iceland ;"sptinc_p80p100_999_j_IS
Pre-tax national income 
P80-100 | share | all ages | equal split
";p80p100;1945;;
Iceland ;"sptinc_p80p100_999_j_IS
Pre-tax national income 
P80-100 | share | all ages | equal split
";p80p100;1946;;
Iceland ;"sptinc_p80p100_999_j_IS
Pre-tax national income 
P80-100 | share | all ages | equal split
";p80p100;1947;;
Iceland ;"sptinc_p80p100_999_j_IS
Pre-tax national income 
P80-100 | share | all ages | equal split
";p80p100;1948;;
Iceland ;"sptinc_p80p100_999_j_IS
Pre-tax national income 
P80-100 | share | all ages | equal split
";p80p100;1949;;
Iceland ;"sptinc_p80p100_999_j_IS
Pre-tax national income 
P80-100 | share | all ages | equal split
";p80p100;1950;;
Iceland ;"sptinc_p80p100_999_j_IS
Pre-tax national income 
P80-100 | share | all ages | equal split
";p80p100;1951;;
Iceland ;"sptinc_p80p100_999_j_IS
Pre-tax national income 
P80-100 | share | all ages | equal split
";p80p100;1952;;
Iceland ;"sptinc_p80p100_999_j_IS
Pre-tax national income 
P80-100 | share | all ages | equal split
";p80p100;1953;;
Iceland ;"sptinc_p80p100_999_j_IS
Pre-tax national income 
P80-100 | share | all ages | equal split
";p80p100;1954;;
Iceland ;"sptinc_p80p100_999_j_IS
Pre-tax national income 
P80-100 | share | all ages | equal split
";p80p100;1955;;
Iceland ;"sptinc_p80p100_999_j_IS
Pre-tax national income 
P80-100 | share | all ages | equal split
";p80p100;1956;;
Iceland ;"sptinc_p80p100_999_j_IS
Pre-tax national income 
P80-100 | share | all ages | equal split
";p80p100;1957;;
Iceland ;"sptinc_p80p100_999_j_IS
Pre-tax national income 
P80-100 | share | all ages | equal split
";p80p100;1958;;
Iceland ;"sptinc_p80p100_999_j_IS
Pre-tax national income 
P80-100 | share | all ages | equal split
";p80p100;1959;;
Iceland ;"sptinc_p80p100_999_j_IS
Pre-tax national income 
P80-100 | share | all ages | equal split
";p80p100;1960;;
Iceland ;"sptinc_p80p100_999_j_IS
Pre-tax national income 
P80-100 | share | all ages | equal split
";p80p100;1961;;
Iceland ;"sptinc_p80p100_999_j_IS
Pre-tax national income 
P80-100 | share | all ages | equal split
";p80p100;1962;;
Iceland ;"sptinc_p80p100_999_j_IS
Pre-tax national income 
P80-100 | share | all ages | equal split
";p80p100;1963;;
Iceland ;"sptinc_p80p100_999_j_IS
Pre-tax national income 
P80-100 | share | all ages | equal split
";p80p100;1964;;
Iceland ;"sptinc_p80p100_999_j_IS
Pre-tax national income 
P80-100 | share | all ages | equal split
";p80p100;1965;;
Iceland ;"sptinc_p80p100_999_j_IS
Pre-tax national income 
P80-100 | share | all ages | equal split
";p80p100;1966;;
Iceland ;"sptinc_p80p100_999_j_IS
Pre-tax national income 
P80-100 | share | all ages | equal split
";p80p100;1967;;
Iceland ;"sptinc_p80p100_999_j_IS
Pre-tax national income 
P80-100 | share | all ages | equal split
";p80p100;1968;;
Iceland ;"sptinc_p80p100_999_j_IS
Pre-tax national income 
P80-100 | share | all ages | equal split
";p80p100;1969;;
Iceland ;"sptinc_p80p100_999_j_IS
Pre-tax national income 
P80-100 | share | all ages | equal split
";p80p100;1970;;
Iceland ;"sptinc_p80p100_999_j_IS
Pre-tax national income 
P80-100 | share | all ages | equal split
";p80p100;1971;;
Iceland ;"sptinc_p80p100_999_j_IS
Pre-tax national income 
P80-100 | share | all ages | equal split
";p80p100;1972;;
Iceland ;"sptinc_p80p100_999_j_IS
Pre-tax national income 
P80-100 | share | all ages | equal split
";p80p100;1973;;
Iceland ;"sptinc_p80p100_999_j_IS
Pre-tax national income 
P80-100 | share | all ages | equal split
";p80p100;1974;;
Iceland ;"sptinc_p80p100_999_j_IS
Pre-tax national income 
P80-100 | share | all ages | equal split
";p80p100;1975;;
Iceland ;"sptinc_p80p100_999_j_IS
Pre-tax national income 
P80-100 | share | all ages | equal split
";p80p100;1976;;
Iceland ;"sptinc_p80p100_999_j_IS
Pre-tax national income 
P80-100 | share | all ages | equal split
";p80p100;1977;;
Iceland ;"sptinc_p80p100_999_j_IS
Pre-tax national income 
P80-100 | share | all ages | equal split
";p80p100;1978;;
Iceland ;"sptinc_p80p100_999_j_IS
Pre-tax national income 
P80-100 | share | all ages | equal split
";p80p100;1979;;
Iceland ;"sptinc_p80p100_999_j_IS
Pre-tax national income 
P80-100 | share | all ages | equal split
";p80p100;1980;0.4563;1.0
Iceland ;"sptinc_p80p100_999_j_IS
Pre-tax national income 
P80-100 | share | all ages | equal split
";p80p100;1981;0.4563;1.0
Iceland ;"sptinc_p80p100_999_j_IS
Pre-tax national income 
P80-100 | share | all ages | equal split
";p80p100;1982;0.4563;1.0
Iceland ;"sptinc_p80p100_999_j_IS
Pre-tax national income 
P80-100 | share | all ages | equal split
";p80p100;1983;0.4564;1.0
Iceland ;"sptinc_p80p100_999_j_IS
Pre-tax national income 
P80-100 | share | all ages | equal split
";p80p100;1984;0.4564;1.0
Iceland ;"sptinc_p80p100_999_j_IS
Pre-tax national income 
P80-100 | share | all ages | equal split
";p80p100;1985;0.4564;1.0
Iceland ;"sptinc_p80p100_999_j_IS
Pre-tax national income 
P80-100 | share | all ages | equal split
";p80p100;1986;0.4563;1.0
Iceland ;"sptinc_p80p100_999_j_IS
Pre-tax national income 
P80-100 | share | all ages | equal split
";p80p100;1987;0.4562;1.0
Iceland ;"sptinc_p80p100_999_j_IS
Pre-tax national income 
P80-100 | share | all ages | equal split
";p80p100;1988;0.4562;1.0
Iceland ;"sptinc_p80p100_999_j_IS
Pre-tax national income 
P80-100 | share | all ages | equal split
";p80p100;1989;0.4563;1.0
Iceland ;"sptinc_p80p100_999_j_IS
Pre-tax national income 
P80-100 | share | all ages | equal split
";p80p100;1990;0.4563;3.0
Iceland ;"sptinc_p80p100_999_j_IS
Pre-tax national income 
P80-100 | share | all ages | equal split
";p80p100;1991;0.4565;3.0
Iceland ;"sptinc_p80p100_999_j_IS
Pre-tax national income 
P80-100 | share | all ages | equal split
";p80p100;1992;0.457;3.0
Iceland ;"sptinc_p80p100_999_j_IS
Pre-tax national income 
P80-100 | share | all ages | equal split
";p80p100;1993;0.4578;3.0
Iceland ;"sptinc_p80p100_999_j_IS
Pre-tax national income 
P80-100 | share | all ages | equal split
";p80p100;1994;0.4592;3.0
Iceland ;"sptinc_p80p100_999_j_IS
Pre-tax national income 
P80-100 | share | all ages | equal split
";p80p100;1995;0.4584;3.0
Iceland ;"sptinc_p80p100_999_j_IS
Pre-tax national income 
P80-100 | share | all ages | equal split
";p80p100;1996;0.4596;3.0
Iceland ;"sptinc_p80p100_999_j_IS
Pre-tax national income 
P80-100 | share | all ages | equal split
";p80p100;1997;0.4609;3.0
Iceland ;"sptinc_p80p100_999_j_IS
Pre-tax national income 
P80-100 | share | all ages | equal split
";p80p100;1998;0.4617;3.0
Iceland ;"sptinc_p80p100_999_j_IS
Pre-tax national income 
P80-100 | share | all ages | equal split
";p80p100;1999;0.4633;3.0
Iceland ;"sptinc_p80p100_999_j_IS
Pre-tax national income 
P80-100 | share | all ages | equal split
";p80p100;2000;0.4618;3.0
Iceland ;"sptinc_p80p100_999_j_IS
Pre-tax national income 
P80-100 | share | all ages | equal split
";p80p100;2001;0.4745;3.0
Iceland ;"sptinc_p80p100_999_j_IS
Pre-tax national income 
P80-100 | share | all ages | equal split
";p80p100;2002;0.4795;3.0
Iceland ;"sptinc_p80p100_999_j_IS
Pre-tax national income 
P80-100 | share | all ages | equal split
";p80p100;2003;0.4728;4.0
Iceland ;"sptinc_p80p100_999_j_IS
Pre-tax national income 
P80-100 | share | all ages | equal split
";p80p100;2004;0.4594;4.0
Iceland ;"sptinc_p80p100_999_j_IS
Pre-tax national income 
P80-100 | share | all ages | equal split
";p80p100;2005;0.458;4.0
Iceland ;"sptinc_p80p100_999_j_IS
Pre-tax national income 
P80-100 | share | all ages | equal split
";p80p100;2006;0.4669;4.0
Iceland ;"sptinc_p80p100_999_j_IS
Pre-tax national income 
P80-100 | share | all ages | equal split
";p80p100;2007;0.4911;4.0
Iceland ;"sptinc_p80p100_999_j_IS
Pre-tax national income 
P80-100 | share | all ages | equal split
";p80p100;2008;0.4393;4.0
Iceland ;"sptinc_p80p100_999_j_IS
Pre-tax national income 
P80-100 | share | all ages | equal split
";p80p100;2009;0.4275;4.0
Iceland ;"sptinc_p80p100_999_j_IS
Pre-tax national income 
P80-100 | share | all ages | equal split
";p80p100;2010;0.4231;4.0
Iceland ;"sptinc_p80p100_999_j_IS
Pre-tax national income 
P80-100 | share | all ages | equal split
";p80p100;2011;0.4279;4.0
Iceland ;"sptinc_p80p100_999_j_IS
Pre-tax national income 
P80-100 | share | all ages | equal split
";p80p100;2012;0.4302;4.0
Iceland ;"sptinc_p80p100_999_j_IS
Pre-tax national income 
P80-100 | share | all ages | equal split
";p80p100;2013;0.4465;4.0
Iceland ;"sptinc_p80p100_999_j_IS
Pre-tax national income 
P80-100 | share | all ages | equal split
";p80p100;2014;0.4444;4.0
Iceland ;"sptinc_p80p100_999_j_IS
Pre-tax national income 
P80-100 | share | all ages | equal split
";p80p100;2015;0.4435;4.0
Iceland ;"sptinc_p80p100_999_j_IS
Pre-tax national income 
P80-100 | share | all ages | equal split
";p80p100;2016;0.4398;4.0
Iceland ;"sptinc_p80p100_999_j_IS
Pre-tax national income 
P80-100 | share | all ages | equal split
";p80p100;2017;0.4357;4.0
Iceland ;"sptinc_p80p100_999_j_IS
Pre-tax national income 
P80-100 | share | all ages | equal split
";p80p100;2018;0.4257;3.0
Iceland ;"sptinc_p80p100_999_j_IS
Pre-tax national income 
P80-100 | share | all ages | equal split
";p80p100;2019;0.4242;3.0
Iceland ;"sptinc_p80p100_999_j_IS
Pre-tax national income 
P80-100 | share | all ages | equal split
";p80p100;2020;0.4242;3.0
Iceland ;"sptinc_p80p100_999_j_IS
Pre-tax national income 
P80-100 | share | all ages | equal split
";p80p100;2021;0.4288;3.0
Iceland ;"sptinc_p80p100_999_j_IS
Pre-tax national income 
P80-100 | share | all ages | equal split
";p80p100;2022;0.4239;1.0
Iceland ;"sptinc_p80p100_999_j_IS
Pre-tax national income 
P80-100 | share | all ages | equal split
";p80p100;2023;0.4238;1.0
Iceland ;"sptinc_p80p100_999_j_IS
Pre-tax national income 
P80-100 | share | all ages | equal split
";p80p100;2024;0.4238;1.0
India ;"sptinc_p80p100_999_j_IN
Pre-tax national income 
P80-100 | share | all ages | equal split
";p80p100;1940;0.645;3.0
India ;"sptinc_p80p100_999_j_IN
Pre-tax national income 
P80-100 | share | all ages | equal split
";p80p100;1941;0.6288;3.0
India ;"sptinc_p80p100_999_j_IN
Pre-tax national income 
P80-100 | share | all ages | equal split
";p80p100;1942;;
India ;"sptinc_p80p100_999_j_IN
Pre-tax national income 
P80-100 | share | all ages | equal split
";p80p100;1943;0.5972000000000001;3.0
India ;"sptinc_p80p100_999_j_IN
Pre-tax national income 
P80-100 | share | all ages | equal split
";p80p100;1944;0.5842;3.0
India ;"sptinc_p80p100_999_j_IN
Pre-tax national income 
P80-100 | share | all ages | equal split
";p80p100;1945;0.5715;3.0
India ;"sptinc_p80p100_999_j_IN
Pre-tax national income 
P80-100 | share | all ages | equal split
";p80p100;1946;;
India ;"sptinc_p80p100_999_j_IN
Pre-tax national income 
P80-100 | share | all ages | equal split
";p80p100;1947;0.5401;3.0
India ;"sptinc_p80p100_999_j_IN
Pre-tax national income 
P80-100 | share | all ages | equal split
";p80p100;1948;0.5273;3.0
India ;"sptinc_p80p100_999_j_IN
Pre-tax national income 
P80-100 | share | all ages | equal split
";p80p100;1949;0.5103;3.0
India ;"sptinc_p80p100_999_j_IN
Pre-tax national income 
P80-100 | share | all ages | equal split
";p80p100;1950;0.4998;3.0
India ;"sptinc_p80p100_999_j_IN
Pre-tax national income 
P80-100 | share | all ages | equal split
";p80p100;1951;0.5294;4.0
India ;"sptinc_p80p100_999_j_IN
Pre-tax national income 
P80-100 | share | all ages | equal split
";p80p100;1952;0.5272;4.0
India ;"sptinc_p80p100_999_j_IN
Pre-tax national income 
P80-100 | share | all ages | equal split
";p80p100;1953;0.5225000000000001;4.0
India ;"sptinc_p80p100_999_j_IN
Pre-tax national income 
P80-100 | share | all ages | equal split
";p80p100;1954;0.5416000000000001;4.0
India ;"sptinc_p80p100_999_j_IN
Pre-tax national income 
P80-100 | share | all ages | equal split
";p80p100;1955;0.5526;4.0
India ;"sptinc_p80p100_999_j_IN
Pre-tax national income 
P80-100 | share | all ages | equal split
";p80p100;1956;0.5549000000000001;4.0
India ;"sptinc_p80p100_999_j_IN
Pre-tax national income 
P80-100 | share | all ages | equal split
";p80p100;1957;0.5433;4.0
India ;"sptinc_p80p100_999_j_IN
Pre-tax national income 
P80-100 | share | all ages | equal split
";p80p100;1958;0.5472;4.0
India ;"sptinc_p80p100_999_j_IN
Pre-tax national income 
P80-100 | share | all ages | equal split
";p80p100;1959;0.5398000000000001;4.0
India ;"sptinc_p80p100_999_j_IN
Pre-tax national income 
P80-100 | share | all ages | equal split
";p80p100;1960;0.5335;4.0
India ;"sptinc_p80p100_999_j_IN
Pre-tax national income 
P80-100 | share | all ages | equal split
";p80p100;1961;0.5334;4.0
India ;"sptinc_p80p100_999_j_IN
Pre-tax national income 
P80-100 | share | all ages | equal split
";p80p100;1962;0.5299;4.0
India ;"sptinc_p80p100_999_j_IN
Pre-tax national income 
P80-100 | share | all ages | equal split
";p80p100;1963;0.5115000000000001;4.0
India ;"sptinc_p80p100_999_j_IN
Pre-tax national income 
P80-100 | share | all ages | equal split
";p80p100;1964;0.5162;4.0
India ;"sptinc_p80p100_999_j_IN
Pre-tax national income 
P80-100 | share | all ages | equal split
";p80p100;1965;0.5169;4.0
India ;"sptinc_p80p100_999_j_IN
Pre-tax national income 
P80-100 | share | all ages | equal split
";p80p100;1966;0.5193;4.0
India ;"sptinc_p80p100_999_j_IN
Pre-tax national income 
P80-100 | share | all ages | equal split
";p80p100;1967;0.5184;4.0
India ;"sptinc_p80p100_999_j_IN
Pre-tax national income 
P80-100 | share | all ages | equal split
";p80p100;1968;0.5137;4.0
India ;"sptinc_p80p100_999_j_IN
Pre-tax national income 
P80-100 | share | all ages | equal split
";p80p100;1969;0.5231;4.0
India ;"sptinc_p80p100_999_j_IN
Pre-tax national income 
P80-100 | share | all ages | equal split
";p80p100;1970;0.5255000000000001;4.0
India ;"sptinc_p80p100_999_j_IN
Pre-tax national income 
P80-100 | share | all ages | equal split
";p80p100;1971;0.5099;4.0
India ;"sptinc_p80p100_999_j_IN
Pre-tax national income 
P80-100 | share | all ages | equal split
";p80p100;1972;0.507;4.0
India ;"sptinc_p80p100_999_j_IN
Pre-tax national income 
P80-100 | share | all ages | equal split
";p80p100;1973;0.5049;4.0
India ;"sptinc_p80p100_999_j_IN
Pre-tax national income 
P80-100 | share | all ages | equal split
";p80p100;1974;0.5057;4.0
India ;"sptinc_p80p100_999_j_IN
Pre-tax national income 
P80-100 | share | all ages | equal split
";p80p100;1975;0.5069;4.0
India ;"sptinc_p80p100_999_j_IN
Pre-tax national income 
P80-100 | share | all ages | equal split
";p80p100;1976;0.509;4.0
India ;"sptinc_p80p100_999_j_IN
Pre-tax national income 
P80-100 | share | all ages | equal split
";p80p100;1977;0.5078;4.0
India ;"sptinc_p80p100_999_j_IN
Pre-tax national income 
P80-100 | share | all ages | equal split
";p80p100;1978;0.5046;4.0
India ;"sptinc_p80p100_999_j_IN
Pre-tax national income 
P80-100 | share | all ages | equal split
";p80p100;1979;0.4937;4.0
India ;"sptinc_p80p100_999_j_IN
Pre-tax national income 
P80-100 | share | all ages | equal split
";p80p100;1980;0.4881;4.0
India ;"sptinc_p80p100_999_j_IN
Pre-tax national income 
P80-100 | share | all ages | equal split
";p80p100;1981;0.4821;4.0
India ;"sptinc_p80p100_999_j_IN
Pre-tax national income 
P80-100 | share | all ages | equal split
";p80p100;1982;0.4772;4.0
India ;"sptinc_p80p100_999_j_IN
Pre-tax national income 
P80-100 | share | all ages | equal split
";p80p100;1983;0.5173;4.0
India ;"sptinc_p80p100_999_j_IN
Pre-tax national income 
P80-100 | share | all ages | equal split
";p80p100;1984;0.5031;4.0
India ;"sptinc_p80p100_999_j_IN
Pre-tax national income 
P80-100 | share | all ages | equal split
";p80p100;1985;0.5143;4.0
India ;"sptinc_p80p100_999_j_IN
Pre-tax national income 
P80-100 | share | all ages | equal split
";p80p100;1986;0.5168;4.0
India ;"sptinc_p80p100_999_j_IN
Pre-tax national income 
P80-100 | share | all ages | equal split
";p80p100;1987;0.5126000000000001;4.0
India ;"sptinc_p80p100_999_j_IN
Pre-tax national income 
P80-100 | share | all ages | equal split
";p80p100;1988;0.5199;4.0
India ;"sptinc_p80p100_999_j_IN
Pre-tax national income 
P80-100 | share | all ages | equal split
";p80p100;1989;0.5201;4.0
India ;"sptinc_p80p100_999_j_IN
Pre-tax national income 
P80-100 | share | all ages | equal split
";p80p100;1990;0.5054000000000001;4.0
India ;"sptinc_p80p100_999_j_IN
Pre-tax national income 
P80-100 | share | all ages | equal split
";p80p100;1991;0.5099;4.0
India ;"sptinc_p80p100_999_j_IN
Pre-tax national income 
P80-100 | share | all ages | equal split
";p80p100;1992;0.5172;4.0
India ;"sptinc_p80p100_999_j_IN
Pre-tax national income 
P80-100 | share | all ages | equal split
";p80p100;1993;0.5298;4.0
India ;"sptinc_p80p100_999_j_IN
Pre-tax national income 
P80-100 | share | all ages | equal split
";p80p100;1994;0.5414;4.0
India ;"sptinc_p80p100_999_j_IN
Pre-tax national income 
P80-100 | share | all ages | equal split
";p80p100;1995;0.5413;4.0
India ;"sptinc_p80p100_999_j_IN
Pre-tax national income 
P80-100 | share | all ages | equal split
";p80p100;1996;0.5382;4.0
India ;"sptinc_p80p100_999_j_IN
Pre-tax national income 
P80-100 | share | all ages | equal split
";p80p100;1997;0.544;4.0
India ;"sptinc_p80p100_999_j_IN
Pre-tax national income 
P80-100 | share | all ages | equal split
";p80p100;1998;0.5475;4.0
India ;"sptinc_p80p100_999_j_IN
Pre-tax national income 
P80-100 | share | all ages | equal split
";p80p100;1999;0.5493;4.0
India ;"sptinc_p80p100_999_j_IN
Pre-tax national income 
P80-100 | share | all ages | equal split
";p80p100;2000;0.552;4.0
India ;"sptinc_p80p100_999_j_IN
Pre-tax national income 
P80-100 | share | all ages | equal split
";p80p100;2001;0.5611;4.0
India ;"sptinc_p80p100_999_j_IN
Pre-tax national income 
P80-100 | share | all ages | equal split
";p80p100;2002;0.5704;4.0
India ;"sptinc_p80p100_999_j_IN
Pre-tax national income 
P80-100 | share | all ages | equal split
";p80p100;2003;0.5798;4.0
India ;"sptinc_p80p100_999_j_IN
Pre-tax national income 
P80-100 | share | all ages | equal split
";p80p100;2004;0.5893;4.0
India ;"sptinc_p80p100_999_j_IN
Pre-tax national income 
P80-100 | share | all ages | equal split
";p80p100;2005;0.5989;4.0
India ;"sptinc_p80p100_999_j_IN
Pre-tax national income 
P80-100 | share | all ages | equal split
";p80p100;2006;0.6086;4.0
India ;"sptinc_p80p100_999_j_IN
Pre-tax national income 
P80-100 | share | all ages | equal split
";p80p100;2007;0.6185;4.0
India ;"sptinc_p80p100_999_j_IN
Pre-tax national income 
P80-100 | share | all ages | equal split
";p80p100;2008;0.6286;4.0
India ;"sptinc_p80p100_999_j_IN
Pre-tax national income 
P80-100 | share | all ages | equal split
";p80p100;2009;0.639;4.0
India ;"sptinc_p80p100_999_j_IN
Pre-tax national income 
P80-100 | share | all ages | equal split
";p80p100;2010;0.6495000000000001;4.0
India ;"sptinc_p80p100_999_j_IN
Pre-tax national income 
P80-100 | share | all ages | equal split
";p80p100;2011;0.6642;4.0
India ;"sptinc_p80p100_999_j_IN
Pre-tax national income 
P80-100 | share | all ages | equal split
";p80p100;2012;0.6706000000000001;4.0
India ;"sptinc_p80p100_999_j_IN
Pre-tax national income 
P80-100 | share | all ages | equal split
";p80p100;2013;0.6724;4.0
India ;"sptinc_p80p100_999_j_IN
Pre-tax national income 
P80-100 | share | all ages | equal split
";p80p100;2014;0.6788000000000001;4.0
India ;"sptinc_p80p100_999_j_IN
Pre-tax national income 
P80-100 | share | all ages | equal split
";p80p100;2015;0.6834;4.0
India ;"sptinc_p80p100_999_j_IN
Pre-tax national income 
P80-100 | share | all ages | equal split
";p80p100;2016;0.6941;4.0
India ;"sptinc_p80p100_999_j_IN
Pre-tax national income 
P80-100 | share | all ages | equal split
";p80p100;2017;0.6988000000000001;4.0
India ;"sptinc_p80p100_999_j_IN
Pre-tax national income 
P80-100 | share | all ages | equal split
";p80p100;2018;0.6901;4.0
India ;"sptinc_p80p100_999_j_IN
Pre-tax national income 
P80-100 | share | all ages | equal split
";p80p100;2019;0.6867000000000001;4.0
India ;"sptinc_p80p100_999_j_IN
Pre-tax national income 
P80-100 | share | all ages | equal split
";p80p100;2020;0.678;4.0
India ;"sptinc_p80p100_999_j_IN
Pre-tax national income 
P80-100 | share | all ages | equal split
";p80p100;2021;0.68;4.0
India ;"sptinc_p80p100_999_j_IN
Pre-tax national income 
P80-100 | share | all ages | equal split
";p80p100;2022;0.6867000000000001;4.0
India ;"sptinc_p80p100_999_j_IN
Pre-tax national income 
P80-100 | share | all ages | equal split
";p80p100;2023;0.6867000000000001;1.0
India ;"sptinc_p80p100_999_j_IN
Pre-tax national income 
P80-100 | share | all ages | equal split
";p80p100;2024;0.6867000000000001;1.0
Indonesia ;"sptinc_p80p100_999_j_ID
Pre-tax national income 
P80-100 | share | all ages | equal split
";p80p100;1940;0.5996;2.0
Indonesia ;"sptinc_p80p100_999_j_ID
Pre-tax national income 
P80-100 | share | all ages | equal split
";p80p100;1941;;
Indonesia ;"sptinc_p80p100_999_j_ID
Pre-tax national income 
P80-100 | share | all ages | equal split
";p80p100;1942;;
Indonesia ;"sptinc_p80p100_999_j_ID
Pre-tax national income 
P80-100 | share | all ages | equal split
";p80p100;1943;;
Indonesia ;"sptinc_p80p100_999_j_ID
Pre-tax national income 
P80-100 | share | all ages | equal split
";p80p100;1944;;
Indonesia ;"sptinc_p80p100_999_j_ID
Pre-tax national income 
P80-100 | share | all ages | equal split
";p80p100;1945;;
Indonesia ;"sptinc_p80p100_999_j_ID
Pre-tax national income 
P80-100 | share | all ages | equal split
";p80p100;1946;;
Indonesia ;"sptinc_p80p100_999_j_ID
Pre-tax national income 
P80-100 | share | all ages | equal split
";p80p100;1947;;
Indonesia ;"sptinc_p80p100_999_j_ID
Pre-tax national income 
P80-100 | share | all ages | equal split
";p80p100;1948;;
Indonesia ;"sptinc_p80p100_999_j_ID
Pre-tax national income 
P80-100 | share | all ages | equal split
";p80p100;1949;;
Indonesia ;"sptinc_p80p100_999_j_ID
Pre-tax national income 
P80-100 | share | all ages | equal split
";p80p100;1950;0.5837;2.0
Indonesia ;"sptinc_p80p100_999_j_ID
Pre-tax national income 
P80-100 | share | all ages | equal split
";p80p100;1951;;
Indonesia ;"sptinc_p80p100_999_j_ID
Pre-tax national income 
P80-100 | share | all ages | equal split
";p80p100;1952;;
Indonesia ;"sptinc_p80p100_999_j_ID
Pre-tax national income 
P80-100 | share | all ages | equal split
";p80p100;1953;;
Indonesia ;"sptinc_p80p100_999_j_ID
Pre-tax national income 
P80-100 | share | all ages | equal split
";p80p100;1954;;
Indonesia ;"sptinc_p80p100_999_j_ID
Pre-tax national income 
P80-100 | share | all ages | equal split
";p80p100;1955;;
Indonesia ;"sptinc_p80p100_999_j_ID
Pre-tax national income 
P80-100 | share | all ages | equal split
";p80p100;1956;;
Indonesia ;"sptinc_p80p100_999_j_ID
Pre-tax national income 
P80-100 | share | all ages | equal split
";p80p100;1957;;
Indonesia ;"sptinc_p80p100_999_j_ID
Pre-tax national income 
P80-100 | share | all ages | equal split
";p80p100;1958;;
Indonesia ;"sptinc_p80p100_999_j_ID
Pre-tax national income 
P80-100 | share | all ages | equal split
";p80p100;1959;;
Indonesia ;"sptinc_p80p100_999_j_ID
Pre-tax national income 
P80-100 | share | all ages | equal split
";p80p100;1960;0.5683;2.0
Indonesia ;"sptinc_p80p100_999_j_ID
Pre-tax national income 
P80-100 | share | all ages | equal split
";p80p100;1961;;
Indonesia ;"sptinc_p80p100_999_j_ID
Pre-tax national income 
P80-100 | share | all ages | equal split
";p80p100;1962;;
Indonesia ;"sptinc_p80p100_999_j_ID
Pre-tax national income 
P80-100 | share | all ages | equal split
";p80p100;1963;;
Indonesia ;"sptinc_p80p100_999_j_ID
Pre-tax national income 
P80-100 | share | all ages | equal split
";p80p100;1964;;
Indonesia ;"sptinc_p80p100_999_j_ID
Pre-tax national income 
P80-100 | share | all ages | equal split
";p80p100;1965;;
Indonesia ;"sptinc_p80p100_999_j_ID
Pre-tax national income 
P80-100 | share | all ages | equal split
";p80p100;1966;;
Indonesia ;"sptinc_p80p100_999_j_ID
Pre-tax national income 
P80-100 | share | all ages | equal split
";p80p100;1967;;
Indonesia ;"sptinc_p80p100_999_j_ID
Pre-tax national income 
P80-100 | share | all ages | equal split
";p80p100;1968;;
Indonesia ;"sptinc_p80p100_999_j_ID
Pre-tax national income 
P80-100 | share | all ages | equal split
";p80p100;1969;;
Indonesia ;"sptinc_p80p100_999_j_ID
Pre-tax national income 
P80-100 | share | all ages | equal split
";p80p100;1970;0.5536;2.0
Indonesia ;"sptinc_p80p100_999_j_ID
Pre-tax national income 
P80-100 | share | all ages | equal split
";p80p100;1971;;
Indonesia ;"sptinc_p80p100_999_j_ID
Pre-tax national income 
P80-100 | share | all ages | equal split
";p80p100;1972;;
Indonesia ;"sptinc_p80p100_999_j_ID
Pre-tax national income 
P80-100 | share | all ages | equal split
";p80p100;1973;;
Indonesia ;"sptinc_p80p100_999_j_ID
Pre-tax national income 
P80-100 | share | all ages | equal split
";p80p100;1974;;
Indonesia ;"sptinc_p80p100_999_j_ID
Pre-tax national income 
P80-100 | share | all ages | equal split
";p80p100;1975;;
Indonesia ;"sptinc_p80p100_999_j_ID
Pre-tax national income 
P80-100 | share | all ages | equal split
";p80p100;1976;;
Indonesia ;"sptinc_p80p100_999_j_ID
Pre-tax national income 
P80-100 | share | all ages | equal split
";p80p100;1977;;
Indonesia ;"sptinc_p80p100_999_j_ID
Pre-tax national income 
P80-100 | share | all ages | equal split
";p80p100;1978;;
Indonesia ;"sptinc_p80p100_999_j_ID
Pre-tax national income 
P80-100 | share | all ages | equal split
";p80p100;1979;;
Indonesia ;"sptinc_p80p100_999_j_ID
Pre-tax national income 
P80-100 | share | all ages | equal split
";p80p100;1980;0.5656;1.0
Indonesia ;"sptinc_p80p100_999_j_ID
Pre-tax national income 
P80-100 | share | all ages | equal split
";p80p100;1981;0.5656;1.0
Indonesia ;"sptinc_p80p100_999_j_ID
Pre-tax national income 
P80-100 | share | all ages | equal split
";p80p100;1982;0.5656;1.0
Indonesia ;"sptinc_p80p100_999_j_ID
Pre-tax national income 
P80-100 | share | all ages | equal split
";p80p100;1983;0.5656;1.0
Indonesia ;"sptinc_p80p100_999_j_ID
Pre-tax national income 
P80-100 | share | all ages | equal split
";p80p100;1984;0.5656;3.0
Indonesia ;"sptinc_p80p100_999_j_ID
Pre-tax national income 
P80-100 | share | all ages | equal split
";p80p100;1985;0.5753;2.0
Indonesia ;"sptinc_p80p100_999_j_ID
Pre-tax national income 
P80-100 | share | all ages | equal split
";p80p100;1986;0.5840000000000001;2.0
Indonesia ;"sptinc_p80p100_999_j_ID
Pre-tax national income 
P80-100 | share | all ages | equal split
";p80p100;1987;0.5921000000000001;3.0
Indonesia ;"sptinc_p80p100_999_j_ID
Pre-tax national income 
P80-100 | share | all ages | equal split
";p80p100;1988;0.5959;2.0
Indonesia ;"sptinc_p80p100_999_j_ID
Pre-tax national income 
P80-100 | share | all ages | equal split
";p80p100;1989;0.5993;2.0
Indonesia ;"sptinc_p80p100_999_j_ID
Pre-tax national income 
P80-100 | share | all ages | equal split
";p80p100;1990;0.6023000000000001;3.0
Indonesia ;"sptinc_p80p100_999_j_ID
Pre-tax national income 
P80-100 | share | all ages | equal split
";p80p100;1991;0.6064;2.0
Indonesia ;"sptinc_p80p100_999_j_ID
Pre-tax national income 
P80-100 | share | all ages | equal split
";p80p100;1992;0.6099;3.0
Indonesia ;"sptinc_p80p100_999_j_ID
Pre-tax national income 
P80-100 | share | all ages | equal split
";p80p100;1993;0.6129;3.0
Indonesia ;"sptinc_p80p100_999_j_ID
Pre-tax national income 
P80-100 | share | all ages | equal split
";p80p100;1994;0.6201;3.0
Indonesia ;"sptinc_p80p100_999_j_ID
Pre-tax national income 
P80-100 | share | all ages | equal split
";p80p100;1995;0.6258;3.0
Indonesia ;"sptinc_p80p100_999_j_ID
Pre-tax national income 
P80-100 | share | all ages | equal split
";p80p100;1996;0.6302;3.0
Indonesia ;"sptinc_p80p100_999_j_ID
Pre-tax national income 
P80-100 | share | all ages | equal split
";p80p100;1997;0.5902000000000001;3.0
Indonesia ;"sptinc_p80p100_999_j_ID
Pre-tax national income 
P80-100 | share | all ages | equal split
";p80p100;1998;0.5462;3.0
Indonesia ;"sptinc_p80p100_999_j_ID
Pre-tax national income 
P80-100 | share | all ages | equal split
";p80p100;1999;0.5394;3.0
Indonesia ;"sptinc_p80p100_999_j_ID
Pre-tax national income 
P80-100 | share | all ages | equal split
";p80p100;2000;0.5414;3.0
Indonesia ;"sptinc_p80p100_999_j_ID
Pre-tax national income 
P80-100 | share | all ages | equal split
";p80p100;2001;0.5502;3.0
Indonesia ;"sptinc_p80p100_999_j_ID
Pre-tax national income 
P80-100 | share | all ages | equal split
";p80p100;2002;0.5511;3.0
Indonesia ;"sptinc_p80p100_999_j_ID
Pre-tax national income 
P80-100 | share | all ages | equal split
";p80p100;2003;0.5517000000000001;3.0
Indonesia ;"sptinc_p80p100_999_j_ID
Pre-tax national income 
P80-100 | share | all ages | equal split
";p80p100;2004;0.5656;3.0
Indonesia ;"sptinc_p80p100_999_j_ID
Pre-tax national income 
P80-100 | share | all ages | equal split
";p80p100;2005;0.5756;3.0
Indonesia ;"sptinc_p80p100_999_j_ID
Pre-tax national income 
P80-100 | share | all ages | equal split
";p80p100;2006;0.5680000000000001;3.0
Indonesia ;"sptinc_p80p100_999_j_ID
Pre-tax national income 
P80-100 | share | all ages | equal split
";p80p100;2007;0.5778;3.0
Indonesia ;"sptinc_p80p100_999_j_ID
Pre-tax national income 
P80-100 | share | all ages | equal split
";p80p100;2008;0.6173000000000001;3.0
Indonesia ;"sptinc_p80p100_999_j_ID
Pre-tax national income 
P80-100 | share | all ages | equal split
";p80p100;2009;0.6276;3.0
Indonesia ;"sptinc_p80p100_999_j_ID
Pre-tax national income 
P80-100 | share | all ages | equal split
";p80p100;2010;0.5855;3.0
Indonesia ;"sptinc_p80p100_999_j_ID
Pre-tax national income 
P80-100 | share | all ages | equal split
";p80p100;2011;0.6016;3.0
Indonesia ;"sptinc_p80p100_999_j_ID
Pre-tax national income 
P80-100 | share | all ages | equal split
";p80p100;2012;0.5953;3.0
Indonesia ;"sptinc_p80p100_999_j_ID
Pre-tax national income 
P80-100 | share | all ages | equal split
";p80p100;2013;0.5879;3.0
Indonesia ;"sptinc_p80p100_999_j_ID
Pre-tax national income 
P80-100 | share | all ages | equal split
";p80p100;2014;0.5861000000000001;3.0
Indonesia ;"sptinc_p80p100_999_j_ID
Pre-tax national income 
P80-100 | share | all ages | equal split
";p80p100;2015;0.5988;3.0
Indonesia ;"sptinc_p80p100_999_j_ID
Pre-tax national income 
P80-100 | share | all ages | equal split
";p80p100;2016;0.5852;3.0
Indonesia ;"sptinc_p80p100_999_j_ID
Pre-tax national income 
P80-100 | share | all ages | equal split
";p80p100;2017;0.5738;3.0
Indonesia ;"sptinc_p80p100_999_j_ID
Pre-tax national income 
P80-100 | share | all ages | equal split
";p80p100;2018;0.6253000000000001;3.0
Indonesia ;"sptinc_p80p100_999_j_ID
Pre-tax national income 
P80-100 | share | all ages | equal split
";p80p100;2019;0.6253000000000001;1.0
Indonesia ;"sptinc_p80p100_999_j_ID
Pre-tax national income 
P80-100 | share | all ages | equal split
";p80p100;2020;0.6253000000000001;1.0
Indonesia ;"sptinc_p80p100_999_j_ID
Pre-tax national income 
P80-100 | share | all ages | equal split
";p80p100;2021;0.6253000000000001;1.0
Indonesia ;"sptinc_p80p100_999_j_ID
Pre-tax national income 
P80-100 | share | all ages | equal split
";p80p100;2022;0.6253000000000001;1.0
Indonesia ;"sptinc_p80p100_999_j_ID
Pre-tax national income 
P80-100 | share | all ages | equal split
";p80p100;2023;0.6253000000000001;1.0
Indonesia ;"sptinc_p80p100_999_j_ID
Pre-tax national income 
P80-100 | share | all ages | equal split
";p80p100;2024;0.6253000000000001;1.0
Iran ;"sptinc_p80p100_999_j_IR
Pre-tax national income 
P80-100 | share | all ages | equal split
";p80p100;1940;0.7101000000000001;0.0
Iran ;"sptinc_p80p100_999_j_IR
Pre-tax national income 
P80-100 | share | all ages | equal split
";p80p100;1941;;
Iran ;"sptinc_p80p100_999_j_IR
Pre-tax national income 
P80-100 | share | all ages | equal split
";p80p100;1942;;
Iran ;"sptinc_p80p100_999_j_IR
Pre-tax national income 
P80-100 | share | all ages | equal split
";p80p100;1943;;
Iran ;"sptinc_p80p100_999_j_IR
Pre-tax national income 
P80-100 | share | all ages | equal split
";p80p100;1944;;
Iran ;"sptinc_p80p100_999_j_IR
Pre-tax national income 
P80-100 | share | all ages | equal split
";p80p100;1945;;
Iran ;"sptinc_p80p100_999_j_IR
Pre-tax national income 
P80-100 | share | all ages | equal split
";p80p100;1946;;
Iran ;"sptinc_p80p100_999_j_IR
Pre-tax national income 
P80-100 | share | all ages | equal split
";p80p100;1947;;
Iran ;"sptinc_p80p100_999_j_IR
Pre-tax national income 
P80-100 | share | all ages | equal split
";p80p100;1948;;
Iran ;"sptinc_p80p100_999_j_IR
Pre-tax national income 
P80-100 | share | all ages | equal split
";p80p100;1949;;
Iran ;"sptinc_p80p100_999_j_IR
Pre-tax national income 
P80-100 | share | all ages | equal split
";p80p100;1950;0.6508;0.0
Iran ;"sptinc_p80p100_999_j_IR
Pre-tax national income 
P80-100 | share | all ages | equal split
";p80p100;1951;;
Iran ;"sptinc_p80p100_999_j_IR
Pre-tax national income 
P80-100 | share | all ages | equal split
";p80p100;1952;;
Iran ;"sptinc_p80p100_999_j_IR
Pre-tax national income 
P80-100 | share | all ages | equal split
";p80p100;1953;;
Iran ;"sptinc_p80p100_999_j_IR
Pre-tax national income 
P80-100 | share | all ages | equal split
";p80p100;1954;;
Iran ;"sptinc_p80p100_999_j_IR
Pre-tax national income 
P80-100 | share | all ages | equal split
";p80p100;1955;;
Iran ;"sptinc_p80p100_999_j_IR
Pre-tax national income 
P80-100 | share | all ages | equal split
";p80p100;1956;;
Iran ;"sptinc_p80p100_999_j_IR
Pre-tax national income 
P80-100 | share | all ages | equal split
";p80p100;1957;;
Iran ;"sptinc_p80p100_999_j_IR
Pre-tax national income 
P80-100 | share | all ages | equal split
";p80p100;1958;;
Iran ;"sptinc_p80p100_999_j_IR
Pre-tax national income 
P80-100 | share | all ages | equal split
";p80p100;1959;;
Iran ;"sptinc_p80p100_999_j_IR
Pre-tax national income 
P80-100 | share | all ages | equal split
";p80p100;1960;0.7073;0.0
Iran ;"sptinc_p80p100_999_j_IR
Pre-tax national income 
P80-100 | share | all ages | equal split
";p80p100;1961;;
Iran ;"sptinc_p80p100_999_j_IR
Pre-tax national income 
P80-100 | share | all ages | equal split
";p80p100;1962;;
Iran ;"sptinc_p80p100_999_j_IR
Pre-tax national income 
P80-100 | share | all ages | equal split
";p80p100;1963;;
Iran ;"sptinc_p80p100_999_j_IR
Pre-tax national income 
P80-100 | share | all ages | equal split
";p80p100;1964;;
Iran ;"sptinc_p80p100_999_j_IR
Pre-tax national income 
P80-100 | share | all ages | equal split
";p80p100;1965;;
Iran ;"sptinc_p80p100_999_j_IR
Pre-tax national income 
P80-100 | share | all ages | equal split
";p80p100;1966;;
Iran ;"sptinc_p80p100_999_j_IR
Pre-tax national income 
P80-100 | share | all ages | equal split
";p80p100;1967;;
Iran ;"sptinc_p80p100_999_j_IR
Pre-tax national income 
P80-100 | share | all ages | equal split
";p80p100;1968;;
Iran ;"sptinc_p80p100_999_j_IR
Pre-tax national income 
P80-100 | share | all ages | equal split
";p80p100;1969;;
Iran ;"sptinc_p80p100_999_j_IR
Pre-tax national income 
P80-100 | share | all ages | equal split
";p80p100;1970;0.7628;0.0
Iran ;"sptinc_p80p100_999_j_IR
Pre-tax national income 
P80-100 | share | all ages | equal split
";p80p100;1971;;
Iran ;"sptinc_p80p100_999_j_IR
Pre-tax national income 
P80-100 | share | all ages | equal split
";p80p100;1972;;
Iran ;"sptinc_p80p100_999_j_IR
Pre-tax national income 
P80-100 | share | all ages | equal split
";p80p100;1973;;
Iran ;"sptinc_p80p100_999_j_IR
Pre-tax national income 
P80-100 | share | all ages | equal split
";p80p100;1974;;
Iran ;"sptinc_p80p100_999_j_IR
Pre-tax national income 
P80-100 | share | all ages | equal split
";p80p100;1975;;
Iran ;"sptinc_p80p100_999_j_IR
Pre-tax national income 
P80-100 | share | all ages | equal split
";p80p100;1976;;
Iran ;"sptinc_p80p100_999_j_IR
Pre-tax national income 
P80-100 | share | all ages | equal split
";p80p100;1977;;
Iran ;"sptinc_p80p100_999_j_IR
Pre-tax national income 
P80-100 | share | all ages | equal split
";p80p100;1978;;
Iran ;"sptinc_p80p100_999_j_IR
Pre-tax national income 
P80-100 | share | all ages | equal split
";p80p100;1979;;
Iran ;"sptinc_p80p100_999_j_IR
Pre-tax national income 
P80-100 | share | all ages | equal split
";p80p100;1980;0.7043;1.0
Iran ;"sptinc_p80p100_999_j_IR
Pre-tax national income 
P80-100 | share | all ages | equal split
";p80p100;1981;0.7043;1.0
Iran ;"sptinc_p80p100_999_j_IR
Pre-tax national income 
P80-100 | share | all ages | equal split
";p80p100;1982;0.7043;1.0
Iran ;"sptinc_p80p100_999_j_IR
Pre-tax national income 
P80-100 | share | all ages | equal split
";p80p100;1983;0.7043;1.0
Iran ;"sptinc_p80p100_999_j_IR
Pre-tax national income 
P80-100 | share | all ages | equal split
";p80p100;1984;0.7043;1.0
Iran ;"sptinc_p80p100_999_j_IR
Pre-tax national income 
P80-100 | share | all ages | equal split
";p80p100;1985;0.7043;1.0
Iran ;"sptinc_p80p100_999_j_IR
Pre-tax national income 
P80-100 | share | all ages | equal split
";p80p100;1986;0.7043;1.0
Iran ;"sptinc_p80p100_999_j_IR
Pre-tax national income 
P80-100 | share | all ages | equal split
";p80p100;1987;0.6967;1.0
Iran ;"sptinc_p80p100_999_j_IR
Pre-tax national income 
P80-100 | share | all ages | equal split
";p80p100;1988;0.6889000000000001;1.0
Iran ;"sptinc_p80p100_999_j_IR
Pre-tax national income 
P80-100 | share | all ages | equal split
";p80p100;1989;0.6808000000000001;1.0
Iran ;"sptinc_p80p100_999_j_IR
Pre-tax national income 
P80-100 | share | all ages | equal split
";p80p100;1990;0.6725;1.0
Iran ;"sptinc_p80p100_999_j_IR
Pre-tax national income 
P80-100 | share | all ages | equal split
";p80p100;1991;0.6721;1.0
Iran ;"sptinc_p80p100_999_j_IR
Pre-tax national income 
P80-100 | share | all ages | equal split
";p80p100;1992;0.6717000000000001;1.0
Iran ;"sptinc_p80p100_999_j_IR
Pre-tax national income 
P80-100 | share | all ages | equal split
";p80p100;1993;0.6713;1.0
Iran ;"sptinc_p80p100_999_j_IR
Pre-tax national income 
P80-100 | share | all ages | equal split
";p80p100;1994;0.671;1.0
Iran ;"sptinc_p80p100_999_j_IR
Pre-tax national income 
P80-100 | share | all ages | equal split
";p80p100;1995;0.6675;1.0
Iran ;"sptinc_p80p100_999_j_IR
Pre-tax national income 
P80-100 | share | all ages | equal split
";p80p100;1996;0.6642;1.0
Iran ;"sptinc_p80p100_999_j_IR
Pre-tax national income 
P80-100 | share | all ages | equal split
";p80p100;1997;0.661;3.0
Iran ;"sptinc_p80p100_999_j_IR
Pre-tax national income 
P80-100 | share | all ages | equal split
";p80p100;1998;0.6635;3.0
Iran ;"sptinc_p80p100_999_j_IR
Pre-tax national income 
P80-100 | share | all ages | equal split
";p80p100;1999;0.6787000000000001;3.0
Iran ;"sptinc_p80p100_999_j_IR
Pre-tax national income 
P80-100 | share | all ages | equal split
";p80p100;2000;0.6811;3.0
Iran ;"sptinc_p80p100_999_j_IR
Pre-tax national income 
P80-100 | share | all ages | equal split
";p80p100;2001;0.664;3.0
Iran ;"sptinc_p80p100_999_j_IR
Pre-tax national income 
P80-100 | share | all ages | equal split
";p80p100;2002;0.6639;3.0
Iran ;"sptinc_p80p100_999_j_IR
Pre-tax national income 
P80-100 | share | all ages | equal split
";p80p100;2003;0.6694;3.0
Iran ;"sptinc_p80p100_999_j_IR
Pre-tax national income 
P80-100 | share | all ages | equal split
";p80p100;2004;0.6699;3.0
Iran ;"sptinc_p80p100_999_j_IR
Pre-tax national income 
P80-100 | share | all ages | equal split
";p80p100;2005;0.6652;3.0
Iran ;"sptinc_p80p100_999_j_IR
Pre-tax national income 
P80-100 | share | all ages | equal split
";p80p100;2006;0.6648000000000001;3.0
Iran ;"sptinc_p80p100_999_j_IR
Pre-tax national income 
P80-100 | share | all ages | equal split
";p80p100;2007;0.672;3.0
Iran ;"sptinc_p80p100_999_j_IR
Pre-tax national income 
P80-100 | share | all ages | equal split
";p80p100;2008;0.6314000000000001;3.0
Iran ;"sptinc_p80p100_999_j_IR
Pre-tax national income 
P80-100 | share | all ages | equal split
";p80p100;2009;0.6288;3.0
Iran ;"sptinc_p80p100_999_j_IR
Pre-tax national income 
P80-100 | share | all ages | equal split
";p80p100;2010;0.6557000000000001;3.0
Iran ;"sptinc_p80p100_999_j_IR
Pre-tax national income 
P80-100 | share | all ages | equal split
";p80p100;2011;0.6;3.0
Iran ;"sptinc_p80p100_999_j_IR
Pre-tax national income 
P80-100 | share | all ages | equal split
";p80p100;2012;0.6368;3.0
Iran ;"sptinc_p80p100_999_j_IR
Pre-tax national income 
P80-100 | share | all ages | equal split
";p80p100;2013;0.6314000000000001;3.0
Iran ;"sptinc_p80p100_999_j_IR
Pre-tax national income 
P80-100 | share | all ages | equal split
";p80p100;2014;0.6218;3.0
Iran ;"sptinc_p80p100_999_j_IR
Pre-tax national income 
P80-100 | share | all ages | equal split
";p80p100;2015;0.606;3.0
Iran ;"sptinc_p80p100_999_j_IR
Pre-tax national income 
P80-100 | share | all ages | equal split
";p80p100;2016;0.5963;3.0
Iran ;"sptinc_p80p100_999_j_IR
Pre-tax national income 
P80-100 | share | all ages | equal split
";p80p100;2017;0.6182000000000001;3.0
Iran ;"sptinc_p80p100_999_j_IR
Pre-tax national income 
P80-100 | share | all ages | equal split
";p80p100;2018;0.6219;3.0
Iran ;"sptinc_p80p100_999_j_IR
Pre-tax national income 
P80-100 | share | all ages | equal split
";p80p100;2019;0.6095;3.0
Iran ;"sptinc_p80p100_999_j_IR
Pre-tax national income 
P80-100 | share | all ages | equal split
";p80p100;2020;0.5974;3.0
Iran ;"sptinc_p80p100_999_j_IR
Pre-tax national income 
P80-100 | share | all ages | equal split
";p80p100;2021;0.5962000000000001;3.0
Iran ;"sptinc_p80p100_999_j_IR
Pre-tax national income 
P80-100 | share | all ages | equal split
";p80p100;2022;0.5906;3.0
Iran ;"sptinc_p80p100_999_j_IR
Pre-tax national income 
P80-100 | share | all ages | equal split
";p80p100;2023;0.6033000000000001;3.0
Iran ;"sptinc_p80p100_999_j_IR
Pre-tax national income 
P80-100 | share | all ages | equal split
";p80p100;2024;0.6033000000000001;1.0
Iraq ;"sptinc_p80p100_999_j_IQ
Pre-tax national income 
P80-100 | share | all ages | equal split
";p80p100;1940;;
Iraq ;"sptinc_p80p100_999_j_IQ
Pre-tax national income 
P80-100 | share | all ages | equal split
";p80p100;1941;;
Iraq ;"sptinc_p80p100_999_j_IQ
Pre-tax national income 
P80-100 | share | all ages | equal split
";p80p100;1942;;
Iraq ;"sptinc_p80p100_999_j_IQ
Pre-tax national income 
P80-100 | share | all ages | equal split
";p80p100;1943;;
Iraq ;"sptinc_p80p100_999_j_IQ
Pre-tax national income 
P80-100 | share | all ages | equal split
";p80p100;1944;;
Iraq ;"sptinc_p80p100_999_j_IQ
Pre-tax national income 
P80-100 | share | all ages | equal split
";p80p100;1945;;
Iraq ;"sptinc_p80p100_999_j_IQ
Pre-tax national income 
P80-100 | share | all ages | equal split
";p80p100;1946;;
Iraq ;"sptinc_p80p100_999_j_IQ
Pre-tax national income 
P80-100 | share | all ages | equal split
";p80p100;1947;;
Iraq ;"sptinc_p80p100_999_j_IQ
Pre-tax national income 
P80-100 | share | all ages | equal split
";p80p100;1948;;
Iraq ;"sptinc_p80p100_999_j_IQ
Pre-tax national income 
P80-100 | share | all ages | equal split
";p80p100;1949;;
Iraq ;"sptinc_p80p100_999_j_IQ
Pre-tax national income 
P80-100 | share | all ages | equal split
";p80p100;1950;;
Iraq ;"sptinc_p80p100_999_j_IQ
Pre-tax national income 
P80-100 | share | all ages | equal split
";p80p100;1951;;
Iraq ;"sptinc_p80p100_999_j_IQ
Pre-tax national income 
P80-100 | share | all ages | equal split
";p80p100;1952;;
Iraq ;"sptinc_p80p100_999_j_IQ
Pre-tax national income 
P80-100 | share | all ages | equal split
";p80p100;1953;;
Iraq ;"sptinc_p80p100_999_j_IQ
Pre-tax national income 
P80-100 | share | all ages | equal split
";p80p100;1954;;
Iraq ;"sptinc_p80p100_999_j_IQ
Pre-tax national income 
P80-100 | share | all ages | equal split
";p80p100;1955;;
Iraq ;"sptinc_p80p100_999_j_IQ
Pre-tax national income 
P80-100 | share | all ages | equal split
";p80p100;1956;;
Iraq ;"sptinc_p80p100_999_j_IQ
Pre-tax national income 
P80-100 | share | all ages | equal split
";p80p100;1957;;
Iraq ;"sptinc_p80p100_999_j_IQ
Pre-tax national income 
P80-100 | share | all ages | equal split
";p80p100;1958;;
Iraq ;"sptinc_p80p100_999_j_IQ
Pre-tax national income 
P80-100 | share | all ages | equal split
";p80p100;1959;;
Iraq ;"sptinc_p80p100_999_j_IQ
Pre-tax national income 
P80-100 | share | all ages | equal split
";p80p100;1960;;
Iraq ;"sptinc_p80p100_999_j_IQ
Pre-tax national income 
P80-100 | share | all ages | equal split
";p80p100;1961;;
Iraq ;"sptinc_p80p100_999_j_IQ
Pre-tax national income 
P80-100 | share | all ages | equal split
";p80p100;1962;;
Iraq ;"sptinc_p80p100_999_j_IQ
Pre-tax national income 
P80-100 | share | all ages | equal split
";p80p100;1963;;
Iraq ;"sptinc_p80p100_999_j_IQ
Pre-tax national income 
P80-100 | share | all ages | equal split
";p80p100;1964;;
Iraq ;"sptinc_p80p100_999_j_IQ
Pre-tax national income 
P80-100 | share | all ages | equal split
";p80p100;1965;;
Iraq ;"sptinc_p80p100_999_j_IQ
Pre-tax national income 
P80-100 | share | all ages | equal split
";p80p100;1966;;
Iraq ;"sptinc_p80p100_999_j_IQ
Pre-tax national income 
P80-100 | share | all ages | equal split
";p80p100;1967;;
Iraq ;"sptinc_p80p100_999_j_IQ
Pre-tax national income 
P80-100 | share | all ages | equal split
";p80p100;1968;;
Iraq ;"sptinc_p80p100_999_j_IQ
Pre-tax national income 
P80-100 | share | all ages | equal split
";p80p100;1969;;
Iraq ;"sptinc_p80p100_999_j_IQ
Pre-tax national income 
P80-100 | share | all ages | equal split
";p80p100;1970;;
Iraq ;"sptinc_p80p100_999_j_IQ
Pre-tax national income 
P80-100 | share | all ages | equal split
";p80p100;1971;;
Iraq ;"sptinc_p80p100_999_j_IQ
Pre-tax national income 
P80-100 | share | all ages | equal split
";p80p100;1972;;
Iraq ;"sptinc_p80p100_999_j_IQ
Pre-tax national income 
P80-100 | share | all ages | equal split
";p80p100;1973;;
Iraq ;"sptinc_p80p100_999_j_IQ
Pre-tax national income 
P80-100 | share | all ages | equal split
";p80p100;1974;;
Iraq ;"sptinc_p80p100_999_j_IQ
Pre-tax national income 
P80-100 | share | all ages | equal split
";p80p100;1975;;
Iraq ;"sptinc_p80p100_999_j_IQ
Pre-tax national income 
P80-100 | share | all ages | equal split
";p80p100;1976;;
Iraq ;"sptinc_p80p100_999_j_IQ
Pre-tax national income 
P80-100 | share | all ages | equal split
";p80p100;1977;;
Iraq ;"sptinc_p80p100_999_j_IQ
Pre-tax national income 
P80-100 | share | all ages | equal split
";p80p100;1978;;
Iraq ;"sptinc_p80p100_999_j_IQ
Pre-tax national income 
P80-100 | share | all ages | equal split
";p80p100;1979;;
Iraq ;"sptinc_p80p100_999_j_IQ
Pre-tax national income 
P80-100 | share | all ages | equal split
";p80p100;1980;0.684;1.0
Iraq ;"sptinc_p80p100_999_j_IQ
Pre-tax national income 
P80-100 | share | all ages | equal split
";p80p100;1981;0.684;1.0
Iraq ;"sptinc_p80p100_999_j_IQ
Pre-tax national income 
P80-100 | share | all ages | equal split
";p80p100;1982;0.684;1.0
Iraq ;"sptinc_p80p100_999_j_IQ
Pre-tax national income 
P80-100 | share | all ages | equal split
";p80p100;1983;0.684;1.0
Iraq ;"sptinc_p80p100_999_j_IQ
Pre-tax national income 
P80-100 | share | all ages | equal split
";p80p100;1984;0.684;1.0
Iraq ;"sptinc_p80p100_999_j_IQ
Pre-tax national income 
P80-100 | share | all ages | equal split
";p80p100;1985;0.684;1.0
Iraq ;"sptinc_p80p100_999_j_IQ
Pre-tax national income 
P80-100 | share | all ages | equal split
";p80p100;1986;0.684;1.0
Iraq ;"sptinc_p80p100_999_j_IQ
Pre-tax national income 
P80-100 | share | all ages | equal split
";p80p100;1987;0.684;1.0
Iraq ;"sptinc_p80p100_999_j_IQ
Pre-tax national income 
P80-100 | share | all ages | equal split
";p80p100;1988;0.684;1.0
Iraq ;"sptinc_p80p100_999_j_IQ
Pre-tax national income 
P80-100 | share | all ages | equal split
";p80p100;1989;0.684;1.0
Iraq ;"sptinc_p80p100_999_j_IQ
Pre-tax national income 
P80-100 | share | all ages | equal split
";p80p100;1990;0.684;1.0
Iraq ;"sptinc_p80p100_999_j_IQ
Pre-tax national income 
P80-100 | share | all ages | equal split
";p80p100;1991;0.684;1.0
Iraq ;"sptinc_p80p100_999_j_IQ
Pre-tax national income 
P80-100 | share | all ages | equal split
";p80p100;1992;0.684;1.0
Iraq ;"sptinc_p80p100_999_j_IQ
Pre-tax national income 
P80-100 | share | all ages | equal split
";p80p100;1993;0.684;1.0
Iraq ;"sptinc_p80p100_999_j_IQ
Pre-tax national income 
P80-100 | share | all ages | equal split
";p80p100;1994;0.684;1.0
Iraq ;"sptinc_p80p100_999_j_IQ
Pre-tax national income 
P80-100 | share | all ages | equal split
";p80p100;1995;0.684;1.0
Iraq ;"sptinc_p80p100_999_j_IQ
Pre-tax national income 
P80-100 | share | all ages | equal split
";p80p100;1996;0.684;1.0
Iraq ;"sptinc_p80p100_999_j_IQ
Pre-tax national income 
P80-100 | share | all ages | equal split
";p80p100;1997;0.684;1.0
Iraq ;"sptinc_p80p100_999_j_IQ
Pre-tax national income 
P80-100 | share | all ages | equal split
";p80p100;1998;0.684;1.0
Iraq ;"sptinc_p80p100_999_j_IQ
Pre-tax national income 
P80-100 | share | all ages | equal split
";p80p100;1999;0.684;1.0
Iraq ;"sptinc_p80p100_999_j_IQ
Pre-tax national income 
P80-100 | share | all ages | equal split
";p80p100;2000;0.684;1.0
Iraq ;"sptinc_p80p100_999_j_IQ
Pre-tax national income 
P80-100 | share | all ages | equal split
";p80p100;2001;0.684;1.0
Iraq ;"sptinc_p80p100_999_j_IQ
Pre-tax national income 
P80-100 | share | all ages | equal split
";p80p100;2002;0.684;1.0
Iraq ;"sptinc_p80p100_999_j_IQ
Pre-tax national income 
P80-100 | share | all ages | equal split
";p80p100;2003;0.684;1.0
Iraq ;"sptinc_p80p100_999_j_IQ
Pre-tax national income 
P80-100 | share | all ages | equal split
";p80p100;2004;0.684;1.0
Iraq ;"sptinc_p80p100_999_j_IQ
Pre-tax national income 
P80-100 | share | all ages | equal split
";p80p100;2005;0.684;1.0
Iraq ;"sptinc_p80p100_999_j_IQ
Pre-tax national income 
P80-100 | share | all ages | equal split
";p80p100;2006;0.684;1.0
Iraq ;"sptinc_p80p100_999_j_IQ
Pre-tax national income 
P80-100 | share | all ages | equal split
";p80p100;2007;0.684;3.0
Iraq ;"sptinc_p80p100_999_j_IQ
Pre-tax national income 
P80-100 | share | all ages | equal split
";p80p100;2008;0.6785;2.0
Iraq ;"sptinc_p80p100_999_j_IQ
Pre-tax national income 
P80-100 | share | all ages | equal split
";p80p100;2009;0.6735;2.0
Iraq ;"sptinc_p80p100_999_j_IQ
Pre-tax national income 
P80-100 | share | all ages | equal split
";p80p100;2010;0.6688000000000001;2.0
Iraq ;"sptinc_p80p100_999_j_IQ
Pre-tax national income 
P80-100 | share | all ages | equal split
";p80p100;2011;0.6645;3.0
Iraq ;"sptinc_p80p100_999_j_IQ
Pre-tax national income 
P80-100 | share | all ages | equal split
";p80p100;2012;0.6605000000000001;3.0
Iraq ;"sptinc_p80p100_999_j_IQ
Pre-tax national income 
P80-100 | share | all ages | equal split
";p80p100;2013;0.6011000000000001;3.0
Iraq ;"sptinc_p80p100_999_j_IQ
Pre-tax national income 
P80-100 | share | all ages | equal split
";p80p100;2014;0.6179;2.0
Iraq ;"sptinc_p80p100_999_j_IQ
Pre-tax national income 
P80-100 | share | all ages | equal split
";p80p100;2015;0.6352;2.0
Iraq ;"sptinc_p80p100_999_j_IQ
Pre-tax national income 
P80-100 | share | all ages | equal split
";p80p100;2016;0.6529;2.0
Iraq ;"sptinc_p80p100_999_j_IQ
Pre-tax national income 
P80-100 | share | all ages | equal split
";p80p100;2017;0.6712;2.0
Iraq ;"sptinc_p80p100_999_j_IQ
Pre-tax national income 
P80-100 | share | all ages | equal split
";p80p100;2018;0.6900000000000001;2.0
Iraq ;"sptinc_p80p100_999_j_IQ
Pre-tax national income 
P80-100 | share | all ages | equal split
";p80p100;2019;0.7092;2.0
Iraq ;"sptinc_p80p100_999_j_IQ
Pre-tax national income 
P80-100 | share | all ages | equal split
";p80p100;2020;0.7291000000000001;2.0
Iraq ;"sptinc_p80p100_999_j_IQ
Pre-tax national income 
P80-100 | share | all ages | equal split
";p80p100;2021;0.7495;2.0
Iraq ;"sptinc_p80p100_999_j_IQ
Pre-tax national income 
P80-100 | share | all ages | equal split
";p80p100;2022;0.7706000000000001;2.0
Iraq ;"sptinc_p80p100_999_j_IQ
Pre-tax national income 
P80-100 | share | all ages | equal split
";p80p100;2023;0.7868;2.0
Iraq ;"sptinc_p80p100_999_j_IQ
Pre-tax national income 
P80-100 | share | all ages | equal split
";p80p100;2024;0.8038000000000001;3.0
Ireland ;"sptinc_p80p100_999_j_IE
Pre-tax national income 
P80-100 | share | all ages | equal split
";p80p100;1940;0.539;3.0
Ireland ;"sptinc_p80p100_999_j_IE
Pre-tax national income 
P80-100 | share | all ages | equal split
";p80p100;1941;0.5334;3.0
Ireland ;"sptinc_p80p100_999_j_IE
Pre-tax national income 
P80-100 | share | all ages | equal split
";p80p100;1942;0.5252;3.0
Ireland ;"sptinc_p80p100_999_j_IE
Pre-tax national income 
P80-100 | share | all ages | equal split
";p80p100;1943;0.514;3.0
Ireland ;"sptinc_p80p100_999_j_IE
Pre-tax national income 
P80-100 | share | all ages | equal split
";p80p100;1944;0.5123;3.0
Ireland ;"sptinc_p80p100_999_j_IE
Pre-tax national income 
P80-100 | share | all ages | equal split
";p80p100;1945;0.5057;3.0
Ireland ;"sptinc_p80p100_999_j_IE
Pre-tax national income 
P80-100 | share | all ages | equal split
";p80p100;1946;0.5014000000000001;3.0
Ireland ;"sptinc_p80p100_999_j_IE
Pre-tax national income 
P80-100 | share | all ages | equal split
";p80p100;1947;0.4947;3.0
Ireland ;"sptinc_p80p100_999_j_IE
Pre-tax national income 
P80-100 | share | all ages | equal split
";p80p100;1948;0.4859;3.0
Ireland ;"sptinc_p80p100_999_j_IE
Pre-tax national income 
P80-100 | share | all ages | equal split
";p80p100;1949;0.4789;3.0
Ireland ;"sptinc_p80p100_999_j_IE
Pre-tax national income 
P80-100 | share | all ages | equal split
";p80p100;1950;0.471;3.0
Ireland ;"sptinc_p80p100_999_j_IE
Pre-tax national income 
P80-100 | share | all ages | equal split
";p80p100;1951;0.4694;3.0
Ireland ;"sptinc_p80p100_999_j_IE
Pre-tax national income 
P80-100 | share | all ages | equal split
";p80p100;1952;0.4721;3.0
Ireland ;"sptinc_p80p100_999_j_IE
Pre-tax national income 
P80-100 | share | all ages | equal split
";p80p100;1953;0.4684;3.0
Ireland ;"sptinc_p80p100_999_j_IE
Pre-tax national income 
P80-100 | share | all ages | equal split
";p80p100;1954;;
Ireland ;"sptinc_p80p100_999_j_IE
Pre-tax national income 
P80-100 | share | all ages | equal split
";p80p100;1955;;
Ireland ;"sptinc_p80p100_999_j_IE
Pre-tax national income 
P80-100 | share | all ages | equal split
";p80p100;1956;;
Ireland ;"sptinc_p80p100_999_j_IE
Pre-tax national income 
P80-100 | share | all ages | equal split
";p80p100;1957;;
Ireland ;"sptinc_p80p100_999_j_IE
Pre-tax national income 
P80-100 | share | all ages | equal split
";p80p100;1958;;
Ireland ;"sptinc_p80p100_999_j_IE
Pre-tax national income 
P80-100 | share | all ages | equal split
";p80p100;1959;;
Ireland ;"sptinc_p80p100_999_j_IE
Pre-tax national income 
P80-100 | share | all ages | equal split
";p80p100;1960;;
Ireland ;"sptinc_p80p100_999_j_IE
Pre-tax national income 
P80-100 | share | all ages | equal split
";p80p100;1961;;
Ireland ;"sptinc_p80p100_999_j_IE
Pre-tax national income 
P80-100 | share | all ages | equal split
";p80p100;1962;;
Ireland ;"sptinc_p80p100_999_j_IE
Pre-tax national income 
P80-100 | share | all ages | equal split
";p80p100;1963;;
Ireland ;"sptinc_p80p100_999_j_IE
Pre-tax national income 
P80-100 | share | all ages | equal split
";p80p100;1964;0.4705;3.0
Ireland ;"sptinc_p80p100_999_j_IE
Pre-tax national income 
P80-100 | share | all ages | equal split
";p80p100;1965;0.4706;3.0
Ireland ;"sptinc_p80p100_999_j_IE
Pre-tax national income 
P80-100 | share | all ages | equal split
";p80p100;1966;0.4703;3.0
Ireland ;"sptinc_p80p100_999_j_IE
Pre-tax national income 
P80-100 | share | all ages | equal split
";p80p100;1967;0.4679;3.0
Ireland ;"sptinc_p80p100_999_j_IE
Pre-tax national income 
P80-100 | share | all ages | equal split
";p80p100;1968;0.4644;3.0
Ireland ;"sptinc_p80p100_999_j_IE
Pre-tax national income 
P80-100 | share | all ages | equal split
";p80p100;1969;0.4617;3.0
Ireland ;"sptinc_p80p100_999_j_IE
Pre-tax national income 
P80-100 | share | all ages | equal split
";p80p100;1970;0.4602;3.0
Ireland ;"sptinc_p80p100_999_j_IE
Pre-tax national income 
P80-100 | share | all ages | equal split
";p80p100;1971;0.4577;3.0
Ireland ;"sptinc_p80p100_999_j_IE
Pre-tax national income 
P80-100 | share | all ages | equal split
";p80p100;1972;0.4586;3.0
Ireland ;"sptinc_p80p100_999_j_IE
Pre-tax national income 
P80-100 | share | all ages | equal split
";p80p100;1973;0.4516;3.0
Ireland ;"sptinc_p80p100_999_j_IE
Pre-tax national income 
P80-100 | share | all ages | equal split
";p80p100;1974;;
Ireland ;"sptinc_p80p100_999_j_IE
Pre-tax national income 
P80-100 | share | all ages | equal split
";p80p100;1975;0.4527;3.0
Ireland ;"sptinc_p80p100_999_j_IE
Pre-tax national income 
P80-100 | share | all ages | equal split
";p80p100;1976;0.4474;3.0
Ireland ;"sptinc_p80p100_999_j_IE
Pre-tax national income 
P80-100 | share | all ages | equal split
";p80p100;1977;0.4467;3.0
Ireland ;"sptinc_p80p100_999_j_IE
Pre-tax national income 
P80-100 | share | all ages | equal split
";p80p100;1978;0.4474;3.0
Ireland ;"sptinc_p80p100_999_j_IE
Pre-tax national income 
P80-100 | share | all ages | equal split
";p80p100;1979;0.4534;3.0
Ireland ;"sptinc_p80p100_999_j_IE
Pre-tax national income 
P80-100 | share | all ages | equal split
";p80p100;1980;0.4552;4.0
Ireland ;"sptinc_p80p100_999_j_IE
Pre-tax national income 
P80-100 | share | all ages | equal split
";p80p100;1981;0.4513;4.0
Ireland ;"sptinc_p80p100_999_j_IE
Pre-tax national income 
P80-100 | share | all ages | equal split
";p80p100;1982;0.4644;4.0
Ireland ;"sptinc_p80p100_999_j_IE
Pre-tax national income 
P80-100 | share | all ages | equal split
";p80p100;1983;0.4701;4.0
Ireland ;"sptinc_p80p100_999_j_IE
Pre-tax national income 
P80-100 | share | all ages | equal split
";p80p100;1984;0.4585;4.0
Ireland ;"sptinc_p80p100_999_j_IE
Pre-tax national income 
P80-100 | share | all ages | equal split
";p80p100;1985;0.4567;4.0
Ireland ;"sptinc_p80p100_999_j_IE
Pre-tax national income 
P80-100 | share | all ages | equal split
";p80p100;1986;0.4545;4.0
Ireland ;"sptinc_p80p100_999_j_IE
Pre-tax national income 
P80-100 | share | all ages | equal split
";p80p100;1987;0.4578;4.0
Ireland ;"sptinc_p80p100_999_j_IE
Pre-tax national income 
P80-100 | share | all ages | equal split
";p80p100;1988;0.4516;4.0
Ireland ;"sptinc_p80p100_999_j_IE
Pre-tax national income 
P80-100 | share | all ages | equal split
";p80p100;1989;0.4529;4.0
Ireland ;"sptinc_p80p100_999_j_IE
Pre-tax national income 
P80-100 | share | all ages | equal split
";p80p100;1990;0.4545;4.0
Ireland ;"sptinc_p80p100_999_j_IE
Pre-tax national income 
P80-100 | share | all ages | equal split
";p80p100;1991;0.4648;4.0
Ireland ;"sptinc_p80p100_999_j_IE
Pre-tax national income 
P80-100 | share | all ages | equal split
";p80p100;1992;0.4709;4.0
Ireland ;"sptinc_p80p100_999_j_IE
Pre-tax national income 
P80-100 | share | all ages | equal split
";p80p100;1993;0.4696;4.0
Ireland ;"sptinc_p80p100_999_j_IE
Pre-tax national income 
P80-100 | share | all ages | equal split
";p80p100;1994;0.4815;4.0
Ireland ;"sptinc_p80p100_999_j_IE
Pre-tax national income 
P80-100 | share | all ages | equal split
";p80p100;1995;0.4768;4.0
Ireland ;"sptinc_p80p100_999_j_IE
Pre-tax national income 
P80-100 | share | all ages | equal split
";p80p100;1996;0.4591;4.0
Ireland ;"sptinc_p80p100_999_j_IE
Pre-tax national income 
P80-100 | share | all ages | equal split
";p80p100;1997;0.4734;4.0
Ireland ;"sptinc_p80p100_999_j_IE
Pre-tax national income 
P80-100 | share | all ages | equal split
";p80p100;1998;0.4941;4.0
Ireland ;"sptinc_p80p100_999_j_IE
Pre-tax national income 
P80-100 | share | all ages | equal split
";p80p100;1999;0.4881;4.0
Ireland ;"sptinc_p80p100_999_j_IE
Pre-tax national income 
P80-100 | share | all ages | equal split
";p80p100;2000;0.5017;4.0
Ireland ;"sptinc_p80p100_999_j_IE
Pre-tax national income 
P80-100 | share | all ages | equal split
";p80p100;2001;0.493;4.0
Ireland ;"sptinc_p80p100_999_j_IE
Pre-tax national income 
P80-100 | share | all ages | equal split
";p80p100;2002;0.492;4.0
Ireland ;"sptinc_p80p100_999_j_IE
Pre-tax national income 
P80-100 | share | all ages | equal split
";p80p100;2003;0.5001;4.0
Ireland ;"sptinc_p80p100_999_j_IE
Pre-tax national income 
P80-100 | share | all ages | equal split
";p80p100;2004;0.5013000000000001;4.0
Ireland ;"sptinc_p80p100_999_j_IE
Pre-tax national income 
P80-100 | share | all ages | equal split
";p80p100;2005;0.5055000000000001;4.0
Ireland ;"sptinc_p80p100_999_j_IE
Pre-tax national income 
P80-100 | share | all ages | equal split
";p80p100;2006;0.5128;4.0
Ireland ;"sptinc_p80p100_999_j_IE
Pre-tax national income 
P80-100 | share | all ages | equal split
";p80p100;2007;0.5114000000000001;4.0
Ireland ;"sptinc_p80p100_999_j_IE
Pre-tax national income 
P80-100 | share | all ages | equal split
";p80p100;2008;0.4844;4.0
Ireland ;"sptinc_p80p100_999_j_IE
Pre-tax national income 
P80-100 | share | all ages | equal split
";p80p100;2009;0.4731;4.0
Ireland ;"sptinc_p80p100_999_j_IE
Pre-tax national income 
P80-100 | share | all ages | equal split
";p80p100;2010;0.4774;4.0
Ireland ;"sptinc_p80p100_999_j_IE
Pre-tax national income 
P80-100 | share | all ages | equal split
";p80p100;2011;0.4806;4.0
Ireland ;"sptinc_p80p100_999_j_IE
Pre-tax national income 
P80-100 | share | all ages | equal split
";p80p100;2012;0.4684;4.0
Ireland ;"sptinc_p80p100_999_j_IE
Pre-tax national income 
P80-100 | share | all ages | equal split
";p80p100;2013;0.4842;4.0
Ireland ;"sptinc_p80p100_999_j_IE
Pre-tax national income 
P80-100 | share | all ages | equal split
";p80p100;2014;0.4888;4.0
Ireland ;"sptinc_p80p100_999_j_IE
Pre-tax national income 
P80-100 | share | all ages | equal split
";p80p100;2015;0.5089;4.0
Ireland ;"sptinc_p80p100_999_j_IE
Pre-tax national income 
P80-100 | share | all ages | equal split
";p80p100;2016;0.5133;3.0
Ireland ;"sptinc_p80p100_999_j_IE
Pre-tax national income 
P80-100 | share | all ages | equal split
";p80p100;2017;0.5021;3.0
Ireland ;"sptinc_p80p100_999_j_IE
Pre-tax national income 
P80-100 | share | all ages | equal split
";p80p100;2018;0.5109;3.0
Ireland ;"sptinc_p80p100_999_j_IE
Pre-tax national income 
P80-100 | share | all ages | equal split
";p80p100;2019;0.5163;3.0
Ireland ;"sptinc_p80p100_999_j_IE
Pre-tax national income 
P80-100 | share | all ages | equal split
";p80p100;2020;0.5163;3.0
Ireland ;"sptinc_p80p100_999_j_IE
Pre-tax national income 
P80-100 | share | all ages | equal split
";p80p100;2021;0.5173;3.0
Ireland ;"sptinc_p80p100_999_j_IE
Pre-tax national income 
P80-100 | share | all ages | equal split
";p80p100;2022;0.5177;3.0
Ireland ;"sptinc_p80p100_999_j_IE
Pre-tax national income 
P80-100 | share | all ages | equal split
";p80p100;2023;0.5174;3.0
Ireland ;"sptinc_p80p100_999_j_IE
Pre-tax national income 
P80-100 | share | all ages | equal split
";p80p100;2024;0.5174;1.0
Isle of Man ;"sptinc_p80p100_999_j_IM
Pre-tax national income 
P80-100 | share | all ages | equal split
";p80p100;1940;;
Isle of Man ;"sptinc_p80p100_999_j_IM
Pre-tax national income 
P80-100 | share | all ages | equal split
";p80p100;1941;;
Isle of Man ;"sptinc_p80p100_999_j_IM
Pre-tax national income 
P80-100 | share | all ages | equal split
";p80p100;1942;;
Isle of Man ;"sptinc_p80p100_999_j_IM
Pre-tax national income 
P80-100 | share | all ages | equal split
";p80p100;1943;;
Isle of Man ;"sptinc_p80p100_999_j_IM
Pre-tax national income 
P80-100 | share | all ages | equal split
";p80p100;1944;;
Isle of Man ;"sptinc_p80p100_999_j_IM
Pre-tax national income 
P80-100 | share | all ages | equal split
";p80p100;1945;;
Isle of Man ;"sptinc_p80p100_999_j_IM
Pre-tax national income 
P80-100 | share | all ages | equal split
";p80p100;1946;;
Isle of Man ;"sptinc_p80p100_999_j_IM
Pre-tax national income 
P80-100 | share | all ages | equal split
";p80p100;1947;;
Isle of Man ;"sptinc_p80p100_999_j_IM
Pre-tax national income 
P80-100 | share | all ages | equal split
";p80p100;1948;;
Isle of Man ;"sptinc_p80p100_999_j_IM
Pre-tax national income 
P80-100 | share | all ages | equal split
";p80p100;1949;;
Isle of Man ;"sptinc_p80p100_999_j_IM
Pre-tax national income 
P80-100 | share | all ages | equal split
";p80p100;1950;;
Isle of Man ;"sptinc_p80p100_999_j_IM
Pre-tax national income 
P80-100 | share | all ages | equal split
";p80p100;1951;;
Isle of Man ;"sptinc_p80p100_999_j_IM
Pre-tax national income 
P80-100 | share | all ages | equal split
";p80p100;1952;;
Isle of Man ;"sptinc_p80p100_999_j_IM
Pre-tax national income 
P80-100 | share | all ages | equal split
";p80p100;1953;;
Isle of Man ;"sptinc_p80p100_999_j_IM
Pre-tax national income 
P80-100 | share | all ages | equal split
";p80p100;1954;;
Isle of Man ;"sptinc_p80p100_999_j_IM
Pre-tax national income 
P80-100 | share | all ages | equal split
";p80p100;1955;;
Isle of Man ;"sptinc_p80p100_999_j_IM
Pre-tax national income 
P80-100 | share | all ages | equal split
";p80p100;1956;;
Isle of Man ;"sptinc_p80p100_999_j_IM
Pre-tax national income 
P80-100 | share | all ages | equal split
";p80p100;1957;;
Isle of Man ;"sptinc_p80p100_999_j_IM
Pre-tax national income 
P80-100 | share | all ages | equal split
";p80p100;1958;;
Isle of Man ;"sptinc_p80p100_999_j_IM
Pre-tax national income 
P80-100 | share | all ages | equal split
";p80p100;1959;;
Isle of Man ;"sptinc_p80p100_999_j_IM
Pre-tax national income 
P80-100 | share | all ages | equal split
";p80p100;1960;;
Isle of Man ;"sptinc_p80p100_999_j_IM
Pre-tax national income 
P80-100 | share | all ages | equal split
";p80p100;1961;;
Isle of Man ;"sptinc_p80p100_999_j_IM
Pre-tax national income 
P80-100 | share | all ages | equal split
";p80p100;1962;;
Isle of Man ;"sptinc_p80p100_999_j_IM
Pre-tax national income 
P80-100 | share | all ages | equal split
";p80p100;1963;;
Isle of Man ;"sptinc_p80p100_999_j_IM
Pre-tax national income 
P80-100 | share | all ages | equal split
";p80p100;1964;;
Isle of Man ;"sptinc_p80p100_999_j_IM
Pre-tax national income 
P80-100 | share | all ages | equal split
";p80p100;1965;;
Isle of Man ;"sptinc_p80p100_999_j_IM
Pre-tax national income 
P80-100 | share | all ages | equal split
";p80p100;1966;;
Isle of Man ;"sptinc_p80p100_999_j_IM
Pre-tax national income 
P80-100 | share | all ages | equal split
";p80p100;1967;;
Isle of Man ;"sptinc_p80p100_999_j_IM
Pre-tax national income 
P80-100 | share | all ages | equal split
";p80p100;1968;;
Isle of Man ;"sptinc_p80p100_999_j_IM
Pre-tax national income 
P80-100 | share | all ages | equal split
";p80p100;1969;;
Isle of Man ;"sptinc_p80p100_999_j_IM
Pre-tax national income 
P80-100 | share | all ages | equal split
";p80p100;1970;;
Isle of Man ;"sptinc_p80p100_999_j_IM
Pre-tax national income 
P80-100 | share | all ages | equal split
";p80p100;1971;;
Isle of Man ;"sptinc_p80p100_999_j_IM
Pre-tax national income 
P80-100 | share | all ages | equal split
";p80p100;1972;;
Isle of Man ;"sptinc_p80p100_999_j_IM
Pre-tax national income 
P80-100 | share | all ages | equal split
";p80p100;1973;;
Isle of Man ;"sptinc_p80p100_999_j_IM
Pre-tax national income 
P80-100 | share | all ages | equal split
";p80p100;1974;;
Isle of Man ;"sptinc_p80p100_999_j_IM
Pre-tax national income 
P80-100 | share | all ages | equal split
";p80p100;1975;;
Isle of Man ;"sptinc_p80p100_999_j_IM
Pre-tax national income 
P80-100 | share | all ages | equal split
";p80p100;1976;;
Isle of Man ;"sptinc_p80p100_999_j_IM
Pre-tax national income 
P80-100 | share | all ages | equal split
";p80p100;1977;;
Isle of Man ;"sptinc_p80p100_999_j_IM
Pre-tax national income 
P80-100 | share | all ages | equal split
";p80p100;1978;;
Isle of Man ;"sptinc_p80p100_999_j_IM
Pre-tax national income 
P80-100 | share | all ages | equal split
";p80p100;1979;;
Isle of Man ;"sptinc_p80p100_999_j_IM
Pre-tax national income 
P80-100 | share | all ages | equal split
";p80p100;1980;0.4797;0.0
Isle of Man ;"sptinc_p80p100_999_j_IM
Pre-tax national income 
P80-100 | share | all ages | equal split
";p80p100;1981;0.4817;0.0
Isle of Man ;"sptinc_p80p100_999_j_IM
Pre-tax national income 
P80-100 | share | all ages | equal split
";p80p100;1982;0.4815;0.0
Isle of Man ;"sptinc_p80p100_999_j_IM
Pre-tax national income 
P80-100 | share | all ages | equal split
";p80p100;1983;0.4818;0.0
Isle of Man ;"sptinc_p80p100_999_j_IM
Pre-tax national income 
P80-100 | share | all ages | equal split
";p80p100;1984;0.4853;0.0
Isle of Man ;"sptinc_p80p100_999_j_IM
Pre-tax national income 
P80-100 | share | all ages | equal split
";p80p100;1985;0.4878;0.0
Isle of Man ;"sptinc_p80p100_999_j_IM
Pre-tax national income 
P80-100 | share | all ages | equal split
";p80p100;1986;0.4839;0.0
Isle of Man ;"sptinc_p80p100_999_j_IM
Pre-tax national income 
P80-100 | share | all ages | equal split
";p80p100;1987;0.482;0.0
Isle of Man ;"sptinc_p80p100_999_j_IM
Pre-tax national income 
P80-100 | share | all ages | equal split
";p80p100;1988;0.4797;0.0
Isle of Man ;"sptinc_p80p100_999_j_IM
Pre-tax national income 
P80-100 | share | all ages | equal split
";p80p100;1989;0.4788;0.0
Isle of Man ;"sptinc_p80p100_999_j_IM
Pre-tax national income 
P80-100 | share | all ages | equal split
";p80p100;1990;0.4798;0.0
Isle of Man ;"sptinc_p80p100_999_j_IM
Pre-tax national income 
P80-100 | share | all ages | equal split
";p80p100;1991;0.4776;0.0
Isle of Man ;"sptinc_p80p100_999_j_IM
Pre-tax national income 
P80-100 | share | all ages | equal split
";p80p100;1992;0.4848;0.0
Isle of Man ;"sptinc_p80p100_999_j_IM
Pre-tax national income 
P80-100 | share | all ages | equal split
";p80p100;1993;0.4896;0.0
Isle of Man ;"sptinc_p80p100_999_j_IM
Pre-tax national income 
P80-100 | share | all ages | equal split
";p80p100;1994;0.4957;0.0
Isle of Man ;"sptinc_p80p100_999_j_IM
Pre-tax national income 
P80-100 | share | all ages | equal split
";p80p100;1995;0.4935;0.0
Isle of Man ;"sptinc_p80p100_999_j_IM
Pre-tax national income 
P80-100 | share | all ages | equal split
";p80p100;1996;0.4953;0.0
Isle of Man ;"sptinc_p80p100_999_j_IM
Pre-tax national income 
P80-100 | share | all ages | equal split
";p80p100;1997;0.5022;0.0
Isle of Man ;"sptinc_p80p100_999_j_IM
Pre-tax national income 
P80-100 | share | all ages | equal split
";p80p100;1998;0.5024000000000001;0.0
Isle of Man ;"sptinc_p80p100_999_j_IM
Pre-tax national income 
P80-100 | share | all ages | equal split
";p80p100;1999;0.5029;0.0
Isle of Man ;"sptinc_p80p100_999_j_IM
Pre-tax national income 
P80-100 | share | all ages | equal split
";p80p100;2000;0.5091;0.0
Isle of Man ;"sptinc_p80p100_999_j_IM
Pre-tax national income 
P80-100 | share | all ages | equal split
";p80p100;2001;0.5064000000000001;0.0
Isle of Man ;"sptinc_p80p100_999_j_IM
Pre-tax national income 
P80-100 | share | all ages | equal split
";p80p100;2002;0.5013000000000001;0.0
Isle of Man ;"sptinc_p80p100_999_j_IM
Pre-tax national income 
P80-100 | share | all ages | equal split
";p80p100;2003;0.5014000000000001;0.0
Isle of Man ;"sptinc_p80p100_999_j_IM
Pre-tax national income 
P80-100 | share | all ages | equal split
";p80p100;2004;0.5037;0.0
Isle of Man ;"sptinc_p80p100_999_j_IM
Pre-tax national income 
P80-100 | share | all ages | equal split
";p80p100;2005;0.5076;0.0
Isle of Man ;"sptinc_p80p100_999_j_IM
Pre-tax national income 
P80-100 | share | all ages | equal split
";p80p100;2006;0.5133;0.0
Isle of Man ;"sptinc_p80p100_999_j_IM
Pre-tax national income 
P80-100 | share | all ages | equal split
";p80p100;2007;0.5142;0.0
Isle of Man ;"sptinc_p80p100_999_j_IM
Pre-tax national income 
P80-100 | share | all ages | equal split
";p80p100;2008;0.4988;0.0
Isle of Man ;"sptinc_p80p100_999_j_IM
Pre-tax national income 
P80-100 | share | all ages | equal split
";p80p100;2009;0.4921;0.0
Isle of Man ;"sptinc_p80p100_999_j_IM
Pre-tax national income 
P80-100 | share | all ages | equal split
";p80p100;2010;0.5096;0.0
Isle of Man ;"sptinc_p80p100_999_j_IM
Pre-tax national income 
P80-100 | share | all ages | equal split
";p80p100;2011;0.5087;0.0
Isle of Man ;"sptinc_p80p100_999_j_IM
Pre-tax national income 
P80-100 | share | all ages | equal split
";p80p100;2012;0.5038;0.0
Isle of Man ;"sptinc_p80p100_999_j_IM
Pre-tax national income 
P80-100 | share | all ages | equal split
";p80p100;2013;0.5075000000000001;0.0
Isle of Man ;"sptinc_p80p100_999_j_IM
Pre-tax national income 
P80-100 | share | all ages | equal split
";p80p100;2014;0.5114000000000001;0.0
Isle of Man ;"sptinc_p80p100_999_j_IM
Pre-tax national income 
P80-100 | share | all ages | equal split
";p80p100;2015;0.511;0.0
Isle of Man ;"sptinc_p80p100_999_j_IM
Pre-tax national income 
P80-100 | share | all ages | equal split
";p80p100;2016;0.5122;0.0
Isle of Man ;"sptinc_p80p100_999_j_IM
Pre-tax national income 
P80-100 | share | all ages | equal split
";p80p100;2017;0.5126000000000001;0.0
Isle of Man ;"sptinc_p80p100_999_j_IM
Pre-tax national income 
P80-100 | share | all ages | equal split
";p80p100;2018;0.5117;0.0
Isle of Man ;"sptinc_p80p100_999_j_IM
Pre-tax national income 
P80-100 | share | all ages | equal split
";p80p100;2019;0.5098;0.0
Isle of Man ;"sptinc_p80p100_999_j_IM
Pre-tax national income 
P80-100 | share | all ages | equal split
";p80p100;2020;0.5089;0.0
Isle of Man ;"sptinc_p80p100_999_j_IM
Pre-tax national income 
P80-100 | share | all ages | equal split
";p80p100;2021;0.5131;0.0
Isle of Man ;"sptinc_p80p100_999_j_IM
Pre-tax national income 
P80-100 | share | all ages | equal split
";p80p100;2022;0.5139;0.0
Isle of Man ;"sptinc_p80p100_999_j_IM
Pre-tax national income 
P80-100 | share | all ages | equal split
";p80p100;2023;0.5139;0.0
Isle of Man ;"sptinc_p80p100_999_j_IM
Pre-tax national income 
P80-100 | share | all ages | equal split
";p80p100;2024;0.5139;0.0
Israel ;"sptinc_p80p100_999_j_IL
Pre-tax national income 
P80-100 | share | all ages | equal split
";p80p100;1940;;
Israel ;"sptinc_p80p100_999_j_IL
Pre-tax national income 
P80-100 | share | all ages | equal split
";p80p100;1941;;
Israel ;"sptinc_p80p100_999_j_IL
Pre-tax national income 
P80-100 | share | all ages | equal split
";p80p100;1942;;
Israel ;"sptinc_p80p100_999_j_IL
Pre-tax national income 
P80-100 | share | all ages | equal split
";p80p100;1943;;
Israel ;"sptinc_p80p100_999_j_IL
Pre-tax national income 
P80-100 | share | all ages | equal split
";p80p100;1944;;
Israel ;"sptinc_p80p100_999_j_IL
Pre-tax national income 
P80-100 | share | all ages | equal split
";p80p100;1945;;
Israel ;"sptinc_p80p100_999_j_IL
Pre-tax national income 
P80-100 | share | all ages | equal split
";p80p100;1946;;
Israel ;"sptinc_p80p100_999_j_IL
Pre-tax national income 
P80-100 | share | all ages | equal split
";p80p100;1947;;
Israel ;"sptinc_p80p100_999_j_IL
Pre-tax national income 
P80-100 | share | all ages | equal split
";p80p100;1948;;
Israel ;"sptinc_p80p100_999_j_IL
Pre-tax national income 
P80-100 | share | all ages | equal split
";p80p100;1949;;
Israel ;"sptinc_p80p100_999_j_IL
Pre-tax national income 
P80-100 | share | all ages | equal split
";p80p100;1950;;
Israel ;"sptinc_p80p100_999_j_IL
Pre-tax national income 
P80-100 | share | all ages | equal split
";p80p100;1951;;
Israel ;"sptinc_p80p100_999_j_IL
Pre-tax national income 
P80-100 | share | all ages | equal split
";p80p100;1952;;
Israel ;"sptinc_p80p100_999_j_IL
Pre-tax national income 
P80-100 | share | all ages | equal split
";p80p100;1953;;
Israel ;"sptinc_p80p100_999_j_IL
Pre-tax national income 
P80-100 | share | all ages | equal split
";p80p100;1954;;
Israel ;"sptinc_p80p100_999_j_IL
Pre-tax national income 
P80-100 | share | all ages | equal split
";p80p100;1955;;
Israel ;"sptinc_p80p100_999_j_IL
Pre-tax national income 
P80-100 | share | all ages | equal split
";p80p100;1956;;
Israel ;"sptinc_p80p100_999_j_IL
Pre-tax national income 
P80-100 | share | all ages | equal split
";p80p100;1957;;
Israel ;"sptinc_p80p100_999_j_IL
Pre-tax national income 
P80-100 | share | all ages | equal split
";p80p100;1958;;
Israel ;"sptinc_p80p100_999_j_IL
Pre-tax national income 
P80-100 | share | all ages | equal split
";p80p100;1959;;
Israel ;"sptinc_p80p100_999_j_IL
Pre-tax national income 
P80-100 | share | all ages | equal split
";p80p100;1960;;
Israel ;"sptinc_p80p100_999_j_IL
Pre-tax national income 
P80-100 | share | all ages | equal split
";p80p100;1961;;
Israel ;"sptinc_p80p100_999_j_IL
Pre-tax national income 
P80-100 | share | all ages | equal split
";p80p100;1962;;
Israel ;"sptinc_p80p100_999_j_IL
Pre-tax national income 
P80-100 | share | all ages | equal split
";p80p100;1963;;
Israel ;"sptinc_p80p100_999_j_IL
Pre-tax national income 
P80-100 | share | all ages | equal split
";p80p100;1964;;
Israel ;"sptinc_p80p100_999_j_IL
Pre-tax national income 
P80-100 | share | all ages | equal split
";p80p100;1965;;
Israel ;"sptinc_p80p100_999_j_IL
Pre-tax national income 
P80-100 | share | all ages | equal split
";p80p100;1966;;
Israel ;"sptinc_p80p100_999_j_IL
Pre-tax national income 
P80-100 | share | all ages | equal split
";p80p100;1967;;
Israel ;"sptinc_p80p100_999_j_IL
Pre-tax national income 
P80-100 | share | all ages | equal split
";p80p100;1968;;
Israel ;"sptinc_p80p100_999_j_IL
Pre-tax national income 
P80-100 | share | all ages | equal split
";p80p100;1969;;
Israel ;"sptinc_p80p100_999_j_IL
Pre-tax national income 
P80-100 | share | all ages | equal split
";p80p100;1970;;
Israel ;"sptinc_p80p100_999_j_IL
Pre-tax national income 
P80-100 | share | all ages | equal split
";p80p100;1971;;
Israel ;"sptinc_p80p100_999_j_IL
Pre-tax national income 
P80-100 | share | all ages | equal split
";p80p100;1972;;
Israel ;"sptinc_p80p100_999_j_IL
Pre-tax national income 
P80-100 | share | all ages | equal split
";p80p100;1973;;
Israel ;"sptinc_p80p100_999_j_IL
Pre-tax national income 
P80-100 | share | all ages | equal split
";p80p100;1974;;
Israel ;"sptinc_p80p100_999_j_IL
Pre-tax national income 
P80-100 | share | all ages | equal split
";p80p100;1975;;
Israel ;"sptinc_p80p100_999_j_IL
Pre-tax national income 
P80-100 | share | all ages | equal split
";p80p100;1976;;
Israel ;"sptinc_p80p100_999_j_IL
Pre-tax national income 
P80-100 | share | all ages | equal split
";p80p100;1977;;
Israel ;"sptinc_p80p100_999_j_IL
Pre-tax national income 
P80-100 | share | all ages | equal split
";p80p100;1978;;
Israel ;"sptinc_p80p100_999_j_IL
Pre-tax national income 
P80-100 | share | all ages | equal split
";p80p100;1979;0.6399;3.0
Israel ;"sptinc_p80p100_999_j_IL
Pre-tax national income 
P80-100 | share | all ages | equal split
";p80p100;1980;0.6396000000000001;2.0
Israel ;"sptinc_p80p100_999_j_IL
Pre-tax national income 
P80-100 | share | all ages | equal split
";p80p100;1981;0.6393;2.0
Israel ;"sptinc_p80p100_999_j_IL
Pre-tax national income 
P80-100 | share | all ages | equal split
";p80p100;1982;0.6391;2.0
Israel ;"sptinc_p80p100_999_j_IL
Pre-tax national income 
P80-100 | share | all ages | equal split
";p80p100;1983;0.6388;2.0
Israel ;"sptinc_p80p100_999_j_IL
Pre-tax national income 
P80-100 | share | all ages | equal split
";p80p100;1984;0.6386000000000001;2.0
Israel ;"sptinc_p80p100_999_j_IL
Pre-tax national income 
P80-100 | share | all ages | equal split
";p80p100;1985;0.6383;2.0
Israel ;"sptinc_p80p100_999_j_IL
Pre-tax national income 
P80-100 | share | all ages | equal split
";p80p100;1986;0.6381;2.0
Israel ;"sptinc_p80p100_999_j_IL
Pre-tax national income 
P80-100 | share | all ages | equal split
";p80p100;1987;0.6392;2.0
Israel ;"sptinc_p80p100_999_j_IL
Pre-tax national income 
P80-100 | share | all ages | equal split
";p80p100;1988;0.6402;2.0
Israel ;"sptinc_p80p100_999_j_IL
Pre-tax national income 
P80-100 | share | all ages | equal split
";p80p100;1989;0.6412;2.0
Israel ;"sptinc_p80p100_999_j_IL
Pre-tax national income 
P80-100 | share | all ages | equal split
";p80p100;1990;0.6421;2.0
Israel ;"sptinc_p80p100_999_j_IL
Pre-tax national income 
P80-100 | share | all ages | equal split
";p80p100;1991;0.6429;2.0
Israel ;"sptinc_p80p100_999_j_IL
Pre-tax national income 
P80-100 | share | all ages | equal split
";p80p100;1992;0.6437;3.0
Israel ;"sptinc_p80p100_999_j_IL
Pre-tax national income 
P80-100 | share | all ages | equal split
";p80p100;1993;0.6453;2.0
Israel ;"sptinc_p80p100_999_j_IL
Pre-tax national income 
P80-100 | share | all ages | equal split
";p80p100;1994;0.6469;2.0
Israel ;"sptinc_p80p100_999_j_IL
Pre-tax national income 
P80-100 | share | all ages | equal split
";p80p100;1995;0.6484;2.0
Israel ;"sptinc_p80p100_999_j_IL
Pre-tax national income 
P80-100 | share | all ages | equal split
";p80p100;1996;0.6498;3.0
Israel ;"sptinc_p80p100_999_j_IL
Pre-tax national income 
P80-100 | share | all ages | equal split
";p80p100;1997;0.6512;3.0
Israel ;"sptinc_p80p100_999_j_IL
Pre-tax national income 
P80-100 | share | all ages | equal split
";p80p100;1998;0.6523;2.0
Israel ;"sptinc_p80p100_999_j_IL
Pre-tax national income 
P80-100 | share | all ages | equal split
";p80p100;1999;0.6533;2.0
Israel ;"sptinc_p80p100_999_j_IL
Pre-tax national income 
P80-100 | share | all ages | equal split
";p80p100;2000;0.6543;2.0
Israel ;"sptinc_p80p100_999_j_IL
Pre-tax national income 
P80-100 | share | all ages | equal split
";p80p100;2001;0.6553;3.0
Israel ;"sptinc_p80p100_999_j_IL
Pre-tax national income 
P80-100 | share | all ages | equal split
";p80p100;2002;0.6581;2.0
Israel ;"sptinc_p80p100_999_j_IL
Pre-tax national income 
P80-100 | share | all ages | equal split
";p80p100;2003;0.6609;2.0
Israel ;"sptinc_p80p100_999_j_IL
Pre-tax national income 
P80-100 | share | all ages | equal split
";p80p100;2004;0.6636000000000001;2.0
Israel ;"sptinc_p80p100_999_j_IL
Pre-tax national income 
P80-100 | share | all ages | equal split
";p80p100;2005;0.6662;3.0
Israel ;"sptinc_p80p100_999_j_IL
Pre-tax national income 
P80-100 | share | all ages | equal split
";p80p100;2006;0.6659;2.0
Israel ;"sptinc_p80p100_999_j_IL
Pre-tax national income 
P80-100 | share | all ages | equal split
";p80p100;2007;0.6657000000000001;3.0
Israel ;"sptinc_p80p100_999_j_IL
Pre-tax national income 
P80-100 | share | all ages | equal split
";p80p100;2008;0.6667000000000001;2.0
Israel ;"sptinc_p80p100_999_j_IL
Pre-tax national income 
P80-100 | share | all ages | equal split
";p80p100;2009;0.6676000000000001;2.0
Israel ;"sptinc_p80p100_999_j_IL
Pre-tax national income 
P80-100 | share | all ages | equal split
";p80p100;2010;0.6685;3.0
Israel ;"sptinc_p80p100_999_j_IL
Pre-tax national income 
P80-100 | share | all ages | equal split
";p80p100;2011;0.6648000000000001;2.0
Israel ;"sptinc_p80p100_999_j_IL
Pre-tax national income 
P80-100 | share | all ages | equal split
";p80p100;2012;0.6611;3.0
Israel ;"sptinc_p80p100_999_j_IL
Pre-tax national income 
P80-100 | share | all ages | equal split
";p80p100;2013;0.6525000000000001;2.0
Israel ;"sptinc_p80p100_999_j_IL
Pre-tax national income 
P80-100 | share | all ages | equal split
";p80p100;2014;0.6442;3.0
Israel ;"sptinc_p80p100_999_j_IL
Pre-tax national income 
P80-100 | share | all ages | equal split
";p80p100;2015;0.6415000000000001;2.0
Israel ;"sptinc_p80p100_999_j_IL
Pre-tax national income 
P80-100 | share | all ages | equal split
";p80p100;2016;0.6388;3.0
Israel ;"sptinc_p80p100_999_j_IL
Pre-tax national income 
P80-100 | share | all ages | equal split
";p80p100;2017;0.6388;1.0
Israel ;"sptinc_p80p100_999_j_IL
Pre-tax national income 
P80-100 | share | all ages | equal split
";p80p100;2018;0.6388;1.0
Israel ;"sptinc_p80p100_999_j_IL
Pre-tax national income 
P80-100 | share | all ages | equal split
";p80p100;2019;0.6388;1.0
Israel ;"sptinc_p80p100_999_j_IL
Pre-tax national income 
P80-100 | share | all ages | equal split
";p80p100;2020;0.6388;1.0
Israel ;"sptinc_p80p100_999_j_IL
Pre-tax national income 
P80-100 | share | all ages | equal split
";p80p100;2021;0.6388;1.0
Israel ;"sptinc_p80p100_999_j_IL
Pre-tax national income 
P80-100 | share | all ages | equal split
";p80p100;2022;0.6388;1.0
Israel ;"sptinc_p80p100_999_j_IL
Pre-tax national income 
P80-100 | share | all ages | equal split
";p80p100;2023;0.6388;1.0
Israel ;"sptinc_p80p100_999_j_IL
Pre-tax national income 
P80-100 | share | all ages | equal split
";p80p100;2024;0.6388;1.0
Italy ;"sptinc_p80p100_999_j_IT
Pre-tax national income 
P80-100 | share | all ages | equal split
";p80p100;1940;0.539;0.0
Italy ;"sptinc_p80p100_999_j_IT
Pre-tax national income 
P80-100 | share | all ages | equal split
";p80p100;1941;;
Italy ;"sptinc_p80p100_999_j_IT
Pre-tax national income 
P80-100 | share | all ages | equal split
";p80p100;1942;;
Italy ;"sptinc_p80p100_999_j_IT
Pre-tax national income 
P80-100 | share | all ages | equal split
";p80p100;1943;;
Italy ;"sptinc_p80p100_999_j_IT
Pre-tax national income 
P80-100 | share | all ages | equal split
";p80p100;1944;;
Italy ;"sptinc_p80p100_999_j_IT
Pre-tax national income 
P80-100 | share | all ages | equal split
";p80p100;1945;;
Italy ;"sptinc_p80p100_999_j_IT
Pre-tax national income 
P80-100 | share | all ages | equal split
";p80p100;1946;;
Italy ;"sptinc_p80p100_999_j_IT
Pre-tax national income 
P80-100 | share | all ages | equal split
";p80p100;1947;;
Italy ;"sptinc_p80p100_999_j_IT
Pre-tax national income 
P80-100 | share | all ages | equal split
";p80p100;1948;;
Italy ;"sptinc_p80p100_999_j_IT
Pre-tax national income 
P80-100 | share | all ages | equal split
";p80p100;1949;;
Italy ;"sptinc_p80p100_999_j_IT
Pre-tax national income 
P80-100 | share | all ages | equal split
";p80p100;1950;0.471;0.0
Italy ;"sptinc_p80p100_999_j_IT
Pre-tax national income 
P80-100 | share | all ages | equal split
";p80p100;1951;;
Italy ;"sptinc_p80p100_999_j_IT
Pre-tax national income 
P80-100 | share | all ages | equal split
";p80p100;1952;;
Italy ;"sptinc_p80p100_999_j_IT
Pre-tax national income 
P80-100 | share | all ages | equal split
";p80p100;1953;;
Italy ;"sptinc_p80p100_999_j_IT
Pre-tax national income 
P80-100 | share | all ages | equal split
";p80p100;1954;;
Italy ;"sptinc_p80p100_999_j_IT
Pre-tax national income 
P80-100 | share | all ages | equal split
";p80p100;1955;;
Italy ;"sptinc_p80p100_999_j_IT
Pre-tax national income 
P80-100 | share | all ages | equal split
";p80p100;1956;;
Italy ;"sptinc_p80p100_999_j_IT
Pre-tax national income 
P80-100 | share | all ages | equal split
";p80p100;1957;;
Italy ;"sptinc_p80p100_999_j_IT
Pre-tax national income 
P80-100 | share | all ages | equal split
";p80p100;1958;;
Italy ;"sptinc_p80p100_999_j_IT
Pre-tax national income 
P80-100 | share | all ages | equal split
";p80p100;1959;;
Italy ;"sptinc_p80p100_999_j_IT
Pre-tax national income 
P80-100 | share | all ages | equal split
";p80p100;1960;0.4777;0.0
Italy ;"sptinc_p80p100_999_j_IT
Pre-tax national income 
P80-100 | share | all ages | equal split
";p80p100;1961;;
Italy ;"sptinc_p80p100_999_j_IT
Pre-tax national income 
P80-100 | share | all ages | equal split
";p80p100;1962;;
Italy ;"sptinc_p80p100_999_j_IT
Pre-tax national income 
P80-100 | share | all ages | equal split
";p80p100;1963;;
Italy ;"sptinc_p80p100_999_j_IT
Pre-tax national income 
P80-100 | share | all ages | equal split
";p80p100;1964;;
Italy ;"sptinc_p80p100_999_j_IT
Pre-tax national income 
P80-100 | share | all ages | equal split
";p80p100;1965;;
Italy ;"sptinc_p80p100_999_j_IT
Pre-tax national income 
P80-100 | share | all ages | equal split
";p80p100;1966;;
Italy ;"sptinc_p80p100_999_j_IT
Pre-tax national income 
P80-100 | share | all ages | equal split
";p80p100;1967;;
Italy ;"sptinc_p80p100_999_j_IT
Pre-tax national income 
P80-100 | share | all ages | equal split
";p80p100;1968;;
Italy ;"sptinc_p80p100_999_j_IT
Pre-tax national income 
P80-100 | share | all ages | equal split
";p80p100;1969;;
Italy ;"sptinc_p80p100_999_j_IT
Pre-tax national income 
P80-100 | share | all ages | equal split
";p80p100;1970;0.388;0.0
Italy ;"sptinc_p80p100_999_j_IT
Pre-tax national income 
P80-100 | share | all ages | equal split
";p80p100;1971;;
Italy ;"sptinc_p80p100_999_j_IT
Pre-tax national income 
P80-100 | share | all ages | equal split
";p80p100;1972;;
Italy ;"sptinc_p80p100_999_j_IT
Pre-tax national income 
P80-100 | share | all ages | equal split
";p80p100;1973;;
Italy ;"sptinc_p80p100_999_j_IT
Pre-tax national income 
P80-100 | share | all ages | equal split
";p80p100;1974;0.4106;3.0
Italy ;"sptinc_p80p100_999_j_IT
Pre-tax national income 
P80-100 | share | all ages | equal split
";p80p100;1975;0.4057;3.0
Italy ;"sptinc_p80p100_999_j_IT
Pre-tax national income 
P80-100 | share | all ages | equal split
";p80p100;1976;0.4009;3.0
Italy ;"sptinc_p80p100_999_j_IT
Pre-tax national income 
P80-100 | share | all ages | equal split
";p80p100;1977;0.3958;3.0
Italy ;"sptinc_p80p100_999_j_IT
Pre-tax national income 
P80-100 | share | all ages | equal split
";p80p100;1978;0.3911;3.0
Italy ;"sptinc_p80p100_999_j_IT
Pre-tax national income 
P80-100 | share | all ages | equal split
";p80p100;1979;0.3862;3.0
Italy ;"sptinc_p80p100_999_j_IT
Pre-tax national income 
P80-100 | share | all ages | equal split
";p80p100;1980;0.393;3.0
Italy ;"sptinc_p80p100_999_j_IT
Pre-tax national income 
P80-100 | share | all ages | equal split
";p80p100;1981;0.3868;4.0
Italy ;"sptinc_p80p100_999_j_IT
Pre-tax national income 
P80-100 | share | all ages | equal split
";p80p100;1982;0.3904;4.0
Italy ;"sptinc_p80p100_999_j_IT
Pre-tax national income 
P80-100 | share | all ages | equal split
";p80p100;1983;0.3886;4.0
Italy ;"sptinc_p80p100_999_j_IT
Pre-tax national income 
P80-100 | share | all ages | equal split
";p80p100;1984;0.3932;4.0
Italy ;"sptinc_p80p100_999_j_IT
Pre-tax national income 
P80-100 | share | all ages | equal split
";p80p100;1985;0.3978;4.0
Italy ;"sptinc_p80p100_999_j_IT
Pre-tax national income 
P80-100 | share | all ages | equal split
";p80p100;1986;0.4079;4.0
Italy ;"sptinc_p80p100_999_j_IT
Pre-tax national income 
P80-100 | share | all ages | equal split
";p80p100;1987;0.412;4.0
Italy ;"sptinc_p80p100_999_j_IT
Pre-tax national income 
P80-100 | share | all ages | equal split
";p80p100;1988;0.4208;4.0
Italy ;"sptinc_p80p100_999_j_IT
Pre-tax national income 
P80-100 | share | all ages | equal split
";p80p100;1989;0.4253;4.0
Italy ;"sptinc_p80p100_999_j_IT
Pre-tax national income 
P80-100 | share | all ages | equal split
";p80p100;1990;0.4287;4.0
Italy ;"sptinc_p80p100_999_j_IT
Pre-tax national income 
P80-100 | share | all ages | equal split
";p80p100;1991;0.4262;4.0
Italy ;"sptinc_p80p100_999_j_IT
Pre-tax national income 
P80-100 | share | all ages | equal split
";p80p100;1992;0.4294;4.0
Italy ;"sptinc_p80p100_999_j_IT
Pre-tax national income 
P80-100 | share | all ages | equal split
";p80p100;1993;0.4354;4.0
Italy ;"sptinc_p80p100_999_j_IT
Pre-tax national income 
P80-100 | share | all ages | equal split
";p80p100;1994;0.4357;4.0
Italy ;"sptinc_p80p100_999_j_IT
Pre-tax national income 
P80-100 | share | all ages | equal split
";p80p100;1995;0.4439;4.0
Italy ;"sptinc_p80p100_999_j_IT
Pre-tax national income 
P80-100 | share | all ages | equal split
";p80p100;1996;0.4497;4.0
Italy ;"sptinc_p80p100_999_j_IT
Pre-tax national income 
P80-100 | share | all ages | equal split
";p80p100;1997;0.4519;4.0
Italy ;"sptinc_p80p100_999_j_IT
Pre-tax national income 
P80-100 | share | all ages | equal split
";p80p100;1998;0.4594;4.0
Italy ;"sptinc_p80p100_999_j_IT
Pre-tax national income 
P80-100 | share | all ages | equal split
";p80p100;1999;0.4583;4.0
Italy ;"sptinc_p80p100_999_j_IT
Pre-tax national income 
P80-100 | share | all ages | equal split
";p80p100;2000;0.4664;4.0
Italy ;"sptinc_p80p100_999_j_IT
Pre-tax national income 
P80-100 | share | all ages | equal split
";p80p100;2001;0.4697;4.0
Italy ;"sptinc_p80p100_999_j_IT
Pre-tax national income 
P80-100 | share | all ages | equal split
";p80p100;2002;0.4628;4.0
Italy ;"sptinc_p80p100_999_j_IT
Pre-tax national income 
P80-100 | share | all ages | equal split
";p80p100;2003;0.4644;4.0
Italy ;"sptinc_p80p100_999_j_IT
Pre-tax national income 
P80-100 | share | all ages | equal split
";p80p100;2004;0.4582;4.0
Italy ;"sptinc_p80p100_999_j_IT
Pre-tax national income 
P80-100 | share | all ages | equal split
";p80p100;2005;0.4644;4.0
Italy ;"sptinc_p80p100_999_j_IT
Pre-tax national income 
P80-100 | share | all ages | equal split
";p80p100;2006;0.4649;4.0
Italy ;"sptinc_p80p100_999_j_IT
Pre-tax national income 
P80-100 | share | all ages | equal split
";p80p100;2007;0.4664;4.0
Italy ;"sptinc_p80p100_999_j_IT
Pre-tax national income 
P80-100 | share | all ages | equal split
";p80p100;2008;0.4654;4.0
Italy ;"sptinc_p80p100_999_j_IT
Pre-tax national income 
P80-100 | share | all ages | equal split
";p80p100;2009;0.4618;4.0
Italy ;"sptinc_p80p100_999_j_IT
Pre-tax national income 
P80-100 | share | all ages | equal split
";p80p100;2010;0.4666;4.0
Italy ;"sptinc_p80p100_999_j_IT
Pre-tax national income 
P80-100 | share | all ages | equal split
";p80p100;2011;0.4694;4.0
Italy ;"sptinc_p80p100_999_j_IT
Pre-tax national income 
P80-100 | share | all ages | equal split
";p80p100;2012;0.4693;4.0
Italy ;"sptinc_p80p100_999_j_IT
Pre-tax national income 
P80-100 | share | all ages | equal split
";p80p100;2013;0.4661;4.0
Italy ;"sptinc_p80p100_999_j_IT
Pre-tax national income 
P80-100 | share | all ages | equal split
";p80p100;2014;0.4672;4.0
Italy ;"sptinc_p80p100_999_j_IT
Pre-tax national income 
P80-100 | share | all ages | equal split
";p80p100;2015;0.4669;4.0
Italy ;"sptinc_p80p100_999_j_IT
Pre-tax national income 
P80-100 | share | all ages | equal split
";p80p100;2016;0.4781;4.0
Italy ;"sptinc_p80p100_999_j_IT
Pre-tax national income 
P80-100 | share | all ages | equal split
";p80p100;2017;0.484;4.0
Italy ;"sptinc_p80p100_999_j_IT
Pre-tax national income 
P80-100 | share | all ages | equal split
";p80p100;2018;0.4845;4.0
Italy ;"sptinc_p80p100_999_j_IT
Pre-tax national income 
P80-100 | share | all ages | equal split
";p80p100;2019;0.4829;3.0
Italy ;"sptinc_p80p100_999_j_IT
Pre-tax national income 
P80-100 | share | all ages | equal split
";p80p100;2020;0.4829;3.0
Italy ;"sptinc_p80p100_999_j_IT
Pre-tax national income 
P80-100 | share | all ages | equal split
";p80p100;2021;0.4751;3.0
Italy ;"sptinc_p80p100_999_j_IT
Pre-tax national income 
P80-100 | share | all ages | equal split
";p80p100;2022;0.4725;3.0
Italy ;"sptinc_p80p100_999_j_IT
Pre-tax national income 
P80-100 | share | all ages | equal split
";p80p100;2023;0.4738;3.0
Italy ;"sptinc_p80p100_999_j_IT
Pre-tax national income 
P80-100 | share | all ages | equal split
";p80p100;2024;0.4738;1.0
Jamaica ;"sptinc_p80p100_999_j_JM
Pre-tax national income 
P80-100 | share | all ages | equal split
";p80p100;1940;;
Jamaica ;"sptinc_p80p100_999_j_JM
Pre-tax national income 
P80-100 | share | all ages | equal split
";p80p100;1941;;
Jamaica ;"sptinc_p80p100_999_j_JM
Pre-tax national income 
P80-100 | share | all ages | equal split
";p80p100;1942;;
Jamaica ;"sptinc_p80p100_999_j_JM
Pre-tax national income 
P80-100 | share | all ages | equal split
";p80p100;1943;;
Jamaica ;"sptinc_p80p100_999_j_JM
Pre-tax national income 
P80-100 | share | all ages | equal split
";p80p100;1944;;
Jamaica ;"sptinc_p80p100_999_j_JM
Pre-tax national income 
P80-100 | share | all ages | equal split
";p80p100;1945;;
Jamaica ;"sptinc_p80p100_999_j_JM
Pre-tax national income 
P80-100 | share | all ages | equal split
";p80p100;1946;;
Jamaica ;"sptinc_p80p100_999_j_JM
Pre-tax national income 
P80-100 | share | all ages | equal split
";p80p100;1947;;
Jamaica ;"sptinc_p80p100_999_j_JM
Pre-tax national income 
P80-100 | share | all ages | equal split
";p80p100;1948;;
Jamaica ;"sptinc_p80p100_999_j_JM
Pre-tax national income 
P80-100 | share | all ages | equal split
";p80p100;1949;;
Jamaica ;"sptinc_p80p100_999_j_JM
Pre-tax national income 
P80-100 | share | all ages | equal split
";p80p100;1950;;
Jamaica ;"sptinc_p80p100_999_j_JM
Pre-tax national income 
P80-100 | share | all ages | equal split
";p80p100;1951;;
Jamaica ;"sptinc_p80p100_999_j_JM
Pre-tax national income 
P80-100 | share | all ages | equal split
";p80p100;1952;;
Jamaica ;"sptinc_p80p100_999_j_JM
Pre-tax national income 
P80-100 | share | all ages | equal split
";p80p100;1953;;
Jamaica ;"sptinc_p80p100_999_j_JM
Pre-tax national income 
P80-100 | share | all ages | equal split
";p80p100;1954;;
Jamaica ;"sptinc_p80p100_999_j_JM
Pre-tax national income 
P80-100 | share | all ages | equal split
";p80p100;1955;;
Jamaica ;"sptinc_p80p100_999_j_JM
Pre-tax national income 
P80-100 | share | all ages | equal split
";p80p100;1956;;
Jamaica ;"sptinc_p80p100_999_j_JM
Pre-tax national income 
P80-100 | share | all ages | equal split
";p80p100;1957;;
Jamaica ;"sptinc_p80p100_999_j_JM
Pre-tax national income 
P80-100 | share | all ages | equal split
";p80p100;1958;;
Jamaica ;"sptinc_p80p100_999_j_JM
Pre-tax national income 
P80-100 | share | all ages | equal split
";p80p100;1959;;
Jamaica ;"sptinc_p80p100_999_j_JM
Pre-tax national income 
P80-100 | share | all ages | equal split
";p80p100;1960;;
Jamaica ;"sptinc_p80p100_999_j_JM
Pre-tax national income 
P80-100 | share | all ages | equal split
";p80p100;1961;;
Jamaica ;"sptinc_p80p100_999_j_JM
Pre-tax national income 
P80-100 | share | all ages | equal split
";p80p100;1962;;
Jamaica ;"sptinc_p80p100_999_j_JM
Pre-tax national income 
P80-100 | share | all ages | equal split
";p80p100;1963;;
Jamaica ;"sptinc_p80p100_999_j_JM
Pre-tax national income 
P80-100 | share | all ages | equal split
";p80p100;1964;;
Jamaica ;"sptinc_p80p100_999_j_JM
Pre-tax national income 
P80-100 | share | all ages | equal split
";p80p100;1965;;
Jamaica ;"sptinc_p80p100_999_j_JM
Pre-tax national income 
P80-100 | share | all ages | equal split
";p80p100;1966;;
Jamaica ;"sptinc_p80p100_999_j_JM
Pre-tax national income 
P80-100 | share | all ages | equal split
";p80p100;1967;;
Jamaica ;"sptinc_p80p100_999_j_JM
Pre-tax national income 
P80-100 | share | all ages | equal split
";p80p100;1968;;
Jamaica ;"sptinc_p80p100_999_j_JM
Pre-tax national income 
P80-100 | share | all ages | equal split
";p80p100;1969;;
Jamaica ;"sptinc_p80p100_999_j_JM
Pre-tax national income 
P80-100 | share | all ages | equal split
";p80p100;1970;;
Jamaica ;"sptinc_p80p100_999_j_JM
Pre-tax national income 
P80-100 | share | all ages | equal split
";p80p100;1971;;
Jamaica ;"sptinc_p80p100_999_j_JM
Pre-tax national income 
P80-100 | share | all ages | equal split
";p80p100;1972;;
Jamaica ;"sptinc_p80p100_999_j_JM
Pre-tax national income 
P80-100 | share | all ages | equal split
";p80p100;1973;;
Jamaica ;"sptinc_p80p100_999_j_JM
Pre-tax national income 
P80-100 | share | all ages | equal split
";p80p100;1974;;
Jamaica ;"sptinc_p80p100_999_j_JM
Pre-tax national income 
P80-100 | share | all ages | equal split
";p80p100;1975;;
Jamaica ;"sptinc_p80p100_999_j_JM
Pre-tax national income 
P80-100 | share | all ages | equal split
";p80p100;1976;;
Jamaica ;"sptinc_p80p100_999_j_JM
Pre-tax national income 
P80-100 | share | all ages | equal split
";p80p100;1977;;
Jamaica ;"sptinc_p80p100_999_j_JM
Pre-tax national income 
P80-100 | share | all ages | equal split
";p80p100;1978;;
Jamaica ;"sptinc_p80p100_999_j_JM
Pre-tax national income 
P80-100 | share | all ages | equal split
";p80p100;1979;;
Jamaica ;"sptinc_p80p100_999_j_JM
Pre-tax national income 
P80-100 | share | all ages | equal split
";p80p100;1980;0.7045;0.0
Jamaica ;"sptinc_p80p100_999_j_JM
Pre-tax national income 
P80-100 | share | all ages | equal split
";p80p100;1981;0.7045;0.0
Jamaica ;"sptinc_p80p100_999_j_JM
Pre-tax national income 
P80-100 | share | all ages | equal split
";p80p100;1982;0.7045;0.0
Jamaica ;"sptinc_p80p100_999_j_JM
Pre-tax national income 
P80-100 | share | all ages | equal split
";p80p100;1983;0.7045;0.0
Jamaica ;"sptinc_p80p100_999_j_JM
Pre-tax national income 
P80-100 | share | all ages | equal split
";p80p100;1984;0.7045;0.0
Jamaica ;"sptinc_p80p100_999_j_JM
Pre-tax national income 
P80-100 | share | all ages | equal split
";p80p100;1985;0.7045;0.0
Jamaica ;"sptinc_p80p100_999_j_JM
Pre-tax national income 
P80-100 | share | all ages | equal split
";p80p100;1986;0.7045;0.0
Jamaica ;"sptinc_p80p100_999_j_JM
Pre-tax national income 
P80-100 | share | all ages | equal split
";p80p100;1987;0.7045;0.0
Jamaica ;"sptinc_p80p100_999_j_JM
Pre-tax national income 
P80-100 | share | all ages | equal split
";p80p100;1988;0.7045;0.0
Jamaica ;"sptinc_p80p100_999_j_JM
Pre-tax national income 
P80-100 | share | all ages | equal split
";p80p100;1989;0.7045;0.0
Jamaica ;"sptinc_p80p100_999_j_JM
Pre-tax national income 
P80-100 | share | all ages | equal split
";p80p100;1990;0.7045;0.0
Jamaica ;"sptinc_p80p100_999_j_JM
Pre-tax national income 
P80-100 | share | all ages | equal split
";p80p100;1991;0.7045;0.0
Jamaica ;"sptinc_p80p100_999_j_JM
Pre-tax national income 
P80-100 | share | all ages | equal split
";p80p100;1992;0.7045;0.0
Jamaica ;"sptinc_p80p100_999_j_JM
Pre-tax national income 
P80-100 | share | all ages | equal split
";p80p100;1993;0.7045;0.0
Jamaica ;"sptinc_p80p100_999_j_JM
Pre-tax national income 
P80-100 | share | all ages | equal split
";p80p100;1994;0.7045;0.0
Jamaica ;"sptinc_p80p100_999_j_JM
Pre-tax national income 
P80-100 | share | all ages | equal split
";p80p100;1995;0.7045;0.0
Jamaica ;"sptinc_p80p100_999_j_JM
Pre-tax national income 
P80-100 | share | all ages | equal split
";p80p100;1996;0.7045;0.0
Jamaica ;"sptinc_p80p100_999_j_JM
Pre-tax national income 
P80-100 | share | all ages | equal split
";p80p100;1997;0.7045;0.0
Jamaica ;"sptinc_p80p100_999_j_JM
Pre-tax national income 
P80-100 | share | all ages | equal split
";p80p100;1998;0.7045;0.0
Jamaica ;"sptinc_p80p100_999_j_JM
Pre-tax national income 
P80-100 | share | all ages | equal split
";p80p100;1999;0.7045;0.0
Jamaica ;"sptinc_p80p100_999_j_JM
Pre-tax national income 
P80-100 | share | all ages | equal split
";p80p100;2000;0.7045;0.0
Jamaica ;"sptinc_p80p100_999_j_JM
Pre-tax national income 
P80-100 | share | all ages | equal split
";p80p100;2001;0.7130000000000001;0.0
Jamaica ;"sptinc_p80p100_999_j_JM
Pre-tax national income 
P80-100 | share | all ages | equal split
";p80p100;2002;0.7109000000000001;0.0
Jamaica ;"sptinc_p80p100_999_j_JM
Pre-tax national income 
P80-100 | share | all ages | equal split
";p80p100;2003;0.7069000000000001;0.0
Jamaica ;"sptinc_p80p100_999_j_JM
Pre-tax national income 
P80-100 | share | all ages | equal split
";p80p100;2004;0.7035;0.0
Jamaica ;"sptinc_p80p100_999_j_JM
Pre-tax national income 
P80-100 | share | all ages | equal split
";p80p100;2005;0.7021000000000001;0.0
Jamaica ;"sptinc_p80p100_999_j_JM
Pre-tax national income 
P80-100 | share | all ages | equal split
";p80p100;2006;0.6978000000000001;0.0
Jamaica ;"sptinc_p80p100_999_j_JM
Pre-tax national income 
P80-100 | share | all ages | equal split
";p80p100;2007;0.7043;0.0
Jamaica ;"sptinc_p80p100_999_j_JM
Pre-tax national income 
P80-100 | share | all ages | equal split
";p80p100;2008;0.6968000000000001;0.0
Jamaica ;"sptinc_p80p100_999_j_JM
Pre-tax national income 
P80-100 | share | all ages | equal split
";p80p100;2009;0.6902;0.0
Jamaica ;"sptinc_p80p100_999_j_JM
Pre-tax national income 
P80-100 | share | all ages | equal split
";p80p100;2010;0.6897;0.0
Jamaica ;"sptinc_p80p100_999_j_JM
Pre-tax national income 
P80-100 | share | all ages | equal split
";p80p100;2011;0.6831;0.0
Jamaica ;"sptinc_p80p100_999_j_JM
Pre-tax national income 
P80-100 | share | all ages | equal split
";p80p100;2012;0.677;0.0
Jamaica ;"sptinc_p80p100_999_j_JM
Pre-tax national income 
P80-100 | share | all ages | equal split
";p80p100;2013;0.6814;0.0
Jamaica ;"sptinc_p80p100_999_j_JM
Pre-tax national income 
P80-100 | share | all ages | equal split
";p80p100;2014;0.6761;0.0
Jamaica ;"sptinc_p80p100_999_j_JM
Pre-tax national income 
P80-100 | share | all ages | equal split
";p80p100;2015;0.6736000000000001;0.0
Jamaica ;"sptinc_p80p100_999_j_JM
Pre-tax national income 
P80-100 | share | all ages | equal split
";p80p100;2016;0.6738000000000001;0.0
Jamaica ;"sptinc_p80p100_999_j_JM
Pre-tax national income 
P80-100 | share | all ages | equal split
";p80p100;2017;0.6751;0.0
Jamaica ;"sptinc_p80p100_999_j_JM
Pre-tax national income 
P80-100 | share | all ages | equal split
";p80p100;2018;0.6765;0.0
Jamaica ;"sptinc_p80p100_999_j_JM
Pre-tax national income 
P80-100 | share | all ages | equal split
";p80p100;2019;0.6728000000000001;0.0
Jamaica ;"sptinc_p80p100_999_j_JM
Pre-tax national income 
P80-100 | share | all ages | equal split
";p80p100;2020;0.6896;0.0
Jamaica ;"sptinc_p80p100_999_j_JM
Pre-tax national income 
P80-100 | share | all ages | equal split
";p80p100;2021;0.6794;0.0
Jamaica ;"sptinc_p80p100_999_j_JM
Pre-tax national income 
P80-100 | share | all ages | equal split
";p80p100;2022;0.6706000000000001;0.0
Jamaica ;"sptinc_p80p100_999_j_JM
Pre-tax national income 
P80-100 | share | all ages | equal split
";p80p100;2023;0.6712;0.0
Jamaica ;"sptinc_p80p100_999_j_JM
Pre-tax national income 
P80-100 | share | all ages | equal split
";p80p100;2024;0.6712;0.0
Japan ;"sptinc_p80p100_999_j_JP
Pre-tax national income 
P80-100 | share | all ages | equal split
";p80p100;1940;0.6238;4.0
Japan ;"sptinc_p80p100_999_j_JP
Pre-tax national income 
P80-100 | share | all ages | equal split
";p80p100;1941;0.6111;4.0
Japan ;"sptinc_p80p100_999_j_JP
Pre-tax national income 
P80-100 | share | all ages | equal split
";p80p100;1942;0.5939;4.0
Japan ;"sptinc_p80p100_999_j_JP
Pre-tax national income 
P80-100 | share | all ages | equal split
";p80p100;1943;0.5795;4.0
Japan ;"sptinc_p80p100_999_j_JP
Pre-tax national income 
P80-100 | share | all ages | equal split
";p80p100;1944;0.5596;4.0
Japan ;"sptinc_p80p100_999_j_JP
Pre-tax national income 
P80-100 | share | all ages | equal split
";p80p100;1945;0.5466;4.0
Japan ;"sptinc_p80p100_999_j_JP
Pre-tax national income 
P80-100 | share | all ages | equal split
";p80p100;1946;;
Japan ;"sptinc_p80p100_999_j_JP
Pre-tax national income 
P80-100 | share | all ages | equal split
";p80p100;1947;0.5125000000000001;4.0
Japan ;"sptinc_p80p100_999_j_JP
Pre-tax national income 
P80-100 | share | all ages | equal split
";p80p100;1948;0.5005000000000001;4.0
Japan ;"sptinc_p80p100_999_j_JP
Pre-tax national income 
P80-100 | share | all ages | equal split
";p80p100;1949;0.4853;4.0
Japan ;"sptinc_p80p100_999_j_JP
Pre-tax national income 
P80-100 | share | all ages | equal split
";p80p100;1950;0.473;4.0
Japan ;"sptinc_p80p100_999_j_JP
Pre-tax national income 
P80-100 | share | all ages | equal split
";p80p100;1951;0.4765;4.0
Japan ;"sptinc_p80p100_999_j_JP
Pre-tax national income 
P80-100 | share | all ages | equal split
";p80p100;1952;0.4781;4.0
Japan ;"sptinc_p80p100_999_j_JP
Pre-tax national income 
P80-100 | share | all ages | equal split
";p80p100;1953;0.4806;4.0
Japan ;"sptinc_p80p100_999_j_JP
Pre-tax national income 
P80-100 | share | all ages | equal split
";p80p100;1954;0.4806;4.0
Japan ;"sptinc_p80p100_999_j_JP
Pre-tax national income 
P80-100 | share | all ages | equal split
";p80p100;1955;0.4834;4.0
Japan ;"sptinc_p80p100_999_j_JP
Pre-tax national income 
P80-100 | share | all ages | equal split
";p80p100;1956;0.4847;4.0
Japan ;"sptinc_p80p100_999_j_JP
Pre-tax national income 
P80-100 | share | all ages | equal split
";p80p100;1957;0.4881;4.0
Japan ;"sptinc_p80p100_999_j_JP
Pre-tax national income 
P80-100 | share | all ages | equal split
";p80p100;1958;0.4907;4.0
Japan ;"sptinc_p80p100_999_j_JP
Pre-tax national income 
P80-100 | share | all ages | equal split
";p80p100;1959;0.4934;4.0
Japan ;"sptinc_p80p100_999_j_JP
Pre-tax national income 
P80-100 | share | all ages | equal split
";p80p100;1960;0.497;4.0
Japan ;"sptinc_p80p100_999_j_JP
Pre-tax national income 
P80-100 | share | all ages | equal split
";p80p100;1961;0.4978;4.0
Japan ;"sptinc_p80p100_999_j_JP
Pre-tax national income 
P80-100 | share | all ages | equal split
";p80p100;1962;0.4951;4.0
Japan ;"sptinc_p80p100_999_j_JP
Pre-tax national income 
P80-100 | share | all ages | equal split
";p80p100;1963;0.4922;4.0
Japan ;"sptinc_p80p100_999_j_JP
Pre-tax national income 
P80-100 | share | all ages | equal split
";p80p100;1964;0.4905;4.0
Japan ;"sptinc_p80p100_999_j_JP
Pre-tax national income 
P80-100 | share | all ages | equal split
";p80p100;1965;0.49;4.0
Japan ;"sptinc_p80p100_999_j_JP
Pre-tax national income 
P80-100 | share | all ages | equal split
";p80p100;1966;0.4859;4.0
Japan ;"sptinc_p80p100_999_j_JP
Pre-tax national income 
P80-100 | share | all ages | equal split
";p80p100;1967;0.4857;4.0
Japan ;"sptinc_p80p100_999_j_JP
Pre-tax national income 
P80-100 | share | all ages | equal split
";p80p100;1968;0.4858;4.0
Japan ;"sptinc_p80p100_999_j_JP
Pre-tax national income 
P80-100 | share | all ages | equal split
";p80p100;1969;0.4918;4.0
Japan ;"sptinc_p80p100_999_j_JP
Pre-tax national income 
P80-100 | share | all ages | equal split
";p80p100;1970;0.5106;4.0
Japan ;"sptinc_p80p100_999_j_JP
Pre-tax national income 
P80-100 | share | all ages | equal split
";p80p100;1971;0.4896;4.0
Japan ;"sptinc_p80p100_999_j_JP
Pre-tax national income 
P80-100 | share | all ages | equal split
";p80p100;1972;0.4842;4.0
Japan ;"sptinc_p80p100_999_j_JP
Pre-tax national income 
P80-100 | share | all ages | equal split
";p80p100;1973;0.4918;4.0
Japan ;"sptinc_p80p100_999_j_JP
Pre-tax national income 
P80-100 | share | all ages | equal split
";p80p100;1974;0.4799;4.0
Japan ;"sptinc_p80p100_999_j_JP
Pre-tax national income 
P80-100 | share | all ages | equal split
";p80p100;1975;0.4816;4.0
Japan ;"sptinc_p80p100_999_j_JP
Pre-tax national income 
P80-100 | share | all ages | equal split
";p80p100;1976;0.4747;4.0
Japan ;"sptinc_p80p100_999_j_JP
Pre-tax national income 
P80-100 | share | all ages | equal split
";p80p100;1977;0.4746;4.0
Japan ;"sptinc_p80p100_999_j_JP
Pre-tax national income 
P80-100 | share | all ages | equal split
";p80p100;1978;0.4751;4.0
Japan ;"sptinc_p80p100_999_j_JP
Pre-tax national income 
P80-100 | share | all ages | equal split
";p80p100;1979;0.4758;4.0
Japan ;"sptinc_p80p100_999_j_JP
Pre-tax national income 
P80-100 | share | all ages | equal split
";p80p100;1980;0.4774;1.0
Japan ;"sptinc_p80p100_999_j_JP
Pre-tax national income 
P80-100 | share | all ages | equal split
";p80p100;1981;0.4725;1.0
Japan ;"sptinc_p80p100_999_j_JP
Pre-tax national income 
P80-100 | share | all ages | equal split
";p80p100;1982;0.4709;1.0
Japan ;"sptinc_p80p100_999_j_JP
Pre-tax national income 
P80-100 | share | all ages | equal split
";p80p100;1983;0.4742;1.0
Japan ;"sptinc_p80p100_999_j_JP
Pre-tax national income 
P80-100 | share | all ages | equal split
";p80p100;1984;0.4779;1.0
Japan ;"sptinc_p80p100_999_j_JP
Pre-tax national income 
P80-100 | share | all ages | equal split
";p80p100;1985;0.4857;1.0
Japan ;"sptinc_p80p100_999_j_JP
Pre-tax national income 
P80-100 | share | all ages | equal split
";p80p100;1986;0.4927;1.0
Japan ;"sptinc_p80p100_999_j_JP
Pre-tax national income 
P80-100 | share | all ages | equal split
";p80p100;1987;0.5079;1.0
Japan ;"sptinc_p80p100_999_j_JP
Pre-tax national income 
P80-100 | share | all ages | equal split
";p80p100;1988;0.5142;1.0
Japan ;"sptinc_p80p100_999_j_JP
Pre-tax national income 
P80-100 | share | all ages | equal split
";p80p100;1989;0.5198;1.0
Japan ;"sptinc_p80p100_999_j_JP
Pre-tax national income 
P80-100 | share | all ages | equal split
";p80p100;1990;0.5221;1.0
Japan ;"sptinc_p80p100_999_j_JP
Pre-tax national income 
P80-100 | share | all ages | equal split
";p80p100;1991;0.5111;1.0
Japan ;"sptinc_p80p100_999_j_JP
Pre-tax national income 
P80-100 | share | all ages | equal split
";p80p100;1992;0.478;1.0
Japan ;"sptinc_p80p100_999_j_JP
Pre-tax national income 
P80-100 | share | all ages | equal split
";p80p100;1993;0.4834;1.0
Japan ;"sptinc_p80p100_999_j_JP
Pre-tax national income 
P80-100 | share | all ages | equal split
";p80p100;1994;0.4875;1.0
Japan ;"sptinc_p80p100_999_j_JP
Pre-tax national income 
P80-100 | share | all ages | equal split
";p80p100;1995;0.4982;1.0
Japan ;"sptinc_p80p100_999_j_JP
Pre-tax national income 
P80-100 | share | all ages | equal split
";p80p100;1996;0.5084000000000001;1.0
Japan ;"sptinc_p80p100_999_j_JP
Pre-tax national income 
P80-100 | share | all ages | equal split
";p80p100;1997;0.5074000000000001;1.0
Japan ;"sptinc_p80p100_999_j_JP
Pre-tax national income 
P80-100 | share | all ages | equal split
";p80p100;1998;0.5108;1.0
Japan ;"sptinc_p80p100_999_j_JP
Pre-tax national income 
P80-100 | share | all ages | equal split
";p80p100;1999;0.5171;1.0
Japan ;"sptinc_p80p100_999_j_JP
Pre-tax national income 
P80-100 | share | all ages | equal split
";p80p100;2000;0.5283;1.0
Japan ;"sptinc_p80p100_999_j_JP
Pre-tax national income 
P80-100 | share | all ages | equal split
";p80p100;2001;0.5399;1.0
Japan ;"sptinc_p80p100_999_j_JP
Pre-tax national income 
P80-100 | share | all ages | equal split
";p80p100;2002;0.55;1.0
Japan ;"sptinc_p80p100_999_j_JP
Pre-tax national income 
P80-100 | share | all ages | equal split
";p80p100;2003;0.5568000000000001;1.0
Japan ;"sptinc_p80p100_999_j_JP
Pre-tax national income 
P80-100 | share | all ages | equal split
";p80p100;2004;0.5654;1.0
Japan ;"sptinc_p80p100_999_j_JP
Pre-tax national income 
P80-100 | share | all ages | equal split
";p80p100;2005;0.5661;1.0
Japan ;"sptinc_p80p100_999_j_JP
Pre-tax national income 
P80-100 | share | all ages | equal split
";p80p100;2006;0.5670000000000001;1.0
Japan ;"sptinc_p80p100_999_j_JP
Pre-tax national income 
P80-100 | share | all ages | equal split
";p80p100;2007;0.5687;1.0
Japan ;"sptinc_p80p100_999_j_JP
Pre-tax national income 
P80-100 | share | all ages | equal split
";p80p100;2008;0.5602;3.0
Japan ;"sptinc_p80p100_999_j_JP
Pre-tax national income 
P80-100 | share | all ages | equal split
";p80p100;2009;0.5421;2.0
Japan ;"sptinc_p80p100_999_j_JP
Pre-tax national income 
P80-100 | share | all ages | equal split
";p80p100;2010;0.5434;3.0
Japan ;"sptinc_p80p100_999_j_JP
Pre-tax national income 
P80-100 | share | all ages | equal split
";p80p100;2011;0.5413;2.0
Japan ;"sptinc_p80p100_999_j_JP
Pre-tax national income 
P80-100 | share | all ages | equal split
";p80p100;2012;0.5423;2.0
Japan ;"sptinc_p80p100_999_j_JP
Pre-tax national income 
P80-100 | share | all ages | equal split
";p80p100;2013;0.5444;3.0
Japan ;"sptinc_p80p100_999_j_JP
Pre-tax national income 
P80-100 | share | all ages | equal split
";p80p100;2014;0.544;1.0
Japan ;"sptinc_p80p100_999_j_JP
Pre-tax national income 
P80-100 | share | all ages | equal split
";p80p100;2015;0.5452;1.0
Japan ;"sptinc_p80p100_999_j_JP
Pre-tax national income 
P80-100 | share | all ages | equal split
";p80p100;2016;0.5444;1.0
Japan ;"sptinc_p80p100_999_j_JP
Pre-tax national income 
P80-100 | share | all ages | equal split
";p80p100;2017;0.544;1.0
Japan ;"sptinc_p80p100_999_j_JP
Pre-tax national income 
P80-100 | share | all ages | equal split
";p80p100;2018;0.544;1.0
Japan ;"sptinc_p80p100_999_j_JP
Pre-tax national income 
P80-100 | share | all ages | equal split
";p80p100;2019;0.544;1.0
Japan ;"sptinc_p80p100_999_j_JP
Pre-tax national income 
P80-100 | share | all ages | equal split
";p80p100;2020;0.544;1.0
Japan ;"sptinc_p80p100_999_j_JP
Pre-tax national income 
P80-100 | share | all ages | equal split
";p80p100;2021;0.544;1.0
Japan ;"sptinc_p80p100_999_j_JP
Pre-tax national income 
P80-100 | share | all ages | equal split
";p80p100;2022;0.544;1.0
Japan ;"sptinc_p80p100_999_j_JP
Pre-tax national income 
P80-100 | share | all ages | equal split
";p80p100;2023;0.544;1.0
Japan ;"sptinc_p80p100_999_j_JP
Pre-tax national income 
P80-100 | share | all ages | equal split
";p80p100;2024;0.544;1.0
Jersey ;"sptinc_p80p100_999_j_JE
Pre-tax national income 
P80-100 | share | all ages | equal split
";p80p100;1940;;
Jersey ;"sptinc_p80p100_999_j_JE
Pre-tax national income 
P80-100 | share | all ages | equal split
";p80p100;1941;;
Jersey ;"sptinc_p80p100_999_j_JE
Pre-tax national income 
P80-100 | share | all ages | equal split
";p80p100;1942;;
Jersey ;"sptinc_p80p100_999_j_JE
Pre-tax national income 
P80-100 | share | all ages | equal split
";p80p100;1943;;
Jersey ;"sptinc_p80p100_999_j_JE
Pre-tax national income 
P80-100 | share | all ages | equal split
";p80p100;1944;;
Jersey ;"sptinc_p80p100_999_j_JE
Pre-tax national income 
P80-100 | share | all ages | equal split
";p80p100;1945;;
Jersey ;"sptinc_p80p100_999_j_JE
Pre-tax national income 
P80-100 | share | all ages | equal split
";p80p100;1946;;
Jersey ;"sptinc_p80p100_999_j_JE
Pre-tax national income 
P80-100 | share | all ages | equal split
";p80p100;1947;;
Jersey ;"sptinc_p80p100_999_j_JE
Pre-tax national income 
P80-100 | share | all ages | equal split
";p80p100;1948;;
Jersey ;"sptinc_p80p100_999_j_JE
Pre-tax national income 
P80-100 | share | all ages | equal split
";p80p100;1949;;
Jersey ;"sptinc_p80p100_999_j_JE
Pre-tax national income 
P80-100 | share | all ages | equal split
";p80p100;1950;;
Jersey ;"sptinc_p80p100_999_j_JE
Pre-tax national income 
P80-100 | share | all ages | equal split
";p80p100;1951;;
Jersey ;"sptinc_p80p100_999_j_JE
Pre-tax national income 
P80-100 | share | all ages | equal split
";p80p100;1952;;
Jersey ;"sptinc_p80p100_999_j_JE
Pre-tax national income 
P80-100 | share | all ages | equal split
";p80p100;1953;;
Jersey ;"sptinc_p80p100_999_j_JE
Pre-tax national income 
P80-100 | share | all ages | equal split
";p80p100;1954;;
Jersey ;"sptinc_p80p100_999_j_JE
Pre-tax national income 
P80-100 | share | all ages | equal split
";p80p100;1955;;
Jersey ;"sptinc_p80p100_999_j_JE
Pre-tax national income 
P80-100 | share | all ages | equal split
";p80p100;1956;;
Jersey ;"sptinc_p80p100_999_j_JE
Pre-tax national income 
P80-100 | share | all ages | equal split
";p80p100;1957;;
Jersey ;"sptinc_p80p100_999_j_JE
Pre-tax national income 
P80-100 | share | all ages | equal split
";p80p100;1958;;
Jersey ;"sptinc_p80p100_999_j_JE
Pre-tax national income 
P80-100 | share | all ages | equal split
";p80p100;1959;;
Jersey ;"sptinc_p80p100_999_j_JE
Pre-tax national income 
P80-100 | share | all ages | equal split
";p80p100;1960;;
Jersey ;"sptinc_p80p100_999_j_JE
Pre-tax national income 
P80-100 | share | all ages | equal split
";p80p100;1961;;
Jersey ;"sptinc_p80p100_999_j_JE
Pre-tax national income 
P80-100 | share | all ages | equal split
";p80p100;1962;;
Jersey ;"sptinc_p80p100_999_j_JE
Pre-tax national income 
P80-100 | share | all ages | equal split
";p80p100;1963;;
Jersey ;"sptinc_p80p100_999_j_JE
Pre-tax national income 
P80-100 | share | all ages | equal split
";p80p100;1964;;
Jersey ;"sptinc_p80p100_999_j_JE
Pre-tax national income 
P80-100 | share | all ages | equal split
";p80p100;1965;;
Jersey ;"sptinc_p80p100_999_j_JE
Pre-tax national income 
P80-100 | share | all ages | equal split
";p80p100;1966;;
Jersey ;"sptinc_p80p100_999_j_JE
Pre-tax national income 
P80-100 | share | all ages | equal split
";p80p100;1967;;
Jersey ;"sptinc_p80p100_999_j_JE
Pre-tax national income 
P80-100 | share | all ages | equal split
";p80p100;1968;;
Jersey ;"sptinc_p80p100_999_j_JE
Pre-tax national income 
P80-100 | share | all ages | equal split
";p80p100;1969;;
Jersey ;"sptinc_p80p100_999_j_JE
Pre-tax national income 
P80-100 | share | all ages | equal split
";p80p100;1970;;
Jersey ;"sptinc_p80p100_999_j_JE
Pre-tax national income 
P80-100 | share | all ages | equal split
";p80p100;1971;;
Jersey ;"sptinc_p80p100_999_j_JE
Pre-tax national income 
P80-100 | share | all ages | equal split
";p80p100;1972;;
Jersey ;"sptinc_p80p100_999_j_JE
Pre-tax national income 
P80-100 | share | all ages | equal split
";p80p100;1973;;
Jersey ;"sptinc_p80p100_999_j_JE
Pre-tax national income 
P80-100 | share | all ages | equal split
";p80p100;1974;;
Jersey ;"sptinc_p80p100_999_j_JE
Pre-tax national income 
P80-100 | share | all ages | equal split
";p80p100;1975;;
Jersey ;"sptinc_p80p100_999_j_JE
Pre-tax national income 
P80-100 | share | all ages | equal split
";p80p100;1976;;
Jersey ;"sptinc_p80p100_999_j_JE
Pre-tax national income 
P80-100 | share | all ages | equal split
";p80p100;1977;;
Jersey ;"sptinc_p80p100_999_j_JE
Pre-tax national income 
P80-100 | share | all ages | equal split
";p80p100;1978;;
Jersey ;"sptinc_p80p100_999_j_JE
Pre-tax national income 
P80-100 | share | all ages | equal split
";p80p100;1979;;
Jersey ;"sptinc_p80p100_999_j_JE
Pre-tax national income 
P80-100 | share | all ages | equal split
";p80p100;1980;0.4797;0.0
Jersey ;"sptinc_p80p100_999_j_JE
Pre-tax national income 
P80-100 | share | all ages | equal split
";p80p100;1981;0.4817;0.0
Jersey ;"sptinc_p80p100_999_j_JE
Pre-tax national income 
P80-100 | share | all ages | equal split
";p80p100;1982;0.4815;0.0
Jersey ;"sptinc_p80p100_999_j_JE
Pre-tax national income 
P80-100 | share | all ages | equal split
";p80p100;1983;0.4818;0.0
Jersey ;"sptinc_p80p100_999_j_JE
Pre-tax national income 
P80-100 | share | all ages | equal split
";p80p100;1984;0.4853;0.0
Jersey ;"sptinc_p80p100_999_j_JE
Pre-tax national income 
P80-100 | share | all ages | equal split
";p80p100;1985;0.4878;0.0
Jersey ;"sptinc_p80p100_999_j_JE
Pre-tax national income 
P80-100 | share | all ages | equal split
";p80p100;1986;0.4839;0.0
Jersey ;"sptinc_p80p100_999_j_JE
Pre-tax national income 
P80-100 | share | all ages | equal split
";p80p100;1987;0.482;0.0
Jersey ;"sptinc_p80p100_999_j_JE
Pre-tax national income 
P80-100 | share | all ages | equal split
";p80p100;1988;0.4797;0.0
Jersey ;"sptinc_p80p100_999_j_JE
Pre-tax national income 
P80-100 | share | all ages | equal split
";p80p100;1989;0.4788;0.0
Jersey ;"sptinc_p80p100_999_j_JE
Pre-tax national income 
P80-100 | share | all ages | equal split
";p80p100;1990;0.4798;0.0
Jersey ;"sptinc_p80p100_999_j_JE
Pre-tax national income 
P80-100 | share | all ages | equal split
";p80p100;1991;0.4776;0.0
Jersey ;"sptinc_p80p100_999_j_JE
Pre-tax national income 
P80-100 | share | all ages | equal split
";p80p100;1992;0.4848;0.0
Jersey ;"sptinc_p80p100_999_j_JE
Pre-tax national income 
P80-100 | share | all ages | equal split
";p80p100;1993;0.4896;0.0
Jersey ;"sptinc_p80p100_999_j_JE
Pre-tax national income 
P80-100 | share | all ages | equal split
";p80p100;1994;0.4957;0.0
Jersey ;"sptinc_p80p100_999_j_JE
Pre-tax national income 
P80-100 | share | all ages | equal split
";p80p100;1995;0.4935;0.0
Jersey ;"sptinc_p80p100_999_j_JE
Pre-tax national income 
P80-100 | share | all ages | equal split
";p80p100;1996;0.4953;0.0
Jersey ;"sptinc_p80p100_999_j_JE
Pre-tax national income 
P80-100 | share | all ages | equal split
";p80p100;1997;0.5022;0.0
Jersey ;"sptinc_p80p100_999_j_JE
Pre-tax national income 
P80-100 | share | all ages | equal split
";p80p100;1998;0.5024000000000001;0.0
Jersey ;"sptinc_p80p100_999_j_JE
Pre-tax national income 
P80-100 | share | all ages | equal split
";p80p100;1999;0.5029;0.0
Jersey ;"sptinc_p80p100_999_j_JE
Pre-tax national income 
P80-100 | share | all ages | equal split
";p80p100;2000;0.5091;0.0
Jersey ;"sptinc_p80p100_999_j_JE
Pre-tax national income 
P80-100 | share | all ages | equal split
";p80p100;2001;0.5064000000000001;0.0
Jersey ;"sptinc_p80p100_999_j_JE
Pre-tax national income 
P80-100 | share | all ages | equal split
";p80p100;2002;0.5013000000000001;0.0
Jersey ;"sptinc_p80p100_999_j_JE
Pre-tax national income 
P80-100 | share | all ages | equal split
";p80p100;2003;0.5014000000000001;0.0
Jersey ;"sptinc_p80p100_999_j_JE
Pre-tax national income 
P80-100 | share | all ages | equal split
";p80p100;2004;0.5037;0.0
Jersey ;"sptinc_p80p100_999_j_JE
Pre-tax national income 
P80-100 | share | all ages | equal split
";p80p100;2005;0.5076;0.0
Jersey ;"sptinc_p80p100_999_j_JE
Pre-tax national income 
P80-100 | share | all ages | equal split
";p80p100;2006;0.5133;0.0
Jersey ;"sptinc_p80p100_999_j_JE
Pre-tax national income 
P80-100 | share | all ages | equal split
";p80p100;2007;0.5142;0.0
Jersey ;"sptinc_p80p100_999_j_JE
Pre-tax national income 
P80-100 | share | all ages | equal split
";p80p100;2008;0.4988;0.0
Jersey ;"sptinc_p80p100_999_j_JE
Pre-tax national income 
P80-100 | share | all ages | equal split
";p80p100;2009;0.4921;0.0
Jersey ;"sptinc_p80p100_999_j_JE
Pre-tax national income 
P80-100 | share | all ages | equal split
";p80p100;2010;0.5096;0.0
Jersey ;"sptinc_p80p100_999_j_JE
Pre-tax national income 
P80-100 | share | all ages | equal split
";p80p100;2011;0.5087;0.0
Jersey ;"sptinc_p80p100_999_j_JE
Pre-tax national income 
P80-100 | share | all ages | equal split
";p80p100;2012;0.5038;0.0
Jersey ;"sptinc_p80p100_999_j_JE
Pre-tax national income 
P80-100 | share | all ages | equal split
";p80p100;2013;0.5075000000000001;0.0
Jersey ;"sptinc_p80p100_999_j_JE
Pre-tax national income 
P80-100 | share | all ages | equal split
";p80p100;2014;0.5114000000000001;0.0
Jersey ;"sptinc_p80p100_999_j_JE
Pre-tax national income 
P80-100 | share | all ages | equal split
";p80p100;2015;0.511;0.0
Jersey ;"sptinc_p80p100_999_j_JE
Pre-tax national income 
P80-100 | share | all ages | equal split
";p80p100;2016;0.5122;0.0
Jersey ;"sptinc_p80p100_999_j_JE
Pre-tax national income 
P80-100 | share | all ages | equal split
";p80p100;2017;0.5126000000000001;0.0
Jersey ;"sptinc_p80p100_999_j_JE
Pre-tax national income 
P80-100 | share | all ages | equal split
";p80p100;2018;0.5117;0.0
Jersey ;"sptinc_p80p100_999_j_JE
Pre-tax national income 
P80-100 | share | all ages | equal split
";p80p100;2019;0.5098;0.0
Jersey ;"sptinc_p80p100_999_j_JE
Pre-tax national income 
P80-100 | share | all ages | equal split
";p80p100;2020;0.5089;0.0
Jersey ;"sptinc_p80p100_999_j_JE
Pre-tax national income 
P80-100 | share | all ages | equal split
";p80p100;2021;0.5131;0.0
Jersey ;"sptinc_p80p100_999_j_JE
Pre-tax national income 
P80-100 | share | all ages | equal split
";p80p100;2022;0.5139;0.0
Jersey ;"sptinc_p80p100_999_j_JE
Pre-tax national income 
P80-100 | share | all ages | equal split
";p80p100;2023;0.5139;0.0
Jersey ;"sptinc_p80p100_999_j_JE
Pre-tax national income 
P80-100 | share | all ages | equal split
";p80p100;2024;0.5139;0.0
Jordan ;"sptinc_p80p100_999_j_JO
Pre-tax national income 
P80-100 | share | all ages | equal split
";p80p100;1940;;
Jordan ;"sptinc_p80p100_999_j_JO
Pre-tax national income 
P80-100 | share | all ages | equal split
";p80p100;1941;;
Jordan ;"sptinc_p80p100_999_j_JO
Pre-tax national income 
P80-100 | share | all ages | equal split
";p80p100;1942;;
Jordan ;"sptinc_p80p100_999_j_JO
Pre-tax national income 
P80-100 | share | all ages | equal split
";p80p100;1943;;
Jordan ;"sptinc_p80p100_999_j_JO
Pre-tax national income 
P80-100 | share | all ages | equal split
";p80p100;1944;;
Jordan ;"sptinc_p80p100_999_j_JO
Pre-tax national income 
P80-100 | share | all ages | equal split
";p80p100;1945;;
Jordan ;"sptinc_p80p100_999_j_JO
Pre-tax national income 
P80-100 | share | all ages | equal split
";p80p100;1946;;
Jordan ;"sptinc_p80p100_999_j_JO
Pre-tax national income 
P80-100 | share | all ages | equal split
";p80p100;1947;;
Jordan ;"sptinc_p80p100_999_j_JO
Pre-tax national income 
P80-100 | share | all ages | equal split
";p80p100;1948;;
Jordan ;"sptinc_p80p100_999_j_JO
Pre-tax national income 
P80-100 | share | all ages | equal split
";p80p100;1949;;
Jordan ;"sptinc_p80p100_999_j_JO
Pre-tax national income 
P80-100 | share | all ages | equal split
";p80p100;1950;;
Jordan ;"sptinc_p80p100_999_j_JO
Pre-tax national income 
P80-100 | share | all ages | equal split
";p80p100;1951;;
Jordan ;"sptinc_p80p100_999_j_JO
Pre-tax national income 
P80-100 | share | all ages | equal split
";p80p100;1952;;
Jordan ;"sptinc_p80p100_999_j_JO
Pre-tax national income 
P80-100 | share | all ages | equal split
";p80p100;1953;;
Jordan ;"sptinc_p80p100_999_j_JO
Pre-tax national income 
P80-100 | share | all ages | equal split
";p80p100;1954;;
Jordan ;"sptinc_p80p100_999_j_JO
Pre-tax national income 
P80-100 | share | all ages | equal split
";p80p100;1955;;
Jordan ;"sptinc_p80p100_999_j_JO
Pre-tax national income 
P80-100 | share | all ages | equal split
";p80p100;1956;;
Jordan ;"sptinc_p80p100_999_j_JO
Pre-tax national income 
P80-100 | share | all ages | equal split
";p80p100;1957;;
Jordan ;"sptinc_p80p100_999_j_JO
Pre-tax national income 
P80-100 | share | all ages | equal split
";p80p100;1958;;
Jordan ;"sptinc_p80p100_999_j_JO
Pre-tax national income 
P80-100 | share | all ages | equal split
";p80p100;1959;;
Jordan ;"sptinc_p80p100_999_j_JO
Pre-tax national income 
P80-100 | share | all ages | equal split
";p80p100;1960;;
Jordan ;"sptinc_p80p100_999_j_JO
Pre-tax national income 
P80-100 | share | all ages | equal split
";p80p100;1961;;
Jordan ;"sptinc_p80p100_999_j_JO
Pre-tax national income 
P80-100 | share | all ages | equal split
";p80p100;1962;;
Jordan ;"sptinc_p80p100_999_j_JO
Pre-tax national income 
P80-100 | share | all ages | equal split
";p80p100;1963;;
Jordan ;"sptinc_p80p100_999_j_JO
Pre-tax national income 
P80-100 | share | all ages | equal split
";p80p100;1964;;
Jordan ;"sptinc_p80p100_999_j_JO
Pre-tax national income 
P80-100 | share | all ages | equal split
";p80p100;1965;;
Jordan ;"sptinc_p80p100_999_j_JO
Pre-tax national income 
P80-100 | share | all ages | equal split
";p80p100;1966;;
Jordan ;"sptinc_p80p100_999_j_JO
Pre-tax national income 
P80-100 | share | all ages | equal split
";p80p100;1967;;
Jordan ;"sptinc_p80p100_999_j_JO
Pre-tax national income 
P80-100 | share | all ages | equal split
";p80p100;1968;;
Jordan ;"sptinc_p80p100_999_j_JO
Pre-tax national income 
P80-100 | share | all ages | equal split
";p80p100;1969;;
Jordan ;"sptinc_p80p100_999_j_JO
Pre-tax national income 
P80-100 | share | all ages | equal split
";p80p100;1970;;
Jordan ;"sptinc_p80p100_999_j_JO
Pre-tax national income 
P80-100 | share | all ages | equal split
";p80p100;1971;;
Jordan ;"sptinc_p80p100_999_j_JO
Pre-tax national income 
P80-100 | share | all ages | equal split
";p80p100;1972;;
Jordan ;"sptinc_p80p100_999_j_JO
Pre-tax national income 
P80-100 | share | all ages | equal split
";p80p100;1973;;
Jordan ;"sptinc_p80p100_999_j_JO
Pre-tax national income 
P80-100 | share | all ages | equal split
";p80p100;1974;;
Jordan ;"sptinc_p80p100_999_j_JO
Pre-tax national income 
P80-100 | share | all ages | equal split
";p80p100;1975;;
Jordan ;"sptinc_p80p100_999_j_JO
Pre-tax national income 
P80-100 | share | all ages | equal split
";p80p100;1976;;
Jordan ;"sptinc_p80p100_999_j_JO
Pre-tax national income 
P80-100 | share | all ages | equal split
";p80p100;1977;;
Jordan ;"sptinc_p80p100_999_j_JO
Pre-tax national income 
P80-100 | share | all ages | equal split
";p80p100;1978;;
Jordan ;"sptinc_p80p100_999_j_JO
Pre-tax national income 
P80-100 | share | all ages | equal split
";p80p100;1979;;
Jordan ;"sptinc_p80p100_999_j_JO
Pre-tax national income 
P80-100 | share | all ages | equal split
";p80p100;1980;0.6381;1.0
Jordan ;"sptinc_p80p100_999_j_JO
Pre-tax national income 
P80-100 | share | all ages | equal split
";p80p100;1981;0.6381;1.0
Jordan ;"sptinc_p80p100_999_j_JO
Pre-tax national income 
P80-100 | share | all ages | equal split
";p80p100;1982;0.6381;1.0
Jordan ;"sptinc_p80p100_999_j_JO
Pre-tax national income 
P80-100 | share | all ages | equal split
";p80p100;1983;0.6381;1.0
Jordan ;"sptinc_p80p100_999_j_JO
Pre-tax national income 
P80-100 | share | all ages | equal split
";p80p100;1984;0.6381;1.0
Jordan ;"sptinc_p80p100_999_j_JO
Pre-tax national income 
P80-100 | share | all ages | equal split
";p80p100;1985;0.6381;1.0
Jordan ;"sptinc_p80p100_999_j_JO
Pre-tax national income 
P80-100 | share | all ages | equal split
";p80p100;1986;0.6381;3.0
Jordan ;"sptinc_p80p100_999_j_JO
Pre-tax national income 
P80-100 | share | all ages | equal split
";p80p100;1987;0.6427;2.0
Jordan ;"sptinc_p80p100_999_j_JO
Pre-tax national income 
P80-100 | share | all ages | equal split
";p80p100;1988;0.648;2.0
Jordan ;"sptinc_p80p100_999_j_JO
Pre-tax national income 
P80-100 | share | all ages | equal split
";p80p100;1989;0.654;2.0
Jordan ;"sptinc_p80p100_999_j_JO
Pre-tax national income 
P80-100 | share | all ages | equal split
";p80p100;1990;0.6611;2.0
Jordan ;"sptinc_p80p100_999_j_JO
Pre-tax national income 
P80-100 | share | all ages | equal split
";p80p100;1991;0.6694;2.0
Jordan ;"sptinc_p80p100_999_j_JO
Pre-tax national income 
P80-100 | share | all ages | equal split
";p80p100;1992;0.6794;3.0
Jordan ;"sptinc_p80p100_999_j_JO
Pre-tax national income 
P80-100 | share | all ages | equal split
";p80p100;1993;0.6667000000000001;2.0
Jordan ;"sptinc_p80p100_999_j_JO
Pre-tax national income 
P80-100 | share | all ages | equal split
";p80p100;1994;0.6537000000000001;2.0
Jordan ;"sptinc_p80p100_999_j_JO
Pre-tax national income 
P80-100 | share | all ages | equal split
";p80p100;1995;0.6405000000000001;2.0
Jordan ;"sptinc_p80p100_999_j_JO
Pre-tax national income 
P80-100 | share | all ages | equal split
";p80p100;1996;0.627;2.0
Jordan ;"sptinc_p80p100_999_j_JO
Pre-tax national income 
P80-100 | share | all ages | equal split
";p80p100;1997;0.6132000000000001;2.0
Jordan ;"sptinc_p80p100_999_j_JO
Pre-tax national income 
P80-100 | share | all ages | equal split
";p80p100;1998;0.6209;2.0
Jordan ;"sptinc_p80p100_999_j_JO
Pre-tax national income 
P80-100 | share | all ages | equal split
";p80p100;1999;0.6282;2.0
Jordan ;"sptinc_p80p100_999_j_JO
Pre-tax national income 
P80-100 | share | all ages | equal split
";p80p100;2000;0.635;2.0
Jordan ;"sptinc_p80p100_999_j_JO
Pre-tax national income 
P80-100 | share | all ages | equal split
";p80p100;2001;0.6413;2.0
Jordan ;"sptinc_p80p100_999_j_JO
Pre-tax national income 
P80-100 | share | all ages | equal split
";p80p100;2002;0.6473;3.0
Jordan ;"sptinc_p80p100_999_j_JO
Pre-tax national income 
P80-100 | share | all ages | equal split
";p80p100;2003;0.6506000000000001;2.0
Jordan ;"sptinc_p80p100_999_j_JO
Pre-tax national income 
P80-100 | share | all ages | equal split
";p80p100;2004;0.6537000000000001;2.0
Jordan ;"sptinc_p80p100_999_j_JO
Pre-tax national income 
P80-100 | share | all ages | equal split
";p80p100;2005;0.6566000000000001;2.0
Jordan ;"sptinc_p80p100_999_j_JO
Pre-tax national income 
P80-100 | share | all ages | equal split
";p80p100;2006;0.6593;3.0
Jordan ;"sptinc_p80p100_999_j_JO
Pre-tax national income 
P80-100 | share | all ages | equal split
";p80p100;2007;0.6602;2.0
Jordan ;"sptinc_p80p100_999_j_JO
Pre-tax national income 
P80-100 | share | all ages | equal split
";p80p100;2008;0.661;3.0
Jordan ;"sptinc_p80p100_999_j_JO
Pre-tax national income 
P80-100 | share | all ages | equal split
";p80p100;2009;0.6616000000000001;2.0
Jordan ;"sptinc_p80p100_999_j_JO
Pre-tax national income 
P80-100 | share | all ages | equal split
";p80p100;2010;0.6623;3.0
Jordan ;"sptinc_p80p100_999_j_JO
Pre-tax national income 
P80-100 | share | all ages | equal split
";p80p100;2011;0.6449;3.0
Jordan ;"sptinc_p80p100_999_j_JO
Pre-tax national income 
P80-100 | share | all ages | equal split
";p80p100;2012;0.6408;2.0
Jordan ;"sptinc_p80p100_999_j_JO
Pre-tax national income 
P80-100 | share | all ages | equal split
";p80p100;2013;0.6367;3.0
Jordan ;"sptinc_p80p100_999_j_JO
Pre-tax national income 
P80-100 | share | all ages | equal split
";p80p100;2014;0.6367;1.0
Jordan ;"sptinc_p80p100_999_j_JO
Pre-tax national income 
P80-100 | share | all ages | equal split
";p80p100;2015;0.6367;1.0
Jordan ;"sptinc_p80p100_999_j_JO
Pre-tax national income 
P80-100 | share | all ages | equal split
";p80p100;2016;0.6367;1.0
Jordan ;"sptinc_p80p100_999_j_JO
Pre-tax national income 
P80-100 | share | all ages | equal split
";p80p100;2017;0.6367;1.0
Jordan ;"sptinc_p80p100_999_j_JO
Pre-tax national income 
P80-100 | share | all ages | equal split
";p80p100;2018;0.6367;1.0
Jordan ;"sptinc_p80p100_999_j_JO
Pre-tax national income 
P80-100 | share | all ages | equal split
";p80p100;2019;0.6367;1.0
Jordan ;"sptinc_p80p100_999_j_JO
Pre-tax national income 
P80-100 | share | all ages | equal split
";p80p100;2020;0.6367;1.0
Jordan ;"sptinc_p80p100_999_j_JO
Pre-tax national income 
P80-100 | share | all ages | equal split
";p80p100;2021;0.6367;1.0
Jordan ;"sptinc_p80p100_999_j_JO
Pre-tax national income 
P80-100 | share | all ages | equal split
";p80p100;2022;0.6367;1.0
Jordan ;"sptinc_p80p100_999_j_JO
Pre-tax national income 
P80-100 | share | all ages | equal split
";p80p100;2023;0.6367;1.0
Jordan ;"sptinc_p80p100_999_j_JO
Pre-tax national income 
P80-100 | share | all ages | equal split
";p80p100;2024;0.6367;1.0
Kazakhstan ;"sptinc_p80p100_999_j_KZ
Pre-tax national income 
P80-100 | share | all ages | equal split
";p80p100;1940;;
Kazakhstan ;"sptinc_p80p100_999_j_KZ
Pre-tax national income 
P80-100 | share | all ages | equal split
";p80p100;1941;;
Kazakhstan ;"sptinc_p80p100_999_j_KZ
Pre-tax national income 
P80-100 | share | all ages | equal split
";p80p100;1942;;
Kazakhstan ;"sptinc_p80p100_999_j_KZ
Pre-tax national income 
P80-100 | share | all ages | equal split
";p80p100;1943;;
Kazakhstan ;"sptinc_p80p100_999_j_KZ
Pre-tax national income 
P80-100 | share | all ages | equal split
";p80p100;1944;;
Kazakhstan ;"sptinc_p80p100_999_j_KZ
Pre-tax national income 
P80-100 | share | all ages | equal split
";p80p100;1945;;
Kazakhstan ;"sptinc_p80p100_999_j_KZ
Pre-tax national income 
P80-100 | share | all ages | equal split
";p80p100;1946;;
Kazakhstan ;"sptinc_p80p100_999_j_KZ
Pre-tax national income 
P80-100 | share | all ages | equal split
";p80p100;1947;;
Kazakhstan ;"sptinc_p80p100_999_j_KZ
Pre-tax national income 
P80-100 | share | all ages | equal split
";p80p100;1948;;
Kazakhstan ;"sptinc_p80p100_999_j_KZ
Pre-tax national income 
P80-100 | share | all ages | equal split
";p80p100;1949;;
Kazakhstan ;"sptinc_p80p100_999_j_KZ
Pre-tax national income 
P80-100 | share | all ages | equal split
";p80p100;1950;;
Kazakhstan ;"sptinc_p80p100_999_j_KZ
Pre-tax national income 
P80-100 | share | all ages | equal split
";p80p100;1951;;
Kazakhstan ;"sptinc_p80p100_999_j_KZ
Pre-tax national income 
P80-100 | share | all ages | equal split
";p80p100;1952;;
Kazakhstan ;"sptinc_p80p100_999_j_KZ
Pre-tax national income 
P80-100 | share | all ages | equal split
";p80p100;1953;;
Kazakhstan ;"sptinc_p80p100_999_j_KZ
Pre-tax national income 
P80-100 | share | all ages | equal split
";p80p100;1954;;
Kazakhstan ;"sptinc_p80p100_999_j_KZ
Pre-tax national income 
P80-100 | share | all ages | equal split
";p80p100;1955;;
Kazakhstan ;"sptinc_p80p100_999_j_KZ
Pre-tax national income 
P80-100 | share | all ages | equal split
";p80p100;1956;;
Kazakhstan ;"sptinc_p80p100_999_j_KZ
Pre-tax national income 
P80-100 | share | all ages | equal split
";p80p100;1957;;
Kazakhstan ;"sptinc_p80p100_999_j_KZ
Pre-tax national income 
P80-100 | share | all ages | equal split
";p80p100;1958;;
Kazakhstan ;"sptinc_p80p100_999_j_KZ
Pre-tax national income 
P80-100 | share | all ages | equal split
";p80p100;1959;;
Kazakhstan ;"sptinc_p80p100_999_j_KZ
Pre-tax national income 
P80-100 | share | all ages | equal split
";p80p100;1960;;
Kazakhstan ;"sptinc_p80p100_999_j_KZ
Pre-tax national income 
P80-100 | share | all ages | equal split
";p80p100;1961;;
Kazakhstan ;"sptinc_p80p100_999_j_KZ
Pre-tax national income 
P80-100 | share | all ages | equal split
";p80p100;1962;;
Kazakhstan ;"sptinc_p80p100_999_j_KZ
Pre-tax national income 
P80-100 | share | all ages | equal split
";p80p100;1963;;
Kazakhstan ;"sptinc_p80p100_999_j_KZ
Pre-tax national income 
P80-100 | share | all ages | equal split
";p80p100;1964;;
Kazakhstan ;"sptinc_p80p100_999_j_KZ
Pre-tax national income 
P80-100 | share | all ages | equal split
";p80p100;1965;;
Kazakhstan ;"sptinc_p80p100_999_j_KZ
Pre-tax national income 
P80-100 | share | all ages | equal split
";p80p100;1966;;
Kazakhstan ;"sptinc_p80p100_999_j_KZ
Pre-tax national income 
P80-100 | share | all ages | equal split
";p80p100;1967;;
Kazakhstan ;"sptinc_p80p100_999_j_KZ
Pre-tax national income 
P80-100 | share | all ages | equal split
";p80p100;1968;;
Kazakhstan ;"sptinc_p80p100_999_j_KZ
Pre-tax national income 
P80-100 | share | all ages | equal split
";p80p100;1969;;
Kazakhstan ;"sptinc_p80p100_999_j_KZ
Pre-tax national income 
P80-100 | share | all ages | equal split
";p80p100;1970;;
Kazakhstan ;"sptinc_p80p100_999_j_KZ
Pre-tax national income 
P80-100 | share | all ages | equal split
";p80p100;1971;;
Kazakhstan ;"sptinc_p80p100_999_j_KZ
Pre-tax national income 
P80-100 | share | all ages | equal split
";p80p100;1972;;
Kazakhstan ;"sptinc_p80p100_999_j_KZ
Pre-tax national income 
P80-100 | share | all ages | equal split
";p80p100;1973;;
Kazakhstan ;"sptinc_p80p100_999_j_KZ
Pre-tax national income 
P80-100 | share | all ages | equal split
";p80p100;1974;;
Kazakhstan ;"sptinc_p80p100_999_j_KZ
Pre-tax national income 
P80-100 | share | all ages | equal split
";p80p100;1975;;
Kazakhstan ;"sptinc_p80p100_999_j_KZ
Pre-tax national income 
P80-100 | share | all ages | equal split
";p80p100;1976;;
Kazakhstan ;"sptinc_p80p100_999_j_KZ
Pre-tax national income 
P80-100 | share | all ages | equal split
";p80p100;1977;;
Kazakhstan ;"sptinc_p80p100_999_j_KZ
Pre-tax national income 
P80-100 | share | all ages | equal split
";p80p100;1978;;
Kazakhstan ;"sptinc_p80p100_999_j_KZ
Pre-tax national income 
P80-100 | share | all ages | equal split
";p80p100;1979;;
Kazakhstan ;"sptinc_p80p100_999_j_KZ
Pre-tax national income 
P80-100 | share | all ages | equal split
";p80p100;1980;0.3925;1.0
Kazakhstan ;"sptinc_p80p100_999_j_KZ
Pre-tax national income 
P80-100 | share | all ages | equal split
";p80p100;1981;0.3927;1.0
Kazakhstan ;"sptinc_p80p100_999_j_KZ
Pre-tax national income 
P80-100 | share | all ages | equal split
";p80p100;1982;0.3929;1.0
Kazakhstan ;"sptinc_p80p100_999_j_KZ
Pre-tax national income 
P80-100 | share | all ages | equal split
";p80p100;1983;0.3931;1.0
Kazakhstan ;"sptinc_p80p100_999_j_KZ
Pre-tax national income 
P80-100 | share | all ages | equal split
";p80p100;1984;0.3933;1.0
Kazakhstan ;"sptinc_p80p100_999_j_KZ
Pre-tax national income 
P80-100 | share | all ages | equal split
";p80p100;1985;0.3935;1.0
Kazakhstan ;"sptinc_p80p100_999_j_KZ
Pre-tax national income 
P80-100 | share | all ages | equal split
";p80p100;1986;0.3932;1.0
Kazakhstan ;"sptinc_p80p100_999_j_KZ
Pre-tax national income 
P80-100 | share | all ages | equal split
";p80p100;1987;0.3928;1.0
Kazakhstan ;"sptinc_p80p100_999_j_KZ
Pre-tax national income 
P80-100 | share | all ages | equal split
";p80p100;1988;0.3925;1.0
Kazakhstan ;"sptinc_p80p100_999_j_KZ
Pre-tax national income 
P80-100 | share | all ages | equal split
";p80p100;1989;0.3932;1.0
Kazakhstan ;"sptinc_p80p100_999_j_KZ
Pre-tax national income 
P80-100 | share | all ages | equal split
";p80p100;1990;0.3799;1.0
Kazakhstan ;"sptinc_p80p100_999_j_KZ
Pre-tax national income 
P80-100 | share | all ages | equal split
";p80p100;1991;0.4225;1.0
Kazakhstan ;"sptinc_p80p100_999_j_KZ
Pre-tax national income 
P80-100 | share | all ages | equal split
";p80p100;1992;0.4655;1.0
Kazakhstan ;"sptinc_p80p100_999_j_KZ
Pre-tax national income 
P80-100 | share | all ages | equal split
";p80p100;1993;0.5095000000000001;3.0
Kazakhstan ;"sptinc_p80p100_999_j_KZ
Pre-tax national income 
P80-100 | share | all ages | equal split
";p80p100;1994;0.5191;2.0
Kazakhstan ;"sptinc_p80p100_999_j_KZ
Pre-tax national income 
P80-100 | share | all ages | equal split
";p80p100;1995;0.5447000000000001;2.0
Kazakhstan ;"sptinc_p80p100_999_j_KZ
Pre-tax national income 
P80-100 | share | all ages | equal split
";p80p100;1996;0.5682;3.0
Kazakhstan ;"sptinc_p80p100_999_j_KZ
Pre-tax national income 
P80-100 | share | all ages | equal split
";p80p100;1997;0.5732;2.0
Kazakhstan ;"sptinc_p80p100_999_j_KZ
Pre-tax national income 
P80-100 | share | all ages | equal split
";p80p100;1998;0.5850000000000001;2.0
Kazakhstan ;"sptinc_p80p100_999_j_KZ
Pre-tax national income 
P80-100 | share | all ages | equal split
";p80p100;1999;0.5860000000000001;2.0
Kazakhstan ;"sptinc_p80p100_999_j_KZ
Pre-tax national income 
P80-100 | share | all ages | equal split
";p80p100;2000;0.5895;3.0
Kazakhstan ;"sptinc_p80p100_999_j_KZ
Pre-tax national income 
P80-100 | share | all ages | equal split
";p80p100;2001;0.5944;3.0
Kazakhstan ;"sptinc_p80p100_999_j_KZ
Pre-tax national income 
P80-100 | share | all ages | equal split
";p80p100;2002;0.6007;3.0
Kazakhstan ;"sptinc_p80p100_999_j_KZ
Pre-tax national income 
P80-100 | share | all ages | equal split
";p80p100;2003;0.5870000000000001;3.0
Kazakhstan ;"sptinc_p80p100_999_j_KZ
Pre-tax national income 
P80-100 | share | all ages | equal split
";p80p100;2004;0.5487000000000001;3.0
Kazakhstan ;"sptinc_p80p100_999_j_KZ
Pre-tax national income 
P80-100 | share | all ages | equal split
";p80p100;2005;0.5722;3.0
Kazakhstan ;"sptinc_p80p100_999_j_KZ
Pre-tax national income 
P80-100 | share | all ages | equal split
";p80p100;2006;0.5767;3.0
Kazakhstan ;"sptinc_p80p100_999_j_KZ
Pre-tax national income 
P80-100 | share | all ages | equal split
";p80p100;2007;0.5602;3.0
Kazakhstan ;"sptinc_p80p100_999_j_KZ
Pre-tax national income 
P80-100 | share | all ages | equal split
";p80p100;2008;0.5654;3.0
Kazakhstan ;"sptinc_p80p100_999_j_KZ
Pre-tax national income 
P80-100 | share | all ages | equal split
";p80p100;2009;0.5745;3.0
Kazakhstan ;"sptinc_p80p100_999_j_KZ
Pre-tax national income 
P80-100 | share | all ages | equal split
";p80p100;2010;0.5698;3.0
Kazakhstan ;"sptinc_p80p100_999_j_KZ
Pre-tax national income 
P80-100 | share | all ages | equal split
";p80p100;2011;0.5504;3.0
Kazakhstan ;"sptinc_p80p100_999_j_KZ
Pre-tax national income 
P80-100 | share | all ages | equal split
";p80p100;2012;0.5534;3.0
Kazakhstan ;"sptinc_p80p100_999_j_KZ
Pre-tax national income 
P80-100 | share | all ages | equal split
";p80p100;2013;0.5522;3.0
Kazakhstan ;"sptinc_p80p100_999_j_KZ
Pre-tax national income 
P80-100 | share | all ages | equal split
";p80p100;2014;0.5401;3.0
Kazakhstan ;"sptinc_p80p100_999_j_KZ
Pre-tax national income 
P80-100 | share | all ages | equal split
";p80p100;2015;0.5229;3.0
Kazakhstan ;"sptinc_p80p100_999_j_KZ
Pre-tax national income 
P80-100 | share | all ages | equal split
";p80p100;2016;0.5599000000000001;3.0
Kazakhstan ;"sptinc_p80p100_999_j_KZ
Pre-tax national income 
P80-100 | share | all ages | equal split
";p80p100;2017;0.5628000000000001;3.0
Kazakhstan ;"sptinc_p80p100_999_j_KZ
Pre-tax national income 
P80-100 | share | all ages | equal split
";p80p100;2018;0.5670000000000001;3.0
Kazakhstan ;"sptinc_p80p100_999_j_KZ
Pre-tax national income 
P80-100 | share | all ages | equal split
";p80p100;2019;0.5670000000000001;1.0
Kazakhstan ;"sptinc_p80p100_999_j_KZ
Pre-tax national income 
P80-100 | share | all ages | equal split
";p80p100;2020;0.5670000000000001;1.0
Kazakhstan ;"sptinc_p80p100_999_j_KZ
Pre-tax national income 
P80-100 | share | all ages | equal split
";p80p100;2021;0.5670000000000001;1.0
Kazakhstan ;"sptinc_p80p100_999_j_KZ
Pre-tax national income 
P80-100 | share | all ages | equal split
";p80p100;2022;0.5670000000000001;1.0
Kazakhstan ;"sptinc_p80p100_999_j_KZ
Pre-tax national income 
P80-100 | share | all ages | equal split
";p80p100;2023;0.5670000000000001;1.0
Kazakhstan ;"sptinc_p80p100_999_j_KZ
Pre-tax national income 
P80-100 | share | all ages | equal split
";p80p100;2024;0.5670000000000001;1.0
Kenya ;"sptinc_p80p100_999_j_KE
Pre-tax national income 
P80-100 | share | all ages | equal split
";p80p100;1940;0.6925;0.0
Kenya ;"sptinc_p80p100_999_j_KE
Pre-tax national income 
P80-100 | share | all ages | equal split
";p80p100;1941;;
Kenya ;"sptinc_p80p100_999_j_KE
Pre-tax national income 
P80-100 | share | all ages | equal split
";p80p100;1942;;
Kenya ;"sptinc_p80p100_999_j_KE
Pre-tax national income 
P80-100 | share | all ages | equal split
";p80p100;1943;0.6951;0.0
Kenya ;"sptinc_p80p100_999_j_KE
Pre-tax national income 
P80-100 | share | all ages | equal split
";p80p100;1944;;
Kenya ;"sptinc_p80p100_999_j_KE
Pre-tax national income 
P80-100 | share | all ages | equal split
";p80p100;1945;;
Kenya ;"sptinc_p80p100_999_j_KE
Pre-tax national income 
P80-100 | share | all ages | equal split
";p80p100;1946;;
Kenya ;"sptinc_p80p100_999_j_KE
Pre-tax national income 
P80-100 | share | all ages | equal split
";p80p100;1947;;
Kenya ;"sptinc_p80p100_999_j_KE
Pre-tax national income 
P80-100 | share | all ages | equal split
";p80p100;1948;0.6960000000000001;0.0
Kenya ;"sptinc_p80p100_999_j_KE
Pre-tax national income 
P80-100 | share | all ages | equal split
";p80p100;1949;0.6949000000000001;0.0
Kenya ;"sptinc_p80p100_999_j_KE
Pre-tax national income 
P80-100 | share | all ages | equal split
";p80p100;1950;0.6964;0.0
Kenya ;"sptinc_p80p100_999_j_KE
Pre-tax national income 
P80-100 | share | all ages | equal split
";p80p100;1951;0.7012;0.0
Kenya ;"sptinc_p80p100_999_j_KE
Pre-tax national income 
P80-100 | share | all ages | equal split
";p80p100;1952;0.7046;0.0
Kenya ;"sptinc_p80p100_999_j_KE
Pre-tax national income 
P80-100 | share | all ages | equal split
";p80p100;1953;0.7103;0.0
Kenya ;"sptinc_p80p100_999_j_KE
Pre-tax national income 
P80-100 | share | all ages | equal split
";p80p100;1954;0.7135;0.0
Kenya ;"sptinc_p80p100_999_j_KE
Pre-tax national income 
P80-100 | share | all ages | equal split
";p80p100;1955;0.7164;0.0
Kenya ;"sptinc_p80p100_999_j_KE
Pre-tax national income 
P80-100 | share | all ages | equal split
";p80p100;1956;0.7215;0.0
Kenya ;"sptinc_p80p100_999_j_KE
Pre-tax national income 
P80-100 | share | all ages | equal split
";p80p100;1957;0.7240000000000001;0.0
Kenya ;"sptinc_p80p100_999_j_KE
Pre-tax national income 
P80-100 | share | all ages | equal split
";p80p100;1958;0.7283000000000001;0.0
Kenya ;"sptinc_p80p100_999_j_KE
Pre-tax national income 
P80-100 | share | all ages | equal split
";p80p100;1959;0.7326;0.0
Kenya ;"sptinc_p80p100_999_j_KE
Pre-tax national income 
P80-100 | share | all ages | equal split
";p80p100;1960;0.7368;0.0
Kenya ;"sptinc_p80p100_999_j_KE
Pre-tax national income 
P80-100 | share | all ages | equal split
";p80p100;1961;0.7389;0.0
Kenya ;"sptinc_p80p100_999_j_KE
Pre-tax national income 
P80-100 | share | all ages | equal split
";p80p100;1962;0.74;0.0
Kenya ;"sptinc_p80p100_999_j_KE
Pre-tax national income 
P80-100 | share | all ages | equal split
";p80p100;1963;0.7415;0.0
Kenya ;"sptinc_p80p100_999_j_KE
Pre-tax national income 
P80-100 | share | all ages | equal split
";p80p100;1964;0.7425;0.0
Kenya ;"sptinc_p80p100_999_j_KE
Pre-tax national income 
P80-100 | share | all ages | equal split
";p80p100;1965;0.7451;0.0
Kenya ;"sptinc_p80p100_999_j_KE
Pre-tax national income 
P80-100 | share | all ages | equal split
";p80p100;1966;0.7447;0.0
Kenya ;"sptinc_p80p100_999_j_KE
Pre-tax national income 
P80-100 | share | all ages | equal split
";p80p100;1967;0.7468;0.0
Kenya ;"sptinc_p80p100_999_j_KE
Pre-tax national income 
P80-100 | share | all ages | equal split
";p80p100;1968;0.7489;0.0
Kenya ;"sptinc_p80p100_999_j_KE
Pre-tax national income 
P80-100 | share | all ages | equal split
";p80p100;1969;0.7491;0.0
Kenya ;"sptinc_p80p100_999_j_KE
Pre-tax national income 
P80-100 | share | all ages | equal split
";p80p100;1970;0.7402000000000001;0.0
Kenya ;"sptinc_p80p100_999_j_KE
Pre-tax national income 
P80-100 | share | all ages | equal split
";p80p100;1971;;
Kenya ;"sptinc_p80p100_999_j_KE
Pre-tax national income 
P80-100 | share | all ages | equal split
";p80p100;1972;;
Kenya ;"sptinc_p80p100_999_j_KE
Pre-tax national income 
P80-100 | share | all ages | equal split
";p80p100;1973;;
Kenya ;"sptinc_p80p100_999_j_KE
Pre-tax national income 
P80-100 | share | all ages | equal split
";p80p100;1974;;
Kenya ;"sptinc_p80p100_999_j_KE
Pre-tax national income 
P80-100 | share | all ages | equal split
";p80p100;1975;;
Kenya ;"sptinc_p80p100_999_j_KE
Pre-tax national income 
P80-100 | share | all ages | equal split
";p80p100;1976;;
Kenya ;"sptinc_p80p100_999_j_KE
Pre-tax national income 
P80-100 | share | all ages | equal split
";p80p100;1977;;
Kenya ;"sptinc_p80p100_999_j_KE
Pre-tax national income 
P80-100 | share | all ages | equal split
";p80p100;1978;;
Kenya ;"sptinc_p80p100_999_j_KE
Pre-tax national income 
P80-100 | share | all ages | equal split
";p80p100;1979;;
Kenya ;"sptinc_p80p100_999_j_KE
Pre-tax national income 
P80-100 | share | all ages | equal split
";p80p100;1980;0.7721;1.0
Kenya ;"sptinc_p80p100_999_j_KE
Pre-tax national income 
P80-100 | share | all ages | equal split
";p80p100;1981;0.7721;1.0
Kenya ;"sptinc_p80p100_999_j_KE
Pre-tax national income 
P80-100 | share | all ages | equal split
";p80p100;1982;0.7721;1.0
Kenya ;"sptinc_p80p100_999_j_KE
Pre-tax national income 
P80-100 | share | all ages | equal split
";p80p100;1983;0.7721;1.0
Kenya ;"sptinc_p80p100_999_j_KE
Pre-tax national income 
P80-100 | share | all ages | equal split
";p80p100;1984;0.7721;1.0
Kenya ;"sptinc_p80p100_999_j_KE
Pre-tax national income 
P80-100 | share | all ages | equal split
";p80p100;1985;0.7721;1.0
Kenya ;"sptinc_p80p100_999_j_KE
Pre-tax national income 
P80-100 | share | all ages | equal split
";p80p100;1986;0.7721;1.0
Kenya ;"sptinc_p80p100_999_j_KE
Pre-tax national income 
P80-100 | share | all ages | equal split
";p80p100;1987;0.7721;1.0
Kenya ;"sptinc_p80p100_999_j_KE
Pre-tax national income 
P80-100 | share | all ages | equal split
";p80p100;1988;0.7721;1.0
Kenya ;"sptinc_p80p100_999_j_KE
Pre-tax national income 
P80-100 | share | all ages | equal split
";p80p100;1989;0.7721;1.0
Kenya ;"sptinc_p80p100_999_j_KE
Pre-tax national income 
P80-100 | share | all ages | equal split
";p80p100;1990;0.7721;1.0
Kenya ;"sptinc_p80p100_999_j_KE
Pre-tax national income 
P80-100 | share | all ages | equal split
";p80p100;1991;0.7721;1.0
Kenya ;"sptinc_p80p100_999_j_KE
Pre-tax national income 
P80-100 | share | all ages | equal split
";p80p100;1992;0.7721;3.0
Kenya ;"sptinc_p80p100_999_j_KE
Pre-tax national income 
P80-100 | share | all ages | equal split
";p80p100;1993;0.7123;2.0
Kenya ;"sptinc_p80p100_999_j_KE
Pre-tax national income 
P80-100 | share | all ages | equal split
";p80p100;1994;0.6523;3.0
Kenya ;"sptinc_p80p100_999_j_KE
Pre-tax national income 
P80-100 | share | all ages | equal split
";p80p100;1995;0.6613;2.0
Kenya ;"sptinc_p80p100_999_j_KE
Pre-tax national income 
P80-100 | share | all ages | equal split
";p80p100;1996;0.6703;2.0
Kenya ;"sptinc_p80p100_999_j_KE
Pre-tax national income 
P80-100 | share | all ages | equal split
";p80p100;1997;0.6793;3.0
Kenya ;"sptinc_p80p100_999_j_KE
Pre-tax national income 
P80-100 | share | all ages | equal split
";p80p100;1998;0.6801;2.0
Kenya ;"sptinc_p80p100_999_j_KE
Pre-tax national income 
P80-100 | share | all ages | equal split
";p80p100;1999;0.6808000000000001;2.0
Kenya ;"sptinc_p80p100_999_j_KE
Pre-tax national income 
P80-100 | share | all ages | equal split
";p80p100;2000;0.6816;2.0
Kenya ;"sptinc_p80p100_999_j_KE
Pre-tax national income 
P80-100 | share | all ages | equal split
";p80p100;2001;0.6824;2.0
Kenya ;"sptinc_p80p100_999_j_KE
Pre-tax national income 
P80-100 | share | all ages | equal split
";p80p100;2002;0.6831;2.0
Kenya ;"sptinc_p80p100_999_j_KE
Pre-tax national income 
P80-100 | share | all ages | equal split
";p80p100;2003;0.6839000000000001;2.0
Kenya ;"sptinc_p80p100_999_j_KE
Pre-tax national income 
P80-100 | share | all ages | equal split
";p80p100;2004;0.6847000000000001;2.0
Kenya ;"sptinc_p80p100_999_j_KE
Pre-tax national income 
P80-100 | share | all ages | equal split
";p80p100;2005;0.6855;3.0
Kenya ;"sptinc_p80p100_999_j_KE
Pre-tax national income 
P80-100 | share | all ages | equal split
";p80p100;2006;0.6806;2.0
Kenya ;"sptinc_p80p100_999_j_KE
Pre-tax national income 
P80-100 | share | all ages | equal split
";p80p100;2007;0.6757000000000001;2.0
Kenya ;"sptinc_p80p100_999_j_KE
Pre-tax national income 
P80-100 | share | all ages | equal split
";p80p100;2008;0.6708000000000001;2.0
Kenya ;"sptinc_p80p100_999_j_KE
Pre-tax national income 
P80-100 | share | all ages | equal split
";p80p100;2009;0.6659;2.0
Kenya ;"sptinc_p80p100_999_j_KE
Pre-tax national income 
P80-100 | share | all ages | equal split
";p80p100;2010;0.661;2.0
Kenya ;"sptinc_p80p100_999_j_KE
Pre-tax national income 
P80-100 | share | all ages | equal split
";p80p100;2011;0.6561;2.0
Kenya ;"sptinc_p80p100_999_j_KE
Pre-tax national income 
P80-100 | share | all ages | equal split
";p80p100;2012;0.6512;2.0
Kenya ;"sptinc_p80p100_999_j_KE
Pre-tax national income 
P80-100 | share | all ages | equal split
";p80p100;2013;0.6463;2.0
Kenya ;"sptinc_p80p100_999_j_KE
Pre-tax national income 
P80-100 | share | all ages | equal split
";p80p100;2014;0.6414000000000001;2.0
Kenya ;"sptinc_p80p100_999_j_KE
Pre-tax national income 
P80-100 | share | all ages | equal split
";p80p100;2015;0.6365000000000001;3.0
Kenya ;"sptinc_p80p100_999_j_KE
Pre-tax national income 
P80-100 | share | all ages | equal split
";p80p100;2016;0.6297;2.0
Kenya ;"sptinc_p80p100_999_j_KE
Pre-tax national income 
P80-100 | share | all ages | equal split
";p80p100;2017;0.6228;2.0
Kenya ;"sptinc_p80p100_999_j_KE
Pre-tax national income 
P80-100 | share | all ages | equal split
";p80p100;2018;0.6159;2.0
Kenya ;"sptinc_p80p100_999_j_KE
Pre-tax national income 
P80-100 | share | all ages | equal split
";p80p100;2019;0.609;2.0
Kenya ;"sptinc_p80p100_999_j_KE
Pre-tax national income 
P80-100 | share | all ages | equal split
";p80p100;2020;0.6021000000000001;3.0
Kenya ;"sptinc_p80p100_999_j_KE
Pre-tax national income 
P80-100 | share | all ages | equal split
";p80p100;2021;0.6364000000000001;3.0
Kenya ;"sptinc_p80p100_999_j_KE
Pre-tax national income 
P80-100 | share | all ages | equal split
";p80p100;2022;0.6204000000000001;3.0
Kenya ;"sptinc_p80p100_999_j_KE
Pre-tax national income 
P80-100 | share | all ages | equal split
";p80p100;2023;0.6204000000000001;1.0
Kenya ;"sptinc_p80p100_999_j_KE
Pre-tax national income 
P80-100 | share | all ages | equal split
";p80p100;2024;0.6204000000000001;1.0
Kiribati ;"sptinc_p80p100_999_j_KI
Pre-tax national income 
P80-100 | share | all ages | equal split
";p80p100;1940;;
Kiribati ;"sptinc_p80p100_999_j_KI
Pre-tax national income 
P80-100 | share | all ages | equal split
";p80p100;1941;;
Kiribati ;"sptinc_p80p100_999_j_KI
Pre-tax national income 
P80-100 | share | all ages | equal split
";p80p100;1942;;
Kiribati ;"sptinc_p80p100_999_j_KI
Pre-tax national income 
P80-100 | share | all ages | equal split
";p80p100;1943;;
Kiribati ;"sptinc_p80p100_999_j_KI
Pre-tax national income 
P80-100 | share | all ages | equal split
";p80p100;1944;;
Kiribati ;"sptinc_p80p100_999_j_KI
Pre-tax national income 
P80-100 | share | all ages | equal split
";p80p100;1945;;
Kiribati ;"sptinc_p80p100_999_j_KI
Pre-tax national income 
P80-100 | share | all ages | equal split
";p80p100;1946;;
Kiribati ;"sptinc_p80p100_999_j_KI
Pre-tax national income 
P80-100 | share | all ages | equal split
";p80p100;1947;;
Kiribati ;"sptinc_p80p100_999_j_KI
Pre-tax national income 
P80-100 | share | all ages | equal split
";p80p100;1948;;
Kiribati ;"sptinc_p80p100_999_j_KI
Pre-tax national income 
P80-100 | share | all ages | equal split
";p80p100;1949;;
Kiribati ;"sptinc_p80p100_999_j_KI
Pre-tax national income 
P80-100 | share | all ages | equal split
";p80p100;1950;;
Kiribati ;"sptinc_p80p100_999_j_KI
Pre-tax national income 
P80-100 | share | all ages | equal split
";p80p100;1951;;
Kiribati ;"sptinc_p80p100_999_j_KI
Pre-tax national income 
P80-100 | share | all ages | equal split
";p80p100;1952;;
Kiribati ;"sptinc_p80p100_999_j_KI
Pre-tax national income 
P80-100 | share | all ages | equal split
";p80p100;1953;;
Kiribati ;"sptinc_p80p100_999_j_KI
Pre-tax national income 
P80-100 | share | all ages | equal split
";p80p100;1954;;
Kiribati ;"sptinc_p80p100_999_j_KI
Pre-tax national income 
P80-100 | share | all ages | equal split
";p80p100;1955;;
Kiribati ;"sptinc_p80p100_999_j_KI
Pre-tax national income 
P80-100 | share | all ages | equal split
";p80p100;1956;;
Kiribati ;"sptinc_p80p100_999_j_KI
Pre-tax national income 
P80-100 | share | all ages | equal split
";p80p100;1957;;
Kiribati ;"sptinc_p80p100_999_j_KI
Pre-tax national income 
P80-100 | share | all ages | equal split
";p80p100;1958;;
Kiribati ;"sptinc_p80p100_999_j_KI
Pre-tax national income 
P80-100 | share | all ages | equal split
";p80p100;1959;;
Kiribati ;"sptinc_p80p100_999_j_KI
Pre-tax national income 
P80-100 | share | all ages | equal split
";p80p100;1960;;
Kiribati ;"sptinc_p80p100_999_j_KI
Pre-tax national income 
P80-100 | share | all ages | equal split
";p80p100;1961;;
Kiribati ;"sptinc_p80p100_999_j_KI
Pre-tax national income 
P80-100 | share | all ages | equal split
";p80p100;1962;;
Kiribati ;"sptinc_p80p100_999_j_KI
Pre-tax national income 
P80-100 | share | all ages | equal split
";p80p100;1963;;
Kiribati ;"sptinc_p80p100_999_j_KI
Pre-tax national income 
P80-100 | share | all ages | equal split
";p80p100;1964;;
Kiribati ;"sptinc_p80p100_999_j_KI
Pre-tax national income 
P80-100 | share | all ages | equal split
";p80p100;1965;;
Kiribati ;"sptinc_p80p100_999_j_KI
Pre-tax national income 
P80-100 | share | all ages | equal split
";p80p100;1966;;
Kiribati ;"sptinc_p80p100_999_j_KI
Pre-tax national income 
P80-100 | share | all ages | equal split
";p80p100;1967;;
Kiribati ;"sptinc_p80p100_999_j_KI
Pre-tax national income 
P80-100 | share | all ages | equal split
";p80p100;1968;;
Kiribati ;"sptinc_p80p100_999_j_KI
Pre-tax national income 
P80-100 | share | all ages | equal split
";p80p100;1969;;
Kiribati ;"sptinc_p80p100_999_j_KI
Pre-tax national income 
P80-100 | share | all ages | equal split
";p80p100;1970;;
Kiribati ;"sptinc_p80p100_999_j_KI
Pre-tax national income 
P80-100 | share | all ages | equal split
";p80p100;1971;;
Kiribati ;"sptinc_p80p100_999_j_KI
Pre-tax national income 
P80-100 | share | all ages | equal split
";p80p100;1972;;
Kiribati ;"sptinc_p80p100_999_j_KI
Pre-tax national income 
P80-100 | share | all ages | equal split
";p80p100;1973;;
Kiribati ;"sptinc_p80p100_999_j_KI
Pre-tax national income 
P80-100 | share | all ages | equal split
";p80p100;1974;;
Kiribati ;"sptinc_p80p100_999_j_KI
Pre-tax national income 
P80-100 | share | all ages | equal split
";p80p100;1975;;
Kiribati ;"sptinc_p80p100_999_j_KI
Pre-tax national income 
P80-100 | share | all ages | equal split
";p80p100;1976;;
Kiribati ;"sptinc_p80p100_999_j_KI
Pre-tax national income 
P80-100 | share | all ages | equal split
";p80p100;1977;;
Kiribati ;"sptinc_p80p100_999_j_KI
Pre-tax national income 
P80-100 | share | all ages | equal split
";p80p100;1978;;
Kiribati ;"sptinc_p80p100_999_j_KI
Pre-tax national income 
P80-100 | share | all ages | equal split
";p80p100;1979;;
Kiribati ;"sptinc_p80p100_999_j_KI
Pre-tax national income 
P80-100 | share | all ages | equal split
";p80p100;1980;0.4749;0.0
Kiribati ;"sptinc_p80p100_999_j_KI
Pre-tax national income 
P80-100 | share | all ages | equal split
";p80p100;1981;0.4755;0.0
Kiribati ;"sptinc_p80p100_999_j_KI
Pre-tax national income 
P80-100 | share | all ages | equal split
";p80p100;1982;0.4762;0.0
Kiribati ;"sptinc_p80p100_999_j_KI
Pre-tax national income 
P80-100 | share | all ages | equal split
";p80p100;1983;0.4769;0.0
Kiribati ;"sptinc_p80p100_999_j_KI
Pre-tax national income 
P80-100 | share | all ages | equal split
";p80p100;1984;0.4776;0.0
Kiribati ;"sptinc_p80p100_999_j_KI
Pre-tax national income 
P80-100 | share | all ages | equal split
";p80p100;1985;0.4783;0.0
Kiribati ;"sptinc_p80p100_999_j_KI
Pre-tax national income 
P80-100 | share | all ages | equal split
";p80p100;1986;0.4791;0.0
Kiribati ;"sptinc_p80p100_999_j_KI
Pre-tax national income 
P80-100 | share | all ages | equal split
";p80p100;1987;0.4798;0.0
Kiribati ;"sptinc_p80p100_999_j_KI
Pre-tax national income 
P80-100 | share | all ages | equal split
";p80p100;1988;0.4806;0.0
Kiribati ;"sptinc_p80p100_999_j_KI
Pre-tax national income 
P80-100 | share | all ages | equal split
";p80p100;1989;0.4813;0.0
Kiribati ;"sptinc_p80p100_999_j_KI
Pre-tax national income 
P80-100 | share | all ages | equal split
";p80p100;1990;0.4821;0.0
Kiribati ;"sptinc_p80p100_999_j_KI
Pre-tax national income 
P80-100 | share | all ages | equal split
";p80p100;1991;0.4838;0.0
Kiribati ;"sptinc_p80p100_999_j_KI
Pre-tax national income 
P80-100 | share | all ages | equal split
";p80p100;1992;0.4854;0.0
Kiribati ;"sptinc_p80p100_999_j_KI
Pre-tax national income 
P80-100 | share | all ages | equal split
";p80p100;1993;0.4869;0.0
Kiribati ;"sptinc_p80p100_999_j_KI
Pre-tax national income 
P80-100 | share | all ages | equal split
";p80p100;1994;0.4885;0.0
Kiribati ;"sptinc_p80p100_999_j_KI
Pre-tax national income 
P80-100 | share | all ages | equal split
";p80p100;1995;0.4899;0.0
Kiribati ;"sptinc_p80p100_999_j_KI
Pre-tax national income 
P80-100 | share | all ages | equal split
";p80p100;1996;0.4913;0.0
Kiribati ;"sptinc_p80p100_999_j_KI
Pre-tax national income 
P80-100 | share | all ages | equal split
";p80p100;1997;0.4927;0.0
Kiribati ;"sptinc_p80p100_999_j_KI
Pre-tax national income 
P80-100 | share | all ages | equal split
";p80p100;1998;0.4940000000000001;0.0
Kiribati ;"sptinc_p80p100_999_j_KI
Pre-tax national income 
P80-100 | share | all ages | equal split
";p80p100;1999;0.4953;0.0
Kiribati ;"sptinc_p80p100_999_j_KI
Pre-tax national income 
P80-100 | share | all ages | equal split
";p80p100;2000;0.4966;0.0
Kiribati ;"sptinc_p80p100_999_j_KI
Pre-tax national income 
P80-100 | share | all ages | equal split
";p80p100;2001;0.5054000000000001;0.0
Kiribati ;"sptinc_p80p100_999_j_KI
Pre-tax national income 
P80-100 | share | all ages | equal split
";p80p100;2002;0.514;0.0
Kiribati ;"sptinc_p80p100_999_j_KI
Pre-tax national income 
P80-100 | share | all ages | equal split
";p80p100;2003;0.5224;0.0
Kiribati ;"sptinc_p80p100_999_j_KI
Pre-tax national income 
P80-100 | share | all ages | equal split
";p80p100;2004;0.5306000000000001;0.0
Kiribati ;"sptinc_p80p100_999_j_KI
Pre-tax national income 
P80-100 | share | all ages | equal split
";p80p100;2005;0.5386000000000001;0.0
Kiribati ;"sptinc_p80p100_999_j_KI
Pre-tax national income 
P80-100 | share | all ages | equal split
";p80p100;2006;0.5465;0.0
Kiribati ;"sptinc_p80p100_999_j_KI
Pre-tax national income 
P80-100 | share | all ages | equal split
";p80p100;2007;0.5541;0.0
Kiribati ;"sptinc_p80p100_999_j_KI
Pre-tax national income 
P80-100 | share | all ages | equal split
";p80p100;2008;0.5616;0.0
Kiribati ;"sptinc_p80p100_999_j_KI
Pre-tax national income 
P80-100 | share | all ages | equal split
";p80p100;2009;0.5689000000000001;0.0
Kiribati ;"sptinc_p80p100_999_j_KI
Pre-tax national income 
P80-100 | share | all ages | equal split
";p80p100;2010;0.5761000000000001;0.0
Kiribati ;"sptinc_p80p100_999_j_KI
Pre-tax national income 
P80-100 | share | all ages | equal split
";p80p100;2011;0.5782;0.0
Kiribati ;"sptinc_p80p100_999_j_KI
Pre-tax national income 
P80-100 | share | all ages | equal split
";p80p100;2012;0.5803;0.0
Kiribati ;"sptinc_p80p100_999_j_KI
Pre-tax national income 
P80-100 | share | all ages | equal split
";p80p100;2013;0.5822;0.0
Kiribati ;"sptinc_p80p100_999_j_KI
Pre-tax national income 
P80-100 | share | all ages | equal split
";p80p100;2014;0.5841000000000001;0.0
Kiribati ;"sptinc_p80p100_999_j_KI
Pre-tax national income 
P80-100 | share | all ages | equal split
";p80p100;2015;0.5859;0.0
Kiribati ;"sptinc_p80p100_999_j_KI
Pre-tax national income 
P80-100 | share | all ages | equal split
";p80p100;2016;0.5876;0.0
Kiribati ;"sptinc_p80p100_999_j_KI
Pre-tax national income 
P80-100 | share | all ages | equal split
";p80p100;2017;0.5892000000000001;0.0
Kiribati ;"sptinc_p80p100_999_j_KI
Pre-tax national income 
P80-100 | share | all ages | equal split
";p80p100;2018;0.5908;0.0
Kiribati ;"sptinc_p80p100_999_j_KI
Pre-tax national income 
P80-100 | share | all ages | equal split
";p80p100;2019;0.5923;0.0
Kiribati ;"sptinc_p80p100_999_j_KI
Pre-tax national income 
P80-100 | share | all ages | equal split
";p80p100;2020;0.5937;0.0
Kiribati ;"sptinc_p80p100_999_j_KI
Pre-tax national income 
P80-100 | share | all ages | equal split
";p80p100;2021;0.5937;0.0
Kiribati ;"sptinc_p80p100_999_j_KI
Pre-tax national income 
P80-100 | share | all ages | equal split
";p80p100;2022;0.5937;0.0
Kiribati ;"sptinc_p80p100_999_j_KI
Pre-tax national income 
P80-100 | share | all ages | equal split
";p80p100;2023;0.5937;0.0
Kiribati ;"sptinc_p80p100_999_j_KI
Pre-tax national income 
P80-100 | share | all ages | equal split
";p80p100;2024;0.5937;0.0
Korea ;"sptinc_p80p100_999_j_KR
Pre-tax national income 
P80-100 | share | all ages | equal split
";p80p100;1940;0.6238;0.0
Korea ;"sptinc_p80p100_999_j_KR
Pre-tax national income 
P80-100 | share | all ages | equal split
";p80p100;1941;0.6096;0.0
Korea ;"sptinc_p80p100_999_j_KR
Pre-tax national income 
P80-100 | share | all ages | equal split
";p80p100;1942;0.5937;0.0
Korea ;"sptinc_p80p100_999_j_KR
Pre-tax national income 
P80-100 | share | all ages | equal split
";p80p100;1943;0.5807;0.0
Korea ;"sptinc_p80p100_999_j_KR
Pre-tax national income 
P80-100 | share | all ages | equal split
";p80p100;1944;0.5649000000000001;0.0
Korea ;"sptinc_p80p100_999_j_KR
Pre-tax national income 
P80-100 | share | all ages | equal split
";p80p100;1945;0.5489;0.0
Korea ;"sptinc_p80p100_999_j_KR
Pre-tax national income 
P80-100 | share | all ages | equal split
";p80p100;1946;0.5352;0.0
Korea ;"sptinc_p80p100_999_j_KR
Pre-tax national income 
P80-100 | share | all ages | equal split
";p80p100;1947;0.5195000000000001;0.0
Korea ;"sptinc_p80p100_999_j_KR
Pre-tax national income 
P80-100 | share | all ages | equal split
";p80p100;1948;0.5038;0.0
Korea ;"sptinc_p80p100_999_j_KR
Pre-tax national income 
P80-100 | share | all ages | equal split
";p80p100;1949;0.4886;0.0
Korea ;"sptinc_p80p100_999_j_KR
Pre-tax national income 
P80-100 | share | all ages | equal split
";p80p100;1950;0.473;0.0
Korea ;"sptinc_p80p100_999_j_KR
Pre-tax national income 
P80-100 | share | all ages | equal split
";p80p100;1951;0.4756;0.0
Korea ;"sptinc_p80p100_999_j_KR
Pre-tax national income 
P80-100 | share | all ages | equal split
";p80p100;1952;0.4779;0.0
Korea ;"sptinc_p80p100_999_j_KR
Pre-tax national income 
P80-100 | share | all ages | equal split
";p80p100;1953;0.4807;0.0
Korea ;"sptinc_p80p100_999_j_KR
Pre-tax national income 
P80-100 | share | all ages | equal split
";p80p100;1954;0.4831;0.0
Korea ;"sptinc_p80p100_999_j_KR
Pre-tax national income 
P80-100 | share | all ages | equal split
";p80p100;1955;0.4853;0.0
Korea ;"sptinc_p80p100_999_j_KR
Pre-tax national income 
P80-100 | share | all ages | equal split
";p80p100;1956;0.488;0.0
Korea ;"sptinc_p80p100_999_j_KR
Pre-tax national income 
P80-100 | share | all ages | equal split
";p80p100;1957;0.4902;0.0
Korea ;"sptinc_p80p100_999_j_KR
Pre-tax national income 
P80-100 | share | all ages | equal split
";p80p100;1958;0.4925;0.0
Korea ;"sptinc_p80p100_999_j_KR
Pre-tax national income 
P80-100 | share | all ages | equal split
";p80p100;1959;0.4948;0.0
Korea ;"sptinc_p80p100_999_j_KR
Pre-tax national income 
P80-100 | share | all ages | equal split
";p80p100;1960;0.497;0.0
Korea ;"sptinc_p80p100_999_j_KR
Pre-tax national income 
P80-100 | share | all ages | equal split
";p80p100;1961;0.4948;0.0
Korea ;"sptinc_p80p100_999_j_KR
Pre-tax national income 
P80-100 | share | all ages | equal split
";p80p100;1962;0.4935;0.0
Korea ;"sptinc_p80p100_999_j_KR
Pre-tax national income 
P80-100 | share | all ages | equal split
";p80p100;1963;0.4907;0.0
Korea ;"sptinc_p80p100_999_j_KR
Pre-tax national income 
P80-100 | share | all ages | equal split
";p80p100;1964;0.4891;0.0
Korea ;"sptinc_p80p100_999_j_KR
Pre-tax national income 
P80-100 | share | all ages | equal split
";p80p100;1965;0.488;0.0
Korea ;"sptinc_p80p100_999_j_KR
Pre-tax national income 
P80-100 | share | all ages | equal split
";p80p100;1966;0.485;0.0
Korea ;"sptinc_p80p100_999_j_KR
Pre-tax national income 
P80-100 | share | all ages | equal split
";p80p100;1967;0.4836;0.0
Korea ;"sptinc_p80p100_999_j_KR
Pre-tax national income 
P80-100 | share | all ages | equal split
";p80p100;1968;0.4825;0.0
Korea ;"sptinc_p80p100_999_j_KR
Pre-tax national income 
P80-100 | share | all ages | equal split
";p80p100;1969;0.4794;0.0
Korea ;"sptinc_p80p100_999_j_KR
Pre-tax national income 
P80-100 | share | all ages | equal split
";p80p100;1970;0.5106;0.0
Korea ;"sptinc_p80p100_999_j_KR
Pre-tax national income 
P80-100 | share | all ages | equal split
";p80p100;1971;0.477;0.0
Korea ;"sptinc_p80p100_999_j_KR
Pre-tax national income 
P80-100 | share | all ages | equal split
";p80p100;1972;0.4765;0.0
Korea ;"sptinc_p80p100_999_j_KR
Pre-tax national income 
P80-100 | share | all ages | equal split
";p80p100;1973;0.4726;0.0
Korea ;"sptinc_p80p100_999_j_KR
Pre-tax national income 
P80-100 | share | all ages | equal split
";p80p100;1974;0.4716;0.0
Korea ;"sptinc_p80p100_999_j_KR
Pre-tax national income 
P80-100 | share | all ages | equal split
";p80p100;1975;0.4709;0.0
Korea ;"sptinc_p80p100_999_j_KR
Pre-tax national income 
P80-100 | share | all ages | equal split
";p80p100;1976;0.4672;0.0
Korea ;"sptinc_p80p100_999_j_KR
Pre-tax national income 
P80-100 | share | all ages | equal split
";p80p100;1977;0.4663;0.0
Korea ;"sptinc_p80p100_999_j_KR
Pre-tax national income 
P80-100 | share | all ages | equal split
";p80p100;1978;0.4655;0.0
Korea ;"sptinc_p80p100_999_j_KR
Pre-tax national income 
P80-100 | share | all ages | equal split
";p80p100;1979;0.4629;0.0
Korea ;"sptinc_p80p100_999_j_KR
Pre-tax national income 
P80-100 | share | all ages | equal split
";p80p100;1980;0.4755;1.0
Korea ;"sptinc_p80p100_999_j_KR
Pre-tax national income 
P80-100 | share | all ages | equal split
";p80p100;1981;0.4755;1.0
Korea ;"sptinc_p80p100_999_j_KR
Pre-tax national income 
P80-100 | share | all ages | equal split
";p80p100;1982;0.4755;3.0
Korea ;"sptinc_p80p100_999_j_KR
Pre-tax national income 
P80-100 | share | all ages | equal split
";p80p100;1983;0.4289;2.0
Korea ;"sptinc_p80p100_999_j_KR
Pre-tax national income 
P80-100 | share | all ages | equal split
";p80p100;1984;0.4334;2.0
Korea ;"sptinc_p80p100_999_j_KR
Pre-tax national income 
P80-100 | share | all ages | equal split
";p80p100;1985;0.4288;2.0
Korea ;"sptinc_p80p100_999_j_KR
Pre-tax national income 
P80-100 | share | all ages | equal split
";p80p100;1986;0.4241;2.0
Korea ;"sptinc_p80p100_999_j_KR
Pre-tax national income 
P80-100 | share | all ages | equal split
";p80p100;1987;0.419;2.0
Korea ;"sptinc_p80p100_999_j_KR
Pre-tax national income 
P80-100 | share | all ages | equal split
";p80p100;1988;0.4136;2.0
Korea ;"sptinc_p80p100_999_j_KR
Pre-tax national income 
P80-100 | share | all ages | equal split
";p80p100;1989;0.4221;2.0
Korea ;"sptinc_p80p100_999_j_KR
Pre-tax national income 
P80-100 | share | all ages | equal split
";p80p100;1990;0.4175;2.0
Korea ;"sptinc_p80p100_999_j_KR
Pre-tax national income 
P80-100 | share | all ages | equal split
";p80p100;1991;0.4477;3.0
Korea ;"sptinc_p80p100_999_j_KR
Pre-tax national income 
P80-100 | share | all ages | equal split
";p80p100;1992;0.4022;2.0
Korea ;"sptinc_p80p100_999_j_KR
Pre-tax national income 
P80-100 | share | all ages | equal split
";p80p100;1993;0.4037;2.0
Korea ;"sptinc_p80p100_999_j_KR
Pre-tax national income 
P80-100 | share | all ages | equal split
";p80p100;1994;0.3875;2.0
Korea ;"sptinc_p80p100_999_j_KR
Pre-tax national income 
P80-100 | share | all ages | equal split
";p80p100;1995;0.3836;2.0
Korea ;"sptinc_p80p100_999_j_KR
Pre-tax national income 
P80-100 | share | all ages | equal split
";p80p100;1996;0.4123;2.0
Korea ;"sptinc_p80p100_999_j_KR
Pre-tax national income 
P80-100 | share | all ages | equal split
";p80p100;1997;0.3887;2.0
Korea ;"sptinc_p80p100_999_j_KR
Pre-tax national income 
P80-100 | share | all ages | equal split
";p80p100;1998;0.3899;2.0
Korea ;"sptinc_p80p100_999_j_KR
Pre-tax national income 
P80-100 | share | all ages | equal split
";p80p100;1999;0.3979;2.0
Korea ;"sptinc_p80p100_999_j_KR
Pre-tax national income 
P80-100 | share | all ages | equal split
";p80p100;2000;0.449;4.0
Korea ;"sptinc_p80p100_999_j_KR
Pre-tax national income 
P80-100 | share | all ages | equal split
";p80p100;2001;0.4175;2.0
Korea ;"sptinc_p80p100_999_j_KR
Pre-tax national income 
P80-100 | share | all ages | equal split
";p80p100;2002;0.4377;2.0
Korea ;"sptinc_p80p100_999_j_KR
Pre-tax national income 
P80-100 | share | all ages | equal split
";p80p100;2003;0.4378;2.0
Korea ;"sptinc_p80p100_999_j_KR
Pre-tax national income 
P80-100 | share | all ages | equal split
";p80p100;2004;0.4476;2.0
Korea ;"sptinc_p80p100_999_j_KR
Pre-tax national income 
P80-100 | share | all ages | equal split
";p80p100;2005;0.4571;2.0
Korea ;"sptinc_p80p100_999_j_KR
Pre-tax national income 
P80-100 | share | all ages | equal split
";p80p100;2006;0.4969;4.0
Korea ;"sptinc_p80p100_999_j_KR
Pre-tax national income 
P80-100 | share | all ages | equal split
";p80p100;2007;0.5073;4.0
Korea ;"sptinc_p80p100_999_j_KR
Pre-tax national income 
P80-100 | share | all ages | equal split
";p80p100;2008;0.5127;4.0
Korea ;"sptinc_p80p100_999_j_KR
Pre-tax national income 
P80-100 | share | all ages | equal split
";p80p100;2009;0.5085000000000001;4.0
Korea ;"sptinc_p80p100_999_j_KR
Pre-tax national income 
P80-100 | share | all ages | equal split
";p80p100;2010;0.5252;4.0
Korea ;"sptinc_p80p100_999_j_KR
Pre-tax national income 
P80-100 | share | all ages | equal split
";p80p100;2011;0.5193;4.0
Korea ;"sptinc_p80p100_999_j_KR
Pre-tax national income 
P80-100 | share | all ages | equal split
";p80p100;2012;0.5137;4.0
Korea ;"sptinc_p80p100_999_j_KR
Pre-tax national income 
P80-100 | share | all ages | equal split
";p80p100;2013;0.5025000000000001;4.0
Korea ;"sptinc_p80p100_999_j_KR
Pre-tax national income 
P80-100 | share | all ages | equal split
";p80p100;2014;0.5054000000000001;4.0
Korea ;"sptinc_p80p100_999_j_KR
Pre-tax national income 
P80-100 | share | all ages | equal split
";p80p100;2015;0.5118;4.0
Korea ;"sptinc_p80p100_999_j_KR
Pre-tax national income 
P80-100 | share | all ages | equal split
";p80p100;2016;0.5294;4.0
Korea ;"sptinc_p80p100_999_j_KR
Pre-tax national income 
P80-100 | share | all ages | equal split
";p80p100;2017;0.538;4.0
Korea ;"sptinc_p80p100_999_j_KR
Pre-tax national income 
P80-100 | share | all ages | equal split
";p80p100;2018;0.5349;4.0
Korea ;"sptinc_p80p100_999_j_KR
Pre-tax national income 
P80-100 | share | all ages | equal split
";p80p100;2019;0.5265000000000001;4.0
Korea ;"sptinc_p80p100_999_j_KR
Pre-tax national income 
P80-100 | share | all ages | equal split
";p80p100;2020;0.5304;4.0
Korea ;"sptinc_p80p100_999_j_KR
Pre-tax national income 
P80-100 | share | all ages | equal split
";p80p100;2021;0.5371;4.0
Korea ;"sptinc_p80p100_999_j_KR
Pre-tax national income 
P80-100 | share | all ages | equal split
";p80p100;2022;0.5334;4.0
Korea ;"sptinc_p80p100_999_j_KR
Pre-tax national income 
P80-100 | share | all ages | equal split
";p80p100;2023;0.5334;1.0
Korea ;"sptinc_p80p100_999_j_KR
Pre-tax national income 
P80-100 | share | all ages | equal split
";p80p100;2024;0.5334;1.0
Kosovo ;"sptinc_p80p100_999_j_KS
Pre-tax national income 
P80-100 | share | all ages | equal split
";p80p100;1940;;
Kosovo ;"sptinc_p80p100_999_j_KS
Pre-tax national income 
P80-100 | share | all ages | equal split
";p80p100;1941;;
Kosovo ;"sptinc_p80p100_999_j_KS
Pre-tax national income 
P80-100 | share | all ages | equal split
";p80p100;1942;;
Kosovo ;"sptinc_p80p100_999_j_KS
Pre-tax national income 
P80-100 | share | all ages | equal split
";p80p100;1943;;
Kosovo ;"sptinc_p80p100_999_j_KS
Pre-tax national income 
P80-100 | share | all ages | equal split
";p80p100;1944;;
Kosovo ;"sptinc_p80p100_999_j_KS
Pre-tax national income 
P80-100 | share | all ages | equal split
";p80p100;1945;;
Kosovo ;"sptinc_p80p100_999_j_KS
Pre-tax national income 
P80-100 | share | all ages | equal split
";p80p100;1946;;
Kosovo ;"sptinc_p80p100_999_j_KS
Pre-tax national income 
P80-100 | share | all ages | equal split
";p80p100;1947;;
Kosovo ;"sptinc_p80p100_999_j_KS
Pre-tax national income 
P80-100 | share | all ages | equal split
";p80p100;1948;;
Kosovo ;"sptinc_p80p100_999_j_KS
Pre-tax national income 
P80-100 | share | all ages | equal split
";p80p100;1949;;
Kosovo ;"sptinc_p80p100_999_j_KS
Pre-tax national income 
P80-100 | share | all ages | equal split
";p80p100;1950;;
Kosovo ;"sptinc_p80p100_999_j_KS
Pre-tax national income 
P80-100 | share | all ages | equal split
";p80p100;1951;;
Kosovo ;"sptinc_p80p100_999_j_KS
Pre-tax national income 
P80-100 | share | all ages | equal split
";p80p100;1952;;
Kosovo ;"sptinc_p80p100_999_j_KS
Pre-tax national income 
P80-100 | share | all ages | equal split
";p80p100;1953;;
Kosovo ;"sptinc_p80p100_999_j_KS
Pre-tax national income 
P80-100 | share | all ages | equal split
";p80p100;1954;;
Kosovo ;"sptinc_p80p100_999_j_KS
Pre-tax national income 
P80-100 | share | all ages | equal split
";p80p100;1955;;
Kosovo ;"sptinc_p80p100_999_j_KS
Pre-tax national income 
P80-100 | share | all ages | equal split
";p80p100;1956;;
Kosovo ;"sptinc_p80p100_999_j_KS
Pre-tax national income 
P80-100 | share | all ages | equal split
";p80p100;1957;;
Kosovo ;"sptinc_p80p100_999_j_KS
Pre-tax national income 
P80-100 | share | all ages | equal split
";p80p100;1958;;
Kosovo ;"sptinc_p80p100_999_j_KS
Pre-tax national income 
P80-100 | share | all ages | equal split
";p80p100;1959;;
Kosovo ;"sptinc_p80p100_999_j_KS
Pre-tax national income 
P80-100 | share | all ages | equal split
";p80p100;1960;;
Kosovo ;"sptinc_p80p100_999_j_KS
Pre-tax national income 
P80-100 | share | all ages | equal split
";p80p100;1961;;
Kosovo ;"sptinc_p80p100_999_j_KS
Pre-tax national income 
P80-100 | share | all ages | equal split
";p80p100;1962;;
Kosovo ;"sptinc_p80p100_999_j_KS
Pre-tax national income 
P80-100 | share | all ages | equal split
";p80p100;1963;;
Kosovo ;"sptinc_p80p100_999_j_KS
Pre-tax national income 
P80-100 | share | all ages | equal split
";p80p100;1964;;
Kosovo ;"sptinc_p80p100_999_j_KS
Pre-tax national income 
P80-100 | share | all ages | equal split
";p80p100;1965;;
Kosovo ;"sptinc_p80p100_999_j_KS
Pre-tax national income 
P80-100 | share | all ages | equal split
";p80p100;1966;;
Kosovo ;"sptinc_p80p100_999_j_KS
Pre-tax national income 
P80-100 | share | all ages | equal split
";p80p100;1967;;
Kosovo ;"sptinc_p80p100_999_j_KS
Pre-tax national income 
P80-100 | share | all ages | equal split
";p80p100;1968;;
Kosovo ;"sptinc_p80p100_999_j_KS
Pre-tax national income 
P80-100 | share | all ages | equal split
";p80p100;1969;;
Kosovo ;"sptinc_p80p100_999_j_KS
Pre-tax national income 
P80-100 | share | all ages | equal split
";p80p100;1970;;
Kosovo ;"sptinc_p80p100_999_j_KS
Pre-tax national income 
P80-100 | share | all ages | equal split
";p80p100;1971;;
Kosovo ;"sptinc_p80p100_999_j_KS
Pre-tax national income 
P80-100 | share | all ages | equal split
";p80p100;1972;;
Kosovo ;"sptinc_p80p100_999_j_KS
Pre-tax national income 
P80-100 | share | all ages | equal split
";p80p100;1973;;
Kosovo ;"sptinc_p80p100_999_j_KS
Pre-tax national income 
P80-100 | share | all ages | equal split
";p80p100;1974;;
Kosovo ;"sptinc_p80p100_999_j_KS
Pre-tax national income 
P80-100 | share | all ages | equal split
";p80p100;1975;;
Kosovo ;"sptinc_p80p100_999_j_KS
Pre-tax national income 
P80-100 | share | all ages | equal split
";p80p100;1976;;
Kosovo ;"sptinc_p80p100_999_j_KS
Pre-tax national income 
P80-100 | share | all ages | equal split
";p80p100;1977;;
Kosovo ;"sptinc_p80p100_999_j_KS
Pre-tax national income 
P80-100 | share | all ages | equal split
";p80p100;1978;;
Kosovo ;"sptinc_p80p100_999_j_KS
Pre-tax national income 
P80-100 | share | all ages | equal split
";p80p100;1979;;
Kosovo ;"sptinc_p80p100_999_j_KS
Pre-tax national income 
P80-100 | share | all ages | equal split
";p80p100;1980;0.5073;1.0
Kosovo ;"sptinc_p80p100_999_j_KS
Pre-tax national income 
P80-100 | share | all ages | equal split
";p80p100;1981;0.5073;1.0
Kosovo ;"sptinc_p80p100_999_j_KS
Pre-tax national income 
P80-100 | share | all ages | equal split
";p80p100;1982;0.5073;1.0
Kosovo ;"sptinc_p80p100_999_j_KS
Pre-tax national income 
P80-100 | share | all ages | equal split
";p80p100;1983;0.5073;1.0
Kosovo ;"sptinc_p80p100_999_j_KS
Pre-tax national income 
P80-100 | share | all ages | equal split
";p80p100;1984;0.5073;1.0
Kosovo ;"sptinc_p80p100_999_j_KS
Pre-tax national income 
P80-100 | share | all ages | equal split
";p80p100;1985;0.5073;1.0
Kosovo ;"sptinc_p80p100_999_j_KS
Pre-tax national income 
P80-100 | share | all ages | equal split
";p80p100;1986;0.5073;1.0
Kosovo ;"sptinc_p80p100_999_j_KS
Pre-tax national income 
P80-100 | share | all ages | equal split
";p80p100;1987;0.5073;1.0
Kosovo ;"sptinc_p80p100_999_j_KS
Pre-tax national income 
P80-100 | share | all ages | equal split
";p80p100;1988;0.5073;1.0
Kosovo ;"sptinc_p80p100_999_j_KS
Pre-tax national income 
P80-100 | share | all ages | equal split
";p80p100;1989;0.5073;1.0
Kosovo ;"sptinc_p80p100_999_j_KS
Pre-tax national income 
P80-100 | share | all ages | equal split
";p80p100;1990;0.5073;1.0
Kosovo ;"sptinc_p80p100_999_j_KS
Pre-tax national income 
P80-100 | share | all ages | equal split
";p80p100;1991;0.5073;1.0
Kosovo ;"sptinc_p80p100_999_j_KS
Pre-tax national income 
P80-100 | share | all ages | equal split
";p80p100;1992;0.5073;1.0
Kosovo ;"sptinc_p80p100_999_j_KS
Pre-tax national income 
P80-100 | share | all ages | equal split
";p80p100;1993;0.5073;1.0
Kosovo ;"sptinc_p80p100_999_j_KS
Pre-tax national income 
P80-100 | share | all ages | equal split
";p80p100;1994;0.5073;1.0
Kosovo ;"sptinc_p80p100_999_j_KS
Pre-tax national income 
P80-100 | share | all ages | equal split
";p80p100;1995;0.5073;1.0
Kosovo ;"sptinc_p80p100_999_j_KS
Pre-tax national income 
P80-100 | share | all ages | equal split
";p80p100;1996;0.5073;1.0
Kosovo ;"sptinc_p80p100_999_j_KS
Pre-tax national income 
P80-100 | share | all ages | equal split
";p80p100;1997;0.5073;1.0
Kosovo ;"sptinc_p80p100_999_j_KS
Pre-tax national income 
P80-100 | share | all ages | equal split
";p80p100;1998;0.5073;1.0
Kosovo ;"sptinc_p80p100_999_j_KS
Pre-tax national income 
P80-100 | share | all ages | equal split
";p80p100;1999;0.5073;1.0
Kosovo ;"sptinc_p80p100_999_j_KS
Pre-tax national income 
P80-100 | share | all ages | equal split
";p80p100;2000;0.5057;1.0
Kosovo ;"sptinc_p80p100_999_j_KS
Pre-tax national income 
P80-100 | share | all ages | equal split
";p80p100;2001;0.5066;1.0
Kosovo ;"sptinc_p80p100_999_j_KS
Pre-tax national income 
P80-100 | share | all ages | equal split
";p80p100;2002;0.5068;1.0
Kosovo ;"sptinc_p80p100_999_j_KS
Pre-tax national income 
P80-100 | share | all ages | equal split
";p80p100;2003;0.5081;3.0
Kosovo ;"sptinc_p80p100_999_j_KS
Pre-tax national income 
P80-100 | share | all ages | equal split
";p80p100;2004;0.5095000000000001;3.0
Kosovo ;"sptinc_p80p100_999_j_KS
Pre-tax national income 
P80-100 | share | all ages | equal split
";p80p100;2005;0.5134000000000001;3.0
Kosovo ;"sptinc_p80p100_999_j_KS
Pre-tax national income 
P80-100 | share | all ages | equal split
";p80p100;2006;0.5069;3.0
Kosovo ;"sptinc_p80p100_999_j_KS
Pre-tax national income 
P80-100 | share | all ages | equal split
";p80p100;2007;0.5073;3.0
Kosovo ;"sptinc_p80p100_999_j_KS
Pre-tax national income 
P80-100 | share | all ages | equal split
";p80p100;2008;0.5191;3.0
Kosovo ;"sptinc_p80p100_999_j_KS
Pre-tax national income 
P80-100 | share | all ages | equal split
";p80p100;2009;0.5148;3.0
Kosovo ;"sptinc_p80p100_999_j_KS
Pre-tax national income 
P80-100 | share | all ages | equal split
";p80p100;2010;0.5234;3.0
Kosovo ;"sptinc_p80p100_999_j_KS
Pre-tax national income 
P80-100 | share | all ages | equal split
";p80p100;2011;0.5023;3.0
Kosovo ;"sptinc_p80p100_999_j_KS
Pre-tax national income 
P80-100 | share | all ages | equal split
";p80p100;2012;0.5019;3.0
Kosovo ;"sptinc_p80p100_999_j_KS
Pre-tax national income 
P80-100 | share | all ages | equal split
";p80p100;2013;0.4953;3.0
Kosovo ;"sptinc_p80p100_999_j_KS
Pre-tax national income 
P80-100 | share | all ages | equal split
";p80p100;2014;0.5005000000000001;3.0
Kosovo ;"sptinc_p80p100_999_j_KS
Pre-tax national income 
P80-100 | share | all ages | equal split
";p80p100;2015;0.4985;3.0
Kosovo ;"sptinc_p80p100_999_j_KS
Pre-tax national income 
P80-100 | share | all ages | equal split
";p80p100;2016;0.4995;3.0
Kosovo ;"sptinc_p80p100_999_j_KS
Pre-tax national income 
P80-100 | share | all ages | equal split
";p80p100;2017;0.5064000000000001;3.0
Kosovo ;"sptinc_p80p100_999_j_KS
Pre-tax national income 
P80-100 | share | all ages | equal split
";p80p100;2018;0.505;1.0
Kosovo ;"sptinc_p80p100_999_j_KS
Pre-tax national income 
P80-100 | share | all ages | equal split
";p80p100;2019;0.5023;1.0
Kosovo ;"sptinc_p80p100_999_j_KS
Pre-tax national income 
P80-100 | share | all ages | equal split
";p80p100;2020;0.5023;1.0
Kosovo ;"sptinc_p80p100_999_j_KS
Pre-tax national income 
P80-100 | share | all ages | equal split
";p80p100;2021;0.5014000000000001;1.0
Kosovo ;"sptinc_p80p100_999_j_KS
Pre-tax national income 
P80-100 | share | all ages | equal split
";p80p100;2022;0.5029;1.0
Kosovo ;"sptinc_p80p100_999_j_KS
Pre-tax national income 
P80-100 | share | all ages | equal split
";p80p100;2023;0.5021;1.0
Kosovo ;"sptinc_p80p100_999_j_KS
Pre-tax national income 
P80-100 | share | all ages | equal split
";p80p100;2024;0.5021;1.0
Kuwait ;"sptinc_p80p100_999_j_KW
Pre-tax national income 
P80-100 | share | all ages | equal split
";p80p100;1940;;
Kuwait ;"sptinc_p80p100_999_j_KW
Pre-tax national income 
P80-100 | share | all ages | equal split
";p80p100;1941;;
Kuwait ;"sptinc_p80p100_999_j_KW
Pre-tax national income 
P80-100 | share | all ages | equal split
";p80p100;1942;;
Kuwait ;"sptinc_p80p100_999_j_KW
Pre-tax national income 
P80-100 | share | all ages | equal split
";p80p100;1943;;
Kuwait ;"sptinc_p80p100_999_j_KW
Pre-tax national income 
P80-100 | share | all ages | equal split
";p80p100;1944;;
Kuwait ;"sptinc_p80p100_999_j_KW
Pre-tax national income 
P80-100 | share | all ages | equal split
";p80p100;1945;;
Kuwait ;"sptinc_p80p100_999_j_KW
Pre-tax national income 
P80-100 | share | all ages | equal split
";p80p100;1946;;
Kuwait ;"sptinc_p80p100_999_j_KW
Pre-tax national income 
P80-100 | share | all ages | equal split
";p80p100;1947;;
Kuwait ;"sptinc_p80p100_999_j_KW
Pre-tax national income 
P80-100 | share | all ages | equal split
";p80p100;1948;;
Kuwait ;"sptinc_p80p100_999_j_KW
Pre-tax national income 
P80-100 | share | all ages | equal split
";p80p100;1949;;
Kuwait ;"sptinc_p80p100_999_j_KW
Pre-tax national income 
P80-100 | share | all ages | equal split
";p80p100;1950;;
Kuwait ;"sptinc_p80p100_999_j_KW
Pre-tax national income 
P80-100 | share | all ages | equal split
";p80p100;1951;;
Kuwait ;"sptinc_p80p100_999_j_KW
Pre-tax national income 
P80-100 | share | all ages | equal split
";p80p100;1952;;
Kuwait ;"sptinc_p80p100_999_j_KW
Pre-tax national income 
P80-100 | share | all ages | equal split
";p80p100;1953;;
Kuwait ;"sptinc_p80p100_999_j_KW
Pre-tax national income 
P80-100 | share | all ages | equal split
";p80p100;1954;;
Kuwait ;"sptinc_p80p100_999_j_KW
Pre-tax national income 
P80-100 | share | all ages | equal split
";p80p100;1955;;
Kuwait ;"sptinc_p80p100_999_j_KW
Pre-tax national income 
P80-100 | share | all ages | equal split
";p80p100;1956;;
Kuwait ;"sptinc_p80p100_999_j_KW
Pre-tax national income 
P80-100 | share | all ages | equal split
";p80p100;1957;;
Kuwait ;"sptinc_p80p100_999_j_KW
Pre-tax national income 
P80-100 | share | all ages | equal split
";p80p100;1958;;
Kuwait ;"sptinc_p80p100_999_j_KW
Pre-tax national income 
P80-100 | share | all ages | equal split
";p80p100;1959;;
Kuwait ;"sptinc_p80p100_999_j_KW
Pre-tax national income 
P80-100 | share | all ages | equal split
";p80p100;1960;;
Kuwait ;"sptinc_p80p100_999_j_KW
Pre-tax national income 
P80-100 | share | all ages | equal split
";p80p100;1961;;
Kuwait ;"sptinc_p80p100_999_j_KW
Pre-tax national income 
P80-100 | share | all ages | equal split
";p80p100;1962;;
Kuwait ;"sptinc_p80p100_999_j_KW
Pre-tax national income 
P80-100 | share | all ages | equal split
";p80p100;1963;;
Kuwait ;"sptinc_p80p100_999_j_KW
Pre-tax national income 
P80-100 | share | all ages | equal split
";p80p100;1964;;
Kuwait ;"sptinc_p80p100_999_j_KW
Pre-tax national income 
P80-100 | share | all ages | equal split
";p80p100;1965;;
Kuwait ;"sptinc_p80p100_999_j_KW
Pre-tax national income 
P80-100 | share | all ages | equal split
";p80p100;1966;;
Kuwait ;"sptinc_p80p100_999_j_KW
Pre-tax national income 
P80-100 | share | all ages | equal split
";p80p100;1967;;
Kuwait ;"sptinc_p80p100_999_j_KW
Pre-tax national income 
P80-100 | share | all ages | equal split
";p80p100;1968;;
Kuwait ;"sptinc_p80p100_999_j_KW
Pre-tax national income 
P80-100 | share | all ages | equal split
";p80p100;1969;;
Kuwait ;"sptinc_p80p100_999_j_KW
Pre-tax national income 
P80-100 | share | all ages | equal split
";p80p100;1970;;
Kuwait ;"sptinc_p80p100_999_j_KW
Pre-tax national income 
P80-100 | share | all ages | equal split
";p80p100;1971;;
Kuwait ;"sptinc_p80p100_999_j_KW
Pre-tax national income 
P80-100 | share | all ages | equal split
";p80p100;1972;;
Kuwait ;"sptinc_p80p100_999_j_KW
Pre-tax national income 
P80-100 | share | all ages | equal split
";p80p100;1973;;
Kuwait ;"sptinc_p80p100_999_j_KW
Pre-tax national income 
P80-100 | share | all ages | equal split
";p80p100;1974;;
Kuwait ;"sptinc_p80p100_999_j_KW
Pre-tax national income 
P80-100 | share | all ages | equal split
";p80p100;1975;;
Kuwait ;"sptinc_p80p100_999_j_KW
Pre-tax national income 
P80-100 | share | all ages | equal split
";p80p100;1976;;
Kuwait ;"sptinc_p80p100_999_j_KW
Pre-tax national income 
P80-100 | share | all ages | equal split
";p80p100;1977;;
Kuwait ;"sptinc_p80p100_999_j_KW
Pre-tax national income 
P80-100 | share | all ages | equal split
";p80p100;1978;;
Kuwait ;"sptinc_p80p100_999_j_KW
Pre-tax national income 
P80-100 | share | all ages | equal split
";p80p100;1979;;
Kuwait ;"sptinc_p80p100_999_j_KW
Pre-tax national income 
P80-100 | share | all ages | equal split
";p80p100;1980;0.6960000000000001;1.0
Kuwait ;"sptinc_p80p100_999_j_KW
Pre-tax national income 
P80-100 | share | all ages | equal split
";p80p100;1981;0.6960000000000001;1.0
Kuwait ;"sptinc_p80p100_999_j_KW
Pre-tax national income 
P80-100 | share | all ages | equal split
";p80p100;1982;0.6960000000000001;1.0
Kuwait ;"sptinc_p80p100_999_j_KW
Pre-tax national income 
P80-100 | share | all ages | equal split
";p80p100;1983;0.6960000000000001;1.0
Kuwait ;"sptinc_p80p100_999_j_KW
Pre-tax national income 
P80-100 | share | all ages | equal split
";p80p100;1984;0.6960000000000001;1.0
Kuwait ;"sptinc_p80p100_999_j_KW
Pre-tax national income 
P80-100 | share | all ages | equal split
";p80p100;1985;0.6960000000000001;1.0
Kuwait ;"sptinc_p80p100_999_j_KW
Pre-tax national income 
P80-100 | share | all ages | equal split
";p80p100;1986;0.6960000000000001;1.0
Kuwait ;"sptinc_p80p100_999_j_KW
Pre-tax national income 
P80-100 | share | all ages | equal split
";p80p100;1987;0.6960000000000001;1.0
Kuwait ;"sptinc_p80p100_999_j_KW
Pre-tax national income 
P80-100 | share | all ages | equal split
";p80p100;1988;0.6960000000000001;1.0
Kuwait ;"sptinc_p80p100_999_j_KW
Pre-tax national income 
P80-100 | share | all ages | equal split
";p80p100;1989;0.6960000000000001;1.0
Kuwait ;"sptinc_p80p100_999_j_KW
Pre-tax national income 
P80-100 | share | all ages | equal split
";p80p100;1990;0.6960000000000001;1.0
Kuwait ;"sptinc_p80p100_999_j_KW
Pre-tax national income 
P80-100 | share | all ages | equal split
";p80p100;1991;0.6960000000000001;1.0
Kuwait ;"sptinc_p80p100_999_j_KW
Pre-tax national income 
P80-100 | share | all ages | equal split
";p80p100;1992;0.6960000000000001;1.0
Kuwait ;"sptinc_p80p100_999_j_KW
Pre-tax national income 
P80-100 | share | all ages | equal split
";p80p100;1993;0.6960000000000001;1.0
Kuwait ;"sptinc_p80p100_999_j_KW
Pre-tax national income 
P80-100 | share | all ages | equal split
";p80p100;1994;0.6960000000000001;1.0
Kuwait ;"sptinc_p80p100_999_j_KW
Pre-tax national income 
P80-100 | share | all ages | equal split
";p80p100;1995;0.6960000000000001;1.0
Kuwait ;"sptinc_p80p100_999_j_KW
Pre-tax national income 
P80-100 | share | all ages | equal split
";p80p100;1996;0.6960000000000001;1.0
Kuwait ;"sptinc_p80p100_999_j_KW
Pre-tax national income 
P80-100 | share | all ages | equal split
";p80p100;1997;0.6960000000000001;1.0
Kuwait ;"sptinc_p80p100_999_j_KW
Pre-tax national income 
P80-100 | share | all ages | equal split
";p80p100;1998;0.6960000000000001;1.0
Kuwait ;"sptinc_p80p100_999_j_KW
Pre-tax national income 
P80-100 | share | all ages | equal split
";p80p100;1999;0.6960000000000001;1.0
Kuwait ;"sptinc_p80p100_999_j_KW
Pre-tax national income 
P80-100 | share | all ages | equal split
";p80p100;2000;0.6960000000000001;1.0
Kuwait ;"sptinc_p80p100_999_j_KW
Pre-tax national income 
P80-100 | share | all ages | equal split
";p80p100;2001;0.6960000000000001;1.0
Kuwait ;"sptinc_p80p100_999_j_KW
Pre-tax national income 
P80-100 | share | all ages | equal split
";p80p100;2002;0.6960000000000001;1.0
Kuwait ;"sptinc_p80p100_999_j_KW
Pre-tax national income 
P80-100 | share | all ages | equal split
";p80p100;2003;0.6960000000000001;1.0
Kuwait ;"sptinc_p80p100_999_j_KW
Pre-tax national income 
P80-100 | share | all ages | equal split
";p80p100;2004;0.6960000000000001;1.0
Kuwait ;"sptinc_p80p100_999_j_KW
Pre-tax national income 
P80-100 | share | all ages | equal split
";p80p100;2005;0.6960000000000001;1.0
Kuwait ;"sptinc_p80p100_999_j_KW
Pre-tax national income 
P80-100 | share | all ages | equal split
";p80p100;2006;0.6960000000000001;1.0
Kuwait ;"sptinc_p80p100_999_j_KW
Pre-tax national income 
P80-100 | share | all ages | equal split
";p80p100;2007;0.6960000000000001;3.0
Kuwait ;"sptinc_p80p100_999_j_KW
Pre-tax national income 
P80-100 | share | all ages | equal split
";p80p100;2008;0.6970000000000001;2.0
Kuwait ;"sptinc_p80p100_999_j_KW
Pre-tax national income 
P80-100 | share | all ages | equal split
";p80p100;2009;0.6981;2.0
Kuwait ;"sptinc_p80p100_999_j_KW
Pre-tax national income 
P80-100 | share | all ages | equal split
";p80p100;2010;0.6993;2.0
Kuwait ;"sptinc_p80p100_999_j_KW
Pre-tax national income 
P80-100 | share | all ages | equal split
";p80p100;2011;0.7006;2.0
Kuwait ;"sptinc_p80p100_999_j_KW
Pre-tax national income 
P80-100 | share | all ages | equal split
";p80p100;2012;0.7021000000000001;2.0
Kuwait ;"sptinc_p80p100_999_j_KW
Pre-tax national income 
P80-100 | share | all ages | equal split
";p80p100;2013;0.7039000000000001;3.0
Kuwait ;"sptinc_p80p100_999_j_KW
Pre-tax national income 
P80-100 | share | all ages | equal split
";p80p100;2014;0.5963;3.0
Kuwait ;"sptinc_p80p100_999_j_KW
Pre-tax national income 
P80-100 | share | all ages | equal split
";p80p100;2015;0.5963;1.0
Kuwait ;"sptinc_p80p100_999_j_KW
Pre-tax national income 
P80-100 | share | all ages | equal split
";p80p100;2016;0.5963;1.0
Kuwait ;"sptinc_p80p100_999_j_KW
Pre-tax national income 
P80-100 | share | all ages | equal split
";p80p100;2017;0.5963;1.0
Kuwait ;"sptinc_p80p100_999_j_KW
Pre-tax national income 
P80-100 | share | all ages | equal split
";p80p100;2018;0.5963;1.0
Kuwait ;"sptinc_p80p100_999_j_KW
Pre-tax national income 
P80-100 | share | all ages | equal split
";p80p100;2019;0.5963;1.0
Kuwait ;"sptinc_p80p100_999_j_KW
Pre-tax national income 
P80-100 | share | all ages | equal split
";p80p100;2020;0.5963;1.0
Kuwait ;"sptinc_p80p100_999_j_KW
Pre-tax national income 
P80-100 | share | all ages | equal split
";p80p100;2021;0.5963;1.0
Kuwait ;"sptinc_p80p100_999_j_KW
Pre-tax national income 
P80-100 | share | all ages | equal split
";p80p100;2022;0.5963;1.0
Kuwait ;"sptinc_p80p100_999_j_KW
Pre-tax national income 
P80-100 | share | all ages | equal split
";p80p100;2023;0.5963;1.0
Kuwait ;"sptinc_p80p100_999_j_KW
Pre-tax national income 
P80-100 | share | all ages | equal split
";p80p100;2024;0.5963;1.0
Kyrgyzstan ;"sptinc_p80p100_999_j_KG
Pre-tax national income 
P80-100 | share | all ages | equal split
";p80p100;1940;;
Kyrgyzstan ;"sptinc_p80p100_999_j_KG
Pre-tax national income 
P80-100 | share | all ages | equal split
";p80p100;1941;;
Kyrgyzstan ;"sptinc_p80p100_999_j_KG
Pre-tax national income 
P80-100 | share | all ages | equal split
";p80p100;1942;;
Kyrgyzstan ;"sptinc_p80p100_999_j_KG
Pre-tax national income 
P80-100 | share | all ages | equal split
";p80p100;1943;;
Kyrgyzstan ;"sptinc_p80p100_999_j_KG
Pre-tax national income 
P80-100 | share | all ages | equal split
";p80p100;1944;;
Kyrgyzstan ;"sptinc_p80p100_999_j_KG
Pre-tax national income 
P80-100 | share | all ages | equal split
";p80p100;1945;;
Kyrgyzstan ;"sptinc_p80p100_999_j_KG
Pre-tax national income 
P80-100 | share | all ages | equal split
";p80p100;1946;;
Kyrgyzstan ;"sptinc_p80p100_999_j_KG
Pre-tax national income 
P80-100 | share | all ages | equal split
";p80p100;1947;;
Kyrgyzstan ;"sptinc_p80p100_999_j_KG
Pre-tax national income 
P80-100 | share | all ages | equal split
";p80p100;1948;;
Kyrgyzstan ;"sptinc_p80p100_999_j_KG
Pre-tax national income 
P80-100 | share | all ages | equal split
";p80p100;1949;;
Kyrgyzstan ;"sptinc_p80p100_999_j_KG
Pre-tax national income 
P80-100 | share | all ages | equal split
";p80p100;1950;;
Kyrgyzstan ;"sptinc_p80p100_999_j_KG
Pre-tax national income 
P80-100 | share | all ages | equal split
";p80p100;1951;;
Kyrgyzstan ;"sptinc_p80p100_999_j_KG
Pre-tax national income 
P80-100 | share | all ages | equal split
";p80p100;1952;;
Kyrgyzstan ;"sptinc_p80p100_999_j_KG
Pre-tax national income 
P80-100 | share | all ages | equal split
";p80p100;1953;;
Kyrgyzstan ;"sptinc_p80p100_999_j_KG
Pre-tax national income 
P80-100 | share | all ages | equal split
";p80p100;1954;;
Kyrgyzstan ;"sptinc_p80p100_999_j_KG
Pre-tax national income 
P80-100 | share | all ages | equal split
";p80p100;1955;;
Kyrgyzstan ;"sptinc_p80p100_999_j_KG
Pre-tax national income 
P80-100 | share | all ages | equal split
";p80p100;1956;;
Kyrgyzstan ;"sptinc_p80p100_999_j_KG
Pre-tax national income 
P80-100 | share | all ages | equal split
";p80p100;1957;;
Kyrgyzstan ;"sptinc_p80p100_999_j_KG
Pre-tax national income 
P80-100 | share | all ages | equal split
";p80p100;1958;;
Kyrgyzstan ;"sptinc_p80p100_999_j_KG
Pre-tax national income 
P80-100 | share | all ages | equal split
";p80p100;1959;;
Kyrgyzstan ;"sptinc_p80p100_999_j_KG
Pre-tax national income 
P80-100 | share | all ages | equal split
";p80p100;1960;;
Kyrgyzstan ;"sptinc_p80p100_999_j_KG
Pre-tax national income 
P80-100 | share | all ages | equal split
";p80p100;1961;;
Kyrgyzstan ;"sptinc_p80p100_999_j_KG
Pre-tax national income 
P80-100 | share | all ages | equal split
";p80p100;1962;;
Kyrgyzstan ;"sptinc_p80p100_999_j_KG
Pre-tax national income 
P80-100 | share | all ages | equal split
";p80p100;1963;;
Kyrgyzstan ;"sptinc_p80p100_999_j_KG
Pre-tax national income 
P80-100 | share | all ages | equal split
";p80p100;1964;;
Kyrgyzstan ;"sptinc_p80p100_999_j_KG
Pre-tax national income 
P80-100 | share | all ages | equal split
";p80p100;1965;;
Kyrgyzstan ;"sptinc_p80p100_999_j_KG
Pre-tax national income 
P80-100 | share | all ages | equal split
";p80p100;1966;;
Kyrgyzstan ;"sptinc_p80p100_999_j_KG
Pre-tax national income 
P80-100 | share | all ages | equal split
";p80p100;1967;;
Kyrgyzstan ;"sptinc_p80p100_999_j_KG
Pre-tax national income 
P80-100 | share | all ages | equal split
";p80p100;1968;;
Kyrgyzstan ;"sptinc_p80p100_999_j_KG
Pre-tax national income 
P80-100 | share | all ages | equal split
";p80p100;1969;;
Kyrgyzstan ;"sptinc_p80p100_999_j_KG
Pre-tax national income 
P80-100 | share | all ages | equal split
";p80p100;1970;;
Kyrgyzstan ;"sptinc_p80p100_999_j_KG
Pre-tax national income 
P80-100 | share | all ages | equal split
";p80p100;1971;;
Kyrgyzstan ;"sptinc_p80p100_999_j_KG
Pre-tax national income 
P80-100 | share | all ages | equal split
";p80p100;1972;;
Kyrgyzstan ;"sptinc_p80p100_999_j_KG
Pre-tax national income 
P80-100 | share | all ages | equal split
";p80p100;1973;;
Kyrgyzstan ;"sptinc_p80p100_999_j_KG
Pre-tax national income 
P80-100 | share | all ages | equal split
";p80p100;1974;;
Kyrgyzstan ;"sptinc_p80p100_999_j_KG
Pre-tax national income 
P80-100 | share | all ages | equal split
";p80p100;1975;;
Kyrgyzstan ;"sptinc_p80p100_999_j_KG
Pre-tax national income 
P80-100 | share | all ages | equal split
";p80p100;1976;;
Kyrgyzstan ;"sptinc_p80p100_999_j_KG
Pre-tax national income 
P80-100 | share | all ages | equal split
";p80p100;1977;;
Kyrgyzstan ;"sptinc_p80p100_999_j_KG
Pre-tax national income 
P80-100 | share | all ages | equal split
";p80p100;1978;;
Kyrgyzstan ;"sptinc_p80p100_999_j_KG
Pre-tax national income 
P80-100 | share | all ages | equal split
";p80p100;1979;;
Kyrgyzstan ;"sptinc_p80p100_999_j_KG
Pre-tax national income 
P80-100 | share | all ages | equal split
";p80p100;1980;0.3925;1.0
Kyrgyzstan ;"sptinc_p80p100_999_j_KG
Pre-tax national income 
P80-100 | share | all ages | equal split
";p80p100;1981;0.3927;1.0
Kyrgyzstan ;"sptinc_p80p100_999_j_KG
Pre-tax national income 
P80-100 | share | all ages | equal split
";p80p100;1982;0.3929;1.0
Kyrgyzstan ;"sptinc_p80p100_999_j_KG
Pre-tax national income 
P80-100 | share | all ages | equal split
";p80p100;1983;0.3931;1.0
Kyrgyzstan ;"sptinc_p80p100_999_j_KG
Pre-tax national income 
P80-100 | share | all ages | equal split
";p80p100;1984;0.3933;1.0
Kyrgyzstan ;"sptinc_p80p100_999_j_KG
Pre-tax national income 
P80-100 | share | all ages | equal split
";p80p100;1985;0.3935;1.0
Kyrgyzstan ;"sptinc_p80p100_999_j_KG
Pre-tax national income 
P80-100 | share | all ages | equal split
";p80p100;1986;0.3932;1.0
Kyrgyzstan ;"sptinc_p80p100_999_j_KG
Pre-tax national income 
P80-100 | share | all ages | equal split
";p80p100;1987;0.3928;1.0
Kyrgyzstan ;"sptinc_p80p100_999_j_KG
Pre-tax national income 
P80-100 | share | all ages | equal split
";p80p100;1988;0.3925;1.0
Kyrgyzstan ;"sptinc_p80p100_999_j_KG
Pre-tax national income 
P80-100 | share | all ages | equal split
";p80p100;1989;0.3932;1.0
Kyrgyzstan ;"sptinc_p80p100_999_j_KG
Pre-tax national income 
P80-100 | share | all ages | equal split
";p80p100;1990;0.3799;1.0
Kyrgyzstan ;"sptinc_p80p100_999_j_KG
Pre-tax national income 
P80-100 | share | all ages | equal split
";p80p100;1991;0.4044;1.0
Kyrgyzstan ;"sptinc_p80p100_999_j_KG
Pre-tax national income 
P80-100 | share | all ages | equal split
";p80p100;1992;0.4289;1.0
Kyrgyzstan ;"sptinc_p80p100_999_j_KG
Pre-tax national income 
P80-100 | share | all ages | equal split
";p80p100;1993;0.4534;1.0
Kyrgyzstan ;"sptinc_p80p100_999_j_KG
Pre-tax national income 
P80-100 | share | all ages | equal split
";p80p100;1994;0.4779;1.0
Kyrgyzstan ;"sptinc_p80p100_999_j_KG
Pre-tax national income 
P80-100 | share | all ages | equal split
";p80p100;1995;0.5024000000000001;1.0
Kyrgyzstan ;"sptinc_p80p100_999_j_KG
Pre-tax national income 
P80-100 | share | all ages | equal split
";p80p100;1996;0.527;1.0
Kyrgyzstan ;"sptinc_p80p100_999_j_KG
Pre-tax national income 
P80-100 | share | all ages | equal split
";p80p100;1997;0.5516;1.0
Kyrgyzstan ;"sptinc_p80p100_999_j_KG
Pre-tax national income 
P80-100 | share | all ages | equal split
";p80p100;1998;0.5762;3.0
Kyrgyzstan ;"sptinc_p80p100_999_j_KG
Pre-tax national income 
P80-100 | share | all ages | equal split
";p80p100;1999;0.5537000000000001;1.0
Kyrgyzstan ;"sptinc_p80p100_999_j_KG
Pre-tax national income 
P80-100 | share | all ages | equal split
";p80p100;2000;0.5356000000000001;1.0
Kyrgyzstan ;"sptinc_p80p100_999_j_KG
Pre-tax national income 
P80-100 | share | all ages | equal split
";p80p100;2001;0.5384;3.0
Kyrgyzstan ;"sptinc_p80p100_999_j_KG
Pre-tax national income 
P80-100 | share | all ages | equal split
";p80p100;2002;0.5374;3.0
Kyrgyzstan ;"sptinc_p80p100_999_j_KG
Pre-tax national income 
P80-100 | share | all ages | equal split
";p80p100;2003;0.5277000000000001;3.0
Kyrgyzstan ;"sptinc_p80p100_999_j_KG
Pre-tax national income 
P80-100 | share | all ages | equal split
";p80p100;2004;0.5860000000000001;3.0
Kyrgyzstan ;"sptinc_p80p100_999_j_KG
Pre-tax national income 
P80-100 | share | all ages | equal split
";p80p100;2005;0.5769000000000001;3.0
Kyrgyzstan ;"sptinc_p80p100_999_j_KG
Pre-tax national income 
P80-100 | share | all ages | equal split
";p80p100;2006;0.5997;3.0
Kyrgyzstan ;"sptinc_p80p100_999_j_KG
Pre-tax national income 
P80-100 | share | all ages | equal split
";p80p100;2007;0.5642;3.0
Kyrgyzstan ;"sptinc_p80p100_999_j_KG
Pre-tax national income 
P80-100 | share | all ages | equal split
";p80p100;2008;0.5559000000000001;3.0
Kyrgyzstan ;"sptinc_p80p100_999_j_KG
Pre-tax national income 
P80-100 | share | all ages | equal split
";p80p100;2009;0.5575;3.0
Kyrgyzstan ;"sptinc_p80p100_999_j_KG
Pre-tax national income 
P80-100 | share | all ages | equal split
";p80p100;2010;0.553;3.0
Kyrgyzstan ;"sptinc_p80p100_999_j_KG
Pre-tax national income 
P80-100 | share | all ages | equal split
";p80p100;2011;0.5344;3.0
Kyrgyzstan ;"sptinc_p80p100_999_j_KG
Pre-tax national income 
P80-100 | share | all ages | equal split
";p80p100;2012;0.5299;3.0
Kyrgyzstan ;"sptinc_p80p100_999_j_KG
Pre-tax national income 
P80-100 | share | all ages | equal split
";p80p100;2013;0.5322;3.0
Kyrgyzstan ;"sptinc_p80p100_999_j_KG
Pre-tax national income 
P80-100 | share | all ages | equal split
";p80p100;2014;0.5176000000000001;3.0
Kyrgyzstan ;"sptinc_p80p100_999_j_KG
Pre-tax national income 
P80-100 | share | all ages | equal split
";p80p100;2015;0.5396000000000001;3.0
Kyrgyzstan ;"sptinc_p80p100_999_j_KG
Pre-tax national income 
P80-100 | share | all ages | equal split
";p80p100;2016;0.5295;3.0
Kyrgyzstan ;"sptinc_p80p100_999_j_KG
Pre-tax national income 
P80-100 | share | all ages | equal split
";p80p100;2017;0.5425;3.0
Kyrgyzstan ;"sptinc_p80p100_999_j_KG
Pre-tax national income 
P80-100 | share | all ages | equal split
";p80p100;2018;0.5477000000000001;3.0
Kyrgyzstan ;"sptinc_p80p100_999_j_KG
Pre-tax national income 
P80-100 | share | all ages | equal split
";p80p100;2019;0.5741;3.0
Kyrgyzstan ;"sptinc_p80p100_999_j_KG
Pre-tax national income 
P80-100 | share | all ages | equal split
";p80p100;2020;0.5741;1.0
Kyrgyzstan ;"sptinc_p80p100_999_j_KG
Pre-tax national income 
P80-100 | share | all ages | equal split
";p80p100;2021;0.5741;1.0
Kyrgyzstan ;"sptinc_p80p100_999_j_KG
Pre-tax national income 
P80-100 | share | all ages | equal split
";p80p100;2022;0.5741;1.0
Kyrgyzstan ;"sptinc_p80p100_999_j_KG
Pre-tax national income 
P80-100 | share | all ages | equal split
";p80p100;2023;0.5741;1.0
Kyrgyzstan ;"sptinc_p80p100_999_j_KG
Pre-tax national income 
P80-100 | share | all ages | equal split
";p80p100;2024;0.5741;1.0
Lao PDR ;"sptinc_p80p100_999_j_LA
Pre-tax national income 
P80-100 | share | all ages | equal split
";p80p100;1940;;
Lao PDR ;"sptinc_p80p100_999_j_LA
Pre-tax national income 
P80-100 | share | all ages | equal split
";p80p100;1941;;
Lao PDR ;"sptinc_p80p100_999_j_LA
Pre-tax national income 
P80-100 | share | all ages | equal split
";p80p100;1942;;
Lao PDR ;"sptinc_p80p100_999_j_LA
Pre-tax national income 
P80-100 | share | all ages | equal split
";p80p100;1943;;
Lao PDR ;"sptinc_p80p100_999_j_LA
Pre-tax national income 
P80-100 | share | all ages | equal split
";p80p100;1944;;
Lao PDR ;"sptinc_p80p100_999_j_LA
Pre-tax national income 
P80-100 | share | all ages | equal split
";p80p100;1945;;
Lao PDR ;"sptinc_p80p100_999_j_LA
Pre-tax national income 
P80-100 | share | all ages | equal split
";p80p100;1946;;
Lao PDR ;"sptinc_p80p100_999_j_LA
Pre-tax national income 
P80-100 | share | all ages | equal split
";p80p100;1947;;
Lao PDR ;"sptinc_p80p100_999_j_LA
Pre-tax national income 
P80-100 | share | all ages | equal split
";p80p100;1948;;
Lao PDR ;"sptinc_p80p100_999_j_LA
Pre-tax national income 
P80-100 | share | all ages | equal split
";p80p100;1949;;
Lao PDR ;"sptinc_p80p100_999_j_LA
Pre-tax national income 
P80-100 | share | all ages | equal split
";p80p100;1950;;
Lao PDR ;"sptinc_p80p100_999_j_LA
Pre-tax national income 
P80-100 | share | all ages | equal split
";p80p100;1951;;
Lao PDR ;"sptinc_p80p100_999_j_LA
Pre-tax national income 
P80-100 | share | all ages | equal split
";p80p100;1952;;
Lao PDR ;"sptinc_p80p100_999_j_LA
Pre-tax national income 
P80-100 | share | all ages | equal split
";p80p100;1953;;
Lao PDR ;"sptinc_p80p100_999_j_LA
Pre-tax national income 
P80-100 | share | all ages | equal split
";p80p100;1954;;
Lao PDR ;"sptinc_p80p100_999_j_LA
Pre-tax national income 
P80-100 | share | all ages | equal split
";p80p100;1955;;
Lao PDR ;"sptinc_p80p100_999_j_LA
Pre-tax national income 
P80-100 | share | all ages | equal split
";p80p100;1956;;
Lao PDR ;"sptinc_p80p100_999_j_LA
Pre-tax national income 
P80-100 | share | all ages | equal split
";p80p100;1957;;
Lao PDR ;"sptinc_p80p100_999_j_LA
Pre-tax national income 
P80-100 | share | all ages | equal split
";p80p100;1958;;
Lao PDR ;"sptinc_p80p100_999_j_LA
Pre-tax national income 
P80-100 | share | all ages | equal split
";p80p100;1959;;
Lao PDR ;"sptinc_p80p100_999_j_LA
Pre-tax national income 
P80-100 | share | all ages | equal split
";p80p100;1960;;
Lao PDR ;"sptinc_p80p100_999_j_LA
Pre-tax national income 
P80-100 | share | all ages | equal split
";p80p100;1961;;
Lao PDR ;"sptinc_p80p100_999_j_LA
Pre-tax national income 
P80-100 | share | all ages | equal split
";p80p100;1962;;
Lao PDR ;"sptinc_p80p100_999_j_LA
Pre-tax national income 
P80-100 | share | all ages | equal split
";p80p100;1963;;
Lao PDR ;"sptinc_p80p100_999_j_LA
Pre-tax national income 
P80-100 | share | all ages | equal split
";p80p100;1964;;
Lao PDR ;"sptinc_p80p100_999_j_LA
Pre-tax national income 
P80-100 | share | all ages | equal split
";p80p100;1965;;
Lao PDR ;"sptinc_p80p100_999_j_LA
Pre-tax national income 
P80-100 | share | all ages | equal split
";p80p100;1966;;
Lao PDR ;"sptinc_p80p100_999_j_LA
Pre-tax national income 
P80-100 | share | all ages | equal split
";p80p100;1967;;
Lao PDR ;"sptinc_p80p100_999_j_LA
Pre-tax national income 
P80-100 | share | all ages | equal split
";p80p100;1968;;
Lao PDR ;"sptinc_p80p100_999_j_LA
Pre-tax national income 
P80-100 | share | all ages | equal split
";p80p100;1969;;
Lao PDR ;"sptinc_p80p100_999_j_LA
Pre-tax national income 
P80-100 | share | all ages | equal split
";p80p100;1970;;
Lao PDR ;"sptinc_p80p100_999_j_LA
Pre-tax national income 
P80-100 | share | all ages | equal split
";p80p100;1971;;
Lao PDR ;"sptinc_p80p100_999_j_LA
Pre-tax national income 
P80-100 | share | all ages | equal split
";p80p100;1972;;
Lao PDR ;"sptinc_p80p100_999_j_LA
Pre-tax national income 
P80-100 | share | all ages | equal split
";p80p100;1973;;
Lao PDR ;"sptinc_p80p100_999_j_LA
Pre-tax national income 
P80-100 | share | all ages | equal split
";p80p100;1974;;
Lao PDR ;"sptinc_p80p100_999_j_LA
Pre-tax national income 
P80-100 | share | all ages | equal split
";p80p100;1975;;
Lao PDR ;"sptinc_p80p100_999_j_LA
Pre-tax national income 
P80-100 | share | all ages | equal split
";p80p100;1976;;
Lao PDR ;"sptinc_p80p100_999_j_LA
Pre-tax national income 
P80-100 | share | all ages | equal split
";p80p100;1977;;
Lao PDR ;"sptinc_p80p100_999_j_LA
Pre-tax national income 
P80-100 | share | all ages | equal split
";p80p100;1978;;
Lao PDR ;"sptinc_p80p100_999_j_LA
Pre-tax national income 
P80-100 | share | all ages | equal split
";p80p100;1979;;
Lao PDR ;"sptinc_p80p100_999_j_LA
Pre-tax national income 
P80-100 | share | all ages | equal split
";p80p100;1980;0.6076;1.0
Lao PDR ;"sptinc_p80p100_999_j_LA
Pre-tax national income 
P80-100 | share | all ages | equal split
";p80p100;1981;0.6076;1.0
Lao PDR ;"sptinc_p80p100_999_j_LA
Pre-tax national income 
P80-100 | share | all ages | equal split
";p80p100;1982;0.6076;1.0
Lao PDR ;"sptinc_p80p100_999_j_LA
Pre-tax national income 
P80-100 | share | all ages | equal split
";p80p100;1983;0.6076;1.0
Lao PDR ;"sptinc_p80p100_999_j_LA
Pre-tax national income 
P80-100 | share | all ages | equal split
";p80p100;1984;0.6076;1.0
Lao PDR ;"sptinc_p80p100_999_j_LA
Pre-tax national income 
P80-100 | share | all ages | equal split
";p80p100;1985;0.6076;1.0
Lao PDR ;"sptinc_p80p100_999_j_LA
Pre-tax national income 
P80-100 | share | all ages | equal split
";p80p100;1986;0.6076;1.0
Lao PDR ;"sptinc_p80p100_999_j_LA
Pre-tax national income 
P80-100 | share | all ages | equal split
";p80p100;1987;0.6076;1.0
Lao PDR ;"sptinc_p80p100_999_j_LA
Pre-tax national income 
P80-100 | share | all ages | equal split
";p80p100;1988;0.6076;1.0
Lao PDR ;"sptinc_p80p100_999_j_LA
Pre-tax national income 
P80-100 | share | all ages | equal split
";p80p100;1989;0.6076;1.0
Lao PDR ;"sptinc_p80p100_999_j_LA
Pre-tax national income 
P80-100 | share | all ages | equal split
";p80p100;1990;0.6076;1.0
Lao PDR ;"sptinc_p80p100_999_j_LA
Pre-tax national income 
P80-100 | share | all ages | equal split
";p80p100;1991;0.6076;1.0
Lao PDR ;"sptinc_p80p100_999_j_LA
Pre-tax national income 
P80-100 | share | all ages | equal split
";p80p100;1992;0.6076;3.0
Lao PDR ;"sptinc_p80p100_999_j_LA
Pre-tax national income 
P80-100 | share | all ages | equal split
";p80p100;1993;0.6104;2.0
Lao PDR ;"sptinc_p80p100_999_j_LA
Pre-tax national income 
P80-100 | share | all ages | equal split
";p80p100;1994;0.6137;2.0
Lao PDR ;"sptinc_p80p100_999_j_LA
Pre-tax national income 
P80-100 | share | all ages | equal split
";p80p100;1995;0.6162000000000001;2.0
Lao PDR ;"sptinc_p80p100_999_j_LA
Pre-tax national income 
P80-100 | share | all ages | equal split
";p80p100;1996;0.6179;2.0
Lao PDR ;"sptinc_p80p100_999_j_LA
Pre-tax national income 
P80-100 | share | all ages | equal split
";p80p100;1997;0.6198;3.0
Lao PDR ;"sptinc_p80p100_999_j_LA
Pre-tax national income 
P80-100 | share | all ages | equal split
";p80p100;1998;0.6162000000000001;2.0
Lao PDR ;"sptinc_p80p100_999_j_LA
Pre-tax national income 
P80-100 | share | all ages | equal split
";p80p100;1999;0.6127;2.0
Lao PDR ;"sptinc_p80p100_999_j_LA
Pre-tax national income 
P80-100 | share | all ages | equal split
";p80p100;2000;0.613;2.0
Lao PDR ;"sptinc_p80p100_999_j_LA
Pre-tax national income 
P80-100 | share | all ages | equal split
";p80p100;2001;0.6118;2.0
Lao PDR ;"sptinc_p80p100_999_j_LA
Pre-tax national income 
P80-100 | share | all ages | equal split
";p80p100;2002;0.6078;3.0
Lao PDR ;"sptinc_p80p100_999_j_LA
Pre-tax national income 
P80-100 | share | all ages | equal split
";p80p100;2003;0.609;2.0
Lao PDR ;"sptinc_p80p100_999_j_LA
Pre-tax national income 
P80-100 | share | all ages | equal split
";p80p100;2004;0.6126;2.0
Lao PDR ;"sptinc_p80p100_999_j_LA
Pre-tax national income 
P80-100 | share | all ages | equal split
";p80p100;2005;0.6144000000000001;2.0
Lao PDR ;"sptinc_p80p100_999_j_LA
Pre-tax national income 
P80-100 | share | all ages | equal split
";p80p100;2006;0.6154000000000001;2.0
Lao PDR ;"sptinc_p80p100_999_j_LA
Pre-tax national income 
P80-100 | share | all ages | equal split
";p80p100;2007;0.6172000000000001;3.0
Lao PDR ;"sptinc_p80p100_999_j_LA
Pre-tax national income 
P80-100 | share | all ages | equal split
";p80p100;2008;0.6154000000000001;2.0
Lao PDR ;"sptinc_p80p100_999_j_LA
Pre-tax national income 
P80-100 | share | all ages | equal split
";p80p100;2009;0.6155;2.0
Lao PDR ;"sptinc_p80p100_999_j_LA
Pre-tax national income 
P80-100 | share | all ages | equal split
";p80p100;2010;0.6144000000000001;2.0
Lao PDR ;"sptinc_p80p100_999_j_LA
Pre-tax national income 
P80-100 | share | all ages | equal split
";p80p100;2011;0.6125;2.0
Lao PDR ;"sptinc_p80p100_999_j_LA
Pre-tax national income 
P80-100 | share | all ages | equal split
";p80p100;2012;0.6098;3.0
Lao PDR ;"sptinc_p80p100_999_j_LA
Pre-tax national income 
P80-100 | share | all ages | equal split
";p80p100;2013;0.6144000000000001;2.0
Lao PDR ;"sptinc_p80p100_999_j_LA
Pre-tax national income 
P80-100 | share | all ages | equal split
";p80p100;2014;0.6195;2.0
Lao PDR ;"sptinc_p80p100_999_j_LA
Pre-tax national income 
P80-100 | share | all ages | equal split
";p80p100;2015;0.623;2.0
Lao PDR ;"sptinc_p80p100_999_j_LA
Pre-tax national income 
P80-100 | share | all ages | equal split
";p80p100;2016;0.6266;2.0
Lao PDR ;"sptinc_p80p100_999_j_LA
Pre-tax national income 
P80-100 | share | all ages | equal split
";p80p100;2017;0.6294000000000001;2.0
Lao PDR ;"sptinc_p80p100_999_j_LA
Pre-tax national income 
P80-100 | share | all ages | equal split
";p80p100;2018;0.6317;3.0
Lao PDR ;"sptinc_p80p100_999_j_LA
Pre-tax national income 
P80-100 | share | all ages | equal split
";p80p100;2019;0.6317;1.0
Lao PDR ;"sptinc_p80p100_999_j_LA
Pre-tax national income 
P80-100 | share | all ages | equal split
";p80p100;2020;0.6317;1.0
Lao PDR ;"sptinc_p80p100_999_j_LA
Pre-tax national income 
P80-100 | share | all ages | equal split
";p80p100;2021;0.6317;1.0
Lao PDR ;"sptinc_p80p100_999_j_LA
Pre-tax national income 
P80-100 | share | all ages | equal split
";p80p100;2022;0.6317;1.0
Lao PDR ;"sptinc_p80p100_999_j_LA
Pre-tax national income 
P80-100 | share | all ages | equal split
";p80p100;2023;0.6317;1.0
Lao PDR ;"sptinc_p80p100_999_j_LA
Pre-tax national income 
P80-100 | share | all ages | equal split
";p80p100;2024;0.6317;1.0
Latvia ;"sptinc_p80p100_999_j_LV
Pre-tax national income 
P80-100 | share | all ages | equal split
";p80p100;1940;;
Latvia ;"sptinc_p80p100_999_j_LV
Pre-tax national income 
P80-100 | share | all ages | equal split
";p80p100;1941;;
Latvia ;"sptinc_p80p100_999_j_LV
Pre-tax national income 
P80-100 | share | all ages | equal split
";p80p100;1942;;
Latvia ;"sptinc_p80p100_999_j_LV
Pre-tax national income 
P80-100 | share | all ages | equal split
";p80p100;1943;;
Latvia ;"sptinc_p80p100_999_j_LV
Pre-tax national income 
P80-100 | share | all ages | equal split
";p80p100;1944;;
Latvia ;"sptinc_p80p100_999_j_LV
Pre-tax national income 
P80-100 | share | all ages | equal split
";p80p100;1945;;
Latvia ;"sptinc_p80p100_999_j_LV
Pre-tax national income 
P80-100 | share | all ages | equal split
";p80p100;1946;;
Latvia ;"sptinc_p80p100_999_j_LV
Pre-tax national income 
P80-100 | share | all ages | equal split
";p80p100;1947;;
Latvia ;"sptinc_p80p100_999_j_LV
Pre-tax national income 
P80-100 | share | all ages | equal split
";p80p100;1948;;
Latvia ;"sptinc_p80p100_999_j_LV
Pre-tax national income 
P80-100 | share | all ages | equal split
";p80p100;1949;;
Latvia ;"sptinc_p80p100_999_j_LV
Pre-tax national income 
P80-100 | share | all ages | equal split
";p80p100;1950;;
Latvia ;"sptinc_p80p100_999_j_LV
Pre-tax national income 
P80-100 | share | all ages | equal split
";p80p100;1951;;
Latvia ;"sptinc_p80p100_999_j_LV
Pre-tax national income 
P80-100 | share | all ages | equal split
";p80p100;1952;;
Latvia ;"sptinc_p80p100_999_j_LV
Pre-tax national income 
P80-100 | share | all ages | equal split
";p80p100;1953;;
Latvia ;"sptinc_p80p100_999_j_LV
Pre-tax national income 
P80-100 | share | all ages | equal split
";p80p100;1954;;
Latvia ;"sptinc_p80p100_999_j_LV
Pre-tax national income 
P80-100 | share | all ages | equal split
";p80p100;1955;;
Latvia ;"sptinc_p80p100_999_j_LV
Pre-tax national income 
P80-100 | share | all ages | equal split
";p80p100;1956;;
Latvia ;"sptinc_p80p100_999_j_LV
Pre-tax national income 
P80-100 | share | all ages | equal split
";p80p100;1957;;
Latvia ;"sptinc_p80p100_999_j_LV
Pre-tax national income 
P80-100 | share | all ages | equal split
";p80p100;1958;;
Latvia ;"sptinc_p80p100_999_j_LV
Pre-tax national income 
P80-100 | share | all ages | equal split
";p80p100;1959;;
Latvia ;"sptinc_p80p100_999_j_LV
Pre-tax national income 
P80-100 | share | all ages | equal split
";p80p100;1960;;
Latvia ;"sptinc_p80p100_999_j_LV
Pre-tax national income 
P80-100 | share | all ages | equal split
";p80p100;1961;;
Latvia ;"sptinc_p80p100_999_j_LV
Pre-tax national income 
P80-100 | share | all ages | equal split
";p80p100;1962;;
Latvia ;"sptinc_p80p100_999_j_LV
Pre-tax national income 
P80-100 | share | all ages | equal split
";p80p100;1963;;
Latvia ;"sptinc_p80p100_999_j_LV
Pre-tax national income 
P80-100 | share | all ages | equal split
";p80p100;1964;;
Latvia ;"sptinc_p80p100_999_j_LV
Pre-tax national income 
P80-100 | share | all ages | equal split
";p80p100;1965;;
Latvia ;"sptinc_p80p100_999_j_LV
Pre-tax national income 
P80-100 | share | all ages | equal split
";p80p100;1966;;
Latvia ;"sptinc_p80p100_999_j_LV
Pre-tax national income 
P80-100 | share | all ages | equal split
";p80p100;1967;;
Latvia ;"sptinc_p80p100_999_j_LV
Pre-tax national income 
P80-100 | share | all ages | equal split
";p80p100;1968;;
Latvia ;"sptinc_p80p100_999_j_LV
Pre-tax national income 
P80-100 | share | all ages | equal split
";p80p100;1969;;
Latvia ;"sptinc_p80p100_999_j_LV
Pre-tax national income 
P80-100 | share | all ages | equal split
";p80p100;1970;;
Latvia ;"sptinc_p80p100_999_j_LV
Pre-tax national income 
P80-100 | share | all ages | equal split
";p80p100;1971;;
Latvia ;"sptinc_p80p100_999_j_LV
Pre-tax national income 
P80-100 | share | all ages | equal split
";p80p100;1972;;
Latvia ;"sptinc_p80p100_999_j_LV
Pre-tax national income 
P80-100 | share | all ages | equal split
";p80p100;1973;;
Latvia ;"sptinc_p80p100_999_j_LV
Pre-tax national income 
P80-100 | share | all ages | equal split
";p80p100;1974;;
Latvia ;"sptinc_p80p100_999_j_LV
Pre-tax national income 
P80-100 | share | all ages | equal split
";p80p100;1975;;
Latvia ;"sptinc_p80p100_999_j_LV
Pre-tax national income 
P80-100 | share | all ages | equal split
";p80p100;1976;;
Latvia ;"sptinc_p80p100_999_j_LV
Pre-tax national income 
P80-100 | share | all ages | equal split
";p80p100;1977;;
Latvia ;"sptinc_p80p100_999_j_LV
Pre-tax national income 
P80-100 | share | all ages | equal split
";p80p100;1978;;
Latvia ;"sptinc_p80p100_999_j_LV
Pre-tax national income 
P80-100 | share | all ages | equal split
";p80p100;1979;;
Latvia ;"sptinc_p80p100_999_j_LV
Pre-tax national income 
P80-100 | share | all ages | equal split
";p80p100;1980;0.3814;1.0
Latvia ;"sptinc_p80p100_999_j_LV
Pre-tax national income 
P80-100 | share | all ages | equal split
";p80p100;1981;0.3814;1.0
Latvia ;"sptinc_p80p100_999_j_LV
Pre-tax national income 
P80-100 | share | all ages | equal split
";p80p100;1982;0.3814;1.0
Latvia ;"sptinc_p80p100_999_j_LV
Pre-tax national income 
P80-100 | share | all ages | equal split
";p80p100;1983;0.3814;1.0
Latvia ;"sptinc_p80p100_999_j_LV
Pre-tax national income 
P80-100 | share | all ages | equal split
";p80p100;1984;0.3814;1.0
Latvia ;"sptinc_p80p100_999_j_LV
Pre-tax national income 
P80-100 | share | all ages | equal split
";p80p100;1985;0.3814;1.0
Latvia ;"sptinc_p80p100_999_j_LV
Pre-tax national income 
P80-100 | share | all ages | equal split
";p80p100;1986;0.3814;1.0
Latvia ;"sptinc_p80p100_999_j_LV
Pre-tax national income 
P80-100 | share | all ages | equal split
";p80p100;1987;0.3814;1.0
Latvia ;"sptinc_p80p100_999_j_LV
Pre-tax national income 
P80-100 | share | all ages | equal split
";p80p100;1988;0.3814;3.0
Latvia ;"sptinc_p80p100_999_j_LV
Pre-tax national income 
P80-100 | share | all ages | equal split
";p80p100;1989;0.3901;3.0
Latvia ;"sptinc_p80p100_999_j_LV
Pre-tax national income 
P80-100 | share | all ages | equal split
";p80p100;1990;0.3989;3.0
Latvia ;"sptinc_p80p100_999_j_LV
Pre-tax national income 
P80-100 | share | all ages | equal split
";p80p100;1991;0.4127;3.0
Latvia ;"sptinc_p80p100_999_j_LV
Pre-tax national income 
P80-100 | share | all ages | equal split
";p80p100;1992;0.4302;3.0
Latvia ;"sptinc_p80p100_999_j_LV
Pre-tax national income 
P80-100 | share | all ages | equal split
";p80p100;1993;0.4689;3.0
Latvia ;"sptinc_p80p100_999_j_LV
Pre-tax national income 
P80-100 | share | all ages | equal split
";p80p100;1994;0.4872;3.0
Latvia ;"sptinc_p80p100_999_j_LV
Pre-tax national income 
P80-100 | share | all ages | equal split
";p80p100;1995;0.4932;3.0
Latvia ;"sptinc_p80p100_999_j_LV
Pre-tax national income 
P80-100 | share | all ages | equal split
";p80p100;1996;0.5143;3.0
Latvia ;"sptinc_p80p100_999_j_LV
Pre-tax national income 
P80-100 | share | all ages | equal split
";p80p100;1997;0.519;3.0
Latvia ;"sptinc_p80p100_999_j_LV
Pre-tax national income 
P80-100 | share | all ages | equal split
";p80p100;1998;0.5244;3.0
Latvia ;"sptinc_p80p100_999_j_LV
Pre-tax national income 
P80-100 | share | all ages | equal split
";p80p100;1999;0.5266000000000001;3.0
Latvia ;"sptinc_p80p100_999_j_LV
Pre-tax national income 
P80-100 | share | all ages | equal split
";p80p100;2000;0.5268;3.0
Latvia ;"sptinc_p80p100_999_j_LV
Pre-tax national income 
P80-100 | share | all ages | equal split
";p80p100;2001;0.5243;3.0
Latvia ;"sptinc_p80p100_999_j_LV
Pre-tax national income 
P80-100 | share | all ages | equal split
";p80p100;2002;0.536;3.0
Latvia ;"sptinc_p80p100_999_j_LV
Pre-tax national income 
P80-100 | share | all ages | equal split
";p80p100;2003;0.5426;3.0
Latvia ;"sptinc_p80p100_999_j_LV
Pre-tax national income 
P80-100 | share | all ages | equal split
";p80p100;2004;0.545;3.0
Latvia ;"sptinc_p80p100_999_j_LV
Pre-tax national income 
P80-100 | share | all ages | equal split
";p80p100;2005;0.5605;3.0
Latvia ;"sptinc_p80p100_999_j_LV
Pre-tax national income 
P80-100 | share | all ages | equal split
";p80p100;2006;0.5262;3.0
Latvia ;"sptinc_p80p100_999_j_LV
Pre-tax national income 
P80-100 | share | all ages | equal split
";p80p100;2007;0.5538000000000001;3.0
Latvia ;"sptinc_p80p100_999_j_LV
Pre-tax national income 
P80-100 | share | all ages | equal split
";p80p100;2008;0.5454;3.0
Latvia ;"sptinc_p80p100_999_j_LV
Pre-tax national income 
P80-100 | share | all ages | equal split
";p80p100;2009;0.5407000000000001;3.0
Latvia ;"sptinc_p80p100_999_j_LV
Pre-tax national income 
P80-100 | share | all ages | equal split
";p80p100;2010;0.5255000000000001;3.0
Latvia ;"sptinc_p80p100_999_j_LV
Pre-tax national income 
P80-100 | share | all ages | equal split
";p80p100;2011;0.5352;3.0
Latvia ;"sptinc_p80p100_999_j_LV
Pre-tax national income 
P80-100 | share | all ages | equal split
";p80p100;2012;0.5414;3.0
Latvia ;"sptinc_p80p100_999_j_LV
Pre-tax national income 
P80-100 | share | all ages | equal split
";p80p100;2013;0.5405;3.0
Latvia ;"sptinc_p80p100_999_j_LV
Pre-tax national income 
P80-100 | share | all ages | equal split
";p80p100;2014;0.5289;3.0
Latvia ;"sptinc_p80p100_999_j_LV
Pre-tax national income 
P80-100 | share | all ages | equal split
";p80p100;2015;0.5201;3.0
Latvia ;"sptinc_p80p100_999_j_LV
Pre-tax national income 
P80-100 | share | all ages | equal split
";p80p100;2016;0.5079;3.0
Latvia ;"sptinc_p80p100_999_j_LV
Pre-tax national income 
P80-100 | share | all ages | equal split
";p80p100;2017;0.5255000000000001;3.0
Latvia ;"sptinc_p80p100_999_j_LV
Pre-tax national income 
P80-100 | share | all ages | equal split
";p80p100;2018;0.523;3.0
Latvia ;"sptinc_p80p100_999_j_LV
Pre-tax national income 
P80-100 | share | all ages | equal split
";p80p100;2019;0.5205000000000001;3.0
Latvia ;"sptinc_p80p100_999_j_LV
Pre-tax national income 
P80-100 | share | all ages | equal split
";p80p100;2020;0.5205000000000001;3.0
Latvia ;"sptinc_p80p100_999_j_LV
Pre-tax national income 
P80-100 | share | all ages | equal split
";p80p100;2021;0.5219;3.0
Latvia ;"sptinc_p80p100_999_j_LV
Pre-tax national income 
P80-100 | share | all ages | equal split
";p80p100;2022;0.5217;3.0
Latvia ;"sptinc_p80p100_999_j_LV
Pre-tax national income 
P80-100 | share | all ages | equal split
";p80p100;2023;0.5195000000000001;3.0
Latvia ;"sptinc_p80p100_999_j_LV
Pre-tax national income 
P80-100 | share | all ages | equal split
";p80p100;2024;0.5195000000000001;1.0
Lebanon ;"sptinc_p80p100_999_j_LB
Pre-tax national income 
P80-100 | share | all ages | equal split
";p80p100;1940;;
Lebanon ;"sptinc_p80p100_999_j_LB
Pre-tax national income 
P80-100 | share | all ages | equal split
";p80p100;1941;;
Lebanon ;"sptinc_p80p100_999_j_LB
Pre-tax national income 
P80-100 | share | all ages | equal split
";p80p100;1942;;
Lebanon ;"sptinc_p80p100_999_j_LB
Pre-tax national income 
P80-100 | share | all ages | equal split
";p80p100;1943;;
Lebanon ;"sptinc_p80p100_999_j_LB
Pre-tax national income 
P80-100 | share | all ages | equal split
";p80p100;1944;;
Lebanon ;"sptinc_p80p100_999_j_LB
Pre-tax national income 
P80-100 | share | all ages | equal split
";p80p100;1945;;
Lebanon ;"sptinc_p80p100_999_j_LB
Pre-tax national income 
P80-100 | share | all ages | equal split
";p80p100;1946;;
Lebanon ;"sptinc_p80p100_999_j_LB
Pre-tax national income 
P80-100 | share | all ages | equal split
";p80p100;1947;;
Lebanon ;"sptinc_p80p100_999_j_LB
Pre-tax national income 
P80-100 | share | all ages | equal split
";p80p100;1948;;
Lebanon ;"sptinc_p80p100_999_j_LB
Pre-tax national income 
P80-100 | share | all ages | equal split
";p80p100;1949;;
Lebanon ;"sptinc_p80p100_999_j_LB
Pre-tax national income 
P80-100 | share | all ages | equal split
";p80p100;1950;;
Lebanon ;"sptinc_p80p100_999_j_LB
Pre-tax national income 
P80-100 | share | all ages | equal split
";p80p100;1951;;
Lebanon ;"sptinc_p80p100_999_j_LB
Pre-tax national income 
P80-100 | share | all ages | equal split
";p80p100;1952;;
Lebanon ;"sptinc_p80p100_999_j_LB
Pre-tax national income 
P80-100 | share | all ages | equal split
";p80p100;1953;;
Lebanon ;"sptinc_p80p100_999_j_LB
Pre-tax national income 
P80-100 | share | all ages | equal split
";p80p100;1954;;
Lebanon ;"sptinc_p80p100_999_j_LB
Pre-tax national income 
P80-100 | share | all ages | equal split
";p80p100;1955;;
Lebanon ;"sptinc_p80p100_999_j_LB
Pre-tax national income 
P80-100 | share | all ages | equal split
";p80p100;1956;;
Lebanon ;"sptinc_p80p100_999_j_LB
Pre-tax national income 
P80-100 | share | all ages | equal split
";p80p100;1957;;
Lebanon ;"sptinc_p80p100_999_j_LB
Pre-tax national income 
P80-100 | share | all ages | equal split
";p80p100;1958;;
Lebanon ;"sptinc_p80p100_999_j_LB
Pre-tax national income 
P80-100 | share | all ages | equal split
";p80p100;1959;;
Lebanon ;"sptinc_p80p100_999_j_LB
Pre-tax national income 
P80-100 | share | all ages | equal split
";p80p100;1960;;
Lebanon ;"sptinc_p80p100_999_j_LB
Pre-tax national income 
P80-100 | share | all ages | equal split
";p80p100;1961;;
Lebanon ;"sptinc_p80p100_999_j_LB
Pre-tax national income 
P80-100 | share | all ages | equal split
";p80p100;1962;;
Lebanon ;"sptinc_p80p100_999_j_LB
Pre-tax national income 
P80-100 | share | all ages | equal split
";p80p100;1963;;
Lebanon ;"sptinc_p80p100_999_j_LB
Pre-tax national income 
P80-100 | share | all ages | equal split
";p80p100;1964;;
Lebanon ;"sptinc_p80p100_999_j_LB
Pre-tax national income 
P80-100 | share | all ages | equal split
";p80p100;1965;;
Lebanon ;"sptinc_p80p100_999_j_LB
Pre-tax national income 
P80-100 | share | all ages | equal split
";p80p100;1966;;
Lebanon ;"sptinc_p80p100_999_j_LB
Pre-tax national income 
P80-100 | share | all ages | equal split
";p80p100;1967;;
Lebanon ;"sptinc_p80p100_999_j_LB
Pre-tax national income 
P80-100 | share | all ages | equal split
";p80p100;1968;;
Lebanon ;"sptinc_p80p100_999_j_LB
Pre-tax national income 
P80-100 | share | all ages | equal split
";p80p100;1969;;
Lebanon ;"sptinc_p80p100_999_j_LB
Pre-tax national income 
P80-100 | share | all ages | equal split
";p80p100;1970;;
Lebanon ;"sptinc_p80p100_999_j_LB
Pre-tax national income 
P80-100 | share | all ages | equal split
";p80p100;1971;;
Lebanon ;"sptinc_p80p100_999_j_LB
Pre-tax national income 
P80-100 | share | all ages | equal split
";p80p100;1972;;
Lebanon ;"sptinc_p80p100_999_j_LB
Pre-tax national income 
P80-100 | share | all ages | equal split
";p80p100;1973;;
Lebanon ;"sptinc_p80p100_999_j_LB
Pre-tax national income 
P80-100 | share | all ages | equal split
";p80p100;1974;;
Lebanon ;"sptinc_p80p100_999_j_LB
Pre-tax national income 
P80-100 | share | all ages | equal split
";p80p100;1975;;
Lebanon ;"sptinc_p80p100_999_j_LB
Pre-tax national income 
P80-100 | share | all ages | equal split
";p80p100;1976;;
Lebanon ;"sptinc_p80p100_999_j_LB
Pre-tax national income 
P80-100 | share | all ages | equal split
";p80p100;1977;;
Lebanon ;"sptinc_p80p100_999_j_LB
Pre-tax national income 
P80-100 | share | all ages | equal split
";p80p100;1978;;
Lebanon ;"sptinc_p80p100_999_j_LB
Pre-tax national income 
P80-100 | share | all ages | equal split
";p80p100;1979;;
Lebanon ;"sptinc_p80p100_999_j_LB
Pre-tax national income 
P80-100 | share | all ages | equal split
";p80p100;1980;0.6598;1.0
Lebanon ;"sptinc_p80p100_999_j_LB
Pre-tax national income 
P80-100 | share | all ages | equal split
";p80p100;1981;0.6598;1.0
Lebanon ;"sptinc_p80p100_999_j_LB
Pre-tax national income 
P80-100 | share | all ages | equal split
";p80p100;1982;0.6598;1.0
Lebanon ;"sptinc_p80p100_999_j_LB
Pre-tax national income 
P80-100 | share | all ages | equal split
";p80p100;1983;0.6598;1.0
Lebanon ;"sptinc_p80p100_999_j_LB
Pre-tax national income 
P80-100 | share | all ages | equal split
";p80p100;1984;0.6598;1.0
Lebanon ;"sptinc_p80p100_999_j_LB
Pre-tax national income 
P80-100 | share | all ages | equal split
";p80p100;1985;0.6598;1.0
Lebanon ;"sptinc_p80p100_999_j_LB
Pre-tax national income 
P80-100 | share | all ages | equal split
";p80p100;1986;0.6598;1.0
Lebanon ;"sptinc_p80p100_999_j_LB
Pre-tax national income 
P80-100 | share | all ages | equal split
";p80p100;1987;0.6598;1.0
Lebanon ;"sptinc_p80p100_999_j_LB
Pre-tax national income 
P80-100 | share | all ages | equal split
";p80p100;1988;0.6598;1.0
Lebanon ;"sptinc_p80p100_999_j_LB
Pre-tax national income 
P80-100 | share | all ages | equal split
";p80p100;1989;0.6598;1.0
Lebanon ;"sptinc_p80p100_999_j_LB
Pre-tax national income 
P80-100 | share | all ages | equal split
";p80p100;1990;0.6598;1.0
Lebanon ;"sptinc_p80p100_999_j_LB
Pre-tax national income 
P80-100 | share | all ages | equal split
";p80p100;1991;0.6598;1.0
Lebanon ;"sptinc_p80p100_999_j_LB
Pre-tax national income 
P80-100 | share | all ages | equal split
";p80p100;1992;0.6598;1.0
Lebanon ;"sptinc_p80p100_999_j_LB
Pre-tax national income 
P80-100 | share | all ages | equal split
";p80p100;1993;0.6598;1.0
Lebanon ;"sptinc_p80p100_999_j_LB
Pre-tax national income 
P80-100 | share | all ages | equal split
";p80p100;1994;0.6598;1.0
Lebanon ;"sptinc_p80p100_999_j_LB
Pre-tax national income 
P80-100 | share | all ages | equal split
";p80p100;1995;0.6598;1.0
Lebanon ;"sptinc_p80p100_999_j_LB
Pre-tax national income 
P80-100 | share | all ages | equal split
";p80p100;1996;0.6598;1.0
Lebanon ;"sptinc_p80p100_999_j_LB
Pre-tax national income 
P80-100 | share | all ages | equal split
";p80p100;1997;0.6598;1.0
Lebanon ;"sptinc_p80p100_999_j_LB
Pre-tax national income 
P80-100 | share | all ages | equal split
";p80p100;1998;0.6598;1.0
Lebanon ;"sptinc_p80p100_999_j_LB
Pre-tax national income 
P80-100 | share | all ages | equal split
";p80p100;1999;0.6598;1.0
Lebanon ;"sptinc_p80p100_999_j_LB
Pre-tax national income 
P80-100 | share | all ages | equal split
";p80p100;2000;0.6598;1.0
Lebanon ;"sptinc_p80p100_999_j_LB
Pre-tax national income 
P80-100 | share | all ages | equal split
";p80p100;2001;0.6598;1.0
Lebanon ;"sptinc_p80p100_999_j_LB
Pre-tax national income 
P80-100 | share | all ages | equal split
";p80p100;2002;0.6598;1.0
Lebanon ;"sptinc_p80p100_999_j_LB
Pre-tax national income 
P80-100 | share | all ages | equal split
";p80p100;2003;0.6598;1.0
Lebanon ;"sptinc_p80p100_999_j_LB
Pre-tax national income 
P80-100 | share | all ages | equal split
";p80p100;2004;0.6598;1.0
Lebanon ;"sptinc_p80p100_999_j_LB
Pre-tax national income 
P80-100 | share | all ages | equal split
";p80p100;2005;0.6598;4.0
Lebanon ;"sptinc_p80p100_999_j_LB
Pre-tax national income 
P80-100 | share | all ages | equal split
";p80p100;2006;0.6572;4.0
Lebanon ;"sptinc_p80p100_999_j_LB
Pre-tax national income 
P80-100 | share | all ages | equal split
";p80p100;2007;0.6962;4.0
Lebanon ;"sptinc_p80p100_999_j_LB
Pre-tax national income 
P80-100 | share | all ages | equal split
";p80p100;2008;0.6990000000000001;4.0
Lebanon ;"sptinc_p80p100_999_j_LB
Pre-tax national income 
P80-100 | share | all ages | equal split
";p80p100;2009;0.6884;4.0
Lebanon ;"sptinc_p80p100_999_j_LB
Pre-tax national income 
P80-100 | share | all ages | equal split
";p80p100;2010;0.6952;4.0
Lebanon ;"sptinc_p80p100_999_j_LB
Pre-tax national income 
P80-100 | share | all ages | equal split
";p80p100;2011;0.6991;4.0
Lebanon ;"sptinc_p80p100_999_j_LB
Pre-tax national income 
P80-100 | share | all ages | equal split
";p80p100;2012;0.7044;4.0
Lebanon ;"sptinc_p80p100_999_j_LB
Pre-tax national income 
P80-100 | share | all ages | equal split
";p80p100;2013;0.7005;4.0
Lebanon ;"sptinc_p80p100_999_j_LB
Pre-tax national income 
P80-100 | share | all ages | equal split
";p80p100;2014;0.6974;2.0
Lebanon ;"sptinc_p80p100_999_j_LB
Pre-tax national income 
P80-100 | share | all ages | equal split
";p80p100;2015;0.6931;2.0
Lebanon ;"sptinc_p80p100_999_j_LB
Pre-tax national income 
P80-100 | share | all ages | equal split
";p80p100;2016;0.6886;2.0
Lebanon ;"sptinc_p80p100_999_j_LB
Pre-tax national income 
P80-100 | share | all ages | equal split
";p80p100;2017;0.6839000000000001;2.0
Lebanon ;"sptinc_p80p100_999_j_LB
Pre-tax national income 
P80-100 | share | all ages | equal split
";p80p100;2018;0.6789000000000001;2.0
Lebanon ;"sptinc_p80p100_999_j_LB
Pre-tax national income 
P80-100 | share | all ages | equal split
";p80p100;2019;0.6737000000000001;2.0
Lebanon ;"sptinc_p80p100_999_j_LB
Pre-tax national income 
P80-100 | share | all ages | equal split
";p80p100;2020;0.6683;2.0
Lebanon ;"sptinc_p80p100_999_j_LB
Pre-tax national income 
P80-100 | share | all ages | equal split
";p80p100;2021;0.6625;2.0
Lebanon ;"sptinc_p80p100_999_j_LB
Pre-tax national income 
P80-100 | share | all ages | equal split
";p80p100;2022;0.6565000000000001;2.0
Lebanon ;"sptinc_p80p100_999_j_LB
Pre-tax national income 
P80-100 | share | all ages | equal split
";p80p100;2023;0.6501;2.0
Lebanon ;"sptinc_p80p100_999_j_LB
Pre-tax national income 
P80-100 | share | all ages | equal split
";p80p100;2024;0.6434000000000001;2.0
Lesotho ;"sptinc_p80p100_999_j_LS
Pre-tax national income 
P80-100 | share | all ages | equal split
";p80p100;1940;;
Lesotho ;"sptinc_p80p100_999_j_LS
Pre-tax national income 
P80-100 | share | all ages | equal split
";p80p100;1941;;
Lesotho ;"sptinc_p80p100_999_j_LS
Pre-tax national income 
P80-100 | share | all ages | equal split
";p80p100;1942;;
Lesotho ;"sptinc_p80p100_999_j_LS
Pre-tax national income 
P80-100 | share | all ages | equal split
";p80p100;1943;;
Lesotho ;"sptinc_p80p100_999_j_LS
Pre-tax national income 
P80-100 | share | all ages | equal split
";p80p100;1944;;
Lesotho ;"sptinc_p80p100_999_j_LS
Pre-tax national income 
P80-100 | share | all ages | equal split
";p80p100;1945;;
Lesotho ;"sptinc_p80p100_999_j_LS
Pre-tax national income 
P80-100 | share | all ages | equal split
";p80p100;1946;;
Lesotho ;"sptinc_p80p100_999_j_LS
Pre-tax national income 
P80-100 | share | all ages | equal split
";p80p100;1947;;
Lesotho ;"sptinc_p80p100_999_j_LS
Pre-tax national income 
P80-100 | share | all ages | equal split
";p80p100;1948;;
Lesotho ;"sptinc_p80p100_999_j_LS
Pre-tax national income 
P80-100 | share | all ages | equal split
";p80p100;1949;;
Lesotho ;"sptinc_p80p100_999_j_LS
Pre-tax national income 
P80-100 | share | all ages | equal split
";p80p100;1950;;
Lesotho ;"sptinc_p80p100_999_j_LS
Pre-tax national income 
P80-100 | share | all ages | equal split
";p80p100;1951;;
Lesotho ;"sptinc_p80p100_999_j_LS
Pre-tax national income 
P80-100 | share | all ages | equal split
";p80p100;1952;;
Lesotho ;"sptinc_p80p100_999_j_LS
Pre-tax national income 
P80-100 | share | all ages | equal split
";p80p100;1953;;
Lesotho ;"sptinc_p80p100_999_j_LS
Pre-tax national income 
P80-100 | share | all ages | equal split
";p80p100;1954;;
Lesotho ;"sptinc_p80p100_999_j_LS
Pre-tax national income 
P80-100 | share | all ages | equal split
";p80p100;1955;;
Lesotho ;"sptinc_p80p100_999_j_LS
Pre-tax national income 
P80-100 | share | all ages | equal split
";p80p100;1956;;
Lesotho ;"sptinc_p80p100_999_j_LS
Pre-tax national income 
P80-100 | share | all ages | equal split
";p80p100;1957;;
Lesotho ;"sptinc_p80p100_999_j_LS
Pre-tax national income 
P80-100 | share | all ages | equal split
";p80p100;1958;;
Lesotho ;"sptinc_p80p100_999_j_LS
Pre-tax national income 
P80-100 | share | all ages | equal split
";p80p100;1959;;
Lesotho ;"sptinc_p80p100_999_j_LS
Pre-tax national income 
P80-100 | share | all ages | equal split
";p80p100;1960;;
Lesotho ;"sptinc_p80p100_999_j_LS
Pre-tax national income 
P80-100 | share | all ages | equal split
";p80p100;1961;;
Lesotho ;"sptinc_p80p100_999_j_LS
Pre-tax national income 
P80-100 | share | all ages | equal split
";p80p100;1962;;
Lesotho ;"sptinc_p80p100_999_j_LS
Pre-tax national income 
P80-100 | share | all ages | equal split
";p80p100;1963;;
Lesotho ;"sptinc_p80p100_999_j_LS
Pre-tax national income 
P80-100 | share | all ages | equal split
";p80p100;1964;;
Lesotho ;"sptinc_p80p100_999_j_LS
Pre-tax national income 
P80-100 | share | all ages | equal split
";p80p100;1965;;
Lesotho ;"sptinc_p80p100_999_j_LS
Pre-tax national income 
P80-100 | share | all ages | equal split
";p80p100;1966;;
Lesotho ;"sptinc_p80p100_999_j_LS
Pre-tax national income 
P80-100 | share | all ages | equal split
";p80p100;1967;;
Lesotho ;"sptinc_p80p100_999_j_LS
Pre-tax national income 
P80-100 | share | all ages | equal split
";p80p100;1968;;
Lesotho ;"sptinc_p80p100_999_j_LS
Pre-tax national income 
P80-100 | share | all ages | equal split
";p80p100;1969;;
Lesotho ;"sptinc_p80p100_999_j_LS
Pre-tax national income 
P80-100 | share | all ages | equal split
";p80p100;1970;;
Lesotho ;"sptinc_p80p100_999_j_LS
Pre-tax national income 
P80-100 | share | all ages | equal split
";p80p100;1971;;
Lesotho ;"sptinc_p80p100_999_j_LS
Pre-tax national income 
P80-100 | share | all ages | equal split
";p80p100;1972;;
Lesotho ;"sptinc_p80p100_999_j_LS
Pre-tax national income 
P80-100 | share | all ages | equal split
";p80p100;1973;;
Lesotho ;"sptinc_p80p100_999_j_LS
Pre-tax national income 
P80-100 | share | all ages | equal split
";p80p100;1974;;
Lesotho ;"sptinc_p80p100_999_j_LS
Pre-tax national income 
P80-100 | share | all ages | equal split
";p80p100;1975;;
Lesotho ;"sptinc_p80p100_999_j_LS
Pre-tax national income 
P80-100 | share | all ages | equal split
";p80p100;1976;;
Lesotho ;"sptinc_p80p100_999_j_LS
Pre-tax national income 
P80-100 | share | all ages | equal split
";p80p100;1977;;
Lesotho ;"sptinc_p80p100_999_j_LS
Pre-tax national income 
P80-100 | share | all ages | equal split
";p80p100;1978;;
Lesotho ;"sptinc_p80p100_999_j_LS
Pre-tax national income 
P80-100 | share | all ages | equal split
";p80p100;1979;;
Lesotho ;"sptinc_p80p100_999_j_LS
Pre-tax national income 
P80-100 | share | all ages | equal split
";p80p100;1980;0.7458;1.0
Lesotho ;"sptinc_p80p100_999_j_LS
Pre-tax national income 
P80-100 | share | all ages | equal split
";p80p100;1981;0.7458;1.0
Lesotho ;"sptinc_p80p100_999_j_LS
Pre-tax national income 
P80-100 | share | all ages | equal split
";p80p100;1982;0.7458;1.0
Lesotho ;"sptinc_p80p100_999_j_LS
Pre-tax national income 
P80-100 | share | all ages | equal split
";p80p100;1983;0.7458;1.0
Lesotho ;"sptinc_p80p100_999_j_LS
Pre-tax national income 
P80-100 | share | all ages | equal split
";p80p100;1984;0.7458;1.0
Lesotho ;"sptinc_p80p100_999_j_LS
Pre-tax national income 
P80-100 | share | all ages | equal split
";p80p100;1985;0.7458;1.0
Lesotho ;"sptinc_p80p100_999_j_LS
Pre-tax national income 
P80-100 | share | all ages | equal split
";p80p100;1986;0.7458;3.0
Lesotho ;"sptinc_p80p100_999_j_LS
Pre-tax national income 
P80-100 | share | all ages | equal split
";p80p100;1987;0.7511;2.0
Lesotho ;"sptinc_p80p100_999_j_LS
Pre-tax national income 
P80-100 | share | all ages | equal split
";p80p100;1988;0.7563000000000001;2.0
Lesotho ;"sptinc_p80p100_999_j_LS
Pre-tax national income 
P80-100 | share | all ages | equal split
";p80p100;1989;0.7615000000000001;2.0
Lesotho ;"sptinc_p80p100_999_j_LS
Pre-tax national income 
P80-100 | share | all ages | equal split
";p80p100;1990;0.7667;2.0
Lesotho ;"sptinc_p80p100_999_j_LS
Pre-tax national income 
P80-100 | share | all ages | equal split
";p80p100;1991;0.772;2.0
Lesotho ;"sptinc_p80p100_999_j_LS
Pre-tax national income 
P80-100 | share | all ages | equal split
";p80p100;1992;0.7772;2.0
Lesotho ;"sptinc_p80p100_999_j_LS
Pre-tax national income 
P80-100 | share | all ages | equal split
";p80p100;1993;0.7824;2.0
Lesotho ;"sptinc_p80p100_999_j_LS
Pre-tax national income 
P80-100 | share | all ages | equal split
";p80p100;1994;0.7876000000000001;3.0
Lesotho ;"sptinc_p80p100_999_j_LS
Pre-tax national income 
P80-100 | share | all ages | equal split
";p80p100;1995;0.7767000000000001;2.0
Lesotho ;"sptinc_p80p100_999_j_LS
Pre-tax national income 
P80-100 | share | all ages | equal split
";p80p100;1996;0.7657;2.0
Lesotho ;"sptinc_p80p100_999_j_LS
Pre-tax national income 
P80-100 | share | all ages | equal split
";p80p100;1997;0.7547;2.0
Lesotho ;"sptinc_p80p100_999_j_LS
Pre-tax national income 
P80-100 | share | all ages | equal split
";p80p100;1998;0.7438;2.0
Lesotho ;"sptinc_p80p100_999_j_LS
Pre-tax national income 
P80-100 | share | all ages | equal split
";p80p100;1999;0.7328;2.0
Lesotho ;"sptinc_p80p100_999_j_LS
Pre-tax national income 
P80-100 | share | all ages | equal split
";p80p100;2000;0.7218;2.0
Lesotho ;"sptinc_p80p100_999_j_LS
Pre-tax national income 
P80-100 | share | all ages | equal split
";p80p100;2001;0.7108;2.0
Lesotho ;"sptinc_p80p100_999_j_LS
Pre-tax national income 
P80-100 | share | all ages | equal split
";p80p100;2002;0.6998000000000001;3.0
Lesotho ;"sptinc_p80p100_999_j_LS
Pre-tax national income 
P80-100 | share | all ages | equal split
";p80p100;2003;0.6965;2.0
Lesotho ;"sptinc_p80p100_999_j_LS
Pre-tax national income 
P80-100 | share | all ages | equal split
";p80p100;2004;0.6932;2.0
Lesotho ;"sptinc_p80p100_999_j_LS
Pre-tax national income 
P80-100 | share | all ages | equal split
";p80p100;2005;0.6898000000000001;2.0
Lesotho ;"sptinc_p80p100_999_j_LS
Pre-tax national income 
P80-100 | share | all ages | equal split
";p80p100;2006;0.6865;2.0
Lesotho ;"sptinc_p80p100_999_j_LS
Pre-tax national income 
P80-100 | share | all ages | equal split
";p80p100;2007;0.6832;2.0
Lesotho ;"sptinc_p80p100_999_j_LS
Pre-tax national income 
P80-100 | share | all ages | equal split
";p80p100;2008;0.6798000000000001;2.0
Lesotho ;"sptinc_p80p100_999_j_LS
Pre-tax national income 
P80-100 | share | all ages | equal split
";p80p100;2009;0.6765;2.0
Lesotho ;"sptinc_p80p100_999_j_LS
Pre-tax national income 
P80-100 | share | all ages | equal split
";p80p100;2010;0.6731;2.0
Lesotho ;"sptinc_p80p100_999_j_LS
Pre-tax national income 
P80-100 | share | all ages | equal split
";p80p100;2011;0.6698000000000001;2.0
Lesotho ;"sptinc_p80p100_999_j_LS
Pre-tax national income 
P80-100 | share | all ages | equal split
";p80p100;2012;0.6665;2.0
Lesotho ;"sptinc_p80p100_999_j_LS
Pre-tax national income 
P80-100 | share | all ages | equal split
";p80p100;2013;0.6631;2.0
Lesotho ;"sptinc_p80p100_999_j_LS
Pre-tax national income 
P80-100 | share | all ages | equal split
";p80p100;2014;0.6598;2.0
Lesotho ;"sptinc_p80p100_999_j_LS
Pre-tax national income 
P80-100 | share | all ages | equal split
";p80p100;2015;0.6564;2.0
Lesotho ;"sptinc_p80p100_999_j_LS
Pre-tax national income 
P80-100 | share | all ages | equal split
";p80p100;2016;0.6531;2.0
Lesotho ;"sptinc_p80p100_999_j_LS
Pre-tax national income 
P80-100 | share | all ages | equal split
";p80p100;2017;0.6497;3.0
Lesotho ;"sptinc_p80p100_999_j_LS
Pre-tax national income 
P80-100 | share | all ages | equal split
";p80p100;2018;0.6497;1.0
Lesotho ;"sptinc_p80p100_999_j_LS
Pre-tax national income 
P80-100 | share | all ages | equal split
";p80p100;2019;0.6497;1.0
Lesotho ;"sptinc_p80p100_999_j_LS
Pre-tax national income 
P80-100 | share | all ages | equal split
";p80p100;2020;0.6497;1.0
Lesotho ;"sptinc_p80p100_999_j_LS
Pre-tax national income 
P80-100 | share | all ages | equal split
";p80p100;2021;0.6497;1.0
Lesotho ;"sptinc_p80p100_999_j_LS
Pre-tax national income 
P80-100 | share | all ages | equal split
";p80p100;2022;0.6497;1.0
Lesotho ;"sptinc_p80p100_999_j_LS
Pre-tax national income 
P80-100 | share | all ages | equal split
";p80p100;2023;0.6497;1.0
Lesotho ;"sptinc_p80p100_999_j_LS
Pre-tax national income 
P80-100 | share | all ages | equal split
";p80p100;2024;0.6497;1.0
Liberia ;"sptinc_p80p100_999_j_LR
Pre-tax national income 
P80-100 | share | all ages | equal split
";p80p100;1940;;
Liberia ;"sptinc_p80p100_999_j_LR
Pre-tax national income 
P80-100 | share | all ages | equal split
";p80p100;1941;;
Liberia ;"sptinc_p80p100_999_j_LR
Pre-tax national income 
P80-100 | share | all ages | equal split
";p80p100;1942;;
Liberia ;"sptinc_p80p100_999_j_LR
Pre-tax national income 
P80-100 | share | all ages | equal split
";p80p100;1943;;
Liberia ;"sptinc_p80p100_999_j_LR
Pre-tax national income 
P80-100 | share | all ages | equal split
";p80p100;1944;;
Liberia ;"sptinc_p80p100_999_j_LR
Pre-tax national income 
P80-100 | share | all ages | equal split
";p80p100;1945;;
Liberia ;"sptinc_p80p100_999_j_LR
Pre-tax national income 
P80-100 | share | all ages | equal split
";p80p100;1946;;
Liberia ;"sptinc_p80p100_999_j_LR
Pre-tax national income 
P80-100 | share | all ages | equal split
";p80p100;1947;;
Liberia ;"sptinc_p80p100_999_j_LR
Pre-tax national income 
P80-100 | share | all ages | equal split
";p80p100;1948;;
Liberia ;"sptinc_p80p100_999_j_LR
Pre-tax national income 
P80-100 | share | all ages | equal split
";p80p100;1949;;
Liberia ;"sptinc_p80p100_999_j_LR
Pre-tax national income 
P80-100 | share | all ages | equal split
";p80p100;1950;;
Liberia ;"sptinc_p80p100_999_j_LR
Pre-tax national income 
P80-100 | share | all ages | equal split
";p80p100;1951;;
Liberia ;"sptinc_p80p100_999_j_LR
Pre-tax national income 
P80-100 | share | all ages | equal split
";p80p100;1952;;
Liberia ;"sptinc_p80p100_999_j_LR
Pre-tax national income 
P80-100 | share | all ages | equal split
";p80p100;1953;;
Liberia ;"sptinc_p80p100_999_j_LR
Pre-tax national income 
P80-100 | share | all ages | equal split
";p80p100;1954;;
Liberia ;"sptinc_p80p100_999_j_LR
Pre-tax national income 
P80-100 | share | all ages | equal split
";p80p100;1955;;
Liberia ;"sptinc_p80p100_999_j_LR
Pre-tax national income 
P80-100 | share | all ages | equal split
";p80p100;1956;;
Liberia ;"sptinc_p80p100_999_j_LR
Pre-tax national income 
P80-100 | share | all ages | equal split
";p80p100;1957;;
Liberia ;"sptinc_p80p100_999_j_LR
Pre-tax national income 
P80-100 | share | all ages | equal split
";p80p100;1958;;
Liberia ;"sptinc_p80p100_999_j_LR
Pre-tax national income 
P80-100 | share | all ages | equal split
";p80p100;1959;;
Liberia ;"sptinc_p80p100_999_j_LR
Pre-tax national income 
P80-100 | share | all ages | equal split
";p80p100;1960;;
Liberia ;"sptinc_p80p100_999_j_LR
Pre-tax national income 
P80-100 | share | all ages | equal split
";p80p100;1961;;
Liberia ;"sptinc_p80p100_999_j_LR
Pre-tax national income 
P80-100 | share | all ages | equal split
";p80p100;1962;;
Liberia ;"sptinc_p80p100_999_j_LR
Pre-tax national income 
P80-100 | share | all ages | equal split
";p80p100;1963;;
Liberia ;"sptinc_p80p100_999_j_LR
Pre-tax national income 
P80-100 | share | all ages | equal split
";p80p100;1964;;
Liberia ;"sptinc_p80p100_999_j_LR
Pre-tax national income 
P80-100 | share | all ages | equal split
";p80p100;1965;;
Liberia ;"sptinc_p80p100_999_j_LR
Pre-tax national income 
P80-100 | share | all ages | equal split
";p80p100;1966;;
Liberia ;"sptinc_p80p100_999_j_LR
Pre-tax national income 
P80-100 | share | all ages | equal split
";p80p100;1967;;
Liberia ;"sptinc_p80p100_999_j_LR
Pre-tax national income 
P80-100 | share | all ages | equal split
";p80p100;1968;;
Liberia ;"sptinc_p80p100_999_j_LR
Pre-tax national income 
P80-100 | share | all ages | equal split
";p80p100;1969;;
Liberia ;"sptinc_p80p100_999_j_LR
Pre-tax national income 
P80-100 | share | all ages | equal split
";p80p100;1970;;
Liberia ;"sptinc_p80p100_999_j_LR
Pre-tax national income 
P80-100 | share | all ages | equal split
";p80p100;1971;;
Liberia ;"sptinc_p80p100_999_j_LR
Pre-tax national income 
P80-100 | share | all ages | equal split
";p80p100;1972;;
Liberia ;"sptinc_p80p100_999_j_LR
Pre-tax national income 
P80-100 | share | all ages | equal split
";p80p100;1973;;
Liberia ;"sptinc_p80p100_999_j_LR
Pre-tax national income 
P80-100 | share | all ages | equal split
";p80p100;1974;;
Liberia ;"sptinc_p80p100_999_j_LR
Pre-tax national income 
P80-100 | share | all ages | equal split
";p80p100;1975;;
Liberia ;"sptinc_p80p100_999_j_LR
Pre-tax national income 
P80-100 | share | all ages | equal split
";p80p100;1976;;
Liberia ;"sptinc_p80p100_999_j_LR
Pre-tax national income 
P80-100 | share | all ages | equal split
";p80p100;1977;;
Liberia ;"sptinc_p80p100_999_j_LR
Pre-tax national income 
P80-100 | share | all ages | equal split
";p80p100;1978;;
Liberia ;"sptinc_p80p100_999_j_LR
Pre-tax national income 
P80-100 | share | all ages | equal split
";p80p100;1979;;
Liberia ;"sptinc_p80p100_999_j_LR
Pre-tax national income 
P80-100 | share | all ages | equal split
";p80p100;1980;0.5940000000000001;1.0
Liberia ;"sptinc_p80p100_999_j_LR
Pre-tax national income 
P80-100 | share | all ages | equal split
";p80p100;1981;0.5940000000000001;1.0
Liberia ;"sptinc_p80p100_999_j_LR
Pre-tax national income 
P80-100 | share | all ages | equal split
";p80p100;1982;0.5940000000000001;1.0
Liberia ;"sptinc_p80p100_999_j_LR
Pre-tax national income 
P80-100 | share | all ages | equal split
";p80p100;1983;0.5940000000000001;1.0
Liberia ;"sptinc_p80p100_999_j_LR
Pre-tax national income 
P80-100 | share | all ages | equal split
";p80p100;1984;0.5940000000000001;1.0
Liberia ;"sptinc_p80p100_999_j_LR
Pre-tax national income 
P80-100 | share | all ages | equal split
";p80p100;1985;0.5940000000000001;1.0
Liberia ;"sptinc_p80p100_999_j_LR
Pre-tax national income 
P80-100 | share | all ages | equal split
";p80p100;1986;0.5940000000000001;1.0
Liberia ;"sptinc_p80p100_999_j_LR
Pre-tax national income 
P80-100 | share | all ages | equal split
";p80p100;1987;0.5940000000000001;1.0
Liberia ;"sptinc_p80p100_999_j_LR
Pre-tax national income 
P80-100 | share | all ages | equal split
";p80p100;1988;0.5940000000000001;1.0
Liberia ;"sptinc_p80p100_999_j_LR
Pre-tax national income 
P80-100 | share | all ages | equal split
";p80p100;1989;0.5940000000000001;1.0
Liberia ;"sptinc_p80p100_999_j_LR
Pre-tax national income 
P80-100 | share | all ages | equal split
";p80p100;1990;0.5940000000000001;1.0
Liberia ;"sptinc_p80p100_999_j_LR
Pre-tax national income 
P80-100 | share | all ages | equal split
";p80p100;1991;0.5940000000000001;1.0
Liberia ;"sptinc_p80p100_999_j_LR
Pre-tax national income 
P80-100 | share | all ages | equal split
";p80p100;1992;0.5940000000000001;1.0
Liberia ;"sptinc_p80p100_999_j_LR
Pre-tax national income 
P80-100 | share | all ages | equal split
";p80p100;1993;0.5940000000000001;1.0
Liberia ;"sptinc_p80p100_999_j_LR
Pre-tax national income 
P80-100 | share | all ages | equal split
";p80p100;1994;0.5940000000000001;1.0
Liberia ;"sptinc_p80p100_999_j_LR
Pre-tax national income 
P80-100 | share | all ages | equal split
";p80p100;1995;0.5940000000000001;1.0
Liberia ;"sptinc_p80p100_999_j_LR
Pre-tax national income 
P80-100 | share | all ages | equal split
";p80p100;1996;0.5940000000000001;1.0
Liberia ;"sptinc_p80p100_999_j_LR
Pre-tax national income 
P80-100 | share | all ages | equal split
";p80p100;1997;0.5940000000000001;1.0
Liberia ;"sptinc_p80p100_999_j_LR
Pre-tax national income 
P80-100 | share | all ages | equal split
";p80p100;1998;0.5940000000000001;1.0
Liberia ;"sptinc_p80p100_999_j_LR
Pre-tax national income 
P80-100 | share | all ages | equal split
";p80p100;1999;0.5940000000000001;1.0
Liberia ;"sptinc_p80p100_999_j_LR
Pre-tax national income 
P80-100 | share | all ages | equal split
";p80p100;2000;0.5940000000000001;1.0
Liberia ;"sptinc_p80p100_999_j_LR
Pre-tax national income 
P80-100 | share | all ages | equal split
";p80p100;2001;0.5940000000000001;1.0
Liberia ;"sptinc_p80p100_999_j_LR
Pre-tax national income 
P80-100 | share | all ages | equal split
";p80p100;2002;0.5940000000000001;1.0
Liberia ;"sptinc_p80p100_999_j_LR
Pre-tax national income 
P80-100 | share | all ages | equal split
";p80p100;2003;0.5940000000000001;1.0
Liberia ;"sptinc_p80p100_999_j_LR
Pre-tax national income 
P80-100 | share | all ages | equal split
";p80p100;2004;0.5940000000000001;1.0
Liberia ;"sptinc_p80p100_999_j_LR
Pre-tax national income 
P80-100 | share | all ages | equal split
";p80p100;2005;0.5940000000000001;1.0
Liberia ;"sptinc_p80p100_999_j_LR
Pre-tax national income 
P80-100 | share | all ages | equal split
";p80p100;2006;0.5940000000000001;1.0
Liberia ;"sptinc_p80p100_999_j_LR
Pre-tax national income 
P80-100 | share | all ages | equal split
";p80p100;2007;0.5940000000000001;3.0
Liberia ;"sptinc_p80p100_999_j_LR
Pre-tax national income 
P80-100 | share | all ages | equal split
";p80p100;2008;0.5909;2.0
Liberia ;"sptinc_p80p100_999_j_LR
Pre-tax national income 
P80-100 | share | all ages | equal split
";p80p100;2009;0.5878;2.0
Liberia ;"sptinc_p80p100_999_j_LR
Pre-tax national income 
P80-100 | share | all ages | equal split
";p80p100;2010;0.5847;2.0
Liberia ;"sptinc_p80p100_999_j_LR
Pre-tax national income 
P80-100 | share | all ages | equal split
";p80p100;2011;0.5816;2.0
Liberia ;"sptinc_p80p100_999_j_LR
Pre-tax national income 
P80-100 | share | all ages | equal split
";p80p100;2012;0.5785;2.0
Liberia ;"sptinc_p80p100_999_j_LR
Pre-tax national income 
P80-100 | share | all ages | equal split
";p80p100;2013;0.5754;2.0
Liberia ;"sptinc_p80p100_999_j_LR
Pre-tax national income 
P80-100 | share | all ages | equal split
";p80p100;2014;0.5723;3.0
Liberia ;"sptinc_p80p100_999_j_LR
Pre-tax national income 
P80-100 | share | all ages | equal split
";p80p100;2015;0.5798;2.0
Liberia ;"sptinc_p80p100_999_j_LR
Pre-tax national income 
P80-100 | share | all ages | equal split
";p80p100;2016;0.5872;3.0
Liberia ;"sptinc_p80p100_999_j_LR
Pre-tax national income 
P80-100 | share | all ages | equal split
";p80p100;2017;0.5872;1.0
Liberia ;"sptinc_p80p100_999_j_LR
Pre-tax national income 
P80-100 | share | all ages | equal split
";p80p100;2018;0.5872;1.0
Liberia ;"sptinc_p80p100_999_j_LR
Pre-tax national income 
P80-100 | share | all ages | equal split
";p80p100;2019;0.5872;1.0
Liberia ;"sptinc_p80p100_999_j_LR
Pre-tax national income 
P80-100 | share | all ages | equal split
";p80p100;2020;0.5872;1.0
Liberia ;"sptinc_p80p100_999_j_LR
Pre-tax national income 
P80-100 | share | all ages | equal split
";p80p100;2021;0.5872;1.0
Liberia ;"sptinc_p80p100_999_j_LR
Pre-tax national income 
P80-100 | share | all ages | equal split
";p80p100;2022;0.5872;1.0
Liberia ;"sptinc_p80p100_999_j_LR
Pre-tax national income 
P80-100 | share | all ages | equal split
";p80p100;2023;0.5872;1.0
Liberia ;"sptinc_p80p100_999_j_LR
Pre-tax national income 
P80-100 | share | all ages | equal split
";p80p100;2024;0.5872;1.0
Libya ;"sptinc_p80p100_999_j_LY
Pre-tax national income 
P80-100 | share | all ages | equal split
";p80p100;1940;;
Libya ;"sptinc_p80p100_999_j_LY
Pre-tax national income 
P80-100 | share | all ages | equal split
";p80p100;1941;;
Libya ;"sptinc_p80p100_999_j_LY
Pre-tax national income 
P80-100 | share | all ages | equal split
";p80p100;1942;;
Libya ;"sptinc_p80p100_999_j_LY
Pre-tax national income 
P80-100 | share | all ages | equal split
";p80p100;1943;;
Libya ;"sptinc_p80p100_999_j_LY
Pre-tax national income 
P80-100 | share | all ages | equal split
";p80p100;1944;;
Libya ;"sptinc_p80p100_999_j_LY
Pre-tax national income 
P80-100 | share | all ages | equal split
";p80p100;1945;;
Libya ;"sptinc_p80p100_999_j_LY
Pre-tax national income 
P80-100 | share | all ages | equal split
";p80p100;1946;;
Libya ;"sptinc_p80p100_999_j_LY
Pre-tax national income 
P80-100 | share | all ages | equal split
";p80p100;1947;;
Libya ;"sptinc_p80p100_999_j_LY
Pre-tax national income 
P80-100 | share | all ages | equal split
";p80p100;1948;;
Libya ;"sptinc_p80p100_999_j_LY
Pre-tax national income 
P80-100 | share | all ages | equal split
";p80p100;1949;;
Libya ;"sptinc_p80p100_999_j_LY
Pre-tax national income 
P80-100 | share | all ages | equal split
";p80p100;1950;;
Libya ;"sptinc_p80p100_999_j_LY
Pre-tax national income 
P80-100 | share | all ages | equal split
";p80p100;1951;;
Libya ;"sptinc_p80p100_999_j_LY
Pre-tax national income 
P80-100 | share | all ages | equal split
";p80p100;1952;;
Libya ;"sptinc_p80p100_999_j_LY
Pre-tax national income 
P80-100 | share | all ages | equal split
";p80p100;1953;;
Libya ;"sptinc_p80p100_999_j_LY
Pre-tax national income 
P80-100 | share | all ages | equal split
";p80p100;1954;;
Libya ;"sptinc_p80p100_999_j_LY
Pre-tax national income 
P80-100 | share | all ages | equal split
";p80p100;1955;;
Libya ;"sptinc_p80p100_999_j_LY
Pre-tax national income 
P80-100 | share | all ages | equal split
";p80p100;1956;;
Libya ;"sptinc_p80p100_999_j_LY
Pre-tax national income 
P80-100 | share | all ages | equal split
";p80p100;1957;;
Libya ;"sptinc_p80p100_999_j_LY
Pre-tax national income 
P80-100 | share | all ages | equal split
";p80p100;1958;;
Libya ;"sptinc_p80p100_999_j_LY
Pre-tax national income 
P80-100 | share | all ages | equal split
";p80p100;1959;;
Libya ;"sptinc_p80p100_999_j_LY
Pre-tax national income 
P80-100 | share | all ages | equal split
";p80p100;1960;;
Libya ;"sptinc_p80p100_999_j_LY
Pre-tax national income 
P80-100 | share | all ages | equal split
";p80p100;1961;;
Libya ;"sptinc_p80p100_999_j_LY
Pre-tax national income 
P80-100 | share | all ages | equal split
";p80p100;1962;;
Libya ;"sptinc_p80p100_999_j_LY
Pre-tax national income 
P80-100 | share | all ages | equal split
";p80p100;1963;;
Libya ;"sptinc_p80p100_999_j_LY
Pre-tax national income 
P80-100 | share | all ages | equal split
";p80p100;1964;;
Libya ;"sptinc_p80p100_999_j_LY
Pre-tax national income 
P80-100 | share | all ages | equal split
";p80p100;1965;;
Libya ;"sptinc_p80p100_999_j_LY
Pre-tax national income 
P80-100 | share | all ages | equal split
";p80p100;1966;;
Libya ;"sptinc_p80p100_999_j_LY
Pre-tax national income 
P80-100 | share | all ages | equal split
";p80p100;1967;;
Libya ;"sptinc_p80p100_999_j_LY
Pre-tax national income 
P80-100 | share | all ages | equal split
";p80p100;1968;;
Libya ;"sptinc_p80p100_999_j_LY
Pre-tax national income 
P80-100 | share | all ages | equal split
";p80p100;1969;;
Libya ;"sptinc_p80p100_999_j_LY
Pre-tax national income 
P80-100 | share | all ages | equal split
";p80p100;1970;;
Libya ;"sptinc_p80p100_999_j_LY
Pre-tax national income 
P80-100 | share | all ages | equal split
";p80p100;1971;;
Libya ;"sptinc_p80p100_999_j_LY
Pre-tax national income 
P80-100 | share | all ages | equal split
";p80p100;1972;;
Libya ;"sptinc_p80p100_999_j_LY
Pre-tax national income 
P80-100 | share | all ages | equal split
";p80p100;1973;;
Libya ;"sptinc_p80p100_999_j_LY
Pre-tax national income 
P80-100 | share | all ages | equal split
";p80p100;1974;;
Libya ;"sptinc_p80p100_999_j_LY
Pre-tax national income 
P80-100 | share | all ages | equal split
";p80p100;1975;;
Libya ;"sptinc_p80p100_999_j_LY
Pre-tax national income 
P80-100 | share | all ages | equal split
";p80p100;1976;;
Libya ;"sptinc_p80p100_999_j_LY
Pre-tax national income 
P80-100 | share | all ages | equal split
";p80p100;1977;;
Libya ;"sptinc_p80p100_999_j_LY
Pre-tax national income 
P80-100 | share | all ages | equal split
";p80p100;1978;;
Libya ;"sptinc_p80p100_999_j_LY
Pre-tax national income 
P80-100 | share | all ages | equal split
";p80p100;1979;;
Libya ;"sptinc_p80p100_999_j_LY
Pre-tax national income 
P80-100 | share | all ages | equal split
";p80p100;1980;0.6083000000000001;0.0
Libya ;"sptinc_p80p100_999_j_LY
Pre-tax national income 
P80-100 | share | all ages | equal split
";p80p100;1981;0.6083000000000001;0.0
Libya ;"sptinc_p80p100_999_j_LY
Pre-tax national income 
P80-100 | share | all ages | equal split
";p80p100;1982;0.6083000000000001;0.0
Libya ;"sptinc_p80p100_999_j_LY
Pre-tax national income 
P80-100 | share | all ages | equal split
";p80p100;1983;0.6084;0.0
Libya ;"sptinc_p80p100_999_j_LY
Pre-tax national income 
P80-100 | share | all ages | equal split
";p80p100;1984;0.6085;0.0
Libya ;"sptinc_p80p100_999_j_LY
Pre-tax national income 
P80-100 | share | all ages | equal split
";p80p100;1985;0.6082000000000001;0.0
Libya ;"sptinc_p80p100_999_j_LY
Pre-tax national income 
P80-100 | share | all ages | equal split
";p80p100;1986;0.6079;0.0
Libya ;"sptinc_p80p100_999_j_LY
Pre-tax national income 
P80-100 | share | all ages | equal split
";p80p100;1987;0.6077;0.0
Libya ;"sptinc_p80p100_999_j_LY
Pre-tax national income 
P80-100 | share | all ages | equal split
";p80p100;1988;0.6073000000000001;0.0
Libya ;"sptinc_p80p100_999_j_LY
Pre-tax national income 
P80-100 | share | all ages | equal split
";p80p100;1989;0.607;0.0
Libya ;"sptinc_p80p100_999_j_LY
Pre-tax national income 
P80-100 | share | all ages | equal split
";p80p100;1990;0.6067;0.0
Libya ;"sptinc_p80p100_999_j_LY
Pre-tax national income 
P80-100 | share | all ages | equal split
";p80p100;1991;0.6068;0.0
Libya ;"sptinc_p80p100_999_j_LY
Pre-tax national income 
P80-100 | share | all ages | equal split
";p80p100;1992;0.607;0.0
Libya ;"sptinc_p80p100_999_j_LY
Pre-tax national income 
P80-100 | share | all ages | equal split
";p80p100;1993;0.6071000000000001;0.0
Libya ;"sptinc_p80p100_999_j_LY
Pre-tax national income 
P80-100 | share | all ages | equal split
";p80p100;1994;0.6073000000000001;0.0
Libya ;"sptinc_p80p100_999_j_LY
Pre-tax national income 
P80-100 | share | all ages | equal split
";p80p100;1995;0.6074;0.0
Libya ;"sptinc_p80p100_999_j_LY
Pre-tax national income 
P80-100 | share | all ages | equal split
";p80p100;1996;0.6075;0.0
Libya ;"sptinc_p80p100_999_j_LY
Pre-tax national income 
P80-100 | share | all ages | equal split
";p80p100;1997;0.6076;0.0
Libya ;"sptinc_p80p100_999_j_LY
Pre-tax national income 
P80-100 | share | all ages | equal split
";p80p100;1998;0.6077;0.0
Libya ;"sptinc_p80p100_999_j_LY
Pre-tax national income 
P80-100 | share | all ages | equal split
";p80p100;1999;0.6091;0.0
Libya ;"sptinc_p80p100_999_j_LY
Pre-tax national income 
P80-100 | share | all ages | equal split
";p80p100;2000;0.6104;0.0
Libya ;"sptinc_p80p100_999_j_LY
Pre-tax national income 
P80-100 | share | all ages | equal split
";p80p100;2001;0.6107;0.0
Libya ;"sptinc_p80p100_999_j_LY
Pre-tax national income 
P80-100 | share | all ages | equal split
";p80p100;2002;0.6109;0.0
Libya ;"sptinc_p80p100_999_j_LY
Pre-tax national income 
P80-100 | share | all ages | equal split
";p80p100;2003;0.6111;0.0
Libya ;"sptinc_p80p100_999_j_LY
Pre-tax national income 
P80-100 | share | all ages | equal split
";p80p100;2004;0.6113000000000001;0.0
Libya ;"sptinc_p80p100_999_j_LY
Pre-tax national income 
P80-100 | share | all ages | equal split
";p80p100;2005;0.6109;0.0
Libya ;"sptinc_p80p100_999_j_LY
Pre-tax national income 
P80-100 | share | all ages | equal split
";p80p100;2006;0.6103000000000001;0.0
Libya ;"sptinc_p80p100_999_j_LY
Pre-tax national income 
P80-100 | share | all ages | equal split
";p80p100;2007;0.6092000000000001;0.0
Libya ;"sptinc_p80p100_999_j_LY
Pre-tax national income 
P80-100 | share | all ages | equal split
";p80p100;2008;0.6081;0.0
Libya ;"sptinc_p80p100_999_j_LY
Pre-tax national income 
P80-100 | share | all ages | equal split
";p80p100;2009;0.6055;0.0
Libya ;"sptinc_p80p100_999_j_LY
Pre-tax national income 
P80-100 | share | all ages | equal split
";p80p100;2010;0.6033000000000001;0.0
Libya ;"sptinc_p80p100_999_j_LY
Pre-tax national income 
P80-100 | share | all ages | equal split
";p80p100;2011;0.5996;0.0
Libya ;"sptinc_p80p100_999_j_LY
Pre-tax national income 
P80-100 | share | all ages | equal split
";p80p100;2012;0.5959;0.0
Libya ;"sptinc_p80p100_999_j_LY
Pre-tax national income 
P80-100 | share | all ages | equal split
";p80p100;2013;0.6008;0.0
Libya ;"sptinc_p80p100_999_j_LY
Pre-tax national income 
P80-100 | share | all ages | equal split
";p80p100;2014;0.6059;0.0
Libya ;"sptinc_p80p100_999_j_LY
Pre-tax national income 
P80-100 | share | all ages | equal split
";p80p100;2015;0.6106;0.0
Libya ;"sptinc_p80p100_999_j_LY
Pre-tax national income 
P80-100 | share | all ages | equal split
";p80p100;2016;0.6086;0.0
Libya ;"sptinc_p80p100_999_j_LY
Pre-tax national income 
P80-100 | share | all ages | equal split
";p80p100;2017;0.6064;0.0
Libya ;"sptinc_p80p100_999_j_LY
Pre-tax national income 
P80-100 | share | all ages | equal split
";p80p100;2018;0.6078;0.0
Libya ;"sptinc_p80p100_999_j_LY
Pre-tax national income 
P80-100 | share | all ages | equal split
";p80p100;2019;0.6093000000000001;0.0
Libya ;"sptinc_p80p100_999_j_LY
Pre-tax national income 
P80-100 | share | all ages | equal split
";p80p100;2020;0.6094;0.0
Libya ;"sptinc_p80p100_999_j_LY
Pre-tax national income 
P80-100 | share | all ages | equal split
";p80p100;2021;0.6095;0.0
Libya ;"sptinc_p80p100_999_j_LY
Pre-tax national income 
P80-100 | share | all ages | equal split
";p80p100;2022;0.6095;0.0
Libya ;"sptinc_p80p100_999_j_LY
Pre-tax national income 
P80-100 | share | all ages | equal split
";p80p100;2023;0.6094;0.0
Libya ;"sptinc_p80p100_999_j_LY
Pre-tax national income 
P80-100 | share | all ages | equal split
";p80p100;2024;0.6094;0.0
Liechtenstein ;"sptinc_p80p100_999_j_LI
Pre-tax national income 
P80-100 | share | all ages | equal split
";p80p100;1940;;
Liechtenstein ;"sptinc_p80p100_999_j_LI
Pre-tax national income 
P80-100 | share | all ages | equal split
";p80p100;1941;;
Liechtenstein ;"sptinc_p80p100_999_j_LI
Pre-tax national income 
P80-100 | share | all ages | equal split
";p80p100;1942;;
Liechtenstein ;"sptinc_p80p100_999_j_LI
Pre-tax national income 
P80-100 | share | all ages | equal split
";p80p100;1943;;
Liechtenstein ;"sptinc_p80p100_999_j_LI
Pre-tax national income 
P80-100 | share | all ages | equal split
";p80p100;1944;;
Liechtenstein ;"sptinc_p80p100_999_j_LI
Pre-tax national income 
P80-100 | share | all ages | equal split
";p80p100;1945;;
Liechtenstein ;"sptinc_p80p100_999_j_LI
Pre-tax national income 
P80-100 | share | all ages | equal split
";p80p100;1946;;
Liechtenstein ;"sptinc_p80p100_999_j_LI
Pre-tax national income 
P80-100 | share | all ages | equal split
";p80p100;1947;;
Liechtenstein ;"sptinc_p80p100_999_j_LI
Pre-tax national income 
P80-100 | share | all ages | equal split
";p80p100;1948;;
Liechtenstein ;"sptinc_p80p100_999_j_LI
Pre-tax national income 
P80-100 | share | all ages | equal split
";p80p100;1949;;
Liechtenstein ;"sptinc_p80p100_999_j_LI
Pre-tax national income 
P80-100 | share | all ages | equal split
";p80p100;1950;;
Liechtenstein ;"sptinc_p80p100_999_j_LI
Pre-tax national income 
P80-100 | share | all ages | equal split
";p80p100;1951;;
Liechtenstein ;"sptinc_p80p100_999_j_LI
Pre-tax national income 
P80-100 | share | all ages | equal split
";p80p100;1952;;
Liechtenstein ;"sptinc_p80p100_999_j_LI
Pre-tax national income 
P80-100 | share | all ages | equal split
";p80p100;1953;;
Liechtenstein ;"sptinc_p80p100_999_j_LI
Pre-tax national income 
P80-100 | share | all ages | equal split
";p80p100;1954;;
Liechtenstein ;"sptinc_p80p100_999_j_LI
Pre-tax national income 
P80-100 | share | all ages | equal split
";p80p100;1955;;
Liechtenstein ;"sptinc_p80p100_999_j_LI
Pre-tax national income 
P80-100 | share | all ages | equal split
";p80p100;1956;;
Liechtenstein ;"sptinc_p80p100_999_j_LI
Pre-tax national income 
P80-100 | share | all ages | equal split
";p80p100;1957;;
Liechtenstein ;"sptinc_p80p100_999_j_LI
Pre-tax national income 
P80-100 | share | all ages | equal split
";p80p100;1958;;
Liechtenstein ;"sptinc_p80p100_999_j_LI
Pre-tax national income 
P80-100 | share | all ages | equal split
";p80p100;1959;;
Liechtenstein ;"sptinc_p80p100_999_j_LI
Pre-tax national income 
P80-100 | share | all ages | equal split
";p80p100;1960;;
Liechtenstein ;"sptinc_p80p100_999_j_LI
Pre-tax national income 
P80-100 | share | all ages | equal split
";p80p100;1961;;
Liechtenstein ;"sptinc_p80p100_999_j_LI
Pre-tax national income 
P80-100 | share | all ages | equal split
";p80p100;1962;;
Liechtenstein ;"sptinc_p80p100_999_j_LI
Pre-tax national income 
P80-100 | share | all ages | equal split
";p80p100;1963;;
Liechtenstein ;"sptinc_p80p100_999_j_LI
Pre-tax national income 
P80-100 | share | all ages | equal split
";p80p100;1964;;
Liechtenstein ;"sptinc_p80p100_999_j_LI
Pre-tax national income 
P80-100 | share | all ages | equal split
";p80p100;1965;;
Liechtenstein ;"sptinc_p80p100_999_j_LI
Pre-tax national income 
P80-100 | share | all ages | equal split
";p80p100;1966;;
Liechtenstein ;"sptinc_p80p100_999_j_LI
Pre-tax national income 
P80-100 | share | all ages | equal split
";p80p100;1967;;
Liechtenstein ;"sptinc_p80p100_999_j_LI
Pre-tax national income 
P80-100 | share | all ages | equal split
";p80p100;1968;;
Liechtenstein ;"sptinc_p80p100_999_j_LI
Pre-tax national income 
P80-100 | share | all ages | equal split
";p80p100;1969;;
Liechtenstein ;"sptinc_p80p100_999_j_LI
Pre-tax national income 
P80-100 | share | all ages | equal split
";p80p100;1970;;
Liechtenstein ;"sptinc_p80p100_999_j_LI
Pre-tax national income 
P80-100 | share | all ages | equal split
";p80p100;1971;;
Liechtenstein ;"sptinc_p80p100_999_j_LI
Pre-tax national income 
P80-100 | share | all ages | equal split
";p80p100;1972;;
Liechtenstein ;"sptinc_p80p100_999_j_LI
Pre-tax national income 
P80-100 | share | all ages | equal split
";p80p100;1973;;
Liechtenstein ;"sptinc_p80p100_999_j_LI
Pre-tax national income 
P80-100 | share | all ages | equal split
";p80p100;1974;;
Liechtenstein ;"sptinc_p80p100_999_j_LI
Pre-tax national income 
P80-100 | share | all ages | equal split
";p80p100;1975;;
Liechtenstein ;"sptinc_p80p100_999_j_LI
Pre-tax national income 
P80-100 | share | all ages | equal split
";p80p100;1976;;
Liechtenstein ;"sptinc_p80p100_999_j_LI
Pre-tax national income 
P80-100 | share | all ages | equal split
";p80p100;1977;;
Liechtenstein ;"sptinc_p80p100_999_j_LI
Pre-tax national income 
P80-100 | share | all ages | equal split
";p80p100;1978;;
Liechtenstein ;"sptinc_p80p100_999_j_LI
Pre-tax national income 
P80-100 | share | all ages | equal split
";p80p100;1979;;
Liechtenstein ;"sptinc_p80p100_999_j_LI
Pre-tax national income 
P80-100 | share | all ages | equal split
";p80p100;1980;0.4797;0.0
Liechtenstein ;"sptinc_p80p100_999_j_LI
Pre-tax national income 
P80-100 | share | all ages | equal split
";p80p100;1981;0.4817;0.0
Liechtenstein ;"sptinc_p80p100_999_j_LI
Pre-tax national income 
P80-100 | share | all ages | equal split
";p80p100;1982;0.4815;0.0
Liechtenstein ;"sptinc_p80p100_999_j_LI
Pre-tax national income 
P80-100 | share | all ages | equal split
";p80p100;1983;0.4818;0.0
Liechtenstein ;"sptinc_p80p100_999_j_LI
Pre-tax national income 
P80-100 | share | all ages | equal split
";p80p100;1984;0.4853;0.0
Liechtenstein ;"sptinc_p80p100_999_j_LI
Pre-tax national income 
P80-100 | share | all ages | equal split
";p80p100;1985;0.4878;0.0
Liechtenstein ;"sptinc_p80p100_999_j_LI
Pre-tax national income 
P80-100 | share | all ages | equal split
";p80p100;1986;0.4839;0.0
Liechtenstein ;"sptinc_p80p100_999_j_LI
Pre-tax national income 
P80-100 | share | all ages | equal split
";p80p100;1987;0.482;0.0
Liechtenstein ;"sptinc_p80p100_999_j_LI
Pre-tax national income 
P80-100 | share | all ages | equal split
";p80p100;1988;0.4797;0.0
Liechtenstein ;"sptinc_p80p100_999_j_LI
Pre-tax national income 
P80-100 | share | all ages | equal split
";p80p100;1989;0.4788;0.0
Liechtenstein ;"sptinc_p80p100_999_j_LI
Pre-tax national income 
P80-100 | share | all ages | equal split
";p80p100;1990;0.4798;0.0
Liechtenstein ;"sptinc_p80p100_999_j_LI
Pre-tax national income 
P80-100 | share | all ages | equal split
";p80p100;1991;0.4776;0.0
Liechtenstein ;"sptinc_p80p100_999_j_LI
Pre-tax national income 
P80-100 | share | all ages | equal split
";p80p100;1992;0.4848;0.0
Liechtenstein ;"sptinc_p80p100_999_j_LI
Pre-tax national income 
P80-100 | share | all ages | equal split
";p80p100;1993;0.4896;0.0
Liechtenstein ;"sptinc_p80p100_999_j_LI
Pre-tax national income 
P80-100 | share | all ages | equal split
";p80p100;1994;0.4957;0.0
Liechtenstein ;"sptinc_p80p100_999_j_LI
Pre-tax national income 
P80-100 | share | all ages | equal split
";p80p100;1995;0.4935;0.0
Liechtenstein ;"sptinc_p80p100_999_j_LI
Pre-tax national income 
P80-100 | share | all ages | equal split
";p80p100;1996;0.4953;0.0
Liechtenstein ;"sptinc_p80p100_999_j_LI
Pre-tax national income 
P80-100 | share | all ages | equal split
";p80p100;1997;0.5022;0.0
Liechtenstein ;"sptinc_p80p100_999_j_LI
Pre-tax national income 
P80-100 | share | all ages | equal split
";p80p100;1998;0.5024000000000001;0.0
Liechtenstein ;"sptinc_p80p100_999_j_LI
Pre-tax national income 
P80-100 | share | all ages | equal split
";p80p100;1999;0.5029;0.0
Liechtenstein ;"sptinc_p80p100_999_j_LI
Pre-tax national income 
P80-100 | share | all ages | equal split
";p80p100;2000;0.5091;0.0
Liechtenstein ;"sptinc_p80p100_999_j_LI
Pre-tax national income 
P80-100 | share | all ages | equal split
";p80p100;2001;0.5064000000000001;0.0
Liechtenstein ;"sptinc_p80p100_999_j_LI
Pre-tax national income 
P80-100 | share | all ages | equal split
";p80p100;2002;0.5013000000000001;0.0
Liechtenstein ;"sptinc_p80p100_999_j_LI
Pre-tax national income 
P80-100 | share | all ages | equal split
";p80p100;2003;0.5014000000000001;0.0
Liechtenstein ;"sptinc_p80p100_999_j_LI
Pre-tax national income 
P80-100 | share | all ages | equal split
";p80p100;2004;0.5037;0.0
Liechtenstein ;"sptinc_p80p100_999_j_LI
Pre-tax national income 
P80-100 | share | all ages | equal split
";p80p100;2005;0.5076;0.0
Liechtenstein ;"sptinc_p80p100_999_j_LI
Pre-tax national income 
P80-100 | share | all ages | equal split
";p80p100;2006;0.5133;0.0
Liechtenstein ;"sptinc_p80p100_999_j_LI
Pre-tax national income 
P80-100 | share | all ages | equal split
";p80p100;2007;0.5142;0.0
Liechtenstein ;"sptinc_p80p100_999_j_LI
Pre-tax national income 
P80-100 | share | all ages | equal split
";p80p100;2008;0.4988;0.0
Liechtenstein ;"sptinc_p80p100_999_j_LI
Pre-tax national income 
P80-100 | share | all ages | equal split
";p80p100;2009;0.4921;0.0
Liechtenstein ;"sptinc_p80p100_999_j_LI
Pre-tax national income 
P80-100 | share | all ages | equal split
";p80p100;2010;0.5096;0.0
Liechtenstein ;"sptinc_p80p100_999_j_LI
Pre-tax national income 
P80-100 | share | all ages | equal split
";p80p100;2011;0.5087;0.0
Liechtenstein ;"sptinc_p80p100_999_j_LI
Pre-tax national income 
P80-100 | share | all ages | equal split
";p80p100;2012;0.5038;0.0
Liechtenstein ;"sptinc_p80p100_999_j_LI
Pre-tax national income 
P80-100 | share | all ages | equal split
";p80p100;2013;0.5075000000000001;0.0
Liechtenstein ;"sptinc_p80p100_999_j_LI
Pre-tax national income 
P80-100 | share | all ages | equal split
";p80p100;2014;0.5114000000000001;0.0
Liechtenstein ;"sptinc_p80p100_999_j_LI
Pre-tax national income 
P80-100 | share | all ages | equal split
";p80p100;2015;0.511;0.0
Liechtenstein ;"sptinc_p80p100_999_j_LI
Pre-tax national income 
P80-100 | share | all ages | equal split
";p80p100;2016;0.5122;0.0
Liechtenstein ;"sptinc_p80p100_999_j_LI
Pre-tax national income 
P80-100 | share | all ages | equal split
";p80p100;2017;0.5126000000000001;0.0
Liechtenstein ;"sptinc_p80p100_999_j_LI
Pre-tax national income 
P80-100 | share | all ages | equal split
";p80p100;2018;0.5117;0.0
Liechtenstein ;"sptinc_p80p100_999_j_LI
Pre-tax national income 
P80-100 | share | all ages | equal split
";p80p100;2019;0.5098;0.0
Liechtenstein ;"sptinc_p80p100_999_j_LI
Pre-tax national income 
P80-100 | share | all ages | equal split
";p80p100;2020;0.5089;0.0
Liechtenstein ;"sptinc_p80p100_999_j_LI
Pre-tax national income 
P80-100 | share | all ages | equal split
";p80p100;2021;0.5131;0.0
Liechtenstein ;"sptinc_p80p100_999_j_LI
Pre-tax national income 
P80-100 | share | all ages | equal split
";p80p100;2022;0.5139;0.0
Liechtenstein ;"sptinc_p80p100_999_j_LI
Pre-tax national income 
P80-100 | share | all ages | equal split
";p80p100;2023;0.5139;0.0
Liechtenstein ;"sptinc_p80p100_999_j_LI
Pre-tax national income 
P80-100 | share | all ages | equal split
";p80p100;2024;0.5139;0.0
Lithuania ;"sptinc_p80p100_999_j_LT
Pre-tax national income 
P80-100 | share | all ages | equal split
";p80p100;1940;;
Lithuania ;"sptinc_p80p100_999_j_LT
Pre-tax national income 
P80-100 | share | all ages | equal split
";p80p100;1941;;
Lithuania ;"sptinc_p80p100_999_j_LT
Pre-tax national income 
P80-100 | share | all ages | equal split
";p80p100;1942;;
Lithuania ;"sptinc_p80p100_999_j_LT
Pre-tax national income 
P80-100 | share | all ages | equal split
";p80p100;1943;;
Lithuania ;"sptinc_p80p100_999_j_LT
Pre-tax national income 
P80-100 | share | all ages | equal split
";p80p100;1944;;
Lithuania ;"sptinc_p80p100_999_j_LT
Pre-tax national income 
P80-100 | share | all ages | equal split
";p80p100;1945;;
Lithuania ;"sptinc_p80p100_999_j_LT
Pre-tax national income 
P80-100 | share | all ages | equal split
";p80p100;1946;;
Lithuania ;"sptinc_p80p100_999_j_LT
Pre-tax national income 
P80-100 | share | all ages | equal split
";p80p100;1947;;
Lithuania ;"sptinc_p80p100_999_j_LT
Pre-tax national income 
P80-100 | share | all ages | equal split
";p80p100;1948;;
Lithuania ;"sptinc_p80p100_999_j_LT
Pre-tax national income 
P80-100 | share | all ages | equal split
";p80p100;1949;;
Lithuania ;"sptinc_p80p100_999_j_LT
Pre-tax national income 
P80-100 | share | all ages | equal split
";p80p100;1950;;
Lithuania ;"sptinc_p80p100_999_j_LT
Pre-tax national income 
P80-100 | share | all ages | equal split
";p80p100;1951;;
Lithuania ;"sptinc_p80p100_999_j_LT
Pre-tax national income 
P80-100 | share | all ages | equal split
";p80p100;1952;;
Lithuania ;"sptinc_p80p100_999_j_LT
Pre-tax national income 
P80-100 | share | all ages | equal split
";p80p100;1953;;
Lithuania ;"sptinc_p80p100_999_j_LT
Pre-tax national income 
P80-100 | share | all ages | equal split
";p80p100;1954;;
Lithuania ;"sptinc_p80p100_999_j_LT
Pre-tax national income 
P80-100 | share | all ages | equal split
";p80p100;1955;;
Lithuania ;"sptinc_p80p100_999_j_LT
Pre-tax national income 
P80-100 | share | all ages | equal split
";p80p100;1956;;
Lithuania ;"sptinc_p80p100_999_j_LT
Pre-tax national income 
P80-100 | share | all ages | equal split
";p80p100;1957;;
Lithuania ;"sptinc_p80p100_999_j_LT
Pre-tax national income 
P80-100 | share | all ages | equal split
";p80p100;1958;;
Lithuania ;"sptinc_p80p100_999_j_LT
Pre-tax national income 
P80-100 | share | all ages | equal split
";p80p100;1959;;
Lithuania ;"sptinc_p80p100_999_j_LT
Pre-tax national income 
P80-100 | share | all ages | equal split
";p80p100;1960;;
Lithuania ;"sptinc_p80p100_999_j_LT
Pre-tax national income 
P80-100 | share | all ages | equal split
";p80p100;1961;;
Lithuania ;"sptinc_p80p100_999_j_LT
Pre-tax national income 
P80-100 | share | all ages | equal split
";p80p100;1962;;
Lithuania ;"sptinc_p80p100_999_j_LT
Pre-tax national income 
P80-100 | share | all ages | equal split
";p80p100;1963;;
Lithuania ;"sptinc_p80p100_999_j_LT
Pre-tax national income 
P80-100 | share | all ages | equal split
";p80p100;1964;;
Lithuania ;"sptinc_p80p100_999_j_LT
Pre-tax national income 
P80-100 | share | all ages | equal split
";p80p100;1965;;
Lithuania ;"sptinc_p80p100_999_j_LT
Pre-tax national income 
P80-100 | share | all ages | equal split
";p80p100;1966;;
Lithuania ;"sptinc_p80p100_999_j_LT
Pre-tax national income 
P80-100 | share | all ages | equal split
";p80p100;1967;;
Lithuania ;"sptinc_p80p100_999_j_LT
Pre-tax national income 
P80-100 | share | all ages | equal split
";p80p100;1968;;
Lithuania ;"sptinc_p80p100_999_j_LT
Pre-tax national income 
P80-100 | share | all ages | equal split
";p80p100;1969;;
Lithuania ;"sptinc_p80p100_999_j_LT
Pre-tax national income 
P80-100 | share | all ages | equal split
";p80p100;1970;;
Lithuania ;"sptinc_p80p100_999_j_LT
Pre-tax national income 
P80-100 | share | all ages | equal split
";p80p100;1971;;
Lithuania ;"sptinc_p80p100_999_j_LT
Pre-tax national income 
P80-100 | share | all ages | equal split
";p80p100;1972;;
Lithuania ;"sptinc_p80p100_999_j_LT
Pre-tax national income 
P80-100 | share | all ages | equal split
";p80p100;1973;;
Lithuania ;"sptinc_p80p100_999_j_LT
Pre-tax national income 
P80-100 | share | all ages | equal split
";p80p100;1974;;
Lithuania ;"sptinc_p80p100_999_j_LT
Pre-tax national income 
P80-100 | share | all ages | equal split
";p80p100;1975;;
Lithuania ;"sptinc_p80p100_999_j_LT
Pre-tax national income 
P80-100 | share | all ages | equal split
";p80p100;1976;;
Lithuania ;"sptinc_p80p100_999_j_LT
Pre-tax national income 
P80-100 | share | all ages | equal split
";p80p100;1977;;
Lithuania ;"sptinc_p80p100_999_j_LT
Pre-tax national income 
P80-100 | share | all ages | equal split
";p80p100;1978;;
Lithuania ;"sptinc_p80p100_999_j_LT
Pre-tax national income 
P80-100 | share | all ages | equal split
";p80p100;1979;;
Lithuania ;"sptinc_p80p100_999_j_LT
Pre-tax national income 
P80-100 | share | all ages | equal split
";p80p100;1980;0.4118;1.0
Lithuania ;"sptinc_p80p100_999_j_LT
Pre-tax national income 
P80-100 | share | all ages | equal split
";p80p100;1981;0.4118;1.0
Lithuania ;"sptinc_p80p100_999_j_LT
Pre-tax national income 
P80-100 | share | all ages | equal split
";p80p100;1982;0.4118;1.0
Lithuania ;"sptinc_p80p100_999_j_LT
Pre-tax national income 
P80-100 | share | all ages | equal split
";p80p100;1983;0.4118;1.0
Lithuania ;"sptinc_p80p100_999_j_LT
Pre-tax national income 
P80-100 | share | all ages | equal split
";p80p100;1984;0.4118;1.0
Lithuania ;"sptinc_p80p100_999_j_LT
Pre-tax national income 
P80-100 | share | all ages | equal split
";p80p100;1985;0.4118;1.0
Lithuania ;"sptinc_p80p100_999_j_LT
Pre-tax national income 
P80-100 | share | all ages | equal split
";p80p100;1986;0.4118;1.0
Lithuania ;"sptinc_p80p100_999_j_LT
Pre-tax national income 
P80-100 | share | all ages | equal split
";p80p100;1987;0.4118;1.0
Lithuania ;"sptinc_p80p100_999_j_LT
Pre-tax national income 
P80-100 | share | all ages | equal split
";p80p100;1988;0.4118;3.0
Lithuania ;"sptinc_p80p100_999_j_LT
Pre-tax national income 
P80-100 | share | all ages | equal split
";p80p100;1989;0.4327;3.0
Lithuania ;"sptinc_p80p100_999_j_LT
Pre-tax national income 
P80-100 | share | all ages | equal split
";p80p100;1990;0.4527;3.0
Lithuania ;"sptinc_p80p100_999_j_LT
Pre-tax national income 
P80-100 | share | all ages | equal split
";p80p100;1991;0.4737;3.0
Lithuania ;"sptinc_p80p100_999_j_LT
Pre-tax national income 
P80-100 | share | all ages | equal split
";p80p100;1992;0.4966;3.0
Lithuania ;"sptinc_p80p100_999_j_LT
Pre-tax national income 
P80-100 | share | all ages | equal split
";p80p100;1993;0.5163;3.0
Lithuania ;"sptinc_p80p100_999_j_LT
Pre-tax national income 
P80-100 | share | all ages | equal split
";p80p100;1994;0.5278;3.0
Lithuania ;"sptinc_p80p100_999_j_LT
Pre-tax national income 
P80-100 | share | all ages | equal split
";p80p100;1995;0.5166000000000001;3.0
Lithuania ;"sptinc_p80p100_999_j_LT
Pre-tax national income 
P80-100 | share | all ages | equal split
";p80p100;1996;0.507;3.0
Lithuania ;"sptinc_p80p100_999_j_LT
Pre-tax national income 
P80-100 | share | all ages | equal split
";p80p100;1997;0.4955;3.0
Lithuania ;"sptinc_p80p100_999_j_LT
Pre-tax national income 
P80-100 | share | all ages | equal split
";p80p100;1998;0.4893;3.0
Lithuania ;"sptinc_p80p100_999_j_LT
Pre-tax national income 
P80-100 | share | all ages | equal split
";p80p100;1999;0.4832;3.0
Lithuania ;"sptinc_p80p100_999_j_LT
Pre-tax national income 
P80-100 | share | all ages | equal split
";p80p100;2000;0.5;3.0
Lithuania ;"sptinc_p80p100_999_j_LT
Pre-tax national income 
P80-100 | share | all ages | equal split
";p80p100;2001;0.5016;3.0
Lithuania ;"sptinc_p80p100_999_j_LT
Pre-tax national income 
P80-100 | share | all ages | equal split
";p80p100;2002;0.4958;3.0
Lithuania ;"sptinc_p80p100_999_j_LT
Pre-tax national income 
P80-100 | share | all ages | equal split
";p80p100;2003;0.5008;3.0
Lithuania ;"sptinc_p80p100_999_j_LT
Pre-tax national income 
P80-100 | share | all ages | equal split
";p80p100;2004;0.5289;3.0
Lithuania ;"sptinc_p80p100_999_j_LT
Pre-tax national income 
P80-100 | share | all ages | equal split
";p80p100;2005;0.5294;3.0
Lithuania ;"sptinc_p80p100_999_j_LT
Pre-tax national income 
P80-100 | share | all ages | equal split
";p80p100;2006;0.5076;3.0
Lithuania ;"sptinc_p80p100_999_j_LT
Pre-tax national income 
P80-100 | share | all ages | equal split
";p80p100;2007;0.5296000000000001;3.0
Lithuania ;"sptinc_p80p100_999_j_LT
Pre-tax national income 
P80-100 | share | all ages | equal split
";p80p100;2008;0.5333;3.0
Lithuania ;"sptinc_p80p100_999_j_LT
Pre-tax national income 
P80-100 | share | all ages | equal split
";p80p100;2009;0.5371;3.0
Lithuania ;"sptinc_p80p100_999_j_LT
Pre-tax national income 
P80-100 | share | all ages | equal split
";p80p100;2010;0.5125000000000001;3.0
Lithuania ;"sptinc_p80p100_999_j_LT
Pre-tax national income 
P80-100 | share | all ages | equal split
";p80p100;2011;0.5114000000000001;3.0
Lithuania ;"sptinc_p80p100_999_j_LT
Pre-tax national income 
P80-100 | share | all ages | equal split
";p80p100;2012;0.5338;3.0
Lithuania ;"sptinc_p80p100_999_j_LT
Pre-tax national income 
P80-100 | share | all ages | equal split
";p80p100;2013;0.5407000000000001;3.0
Lithuania ;"sptinc_p80p100_999_j_LT
Pre-tax national income 
P80-100 | share | all ages | equal split
";p80p100;2014;0.5697;3.0
Lithuania ;"sptinc_p80p100_999_j_LT
Pre-tax national income 
P80-100 | share | all ages | equal split
";p80p100;2015;0.5389;3.0
Lithuania ;"sptinc_p80p100_999_j_LT
Pre-tax national income 
P80-100 | share | all ages | equal split
";p80p100;2016;0.5374;3.0
Lithuania ;"sptinc_p80p100_999_j_LT
Pre-tax national income 
P80-100 | share | all ages | equal split
";p80p100;2017;0.5453;3.0
Lithuania ;"sptinc_p80p100_999_j_LT
Pre-tax national income 
P80-100 | share | all ages | equal split
";p80p100;2018;0.5342;3.0
Lithuania ;"sptinc_p80p100_999_j_LT
Pre-tax national income 
P80-100 | share | all ages | equal split
";p80p100;2019;0.5451;3.0
Lithuania ;"sptinc_p80p100_999_j_LT
Pre-tax national income 
P80-100 | share | all ages | equal split
";p80p100;2020;0.5495;3.0
Lithuania ;"sptinc_p80p100_999_j_LT
Pre-tax national income 
P80-100 | share | all ages | equal split
";p80p100;2021;0.5426;3.0
Lithuania ;"sptinc_p80p100_999_j_LT
Pre-tax national income 
P80-100 | share | all ages | equal split
";p80p100;2022;0.5418000000000001;3.0
Lithuania ;"sptinc_p80p100_999_j_LT
Pre-tax national income 
P80-100 | share | all ages | equal split
";p80p100;2023;0.5365;3.0
Lithuania ;"sptinc_p80p100_999_j_LT
Pre-tax national income 
P80-100 | share | all ages | equal split
";p80p100;2024;0.5365;1.0
Luxembourg ;"sptinc_p80p100_999_j_LU
Pre-tax national income 
P80-100 | share | all ages | equal split
";p80p100;1940;;
Luxembourg ;"sptinc_p80p100_999_j_LU
Pre-tax national income 
P80-100 | share | all ages | equal split
";p80p100;1941;;
Luxembourg ;"sptinc_p80p100_999_j_LU
Pre-tax national income 
P80-100 | share | all ages | equal split
";p80p100;1942;;
Luxembourg ;"sptinc_p80p100_999_j_LU
Pre-tax national income 
P80-100 | share | all ages | equal split
";p80p100;1943;;
Luxembourg ;"sptinc_p80p100_999_j_LU
Pre-tax national income 
P80-100 | share | all ages | equal split
";p80p100;1944;;
Luxembourg ;"sptinc_p80p100_999_j_LU
Pre-tax national income 
P80-100 | share | all ages | equal split
";p80p100;1945;;
Luxembourg ;"sptinc_p80p100_999_j_LU
Pre-tax national income 
P80-100 | share | all ages | equal split
";p80p100;1946;;
Luxembourg ;"sptinc_p80p100_999_j_LU
Pre-tax national income 
P80-100 | share | all ages | equal split
";p80p100;1947;;
Luxembourg ;"sptinc_p80p100_999_j_LU
Pre-tax national income 
P80-100 | share | all ages | equal split
";p80p100;1948;;
Luxembourg ;"sptinc_p80p100_999_j_LU
Pre-tax national income 
P80-100 | share | all ages | equal split
";p80p100;1949;;
Luxembourg ;"sptinc_p80p100_999_j_LU
Pre-tax national income 
P80-100 | share | all ages | equal split
";p80p100;1950;;
Luxembourg ;"sptinc_p80p100_999_j_LU
Pre-tax national income 
P80-100 | share | all ages | equal split
";p80p100;1951;;
Luxembourg ;"sptinc_p80p100_999_j_LU
Pre-tax national income 
P80-100 | share | all ages | equal split
";p80p100;1952;;
Luxembourg ;"sptinc_p80p100_999_j_LU
Pre-tax national income 
P80-100 | share | all ages | equal split
";p80p100;1953;;
Luxembourg ;"sptinc_p80p100_999_j_LU
Pre-tax national income 
P80-100 | share | all ages | equal split
";p80p100;1954;;
Luxembourg ;"sptinc_p80p100_999_j_LU
Pre-tax national income 
P80-100 | share | all ages | equal split
";p80p100;1955;;
Luxembourg ;"sptinc_p80p100_999_j_LU
Pre-tax national income 
P80-100 | share | all ages | equal split
";p80p100;1956;;
Luxembourg ;"sptinc_p80p100_999_j_LU
Pre-tax national income 
P80-100 | share | all ages | equal split
";p80p100;1957;;
Luxembourg ;"sptinc_p80p100_999_j_LU
Pre-tax national income 
P80-100 | share | all ages | equal split
";p80p100;1958;;
Luxembourg ;"sptinc_p80p100_999_j_LU
Pre-tax national income 
P80-100 | share | all ages | equal split
";p80p100;1959;;
Luxembourg ;"sptinc_p80p100_999_j_LU
Pre-tax national income 
P80-100 | share | all ages | equal split
";p80p100;1960;;
Luxembourg ;"sptinc_p80p100_999_j_LU
Pre-tax national income 
P80-100 | share | all ages | equal split
";p80p100;1961;;
Luxembourg ;"sptinc_p80p100_999_j_LU
Pre-tax national income 
P80-100 | share | all ages | equal split
";p80p100;1962;;
Luxembourg ;"sptinc_p80p100_999_j_LU
Pre-tax national income 
P80-100 | share | all ages | equal split
";p80p100;1963;;
Luxembourg ;"sptinc_p80p100_999_j_LU
Pre-tax national income 
P80-100 | share | all ages | equal split
";p80p100;1964;;
Luxembourg ;"sptinc_p80p100_999_j_LU
Pre-tax national income 
P80-100 | share | all ages | equal split
";p80p100;1965;;
Luxembourg ;"sptinc_p80p100_999_j_LU
Pre-tax national income 
P80-100 | share | all ages | equal split
";p80p100;1966;;
Luxembourg ;"sptinc_p80p100_999_j_LU
Pre-tax national income 
P80-100 | share | all ages | equal split
";p80p100;1967;;
Luxembourg ;"sptinc_p80p100_999_j_LU
Pre-tax national income 
P80-100 | share | all ages | equal split
";p80p100;1968;;
Luxembourg ;"sptinc_p80p100_999_j_LU
Pre-tax national income 
P80-100 | share | all ages | equal split
";p80p100;1969;;
Luxembourg ;"sptinc_p80p100_999_j_LU
Pre-tax national income 
P80-100 | share | all ages | equal split
";p80p100;1970;;
Luxembourg ;"sptinc_p80p100_999_j_LU
Pre-tax national income 
P80-100 | share | all ages | equal split
";p80p100;1971;;
Luxembourg ;"sptinc_p80p100_999_j_LU
Pre-tax national income 
P80-100 | share | all ages | equal split
";p80p100;1972;;
Luxembourg ;"sptinc_p80p100_999_j_LU
Pre-tax national income 
P80-100 | share | all ages | equal split
";p80p100;1973;;
Luxembourg ;"sptinc_p80p100_999_j_LU
Pre-tax national income 
P80-100 | share | all ages | equal split
";p80p100;1974;;
Luxembourg ;"sptinc_p80p100_999_j_LU
Pre-tax national income 
P80-100 | share | all ages | equal split
";p80p100;1975;;
Luxembourg ;"sptinc_p80p100_999_j_LU
Pre-tax national income 
P80-100 | share | all ages | equal split
";p80p100;1976;;
Luxembourg ;"sptinc_p80p100_999_j_LU
Pre-tax national income 
P80-100 | share | all ages | equal split
";p80p100;1977;;
Luxembourg ;"sptinc_p80p100_999_j_LU
Pre-tax national income 
P80-100 | share | all ages | equal split
";p80p100;1978;;
Luxembourg ;"sptinc_p80p100_999_j_LU
Pre-tax national income 
P80-100 | share | all ages | equal split
";p80p100;1979;;
Luxembourg ;"sptinc_p80p100_999_j_LU
Pre-tax national income 
P80-100 | share | all ages | equal split
";p80p100;1980;0.497;2.0
Luxembourg ;"sptinc_p80p100_999_j_LU
Pre-tax national income 
P80-100 | share | all ages | equal split
";p80p100;1981;0.497;2.0
Luxembourg ;"sptinc_p80p100_999_j_LU
Pre-tax national income 
P80-100 | share | all ages | equal split
";p80p100;1982;0.497;2.0
Luxembourg ;"sptinc_p80p100_999_j_LU
Pre-tax national income 
P80-100 | share | all ages | equal split
";p80p100;1983;0.497;2.0
Luxembourg ;"sptinc_p80p100_999_j_LU
Pre-tax national income 
P80-100 | share | all ages | equal split
";p80p100;1984;0.4971;2.0
Luxembourg ;"sptinc_p80p100_999_j_LU
Pre-tax national income 
P80-100 | share | all ages | equal split
";p80p100;1985;0.4964;4.0
Luxembourg ;"sptinc_p80p100_999_j_LU
Pre-tax national income 
P80-100 | share | all ages | equal split
";p80p100;1986;0.4979;4.0
Luxembourg ;"sptinc_p80p100_999_j_LU
Pre-tax national income 
P80-100 | share | all ages | equal split
";p80p100;1987;0.4972;4.0
Luxembourg ;"sptinc_p80p100_999_j_LU
Pre-tax national income 
P80-100 | share | all ages | equal split
";p80p100;1988;0.4974;4.0
Luxembourg ;"sptinc_p80p100_999_j_LU
Pre-tax national income 
P80-100 | share | all ages | equal split
";p80p100;1989;0.499;4.0
Luxembourg ;"sptinc_p80p100_999_j_LU
Pre-tax national income 
P80-100 | share | all ages | equal split
";p80p100;1990;0.4976;4.0
Luxembourg ;"sptinc_p80p100_999_j_LU
Pre-tax national income 
P80-100 | share | all ages | equal split
";p80p100;1991;0.4975;4.0
Luxembourg ;"sptinc_p80p100_999_j_LU
Pre-tax national income 
P80-100 | share | all ages | equal split
";p80p100;1992;0.4964;4.0
Luxembourg ;"sptinc_p80p100_999_j_LU
Pre-tax national income 
P80-100 | share | all ages | equal split
";p80p100;1993;0.4983;3.0
Luxembourg ;"sptinc_p80p100_999_j_LU
Pre-tax national income 
P80-100 | share | all ages | equal split
";p80p100;1994;0.5003000000000001;4.0
Luxembourg ;"sptinc_p80p100_999_j_LU
Pre-tax national income 
P80-100 | share | all ages | equal split
";p80p100;1995;0.504;3.0
Luxembourg ;"sptinc_p80p100_999_j_LU
Pre-tax national income 
P80-100 | share | all ages | equal split
";p80p100;1996;0.5079;3.0
Luxembourg ;"sptinc_p80p100_999_j_LU
Pre-tax national income 
P80-100 | share | all ages | equal split
";p80p100;1997;0.5221;4.0
Luxembourg ;"sptinc_p80p100_999_j_LU
Pre-tax national income 
P80-100 | share | all ages | equal split
";p80p100;1998;0.5433;4.0
Luxembourg ;"sptinc_p80p100_999_j_LU
Pre-tax national income 
P80-100 | share | all ages | equal split
";p80p100;1999;0.5368;4.0
Luxembourg ;"sptinc_p80p100_999_j_LU
Pre-tax national income 
P80-100 | share | all ages | equal split
";p80p100;2000;0.5453;4.0
Luxembourg ;"sptinc_p80p100_999_j_LU
Pre-tax national income 
P80-100 | share | all ages | equal split
";p80p100;2001;0.5393;4.0
Luxembourg ;"sptinc_p80p100_999_j_LU
Pre-tax national income 
P80-100 | share | all ages | equal split
";p80p100;2002;0.5206000000000001;4.0
Luxembourg ;"sptinc_p80p100_999_j_LU
Pre-tax national income 
P80-100 | share | all ages | equal split
";p80p100;2003;0.5218;4.0
Luxembourg ;"sptinc_p80p100_999_j_LU
Pre-tax national income 
P80-100 | share | all ages | equal split
";p80p100;2004;0.5581;4.0
Luxembourg ;"sptinc_p80p100_999_j_LU
Pre-tax national income 
P80-100 | share | all ages | equal split
";p80p100;2005;0.5642;4.0
Luxembourg ;"sptinc_p80p100_999_j_LU
Pre-tax national income 
P80-100 | share | all ages | equal split
";p80p100;2006;0.5356000000000001;4.0
Luxembourg ;"sptinc_p80p100_999_j_LU
Pre-tax national income 
P80-100 | share | all ages | equal split
";p80p100;2007;0.5607;4.0
Luxembourg ;"sptinc_p80p100_999_j_LU
Pre-tax national income 
P80-100 | share | all ages | equal split
";p80p100;2008;0.5495;4.0
Luxembourg ;"sptinc_p80p100_999_j_LU
Pre-tax national income 
P80-100 | share | all ages | equal split
";p80p100;2009;0.5174;4.0
Luxembourg ;"sptinc_p80p100_999_j_LU
Pre-tax national income 
P80-100 | share | all ages | equal split
";p80p100;2010;0.5109;4.0
Luxembourg ;"sptinc_p80p100_999_j_LU
Pre-tax national income 
P80-100 | share | all ages | equal split
";p80p100;2011;0.5075000000000001;3.0
Luxembourg ;"sptinc_p80p100_999_j_LU
Pre-tax national income 
P80-100 | share | all ages | equal split
";p80p100;2012;0.5347000000000001;3.0
Luxembourg ;"sptinc_p80p100_999_j_LU
Pre-tax national income 
P80-100 | share | all ages | equal split
";p80p100;2013;0.513;3.0
Luxembourg ;"sptinc_p80p100_999_j_LU
Pre-tax national income 
P80-100 | share | all ages | equal split
";p80p100;2014;0.5158;3.0
Luxembourg ;"sptinc_p80p100_999_j_LU
Pre-tax national income 
P80-100 | share | all ages | equal split
";p80p100;2015;0.4896;3.0
Luxembourg ;"sptinc_p80p100_999_j_LU
Pre-tax national income 
P80-100 | share | all ages | equal split
";p80p100;2016;0.5036;3.0
Luxembourg ;"sptinc_p80p100_999_j_LU
Pre-tax national income 
P80-100 | share | all ages | equal split
";p80p100;2017;0.5254;3.0
Luxembourg ;"sptinc_p80p100_999_j_LU
Pre-tax national income 
P80-100 | share | all ages | equal split
";p80p100;2018;0.517;3.0
Luxembourg ;"sptinc_p80p100_999_j_LU
Pre-tax national income 
P80-100 | share | all ages | equal split
";p80p100;2019;0.4945000000000001;3.0
Luxembourg ;"sptinc_p80p100_999_j_LU
Pre-tax national income 
P80-100 | share | all ages | equal split
";p80p100;2020;0.4945000000000001;3.0
Luxembourg ;"sptinc_p80p100_999_j_LU
Pre-tax national income 
P80-100 | share | all ages | equal split
";p80p100;2021;0.4888;3.0
Luxembourg ;"sptinc_p80p100_999_j_LU
Pre-tax national income 
P80-100 | share | all ages | equal split
";p80p100;2022;0.4941;3.0
Luxembourg ;"sptinc_p80p100_999_j_LU
Pre-tax national income 
P80-100 | share | all ages | equal split
";p80p100;2023;0.4812;3.0
Luxembourg ;"sptinc_p80p100_999_j_LU
Pre-tax national income 
P80-100 | share | all ages | equal split
";p80p100;2024;0.4812;1.0
Macao ;"sptinc_p80p100_999_j_MO
Pre-tax national income 
P80-100 | share | all ages | equal split
";p80p100;1940;;
Macao ;"sptinc_p80p100_999_j_MO
Pre-tax national income 
P80-100 | share | all ages | equal split
";p80p100;1941;;
Macao ;"sptinc_p80p100_999_j_MO
Pre-tax national income 
P80-100 | share | all ages | equal split
";p80p100;1942;;
Macao ;"sptinc_p80p100_999_j_MO
Pre-tax national income 
P80-100 | share | all ages | equal split
";p80p100;1943;;
Macao ;"sptinc_p80p100_999_j_MO
Pre-tax national income 
P80-100 | share | all ages | equal split
";p80p100;1944;;
Macao ;"sptinc_p80p100_999_j_MO
Pre-tax national income 
P80-100 | share | all ages | equal split
";p80p100;1945;;
Macao ;"sptinc_p80p100_999_j_MO
Pre-tax national income 
P80-100 | share | all ages | equal split
";p80p100;1946;;
Macao ;"sptinc_p80p100_999_j_MO
Pre-tax national income 
P80-100 | share | all ages | equal split
";p80p100;1947;;
Macao ;"sptinc_p80p100_999_j_MO
Pre-tax national income 
P80-100 | share | all ages | equal split
";p80p100;1948;;
Macao ;"sptinc_p80p100_999_j_MO
Pre-tax national income 
P80-100 | share | all ages | equal split
";p80p100;1949;;
Macao ;"sptinc_p80p100_999_j_MO
Pre-tax national income 
P80-100 | share | all ages | equal split
";p80p100;1950;;
Macao ;"sptinc_p80p100_999_j_MO
Pre-tax national income 
P80-100 | share | all ages | equal split
";p80p100;1951;;
Macao ;"sptinc_p80p100_999_j_MO
Pre-tax national income 
P80-100 | share | all ages | equal split
";p80p100;1952;;
Macao ;"sptinc_p80p100_999_j_MO
Pre-tax national income 
P80-100 | share | all ages | equal split
";p80p100;1953;;
Macao ;"sptinc_p80p100_999_j_MO
Pre-tax national income 
P80-100 | share | all ages | equal split
";p80p100;1954;;
Macao ;"sptinc_p80p100_999_j_MO
Pre-tax national income 
P80-100 | share | all ages | equal split
";p80p100;1955;;
Macao ;"sptinc_p80p100_999_j_MO
Pre-tax national income 
P80-100 | share | all ages | equal split
";p80p100;1956;;
Macao ;"sptinc_p80p100_999_j_MO
Pre-tax national income 
P80-100 | share | all ages | equal split
";p80p100;1957;;
Macao ;"sptinc_p80p100_999_j_MO
Pre-tax national income 
P80-100 | share | all ages | equal split
";p80p100;1958;;
Macao ;"sptinc_p80p100_999_j_MO
Pre-tax national income 
P80-100 | share | all ages | equal split
";p80p100;1959;;
Macao ;"sptinc_p80p100_999_j_MO
Pre-tax national income 
P80-100 | share | all ages | equal split
";p80p100;1960;;
Macao ;"sptinc_p80p100_999_j_MO
Pre-tax national income 
P80-100 | share | all ages | equal split
";p80p100;1961;;
Macao ;"sptinc_p80p100_999_j_MO
Pre-tax national income 
P80-100 | share | all ages | equal split
";p80p100;1962;;
Macao ;"sptinc_p80p100_999_j_MO
Pre-tax national income 
P80-100 | share | all ages | equal split
";p80p100;1963;;
Macao ;"sptinc_p80p100_999_j_MO
Pre-tax national income 
P80-100 | share | all ages | equal split
";p80p100;1964;;
Macao ;"sptinc_p80p100_999_j_MO
Pre-tax national income 
P80-100 | share | all ages | equal split
";p80p100;1965;;
Macao ;"sptinc_p80p100_999_j_MO
Pre-tax national income 
P80-100 | share | all ages | equal split
";p80p100;1966;;
Macao ;"sptinc_p80p100_999_j_MO
Pre-tax national income 
P80-100 | share | all ages | equal split
";p80p100;1967;;
Macao ;"sptinc_p80p100_999_j_MO
Pre-tax national income 
P80-100 | share | all ages | equal split
";p80p100;1968;;
Macao ;"sptinc_p80p100_999_j_MO
Pre-tax national income 
P80-100 | share | all ages | equal split
";p80p100;1969;;
Macao ;"sptinc_p80p100_999_j_MO
Pre-tax national income 
P80-100 | share | all ages | equal split
";p80p100;1970;;
Macao ;"sptinc_p80p100_999_j_MO
Pre-tax national income 
P80-100 | share | all ages | equal split
";p80p100;1971;;
Macao ;"sptinc_p80p100_999_j_MO
Pre-tax national income 
P80-100 | share | all ages | equal split
";p80p100;1972;;
Macao ;"sptinc_p80p100_999_j_MO
Pre-tax national income 
P80-100 | share | all ages | equal split
";p80p100;1973;;
Macao ;"sptinc_p80p100_999_j_MO
Pre-tax national income 
P80-100 | share | all ages | equal split
";p80p100;1974;;
Macao ;"sptinc_p80p100_999_j_MO
Pre-tax national income 
P80-100 | share | all ages | equal split
";p80p100;1975;;
Macao ;"sptinc_p80p100_999_j_MO
Pre-tax national income 
P80-100 | share | all ages | equal split
";p80p100;1976;;
Macao ;"sptinc_p80p100_999_j_MO
Pre-tax national income 
P80-100 | share | all ages | equal split
";p80p100;1977;;
Macao ;"sptinc_p80p100_999_j_MO
Pre-tax national income 
P80-100 | share | all ages | equal split
";p80p100;1978;;
Macao ;"sptinc_p80p100_999_j_MO
Pre-tax national income 
P80-100 | share | all ages | equal split
";p80p100;1979;;
Macao ;"sptinc_p80p100_999_j_MO
Pre-tax national income 
P80-100 | share | all ages | equal split
";p80p100;1980;0.4761;0.0
Macao ;"sptinc_p80p100_999_j_MO
Pre-tax national income 
P80-100 | share | all ages | equal split
";p80p100;1981;0.4761;0.0
Macao ;"sptinc_p80p100_999_j_MO
Pre-tax national income 
P80-100 | share | all ages | equal split
";p80p100;1982;0.4761;0.0
Macao ;"sptinc_p80p100_999_j_MO
Pre-tax national income 
P80-100 | share | all ages | equal split
";p80p100;1983;0.4761;0.0
Macao ;"sptinc_p80p100_999_j_MO
Pre-tax national income 
P80-100 | share | all ages | equal split
";p80p100;1984;0.4761;0.0
Macao ;"sptinc_p80p100_999_j_MO
Pre-tax national income 
P80-100 | share | all ages | equal split
";p80p100;1985;0.4761;0.0
Macao ;"sptinc_p80p100_999_j_MO
Pre-tax national income 
P80-100 | share | all ages | equal split
";p80p100;1986;0.4761;0.0
Macao ;"sptinc_p80p100_999_j_MO
Pre-tax national income 
P80-100 | share | all ages | equal split
";p80p100;1987;0.4761;0.0
Macao ;"sptinc_p80p100_999_j_MO
Pre-tax national income 
P80-100 | share | all ages | equal split
";p80p100;1988;0.4761;0.0
Macao ;"sptinc_p80p100_999_j_MO
Pre-tax national income 
P80-100 | share | all ages | equal split
";p80p100;1989;0.4761;0.0
Macao ;"sptinc_p80p100_999_j_MO
Pre-tax national income 
P80-100 | share | all ages | equal split
";p80p100;1990;0.4761;0.0
Macao ;"sptinc_p80p100_999_j_MO
Pre-tax national income 
P80-100 | share | all ages | equal split
";p80p100;1991;0.4879;0.0
Macao ;"sptinc_p80p100_999_j_MO
Pre-tax national income 
P80-100 | share | all ages | equal split
";p80p100;1992;0.5016;0.0
Macao ;"sptinc_p80p100_999_j_MO
Pre-tax national income 
P80-100 | share | all ages | equal split
";p80p100;1993;0.5155000000000001;0.0
Macao ;"sptinc_p80p100_999_j_MO
Pre-tax national income 
P80-100 | share | all ages | equal split
";p80p100;1994;0.5203;0.0
Macao ;"sptinc_p80p100_999_j_MO
Pre-tax national income 
P80-100 | share | all ages | equal split
";p80p100;1995;0.5144000000000001;0.0
Macao ;"sptinc_p80p100_999_j_MO
Pre-tax national income 
P80-100 | share | all ages | equal split
";p80p100;1996;0.5096;0.0
Macao ;"sptinc_p80p100_999_j_MO
Pre-tax national income 
P80-100 | share | all ages | equal split
";p80p100;1997;0.5086;0.0
Macao ;"sptinc_p80p100_999_j_MO
Pre-tax national income 
P80-100 | share | all ages | equal split
";p80p100;1998;0.5105000000000001;0.0
Macao ;"sptinc_p80p100_999_j_MO
Pre-tax national income 
P80-100 | share | all ages | equal split
";p80p100;1999;0.5183;0.0
Macao ;"sptinc_p80p100_999_j_MO
Pre-tax national income 
P80-100 | share | all ages | equal split
";p80p100;2000;0.5318;0.0
Macao ;"sptinc_p80p100_999_j_MO
Pre-tax national income 
P80-100 | share | all ages | equal split
";p80p100;2001;0.5394;0.0
Macao ;"sptinc_p80p100_999_j_MO
Pre-tax national income 
P80-100 | share | all ages | equal split
";p80p100;2002;0.5681;0.0
Macao ;"sptinc_p80p100_999_j_MO
Pre-tax national income 
P80-100 | share | all ages | equal split
";p80p100;2003;0.5757;0.0
Macao ;"sptinc_p80p100_999_j_MO
Pre-tax national income 
P80-100 | share | all ages | equal split
";p80p100;2004;0.5795;0.0
Macao ;"sptinc_p80p100_999_j_MO
Pre-tax national income 
P80-100 | share | all ages | equal split
";p80p100;2005;0.5892000000000001;0.0
Macao ;"sptinc_p80p100_999_j_MO
Pre-tax national income 
P80-100 | share | all ages | equal split
";p80p100;2006;0.5897;0.0
Macao ;"sptinc_p80p100_999_j_MO
Pre-tax national income 
P80-100 | share | all ages | equal split
";p80p100;2007;0.5912000000000001;0.0
Macao ;"sptinc_p80p100_999_j_MO
Pre-tax national income 
P80-100 | share | all ages | equal split
";p80p100;2008;0.5912000000000001;0.0
Macao ;"sptinc_p80p100_999_j_MO
Pre-tax national income 
P80-100 | share | all ages | equal split
";p80p100;2009;0.5902000000000001;0.0
Macao ;"sptinc_p80p100_999_j_MO
Pre-tax national income 
P80-100 | share | all ages | equal split
";p80p100;2010;0.5934;0.0
Macao ;"sptinc_p80p100_999_j_MO
Pre-tax national income 
P80-100 | share | all ages | equal split
";p80p100;2011;0.5934;0.0
Macao ;"sptinc_p80p100_999_j_MO
Pre-tax national income 
P80-100 | share | all ages | equal split
";p80p100;2012;0.5806;0.0
Macao ;"sptinc_p80p100_999_j_MO
Pre-tax national income 
P80-100 | share | all ages | equal split
";p80p100;2013;0.5915;0.0
Macao ;"sptinc_p80p100_999_j_MO
Pre-tax national income 
P80-100 | share | all ages | equal split
";p80p100;2014;0.5829;0.0
Macao ;"sptinc_p80p100_999_j_MO
Pre-tax national income 
P80-100 | share | all ages | equal split
";p80p100;2015;0.5836;0.0
Macao ;"sptinc_p80p100_999_j_MO
Pre-tax national income 
P80-100 | share | all ages | equal split
";p80p100;2016;0.5836;0.0
Macao ;"sptinc_p80p100_999_j_MO
Pre-tax national income 
P80-100 | share | all ages | equal split
";p80p100;2017;0.5836;0.0
Macao ;"sptinc_p80p100_999_j_MO
Pre-tax national income 
P80-100 | share | all ages | equal split
";p80p100;2018;0.5836;0.0
Macao ;"sptinc_p80p100_999_j_MO
Pre-tax national income 
P80-100 | share | all ages | equal split
";p80p100;2019;0.5836;0.0
Macao ;"sptinc_p80p100_999_j_MO
Pre-tax national income 
P80-100 | share | all ages | equal split
";p80p100;2020;0.5836;0.0
Macao ;"sptinc_p80p100_999_j_MO
Pre-tax national income 
P80-100 | share | all ages | equal split
";p80p100;2021;0.5836;0.0
Macao ;"sptinc_p80p100_999_j_MO
Pre-tax national income 
P80-100 | share | all ages | equal split
";p80p100;2022;0.5836;0.0
Macao ;"sptinc_p80p100_999_j_MO
Pre-tax national income 
P80-100 | share | all ages | equal split
";p80p100;2023;0.5836;0.0
Macao ;"sptinc_p80p100_999_j_MO
Pre-tax national income 
P80-100 | share | all ages | equal split
";p80p100;2024;0.5836;0.0
Madagascar ;"sptinc_p80p100_999_j_MG
Pre-tax national income 
P80-100 | share | all ages | equal split
";p80p100;1940;;
Madagascar ;"sptinc_p80p100_999_j_MG
Pre-tax national income 
P80-100 | share | all ages | equal split
";p80p100;1941;;
Madagascar ;"sptinc_p80p100_999_j_MG
Pre-tax national income 
P80-100 | share | all ages | equal split
";p80p100;1942;;
Madagascar ;"sptinc_p80p100_999_j_MG
Pre-tax national income 
P80-100 | share | all ages | equal split
";p80p100;1943;;
Madagascar ;"sptinc_p80p100_999_j_MG
Pre-tax national income 
P80-100 | share | all ages | equal split
";p80p100;1944;;
Madagascar ;"sptinc_p80p100_999_j_MG
Pre-tax national income 
P80-100 | share | all ages | equal split
";p80p100;1945;;
Madagascar ;"sptinc_p80p100_999_j_MG
Pre-tax national income 
P80-100 | share | all ages | equal split
";p80p100;1946;;
Madagascar ;"sptinc_p80p100_999_j_MG
Pre-tax national income 
P80-100 | share | all ages | equal split
";p80p100;1947;;
Madagascar ;"sptinc_p80p100_999_j_MG
Pre-tax national income 
P80-100 | share | all ages | equal split
";p80p100;1948;;
Madagascar ;"sptinc_p80p100_999_j_MG
Pre-tax national income 
P80-100 | share | all ages | equal split
";p80p100;1949;;
Madagascar ;"sptinc_p80p100_999_j_MG
Pre-tax national income 
P80-100 | share | all ages | equal split
";p80p100;1950;;
Madagascar ;"sptinc_p80p100_999_j_MG
Pre-tax national income 
P80-100 | share | all ages | equal split
";p80p100;1951;;
Madagascar ;"sptinc_p80p100_999_j_MG
Pre-tax national income 
P80-100 | share | all ages | equal split
";p80p100;1952;;
Madagascar ;"sptinc_p80p100_999_j_MG
Pre-tax national income 
P80-100 | share | all ages | equal split
";p80p100;1953;;
Madagascar ;"sptinc_p80p100_999_j_MG
Pre-tax national income 
P80-100 | share | all ages | equal split
";p80p100;1954;;
Madagascar ;"sptinc_p80p100_999_j_MG
Pre-tax national income 
P80-100 | share | all ages | equal split
";p80p100;1955;;
Madagascar ;"sptinc_p80p100_999_j_MG
Pre-tax national income 
P80-100 | share | all ages | equal split
";p80p100;1956;;
Madagascar ;"sptinc_p80p100_999_j_MG
Pre-tax national income 
P80-100 | share | all ages | equal split
";p80p100;1957;;
Madagascar ;"sptinc_p80p100_999_j_MG
Pre-tax national income 
P80-100 | share | all ages | equal split
";p80p100;1958;;
Madagascar ;"sptinc_p80p100_999_j_MG
Pre-tax national income 
P80-100 | share | all ages | equal split
";p80p100;1959;;
Madagascar ;"sptinc_p80p100_999_j_MG
Pre-tax national income 
P80-100 | share | all ages | equal split
";p80p100;1960;;
Madagascar ;"sptinc_p80p100_999_j_MG
Pre-tax national income 
P80-100 | share | all ages | equal split
";p80p100;1961;;
Madagascar ;"sptinc_p80p100_999_j_MG
Pre-tax national income 
P80-100 | share | all ages | equal split
";p80p100;1962;;
Madagascar ;"sptinc_p80p100_999_j_MG
Pre-tax national income 
P80-100 | share | all ages | equal split
";p80p100;1963;;
Madagascar ;"sptinc_p80p100_999_j_MG
Pre-tax national income 
P80-100 | share | all ages | equal split
";p80p100;1964;;
Madagascar ;"sptinc_p80p100_999_j_MG
Pre-tax national income 
P80-100 | share | all ages | equal split
";p80p100;1965;;
Madagascar ;"sptinc_p80p100_999_j_MG
Pre-tax national income 
P80-100 | share | all ages | equal split
";p80p100;1966;;
Madagascar ;"sptinc_p80p100_999_j_MG
Pre-tax national income 
P80-100 | share | all ages | equal split
";p80p100;1967;;
Madagascar ;"sptinc_p80p100_999_j_MG
Pre-tax national income 
P80-100 | share | all ages | equal split
";p80p100;1968;;
Madagascar ;"sptinc_p80p100_999_j_MG
Pre-tax national income 
P80-100 | share | all ages | equal split
";p80p100;1969;;
Madagascar ;"sptinc_p80p100_999_j_MG
Pre-tax national income 
P80-100 | share | all ages | equal split
";p80p100;1970;;
Madagascar ;"sptinc_p80p100_999_j_MG
Pre-tax national income 
P80-100 | share | all ages | equal split
";p80p100;1971;;
Madagascar ;"sptinc_p80p100_999_j_MG
Pre-tax national income 
P80-100 | share | all ages | equal split
";p80p100;1972;;
Madagascar ;"sptinc_p80p100_999_j_MG
Pre-tax national income 
P80-100 | share | all ages | equal split
";p80p100;1973;;
Madagascar ;"sptinc_p80p100_999_j_MG
Pre-tax national income 
P80-100 | share | all ages | equal split
";p80p100;1974;;
Madagascar ;"sptinc_p80p100_999_j_MG
Pre-tax national income 
P80-100 | share | all ages | equal split
";p80p100;1975;;
Madagascar ;"sptinc_p80p100_999_j_MG
Pre-tax national income 
P80-100 | share | all ages | equal split
";p80p100;1976;;
Madagascar ;"sptinc_p80p100_999_j_MG
Pre-tax national income 
P80-100 | share | all ages | equal split
";p80p100;1977;;
Madagascar ;"sptinc_p80p100_999_j_MG
Pre-tax national income 
P80-100 | share | all ages | equal split
";p80p100;1978;;
Madagascar ;"sptinc_p80p100_999_j_MG
Pre-tax national income 
P80-100 | share | all ages | equal split
";p80p100;1979;;
Madagascar ;"sptinc_p80p100_999_j_MG
Pre-tax national income 
P80-100 | share | all ages | equal split
";p80p100;1980;0.6888000000000001;3.0
Madagascar ;"sptinc_p80p100_999_j_MG
Pre-tax national income 
P80-100 | share | all ages | equal split
";p80p100;1981;0.6888000000000001;2.0
Madagascar ;"sptinc_p80p100_999_j_MG
Pre-tax national income 
P80-100 | share | all ages | equal split
";p80p100;1982;0.6888000000000001;2.0
Madagascar ;"sptinc_p80p100_999_j_MG
Pre-tax national income 
P80-100 | share | all ages | equal split
";p80p100;1983;0.6888000000000001;2.0
Madagascar ;"sptinc_p80p100_999_j_MG
Pre-tax national income 
P80-100 | share | all ages | equal split
";p80p100;1984;0.6888000000000001;2.0
Madagascar ;"sptinc_p80p100_999_j_MG
Pre-tax national income 
P80-100 | share | all ages | equal split
";p80p100;1985;0.6888000000000001;2.0
Madagascar ;"sptinc_p80p100_999_j_MG
Pre-tax national income 
P80-100 | share | all ages | equal split
";p80p100;1986;0.6888000000000001;2.0
Madagascar ;"sptinc_p80p100_999_j_MG
Pre-tax national income 
P80-100 | share | all ages | equal split
";p80p100;1987;0.6888000000000001;2.0
Madagascar ;"sptinc_p80p100_999_j_MG
Pre-tax national income 
P80-100 | share | all ages | equal split
";p80p100;1988;0.6888000000000001;2.0
Madagascar ;"sptinc_p80p100_999_j_MG
Pre-tax national income 
P80-100 | share | all ages | equal split
";p80p100;1989;0.6888000000000001;2.0
Madagascar ;"sptinc_p80p100_999_j_MG
Pre-tax national income 
P80-100 | share | all ages | equal split
";p80p100;1990;0.6888000000000001;2.0
Madagascar ;"sptinc_p80p100_999_j_MG
Pre-tax national income 
P80-100 | share | all ages | equal split
";p80p100;1991;0.6888000000000001;2.0
Madagascar ;"sptinc_p80p100_999_j_MG
Pre-tax national income 
P80-100 | share | all ages | equal split
";p80p100;1992;0.6888000000000001;2.0
Madagascar ;"sptinc_p80p100_999_j_MG
Pre-tax national income 
P80-100 | share | all ages | equal split
";p80p100;1993;0.6888000000000001;3.0
Madagascar ;"sptinc_p80p100_999_j_MG
Pre-tax national income 
P80-100 | share | all ages | equal split
";p80p100;1994;0.6718000000000001;2.0
Madagascar ;"sptinc_p80p100_999_j_MG
Pre-tax national income 
P80-100 | share | all ages | equal split
";p80p100;1995;0.6547000000000001;2.0
Madagascar ;"sptinc_p80p100_999_j_MG
Pre-tax national income 
P80-100 | share | all ages | equal split
";p80p100;1996;0.6376000000000001;2.0
Madagascar ;"sptinc_p80p100_999_j_MG
Pre-tax national income 
P80-100 | share | all ages | equal split
";p80p100;1997;0.6205;3.0
Madagascar ;"sptinc_p80p100_999_j_MG
Pre-tax national income 
P80-100 | share | all ages | equal split
";p80p100;1998;0.6139;2.0
Madagascar ;"sptinc_p80p100_999_j_MG
Pre-tax national income 
P80-100 | share | all ages | equal split
";p80p100;1999;0.6073000000000001;3.0
Madagascar ;"sptinc_p80p100_999_j_MG
Pre-tax national income 
P80-100 | share | all ages | equal split
";p80p100;2000;0.6481;2.0
Madagascar ;"sptinc_p80p100_999_j_MG
Pre-tax national income 
P80-100 | share | all ages | equal split
";p80p100;2001;0.6886;3.0
Madagascar ;"sptinc_p80p100_999_j_MG
Pre-tax national income 
P80-100 | share | all ages | equal split
";p80p100;2002;0.6777000000000001;2.0
Madagascar ;"sptinc_p80p100_999_j_MG
Pre-tax national income 
P80-100 | share | all ages | equal split
";p80p100;2003;0.6668000000000001;2.0
Madagascar ;"sptinc_p80p100_999_j_MG
Pre-tax national income 
P80-100 | share | all ages | equal split
";p80p100;2004;0.6558;2.0
Madagascar ;"sptinc_p80p100_999_j_MG
Pre-tax national income 
P80-100 | share | all ages | equal split
";p80p100;2005;0.6448;3.0
Madagascar ;"sptinc_p80p100_999_j_MG
Pre-tax national income 
P80-100 | share | all ages | equal split
";p80p100;2006;0.6484;2.0
Madagascar ;"sptinc_p80p100_999_j_MG
Pre-tax national income 
P80-100 | share | all ages | equal split
";p80p100;2007;0.652;2.0
Madagascar ;"sptinc_p80p100_999_j_MG
Pre-tax national income 
P80-100 | share | all ages | equal split
";p80p100;2008;0.6556000000000001;2.0
Madagascar ;"sptinc_p80p100_999_j_MG
Pre-tax national income 
P80-100 | share | all ages | equal split
";p80p100;2009;0.6592;2.0
Madagascar ;"sptinc_p80p100_999_j_MG
Pre-tax national income 
P80-100 | share | all ages | equal split
";p80p100;2010;0.6628000000000001;3.0
Madagascar ;"sptinc_p80p100_999_j_MG
Pre-tax national income 
P80-100 | share | all ages | equal split
";p80p100;2011;0.6585000000000001;2.0
Madagascar ;"sptinc_p80p100_999_j_MG
Pre-tax national income 
P80-100 | share | all ages | equal split
";p80p100;2012;0.6542;3.0
Madagascar ;"sptinc_p80p100_999_j_MG
Pre-tax national income 
P80-100 | share | all ages | equal split
";p80p100;2013;0.6496000000000001;2.0
Madagascar ;"sptinc_p80p100_999_j_MG
Pre-tax national income 
P80-100 | share | all ages | equal split
";p80p100;2014;0.6451;2.0
Madagascar ;"sptinc_p80p100_999_j_MG
Pre-tax national income 
P80-100 | share | all ages | equal split
";p80p100;2015;0.6405000000000001;2.0
Madagascar ;"sptinc_p80p100_999_j_MG
Pre-tax national income 
P80-100 | share | all ages | equal split
";p80p100;2016;0.6359;2.0
Madagascar ;"sptinc_p80p100_999_j_MG
Pre-tax national income 
P80-100 | share | all ages | equal split
";p80p100;2017;0.6314000000000001;2.0
Madagascar ;"sptinc_p80p100_999_j_MG
Pre-tax national income 
P80-100 | share | all ages | equal split
";p80p100;2018;0.6268;2.0
Madagascar ;"sptinc_p80p100_999_j_MG
Pre-tax national income 
P80-100 | share | all ages | equal split
";p80p100;2019;0.6222;2.0
Madagascar ;"sptinc_p80p100_999_j_MG
Pre-tax national income 
P80-100 | share | all ages | equal split
";p80p100;2020;0.6176;2.0
Madagascar ;"sptinc_p80p100_999_j_MG
Pre-tax national income 
P80-100 | share | all ages | equal split
";p80p100;2021;0.613;3.0
Madagascar ;"sptinc_p80p100_999_j_MG
Pre-tax national income 
P80-100 | share | all ages | equal split
";p80p100;2022;0.613;1.0
Madagascar ;"sptinc_p80p100_999_j_MG
Pre-tax national income 
P80-100 | share | all ages | equal split
";p80p100;2023;0.613;1.0
Madagascar ;"sptinc_p80p100_999_j_MG
Pre-tax national income 
P80-100 | share | all ages | equal split
";p80p100;2024;0.613;1.0
Malawi ;"sptinc_p80p100_999_j_MW
Pre-tax national income 
P80-100 | share | all ages | equal split
";p80p100;1940;;
Malawi ;"sptinc_p80p100_999_j_MW
Pre-tax national income 
P80-100 | share | all ages | equal split
";p80p100;1941;;
Malawi ;"sptinc_p80p100_999_j_MW
Pre-tax national income 
P80-100 | share | all ages | equal split
";p80p100;1942;;
Malawi ;"sptinc_p80p100_999_j_MW
Pre-tax national income 
P80-100 | share | all ages | equal split
";p80p100;1943;;
Malawi ;"sptinc_p80p100_999_j_MW
Pre-tax national income 
P80-100 | share | all ages | equal split
";p80p100;1944;;
Malawi ;"sptinc_p80p100_999_j_MW
Pre-tax national income 
P80-100 | share | all ages | equal split
";p80p100;1945;0.6984;3.0
Malawi ;"sptinc_p80p100_999_j_MW
Pre-tax national income 
P80-100 | share | all ages | equal split
";p80p100;1946;;
Malawi ;"sptinc_p80p100_999_j_MW
Pre-tax national income 
P80-100 | share | all ages | equal split
";p80p100;1947;;
Malawi ;"sptinc_p80p100_999_j_MW
Pre-tax national income 
P80-100 | share | all ages | equal split
";p80p100;1948;;
Malawi ;"sptinc_p80p100_999_j_MW
Pre-tax national income 
P80-100 | share | all ages | equal split
";p80p100;1949;;
Malawi ;"sptinc_p80p100_999_j_MW
Pre-tax national income 
P80-100 | share | all ages | equal split
";p80p100;1950;;
Malawi ;"sptinc_p80p100_999_j_MW
Pre-tax national income 
P80-100 | share | all ages | equal split
";p80p100;1951;;
Malawi ;"sptinc_p80p100_999_j_MW
Pre-tax national income 
P80-100 | share | all ages | equal split
";p80p100;1952;;
Malawi ;"sptinc_p80p100_999_j_MW
Pre-tax national income 
P80-100 | share | all ages | equal split
";p80p100;1953;0.7160000000000001;3.0
Malawi ;"sptinc_p80p100_999_j_MW
Pre-tax national income 
P80-100 | share | all ages | equal split
";p80p100;1954;0.7093;3.0
Malawi ;"sptinc_p80p100_999_j_MW
Pre-tax national income 
P80-100 | share | all ages | equal split
";p80p100;1955;0.7170000000000001;3.0
Malawi ;"sptinc_p80p100_999_j_MW
Pre-tax national income 
P80-100 | share | all ages | equal split
";p80p100;1956;0.7260000000000001;3.0
Malawi ;"sptinc_p80p100_999_j_MW
Pre-tax national income 
P80-100 | share | all ages | equal split
";p80p100;1957;0.7337;3.0
Malawi ;"sptinc_p80p100_999_j_MW
Pre-tax national income 
P80-100 | share | all ages | equal split
";p80p100;1958;0.7333000000000001;3.0
Malawi ;"sptinc_p80p100_999_j_MW
Pre-tax national income 
P80-100 | share | all ages | equal split
";p80p100;1959;;
Malawi ;"sptinc_p80p100_999_j_MW
Pre-tax national income 
P80-100 | share | all ages | equal split
";p80p100;1960;;
Malawi ;"sptinc_p80p100_999_j_MW
Pre-tax national income 
P80-100 | share | all ages | equal split
";p80p100;1961;;
Malawi ;"sptinc_p80p100_999_j_MW
Pre-tax national income 
P80-100 | share | all ages | equal split
";p80p100;1962;;
Malawi ;"sptinc_p80p100_999_j_MW
Pre-tax national income 
P80-100 | share | all ages | equal split
";p80p100;1963;;
Malawi ;"sptinc_p80p100_999_j_MW
Pre-tax national income 
P80-100 | share | all ages | equal split
";p80p100;1964;0.7517;3.0
Malawi ;"sptinc_p80p100_999_j_MW
Pre-tax national income 
P80-100 | share | all ages | equal split
";p80p100;1965;0.762;3.0
Malawi ;"sptinc_p80p100_999_j_MW
Pre-tax national income 
P80-100 | share | all ages | equal split
";p80p100;1966;0.756;3.0
Malawi ;"sptinc_p80p100_999_j_MW
Pre-tax national income 
P80-100 | share | all ages | equal split
";p80p100;1967;0.7647;3.0
Malawi ;"sptinc_p80p100_999_j_MW
Pre-tax national income 
P80-100 | share | all ages | equal split
";p80p100;1968;0.7768;3.0
Malawi ;"sptinc_p80p100_999_j_MW
Pre-tax national income 
P80-100 | share | all ages | equal split
";p80p100;1969;0.7691;3.0
Malawi ;"sptinc_p80p100_999_j_MW
Pre-tax national income 
P80-100 | share | all ages | equal split
";p80p100;1970;0.779;3.0
Malawi ;"sptinc_p80p100_999_j_MW
Pre-tax national income 
P80-100 | share | all ages | equal split
";p80p100;1971;0.7914;3.0
Malawi ;"sptinc_p80p100_999_j_MW
Pre-tax national income 
P80-100 | share | all ages | equal split
";p80p100;1972;0.807;3.0
Malawi ;"sptinc_p80p100_999_j_MW
Pre-tax national income 
P80-100 | share | all ages | equal split
";p80p100;1973;0.7943;3.0
Malawi ;"sptinc_p80p100_999_j_MW
Pre-tax national income 
P80-100 | share | all ages | equal split
";p80p100;1974;0.807;3.0
Malawi ;"sptinc_p80p100_999_j_MW
Pre-tax national income 
P80-100 | share | all ages | equal split
";p80p100;1975;0.8216;3.0
Malawi ;"sptinc_p80p100_999_j_MW
Pre-tax national income 
P80-100 | share | all ages | equal split
";p80p100;1976;0.8099000000000001;3.0
Malawi ;"sptinc_p80p100_999_j_MW
Pre-tax national income 
P80-100 | share | all ages | equal split
";p80p100;1977;0.8229000000000001;3.0
Malawi ;"sptinc_p80p100_999_j_MW
Pre-tax national income 
P80-100 | share | all ages | equal split
";p80p100;1978;0.8368;3.0
Malawi ;"sptinc_p80p100_999_j_MW
Pre-tax national income 
P80-100 | share | all ages | equal split
";p80p100;1979;0.8269000000000001;3.0
Malawi ;"sptinc_p80p100_999_j_MW
Pre-tax national income 
P80-100 | share | all ages | equal split
";p80p100;1980;0.8596;1.0
Malawi ;"sptinc_p80p100_999_j_MW
Pre-tax national income 
P80-100 | share | all ages | equal split
";p80p100;1981;0.8596;1.0
Malawi ;"sptinc_p80p100_999_j_MW
Pre-tax national income 
P80-100 | share | all ages | equal split
";p80p100;1982;0.8596;1.0
Malawi ;"sptinc_p80p100_999_j_MW
Pre-tax national income 
P80-100 | share | all ages | equal split
";p80p100;1983;0.8596;1.0
Malawi ;"sptinc_p80p100_999_j_MW
Pre-tax national income 
P80-100 | share | all ages | equal split
";p80p100;1984;0.8596;1.0
Malawi ;"sptinc_p80p100_999_j_MW
Pre-tax national income 
P80-100 | share | all ages | equal split
";p80p100;1985;0.8596;1.0
Malawi ;"sptinc_p80p100_999_j_MW
Pre-tax national income 
P80-100 | share | all ages | equal split
";p80p100;1986;0.8596;1.0
Malawi ;"sptinc_p80p100_999_j_MW
Pre-tax national income 
P80-100 | share | all ages | equal split
";p80p100;1987;0.8596;1.0
Malawi ;"sptinc_p80p100_999_j_MW
Pre-tax national income 
P80-100 | share | all ages | equal split
";p80p100;1988;0.8596;1.0
Malawi ;"sptinc_p80p100_999_j_MW
Pre-tax national income 
P80-100 | share | all ages | equal split
";p80p100;1989;0.8596;1.0
Malawi ;"sptinc_p80p100_999_j_MW
Pre-tax national income 
P80-100 | share | all ages | equal split
";p80p100;1990;0.8596;1.0
Malawi ;"sptinc_p80p100_999_j_MW
Pre-tax national income 
P80-100 | share | all ages | equal split
";p80p100;1991;0.8596;1.0
Malawi ;"sptinc_p80p100_999_j_MW
Pre-tax national income 
P80-100 | share | all ages | equal split
";p80p100;1992;0.8596;1.0
Malawi ;"sptinc_p80p100_999_j_MW
Pre-tax national income 
P80-100 | share | all ages | equal split
";p80p100;1993;0.8596;1.0
Malawi ;"sptinc_p80p100_999_j_MW
Pre-tax national income 
P80-100 | share | all ages | equal split
";p80p100;1994;0.8596;1.0
Malawi ;"sptinc_p80p100_999_j_MW
Pre-tax national income 
P80-100 | share | all ages | equal split
";p80p100;1995;0.8596;1.0
Malawi ;"sptinc_p80p100_999_j_MW
Pre-tax national income 
P80-100 | share | all ages | equal split
";p80p100;1996;0.8596;1.0
Malawi ;"sptinc_p80p100_999_j_MW
Pre-tax national income 
P80-100 | share | all ages | equal split
";p80p100;1997;0.8596;3.0
Malawi ;"sptinc_p80p100_999_j_MW
Pre-tax national income 
P80-100 | share | all ages | equal split
";p80p100;1998;0.8297;2.0
Malawi ;"sptinc_p80p100_999_j_MW
Pre-tax national income 
P80-100 | share | all ages | equal split
";p80p100;1999;0.7996000000000001;2.0
Malawi ;"sptinc_p80p100_999_j_MW
Pre-tax national income 
P80-100 | share | all ages | equal split
";p80p100;2000;0.7695000000000001;2.0
Malawi ;"sptinc_p80p100_999_j_MW
Pre-tax national income 
P80-100 | share | all ages | equal split
";p80p100;2001;0.7394000000000001;2.0
Malawi ;"sptinc_p80p100_999_j_MW
Pre-tax national income 
P80-100 | share | all ages | equal split
";p80p100;2002;0.7091000000000001;2.0
Malawi ;"sptinc_p80p100_999_j_MW
Pre-tax national income 
P80-100 | share | all ages | equal split
";p80p100;2003;0.6788000000000001;2.0
Malawi ;"sptinc_p80p100_999_j_MW
Pre-tax national income 
P80-100 | share | all ages | equal split
";p80p100;2004;0.6484;3.0
Malawi ;"sptinc_p80p100_999_j_MW
Pre-tax national income 
P80-100 | share | all ages | equal split
";p80p100;2005;0.6547000000000001;2.0
Malawi ;"sptinc_p80p100_999_j_MW
Pre-tax national income 
P80-100 | share | all ages | equal split
";p80p100;2006;0.6611;2.0
Malawi ;"sptinc_p80p100_999_j_MW
Pre-tax national income 
P80-100 | share | all ages | equal split
";p80p100;2007;0.6674;2.0
Malawi ;"sptinc_p80p100_999_j_MW
Pre-tax national income 
P80-100 | share | all ages | equal split
";p80p100;2008;0.6737000000000001;2.0
Malawi ;"sptinc_p80p100_999_j_MW
Pre-tax national income 
P80-100 | share | all ages | equal split
";p80p100;2009;0.68;2.0
Malawi ;"sptinc_p80p100_999_j_MW
Pre-tax national income 
P80-100 | share | all ages | equal split
";p80p100;2010;0.6863;3.0
Malawi ;"sptinc_p80p100_999_j_MW
Pre-tax national income 
P80-100 | share | all ages | equal split
";p80p100;2011;0.6887;2.0
Malawi ;"sptinc_p80p100_999_j_MW
Pre-tax national income 
P80-100 | share | all ages | equal split
";p80p100;2012;0.6910000000000001;2.0
Malawi ;"sptinc_p80p100_999_j_MW
Pre-tax national income 
P80-100 | share | all ages | equal split
";p80p100;2013;0.6934;2.0
Malawi ;"sptinc_p80p100_999_j_MW
Pre-tax national income 
P80-100 | share | all ages | equal split
";p80p100;2014;0.6958000000000001;2.0
Malawi ;"sptinc_p80p100_999_j_MW
Pre-tax national income 
P80-100 | share | all ages | equal split
";p80p100;2015;0.6982;2.0
Malawi ;"sptinc_p80p100_999_j_MW
Pre-tax national income 
P80-100 | share | all ages | equal split
";p80p100;2016;0.7006;3.0
Malawi ;"sptinc_p80p100_999_j_MW
Pre-tax national income 
P80-100 | share | all ages | equal split
";p80p100;2017;0.6765;2.0
Malawi ;"sptinc_p80p100_999_j_MW
Pre-tax national income 
P80-100 | share | all ages | equal split
";p80p100;2018;0.6525000000000001;2.0
Malawi ;"sptinc_p80p100_999_j_MW
Pre-tax national income 
P80-100 | share | all ages | equal split
";p80p100;2019;0.6284000000000001;3.0
Malawi ;"sptinc_p80p100_999_j_MW
Pre-tax national income 
P80-100 | share | all ages | equal split
";p80p100;2020;0.6284000000000001;1.0
Malawi ;"sptinc_p80p100_999_j_MW
Pre-tax national income 
P80-100 | share | all ages | equal split
";p80p100;2021;0.6284000000000001;1.0
Malawi ;"sptinc_p80p100_999_j_MW
Pre-tax national income 
P80-100 | share | all ages | equal split
";p80p100;2022;0.6284000000000001;1.0
Malawi ;"sptinc_p80p100_999_j_MW
Pre-tax national income 
P80-100 | share | all ages | equal split
";p80p100;2023;0.6284000000000001;1.0
Malawi ;"sptinc_p80p100_999_j_MW
Pre-tax national income 
P80-100 | share | all ages | equal split
";p80p100;2024;0.6284000000000001;1.0
Malaysia ;"sptinc_p80p100_999_j_MY
Pre-tax national income 
P80-100 | share | all ages | equal split
";p80p100;1940;;
Malaysia ;"sptinc_p80p100_999_j_MY
Pre-tax national income 
P80-100 | share | all ages | equal split
";p80p100;1941;;
Malaysia ;"sptinc_p80p100_999_j_MY
Pre-tax national income 
P80-100 | share | all ages | equal split
";p80p100;1942;;
Malaysia ;"sptinc_p80p100_999_j_MY
Pre-tax national income 
P80-100 | share | all ages | equal split
";p80p100;1943;;
Malaysia ;"sptinc_p80p100_999_j_MY
Pre-tax national income 
P80-100 | share | all ages | equal split
";p80p100;1944;;
Malaysia ;"sptinc_p80p100_999_j_MY
Pre-tax national income 
P80-100 | share | all ages | equal split
";p80p100;1945;;
Malaysia ;"sptinc_p80p100_999_j_MY
Pre-tax national income 
P80-100 | share | all ages | equal split
";p80p100;1946;;
Malaysia ;"sptinc_p80p100_999_j_MY
Pre-tax national income 
P80-100 | share | all ages | equal split
";p80p100;1947;;
Malaysia ;"sptinc_p80p100_999_j_MY
Pre-tax national income 
P80-100 | share | all ages | equal split
";p80p100;1948;0.5548000000000001;3.0
Malaysia ;"sptinc_p80p100_999_j_MY
Pre-tax national income 
P80-100 | share | all ages | equal split
";p80p100;1949;0.543;3.0
Malaysia ;"sptinc_p80p100_999_j_MY
Pre-tax national income 
P80-100 | share | all ages | equal split
";p80p100;1950;0.5408000000000001;3.0
Malaysia ;"sptinc_p80p100_999_j_MY
Pre-tax national income 
P80-100 | share | all ages | equal split
";p80p100;1951;0.5428000000000001;3.0
Malaysia ;"sptinc_p80p100_999_j_MY
Pre-tax national income 
P80-100 | share | all ages | equal split
";p80p100;1952;0.5506;3.0
Malaysia ;"sptinc_p80p100_999_j_MY
Pre-tax national income 
P80-100 | share | all ages | equal split
";p80p100;1953;0.5503;3.0
Malaysia ;"sptinc_p80p100_999_j_MY
Pre-tax national income 
P80-100 | share | all ages | equal split
";p80p100;1954;0.5571;3.0
Malaysia ;"sptinc_p80p100_999_j_MY
Pre-tax national income 
P80-100 | share | all ages | equal split
";p80p100;1955;0.5648000000000001;3.0
Malaysia ;"sptinc_p80p100_999_j_MY
Pre-tax national income 
P80-100 | share | all ages | equal split
";p80p100;1956;0.5682;3.0
Malaysia ;"sptinc_p80p100_999_j_MY
Pre-tax national income 
P80-100 | share | all ages | equal split
";p80p100;1957;0.5733;3.0
Malaysia ;"sptinc_p80p100_999_j_MY
Pre-tax national income 
P80-100 | share | all ages | equal split
";p80p100;1958;0.5799000000000001;3.0
Malaysia ;"sptinc_p80p100_999_j_MY
Pre-tax national income 
P80-100 | share | all ages | equal split
";p80p100;1959;0.5845;3.0
Malaysia ;"sptinc_p80p100_999_j_MY
Pre-tax national income 
P80-100 | share | all ages | equal split
";p80p100;1960;0.5909;3.0
Malaysia ;"sptinc_p80p100_999_j_MY
Pre-tax national income 
P80-100 | share | all ages | equal split
";p80p100;1961;0.5940000000000001;3.0
Malaysia ;"sptinc_p80p100_999_j_MY
Pre-tax national income 
P80-100 | share | all ages | equal split
";p80p100;1962;0.5928;3.0
Malaysia ;"sptinc_p80p100_999_j_MY
Pre-tax national income 
P80-100 | share | all ages | equal split
";p80p100;1963;0.5953;3.0
Malaysia ;"sptinc_p80p100_999_j_MY
Pre-tax national income 
P80-100 | share | all ages | equal split
";p80p100;1964;0.5966;3.0
Malaysia ;"sptinc_p80p100_999_j_MY
Pre-tax national income 
P80-100 | share | all ages | equal split
";p80p100;1965;0.5971000000000001;3.0
Malaysia ;"sptinc_p80p100_999_j_MY
Pre-tax national income 
P80-100 | share | all ages | equal split
";p80p100;1966;0.5931000000000001;3.0
Malaysia ;"sptinc_p80p100_999_j_MY
Pre-tax national income 
P80-100 | share | all ages | equal split
";p80p100;1967;0.5947;3.0
Malaysia ;"sptinc_p80p100_999_j_MY
Pre-tax national income 
P80-100 | share | all ages | equal split
";p80p100;1968;0.5976;3.0
Malaysia ;"sptinc_p80p100_999_j_MY
Pre-tax national income 
P80-100 | share | all ages | equal split
";p80p100;1969;0.5956;3.0
Malaysia ;"sptinc_p80p100_999_j_MY
Pre-tax national income 
P80-100 | share | all ages | equal split
";p80p100;1970;0.605;3.0
Malaysia ;"sptinc_p80p100_999_j_MY
Pre-tax national income 
P80-100 | share | all ages | equal split
";p80p100;1971;0.6046;3.0
Malaysia ;"sptinc_p80p100_999_j_MY
Pre-tax national income 
P80-100 | share | all ages | equal split
";p80p100;1972;0.6034;3.0
Malaysia ;"sptinc_p80p100_999_j_MY
Pre-tax national income 
P80-100 | share | all ages | equal split
";p80p100;1973;0.6094;3.0
Malaysia ;"sptinc_p80p100_999_j_MY
Pre-tax national income 
P80-100 | share | all ages | equal split
";p80p100;1974;0.6077;3.0
Malaysia ;"sptinc_p80p100_999_j_MY
Pre-tax national income 
P80-100 | share | all ages | equal split
";p80p100;1975;0.6073000000000001;3.0
Malaysia ;"sptinc_p80p100_999_j_MY
Pre-tax national income 
P80-100 | share | all ages | equal split
";p80p100;1976;;
Malaysia ;"sptinc_p80p100_999_j_MY
Pre-tax national income 
P80-100 | share | all ages | equal split
";p80p100;1977;;
Malaysia ;"sptinc_p80p100_999_j_MY
Pre-tax national income 
P80-100 | share | all ages | equal split
";p80p100;1978;;
Malaysia ;"sptinc_p80p100_999_j_MY
Pre-tax national income 
P80-100 | share | all ages | equal split
";p80p100;1979;;
Malaysia ;"sptinc_p80p100_999_j_MY
Pre-tax national income 
P80-100 | share | all ages | equal split
";p80p100;1980;0.6217;1.0
Malaysia ;"sptinc_p80p100_999_j_MY
Pre-tax national income 
P80-100 | share | all ages | equal split
";p80p100;1981;0.6217;1.0
Malaysia ;"sptinc_p80p100_999_j_MY
Pre-tax national income 
P80-100 | share | all ages | equal split
";p80p100;1982;0.6217;1.0
Malaysia ;"sptinc_p80p100_999_j_MY
Pre-tax national income 
P80-100 | share | all ages | equal split
";p80p100;1983;0.6217;1.0
Malaysia ;"sptinc_p80p100_999_j_MY
Pre-tax national income 
P80-100 | share | all ages | equal split
";p80p100;1984;0.6217;4.0
Malaysia ;"sptinc_p80p100_999_j_MY
Pre-tax national income 
P80-100 | share | all ages | equal split
";p80p100;1985;0.6187;2.0
Malaysia ;"sptinc_p80p100_999_j_MY
Pre-tax national income 
P80-100 | share | all ages | equal split
";p80p100;1986;0.6156;2.0
Malaysia ;"sptinc_p80p100_999_j_MY
Pre-tax national income 
P80-100 | share | all ages | equal split
";p80p100;1987;0.6124;4.0
Malaysia ;"sptinc_p80p100_999_j_MY
Pre-tax national income 
P80-100 | share | all ages | equal split
";p80p100;1988;0.6103000000000001;2.0
Malaysia ;"sptinc_p80p100_999_j_MY
Pre-tax national income 
P80-100 | share | all ages | equal split
";p80p100;1989;0.6086;4.0
Malaysia ;"sptinc_p80p100_999_j_MY
Pre-tax national income 
P80-100 | share | all ages | equal split
";p80p100;1990;0.611;2.0
Malaysia ;"sptinc_p80p100_999_j_MY
Pre-tax national income 
P80-100 | share | all ages | equal split
";p80p100;1991;0.6129;2.0
Malaysia ;"sptinc_p80p100_999_j_MY
Pre-tax national income 
P80-100 | share | all ages | equal split
";p80p100;1992;0.6146;4.0
Malaysia ;"sptinc_p80p100_999_j_MY
Pre-tax national income 
P80-100 | share | all ages | equal split
";p80p100;1993;0.6166;2.0
Malaysia ;"sptinc_p80p100_999_j_MY
Pre-tax national income 
P80-100 | share | all ages | equal split
";p80p100;1994;0.6182000000000001;2.0
Malaysia ;"sptinc_p80p100_999_j_MY
Pre-tax national income 
P80-100 | share | all ages | equal split
";p80p100;1995;0.6196;4.0
Malaysia ;"sptinc_p80p100_999_j_MY
Pre-tax national income 
P80-100 | share | all ages | equal split
";p80p100;1996;0.6211;2.0
Malaysia ;"sptinc_p80p100_999_j_MY
Pre-tax national income 
P80-100 | share | all ages | equal split
";p80p100;1997;0.6224000000000001;4.0
Malaysia ;"sptinc_p80p100_999_j_MY
Pre-tax national income 
P80-100 | share | all ages | equal split
";p80p100;1998;0.6172000000000001;2.0
Malaysia ;"sptinc_p80p100_999_j_MY
Pre-tax national income 
P80-100 | share | all ages | equal split
";p80p100;1999;0.6126;2.0
Malaysia ;"sptinc_p80p100_999_j_MY
Pre-tax national income 
P80-100 | share | all ages | equal split
";p80p100;2000;0.6085;2.0
Malaysia ;"sptinc_p80p100_999_j_MY
Pre-tax national income 
P80-100 | share | all ages | equal split
";p80p100;2001;0.6047;2.0
Malaysia ;"sptinc_p80p100_999_j_MY
Pre-tax national income 
P80-100 | share | all ages | equal split
";p80p100;2002;0.6013000000000001;4.0
Malaysia ;"sptinc_p80p100_999_j_MY
Pre-tax national income 
P80-100 | share | all ages | equal split
";p80p100;2003;0.6022000000000001;2.0
Malaysia ;"sptinc_p80p100_999_j_MY
Pre-tax national income 
P80-100 | share | all ages | equal split
";p80p100;2004;0.6032000000000001;4.0
Malaysia ;"sptinc_p80p100_999_j_MY
Pre-tax national income 
P80-100 | share | all ages | equal split
";p80p100;2005;0.6068;2.0
Malaysia ;"sptinc_p80p100_999_j_MY
Pre-tax national income 
P80-100 | share | all ages | equal split
";p80p100;2006;0.6104;2.0
Malaysia ;"sptinc_p80p100_999_j_MY
Pre-tax national income 
P80-100 | share | all ages | equal split
";p80p100;2007;0.6141;4.0
Malaysia ;"sptinc_p80p100_999_j_MY
Pre-tax national income 
P80-100 | share | all ages | equal split
";p80p100;2008;0.6063000000000001;2.0
Malaysia ;"sptinc_p80p100_999_j_MY
Pre-tax national income 
P80-100 | share | all ages | equal split
";p80p100;2009;0.5984;4.0
Malaysia ;"sptinc_p80p100_999_j_MY
Pre-tax national income 
P80-100 | share | all ages | equal split
";p80p100;2010;0.5917;2.0
Malaysia ;"sptinc_p80p100_999_j_MY
Pre-tax national income 
P80-100 | share | all ages | equal split
";p80p100;2011;0.5849;2.0
Malaysia ;"sptinc_p80p100_999_j_MY
Pre-tax national income 
P80-100 | share | all ages | equal split
";p80p100;2012;0.5781000000000001;4.0
Malaysia ;"sptinc_p80p100_999_j_MY
Pre-tax national income 
P80-100 | share | all ages | equal split
";p80p100;2013;0.5662;2.0
Malaysia ;"sptinc_p80p100_999_j_MY
Pre-tax national income 
P80-100 | share | all ages | equal split
";p80p100;2014;0.5543;4.0
Malaysia ;"sptinc_p80p100_999_j_MY
Pre-tax national income 
P80-100 | share | all ages | equal split
";p80p100;2015;0.5543;2.0
Malaysia ;"sptinc_p80p100_999_j_MY
Pre-tax national income 
P80-100 | share | all ages | equal split
";p80p100;2016;0.5129;4.0
Malaysia ;"sptinc_p80p100_999_j_MY
Pre-tax national income 
P80-100 | share | all ages | equal split
";p80p100;2017;0.5137;2.0
Malaysia ;"sptinc_p80p100_999_j_MY
Pre-tax national income 
P80-100 | share | all ages | equal split
";p80p100;2018;0.5145000000000001;2.0
Malaysia ;"sptinc_p80p100_999_j_MY
Pre-tax national income 
P80-100 | share | all ages | equal split
";p80p100;2019;0.5151;4.0
Malaysia ;"sptinc_p80p100_999_j_MY
Pre-tax national income 
P80-100 | share | all ages | equal split
";p80p100;2020;0.5167;2.0
Malaysia ;"sptinc_p80p100_999_j_MY
Pre-tax national income 
P80-100 | share | all ages | equal split
";p80p100;2021;0.5181;2.0
Malaysia ;"sptinc_p80p100_999_j_MY
Pre-tax national income 
P80-100 | share | all ages | equal split
";p80p100;2022;0.5195000000000001;4.0
Malaysia ;"sptinc_p80p100_999_j_MY
Pre-tax national income 
P80-100 | share | all ages | equal split
";p80p100;2023;0.5195000000000001;1.0
Malaysia ;"sptinc_p80p100_999_j_MY
Pre-tax national income 
P80-100 | share | all ages | equal split
";p80p100;2024;0.5195000000000001;1.0
Maldives ;"sptinc_p80p100_999_j_MV
Pre-tax national income 
P80-100 | share | all ages | equal split
";p80p100;1940;;
Maldives ;"sptinc_p80p100_999_j_MV
Pre-tax national income 
P80-100 | share | all ages | equal split
";p80p100;1941;;
Maldives ;"sptinc_p80p100_999_j_MV
Pre-tax national income 
P80-100 | share | all ages | equal split
";p80p100;1942;;
Maldives ;"sptinc_p80p100_999_j_MV
Pre-tax national income 
P80-100 | share | all ages | equal split
";p80p100;1943;;
Maldives ;"sptinc_p80p100_999_j_MV
Pre-tax national income 
P80-100 | share | all ages | equal split
";p80p100;1944;;
Maldives ;"sptinc_p80p100_999_j_MV
Pre-tax national income 
P80-100 | share | all ages | equal split
";p80p100;1945;;
Maldives ;"sptinc_p80p100_999_j_MV
Pre-tax national income 
P80-100 | share | all ages | equal split
";p80p100;1946;;
Maldives ;"sptinc_p80p100_999_j_MV
Pre-tax national income 
P80-100 | share | all ages | equal split
";p80p100;1947;;
Maldives ;"sptinc_p80p100_999_j_MV
Pre-tax national income 
P80-100 | share | all ages | equal split
";p80p100;1948;;
Maldives ;"sptinc_p80p100_999_j_MV
Pre-tax national income 
P80-100 | share | all ages | equal split
";p80p100;1949;;
Maldives ;"sptinc_p80p100_999_j_MV
Pre-tax national income 
P80-100 | share | all ages | equal split
";p80p100;1950;;
Maldives ;"sptinc_p80p100_999_j_MV
Pre-tax national income 
P80-100 | share | all ages | equal split
";p80p100;1951;;
Maldives ;"sptinc_p80p100_999_j_MV
Pre-tax national income 
P80-100 | share | all ages | equal split
";p80p100;1952;;
Maldives ;"sptinc_p80p100_999_j_MV
Pre-tax national income 
P80-100 | share | all ages | equal split
";p80p100;1953;;
Maldives ;"sptinc_p80p100_999_j_MV
Pre-tax national income 
P80-100 | share | all ages | equal split
";p80p100;1954;;
Maldives ;"sptinc_p80p100_999_j_MV
Pre-tax national income 
P80-100 | share | all ages | equal split
";p80p100;1955;;
Maldives ;"sptinc_p80p100_999_j_MV
Pre-tax national income 
P80-100 | share | all ages | equal split
";p80p100;1956;;
Maldives ;"sptinc_p80p100_999_j_MV
Pre-tax national income 
P80-100 | share | all ages | equal split
";p80p100;1957;;
Maldives ;"sptinc_p80p100_999_j_MV
Pre-tax national income 
P80-100 | share | all ages | equal split
";p80p100;1958;;
Maldives ;"sptinc_p80p100_999_j_MV
Pre-tax national income 
P80-100 | share | all ages | equal split
";p80p100;1959;;
Maldives ;"sptinc_p80p100_999_j_MV
Pre-tax national income 
P80-100 | share | all ages | equal split
";p80p100;1960;;
Maldives ;"sptinc_p80p100_999_j_MV
Pre-tax national income 
P80-100 | share | all ages | equal split
";p80p100;1961;;
Maldives ;"sptinc_p80p100_999_j_MV
Pre-tax national income 
P80-100 | share | all ages | equal split
";p80p100;1962;;
Maldives ;"sptinc_p80p100_999_j_MV
Pre-tax national income 
P80-100 | share | all ages | equal split
";p80p100;1963;;
Maldives ;"sptinc_p80p100_999_j_MV
Pre-tax national income 
P80-100 | share | all ages | equal split
";p80p100;1964;;
Maldives ;"sptinc_p80p100_999_j_MV
Pre-tax national income 
P80-100 | share | all ages | equal split
";p80p100;1965;;
Maldives ;"sptinc_p80p100_999_j_MV
Pre-tax national income 
P80-100 | share | all ages | equal split
";p80p100;1966;;
Maldives ;"sptinc_p80p100_999_j_MV
Pre-tax national income 
P80-100 | share | all ages | equal split
";p80p100;1967;;
Maldives ;"sptinc_p80p100_999_j_MV
Pre-tax national income 
P80-100 | share | all ages | equal split
";p80p100;1968;;
Maldives ;"sptinc_p80p100_999_j_MV
Pre-tax national income 
P80-100 | share | all ages | equal split
";p80p100;1969;;
Maldives ;"sptinc_p80p100_999_j_MV
Pre-tax national income 
P80-100 | share | all ages | equal split
";p80p100;1970;;
Maldives ;"sptinc_p80p100_999_j_MV
Pre-tax national income 
P80-100 | share | all ages | equal split
";p80p100;1971;;
Maldives ;"sptinc_p80p100_999_j_MV
Pre-tax national income 
P80-100 | share | all ages | equal split
";p80p100;1972;;
Maldives ;"sptinc_p80p100_999_j_MV
Pre-tax national income 
P80-100 | share | all ages | equal split
";p80p100;1973;;
Maldives ;"sptinc_p80p100_999_j_MV
Pre-tax national income 
P80-100 | share | all ages | equal split
";p80p100;1974;;
Maldives ;"sptinc_p80p100_999_j_MV
Pre-tax national income 
P80-100 | share | all ages | equal split
";p80p100;1975;;
Maldives ;"sptinc_p80p100_999_j_MV
Pre-tax national income 
P80-100 | share | all ages | equal split
";p80p100;1976;;
Maldives ;"sptinc_p80p100_999_j_MV
Pre-tax national income 
P80-100 | share | all ages | equal split
";p80p100;1977;;
Maldives ;"sptinc_p80p100_999_j_MV
Pre-tax national income 
P80-100 | share | all ages | equal split
";p80p100;1978;;
Maldives ;"sptinc_p80p100_999_j_MV
Pre-tax national income 
P80-100 | share | all ages | equal split
";p80p100;1979;;
Maldives ;"sptinc_p80p100_999_j_MV
Pre-tax national income 
P80-100 | share | all ages | equal split
";p80p100;1980;0.6938000000000001;1.0
Maldives ;"sptinc_p80p100_999_j_MV
Pre-tax national income 
P80-100 | share | all ages | equal split
";p80p100;1981;0.6938000000000001;1.0
Maldives ;"sptinc_p80p100_999_j_MV
Pre-tax national income 
P80-100 | share | all ages | equal split
";p80p100;1982;0.6938000000000001;1.0
Maldives ;"sptinc_p80p100_999_j_MV
Pre-tax national income 
P80-100 | share | all ages | equal split
";p80p100;1983;0.6938000000000001;1.0
Maldives ;"sptinc_p80p100_999_j_MV
Pre-tax national income 
P80-100 | share | all ages | equal split
";p80p100;1984;0.6938000000000001;1.0
Maldives ;"sptinc_p80p100_999_j_MV
Pre-tax national income 
P80-100 | share | all ages | equal split
";p80p100;1985;0.6938000000000001;1.0
Maldives ;"sptinc_p80p100_999_j_MV
Pre-tax national income 
P80-100 | share | all ages | equal split
";p80p100;1986;0.6938000000000001;1.0
Maldives ;"sptinc_p80p100_999_j_MV
Pre-tax national income 
P80-100 | share | all ages | equal split
";p80p100;1987;0.6938000000000001;1.0
Maldives ;"sptinc_p80p100_999_j_MV
Pre-tax national income 
P80-100 | share | all ages | equal split
";p80p100;1988;0.6938000000000001;1.0
Maldives ;"sptinc_p80p100_999_j_MV
Pre-tax national income 
P80-100 | share | all ages | equal split
";p80p100;1989;0.6938000000000001;1.0
Maldives ;"sptinc_p80p100_999_j_MV
Pre-tax national income 
P80-100 | share | all ages | equal split
";p80p100;1990;0.6938000000000001;1.0
Maldives ;"sptinc_p80p100_999_j_MV
Pre-tax national income 
P80-100 | share | all ages | equal split
";p80p100;1991;0.6938000000000001;1.0
Maldives ;"sptinc_p80p100_999_j_MV
Pre-tax national income 
P80-100 | share | all ages | equal split
";p80p100;1992;0.6938000000000001;1.0
Maldives ;"sptinc_p80p100_999_j_MV
Pre-tax national income 
P80-100 | share | all ages | equal split
";p80p100;1993;0.6938000000000001;1.0
Maldives ;"sptinc_p80p100_999_j_MV
Pre-tax national income 
P80-100 | share | all ages | equal split
";p80p100;1994;0.6938000000000001;1.0
Maldives ;"sptinc_p80p100_999_j_MV
Pre-tax national income 
P80-100 | share | all ages | equal split
";p80p100;1995;0.6938000000000001;1.0
Maldives ;"sptinc_p80p100_999_j_MV
Pre-tax national income 
P80-100 | share | all ages | equal split
";p80p100;1996;0.6938000000000001;1.0
Maldives ;"sptinc_p80p100_999_j_MV
Pre-tax national income 
P80-100 | share | all ages | equal split
";p80p100;1997;0.6938000000000001;1.0
Maldives ;"sptinc_p80p100_999_j_MV
Pre-tax national income 
P80-100 | share | all ages | equal split
";p80p100;1998;0.6938000000000001;1.0
Maldives ;"sptinc_p80p100_999_j_MV
Pre-tax national income 
P80-100 | share | all ages | equal split
";p80p100;1999;0.6938000000000001;1.0
Maldives ;"sptinc_p80p100_999_j_MV
Pre-tax national income 
P80-100 | share | all ages | equal split
";p80p100;2000;0.6938000000000001;1.0
Maldives ;"sptinc_p80p100_999_j_MV
Pre-tax national income 
P80-100 | share | all ages | equal split
";p80p100;2001;0.6938000000000001;1.0
Maldives ;"sptinc_p80p100_999_j_MV
Pre-tax national income 
P80-100 | share | all ages | equal split
";p80p100;2002;0.6938000000000001;3.0
Maldives ;"sptinc_p80p100_999_j_MV
Pre-tax national income 
P80-100 | share | all ages | equal split
";p80p100;2003;0.6834;2.0
Maldives ;"sptinc_p80p100_999_j_MV
Pre-tax national income 
P80-100 | share | all ages | equal split
";p80p100;2004;0.6721;2.0
Maldives ;"sptinc_p80p100_999_j_MV
Pre-tax national income 
P80-100 | share | all ages | equal split
";p80p100;2005;0.6607000000000001;2.0
Maldives ;"sptinc_p80p100_999_j_MV
Pre-tax national income 
P80-100 | share | all ages | equal split
";p80p100;2006;0.6496000000000001;2.0
Maldives ;"sptinc_p80p100_999_j_MV
Pre-tax national income 
P80-100 | share | all ages | equal split
";p80p100;2007;0.6388;2.0
Maldives ;"sptinc_p80p100_999_j_MV
Pre-tax national income 
P80-100 | share | all ages | equal split
";p80p100;2008;0.6226;2.0
Maldives ;"sptinc_p80p100_999_j_MV
Pre-tax national income 
P80-100 | share | all ages | equal split
";p80p100;2009;0.6085;3.0
Maldives ;"sptinc_p80p100_999_j_MV
Pre-tax national income 
P80-100 | share | all ages | equal split
";p80p100;2010;0.6029;2.0
Maldives ;"sptinc_p80p100_999_j_MV
Pre-tax national income 
P80-100 | share | all ages | equal split
";p80p100;2011;0.5915;2.0
Maldives ;"sptinc_p80p100_999_j_MV
Pre-tax national income 
P80-100 | share | all ages | equal split
";p80p100;2012;0.5823;2.0
Maldives ;"sptinc_p80p100_999_j_MV
Pre-tax national income 
P80-100 | share | all ages | equal split
";p80p100;2013;0.5731;2.0
Maldives ;"sptinc_p80p100_999_j_MV
Pre-tax national income 
P80-100 | share | all ages | equal split
";p80p100;2014;0.5632;2.0
Maldives ;"sptinc_p80p100_999_j_MV
Pre-tax national income 
P80-100 | share | all ages | equal split
";p80p100;2015;0.5519000000000001;2.0
Maldives ;"sptinc_p80p100_999_j_MV
Pre-tax national income 
P80-100 | share | all ages | equal split
";p80p100;2016;0.5438000000000001;3.0
Maldives ;"sptinc_p80p100_999_j_MV
Pre-tax national income 
P80-100 | share | all ages | equal split
";p80p100;2017;0.544;1.0
Maldives ;"sptinc_p80p100_999_j_MV
Pre-tax national income 
P80-100 | share | all ages | equal split
";p80p100;2018;0.544;1.0
Maldives ;"sptinc_p80p100_999_j_MV
Pre-tax national income 
P80-100 | share | all ages | equal split
";p80p100;2019;0.544;1.0
Maldives ;"sptinc_p80p100_999_j_MV
Pre-tax national income 
P80-100 | share | all ages | equal split
";p80p100;2020;0.544;1.0
Maldives ;"sptinc_p80p100_999_j_MV
Pre-tax national income 
P80-100 | share | all ages | equal split
";p80p100;2021;0.544;1.0
Maldives ;"sptinc_p80p100_999_j_MV
Pre-tax national income 
P80-100 | share | all ages | equal split
";p80p100;2022;0.544;1.0
Maldives ;"sptinc_p80p100_999_j_MV
Pre-tax national income 
P80-100 | share | all ages | equal split
";p80p100;2023;0.544;1.0
Maldives ;"sptinc_p80p100_999_j_MV
Pre-tax national income 
P80-100 | share | all ages | equal split
";p80p100;2024;0.544;1.0
Mali ;"sptinc_p80p100_999_j_ML
Pre-tax national income 
P80-100 | share | all ages | equal split
";p80p100;1940;0.6925;0.0
Mali ;"sptinc_p80p100_999_j_ML
Pre-tax national income 
P80-100 | share | all ages | equal split
";p80p100;1941;;
Mali ;"sptinc_p80p100_999_j_ML
Pre-tax national income 
P80-100 | share | all ages | equal split
";p80p100;1942;;
Mali ;"sptinc_p80p100_999_j_ML
Pre-tax national income 
P80-100 | share | all ages | equal split
";p80p100;1943;;
Mali ;"sptinc_p80p100_999_j_ML
Pre-tax national income 
P80-100 | share | all ages | equal split
";p80p100;1944;;
Mali ;"sptinc_p80p100_999_j_ML
Pre-tax national income 
P80-100 | share | all ages | equal split
";p80p100;1945;;
Mali ;"sptinc_p80p100_999_j_ML
Pre-tax national income 
P80-100 | share | all ages | equal split
";p80p100;1946;;
Mali ;"sptinc_p80p100_999_j_ML
Pre-tax national income 
P80-100 | share | all ages | equal split
";p80p100;1947;;
Mali ;"sptinc_p80p100_999_j_ML
Pre-tax national income 
P80-100 | share | all ages | equal split
";p80p100;1948;;
Mali ;"sptinc_p80p100_999_j_ML
Pre-tax national income 
P80-100 | share | all ages | equal split
";p80p100;1949;;
Mali ;"sptinc_p80p100_999_j_ML
Pre-tax national income 
P80-100 | share | all ages | equal split
";p80p100;1950;0.6964;0.0
Mali ;"sptinc_p80p100_999_j_ML
Pre-tax national income 
P80-100 | share | all ages | equal split
";p80p100;1951;;
Mali ;"sptinc_p80p100_999_j_ML
Pre-tax national income 
P80-100 | share | all ages | equal split
";p80p100;1952;;
Mali ;"sptinc_p80p100_999_j_ML
Pre-tax national income 
P80-100 | share | all ages | equal split
";p80p100;1953;;
Mali ;"sptinc_p80p100_999_j_ML
Pre-tax national income 
P80-100 | share | all ages | equal split
";p80p100;1954;;
Mali ;"sptinc_p80p100_999_j_ML
Pre-tax national income 
P80-100 | share | all ages | equal split
";p80p100;1955;;
Mali ;"sptinc_p80p100_999_j_ML
Pre-tax national income 
P80-100 | share | all ages | equal split
";p80p100;1956;;
Mali ;"sptinc_p80p100_999_j_ML
Pre-tax national income 
P80-100 | share | all ages | equal split
";p80p100;1957;;
Mali ;"sptinc_p80p100_999_j_ML
Pre-tax national income 
P80-100 | share | all ages | equal split
";p80p100;1958;;
Mali ;"sptinc_p80p100_999_j_ML
Pre-tax national income 
P80-100 | share | all ages | equal split
";p80p100;1959;;
Mali ;"sptinc_p80p100_999_j_ML
Pre-tax national income 
P80-100 | share | all ages | equal split
";p80p100;1960;0.7368;0.0
Mali ;"sptinc_p80p100_999_j_ML
Pre-tax national income 
P80-100 | share | all ages | equal split
";p80p100;1961;;
Mali ;"sptinc_p80p100_999_j_ML
Pre-tax national income 
P80-100 | share | all ages | equal split
";p80p100;1962;;
Mali ;"sptinc_p80p100_999_j_ML
Pre-tax national income 
P80-100 | share | all ages | equal split
";p80p100;1963;;
Mali ;"sptinc_p80p100_999_j_ML
Pre-tax national income 
P80-100 | share | all ages | equal split
";p80p100;1964;;
Mali ;"sptinc_p80p100_999_j_ML
Pre-tax national income 
P80-100 | share | all ages | equal split
";p80p100;1965;;
Mali ;"sptinc_p80p100_999_j_ML
Pre-tax national income 
P80-100 | share | all ages | equal split
";p80p100;1966;;
Mali ;"sptinc_p80p100_999_j_ML
Pre-tax national income 
P80-100 | share | all ages | equal split
";p80p100;1967;;
Mali ;"sptinc_p80p100_999_j_ML
Pre-tax national income 
P80-100 | share | all ages | equal split
";p80p100;1968;;
Mali ;"sptinc_p80p100_999_j_ML
Pre-tax national income 
P80-100 | share | all ages | equal split
";p80p100;1969;;
Mali ;"sptinc_p80p100_999_j_ML
Pre-tax national income 
P80-100 | share | all ages | equal split
";p80p100;1970;0.7402000000000001;0.0
Mali ;"sptinc_p80p100_999_j_ML
Pre-tax national income 
P80-100 | share | all ages | equal split
";p80p100;1971;;
Mali ;"sptinc_p80p100_999_j_ML
Pre-tax national income 
P80-100 | share | all ages | equal split
";p80p100;1972;;
Mali ;"sptinc_p80p100_999_j_ML
Pre-tax national income 
P80-100 | share | all ages | equal split
";p80p100;1973;;
Mali ;"sptinc_p80p100_999_j_ML
Pre-tax national income 
P80-100 | share | all ages | equal split
";p80p100;1974;;
Mali ;"sptinc_p80p100_999_j_ML
Pre-tax national income 
P80-100 | share | all ages | equal split
";p80p100;1975;;
Mali ;"sptinc_p80p100_999_j_ML
Pre-tax national income 
P80-100 | share | all ages | equal split
";p80p100;1976;;
Mali ;"sptinc_p80p100_999_j_ML
Pre-tax national income 
P80-100 | share | all ages | equal split
";p80p100;1977;;
Mali ;"sptinc_p80p100_999_j_ML
Pre-tax national income 
P80-100 | share | all ages | equal split
";p80p100;1978;;
Mali ;"sptinc_p80p100_999_j_ML
Pre-tax national income 
P80-100 | share | all ages | equal split
";p80p100;1979;;
Mali ;"sptinc_p80p100_999_j_ML
Pre-tax national income 
P80-100 | share | all ages | equal split
";p80p100;1980;0.7199;1.0
Mali ;"sptinc_p80p100_999_j_ML
Pre-tax national income 
P80-100 | share | all ages | equal split
";p80p100;1981;0.7199;1.0
Mali ;"sptinc_p80p100_999_j_ML
Pre-tax national income 
P80-100 | share | all ages | equal split
";p80p100;1982;0.7199;1.0
Mali ;"sptinc_p80p100_999_j_ML
Pre-tax national income 
P80-100 | share | all ages | equal split
";p80p100;1983;0.7199;1.0
Mali ;"sptinc_p80p100_999_j_ML
Pre-tax national income 
P80-100 | share | all ages | equal split
";p80p100;1984;0.7199;1.0
Mali ;"sptinc_p80p100_999_j_ML
Pre-tax national income 
P80-100 | share | all ages | equal split
";p80p100;1985;0.7199;1.0
Mali ;"sptinc_p80p100_999_j_ML
Pre-tax national income 
P80-100 | share | all ages | equal split
";p80p100;1986;0.7199;1.0
Mali ;"sptinc_p80p100_999_j_ML
Pre-tax national income 
P80-100 | share | all ages | equal split
";p80p100;1987;0.7199;1.0
Mali ;"sptinc_p80p100_999_j_ML
Pre-tax national income 
P80-100 | share | all ages | equal split
";p80p100;1988;0.7199;1.0
Mali ;"sptinc_p80p100_999_j_ML
Pre-tax national income 
P80-100 | share | all ages | equal split
";p80p100;1989;0.7199;1.0
Mali ;"sptinc_p80p100_999_j_ML
Pre-tax national income 
P80-100 | share | all ages | equal split
";p80p100;1990;0.7199;1.0
Mali ;"sptinc_p80p100_999_j_ML
Pre-tax national income 
P80-100 | share | all ages | equal split
";p80p100;1991;0.7199;1.0
Mali ;"sptinc_p80p100_999_j_ML
Pre-tax national income 
P80-100 | share | all ages | equal split
";p80p100;1992;0.7199;1.0
Mali ;"sptinc_p80p100_999_j_ML
Pre-tax national income 
P80-100 | share | all ages | equal split
";p80p100;1993;0.7199;1.0
Mali ;"sptinc_p80p100_999_j_ML
Pre-tax national income 
P80-100 | share | all ages | equal split
";p80p100;1994;0.7199;3.0
Mali ;"sptinc_p80p100_999_j_ML
Pre-tax national income 
P80-100 | share | all ages | equal split
";p80p100;1995;0.7062;2.0
Mali ;"sptinc_p80p100_999_j_ML
Pre-tax national income 
P80-100 | share | all ages | equal split
";p80p100;1996;0.6925;2.0
Mali ;"sptinc_p80p100_999_j_ML
Pre-tax national income 
P80-100 | share | all ages | equal split
";p80p100;1997;0.6787000000000001;2.0
Mali ;"sptinc_p80p100_999_j_ML
Pre-tax national income 
P80-100 | share | all ages | equal split
";p80p100;1998;0.665;2.0
Mali ;"sptinc_p80p100_999_j_ML
Pre-tax national income 
P80-100 | share | all ages | equal split
";p80p100;1999;0.6512;2.0
Mali ;"sptinc_p80p100_999_j_ML
Pre-tax national income 
P80-100 | share | all ages | equal split
";p80p100;2000;0.6374000000000001;2.0
Mali ;"sptinc_p80p100_999_j_ML
Pre-tax national income 
P80-100 | share | all ages | equal split
";p80p100;2001;0.6236;3.0
Mali ;"sptinc_p80p100_999_j_ML
Pre-tax national income 
P80-100 | share | all ages | equal split
";p80p100;2002;0.623;2.0
Mali ;"sptinc_p80p100_999_j_ML
Pre-tax national income 
P80-100 | share | all ages | equal split
";p80p100;2003;0.6225;2.0
Mali ;"sptinc_p80p100_999_j_ML
Pre-tax national income 
P80-100 | share | all ages | equal split
";p80p100;2004;0.6219;2.0
Mali ;"sptinc_p80p100_999_j_ML
Pre-tax national income 
P80-100 | share | all ages | equal split
";p80p100;2005;0.6213000000000001;2.0
Mali ;"sptinc_p80p100_999_j_ML
Pre-tax national income 
P80-100 | share | all ages | equal split
";p80p100;2006;0.6207;3.0
Mali ;"sptinc_p80p100_999_j_ML
Pre-tax national income 
P80-100 | share | all ages | equal split
";p80p100;2007;0.6039;2.0
Mali ;"sptinc_p80p100_999_j_ML
Pre-tax national income 
P80-100 | share | all ages | equal split
";p80p100;2008;0.5871000000000001;2.0
Mali ;"sptinc_p80p100_999_j_ML
Pre-tax national income 
P80-100 | share | all ages | equal split
";p80p100;2009;0.5702;3.0
Mali ;"sptinc_p80p100_999_j_ML
Pre-tax national income 
P80-100 | share | all ages | equal split
";p80p100;2010;0.5735;2.0
Mali ;"sptinc_p80p100_999_j_ML
Pre-tax national income 
P80-100 | share | all ages | equal split
";p80p100;2011;0.5767;2.0
Mali ;"sptinc_p80p100_999_j_ML
Pre-tax national income 
P80-100 | share | all ages | equal split
";p80p100;2012;0.5800000000000001;2.0
Mali ;"sptinc_p80p100_999_j_ML
Pre-tax national income 
P80-100 | share | all ages | equal split
";p80p100;2013;0.5832;2.0
Mali ;"sptinc_p80p100_999_j_ML
Pre-tax national income 
P80-100 | share | all ages | equal split
";p80p100;2014;0.5865;2.0
Mali ;"sptinc_p80p100_999_j_ML
Pre-tax national income 
P80-100 | share | all ages | equal split
";p80p100;2015;0.5897;2.0
Mali ;"sptinc_p80p100_999_j_ML
Pre-tax national income 
P80-100 | share | all ages | equal split
";p80p100;2016;0.5930000000000001;2.0
Mali ;"sptinc_p80p100_999_j_ML
Pre-tax national income 
P80-100 | share | all ages | equal split
";p80p100;2017;0.5962000000000001;2.0
Mali ;"sptinc_p80p100_999_j_ML
Pre-tax national income 
P80-100 | share | all ages | equal split
";p80p100;2018;0.5995;3.0
Mali ;"sptinc_p80p100_999_j_ML
Pre-tax national income 
P80-100 | share | all ages | equal split
";p80p100;2019;0.6002000000000001;2.0
Mali ;"sptinc_p80p100_999_j_ML
Pre-tax national income 
P80-100 | share | all ages | equal split
";p80p100;2020;0.6009;2.0
Mali ;"sptinc_p80p100_999_j_ML
Pre-tax national income 
P80-100 | share | all ages | equal split
";p80p100;2021;0.6015;3.0
Mali ;"sptinc_p80p100_999_j_ML
Pre-tax national income 
P80-100 | share | all ages | equal split
";p80p100;2022;0.6015;1.0
Mali ;"sptinc_p80p100_999_j_ML
Pre-tax national income 
P80-100 | share | all ages | equal split
";p80p100;2023;0.6015;1.0
Mali ;"sptinc_p80p100_999_j_ML
Pre-tax national income 
P80-100 | share | all ages | equal split
";p80p100;2024;0.6015;1.0
Malta ;"sptinc_p80p100_999_j_MT
Pre-tax national income 
P80-100 | share | all ages | equal split
";p80p100;1940;;
Malta ;"sptinc_p80p100_999_j_MT
Pre-tax national income 
P80-100 | share | all ages | equal split
";p80p100;1941;;
Malta ;"sptinc_p80p100_999_j_MT
Pre-tax national income 
P80-100 | share | all ages | equal split
";p80p100;1942;;
Malta ;"sptinc_p80p100_999_j_MT
Pre-tax national income 
P80-100 | share | all ages | equal split
";p80p100;1943;;
Malta ;"sptinc_p80p100_999_j_MT
Pre-tax national income 
P80-100 | share | all ages | equal split
";p80p100;1944;;
Malta ;"sptinc_p80p100_999_j_MT
Pre-tax national income 
P80-100 | share | all ages | equal split
";p80p100;1945;;
Malta ;"sptinc_p80p100_999_j_MT
Pre-tax national income 
P80-100 | share | all ages | equal split
";p80p100;1946;;
Malta ;"sptinc_p80p100_999_j_MT
Pre-tax national income 
P80-100 | share | all ages | equal split
";p80p100;1947;;
Malta ;"sptinc_p80p100_999_j_MT
Pre-tax national income 
P80-100 | share | all ages | equal split
";p80p100;1948;;
Malta ;"sptinc_p80p100_999_j_MT
Pre-tax national income 
P80-100 | share | all ages | equal split
";p80p100;1949;;
Malta ;"sptinc_p80p100_999_j_MT
Pre-tax national income 
P80-100 | share | all ages | equal split
";p80p100;1950;;
Malta ;"sptinc_p80p100_999_j_MT
Pre-tax national income 
P80-100 | share | all ages | equal split
";p80p100;1951;;
Malta ;"sptinc_p80p100_999_j_MT
Pre-tax national income 
P80-100 | share | all ages | equal split
";p80p100;1952;;
Malta ;"sptinc_p80p100_999_j_MT
Pre-tax national income 
P80-100 | share | all ages | equal split
";p80p100;1953;;
Malta ;"sptinc_p80p100_999_j_MT
Pre-tax national income 
P80-100 | share | all ages | equal split
";p80p100;1954;;
Malta ;"sptinc_p80p100_999_j_MT
Pre-tax national income 
P80-100 | share | all ages | equal split
";p80p100;1955;;
Malta ;"sptinc_p80p100_999_j_MT
Pre-tax national income 
P80-100 | share | all ages | equal split
";p80p100;1956;;
Malta ;"sptinc_p80p100_999_j_MT
Pre-tax national income 
P80-100 | share | all ages | equal split
";p80p100;1957;;
Malta ;"sptinc_p80p100_999_j_MT
Pre-tax national income 
P80-100 | share | all ages | equal split
";p80p100;1958;;
Malta ;"sptinc_p80p100_999_j_MT
Pre-tax national income 
P80-100 | share | all ages | equal split
";p80p100;1959;;
Malta ;"sptinc_p80p100_999_j_MT
Pre-tax national income 
P80-100 | share | all ages | equal split
";p80p100;1960;;
Malta ;"sptinc_p80p100_999_j_MT
Pre-tax national income 
P80-100 | share | all ages | equal split
";p80p100;1961;;
Malta ;"sptinc_p80p100_999_j_MT
Pre-tax national income 
P80-100 | share | all ages | equal split
";p80p100;1962;;
Malta ;"sptinc_p80p100_999_j_MT
Pre-tax national income 
P80-100 | share | all ages | equal split
";p80p100;1963;;
Malta ;"sptinc_p80p100_999_j_MT
Pre-tax national income 
P80-100 | share | all ages | equal split
";p80p100;1964;;
Malta ;"sptinc_p80p100_999_j_MT
Pre-tax national income 
P80-100 | share | all ages | equal split
";p80p100;1965;;
Malta ;"sptinc_p80p100_999_j_MT
Pre-tax national income 
P80-100 | share | all ages | equal split
";p80p100;1966;;
Malta ;"sptinc_p80p100_999_j_MT
Pre-tax national income 
P80-100 | share | all ages | equal split
";p80p100;1967;;
Malta ;"sptinc_p80p100_999_j_MT
Pre-tax national income 
P80-100 | share | all ages | equal split
";p80p100;1968;;
Malta ;"sptinc_p80p100_999_j_MT
Pre-tax national income 
P80-100 | share | all ages | equal split
";p80p100;1969;;
Malta ;"sptinc_p80p100_999_j_MT
Pre-tax national income 
P80-100 | share | all ages | equal split
";p80p100;1970;;
Malta ;"sptinc_p80p100_999_j_MT
Pre-tax national income 
P80-100 | share | all ages | equal split
";p80p100;1971;;
Malta ;"sptinc_p80p100_999_j_MT
Pre-tax national income 
P80-100 | share | all ages | equal split
";p80p100;1972;;
Malta ;"sptinc_p80p100_999_j_MT
Pre-tax national income 
P80-100 | share | all ages | equal split
";p80p100;1973;;
Malta ;"sptinc_p80p100_999_j_MT
Pre-tax national income 
P80-100 | share | all ages | equal split
";p80p100;1974;;
Malta ;"sptinc_p80p100_999_j_MT
Pre-tax national income 
P80-100 | share | all ages | equal split
";p80p100;1975;;
Malta ;"sptinc_p80p100_999_j_MT
Pre-tax national income 
P80-100 | share | all ages | equal split
";p80p100;1976;;
Malta ;"sptinc_p80p100_999_j_MT
Pre-tax national income 
P80-100 | share | all ages | equal split
";p80p100;1977;;
Malta ;"sptinc_p80p100_999_j_MT
Pre-tax national income 
P80-100 | share | all ages | equal split
";p80p100;1978;;
Malta ;"sptinc_p80p100_999_j_MT
Pre-tax national income 
P80-100 | share | all ages | equal split
";p80p100;1979;;
Malta ;"sptinc_p80p100_999_j_MT
Pre-tax national income 
P80-100 | share | all ages | equal split
";p80p100;1980;0.4651;1.0
Malta ;"sptinc_p80p100_999_j_MT
Pre-tax national income 
P80-100 | share | all ages | equal split
";p80p100;1981;0.4647;1.0
Malta ;"sptinc_p80p100_999_j_MT
Pre-tax national income 
P80-100 | share | all ages | equal split
";p80p100;1982;0.4645;1.0
Malta ;"sptinc_p80p100_999_j_MT
Pre-tax national income 
P80-100 | share | all ages | equal split
";p80p100;1983;0.4641;1.0
Malta ;"sptinc_p80p100_999_j_MT
Pre-tax national income 
P80-100 | share | all ages | equal split
";p80p100;1984;0.4649;1.0
Malta ;"sptinc_p80p100_999_j_MT
Pre-tax national income 
P80-100 | share | all ages | equal split
";p80p100;1985;0.4653;1.0
Malta ;"sptinc_p80p100_999_j_MT
Pre-tax national income 
P80-100 | share | all ages | equal split
";p80p100;1986;0.467;1.0
Malta ;"sptinc_p80p100_999_j_MT
Pre-tax national income 
P80-100 | share | all ages | equal split
";p80p100;1987;0.4668;1.0
Malta ;"sptinc_p80p100_999_j_MT
Pre-tax national income 
P80-100 | share | all ages | equal split
";p80p100;1988;0.4673;1.0
Malta ;"sptinc_p80p100_999_j_MT
Pre-tax national income 
P80-100 | share | all ages | equal split
";p80p100;1989;0.4677;1.0
Malta ;"sptinc_p80p100_999_j_MT
Pre-tax national income 
P80-100 | share | all ages | equal split
";p80p100;1990;0.4669;1.0
Malta ;"sptinc_p80p100_999_j_MT
Pre-tax national income 
P80-100 | share | all ages | equal split
";p80p100;1991;0.4667;1.0
Malta ;"sptinc_p80p100_999_j_MT
Pre-tax national income 
P80-100 | share | all ages | equal split
";p80p100;1992;0.4661;1.0
Malta ;"sptinc_p80p100_999_j_MT
Pre-tax national income 
P80-100 | share | all ages | equal split
";p80p100;1993;0.4664;1.0
Malta ;"sptinc_p80p100_999_j_MT
Pre-tax national income 
P80-100 | share | all ages | equal split
";p80p100;1994;0.4675;1.0
Malta ;"sptinc_p80p100_999_j_MT
Pre-tax national income 
P80-100 | share | all ages | equal split
";p80p100;1995;0.4689;1.0
Malta ;"sptinc_p80p100_999_j_MT
Pre-tax national income 
P80-100 | share | all ages | equal split
";p80p100;1996;0.4671;1.0
Malta ;"sptinc_p80p100_999_j_MT
Pre-tax national income 
P80-100 | share | all ages | equal split
";p80p100;1997;0.468;1.0
Malta ;"sptinc_p80p100_999_j_MT
Pre-tax national income 
P80-100 | share | all ages | equal split
";p80p100;1998;0.4749;1.0
Malta ;"sptinc_p80p100_999_j_MT
Pre-tax national income 
P80-100 | share | all ages | equal split
";p80p100;1999;0.47;1.0
Malta ;"sptinc_p80p100_999_j_MT
Pre-tax national income 
P80-100 | share | all ages | equal split
";p80p100;2000;0.4661;1.0
Malta ;"sptinc_p80p100_999_j_MT
Pre-tax national income 
P80-100 | share | all ages | equal split
";p80p100;2001;0.4679;1.0
Malta ;"sptinc_p80p100_999_j_MT
Pre-tax national income 
P80-100 | share | all ages | equal split
";p80p100;2002;0.4684;1.0
Malta ;"sptinc_p80p100_999_j_MT
Pre-tax national income 
P80-100 | share | all ages | equal split
";p80p100;2003;0.4669;1.0
Malta ;"sptinc_p80p100_999_j_MT
Pre-tax national income 
P80-100 | share | all ages | equal split
";p80p100;2004;0.4622;1.0
Malta ;"sptinc_p80p100_999_j_MT
Pre-tax national income 
P80-100 | share | all ages | equal split
";p80p100;2005;0.4609;1.0
Malta ;"sptinc_p80p100_999_j_MT
Pre-tax national income 
P80-100 | share | all ages | equal split
";p80p100;2006;0.4614;3.0
Malta ;"sptinc_p80p100_999_j_MT
Pre-tax national income 
P80-100 | share | all ages | equal split
";p80p100;2007;0.4682;3.0
Malta ;"sptinc_p80p100_999_j_MT
Pre-tax national income 
P80-100 | share | all ages | equal split
";p80p100;2008;0.4687;3.0
Malta ;"sptinc_p80p100_999_j_MT
Pre-tax national income 
P80-100 | share | all ages | equal split
";p80p100;2009;0.4796;3.0
Malta ;"sptinc_p80p100_999_j_MT
Pre-tax national income 
P80-100 | share | all ages | equal split
";p80p100;2010;0.4697;3.0
Malta ;"sptinc_p80p100_999_j_MT
Pre-tax national income 
P80-100 | share | all ages | equal split
";p80p100;2011;0.4805;3.0
Malta ;"sptinc_p80p100_999_j_MT
Pre-tax national income 
P80-100 | share | all ages | equal split
";p80p100;2012;0.4874;3.0
Malta ;"sptinc_p80p100_999_j_MT
Pre-tax national income 
P80-100 | share | all ages | equal split
";p80p100;2013;0.4902;3.0
Malta ;"sptinc_p80p100_999_j_MT
Pre-tax national income 
P80-100 | share | all ages | equal split
";p80p100;2014;0.4952;3.0
Malta ;"sptinc_p80p100_999_j_MT
Pre-tax national income 
P80-100 | share | all ages | equal split
";p80p100;2015;0.5041;3.0
Malta ;"sptinc_p80p100_999_j_MT
Pre-tax national income 
P80-100 | share | all ages | equal split
";p80p100;2016;0.4937;3.0
Malta ;"sptinc_p80p100_999_j_MT
Pre-tax national income 
P80-100 | share | all ages | equal split
";p80p100;2017;0.4998;3.0
Malta ;"sptinc_p80p100_999_j_MT
Pre-tax national income 
P80-100 | share | all ages | equal split
";p80p100;2018;0.4874;3.0
Malta ;"sptinc_p80p100_999_j_MT
Pre-tax national income 
P80-100 | share | all ages | equal split
";p80p100;2019;0.5093;3.0
Malta ;"sptinc_p80p100_999_j_MT
Pre-tax national income 
P80-100 | share | all ages | equal split
";p80p100;2020;0.5093;3.0
Malta ;"sptinc_p80p100_999_j_MT
Pre-tax national income 
P80-100 | share | all ages | equal split
";p80p100;2021;0.5107;3.0
Malta ;"sptinc_p80p100_999_j_MT
Pre-tax national income 
P80-100 | share | all ages | equal split
";p80p100;2022;0.5106;3.0
Malta ;"sptinc_p80p100_999_j_MT
Pre-tax national income 
P80-100 | share | all ages | equal split
";p80p100;2023;0.5101;3.0
Malta ;"sptinc_p80p100_999_j_MT
Pre-tax national income 
P80-100 | share | all ages | equal split
";p80p100;2024;0.5101;1.0
Marshall Islands ;"sptinc_p80p100_999_j_MH
Pre-tax national income 
P80-100 | share | all ages | equal split
";p80p100;1940;;
Marshall Islands ;"sptinc_p80p100_999_j_MH
Pre-tax national income 
P80-100 | share | all ages | equal split
";p80p100;1941;;
Marshall Islands ;"sptinc_p80p100_999_j_MH
Pre-tax national income 
P80-100 | share | all ages | equal split
";p80p100;1942;;
Marshall Islands ;"sptinc_p80p100_999_j_MH
Pre-tax national income 
P80-100 | share | all ages | equal split
";p80p100;1943;;
Marshall Islands ;"sptinc_p80p100_999_j_MH
Pre-tax national income 
P80-100 | share | all ages | equal split
";p80p100;1944;;
Marshall Islands ;"sptinc_p80p100_999_j_MH
Pre-tax national income 
P80-100 | share | all ages | equal split
";p80p100;1945;;
Marshall Islands ;"sptinc_p80p100_999_j_MH
Pre-tax national income 
P80-100 | share | all ages | equal split
";p80p100;1946;;
Marshall Islands ;"sptinc_p80p100_999_j_MH
Pre-tax national income 
P80-100 | share | all ages | equal split
";p80p100;1947;;
Marshall Islands ;"sptinc_p80p100_999_j_MH
Pre-tax national income 
P80-100 | share | all ages | equal split
";p80p100;1948;;
Marshall Islands ;"sptinc_p80p100_999_j_MH
Pre-tax national income 
P80-100 | share | all ages | equal split
";p80p100;1949;;
Marshall Islands ;"sptinc_p80p100_999_j_MH
Pre-tax national income 
P80-100 | share | all ages | equal split
";p80p100;1950;;
Marshall Islands ;"sptinc_p80p100_999_j_MH
Pre-tax national income 
P80-100 | share | all ages | equal split
";p80p100;1951;;
Marshall Islands ;"sptinc_p80p100_999_j_MH
Pre-tax national income 
P80-100 | share | all ages | equal split
";p80p100;1952;;
Marshall Islands ;"sptinc_p80p100_999_j_MH
Pre-tax national income 
P80-100 | share | all ages | equal split
";p80p100;1953;;
Marshall Islands ;"sptinc_p80p100_999_j_MH
Pre-tax national income 
P80-100 | share | all ages | equal split
";p80p100;1954;;
Marshall Islands ;"sptinc_p80p100_999_j_MH
Pre-tax national income 
P80-100 | share | all ages | equal split
";p80p100;1955;;
Marshall Islands ;"sptinc_p80p100_999_j_MH
Pre-tax national income 
P80-100 | share | all ages | equal split
";p80p100;1956;;
Marshall Islands ;"sptinc_p80p100_999_j_MH
Pre-tax national income 
P80-100 | share | all ages | equal split
";p80p100;1957;;
Marshall Islands ;"sptinc_p80p100_999_j_MH
Pre-tax national income 
P80-100 | share | all ages | equal split
";p80p100;1958;;
Marshall Islands ;"sptinc_p80p100_999_j_MH
Pre-tax national income 
P80-100 | share | all ages | equal split
";p80p100;1959;;
Marshall Islands ;"sptinc_p80p100_999_j_MH
Pre-tax national income 
P80-100 | share | all ages | equal split
";p80p100;1960;;
Marshall Islands ;"sptinc_p80p100_999_j_MH
Pre-tax national income 
P80-100 | share | all ages | equal split
";p80p100;1961;;
Marshall Islands ;"sptinc_p80p100_999_j_MH
Pre-tax national income 
P80-100 | share | all ages | equal split
";p80p100;1962;;
Marshall Islands ;"sptinc_p80p100_999_j_MH
Pre-tax national income 
P80-100 | share | all ages | equal split
";p80p100;1963;;
Marshall Islands ;"sptinc_p80p100_999_j_MH
Pre-tax national income 
P80-100 | share | all ages | equal split
";p80p100;1964;;
Marshall Islands ;"sptinc_p80p100_999_j_MH
Pre-tax national income 
P80-100 | share | all ages | equal split
";p80p100;1965;;
Marshall Islands ;"sptinc_p80p100_999_j_MH
Pre-tax national income 
P80-100 | share | all ages | equal split
";p80p100;1966;;
Marshall Islands ;"sptinc_p80p100_999_j_MH
Pre-tax national income 
P80-100 | share | all ages | equal split
";p80p100;1967;;
Marshall Islands ;"sptinc_p80p100_999_j_MH
Pre-tax national income 
P80-100 | share | all ages | equal split
";p80p100;1968;;
Marshall Islands ;"sptinc_p80p100_999_j_MH
Pre-tax national income 
P80-100 | share | all ages | equal split
";p80p100;1969;;
Marshall Islands ;"sptinc_p80p100_999_j_MH
Pre-tax national income 
P80-100 | share | all ages | equal split
";p80p100;1970;;
Marshall Islands ;"sptinc_p80p100_999_j_MH
Pre-tax national income 
P80-100 | share | all ages | equal split
";p80p100;1971;;
Marshall Islands ;"sptinc_p80p100_999_j_MH
Pre-tax national income 
P80-100 | share | all ages | equal split
";p80p100;1972;;
Marshall Islands ;"sptinc_p80p100_999_j_MH
Pre-tax national income 
P80-100 | share | all ages | equal split
";p80p100;1973;;
Marshall Islands ;"sptinc_p80p100_999_j_MH
Pre-tax national income 
P80-100 | share | all ages | equal split
";p80p100;1974;;
Marshall Islands ;"sptinc_p80p100_999_j_MH
Pre-tax national income 
P80-100 | share | all ages | equal split
";p80p100;1975;;
Marshall Islands ;"sptinc_p80p100_999_j_MH
Pre-tax national income 
P80-100 | share | all ages | equal split
";p80p100;1976;;
Marshall Islands ;"sptinc_p80p100_999_j_MH
Pre-tax national income 
P80-100 | share | all ages | equal split
";p80p100;1977;;
Marshall Islands ;"sptinc_p80p100_999_j_MH
Pre-tax national income 
P80-100 | share | all ages | equal split
";p80p100;1978;;
Marshall Islands ;"sptinc_p80p100_999_j_MH
Pre-tax national income 
P80-100 | share | all ages | equal split
";p80p100;1979;;
Marshall Islands ;"sptinc_p80p100_999_j_MH
Pre-tax national income 
P80-100 | share | all ages | equal split
";p80p100;1980;0.4749;0.0
Marshall Islands ;"sptinc_p80p100_999_j_MH
Pre-tax national income 
P80-100 | share | all ages | equal split
";p80p100;1981;0.4755;0.0
Marshall Islands ;"sptinc_p80p100_999_j_MH
Pre-tax national income 
P80-100 | share | all ages | equal split
";p80p100;1982;0.4762;0.0
Marshall Islands ;"sptinc_p80p100_999_j_MH
Pre-tax national income 
P80-100 | share | all ages | equal split
";p80p100;1983;0.4769;0.0
Marshall Islands ;"sptinc_p80p100_999_j_MH
Pre-tax national income 
P80-100 | share | all ages | equal split
";p80p100;1984;0.4776;0.0
Marshall Islands ;"sptinc_p80p100_999_j_MH
Pre-tax national income 
P80-100 | share | all ages | equal split
";p80p100;1985;0.4783;0.0
Marshall Islands ;"sptinc_p80p100_999_j_MH
Pre-tax national income 
P80-100 | share | all ages | equal split
";p80p100;1986;0.4791;0.0
Marshall Islands ;"sptinc_p80p100_999_j_MH
Pre-tax national income 
P80-100 | share | all ages | equal split
";p80p100;1987;0.4798;0.0
Marshall Islands ;"sptinc_p80p100_999_j_MH
Pre-tax national income 
P80-100 | share | all ages | equal split
";p80p100;1988;0.4806;0.0
Marshall Islands ;"sptinc_p80p100_999_j_MH
Pre-tax national income 
P80-100 | share | all ages | equal split
";p80p100;1989;0.4813;0.0
Marshall Islands ;"sptinc_p80p100_999_j_MH
Pre-tax national income 
P80-100 | share | all ages | equal split
";p80p100;1990;0.4821;0.0
Marshall Islands ;"sptinc_p80p100_999_j_MH
Pre-tax national income 
P80-100 | share | all ages | equal split
";p80p100;1991;0.4838;0.0
Marshall Islands ;"sptinc_p80p100_999_j_MH
Pre-tax national income 
P80-100 | share | all ages | equal split
";p80p100;1992;0.4854;0.0
Marshall Islands ;"sptinc_p80p100_999_j_MH
Pre-tax national income 
P80-100 | share | all ages | equal split
";p80p100;1993;0.4869;0.0
Marshall Islands ;"sptinc_p80p100_999_j_MH
Pre-tax national income 
P80-100 | share | all ages | equal split
";p80p100;1994;0.4885;0.0
Marshall Islands ;"sptinc_p80p100_999_j_MH
Pre-tax national income 
P80-100 | share | all ages | equal split
";p80p100;1995;0.4899;0.0
Marshall Islands ;"sptinc_p80p100_999_j_MH
Pre-tax national income 
P80-100 | share | all ages | equal split
";p80p100;1996;0.4913;0.0
Marshall Islands ;"sptinc_p80p100_999_j_MH
Pre-tax national income 
P80-100 | share | all ages | equal split
";p80p100;1997;0.4927;0.0
Marshall Islands ;"sptinc_p80p100_999_j_MH
Pre-tax national income 
P80-100 | share | all ages | equal split
";p80p100;1998;0.4940000000000001;0.0
Marshall Islands ;"sptinc_p80p100_999_j_MH
Pre-tax national income 
P80-100 | share | all ages | equal split
";p80p100;1999;0.4953;0.0
Marshall Islands ;"sptinc_p80p100_999_j_MH
Pre-tax national income 
P80-100 | share | all ages | equal split
";p80p100;2000;0.4966;0.0
Marshall Islands ;"sptinc_p80p100_999_j_MH
Pre-tax national income 
P80-100 | share | all ages | equal split
";p80p100;2001;0.5054000000000001;0.0
Marshall Islands ;"sptinc_p80p100_999_j_MH
Pre-tax national income 
P80-100 | share | all ages | equal split
";p80p100;2002;0.514;0.0
Marshall Islands ;"sptinc_p80p100_999_j_MH
Pre-tax national income 
P80-100 | share | all ages | equal split
";p80p100;2003;0.5224;0.0
Marshall Islands ;"sptinc_p80p100_999_j_MH
Pre-tax national income 
P80-100 | share | all ages | equal split
";p80p100;2004;0.5306000000000001;0.0
Marshall Islands ;"sptinc_p80p100_999_j_MH
Pre-tax national income 
P80-100 | share | all ages | equal split
";p80p100;2005;0.5386000000000001;0.0
Marshall Islands ;"sptinc_p80p100_999_j_MH
Pre-tax national income 
P80-100 | share | all ages | equal split
";p80p100;2006;0.5465;0.0
Marshall Islands ;"sptinc_p80p100_999_j_MH
Pre-tax national income 
P80-100 | share | all ages | equal split
";p80p100;2007;0.5541;0.0
Marshall Islands ;"sptinc_p80p100_999_j_MH
Pre-tax national income 
P80-100 | share | all ages | equal split
";p80p100;2008;0.5616;0.0
Marshall Islands ;"sptinc_p80p100_999_j_MH
Pre-tax national income 
P80-100 | share | all ages | equal split
";p80p100;2009;0.5689000000000001;0.0
Marshall Islands ;"sptinc_p80p100_999_j_MH
Pre-tax national income 
P80-100 | share | all ages | equal split
";p80p100;2010;0.5761000000000001;0.0
Marshall Islands ;"sptinc_p80p100_999_j_MH
Pre-tax national income 
P80-100 | share | all ages | equal split
";p80p100;2011;0.5782;0.0
Marshall Islands ;"sptinc_p80p100_999_j_MH
Pre-tax national income 
P80-100 | share | all ages | equal split
";p80p100;2012;0.5803;0.0
Marshall Islands ;"sptinc_p80p100_999_j_MH
Pre-tax national income 
P80-100 | share | all ages | equal split
";p80p100;2013;0.5822;0.0
Marshall Islands ;"sptinc_p80p100_999_j_MH
Pre-tax national income 
P80-100 | share | all ages | equal split
";p80p100;2014;0.5841000000000001;0.0
Marshall Islands ;"sptinc_p80p100_999_j_MH
Pre-tax national income 
P80-100 | share | all ages | equal split
";p80p100;2015;0.5859;0.0
Marshall Islands ;"sptinc_p80p100_999_j_MH
Pre-tax national income 
P80-100 | share | all ages | equal split
";p80p100;2016;0.5876;0.0
Marshall Islands ;"sptinc_p80p100_999_j_MH
Pre-tax national income 
P80-100 | share | all ages | equal split
";p80p100;2017;0.5892000000000001;0.0
Marshall Islands ;"sptinc_p80p100_999_j_MH
Pre-tax national income 
P80-100 | share | all ages | equal split
";p80p100;2018;0.5908;0.0
Marshall Islands ;"sptinc_p80p100_999_j_MH
Pre-tax national income 
P80-100 | share | all ages | equal split
";p80p100;2019;0.5923;0.0
Marshall Islands ;"sptinc_p80p100_999_j_MH
Pre-tax national income 
P80-100 | share | all ages | equal split
";p80p100;2020;0.5937;0.0
Marshall Islands ;"sptinc_p80p100_999_j_MH
Pre-tax national income 
P80-100 | share | all ages | equal split
";p80p100;2021;0.5937;0.0
Marshall Islands ;"sptinc_p80p100_999_j_MH
Pre-tax national income 
P80-100 | share | all ages | equal split
";p80p100;2022;0.5937;0.0
Marshall Islands ;"sptinc_p80p100_999_j_MH
Pre-tax national income 
P80-100 | share | all ages | equal split
";p80p100;2023;0.5937;0.0
Marshall Islands ;"sptinc_p80p100_999_j_MH
Pre-tax national income 
P80-100 | share | all ages | equal split
";p80p100;2024;0.5937;0.0
Mauritania ;"sptinc_p80p100_999_j_MR
Pre-tax national income 
P80-100 | share | all ages | equal split
";p80p100;1940;;
Mauritania ;"sptinc_p80p100_999_j_MR
Pre-tax national income 
P80-100 | share | all ages | equal split
";p80p100;1941;;
Mauritania ;"sptinc_p80p100_999_j_MR
Pre-tax national income 
P80-100 | share | all ages | equal split
";p80p100;1942;;
Mauritania ;"sptinc_p80p100_999_j_MR
Pre-tax national income 
P80-100 | share | all ages | equal split
";p80p100;1943;;
Mauritania ;"sptinc_p80p100_999_j_MR
Pre-tax national income 
P80-100 | share | all ages | equal split
";p80p100;1944;;
Mauritania ;"sptinc_p80p100_999_j_MR
Pre-tax national income 
P80-100 | share | all ages | equal split
";p80p100;1945;;
Mauritania ;"sptinc_p80p100_999_j_MR
Pre-tax national income 
P80-100 | share | all ages | equal split
";p80p100;1946;;
Mauritania ;"sptinc_p80p100_999_j_MR
Pre-tax national income 
P80-100 | share | all ages | equal split
";p80p100;1947;;
Mauritania ;"sptinc_p80p100_999_j_MR
Pre-tax national income 
P80-100 | share | all ages | equal split
";p80p100;1948;;
Mauritania ;"sptinc_p80p100_999_j_MR
Pre-tax national income 
P80-100 | share | all ages | equal split
";p80p100;1949;;
Mauritania ;"sptinc_p80p100_999_j_MR
Pre-tax national income 
P80-100 | share | all ages | equal split
";p80p100;1950;;
Mauritania ;"sptinc_p80p100_999_j_MR
Pre-tax national income 
P80-100 | share | all ages | equal split
";p80p100;1951;;
Mauritania ;"sptinc_p80p100_999_j_MR
Pre-tax national income 
P80-100 | share | all ages | equal split
";p80p100;1952;;
Mauritania ;"sptinc_p80p100_999_j_MR
Pre-tax national income 
P80-100 | share | all ages | equal split
";p80p100;1953;;
Mauritania ;"sptinc_p80p100_999_j_MR
Pre-tax national income 
P80-100 | share | all ages | equal split
";p80p100;1954;;
Mauritania ;"sptinc_p80p100_999_j_MR
Pre-tax national income 
P80-100 | share | all ages | equal split
";p80p100;1955;;
Mauritania ;"sptinc_p80p100_999_j_MR
Pre-tax national income 
P80-100 | share | all ages | equal split
";p80p100;1956;;
Mauritania ;"sptinc_p80p100_999_j_MR
Pre-tax national income 
P80-100 | share | all ages | equal split
";p80p100;1957;;
Mauritania ;"sptinc_p80p100_999_j_MR
Pre-tax national income 
P80-100 | share | all ages | equal split
";p80p100;1958;;
Mauritania ;"sptinc_p80p100_999_j_MR
Pre-tax national income 
P80-100 | share | all ages | equal split
";p80p100;1959;;
Mauritania ;"sptinc_p80p100_999_j_MR
Pre-tax national income 
P80-100 | share | all ages | equal split
";p80p100;1960;;
Mauritania ;"sptinc_p80p100_999_j_MR
Pre-tax national income 
P80-100 | share | all ages | equal split
";p80p100;1961;;
Mauritania ;"sptinc_p80p100_999_j_MR
Pre-tax national income 
P80-100 | share | all ages | equal split
";p80p100;1962;;
Mauritania ;"sptinc_p80p100_999_j_MR
Pre-tax national income 
P80-100 | share | all ages | equal split
";p80p100;1963;;
Mauritania ;"sptinc_p80p100_999_j_MR
Pre-tax national income 
P80-100 | share | all ages | equal split
";p80p100;1964;;
Mauritania ;"sptinc_p80p100_999_j_MR
Pre-tax national income 
P80-100 | share | all ages | equal split
";p80p100;1965;;
Mauritania ;"sptinc_p80p100_999_j_MR
Pre-tax national income 
P80-100 | share | all ages | equal split
";p80p100;1966;;
Mauritania ;"sptinc_p80p100_999_j_MR
Pre-tax national income 
P80-100 | share | all ages | equal split
";p80p100;1967;;
Mauritania ;"sptinc_p80p100_999_j_MR
Pre-tax national income 
P80-100 | share | all ages | equal split
";p80p100;1968;;
Mauritania ;"sptinc_p80p100_999_j_MR
Pre-tax national income 
P80-100 | share | all ages | equal split
";p80p100;1969;;
Mauritania ;"sptinc_p80p100_999_j_MR
Pre-tax national income 
P80-100 | share | all ages | equal split
";p80p100;1970;;
Mauritania ;"sptinc_p80p100_999_j_MR
Pre-tax national income 
P80-100 | share | all ages | equal split
";p80p100;1971;;
Mauritania ;"sptinc_p80p100_999_j_MR
Pre-tax national income 
P80-100 | share | all ages | equal split
";p80p100;1972;;
Mauritania ;"sptinc_p80p100_999_j_MR
Pre-tax national income 
P80-100 | share | all ages | equal split
";p80p100;1973;;
Mauritania ;"sptinc_p80p100_999_j_MR
Pre-tax national income 
P80-100 | share | all ages | equal split
";p80p100;1974;;
Mauritania ;"sptinc_p80p100_999_j_MR
Pre-tax national income 
P80-100 | share | all ages | equal split
";p80p100;1975;;
Mauritania ;"sptinc_p80p100_999_j_MR
Pre-tax national income 
P80-100 | share | all ages | equal split
";p80p100;1976;;
Mauritania ;"sptinc_p80p100_999_j_MR
Pre-tax national income 
P80-100 | share | all ages | equal split
";p80p100;1977;;
Mauritania ;"sptinc_p80p100_999_j_MR
Pre-tax national income 
P80-100 | share | all ages | equal split
";p80p100;1978;;
Mauritania ;"sptinc_p80p100_999_j_MR
Pre-tax national income 
P80-100 | share | all ages | equal split
";p80p100;1979;;
Mauritania ;"sptinc_p80p100_999_j_MR
Pre-tax national income 
P80-100 | share | all ages | equal split
";p80p100;1980;0.6356;1.0
Mauritania ;"sptinc_p80p100_999_j_MR
Pre-tax national income 
P80-100 | share | all ages | equal split
";p80p100;1981;0.6356;1.0
Mauritania ;"sptinc_p80p100_999_j_MR
Pre-tax national income 
P80-100 | share | all ages | equal split
";p80p100;1982;0.6356;1.0
Mauritania ;"sptinc_p80p100_999_j_MR
Pre-tax national income 
P80-100 | share | all ages | equal split
";p80p100;1983;0.6356;1.0
Mauritania ;"sptinc_p80p100_999_j_MR
Pre-tax national income 
P80-100 | share | all ages | equal split
";p80p100;1984;0.6356;1.0
Mauritania ;"sptinc_p80p100_999_j_MR
Pre-tax national income 
P80-100 | share | all ages | equal split
";p80p100;1985;0.6356;1.0
Mauritania ;"sptinc_p80p100_999_j_MR
Pre-tax national income 
P80-100 | share | all ages | equal split
";p80p100;1986;0.6356;1.0
Mauritania ;"sptinc_p80p100_999_j_MR
Pre-tax national income 
P80-100 | share | all ages | equal split
";p80p100;1987;0.6356;3.0
Mauritania ;"sptinc_p80p100_999_j_MR
Pre-tax national income 
P80-100 | share | all ages | equal split
";p80p100;1988;0.6514;2.0
Mauritania ;"sptinc_p80p100_999_j_MR
Pre-tax national income 
P80-100 | share | all ages | equal split
";p80p100;1989;0.6673;2.0
Mauritania ;"sptinc_p80p100_999_j_MR
Pre-tax national income 
P80-100 | share | all ages | equal split
";p80p100;1990;0.6831;2.0
Mauritania ;"sptinc_p80p100_999_j_MR
Pre-tax national income 
P80-100 | share | all ages | equal split
";p80p100;1991;0.6990000000000001;2.0
Mauritania ;"sptinc_p80p100_999_j_MR
Pre-tax national income 
P80-100 | share | all ages | equal split
";p80p100;1992;0.7149;2.0
Mauritania ;"sptinc_p80p100_999_j_MR
Pre-tax national income 
P80-100 | share | all ages | equal split
";p80p100;1993;0.7308;3.0
Mauritania ;"sptinc_p80p100_999_j_MR
Pre-tax national income 
P80-100 | share | all ages | equal split
";p80p100;1994;0.6666000000000001;2.0
Mauritania ;"sptinc_p80p100_999_j_MR
Pre-tax national income 
P80-100 | share | all ages | equal split
";p80p100;1995;0.6022000000000001;3.0
Mauritania ;"sptinc_p80p100_999_j_MR
Pre-tax national income 
P80-100 | share | all ages | equal split
";p80p100;1996;0.6041000000000001;2.0
Mauritania ;"sptinc_p80p100_999_j_MR
Pre-tax national income 
P80-100 | share | all ages | equal split
";p80p100;1997;0.606;2.0
Mauritania ;"sptinc_p80p100_999_j_MR
Pre-tax national income 
P80-100 | share | all ages | equal split
";p80p100;1998;0.6079;2.0
Mauritania ;"sptinc_p80p100_999_j_MR
Pre-tax national income 
P80-100 | share | all ages | equal split
";p80p100;1999;0.6098;2.0
Mauritania ;"sptinc_p80p100_999_j_MR
Pre-tax national income 
P80-100 | share | all ages | equal split
";p80p100;2000;0.6117;3.0
Mauritania ;"sptinc_p80p100_999_j_MR
Pre-tax national income 
P80-100 | share | all ages | equal split
";p80p100;2001;0.6195;2.0
Mauritania ;"sptinc_p80p100_999_j_MR
Pre-tax national income 
P80-100 | share | all ages | equal split
";p80p100;2002;0.6273000000000001;2.0
Mauritania ;"sptinc_p80p100_999_j_MR
Pre-tax national income 
P80-100 | share | all ages | equal split
";p80p100;2003;0.6351;2.0
Mauritania ;"sptinc_p80p100_999_j_MR
Pre-tax national income 
P80-100 | share | all ages | equal split
";p80p100;2004;0.6428;3.0
Mauritania ;"sptinc_p80p100_999_j_MR
Pre-tax national income 
P80-100 | share | all ages | equal split
";p80p100;2005;0.6261;2.0
Mauritania ;"sptinc_p80p100_999_j_MR
Pre-tax national income 
P80-100 | share | all ages | equal split
";p80p100;2006;0.6094;2.0
Mauritania ;"sptinc_p80p100_999_j_MR
Pre-tax national income 
P80-100 | share | all ages | equal split
";p80p100;2007;0.5926;2.0
Mauritania ;"sptinc_p80p100_999_j_MR
Pre-tax national income 
P80-100 | share | all ages | equal split
";p80p100;2008;0.5759000000000001;3.0
Mauritania ;"sptinc_p80p100_999_j_MR
Pre-tax national income 
P80-100 | share | all ages | equal split
";p80p100;2009;0.5730000000000001;2.0
Mauritania ;"sptinc_p80p100_999_j_MR
Pre-tax national income 
P80-100 | share | all ages | equal split
";p80p100;2010;0.5701;2.0
Mauritania ;"sptinc_p80p100_999_j_MR
Pre-tax national income 
P80-100 | share | all ages | equal split
";p80p100;2011;0.5672;2.0
Mauritania ;"sptinc_p80p100_999_j_MR
Pre-tax national income 
P80-100 | share | all ages | equal split
";p80p100;2012;0.5643;2.0
Mauritania ;"sptinc_p80p100_999_j_MR
Pre-tax national income 
P80-100 | share | all ages | equal split
";p80p100;2013;0.5614;2.0
Mauritania ;"sptinc_p80p100_999_j_MR
Pre-tax national income 
P80-100 | share | all ages | equal split
";p80p100;2014;0.5584;2.0
Mauritania ;"sptinc_p80p100_999_j_MR
Pre-tax national income 
P80-100 | share | all ages | equal split
";p80p100;2015;0.5579000000000001;2.0
Mauritania ;"sptinc_p80p100_999_j_MR
Pre-tax national income 
P80-100 | share | all ages | equal split
";p80p100;2016;0.5573;2.0
Mauritania ;"sptinc_p80p100_999_j_MR
Pre-tax national income 
P80-100 | share | all ages | equal split
";p80p100;2017;0.5567;2.0
Mauritania ;"sptinc_p80p100_999_j_MR
Pre-tax national income 
P80-100 | share | all ages | equal split
";p80p100;2018;0.5562;2.0
Mauritania ;"sptinc_p80p100_999_j_MR
Pre-tax national income 
P80-100 | share | all ages | equal split
";p80p100;2019;0.5556;3.0
Mauritania ;"sptinc_p80p100_999_j_MR
Pre-tax national income 
P80-100 | share | all ages | equal split
";p80p100;2020;0.5556;1.0
Mauritania ;"sptinc_p80p100_999_j_MR
Pre-tax national income 
P80-100 | share | all ages | equal split
";p80p100;2021;0.5556;2.0
Mauritania ;"sptinc_p80p100_999_j_MR
Pre-tax national income 
P80-100 | share | all ages | equal split
";p80p100;2022;0.5556;2.0
Mauritania ;"sptinc_p80p100_999_j_MR
Pre-tax national income 
P80-100 | share | all ages | equal split
";p80p100;2023;0.5556;2.0
Mauritania ;"sptinc_p80p100_999_j_MR
Pre-tax national income 
P80-100 | share | all ages | equal split
";p80p100;2024;0.5556;2.0
Mauritius ;"sptinc_p80p100_999_j_MU
Pre-tax national income 
P80-100 | share | all ages | equal split
";p80p100;1940;0.6925;3.0
Mauritius ;"sptinc_p80p100_999_j_MU
Pre-tax national income 
P80-100 | share | all ages | equal split
";p80p100;1941;0.6902;3.0
Mauritius ;"sptinc_p80p100_999_j_MU
Pre-tax national income 
P80-100 | share | all ages | equal split
";p80p100;1942;0.6931;3.0
Mauritius ;"sptinc_p80p100_999_j_MU
Pre-tax national income 
P80-100 | share | all ages | equal split
";p80p100;1943;0.6924;3.0
Mauritius ;"sptinc_p80p100_999_j_MU
Pre-tax national income 
P80-100 | share | all ages | equal split
";p80p100;1944;0.6955;3.0
Mauritius ;"sptinc_p80p100_999_j_MU
Pre-tax national income 
P80-100 | share | all ages | equal split
";p80p100;1945;0.6934;3.0
Mauritius ;"sptinc_p80p100_999_j_MU
Pre-tax national income 
P80-100 | share | all ages | equal split
";p80p100;1946;0.6889000000000001;3.0
Mauritius ;"sptinc_p80p100_999_j_MU
Pre-tax national income 
P80-100 | share | all ages | equal split
";p80p100;1947;0.6918000000000001;3.0
Mauritius ;"sptinc_p80p100_999_j_MU
Pre-tax national income 
P80-100 | share | all ages | equal split
";p80p100;1948;0.6939000000000001;3.0
Mauritius ;"sptinc_p80p100_999_j_MU
Pre-tax national income 
P80-100 | share | all ages | equal split
";p80p100;1949;0.6912;3.0
Mauritius ;"sptinc_p80p100_999_j_MU
Pre-tax national income 
P80-100 | share | all ages | equal split
";p80p100;1950;0.6964;3.0
Mauritius ;"sptinc_p80p100_999_j_MU
Pre-tax national income 
P80-100 | share | all ages | equal split
";p80p100;1951;0.6986;3.0
Mauritius ;"sptinc_p80p100_999_j_MU
Pre-tax national income 
P80-100 | share | all ages | equal split
";p80p100;1952;0.7043;3.0
Mauritius ;"sptinc_p80p100_999_j_MU
Pre-tax national income 
P80-100 | share | all ages | equal split
";p80p100;1953;0.7060000000000001;3.0
Mauritius ;"sptinc_p80p100_999_j_MU
Pre-tax national income 
P80-100 | share | all ages | equal split
";p80p100;1954;0.7102;3.0
Mauritius ;"sptinc_p80p100_999_j_MU
Pre-tax national income 
P80-100 | share | all ages | equal split
";p80p100;1955;0.7157;3.0
Mauritius ;"sptinc_p80p100_999_j_MU
Pre-tax national income 
P80-100 | share | all ages | equal split
";p80p100;1956;0.7175;3.0
Mauritius ;"sptinc_p80p100_999_j_MU
Pre-tax national income 
P80-100 | share | all ages | equal split
";p80p100;1957;0.7223;3.0
Mauritius ;"sptinc_p80p100_999_j_MU
Pre-tax national income 
P80-100 | share | all ages | equal split
";p80p100;1958;0.7273000000000001;3.0
Mauritius ;"sptinc_p80p100_999_j_MU
Pre-tax national income 
P80-100 | share | all ages | equal split
";p80p100;1959;0.7313000000000001;3.0
Mauritius ;"sptinc_p80p100_999_j_MU
Pre-tax national income 
P80-100 | share | all ages | equal split
";p80p100;1960;0.7368;3.0
Mauritius ;"sptinc_p80p100_999_j_MU
Pre-tax national income 
P80-100 | share | all ages | equal split
";p80p100;1961;0.7304;3.0
Mauritius ;"sptinc_p80p100_999_j_MU
Pre-tax national income 
P80-100 | share | all ages | equal split
";p80p100;1962;0.7225;3.0
Mauritius ;"sptinc_p80p100_999_j_MU
Pre-tax national income 
P80-100 | share | all ages | equal split
";p80p100;1963;0.7197;3.0
Mauritius ;"sptinc_p80p100_999_j_MU
Pre-tax national income 
P80-100 | share | all ages | equal split
";p80p100;1964;0.7105;3.0
Mauritius ;"sptinc_p80p100_999_j_MU
Pre-tax national income 
P80-100 | share | all ages | equal split
";p80p100;1965;0.7021000000000001;3.0
Mauritius ;"sptinc_p80p100_999_j_MU
Pre-tax national income 
P80-100 | share | all ages | equal split
";p80p100;1966;0.6964;3.0
Mauritius ;"sptinc_p80p100_999_j_MU
Pre-tax national income 
P80-100 | share | all ages | equal split
";p80p100;1967;0.6903;3.0
Mauritius ;"sptinc_p80p100_999_j_MU
Pre-tax national income 
P80-100 | share | all ages | equal split
";p80p100;1968;0.6812;3.0
Mauritius ;"sptinc_p80p100_999_j_MU
Pre-tax national income 
P80-100 | share | all ages | equal split
";p80p100;1969;0.678;3.0
Mauritius ;"sptinc_p80p100_999_j_MU
Pre-tax national income 
P80-100 | share | all ages | equal split
";p80p100;1970;0.6705;3.0
Mauritius ;"sptinc_p80p100_999_j_MU
Pre-tax national income 
P80-100 | share | all ages | equal split
";p80p100;1971;0.6614;3.0
Mauritius ;"sptinc_p80p100_999_j_MU
Pre-tax national income 
P80-100 | share | all ages | equal split
";p80p100;1972;0.6518;3.0
Mauritius ;"sptinc_p80p100_999_j_MU
Pre-tax national income 
P80-100 | share | all ages | equal split
";p80p100;1973;;
Mauritius ;"sptinc_p80p100_999_j_MU
Pre-tax national income 
P80-100 | share | all ages | equal split
";p80p100;1974;;
Mauritius ;"sptinc_p80p100_999_j_MU
Pre-tax national income 
P80-100 | share | all ages | equal split
";p80p100;1975;0.6315000000000001;3.0
Mauritius ;"sptinc_p80p100_999_j_MU
Pre-tax national income 
P80-100 | share | all ages | equal split
";p80p100;1976;0.6264000000000001;3.0
Mauritius ;"sptinc_p80p100_999_j_MU
Pre-tax national income 
P80-100 | share | all ages | equal split
";p80p100;1977;0.6166;3.0
Mauritius ;"sptinc_p80p100_999_j_MU
Pre-tax national income 
P80-100 | share | all ages | equal split
";p80p100;1978;0.6073000000000001;3.0
Mauritius ;"sptinc_p80p100_999_j_MU
Pre-tax national income 
P80-100 | share | all ages | equal split
";p80p100;1979;0.6008;3.0
Mauritius ;"sptinc_p80p100_999_j_MU
Pre-tax national income 
P80-100 | share | all ages | equal split
";p80p100;1980;0.6041000000000001;2.0
Mauritius ;"sptinc_p80p100_999_j_MU
Pre-tax national income 
P80-100 | share | all ages | equal split
";p80p100;1981;0.6041000000000001;1.0
Mauritius ;"sptinc_p80p100_999_j_MU
Pre-tax national income 
P80-100 | share | all ages | equal split
";p80p100;1982;0.6041000000000001;1.0
Mauritius ;"sptinc_p80p100_999_j_MU
Pre-tax national income 
P80-100 | share | all ages | equal split
";p80p100;1983;0.6041000000000001;1.0
Mauritius ;"sptinc_p80p100_999_j_MU
Pre-tax national income 
P80-100 | share | all ages | equal split
";p80p100;1984;0.6041000000000001;1.0
Mauritius ;"sptinc_p80p100_999_j_MU
Pre-tax national income 
P80-100 | share | all ages | equal split
";p80p100;1985;0.6041000000000001;1.0
Mauritius ;"sptinc_p80p100_999_j_MU
Pre-tax national income 
P80-100 | share | all ages | equal split
";p80p100;1986;0.6041000000000001;1.0
Mauritius ;"sptinc_p80p100_999_j_MU
Pre-tax national income 
P80-100 | share | all ages | equal split
";p80p100;1987;0.6041000000000001;1.0
Mauritius ;"sptinc_p80p100_999_j_MU
Pre-tax national income 
P80-100 | share | all ages | equal split
";p80p100;1988;0.6041000000000001;1.0
Mauritius ;"sptinc_p80p100_999_j_MU
Pre-tax national income 
P80-100 | share | all ages | equal split
";p80p100;1989;0.6041000000000001;1.0
Mauritius ;"sptinc_p80p100_999_j_MU
Pre-tax national income 
P80-100 | share | all ages | equal split
";p80p100;1990;0.6041000000000001;1.0
Mauritius ;"sptinc_p80p100_999_j_MU
Pre-tax national income 
P80-100 | share | all ages | equal split
";p80p100;1991;0.6041000000000001;1.0
Mauritius ;"sptinc_p80p100_999_j_MU
Pre-tax national income 
P80-100 | share | all ages | equal split
";p80p100;1992;0.6041000000000001;1.0
Mauritius ;"sptinc_p80p100_999_j_MU
Pre-tax national income 
P80-100 | share | all ages | equal split
";p80p100;1993;0.6041000000000001;1.0
Mauritius ;"sptinc_p80p100_999_j_MU
Pre-tax national income 
P80-100 | share | all ages | equal split
";p80p100;1994;0.6041000000000001;1.0
Mauritius ;"sptinc_p80p100_999_j_MU
Pre-tax national income 
P80-100 | share | all ages | equal split
";p80p100;1995;0.6041000000000001;1.0
Mauritius ;"sptinc_p80p100_999_j_MU
Pre-tax national income 
P80-100 | share | all ages | equal split
";p80p100;1996;0.6041000000000001;1.0
Mauritius ;"sptinc_p80p100_999_j_MU
Pre-tax national income 
P80-100 | share | all ages | equal split
";p80p100;1997;0.6041000000000001;1.0
Mauritius ;"sptinc_p80p100_999_j_MU
Pre-tax national income 
P80-100 | share | all ages | equal split
";p80p100;1998;0.6041000000000001;1.0
Mauritius ;"sptinc_p80p100_999_j_MU
Pre-tax national income 
P80-100 | share | all ages | equal split
";p80p100;1999;0.6041000000000001;1.0
Mauritius ;"sptinc_p80p100_999_j_MU
Pre-tax national income 
P80-100 | share | all ages | equal split
";p80p100;2000;0.6041000000000001;1.0
Mauritius ;"sptinc_p80p100_999_j_MU
Pre-tax national income 
P80-100 | share | all ages | equal split
";p80p100;2001;0.6041000000000001;1.0
Mauritius ;"sptinc_p80p100_999_j_MU
Pre-tax national income 
P80-100 | share | all ages | equal split
";p80p100;2002;0.6041000000000001;1.0
Mauritius ;"sptinc_p80p100_999_j_MU
Pre-tax national income 
P80-100 | share | all ages | equal split
";p80p100;2003;0.6041000000000001;1.0
Mauritius ;"sptinc_p80p100_999_j_MU
Pre-tax national income 
P80-100 | share | all ages | equal split
";p80p100;2004;0.6041000000000001;1.0
Mauritius ;"sptinc_p80p100_999_j_MU
Pre-tax national income 
P80-100 | share | all ages | equal split
";p80p100;2005;0.6041000000000001;1.0
Mauritius ;"sptinc_p80p100_999_j_MU
Pre-tax national income 
P80-100 | share | all ages | equal split
";p80p100;2006;0.6041000000000001;3.0
Mauritius ;"sptinc_p80p100_999_j_MU
Pre-tax national income 
P80-100 | share | all ages | equal split
";p80p100;2007;0.6089;2.0
Mauritius ;"sptinc_p80p100_999_j_MU
Pre-tax national income 
P80-100 | share | all ages | equal split
";p80p100;2008;0.6137;2.0
Mauritius ;"sptinc_p80p100_999_j_MU
Pre-tax national income 
P80-100 | share | all ages | equal split
";p80p100;2009;0.6186;2.0
Mauritius ;"sptinc_p80p100_999_j_MU
Pre-tax national income 
P80-100 | share | all ages | equal split
";p80p100;2010;0.6234000000000001;2.0
Mauritius ;"sptinc_p80p100_999_j_MU
Pre-tax national income 
P80-100 | share | all ages | equal split
";p80p100;2011;0.6283000000000001;2.0
Mauritius ;"sptinc_p80p100_999_j_MU
Pre-tax national income 
P80-100 | share | all ages | equal split
";p80p100;2012;0.6331;3.0
Mauritius ;"sptinc_p80p100_999_j_MU
Pre-tax national income 
P80-100 | share | all ages | equal split
";p80p100;2013;0.6295000000000001;2.0
Mauritius ;"sptinc_p80p100_999_j_MU
Pre-tax national income 
P80-100 | share | all ages | equal split
";p80p100;2014;0.6258;2.0
Mauritius ;"sptinc_p80p100_999_j_MU
Pre-tax national income 
P80-100 | share | all ages | equal split
";p80p100;2015;0.6222;2.0
Mauritius ;"sptinc_p80p100_999_j_MU
Pre-tax national income 
P80-100 | share | all ages | equal split
";p80p100;2016;0.6186;2.0
Mauritius ;"sptinc_p80p100_999_j_MU
Pre-tax national income 
P80-100 | share | all ages | equal split
";p80p100;2017;0.6149;3.0
Mauritius ;"sptinc_p80p100_999_j_MU
Pre-tax national income 
P80-100 | share | all ages | equal split
";p80p100;2018;0.6149;1.0
Mauritius ;"sptinc_p80p100_999_j_MU
Pre-tax national income 
P80-100 | share | all ages | equal split
";p80p100;2019;0.6149;1.0
Mauritius ;"sptinc_p80p100_999_j_MU
Pre-tax national income 
P80-100 | share | all ages | equal split
";p80p100;2020;0.6149;1.0
Mauritius ;"sptinc_p80p100_999_j_MU
Pre-tax national income 
P80-100 | share | all ages | equal split
";p80p100;2021;0.6149;1.0
Mauritius ;"sptinc_p80p100_999_j_MU
Pre-tax national income 
P80-100 | share | all ages | equal split
";p80p100;2022;0.6149;1.0
Mauritius ;"sptinc_p80p100_999_j_MU
Pre-tax national income 
P80-100 | share | all ages | equal split
";p80p100;2023;0.6149;1.0
Mauritius ;"sptinc_p80p100_999_j_MU
Pre-tax national income 
P80-100 | share | all ages | equal split
";p80p100;2024;0.6149;1.0
Mexico ;"sptinc_p80p100_999_j_MX
Pre-tax national income 
P80-100 | share | all ages | equal split
";p80p100;1940;0.6988000000000001;0.0
Mexico ;"sptinc_p80p100_999_j_MX
Pre-tax national income 
P80-100 | share | all ages | equal split
";p80p100;1941;;
Mexico ;"sptinc_p80p100_999_j_MX
Pre-tax national income 
P80-100 | share | all ages | equal split
";p80p100;1942;;
Mexico ;"sptinc_p80p100_999_j_MX
Pre-tax national income 
P80-100 | share | all ages | equal split
";p80p100;1943;;
Mexico ;"sptinc_p80p100_999_j_MX
Pre-tax national income 
P80-100 | share | all ages | equal split
";p80p100;1944;;
Mexico ;"sptinc_p80p100_999_j_MX
Pre-tax national income 
P80-100 | share | all ages | equal split
";p80p100;1945;;
Mexico ;"sptinc_p80p100_999_j_MX
Pre-tax national income 
P80-100 | share | all ages | equal split
";p80p100;1946;;
Mexico ;"sptinc_p80p100_999_j_MX
Pre-tax national income 
P80-100 | share | all ages | equal split
";p80p100;1947;;
Mexico ;"sptinc_p80p100_999_j_MX
Pre-tax national income 
P80-100 | share | all ages | equal split
";p80p100;1948;;
Mexico ;"sptinc_p80p100_999_j_MX
Pre-tax national income 
P80-100 | share | all ages | equal split
";p80p100;1949;;
Mexico ;"sptinc_p80p100_999_j_MX
Pre-tax national income 
P80-100 | share | all ages | equal split
";p80p100;1950;0.6903;0.0
Mexico ;"sptinc_p80p100_999_j_MX
Pre-tax national income 
P80-100 | share | all ages | equal split
";p80p100;1951;;
Mexico ;"sptinc_p80p100_999_j_MX
Pre-tax national income 
P80-100 | share | all ages | equal split
";p80p100;1952;;
Mexico ;"sptinc_p80p100_999_j_MX
Pre-tax national income 
P80-100 | share | all ages | equal split
";p80p100;1953;;
Mexico ;"sptinc_p80p100_999_j_MX
Pre-tax national income 
P80-100 | share | all ages | equal split
";p80p100;1954;;
Mexico ;"sptinc_p80p100_999_j_MX
Pre-tax national income 
P80-100 | share | all ages | equal split
";p80p100;1955;;
Mexico ;"sptinc_p80p100_999_j_MX
Pre-tax national income 
P80-100 | share | all ages | equal split
";p80p100;1956;;
Mexico ;"sptinc_p80p100_999_j_MX
Pre-tax national income 
P80-100 | share | all ages | equal split
";p80p100;1957;;
Mexico ;"sptinc_p80p100_999_j_MX
Pre-tax national income 
P80-100 | share | all ages | equal split
";p80p100;1958;;
Mexico ;"sptinc_p80p100_999_j_MX
Pre-tax national income 
P80-100 | share | all ages | equal split
";p80p100;1959;;
Mexico ;"sptinc_p80p100_999_j_MX
Pre-tax national income 
P80-100 | share | all ages | equal split
";p80p100;1960;0.6763;0.0
Mexico ;"sptinc_p80p100_999_j_MX
Pre-tax national income 
P80-100 | share | all ages | equal split
";p80p100;1961;;
Mexico ;"sptinc_p80p100_999_j_MX
Pre-tax national income 
P80-100 | share | all ages | equal split
";p80p100;1962;;
Mexico ;"sptinc_p80p100_999_j_MX
Pre-tax national income 
P80-100 | share | all ages | equal split
";p80p100;1963;;
Mexico ;"sptinc_p80p100_999_j_MX
Pre-tax national income 
P80-100 | share | all ages | equal split
";p80p100;1964;;
Mexico ;"sptinc_p80p100_999_j_MX
Pre-tax national income 
P80-100 | share | all ages | equal split
";p80p100;1965;;
Mexico ;"sptinc_p80p100_999_j_MX
Pre-tax national income 
P80-100 | share | all ages | equal split
";p80p100;1966;;
Mexico ;"sptinc_p80p100_999_j_MX
Pre-tax national income 
P80-100 | share | all ages | equal split
";p80p100;1967;;
Mexico ;"sptinc_p80p100_999_j_MX
Pre-tax national income 
P80-100 | share | all ages | equal split
";p80p100;1968;;
Mexico ;"sptinc_p80p100_999_j_MX
Pre-tax national income 
P80-100 | share | all ages | equal split
";p80p100;1969;;
Mexico ;"sptinc_p80p100_999_j_MX
Pre-tax national income 
P80-100 | share | all ages | equal split
";p80p100;1970;0.6784;0.0
Mexico ;"sptinc_p80p100_999_j_MX
Pre-tax national income 
P80-100 | share | all ages | equal split
";p80p100;1971;;
Mexico ;"sptinc_p80p100_999_j_MX
Pre-tax national income 
P80-100 | share | all ages | equal split
";p80p100;1972;;
Mexico ;"sptinc_p80p100_999_j_MX
Pre-tax national income 
P80-100 | share | all ages | equal split
";p80p100;1973;;
Mexico ;"sptinc_p80p100_999_j_MX
Pre-tax national income 
P80-100 | share | all ages | equal split
";p80p100;1974;;
Mexico ;"sptinc_p80p100_999_j_MX
Pre-tax national income 
P80-100 | share | all ages | equal split
";p80p100;1975;;
Mexico ;"sptinc_p80p100_999_j_MX
Pre-tax national income 
P80-100 | share | all ages | equal split
";p80p100;1976;;
Mexico ;"sptinc_p80p100_999_j_MX
Pre-tax national income 
P80-100 | share | all ages | equal split
";p80p100;1977;;
Mexico ;"sptinc_p80p100_999_j_MX
Pre-tax national income 
P80-100 | share | all ages | equal split
";p80p100;1978;;
Mexico ;"sptinc_p80p100_999_j_MX
Pre-tax national income 
P80-100 | share | all ages | equal split
";p80p100;1979;;
Mexico ;"sptinc_p80p100_999_j_MX
Pre-tax national income 
P80-100 | share | all ages | equal split
";p80p100;1980;0.7309;1.0
Mexico ;"sptinc_p80p100_999_j_MX
Pre-tax national income 
P80-100 | share | all ages | equal split
";p80p100;1981;0.7309;1.0
Mexico ;"sptinc_p80p100_999_j_MX
Pre-tax national income 
P80-100 | share | all ages | equal split
";p80p100;1982;0.7309;1.0
Mexico ;"sptinc_p80p100_999_j_MX
Pre-tax national income 
P80-100 | share | all ages | equal split
";p80p100;1983;0.7309;1.0
Mexico ;"sptinc_p80p100_999_j_MX
Pre-tax national income 
P80-100 | share | all ages | equal split
";p80p100;1984;0.7309;1.0
Mexico ;"sptinc_p80p100_999_j_MX
Pre-tax national income 
P80-100 | share | all ages | equal split
";p80p100;1985;0.7309;1.0
Mexico ;"sptinc_p80p100_999_j_MX
Pre-tax national income 
P80-100 | share | all ages | equal split
";p80p100;1986;0.7309;1.0
Mexico ;"sptinc_p80p100_999_j_MX
Pre-tax national income 
P80-100 | share | all ages | equal split
";p80p100;1987;0.7309;1.0
Mexico ;"sptinc_p80p100_999_j_MX
Pre-tax national income 
P80-100 | share | all ages | equal split
";p80p100;1988;0.7309;1.0
Mexico ;"sptinc_p80p100_999_j_MX
Pre-tax national income 
P80-100 | share | all ages | equal split
";p80p100;1989;0.7309;1.0
Mexico ;"sptinc_p80p100_999_j_MX
Pre-tax national income 
P80-100 | share | all ages | equal split
";p80p100;1990;0.7309;1.0
Mexico ;"sptinc_p80p100_999_j_MX
Pre-tax national income 
P80-100 | share | all ages | equal split
";p80p100;1991;0.7309;1.0
Mexico ;"sptinc_p80p100_999_j_MX
Pre-tax national income 
P80-100 | share | all ages | equal split
";p80p100;1992;0.7309;1.0
Mexico ;"sptinc_p80p100_999_j_MX
Pre-tax national income 
P80-100 | share | all ages | equal split
";p80p100;1993;0.7309;1.0
Mexico ;"sptinc_p80p100_999_j_MX
Pre-tax national income 
P80-100 | share | all ages | equal split
";p80p100;1994;0.7309;1.0
Mexico ;"sptinc_p80p100_999_j_MX
Pre-tax national income 
P80-100 | share | all ages | equal split
";p80p100;1995;0.7309;1.0
Mexico ;"sptinc_p80p100_999_j_MX
Pre-tax national income 
P80-100 | share | all ages | equal split
";p80p100;1996;0.7309;1.0
Mexico ;"sptinc_p80p100_999_j_MX
Pre-tax national income 
P80-100 | share | all ages | equal split
";p80p100;1997;0.7309;1.0
Mexico ;"sptinc_p80p100_999_j_MX
Pre-tax national income 
P80-100 | share | all ages | equal split
";p80p100;1998;0.7309;1.0
Mexico ;"sptinc_p80p100_999_j_MX
Pre-tax national income 
P80-100 | share | all ages | equal split
";p80p100;1999;0.7309;1.0
Mexico ;"sptinc_p80p100_999_j_MX
Pre-tax national income 
P80-100 | share | all ages | equal split
";p80p100;2000;0.7309;3.0
Mexico ;"sptinc_p80p100_999_j_MX
Pre-tax national income 
P80-100 | share | all ages | equal split
";p80p100;2001;0.7309;2.0
Mexico ;"sptinc_p80p100_999_j_MX
Pre-tax national income 
P80-100 | share | all ages | equal split
";p80p100;2002;0.7309;3.0
Mexico ;"sptinc_p80p100_999_j_MX
Pre-tax national income 
P80-100 | share | all ages | equal split
";p80p100;2003;0.7446;2.0
Mexico ;"sptinc_p80p100_999_j_MX
Pre-tax national income 
P80-100 | share | all ages | equal split
";p80p100;2004;0.7583000000000001;3.0
Mexico ;"sptinc_p80p100_999_j_MX
Pre-tax national income 
P80-100 | share | all ages | equal split
";p80p100;2005;0.7577;2.0
Mexico ;"sptinc_p80p100_999_j_MX
Pre-tax national income 
P80-100 | share | all ages | equal split
";p80p100;2006;0.7572;3.0
Mexico ;"sptinc_p80p100_999_j_MX
Pre-tax national income 
P80-100 | share | all ages | equal split
";p80p100;2007;0.7735000000000001;2.0
Mexico ;"sptinc_p80p100_999_j_MX
Pre-tax national income 
P80-100 | share | all ages | equal split
";p80p100;2008;0.7899;3.0
Mexico ;"sptinc_p80p100_999_j_MX
Pre-tax national income 
P80-100 | share | all ages | equal split
";p80p100;2009;0.7791;2.0
Mexico ;"sptinc_p80p100_999_j_MX
Pre-tax national income 
P80-100 | share | all ages | equal split
";p80p100;2010;0.7683;5.0
Mexico ;"sptinc_p80p100_999_j_MX
Pre-tax national income 
P80-100 | share | all ages | equal split
";p80p100;2011;0.7745000000000001;2.0
Mexico ;"sptinc_p80p100_999_j_MX
Pre-tax national income 
P80-100 | share | all ages | equal split
";p80p100;2012;0.7806000000000001;5.0
Mexico ;"sptinc_p80p100_999_j_MX
Pre-tax national income 
P80-100 | share | all ages | equal split
";p80p100;2013;0.7788;2.0
Mexico ;"sptinc_p80p100_999_j_MX
Pre-tax national income 
P80-100 | share | all ages | equal split
";p80p100;2014;0.7769;5.0
Mexico ;"sptinc_p80p100_999_j_MX
Pre-tax national income 
P80-100 | share | all ages | equal split
";p80p100;2015;0.7739;2.0
Mexico ;"sptinc_p80p100_999_j_MX
Pre-tax national income 
P80-100 | share | all ages | equal split
";p80p100;2016;0.7709;3.0
Mexico ;"sptinc_p80p100_999_j_MX
Pre-tax national income 
P80-100 | share | all ages | equal split
";p80p100;2017;0.7771;2.0
Mexico ;"sptinc_p80p100_999_j_MX
Pre-tax national income 
P80-100 | share | all ages | equal split
";p80p100;2018;0.7833;3.0
Mexico ;"sptinc_p80p100_999_j_MX
Pre-tax national income 
P80-100 | share | all ages | equal split
";p80p100;2019;0.7699;2.0
Mexico ;"sptinc_p80p100_999_j_MX
Pre-tax national income 
P80-100 | share | all ages | equal split
";p80p100;2020;0.7564000000000001;3.0
Mexico ;"sptinc_p80p100_999_j_MX
Pre-tax national income 
P80-100 | share | all ages | equal split
";p80p100;2021;0.7463000000000001;2.0
Mexico ;"sptinc_p80p100_999_j_MX
Pre-tax national income 
P80-100 | share | all ages | equal split
";p80p100;2022;0.7362000000000001;3.0
Mexico ;"sptinc_p80p100_999_j_MX
Pre-tax national income 
P80-100 | share | all ages | equal split
";p80p100;2023;0.7362000000000001;1.0
Mexico ;"sptinc_p80p100_999_j_MX
Pre-tax national income 
P80-100 | share | all ages | equal split
";p80p100;2024;0.7362000000000001;1.0
Micronesia ;"sptinc_p80p100_999_j_FM
Pre-tax national income 
P80-100 | share | all ages | equal split
";p80p100;1940;;
Micronesia ;"sptinc_p80p100_999_j_FM
Pre-tax national income 
P80-100 | share | all ages | equal split
";p80p100;1941;;
Micronesia ;"sptinc_p80p100_999_j_FM
Pre-tax national income 
P80-100 | share | all ages | equal split
";p80p100;1942;;
Micronesia ;"sptinc_p80p100_999_j_FM
Pre-tax national income 
P80-100 | share | all ages | equal split
";p80p100;1943;;
Micronesia ;"sptinc_p80p100_999_j_FM
Pre-tax national income 
P80-100 | share | all ages | equal split
";p80p100;1944;;
Micronesia ;"sptinc_p80p100_999_j_FM
Pre-tax national income 
P80-100 | share | all ages | equal split
";p80p100;1945;;
Micronesia ;"sptinc_p80p100_999_j_FM
Pre-tax national income 
P80-100 | share | all ages | equal split
";p80p100;1946;;
Micronesia ;"sptinc_p80p100_999_j_FM
Pre-tax national income 
P80-100 | share | all ages | equal split
";p80p100;1947;;
Micronesia ;"sptinc_p80p100_999_j_FM
Pre-tax national income 
P80-100 | share | all ages | equal split
";p80p100;1948;;
Micronesia ;"sptinc_p80p100_999_j_FM
Pre-tax national income 
P80-100 | share | all ages | equal split
";p80p100;1949;;
Micronesia ;"sptinc_p80p100_999_j_FM
Pre-tax national income 
P80-100 | share | all ages | equal split
";p80p100;1950;;
Micronesia ;"sptinc_p80p100_999_j_FM
Pre-tax national income 
P80-100 | share | all ages | equal split
";p80p100;1951;;
Micronesia ;"sptinc_p80p100_999_j_FM
Pre-tax national income 
P80-100 | share | all ages | equal split
";p80p100;1952;;
Micronesia ;"sptinc_p80p100_999_j_FM
Pre-tax national income 
P80-100 | share | all ages | equal split
";p80p100;1953;;
Micronesia ;"sptinc_p80p100_999_j_FM
Pre-tax national income 
P80-100 | share | all ages | equal split
";p80p100;1954;;
Micronesia ;"sptinc_p80p100_999_j_FM
Pre-tax national income 
P80-100 | share | all ages | equal split
";p80p100;1955;;
Micronesia ;"sptinc_p80p100_999_j_FM
Pre-tax national income 
P80-100 | share | all ages | equal split
";p80p100;1956;;
Micronesia ;"sptinc_p80p100_999_j_FM
Pre-tax national income 
P80-100 | share | all ages | equal split
";p80p100;1957;;
Micronesia ;"sptinc_p80p100_999_j_FM
Pre-tax national income 
P80-100 | share | all ages | equal split
";p80p100;1958;;
Micronesia ;"sptinc_p80p100_999_j_FM
Pre-tax national income 
P80-100 | share | all ages | equal split
";p80p100;1959;;
Micronesia ;"sptinc_p80p100_999_j_FM
Pre-tax national income 
P80-100 | share | all ages | equal split
";p80p100;1960;;
Micronesia ;"sptinc_p80p100_999_j_FM
Pre-tax national income 
P80-100 | share | all ages | equal split
";p80p100;1961;;
Micronesia ;"sptinc_p80p100_999_j_FM
Pre-tax national income 
P80-100 | share | all ages | equal split
";p80p100;1962;;
Micronesia ;"sptinc_p80p100_999_j_FM
Pre-tax national income 
P80-100 | share | all ages | equal split
";p80p100;1963;;
Micronesia ;"sptinc_p80p100_999_j_FM
Pre-tax national income 
P80-100 | share | all ages | equal split
";p80p100;1964;;
Micronesia ;"sptinc_p80p100_999_j_FM
Pre-tax national income 
P80-100 | share | all ages | equal split
";p80p100;1965;;
Micronesia ;"sptinc_p80p100_999_j_FM
Pre-tax national income 
P80-100 | share | all ages | equal split
";p80p100;1966;;
Micronesia ;"sptinc_p80p100_999_j_FM
Pre-tax national income 
P80-100 | share | all ages | equal split
";p80p100;1967;;
Micronesia ;"sptinc_p80p100_999_j_FM
Pre-tax national income 
P80-100 | share | all ages | equal split
";p80p100;1968;;
Micronesia ;"sptinc_p80p100_999_j_FM
Pre-tax national income 
P80-100 | share | all ages | equal split
";p80p100;1969;;
Micronesia ;"sptinc_p80p100_999_j_FM
Pre-tax national income 
P80-100 | share | all ages | equal split
";p80p100;1970;;
Micronesia ;"sptinc_p80p100_999_j_FM
Pre-tax national income 
P80-100 | share | all ages | equal split
";p80p100;1971;;
Micronesia ;"sptinc_p80p100_999_j_FM
Pre-tax national income 
P80-100 | share | all ages | equal split
";p80p100;1972;;
Micronesia ;"sptinc_p80p100_999_j_FM
Pre-tax national income 
P80-100 | share | all ages | equal split
";p80p100;1973;;
Micronesia ;"sptinc_p80p100_999_j_FM
Pre-tax national income 
P80-100 | share | all ages | equal split
";p80p100;1974;;
Micronesia ;"sptinc_p80p100_999_j_FM
Pre-tax national income 
P80-100 | share | all ages | equal split
";p80p100;1975;;
Micronesia ;"sptinc_p80p100_999_j_FM
Pre-tax national income 
P80-100 | share | all ages | equal split
";p80p100;1976;;
Micronesia ;"sptinc_p80p100_999_j_FM
Pre-tax national income 
P80-100 | share | all ages | equal split
";p80p100;1977;;
Micronesia ;"sptinc_p80p100_999_j_FM
Pre-tax national income 
P80-100 | share | all ages | equal split
";p80p100;1978;;
Micronesia ;"sptinc_p80p100_999_j_FM
Pre-tax national income 
P80-100 | share | all ages | equal split
";p80p100;1979;;
Micronesia ;"sptinc_p80p100_999_j_FM
Pre-tax national income 
P80-100 | share | all ages | equal split
";p80p100;1980;0.4749;0.0
Micronesia ;"sptinc_p80p100_999_j_FM
Pre-tax national income 
P80-100 | share | all ages | equal split
";p80p100;1981;0.4755;0.0
Micronesia ;"sptinc_p80p100_999_j_FM
Pre-tax national income 
P80-100 | share | all ages | equal split
";p80p100;1982;0.4762;0.0
Micronesia ;"sptinc_p80p100_999_j_FM
Pre-tax national income 
P80-100 | share | all ages | equal split
";p80p100;1983;0.4769;0.0
Micronesia ;"sptinc_p80p100_999_j_FM
Pre-tax national income 
P80-100 | share | all ages | equal split
";p80p100;1984;0.4776;0.0
Micronesia ;"sptinc_p80p100_999_j_FM
Pre-tax national income 
P80-100 | share | all ages | equal split
";p80p100;1985;0.4783;0.0
Micronesia ;"sptinc_p80p100_999_j_FM
Pre-tax national income 
P80-100 | share | all ages | equal split
";p80p100;1986;0.4791;0.0
Micronesia ;"sptinc_p80p100_999_j_FM
Pre-tax national income 
P80-100 | share | all ages | equal split
";p80p100;1987;0.4798;0.0
Micronesia ;"sptinc_p80p100_999_j_FM
Pre-tax national income 
P80-100 | share | all ages | equal split
";p80p100;1988;0.4806;0.0
Micronesia ;"sptinc_p80p100_999_j_FM
Pre-tax national income 
P80-100 | share | all ages | equal split
";p80p100;1989;0.4813;0.0
Micronesia ;"sptinc_p80p100_999_j_FM
Pre-tax national income 
P80-100 | share | all ages | equal split
";p80p100;1990;0.4821;0.0
Micronesia ;"sptinc_p80p100_999_j_FM
Pre-tax national income 
P80-100 | share | all ages | equal split
";p80p100;1991;0.4838;0.0
Micronesia ;"sptinc_p80p100_999_j_FM
Pre-tax national income 
P80-100 | share | all ages | equal split
";p80p100;1992;0.4854;0.0
Micronesia ;"sptinc_p80p100_999_j_FM
Pre-tax national income 
P80-100 | share | all ages | equal split
";p80p100;1993;0.4869;0.0
Micronesia ;"sptinc_p80p100_999_j_FM
Pre-tax national income 
P80-100 | share | all ages | equal split
";p80p100;1994;0.4885;0.0
Micronesia ;"sptinc_p80p100_999_j_FM
Pre-tax national income 
P80-100 | share | all ages | equal split
";p80p100;1995;0.4899;0.0
Micronesia ;"sptinc_p80p100_999_j_FM
Pre-tax national income 
P80-100 | share | all ages | equal split
";p80p100;1996;0.4913;0.0
Micronesia ;"sptinc_p80p100_999_j_FM
Pre-tax national income 
P80-100 | share | all ages | equal split
";p80p100;1997;0.4927;0.0
Micronesia ;"sptinc_p80p100_999_j_FM
Pre-tax national income 
P80-100 | share | all ages | equal split
";p80p100;1998;0.4940000000000001;0.0
Micronesia ;"sptinc_p80p100_999_j_FM
Pre-tax national income 
P80-100 | share | all ages | equal split
";p80p100;1999;0.4953;0.0
Micronesia ;"sptinc_p80p100_999_j_FM
Pre-tax national income 
P80-100 | share | all ages | equal split
";p80p100;2000;0.4966;0.0
Micronesia ;"sptinc_p80p100_999_j_FM
Pre-tax national income 
P80-100 | share | all ages | equal split
";p80p100;2001;0.5054000000000001;0.0
Micronesia ;"sptinc_p80p100_999_j_FM
Pre-tax national income 
P80-100 | share | all ages | equal split
";p80p100;2002;0.514;0.0
Micronesia ;"sptinc_p80p100_999_j_FM
Pre-tax national income 
P80-100 | share | all ages | equal split
";p80p100;2003;0.5224;0.0
Micronesia ;"sptinc_p80p100_999_j_FM
Pre-tax national income 
P80-100 | share | all ages | equal split
";p80p100;2004;0.5306000000000001;0.0
Micronesia ;"sptinc_p80p100_999_j_FM
Pre-tax national income 
P80-100 | share | all ages | equal split
";p80p100;2005;0.5386000000000001;0.0
Micronesia ;"sptinc_p80p100_999_j_FM
Pre-tax national income 
P80-100 | share | all ages | equal split
";p80p100;2006;0.5465;0.0
Micronesia ;"sptinc_p80p100_999_j_FM
Pre-tax national income 
P80-100 | share | all ages | equal split
";p80p100;2007;0.5541;0.0
Micronesia ;"sptinc_p80p100_999_j_FM
Pre-tax national income 
P80-100 | share | all ages | equal split
";p80p100;2008;0.5616;0.0
Micronesia ;"sptinc_p80p100_999_j_FM
Pre-tax national income 
P80-100 | share | all ages | equal split
";p80p100;2009;0.5689000000000001;0.0
Micronesia ;"sptinc_p80p100_999_j_FM
Pre-tax national income 
P80-100 | share | all ages | equal split
";p80p100;2010;0.5761000000000001;0.0
Micronesia ;"sptinc_p80p100_999_j_FM
Pre-tax national income 
P80-100 | share | all ages | equal split
";p80p100;2011;0.5782;0.0
Micronesia ;"sptinc_p80p100_999_j_FM
Pre-tax national income 
P80-100 | share | all ages | equal split
";p80p100;2012;0.5803;0.0
Micronesia ;"sptinc_p80p100_999_j_FM
Pre-tax national income 
P80-100 | share | all ages | equal split
";p80p100;2013;0.5822;0.0
Micronesia ;"sptinc_p80p100_999_j_FM
Pre-tax national income 
P80-100 | share | all ages | equal split
";p80p100;2014;0.5841000000000001;0.0
Micronesia ;"sptinc_p80p100_999_j_FM
Pre-tax national income 
P80-100 | share | all ages | equal split
";p80p100;2015;0.5859;0.0
Micronesia ;"sptinc_p80p100_999_j_FM
Pre-tax national income 
P80-100 | share | all ages | equal split
";p80p100;2016;0.5876;0.0
Micronesia ;"sptinc_p80p100_999_j_FM
Pre-tax national income 
P80-100 | share | all ages | equal split
";p80p100;2017;0.5892000000000001;0.0
Micronesia ;"sptinc_p80p100_999_j_FM
Pre-tax national income 
P80-100 | share | all ages | equal split
";p80p100;2018;0.5908;0.0
Micronesia ;"sptinc_p80p100_999_j_FM
Pre-tax national income 
P80-100 | share | all ages | equal split
";p80p100;2019;0.5923;0.0
Micronesia ;"sptinc_p80p100_999_j_FM
Pre-tax national income 
P80-100 | share | all ages | equal split
";p80p100;2020;0.5937;0.0
Micronesia ;"sptinc_p80p100_999_j_FM
Pre-tax national income 
P80-100 | share | all ages | equal split
";p80p100;2021;0.5937;0.0
Micronesia ;"sptinc_p80p100_999_j_FM
Pre-tax national income 
P80-100 | share | all ages | equal split
";p80p100;2022;0.5937;0.0
Micronesia ;"sptinc_p80p100_999_j_FM
Pre-tax national income 
P80-100 | share | all ages | equal split
";p80p100;2023;0.5937;0.0
Micronesia ;"sptinc_p80p100_999_j_FM
Pre-tax national income 
P80-100 | share | all ages | equal split
";p80p100;2024;0.5937;0.0
Moldova ;"sptinc_p80p100_999_j_MD
Pre-tax national income 
P80-100 | share | all ages | equal split
";p80p100;1940;;
Moldova ;"sptinc_p80p100_999_j_MD
Pre-tax national income 
P80-100 | share | all ages | equal split
";p80p100;1941;;
Moldova ;"sptinc_p80p100_999_j_MD
Pre-tax national income 
P80-100 | share | all ages | equal split
";p80p100;1942;;
Moldova ;"sptinc_p80p100_999_j_MD
Pre-tax national income 
P80-100 | share | all ages | equal split
";p80p100;1943;;
Moldova ;"sptinc_p80p100_999_j_MD
Pre-tax national income 
P80-100 | share | all ages | equal split
";p80p100;1944;;
Moldova ;"sptinc_p80p100_999_j_MD
Pre-tax national income 
P80-100 | share | all ages | equal split
";p80p100;1945;;
Moldova ;"sptinc_p80p100_999_j_MD
Pre-tax national income 
P80-100 | share | all ages | equal split
";p80p100;1946;;
Moldova ;"sptinc_p80p100_999_j_MD
Pre-tax national income 
P80-100 | share | all ages | equal split
";p80p100;1947;;
Moldova ;"sptinc_p80p100_999_j_MD
Pre-tax national income 
P80-100 | share | all ages | equal split
";p80p100;1948;;
Moldova ;"sptinc_p80p100_999_j_MD
Pre-tax national income 
P80-100 | share | all ages | equal split
";p80p100;1949;;
Moldova ;"sptinc_p80p100_999_j_MD
Pre-tax national income 
P80-100 | share | all ages | equal split
";p80p100;1950;;
Moldova ;"sptinc_p80p100_999_j_MD
Pre-tax national income 
P80-100 | share | all ages | equal split
";p80p100;1951;;
Moldova ;"sptinc_p80p100_999_j_MD
Pre-tax national income 
P80-100 | share | all ages | equal split
";p80p100;1952;;
Moldova ;"sptinc_p80p100_999_j_MD
Pre-tax national income 
P80-100 | share | all ages | equal split
";p80p100;1953;;
Moldova ;"sptinc_p80p100_999_j_MD
Pre-tax national income 
P80-100 | share | all ages | equal split
";p80p100;1954;;
Moldova ;"sptinc_p80p100_999_j_MD
Pre-tax national income 
P80-100 | share | all ages | equal split
";p80p100;1955;;
Moldova ;"sptinc_p80p100_999_j_MD
Pre-tax national income 
P80-100 | share | all ages | equal split
";p80p100;1956;;
Moldova ;"sptinc_p80p100_999_j_MD
Pre-tax national income 
P80-100 | share | all ages | equal split
";p80p100;1957;;
Moldova ;"sptinc_p80p100_999_j_MD
Pre-tax national income 
P80-100 | share | all ages | equal split
";p80p100;1958;;
Moldova ;"sptinc_p80p100_999_j_MD
Pre-tax national income 
P80-100 | share | all ages | equal split
";p80p100;1959;;
Moldova ;"sptinc_p80p100_999_j_MD
Pre-tax national income 
P80-100 | share | all ages | equal split
";p80p100;1960;;
Moldova ;"sptinc_p80p100_999_j_MD
Pre-tax national income 
P80-100 | share | all ages | equal split
";p80p100;1961;;
Moldova ;"sptinc_p80p100_999_j_MD
Pre-tax national income 
P80-100 | share | all ages | equal split
";p80p100;1962;;
Moldova ;"sptinc_p80p100_999_j_MD
Pre-tax national income 
P80-100 | share | all ages | equal split
";p80p100;1963;;
Moldova ;"sptinc_p80p100_999_j_MD
Pre-tax national income 
P80-100 | share | all ages | equal split
";p80p100;1964;;
Moldova ;"sptinc_p80p100_999_j_MD
Pre-tax national income 
P80-100 | share | all ages | equal split
";p80p100;1965;;
Moldova ;"sptinc_p80p100_999_j_MD
Pre-tax national income 
P80-100 | share | all ages | equal split
";p80p100;1966;;
Moldova ;"sptinc_p80p100_999_j_MD
Pre-tax national income 
P80-100 | share | all ages | equal split
";p80p100;1967;;
Moldova ;"sptinc_p80p100_999_j_MD
Pre-tax national income 
P80-100 | share | all ages | equal split
";p80p100;1968;;
Moldova ;"sptinc_p80p100_999_j_MD
Pre-tax national income 
P80-100 | share | all ages | equal split
";p80p100;1969;;
Moldova ;"sptinc_p80p100_999_j_MD
Pre-tax national income 
P80-100 | share | all ages | equal split
";p80p100;1970;;
Moldova ;"sptinc_p80p100_999_j_MD
Pre-tax national income 
P80-100 | share | all ages | equal split
";p80p100;1971;;
Moldova ;"sptinc_p80p100_999_j_MD
Pre-tax national income 
P80-100 | share | all ages | equal split
";p80p100;1972;;
Moldova ;"sptinc_p80p100_999_j_MD
Pre-tax national income 
P80-100 | share | all ages | equal split
";p80p100;1973;;
Moldova ;"sptinc_p80p100_999_j_MD
Pre-tax national income 
P80-100 | share | all ages | equal split
";p80p100;1974;;
Moldova ;"sptinc_p80p100_999_j_MD
Pre-tax national income 
P80-100 | share | all ages | equal split
";p80p100;1975;;
Moldova ;"sptinc_p80p100_999_j_MD
Pre-tax national income 
P80-100 | share | all ages | equal split
";p80p100;1976;;
Moldova ;"sptinc_p80p100_999_j_MD
Pre-tax national income 
P80-100 | share | all ages | equal split
";p80p100;1977;;
Moldova ;"sptinc_p80p100_999_j_MD
Pre-tax national income 
P80-100 | share | all ages | equal split
";p80p100;1978;;
Moldova ;"sptinc_p80p100_999_j_MD
Pre-tax national income 
P80-100 | share | all ages | equal split
";p80p100;1979;;
Moldova ;"sptinc_p80p100_999_j_MD
Pre-tax national income 
P80-100 | share | all ages | equal split
";p80p100;1980;0.4015;1.0
Moldova ;"sptinc_p80p100_999_j_MD
Pre-tax national income 
P80-100 | share | all ages | equal split
";p80p100;1981;0.4015;1.0
Moldova ;"sptinc_p80p100_999_j_MD
Pre-tax national income 
P80-100 | share | all ages | equal split
";p80p100;1982;0.4015;1.0
Moldova ;"sptinc_p80p100_999_j_MD
Pre-tax national income 
P80-100 | share | all ages | equal split
";p80p100;1983;0.4015;1.0
Moldova ;"sptinc_p80p100_999_j_MD
Pre-tax national income 
P80-100 | share | all ages | equal split
";p80p100;1984;0.4015;1.0
Moldova ;"sptinc_p80p100_999_j_MD
Pre-tax national income 
P80-100 | share | all ages | equal split
";p80p100;1985;0.4015;1.0
Moldova ;"sptinc_p80p100_999_j_MD
Pre-tax national income 
P80-100 | share | all ages | equal split
";p80p100;1986;0.4015;1.0
Moldova ;"sptinc_p80p100_999_j_MD
Pre-tax national income 
P80-100 | share | all ages | equal split
";p80p100;1987;0.4015;1.0
Moldova ;"sptinc_p80p100_999_j_MD
Pre-tax national income 
P80-100 | share | all ages | equal split
";p80p100;1988;0.4015;1.0
Moldova ;"sptinc_p80p100_999_j_MD
Pre-tax national income 
P80-100 | share | all ages | equal split
";p80p100;1989;0.4237;1.0
Moldova ;"sptinc_p80p100_999_j_MD
Pre-tax national income 
P80-100 | share | all ages | equal split
";p80p100;1990;0.4395;1.0
Moldova ;"sptinc_p80p100_999_j_MD
Pre-tax national income 
P80-100 | share | all ages | equal split
";p80p100;1991;0.4633;1.0
Moldova ;"sptinc_p80p100_999_j_MD
Pre-tax national income 
P80-100 | share | all ages | equal split
";p80p100;1992;0.4859;1.0
Moldova ;"sptinc_p80p100_999_j_MD
Pre-tax national income 
P80-100 | share | all ages | equal split
";p80p100;1993;0.5099;1.0
Moldova ;"sptinc_p80p100_999_j_MD
Pre-tax national income 
P80-100 | share | all ages | equal split
";p80p100;1994;0.5201;1.0
Moldova ;"sptinc_p80p100_999_j_MD
Pre-tax national income 
P80-100 | share | all ages | equal split
";p80p100;1995;0.529;1.0
Moldova ;"sptinc_p80p100_999_j_MD
Pre-tax national income 
P80-100 | share | all ages | equal split
";p80p100;1996;0.5375;1.0
Moldova ;"sptinc_p80p100_999_j_MD
Pre-tax national income 
P80-100 | share | all ages | equal split
";p80p100;1997;0.5473;1.0
Moldova ;"sptinc_p80p100_999_j_MD
Pre-tax national income 
P80-100 | share | all ages | equal split
";p80p100;1998;0.5327000000000001;1.0
Moldova ;"sptinc_p80p100_999_j_MD
Pre-tax national income 
P80-100 | share | all ages | equal split
";p80p100;1999;0.5284;1.0
Moldova ;"sptinc_p80p100_999_j_MD
Pre-tax national income 
P80-100 | share | all ages | equal split
";p80p100;2000;0.5265000000000001;1.0
Moldova ;"sptinc_p80p100_999_j_MD
Pre-tax national income 
P80-100 | share | all ages | equal split
";p80p100;2001;0.5277000000000001;1.0
Moldova ;"sptinc_p80p100_999_j_MD
Pre-tax national income 
P80-100 | share | all ages | equal split
";p80p100;2002;0.5279;1.0
Moldova ;"sptinc_p80p100_999_j_MD
Pre-tax national income 
P80-100 | share | all ages | equal split
";p80p100;2003;0.5303;1.0
Moldova ;"sptinc_p80p100_999_j_MD
Pre-tax national income 
P80-100 | share | all ages | equal split
";p80p100;2004;0.5277000000000001;1.0
Moldova ;"sptinc_p80p100_999_j_MD
Pre-tax national income 
P80-100 | share | all ages | equal split
";p80p100;2005;0.5332;1.0
Moldova ;"sptinc_p80p100_999_j_MD
Pre-tax national income 
P80-100 | share | all ages | equal split
";p80p100;2006;0.5344;1.0
Moldova ;"sptinc_p80p100_999_j_MD
Pre-tax national income 
P80-100 | share | all ages | equal split
";p80p100;2007;0.5356000000000001;1.0
Moldova ;"sptinc_p80p100_999_j_MD
Pre-tax national income 
P80-100 | share | all ages | equal split
";p80p100;2008;0.5384;1.0
Moldova ;"sptinc_p80p100_999_j_MD
Pre-tax national income 
P80-100 | share | all ages | equal split
";p80p100;2009;0.5396000000000001;1.0
Moldova ;"sptinc_p80p100_999_j_MD
Pre-tax national income 
P80-100 | share | all ages | equal split
";p80p100;2010;0.53;1.0
Moldova ;"sptinc_p80p100_999_j_MD
Pre-tax national income 
P80-100 | share | all ages | equal split
";p80p100;2011;0.5257000000000001;1.0
Moldova ;"sptinc_p80p100_999_j_MD
Pre-tax national income 
P80-100 | share | all ages | equal split
";p80p100;2012;0.5213;1.0
Moldova ;"sptinc_p80p100_999_j_MD
Pre-tax national income 
P80-100 | share | all ages | equal split
";p80p100;2013;0.5181;1.0
Moldova ;"sptinc_p80p100_999_j_MD
Pre-tax national income 
P80-100 | share | all ages | equal split
";p80p100;2014;0.5157;1.0
Moldova ;"sptinc_p80p100_999_j_MD
Pre-tax national income 
P80-100 | share | all ages | equal split
";p80p100;2015;0.5177;1.0
Moldova ;"sptinc_p80p100_999_j_MD
Pre-tax national income 
P80-100 | share | all ages | equal split
";p80p100;2016;0.5115000000000001;1.0
Moldova ;"sptinc_p80p100_999_j_MD
Pre-tax national income 
P80-100 | share | all ages | equal split
";p80p100;2017;0.5112;1.0
Moldova ;"sptinc_p80p100_999_j_MD
Pre-tax national income 
P80-100 | share | all ages | equal split
";p80p100;2018;0.5115000000000001;1.0
Moldova ;"sptinc_p80p100_999_j_MD
Pre-tax national income 
P80-100 | share | all ages | equal split
";p80p100;2019;0.5149;1.0
Moldova ;"sptinc_p80p100_999_j_MD
Pre-tax national income 
P80-100 | share | all ages | equal split
";p80p100;2020;0.5149;1.0
Moldova ;"sptinc_p80p100_999_j_MD
Pre-tax national income 
P80-100 | share | all ages | equal split
";p80p100;2021;0.5219;1.0
Moldova ;"sptinc_p80p100_999_j_MD
Pre-tax national income 
P80-100 | share | all ages | equal split
";p80p100;2022;0.5221;1.0
Moldova ;"sptinc_p80p100_999_j_MD
Pre-tax national income 
P80-100 | share | all ages | equal split
";p80p100;2023;0.5337000000000001;1.0
Moldova ;"sptinc_p80p100_999_j_MD
Pre-tax national income 
P80-100 | share | all ages | equal split
";p80p100;2024;0.5337000000000001;1.0
Monaco ;"sptinc_p80p100_999_j_MC
Pre-tax national income 
P80-100 | share | all ages | equal split
";p80p100;1940;;
Monaco ;"sptinc_p80p100_999_j_MC
Pre-tax national income 
P80-100 | share | all ages | equal split
";p80p100;1941;;
Monaco ;"sptinc_p80p100_999_j_MC
Pre-tax national income 
P80-100 | share | all ages | equal split
";p80p100;1942;;
Monaco ;"sptinc_p80p100_999_j_MC
Pre-tax national income 
P80-100 | share | all ages | equal split
";p80p100;1943;;
Monaco ;"sptinc_p80p100_999_j_MC
Pre-tax national income 
P80-100 | share | all ages | equal split
";p80p100;1944;;
Monaco ;"sptinc_p80p100_999_j_MC
Pre-tax national income 
P80-100 | share | all ages | equal split
";p80p100;1945;;
Monaco ;"sptinc_p80p100_999_j_MC
Pre-tax national income 
P80-100 | share | all ages | equal split
";p80p100;1946;;
Monaco ;"sptinc_p80p100_999_j_MC
Pre-tax national income 
P80-100 | share | all ages | equal split
";p80p100;1947;;
Monaco ;"sptinc_p80p100_999_j_MC
Pre-tax national income 
P80-100 | share | all ages | equal split
";p80p100;1948;;
Monaco ;"sptinc_p80p100_999_j_MC
Pre-tax national income 
P80-100 | share | all ages | equal split
";p80p100;1949;;
Monaco ;"sptinc_p80p100_999_j_MC
Pre-tax national income 
P80-100 | share | all ages | equal split
";p80p100;1950;;
Monaco ;"sptinc_p80p100_999_j_MC
Pre-tax national income 
P80-100 | share | all ages | equal split
";p80p100;1951;;
Monaco ;"sptinc_p80p100_999_j_MC
Pre-tax national income 
P80-100 | share | all ages | equal split
";p80p100;1952;;
Monaco ;"sptinc_p80p100_999_j_MC
Pre-tax national income 
P80-100 | share | all ages | equal split
";p80p100;1953;;
Monaco ;"sptinc_p80p100_999_j_MC
Pre-tax national income 
P80-100 | share | all ages | equal split
";p80p100;1954;;
Monaco ;"sptinc_p80p100_999_j_MC
Pre-tax national income 
P80-100 | share | all ages | equal split
";p80p100;1955;;
Monaco ;"sptinc_p80p100_999_j_MC
Pre-tax national income 
P80-100 | share | all ages | equal split
";p80p100;1956;;
Monaco ;"sptinc_p80p100_999_j_MC
Pre-tax national income 
P80-100 | share | all ages | equal split
";p80p100;1957;;
Monaco ;"sptinc_p80p100_999_j_MC
Pre-tax national income 
P80-100 | share | all ages | equal split
";p80p100;1958;;
Monaco ;"sptinc_p80p100_999_j_MC
Pre-tax national income 
P80-100 | share | all ages | equal split
";p80p100;1959;;
Monaco ;"sptinc_p80p100_999_j_MC
Pre-tax national income 
P80-100 | share | all ages | equal split
";p80p100;1960;;
Monaco ;"sptinc_p80p100_999_j_MC
Pre-tax national income 
P80-100 | share | all ages | equal split
";p80p100;1961;;
Monaco ;"sptinc_p80p100_999_j_MC
Pre-tax national income 
P80-100 | share | all ages | equal split
";p80p100;1962;;
Monaco ;"sptinc_p80p100_999_j_MC
Pre-tax national income 
P80-100 | share | all ages | equal split
";p80p100;1963;;
Monaco ;"sptinc_p80p100_999_j_MC
Pre-tax national income 
P80-100 | share | all ages | equal split
";p80p100;1964;;
Monaco ;"sptinc_p80p100_999_j_MC
Pre-tax national income 
P80-100 | share | all ages | equal split
";p80p100;1965;;
Monaco ;"sptinc_p80p100_999_j_MC
Pre-tax national income 
P80-100 | share | all ages | equal split
";p80p100;1966;;
Monaco ;"sptinc_p80p100_999_j_MC
Pre-tax national income 
P80-100 | share | all ages | equal split
";p80p100;1967;;
Monaco ;"sptinc_p80p100_999_j_MC
Pre-tax national income 
P80-100 | share | all ages | equal split
";p80p100;1968;;
Monaco ;"sptinc_p80p100_999_j_MC
Pre-tax national income 
P80-100 | share | all ages | equal split
";p80p100;1969;;
Monaco ;"sptinc_p80p100_999_j_MC
Pre-tax national income 
P80-100 | share | all ages | equal split
";p80p100;1970;;
Monaco ;"sptinc_p80p100_999_j_MC
Pre-tax national income 
P80-100 | share | all ages | equal split
";p80p100;1971;;
Monaco ;"sptinc_p80p100_999_j_MC
Pre-tax national income 
P80-100 | share | all ages | equal split
";p80p100;1972;;
Monaco ;"sptinc_p80p100_999_j_MC
Pre-tax national income 
P80-100 | share | all ages | equal split
";p80p100;1973;;
Monaco ;"sptinc_p80p100_999_j_MC
Pre-tax national income 
P80-100 | share | all ages | equal split
";p80p100;1974;;
Monaco ;"sptinc_p80p100_999_j_MC
Pre-tax national income 
P80-100 | share | all ages | equal split
";p80p100;1975;;
Monaco ;"sptinc_p80p100_999_j_MC
Pre-tax national income 
P80-100 | share | all ages | equal split
";p80p100;1976;;
Monaco ;"sptinc_p80p100_999_j_MC
Pre-tax national income 
P80-100 | share | all ages | equal split
";p80p100;1977;;
Monaco ;"sptinc_p80p100_999_j_MC
Pre-tax national income 
P80-100 | share | all ages | equal split
";p80p100;1978;;
Monaco ;"sptinc_p80p100_999_j_MC
Pre-tax national income 
P80-100 | share | all ages | equal split
";p80p100;1979;;
Monaco ;"sptinc_p80p100_999_j_MC
Pre-tax national income 
P80-100 | share | all ages | equal split
";p80p100;1980;0.4797;0.0
Monaco ;"sptinc_p80p100_999_j_MC
Pre-tax national income 
P80-100 | share | all ages | equal split
";p80p100;1981;0.4817;0.0
Monaco ;"sptinc_p80p100_999_j_MC
Pre-tax national income 
P80-100 | share | all ages | equal split
";p80p100;1982;0.4815;0.0
Monaco ;"sptinc_p80p100_999_j_MC
Pre-tax national income 
P80-100 | share | all ages | equal split
";p80p100;1983;0.4818;0.0
Monaco ;"sptinc_p80p100_999_j_MC
Pre-tax national income 
P80-100 | share | all ages | equal split
";p80p100;1984;0.4853;0.0
Monaco ;"sptinc_p80p100_999_j_MC
Pre-tax national income 
P80-100 | share | all ages | equal split
";p80p100;1985;0.4878;0.0
Monaco ;"sptinc_p80p100_999_j_MC
Pre-tax national income 
P80-100 | share | all ages | equal split
";p80p100;1986;0.4839;0.0
Monaco ;"sptinc_p80p100_999_j_MC
Pre-tax national income 
P80-100 | share | all ages | equal split
";p80p100;1987;0.482;0.0
Monaco ;"sptinc_p80p100_999_j_MC
Pre-tax national income 
P80-100 | share | all ages | equal split
";p80p100;1988;0.4797;0.0
Monaco ;"sptinc_p80p100_999_j_MC
Pre-tax national income 
P80-100 | share | all ages | equal split
";p80p100;1989;0.4788;0.0
Monaco ;"sptinc_p80p100_999_j_MC
Pre-tax national income 
P80-100 | share | all ages | equal split
";p80p100;1990;0.4798;0.0
Monaco ;"sptinc_p80p100_999_j_MC
Pre-tax national income 
P80-100 | share | all ages | equal split
";p80p100;1991;0.4776;0.0
Monaco ;"sptinc_p80p100_999_j_MC
Pre-tax national income 
P80-100 | share | all ages | equal split
";p80p100;1992;0.4848;0.0
Monaco ;"sptinc_p80p100_999_j_MC
Pre-tax national income 
P80-100 | share | all ages | equal split
";p80p100;1993;0.4896;0.0
Monaco ;"sptinc_p80p100_999_j_MC
Pre-tax national income 
P80-100 | share | all ages | equal split
";p80p100;1994;0.4957;0.0
Monaco ;"sptinc_p80p100_999_j_MC
Pre-tax national income 
P80-100 | share | all ages | equal split
";p80p100;1995;0.4935;0.0
Monaco ;"sptinc_p80p100_999_j_MC
Pre-tax national income 
P80-100 | share | all ages | equal split
";p80p100;1996;0.4953;0.0
Monaco ;"sptinc_p80p100_999_j_MC
Pre-tax national income 
P80-100 | share | all ages | equal split
";p80p100;1997;0.5022;0.0
Monaco ;"sptinc_p80p100_999_j_MC
Pre-tax national income 
P80-100 | share | all ages | equal split
";p80p100;1998;0.5024000000000001;0.0
Monaco ;"sptinc_p80p100_999_j_MC
Pre-tax national income 
P80-100 | share | all ages | equal split
";p80p100;1999;0.5029;0.0
Monaco ;"sptinc_p80p100_999_j_MC
Pre-tax national income 
P80-100 | share | all ages | equal split
";p80p100;2000;0.5091;0.0
Monaco ;"sptinc_p80p100_999_j_MC
Pre-tax national income 
P80-100 | share | all ages | equal split
";p80p100;2001;0.5064000000000001;0.0
Monaco ;"sptinc_p80p100_999_j_MC
Pre-tax national income 
P80-100 | share | all ages | equal split
";p80p100;2002;0.5013000000000001;0.0
Monaco ;"sptinc_p80p100_999_j_MC
Pre-tax national income 
P80-100 | share | all ages | equal split
";p80p100;2003;0.5014000000000001;0.0
Monaco ;"sptinc_p80p100_999_j_MC
Pre-tax national income 
P80-100 | share | all ages | equal split
";p80p100;2004;0.5037;0.0
Monaco ;"sptinc_p80p100_999_j_MC
Pre-tax national income 
P80-100 | share | all ages | equal split
";p80p100;2005;0.5076;0.0
Monaco ;"sptinc_p80p100_999_j_MC
Pre-tax national income 
P80-100 | share | all ages | equal split
";p80p100;2006;0.5133;0.0
Monaco ;"sptinc_p80p100_999_j_MC
Pre-tax national income 
P80-100 | share | all ages | equal split
";p80p100;2007;0.5142;0.0
Monaco ;"sptinc_p80p100_999_j_MC
Pre-tax national income 
P80-100 | share | all ages | equal split
";p80p100;2008;0.4988;0.0
Monaco ;"sptinc_p80p100_999_j_MC
Pre-tax national income 
P80-100 | share | all ages | equal split
";p80p100;2009;0.4921;0.0
Monaco ;"sptinc_p80p100_999_j_MC
Pre-tax national income 
P80-100 | share | all ages | equal split
";p80p100;2010;0.5096;0.0
Monaco ;"sptinc_p80p100_999_j_MC
Pre-tax national income 
P80-100 | share | all ages | equal split
";p80p100;2011;0.5087;0.0
Monaco ;"sptinc_p80p100_999_j_MC
Pre-tax national income 
P80-100 | share | all ages | equal split
";p80p100;2012;0.5038;0.0
Monaco ;"sptinc_p80p100_999_j_MC
Pre-tax national income 
P80-100 | share | all ages | equal split
";p80p100;2013;0.5075000000000001;0.0
Monaco ;"sptinc_p80p100_999_j_MC
Pre-tax national income 
P80-100 | share | all ages | equal split
";p80p100;2014;0.5114000000000001;0.0
Monaco ;"sptinc_p80p100_999_j_MC
Pre-tax national income 
P80-100 | share | all ages | equal split
";p80p100;2015;0.511;0.0
Monaco ;"sptinc_p80p100_999_j_MC
Pre-tax national income 
P80-100 | share | all ages | equal split
";p80p100;2016;0.5122;0.0
Monaco ;"sptinc_p80p100_999_j_MC
Pre-tax national income 
P80-100 | share | all ages | equal split
";p80p100;2017;0.5126000000000001;0.0
Monaco ;"sptinc_p80p100_999_j_MC
Pre-tax national income 
P80-100 | share | all ages | equal split
";p80p100;2018;0.5117;0.0
Monaco ;"sptinc_p80p100_999_j_MC
Pre-tax national income 
P80-100 | share | all ages | equal split
";p80p100;2019;0.5098;0.0
Monaco ;"sptinc_p80p100_999_j_MC
Pre-tax national income 
P80-100 | share | all ages | equal split
";p80p100;2020;0.5089;0.0
Monaco ;"sptinc_p80p100_999_j_MC
Pre-tax national income 
P80-100 | share | all ages | equal split
";p80p100;2021;0.5131;0.0
Monaco ;"sptinc_p80p100_999_j_MC
Pre-tax national income 
P80-100 | share | all ages | equal split
";p80p100;2022;0.5139;0.0
Monaco ;"sptinc_p80p100_999_j_MC
Pre-tax national income 
P80-100 | share | all ages | equal split
";p80p100;2023;0.5139;0.0
Monaco ;"sptinc_p80p100_999_j_MC
Pre-tax national income 
P80-100 | share | all ages | equal split
";p80p100;2024;0.5139;0.0
Mongolia ;"sptinc_p80p100_999_j_MN
Pre-tax national income 
P80-100 | share | all ages | equal split
";p80p100;1940;;
Mongolia ;"sptinc_p80p100_999_j_MN
Pre-tax national income 
P80-100 | share | all ages | equal split
";p80p100;1941;;
Mongolia ;"sptinc_p80p100_999_j_MN
Pre-tax national income 
P80-100 | share | all ages | equal split
";p80p100;1942;;
Mongolia ;"sptinc_p80p100_999_j_MN
Pre-tax national income 
P80-100 | share | all ages | equal split
";p80p100;1943;;
Mongolia ;"sptinc_p80p100_999_j_MN
Pre-tax national income 
P80-100 | share | all ages | equal split
";p80p100;1944;;
Mongolia ;"sptinc_p80p100_999_j_MN
Pre-tax national income 
P80-100 | share | all ages | equal split
";p80p100;1945;;
Mongolia ;"sptinc_p80p100_999_j_MN
Pre-tax national income 
P80-100 | share | all ages | equal split
";p80p100;1946;;
Mongolia ;"sptinc_p80p100_999_j_MN
Pre-tax national income 
P80-100 | share | all ages | equal split
";p80p100;1947;;
Mongolia ;"sptinc_p80p100_999_j_MN
Pre-tax national income 
P80-100 | share | all ages | equal split
";p80p100;1948;;
Mongolia ;"sptinc_p80p100_999_j_MN
Pre-tax national income 
P80-100 | share | all ages | equal split
";p80p100;1949;;
Mongolia ;"sptinc_p80p100_999_j_MN
Pre-tax national income 
P80-100 | share | all ages | equal split
";p80p100;1950;;
Mongolia ;"sptinc_p80p100_999_j_MN
Pre-tax national income 
P80-100 | share | all ages | equal split
";p80p100;1951;;
Mongolia ;"sptinc_p80p100_999_j_MN
Pre-tax national income 
P80-100 | share | all ages | equal split
";p80p100;1952;;
Mongolia ;"sptinc_p80p100_999_j_MN
Pre-tax national income 
P80-100 | share | all ages | equal split
";p80p100;1953;;
Mongolia ;"sptinc_p80p100_999_j_MN
Pre-tax national income 
P80-100 | share | all ages | equal split
";p80p100;1954;;
Mongolia ;"sptinc_p80p100_999_j_MN
Pre-tax national income 
P80-100 | share | all ages | equal split
";p80p100;1955;;
Mongolia ;"sptinc_p80p100_999_j_MN
Pre-tax national income 
P80-100 | share | all ages | equal split
";p80p100;1956;;
Mongolia ;"sptinc_p80p100_999_j_MN
Pre-tax national income 
P80-100 | share | all ages | equal split
";p80p100;1957;;
Mongolia ;"sptinc_p80p100_999_j_MN
Pre-tax national income 
P80-100 | share | all ages | equal split
";p80p100;1958;;
Mongolia ;"sptinc_p80p100_999_j_MN
Pre-tax national income 
P80-100 | share | all ages | equal split
";p80p100;1959;;
Mongolia ;"sptinc_p80p100_999_j_MN
Pre-tax national income 
P80-100 | share | all ages | equal split
";p80p100;1960;;
Mongolia ;"sptinc_p80p100_999_j_MN
Pre-tax national income 
P80-100 | share | all ages | equal split
";p80p100;1961;;
Mongolia ;"sptinc_p80p100_999_j_MN
Pre-tax national income 
P80-100 | share | all ages | equal split
";p80p100;1962;;
Mongolia ;"sptinc_p80p100_999_j_MN
Pre-tax national income 
P80-100 | share | all ages | equal split
";p80p100;1963;;
Mongolia ;"sptinc_p80p100_999_j_MN
Pre-tax national income 
P80-100 | share | all ages | equal split
";p80p100;1964;;
Mongolia ;"sptinc_p80p100_999_j_MN
Pre-tax national income 
P80-100 | share | all ages | equal split
";p80p100;1965;;
Mongolia ;"sptinc_p80p100_999_j_MN
Pre-tax national income 
P80-100 | share | all ages | equal split
";p80p100;1966;;
Mongolia ;"sptinc_p80p100_999_j_MN
Pre-tax national income 
P80-100 | share | all ages | equal split
";p80p100;1967;;
Mongolia ;"sptinc_p80p100_999_j_MN
Pre-tax national income 
P80-100 | share | all ages | equal split
";p80p100;1968;;
Mongolia ;"sptinc_p80p100_999_j_MN
Pre-tax national income 
P80-100 | share | all ages | equal split
";p80p100;1969;;
Mongolia ;"sptinc_p80p100_999_j_MN
Pre-tax national income 
P80-100 | share | all ages | equal split
";p80p100;1970;;
Mongolia ;"sptinc_p80p100_999_j_MN
Pre-tax national income 
P80-100 | share | all ages | equal split
";p80p100;1971;;
Mongolia ;"sptinc_p80p100_999_j_MN
Pre-tax national income 
P80-100 | share | all ages | equal split
";p80p100;1972;;
Mongolia ;"sptinc_p80p100_999_j_MN
Pre-tax national income 
P80-100 | share | all ages | equal split
";p80p100;1973;;
Mongolia ;"sptinc_p80p100_999_j_MN
Pre-tax national income 
P80-100 | share | all ages | equal split
";p80p100;1974;;
Mongolia ;"sptinc_p80p100_999_j_MN
Pre-tax national income 
P80-100 | share | all ages | equal split
";p80p100;1975;;
Mongolia ;"sptinc_p80p100_999_j_MN
Pre-tax national income 
P80-100 | share | all ages | equal split
";p80p100;1976;;
Mongolia ;"sptinc_p80p100_999_j_MN
Pre-tax national income 
P80-100 | share | all ages | equal split
";p80p100;1977;;
Mongolia ;"sptinc_p80p100_999_j_MN
Pre-tax national income 
P80-100 | share | all ages | equal split
";p80p100;1978;;
Mongolia ;"sptinc_p80p100_999_j_MN
Pre-tax national income 
P80-100 | share | all ages | equal split
";p80p100;1979;;
Mongolia ;"sptinc_p80p100_999_j_MN
Pre-tax national income 
P80-100 | share | all ages | equal split
";p80p100;1980;0.5930000000000001;1.0
Mongolia ;"sptinc_p80p100_999_j_MN
Pre-tax national income 
P80-100 | share | all ages | equal split
";p80p100;1981;0.5930000000000001;1.0
Mongolia ;"sptinc_p80p100_999_j_MN
Pre-tax national income 
P80-100 | share | all ages | equal split
";p80p100;1982;0.5930000000000001;1.0
Mongolia ;"sptinc_p80p100_999_j_MN
Pre-tax national income 
P80-100 | share | all ages | equal split
";p80p100;1983;0.5930000000000001;1.0
Mongolia ;"sptinc_p80p100_999_j_MN
Pre-tax national income 
P80-100 | share | all ages | equal split
";p80p100;1984;0.5930000000000001;1.0
Mongolia ;"sptinc_p80p100_999_j_MN
Pre-tax national income 
P80-100 | share | all ages | equal split
";p80p100;1985;0.5930000000000001;1.0
Mongolia ;"sptinc_p80p100_999_j_MN
Pre-tax national income 
P80-100 | share | all ages | equal split
";p80p100;1986;0.5930000000000001;1.0
Mongolia ;"sptinc_p80p100_999_j_MN
Pre-tax national income 
P80-100 | share | all ages | equal split
";p80p100;1987;0.5930000000000001;1.0
Mongolia ;"sptinc_p80p100_999_j_MN
Pre-tax national income 
P80-100 | share | all ages | equal split
";p80p100;1988;0.5930000000000001;1.0
Mongolia ;"sptinc_p80p100_999_j_MN
Pre-tax national income 
P80-100 | share | all ages | equal split
";p80p100;1989;0.5930000000000001;1.0
Mongolia ;"sptinc_p80p100_999_j_MN
Pre-tax national income 
P80-100 | share | all ages | equal split
";p80p100;1990;0.5930000000000001;1.0
Mongolia ;"sptinc_p80p100_999_j_MN
Pre-tax national income 
P80-100 | share | all ages | equal split
";p80p100;1991;0.5930000000000001;1.0
Mongolia ;"sptinc_p80p100_999_j_MN
Pre-tax national income 
P80-100 | share | all ages | equal split
";p80p100;1992;0.5930000000000001;1.0
Mongolia ;"sptinc_p80p100_999_j_MN
Pre-tax national income 
P80-100 | share | all ages | equal split
";p80p100;1993;0.5930000000000001;1.0
Mongolia ;"sptinc_p80p100_999_j_MN
Pre-tax national income 
P80-100 | share | all ages | equal split
";p80p100;1994;0.5930000000000001;1.0
Mongolia ;"sptinc_p80p100_999_j_MN
Pre-tax national income 
P80-100 | share | all ages | equal split
";p80p100;1995;0.5930000000000001;3.0
Mongolia ;"sptinc_p80p100_999_j_MN
Pre-tax national income 
P80-100 | share | all ages | equal split
";p80p100;1996;0.5864;2.0
Mongolia ;"sptinc_p80p100_999_j_MN
Pre-tax national income 
P80-100 | share | all ages | equal split
";p80p100;1997;0.5799000000000001;2.0
Mongolia ;"sptinc_p80p100_999_j_MN
Pre-tax national income 
P80-100 | share | all ages | equal split
";p80p100;1998;0.5736;3.0
Mongolia ;"sptinc_p80p100_999_j_MN
Pre-tax national income 
P80-100 | share | all ages | equal split
";p80p100;1999;0.5792;2.0
Mongolia ;"sptinc_p80p100_999_j_MN
Pre-tax national income 
P80-100 | share | all ages | equal split
";p80p100;2000;0.5847;2.0
Mongolia ;"sptinc_p80p100_999_j_MN
Pre-tax national income 
P80-100 | share | all ages | equal split
";p80p100;2001;0.5902000000000001;2.0
Mongolia ;"sptinc_p80p100_999_j_MN
Pre-tax national income 
P80-100 | share | all ages | equal split
";p80p100;2002;0.5957;3.0
Mongolia ;"sptinc_p80p100_999_j_MN
Pre-tax national income 
P80-100 | share | all ages | equal split
";p80p100;2003;0.6009;2.0
Mongolia ;"sptinc_p80p100_999_j_MN
Pre-tax national income 
P80-100 | share | all ages | equal split
";p80p100;2004;0.6052000000000001;2.0
Mongolia ;"sptinc_p80p100_999_j_MN
Pre-tax national income 
P80-100 | share | all ages | equal split
";p80p100;2005;0.6089;2.0
Mongolia ;"sptinc_p80p100_999_j_MN
Pre-tax national income 
P80-100 | share | all ages | equal split
";p80p100;2006;0.6099;2.0
Mongolia ;"sptinc_p80p100_999_j_MN
Pre-tax national income 
P80-100 | share | all ages | equal split
";p80p100;2007;0.6057;3.0
Mongolia ;"sptinc_p80p100_999_j_MN
Pre-tax national income 
P80-100 | share | all ages | equal split
";p80p100;2008;0.5962000000000001;2.0
Mongolia ;"sptinc_p80p100_999_j_MN
Pre-tax national income 
P80-100 | share | all ages | equal split
";p80p100;2009;0.5861000000000001;2.0
Mongolia ;"sptinc_p80p100_999_j_MN
Pre-tax national income 
P80-100 | share | all ages | equal split
";p80p100;2010;0.5953;3.0
Mongolia ;"sptinc_p80p100_999_j_MN
Pre-tax national income 
P80-100 | share | all ages | equal split
";p80p100;2011;0.5965;3.0
Mongolia ;"sptinc_p80p100_999_j_MN
Pre-tax national income 
P80-100 | share | all ages | equal split
";p80p100;2012;0.6069;3.0
Mongolia ;"sptinc_p80p100_999_j_MN
Pre-tax national income 
P80-100 | share | all ages | equal split
";p80p100;2013;0.5961000000000001;2.0
Mongolia ;"sptinc_p80p100_999_j_MN
Pre-tax national income 
P80-100 | share | all ages | equal split
";p80p100;2014;0.5987;3.0
Mongolia ;"sptinc_p80p100_999_j_MN
Pre-tax national income 
P80-100 | share | all ages | equal split
";p80p100;2015;0.5890000000000001;2.0
Mongolia ;"sptinc_p80p100_999_j_MN
Pre-tax national income 
P80-100 | share | all ages | equal split
";p80p100;2016;0.5882000000000001;3.0
Mongolia ;"sptinc_p80p100_999_j_MN
Pre-tax national income 
P80-100 | share | all ages | equal split
";p80p100;2017;0.5875;2.0
Mongolia ;"sptinc_p80p100_999_j_MN
Pre-tax national income 
P80-100 | share | all ages | equal split
";p80p100;2018;0.5894;3.0
Mongolia ;"sptinc_p80p100_999_j_MN
Pre-tax national income 
P80-100 | share | all ages | equal split
";p80p100;2019;0.5850000000000001;1.0
Mongolia ;"sptinc_p80p100_999_j_MN
Pre-tax national income 
P80-100 | share | all ages | equal split
";p80p100;2020;0.5850000000000001;1.0
Mongolia ;"sptinc_p80p100_999_j_MN
Pre-tax national income 
P80-100 | share | all ages | equal split
";p80p100;2021;0.5850000000000001;1.0
Mongolia ;"sptinc_p80p100_999_j_MN
Pre-tax national income 
P80-100 | share | all ages | equal split
";p80p100;2022;0.5850000000000001;1.0
Mongolia ;"sptinc_p80p100_999_j_MN
Pre-tax national income 
P80-100 | share | all ages | equal split
";p80p100;2023;0.5850000000000001;1.0
Mongolia ;"sptinc_p80p100_999_j_MN
Pre-tax national income 
P80-100 | share | all ages | equal split
";p80p100;2024;0.5850000000000001;1.0
Montenegro ;"sptinc_p80p100_999_j_ME
Pre-tax national income 
P80-100 | share | all ages | equal split
";p80p100;1940;;
Montenegro ;"sptinc_p80p100_999_j_ME
Pre-tax national income 
P80-100 | share | all ages | equal split
";p80p100;1941;;
Montenegro ;"sptinc_p80p100_999_j_ME
Pre-tax national income 
P80-100 | share | all ages | equal split
";p80p100;1942;;
Montenegro ;"sptinc_p80p100_999_j_ME
Pre-tax national income 
P80-100 | share | all ages | equal split
";p80p100;1943;;
Montenegro ;"sptinc_p80p100_999_j_ME
Pre-tax national income 
P80-100 | share | all ages | equal split
";p80p100;1944;;
Montenegro ;"sptinc_p80p100_999_j_ME
Pre-tax national income 
P80-100 | share | all ages | equal split
";p80p100;1945;;
Montenegro ;"sptinc_p80p100_999_j_ME
Pre-tax national income 
P80-100 | share | all ages | equal split
";p80p100;1946;;
Montenegro ;"sptinc_p80p100_999_j_ME
Pre-tax national income 
P80-100 | share | all ages | equal split
";p80p100;1947;;
Montenegro ;"sptinc_p80p100_999_j_ME
Pre-tax national income 
P80-100 | share | all ages | equal split
";p80p100;1948;;
Montenegro ;"sptinc_p80p100_999_j_ME
Pre-tax national income 
P80-100 | share | all ages | equal split
";p80p100;1949;;
Montenegro ;"sptinc_p80p100_999_j_ME
Pre-tax national income 
P80-100 | share | all ages | equal split
";p80p100;1950;;
Montenegro ;"sptinc_p80p100_999_j_ME
Pre-tax national income 
P80-100 | share | all ages | equal split
";p80p100;1951;;
Montenegro ;"sptinc_p80p100_999_j_ME
Pre-tax national income 
P80-100 | share | all ages | equal split
";p80p100;1952;;
Montenegro ;"sptinc_p80p100_999_j_ME
Pre-tax national income 
P80-100 | share | all ages | equal split
";p80p100;1953;;
Montenegro ;"sptinc_p80p100_999_j_ME
Pre-tax national income 
P80-100 | share | all ages | equal split
";p80p100;1954;;
Montenegro ;"sptinc_p80p100_999_j_ME
Pre-tax national income 
P80-100 | share | all ages | equal split
";p80p100;1955;;
Montenegro ;"sptinc_p80p100_999_j_ME
Pre-tax national income 
P80-100 | share | all ages | equal split
";p80p100;1956;;
Montenegro ;"sptinc_p80p100_999_j_ME
Pre-tax national income 
P80-100 | share | all ages | equal split
";p80p100;1957;;
Montenegro ;"sptinc_p80p100_999_j_ME
Pre-tax national income 
P80-100 | share | all ages | equal split
";p80p100;1958;;
Montenegro ;"sptinc_p80p100_999_j_ME
Pre-tax national income 
P80-100 | share | all ages | equal split
";p80p100;1959;;
Montenegro ;"sptinc_p80p100_999_j_ME
Pre-tax national income 
P80-100 | share | all ages | equal split
";p80p100;1960;;
Montenegro ;"sptinc_p80p100_999_j_ME
Pre-tax national income 
P80-100 | share | all ages | equal split
";p80p100;1961;;
Montenegro ;"sptinc_p80p100_999_j_ME
Pre-tax national income 
P80-100 | share | all ages | equal split
";p80p100;1962;;
Montenegro ;"sptinc_p80p100_999_j_ME
Pre-tax national income 
P80-100 | share | all ages | equal split
";p80p100;1963;;
Montenegro ;"sptinc_p80p100_999_j_ME
Pre-tax national income 
P80-100 | share | all ages | equal split
";p80p100;1964;;
Montenegro ;"sptinc_p80p100_999_j_ME
Pre-tax national income 
P80-100 | share | all ages | equal split
";p80p100;1965;;
Montenegro ;"sptinc_p80p100_999_j_ME
Pre-tax national income 
P80-100 | share | all ages | equal split
";p80p100;1966;;
Montenegro ;"sptinc_p80p100_999_j_ME
Pre-tax national income 
P80-100 | share | all ages | equal split
";p80p100;1967;;
Montenegro ;"sptinc_p80p100_999_j_ME
Pre-tax national income 
P80-100 | share | all ages | equal split
";p80p100;1968;;
Montenegro ;"sptinc_p80p100_999_j_ME
Pre-tax national income 
P80-100 | share | all ages | equal split
";p80p100;1969;;
Montenegro ;"sptinc_p80p100_999_j_ME
Pre-tax national income 
P80-100 | share | all ages | equal split
";p80p100;1970;;
Montenegro ;"sptinc_p80p100_999_j_ME
Pre-tax national income 
P80-100 | share | all ages | equal split
";p80p100;1971;;
Montenegro ;"sptinc_p80p100_999_j_ME
Pre-tax national income 
P80-100 | share | all ages | equal split
";p80p100;1972;;
Montenegro ;"sptinc_p80p100_999_j_ME
Pre-tax national income 
P80-100 | share | all ages | equal split
";p80p100;1973;;
Montenegro ;"sptinc_p80p100_999_j_ME
Pre-tax national income 
P80-100 | share | all ages | equal split
";p80p100;1974;;
Montenegro ;"sptinc_p80p100_999_j_ME
Pre-tax national income 
P80-100 | share | all ages | equal split
";p80p100;1975;;
Montenegro ;"sptinc_p80p100_999_j_ME
Pre-tax national income 
P80-100 | share | all ages | equal split
";p80p100;1976;;
Montenegro ;"sptinc_p80p100_999_j_ME
Pre-tax national income 
P80-100 | share | all ages | equal split
";p80p100;1977;;
Montenegro ;"sptinc_p80p100_999_j_ME
Pre-tax national income 
P80-100 | share | all ages | equal split
";p80p100;1978;;
Montenegro ;"sptinc_p80p100_999_j_ME
Pre-tax national income 
P80-100 | share | all ages | equal split
";p80p100;1979;;
Montenegro ;"sptinc_p80p100_999_j_ME
Pre-tax national income 
P80-100 | share | all ages | equal split
";p80p100;1980;0.4438;1.0
Montenegro ;"sptinc_p80p100_999_j_ME
Pre-tax national income 
P80-100 | share | all ages | equal split
";p80p100;1981;0.4438;1.0
Montenegro ;"sptinc_p80p100_999_j_ME
Pre-tax national income 
P80-100 | share | all ages | equal split
";p80p100;1982;0.4438;1.0
Montenegro ;"sptinc_p80p100_999_j_ME
Pre-tax national income 
P80-100 | share | all ages | equal split
";p80p100;1983;0.4437;1.0
Montenegro ;"sptinc_p80p100_999_j_ME
Pre-tax national income 
P80-100 | share | all ages | equal split
";p80p100;1984;0.4544;1.0
Montenegro ;"sptinc_p80p100_999_j_ME
Pre-tax national income 
P80-100 | share | all ages | equal split
";p80p100;1985;0.4489;1.0
Montenegro ;"sptinc_p80p100_999_j_ME
Pre-tax national income 
P80-100 | share | all ages | equal split
";p80p100;1986;0.4496;1.0
Montenegro ;"sptinc_p80p100_999_j_ME
Pre-tax national income 
P80-100 | share | all ages | equal split
";p80p100;1987;0.4554;1.0
Montenegro ;"sptinc_p80p100_999_j_ME
Pre-tax national income 
P80-100 | share | all ages | equal split
";p80p100;1988;0.4748;1.0
Montenegro ;"sptinc_p80p100_999_j_ME
Pre-tax national income 
P80-100 | share | all ages | equal split
";p80p100;1989;0.4434;1.0
Montenegro ;"sptinc_p80p100_999_j_ME
Pre-tax national income 
P80-100 | share | all ages | equal split
";p80p100;1990;0.4407;1.0
Montenegro ;"sptinc_p80p100_999_j_ME
Pre-tax national income 
P80-100 | share | all ages | equal split
";p80p100;1991;0.4453;1.0
Montenegro ;"sptinc_p80p100_999_j_ME
Pre-tax national income 
P80-100 | share | all ages | equal split
";p80p100;1992;0.4497;1.0
Montenegro ;"sptinc_p80p100_999_j_ME
Pre-tax national income 
P80-100 | share | all ages | equal split
";p80p100;1993;0.4545;1.0
Montenegro ;"sptinc_p80p100_999_j_ME
Pre-tax national income 
P80-100 | share | all ages | equal split
";p80p100;1994;0.4594;1.0
Montenegro ;"sptinc_p80p100_999_j_ME
Pre-tax national income 
P80-100 | share | all ages | equal split
";p80p100;1995;0.4649;1.0
Montenegro ;"sptinc_p80p100_999_j_ME
Pre-tax national income 
P80-100 | share | all ages | equal split
";p80p100;1996;0.4658;1.0
Montenegro ;"sptinc_p80p100_999_j_ME
Pre-tax national income 
P80-100 | share | all ages | equal split
";p80p100;1997;0.4674;1.0
Montenegro ;"sptinc_p80p100_999_j_ME
Pre-tax national income 
P80-100 | share | all ages | equal split
";p80p100;1998;0.4706;1.0
Montenegro ;"sptinc_p80p100_999_j_ME
Pre-tax national income 
P80-100 | share | all ages | equal split
";p80p100;1999;0.456;1.0
Montenegro ;"sptinc_p80p100_999_j_ME
Pre-tax national income 
P80-100 | share | all ages | equal split
";p80p100;2000;0.5118;1.0
Montenegro ;"sptinc_p80p100_999_j_ME
Pre-tax national income 
P80-100 | share | all ages | equal split
";p80p100;2001;0.4784;1.0
Montenegro ;"sptinc_p80p100_999_j_ME
Pre-tax national income 
P80-100 | share | all ages | equal split
";p80p100;2002;0.4847;1.0
Montenegro ;"sptinc_p80p100_999_j_ME
Pre-tax national income 
P80-100 | share | all ages | equal split
";p80p100;2003;0.492;1.0
Montenegro ;"sptinc_p80p100_999_j_ME
Pre-tax national income 
P80-100 | share | all ages | equal split
";p80p100;2004;0.4949;1.0
Montenegro ;"sptinc_p80p100_999_j_ME
Pre-tax national income 
P80-100 | share | all ages | equal split
";p80p100;2005;0.5019;1.0
Montenegro ;"sptinc_p80p100_999_j_ME
Pre-tax national income 
P80-100 | share | all ages | equal split
";p80p100;2006;0.5131;1.0
Montenegro ;"sptinc_p80p100_999_j_ME
Pre-tax national income 
P80-100 | share | all ages | equal split
";p80p100;2007;0.5058;1.0
Montenegro ;"sptinc_p80p100_999_j_ME
Pre-tax national income 
P80-100 | share | all ages | equal split
";p80p100;2008;0.515;1.0
Montenegro ;"sptinc_p80p100_999_j_ME
Pre-tax national income 
P80-100 | share | all ages | equal split
";p80p100;2009;0.5172;1.0
Montenegro ;"sptinc_p80p100_999_j_ME
Pre-tax national income 
P80-100 | share | all ages | equal split
";p80p100;2010;0.5218;1.0
Montenegro ;"sptinc_p80p100_999_j_ME
Pre-tax national income 
P80-100 | share | all ages | equal split
";p80p100;2011;0.5296000000000001;1.0
Montenegro ;"sptinc_p80p100_999_j_ME
Pre-tax national income 
P80-100 | share | all ages | equal split
";p80p100;2012;0.5354;1.0
Montenegro ;"sptinc_p80p100_999_j_ME
Pre-tax national income 
P80-100 | share | all ages | equal split
";p80p100;2013;0.5285000000000001;1.0
Montenegro ;"sptinc_p80p100_999_j_ME
Pre-tax national income 
P80-100 | share | all ages | equal split
";p80p100;2014;0.5241;1.0
Montenegro ;"sptinc_p80p100_999_j_ME
Pre-tax national income 
P80-100 | share | all ages | equal split
";p80p100;2015;0.5502;1.0
Montenegro ;"sptinc_p80p100_999_j_ME
Pre-tax national income 
P80-100 | share | all ages | equal split
";p80p100;2016;0.5369;1.0
Montenegro ;"sptinc_p80p100_999_j_ME
Pre-tax national income 
P80-100 | share | all ages | equal split
";p80p100;2017;0.5194;1.0
Montenegro ;"sptinc_p80p100_999_j_ME
Pre-tax national income 
P80-100 | share | all ages | equal split
";p80p100;2018;0.5273;1.0
Montenegro ;"sptinc_p80p100_999_j_ME
Pre-tax national income 
P80-100 | share | all ages | equal split
";p80p100;2019;0.5248;1.0
Montenegro ;"sptinc_p80p100_999_j_ME
Pre-tax national income 
P80-100 | share | all ages | equal split
";p80p100;2020;0.5246000000000001;1.0
Montenegro ;"sptinc_p80p100_999_j_ME
Pre-tax national income 
P80-100 | share | all ages | equal split
";p80p100;2021;0.5241;1.0
Montenegro ;"sptinc_p80p100_999_j_ME
Pre-tax national income 
P80-100 | share | all ages | equal split
";p80p100;2022;0.5256000000000001;1.0
Montenegro ;"sptinc_p80p100_999_j_ME
Pre-tax national income 
P80-100 | share | all ages | equal split
";p80p100;2023;0.5247;1.0
Montenegro ;"sptinc_p80p100_999_j_ME
Pre-tax national income 
P80-100 | share | all ages | equal split
";p80p100;2024;0.5247;1.0
Montserrat ;"sptinc_p80p100_999_j_MS
Pre-tax national income 
P80-100 | share | all ages | equal split
";p80p100;1940;;
Montserrat ;"sptinc_p80p100_999_j_MS
Pre-tax national income 
P80-100 | share | all ages | equal split
";p80p100;1941;;
Montserrat ;"sptinc_p80p100_999_j_MS
Pre-tax national income 
P80-100 | share | all ages | equal split
";p80p100;1942;;
Montserrat ;"sptinc_p80p100_999_j_MS
Pre-tax national income 
P80-100 | share | all ages | equal split
";p80p100;1943;;
Montserrat ;"sptinc_p80p100_999_j_MS
Pre-tax national income 
P80-100 | share | all ages | equal split
";p80p100;1944;;
Montserrat ;"sptinc_p80p100_999_j_MS
Pre-tax national income 
P80-100 | share | all ages | equal split
";p80p100;1945;;
Montserrat ;"sptinc_p80p100_999_j_MS
Pre-tax national income 
P80-100 | share | all ages | equal split
";p80p100;1946;;
Montserrat ;"sptinc_p80p100_999_j_MS
Pre-tax national income 
P80-100 | share | all ages | equal split
";p80p100;1947;;
Montserrat ;"sptinc_p80p100_999_j_MS
Pre-tax national income 
P80-100 | share | all ages | equal split
";p80p100;1948;;
Montserrat ;"sptinc_p80p100_999_j_MS
Pre-tax national income 
P80-100 | share | all ages | equal split
";p80p100;1949;;
Montserrat ;"sptinc_p80p100_999_j_MS
Pre-tax national income 
P80-100 | share | all ages | equal split
";p80p100;1950;;
Montserrat ;"sptinc_p80p100_999_j_MS
Pre-tax national income 
P80-100 | share | all ages | equal split
";p80p100;1951;;
Montserrat ;"sptinc_p80p100_999_j_MS
Pre-tax national income 
P80-100 | share | all ages | equal split
";p80p100;1952;;
Montserrat ;"sptinc_p80p100_999_j_MS
Pre-tax national income 
P80-100 | share | all ages | equal split
";p80p100;1953;;
Montserrat ;"sptinc_p80p100_999_j_MS
Pre-tax national income 
P80-100 | share | all ages | equal split
";p80p100;1954;;
Montserrat ;"sptinc_p80p100_999_j_MS
Pre-tax national income 
P80-100 | share | all ages | equal split
";p80p100;1955;;
Montserrat ;"sptinc_p80p100_999_j_MS
Pre-tax national income 
P80-100 | share | all ages | equal split
";p80p100;1956;;
Montserrat ;"sptinc_p80p100_999_j_MS
Pre-tax national income 
P80-100 | share | all ages | equal split
";p80p100;1957;;
Montserrat ;"sptinc_p80p100_999_j_MS
Pre-tax national income 
P80-100 | share | all ages | equal split
";p80p100;1958;;
Montserrat ;"sptinc_p80p100_999_j_MS
Pre-tax national income 
P80-100 | share | all ages | equal split
";p80p100;1959;;
Montserrat ;"sptinc_p80p100_999_j_MS
Pre-tax national income 
P80-100 | share | all ages | equal split
";p80p100;1960;;
Montserrat ;"sptinc_p80p100_999_j_MS
Pre-tax national income 
P80-100 | share | all ages | equal split
";p80p100;1961;;
Montserrat ;"sptinc_p80p100_999_j_MS
Pre-tax national income 
P80-100 | share | all ages | equal split
";p80p100;1962;;
Montserrat ;"sptinc_p80p100_999_j_MS
Pre-tax national income 
P80-100 | share | all ages | equal split
";p80p100;1963;;
Montserrat ;"sptinc_p80p100_999_j_MS
Pre-tax national income 
P80-100 | share | all ages | equal split
";p80p100;1964;;
Montserrat ;"sptinc_p80p100_999_j_MS
Pre-tax national income 
P80-100 | share | all ages | equal split
";p80p100;1965;;
Montserrat ;"sptinc_p80p100_999_j_MS
Pre-tax national income 
P80-100 | share | all ages | equal split
";p80p100;1966;;
Montserrat ;"sptinc_p80p100_999_j_MS
Pre-tax national income 
P80-100 | share | all ages | equal split
";p80p100;1967;;
Montserrat ;"sptinc_p80p100_999_j_MS
Pre-tax national income 
P80-100 | share | all ages | equal split
";p80p100;1968;;
Montserrat ;"sptinc_p80p100_999_j_MS
Pre-tax national income 
P80-100 | share | all ages | equal split
";p80p100;1969;;
Montserrat ;"sptinc_p80p100_999_j_MS
Pre-tax national income 
P80-100 | share | all ages | equal split
";p80p100;1970;;
Montserrat ;"sptinc_p80p100_999_j_MS
Pre-tax national income 
P80-100 | share | all ages | equal split
";p80p100;1971;;
Montserrat ;"sptinc_p80p100_999_j_MS
Pre-tax national income 
P80-100 | share | all ages | equal split
";p80p100;1972;;
Montserrat ;"sptinc_p80p100_999_j_MS
Pre-tax national income 
P80-100 | share | all ages | equal split
";p80p100;1973;;
Montserrat ;"sptinc_p80p100_999_j_MS
Pre-tax national income 
P80-100 | share | all ages | equal split
";p80p100;1974;;
Montserrat ;"sptinc_p80p100_999_j_MS
Pre-tax national income 
P80-100 | share | all ages | equal split
";p80p100;1975;;
Montserrat ;"sptinc_p80p100_999_j_MS
Pre-tax national income 
P80-100 | share | all ages | equal split
";p80p100;1976;;
Montserrat ;"sptinc_p80p100_999_j_MS
Pre-tax national income 
P80-100 | share | all ages | equal split
";p80p100;1977;;
Montserrat ;"sptinc_p80p100_999_j_MS
Pre-tax national income 
P80-100 | share | all ages | equal split
";p80p100;1978;;
Montserrat ;"sptinc_p80p100_999_j_MS
Pre-tax national income 
P80-100 | share | all ages | equal split
";p80p100;1979;;
Montserrat ;"sptinc_p80p100_999_j_MS
Pre-tax national income 
P80-100 | share | all ages | equal split
";p80p100;1980;0.7091000000000001;0.0
Montserrat ;"sptinc_p80p100_999_j_MS
Pre-tax national income 
P80-100 | share | all ages | equal split
";p80p100;1981;0.7093;0.0
Montserrat ;"sptinc_p80p100_999_j_MS
Pre-tax national income 
P80-100 | share | all ages | equal split
";p80p100;1982;0.7094;0.0
Montserrat ;"sptinc_p80p100_999_j_MS
Pre-tax national income 
P80-100 | share | all ages | equal split
";p80p100;1983;0.7096;0.0
Montserrat ;"sptinc_p80p100_999_j_MS
Pre-tax national income 
P80-100 | share | all ages | equal split
";p80p100;1984;0.7098;0.0
Montserrat ;"sptinc_p80p100_999_j_MS
Pre-tax national income 
P80-100 | share | all ages | equal split
";p80p100;1985;0.7100000000000001;0.0
Montserrat ;"sptinc_p80p100_999_j_MS
Pre-tax national income 
P80-100 | share | all ages | equal split
";p80p100;1986;0.7102;0.0
Montserrat ;"sptinc_p80p100_999_j_MS
Pre-tax national income 
P80-100 | share | all ages | equal split
";p80p100;1987;0.7104;0.0
Montserrat ;"sptinc_p80p100_999_j_MS
Pre-tax national income 
P80-100 | share | all ages | equal split
";p80p100;1988;0.7106;0.0
Montserrat ;"sptinc_p80p100_999_j_MS
Pre-tax national income 
P80-100 | share | all ages | equal split
";p80p100;1989;0.7108;0.0
Montserrat ;"sptinc_p80p100_999_j_MS
Pre-tax national income 
P80-100 | share | all ages | equal split
";p80p100;1990;0.7111000000000001;0.0
Montserrat ;"sptinc_p80p100_999_j_MS
Pre-tax national income 
P80-100 | share | all ages | equal split
";p80p100;1991;0.7101000000000001;0.0
Montserrat ;"sptinc_p80p100_999_j_MS
Pre-tax national income 
P80-100 | share | all ages | equal split
";p80p100;1992;0.7092;0.0
Montserrat ;"sptinc_p80p100_999_j_MS
Pre-tax national income 
P80-100 | share | all ages | equal split
";p80p100;1993;0.7083;0.0
Montserrat ;"sptinc_p80p100_999_j_MS
Pre-tax national income 
P80-100 | share | all ages | equal split
";p80p100;1994;0.7074;0.0
Montserrat ;"sptinc_p80p100_999_j_MS
Pre-tax national income 
P80-100 | share | all ages | equal split
";p80p100;1995;0.7065;0.0
Montserrat ;"sptinc_p80p100_999_j_MS
Pre-tax national income 
P80-100 | share | all ages | equal split
";p80p100;1996;0.7056;0.0
Montserrat ;"sptinc_p80p100_999_j_MS
Pre-tax national income 
P80-100 | share | all ages | equal split
";p80p100;1997;0.7047;0.0
Montserrat ;"sptinc_p80p100_999_j_MS
Pre-tax national income 
P80-100 | share | all ages | equal split
";p80p100;1998;0.7038;0.0
Montserrat ;"sptinc_p80p100_999_j_MS
Pre-tax national income 
P80-100 | share | all ages | equal split
";p80p100;1999;0.7030000000000001;0.0
Montserrat ;"sptinc_p80p100_999_j_MS
Pre-tax national income 
P80-100 | share | all ages | equal split
";p80p100;2000;0.7021000000000001;0.0
Montserrat ;"sptinc_p80p100_999_j_MS
Pre-tax national income 
P80-100 | share | all ages | equal split
";p80p100;2001;0.7007;0.0
Montserrat ;"sptinc_p80p100_999_j_MS
Pre-tax national income 
P80-100 | share | all ages | equal split
";p80p100;2002;0.6994;0.0
Montserrat ;"sptinc_p80p100_999_j_MS
Pre-tax national income 
P80-100 | share | all ages | equal split
";p80p100;2003;0.6981;0.0
Montserrat ;"sptinc_p80p100_999_j_MS
Pre-tax national income 
P80-100 | share | all ages | equal split
";p80p100;2004;0.6969000000000001;0.0
Montserrat ;"sptinc_p80p100_999_j_MS
Pre-tax national income 
P80-100 | share | all ages | equal split
";p80p100;2005;0.6958000000000001;0.0
Montserrat ;"sptinc_p80p100_999_j_MS
Pre-tax national income 
P80-100 | share | all ages | equal split
";p80p100;2006;0.6947;0.0
Montserrat ;"sptinc_p80p100_999_j_MS
Pre-tax national income 
P80-100 | share | all ages | equal split
";p80p100;2007;0.6936;0.0
Montserrat ;"sptinc_p80p100_999_j_MS
Pre-tax national income 
P80-100 | share | all ages | equal split
";p80p100;2008;0.6926;0.0
Montserrat ;"sptinc_p80p100_999_j_MS
Pre-tax national income 
P80-100 | share | all ages | equal split
";p80p100;2009;0.6917;0.0
Montserrat ;"sptinc_p80p100_999_j_MS
Pre-tax national income 
P80-100 | share | all ages | equal split
";p80p100;2010;0.6908000000000001;0.0
Montserrat ;"sptinc_p80p100_999_j_MS
Pre-tax national income 
P80-100 | share | all ages | equal split
";p80p100;2011;0.6818000000000001;0.0
Montserrat ;"sptinc_p80p100_999_j_MS
Pre-tax national income 
P80-100 | share | all ages | equal split
";p80p100;2012;0.6729;0.0
Montserrat ;"sptinc_p80p100_999_j_MS
Pre-tax national income 
P80-100 | share | all ages | equal split
";p80p100;2013;0.664;0.0
Montserrat ;"sptinc_p80p100_999_j_MS
Pre-tax national income 
P80-100 | share | all ages | equal split
";p80p100;2014;0.6553;0.0
Montserrat ;"sptinc_p80p100_999_j_MS
Pre-tax national income 
P80-100 | share | all ages | equal split
";p80p100;2015;0.6465000000000001;0.0
Montserrat ;"sptinc_p80p100_999_j_MS
Pre-tax national income 
P80-100 | share | all ages | equal split
";p80p100;2016;0.6379;0.0
Montserrat ;"sptinc_p80p100_999_j_MS
Pre-tax national income 
P80-100 | share | all ages | equal split
";p80p100;2017;0.6293000000000001;0.0
Montserrat ;"sptinc_p80p100_999_j_MS
Pre-tax national income 
P80-100 | share | all ages | equal split
";p80p100;2018;0.6208;0.0
Montserrat ;"sptinc_p80p100_999_j_MS
Pre-tax national income 
P80-100 | share | all ages | equal split
";p80p100;2019;0.6123000000000001;0.0
Montserrat ;"sptinc_p80p100_999_j_MS
Pre-tax national income 
P80-100 | share | all ages | equal split
";p80p100;2020;0.6039;0.0
Montserrat ;"sptinc_p80p100_999_j_MS
Pre-tax national income 
P80-100 | share | all ages | equal split
";p80p100;2021;0.6039;0.0
Montserrat ;"sptinc_p80p100_999_j_MS
Pre-tax national income 
P80-100 | share | all ages | equal split
";p80p100;2022;0.6039;0.0
Montserrat ;"sptinc_p80p100_999_j_MS
Pre-tax national income 
P80-100 | share | all ages | equal split
";p80p100;2023;0.6039;0.0
Montserrat ;"sptinc_p80p100_999_j_MS
Pre-tax national income 
P80-100 | share | all ages | equal split
";p80p100;2024;0.6039;0.0
Morocco ;"sptinc_p80p100_999_j_MA
Pre-tax national income 
P80-100 | share | all ages | equal split
";p80p100;1940;0.7101000000000001;0.0
Morocco ;"sptinc_p80p100_999_j_MA
Pre-tax national income 
P80-100 | share | all ages | equal split
";p80p100;1941;;
Morocco ;"sptinc_p80p100_999_j_MA
Pre-tax national income 
P80-100 | share | all ages | equal split
";p80p100;1942;;
Morocco ;"sptinc_p80p100_999_j_MA
Pre-tax national income 
P80-100 | share | all ages | equal split
";p80p100;1943;;
Morocco ;"sptinc_p80p100_999_j_MA
Pre-tax national income 
P80-100 | share | all ages | equal split
";p80p100;1944;;
Morocco ;"sptinc_p80p100_999_j_MA
Pre-tax national income 
P80-100 | share | all ages | equal split
";p80p100;1945;;
Morocco ;"sptinc_p80p100_999_j_MA
Pre-tax national income 
P80-100 | share | all ages | equal split
";p80p100;1946;;
Morocco ;"sptinc_p80p100_999_j_MA
Pre-tax national income 
P80-100 | share | all ages | equal split
";p80p100;1947;;
Morocco ;"sptinc_p80p100_999_j_MA
Pre-tax national income 
P80-100 | share | all ages | equal split
";p80p100;1948;;
Morocco ;"sptinc_p80p100_999_j_MA
Pre-tax national income 
P80-100 | share | all ages | equal split
";p80p100;1949;;
Morocco ;"sptinc_p80p100_999_j_MA
Pre-tax national income 
P80-100 | share | all ages | equal split
";p80p100;1950;0.6508;0.0
Morocco ;"sptinc_p80p100_999_j_MA
Pre-tax national income 
P80-100 | share | all ages | equal split
";p80p100;1951;;
Morocco ;"sptinc_p80p100_999_j_MA
Pre-tax national income 
P80-100 | share | all ages | equal split
";p80p100;1952;;
Morocco ;"sptinc_p80p100_999_j_MA
Pre-tax national income 
P80-100 | share | all ages | equal split
";p80p100;1953;;
Morocco ;"sptinc_p80p100_999_j_MA
Pre-tax national income 
P80-100 | share | all ages | equal split
";p80p100;1954;;
Morocco ;"sptinc_p80p100_999_j_MA
Pre-tax national income 
P80-100 | share | all ages | equal split
";p80p100;1955;;
Morocco ;"sptinc_p80p100_999_j_MA
Pre-tax national income 
P80-100 | share | all ages | equal split
";p80p100;1956;;
Morocco ;"sptinc_p80p100_999_j_MA
Pre-tax national income 
P80-100 | share | all ages | equal split
";p80p100;1957;;
Morocco ;"sptinc_p80p100_999_j_MA
Pre-tax national income 
P80-100 | share | all ages | equal split
";p80p100;1958;;
Morocco ;"sptinc_p80p100_999_j_MA
Pre-tax national income 
P80-100 | share | all ages | equal split
";p80p100;1959;;
Morocco ;"sptinc_p80p100_999_j_MA
Pre-tax national income 
P80-100 | share | all ages | equal split
";p80p100;1960;0.7073;0.0
Morocco ;"sptinc_p80p100_999_j_MA
Pre-tax national income 
P80-100 | share | all ages | equal split
";p80p100;1961;;
Morocco ;"sptinc_p80p100_999_j_MA
Pre-tax national income 
P80-100 | share | all ages | equal split
";p80p100;1962;;
Morocco ;"sptinc_p80p100_999_j_MA
Pre-tax national income 
P80-100 | share | all ages | equal split
";p80p100;1963;;
Morocco ;"sptinc_p80p100_999_j_MA
Pre-tax national income 
P80-100 | share | all ages | equal split
";p80p100;1964;;
Morocco ;"sptinc_p80p100_999_j_MA
Pre-tax national income 
P80-100 | share | all ages | equal split
";p80p100;1965;;
Morocco ;"sptinc_p80p100_999_j_MA
Pre-tax national income 
P80-100 | share | all ages | equal split
";p80p100;1966;;
Morocco ;"sptinc_p80p100_999_j_MA
Pre-tax national income 
P80-100 | share | all ages | equal split
";p80p100;1967;;
Morocco ;"sptinc_p80p100_999_j_MA
Pre-tax national income 
P80-100 | share | all ages | equal split
";p80p100;1968;;
Morocco ;"sptinc_p80p100_999_j_MA
Pre-tax national income 
P80-100 | share | all ages | equal split
";p80p100;1969;;
Morocco ;"sptinc_p80p100_999_j_MA
Pre-tax national income 
P80-100 | share | all ages | equal split
";p80p100;1970;0.7628;0.0
Morocco ;"sptinc_p80p100_999_j_MA
Pre-tax national income 
P80-100 | share | all ages | equal split
";p80p100;1971;;
Morocco ;"sptinc_p80p100_999_j_MA
Pre-tax national income 
P80-100 | share | all ages | equal split
";p80p100;1972;;
Morocco ;"sptinc_p80p100_999_j_MA
Pre-tax national income 
P80-100 | share | all ages | equal split
";p80p100;1973;;
Morocco ;"sptinc_p80p100_999_j_MA
Pre-tax national income 
P80-100 | share | all ages | equal split
";p80p100;1974;;
Morocco ;"sptinc_p80p100_999_j_MA
Pre-tax national income 
P80-100 | share | all ages | equal split
";p80p100;1975;;
Morocco ;"sptinc_p80p100_999_j_MA
Pre-tax national income 
P80-100 | share | all ages | equal split
";p80p100;1976;;
Morocco ;"sptinc_p80p100_999_j_MA
Pre-tax national income 
P80-100 | share | all ages | equal split
";p80p100;1977;;
Morocco ;"sptinc_p80p100_999_j_MA
Pre-tax national income 
P80-100 | share | all ages | equal split
";p80p100;1978;;
Morocco ;"sptinc_p80p100_999_j_MA
Pre-tax national income 
P80-100 | share | all ages | equal split
";p80p100;1979;;
Morocco ;"sptinc_p80p100_999_j_MA
Pre-tax national income 
P80-100 | share | all ages | equal split
";p80p100;1980;0.6294000000000001;1.0
Morocco ;"sptinc_p80p100_999_j_MA
Pre-tax national income 
P80-100 | share | all ages | equal split
";p80p100;1981;0.6294000000000001;1.0
Morocco ;"sptinc_p80p100_999_j_MA
Pre-tax national income 
P80-100 | share | all ages | equal split
";p80p100;1982;0.6294000000000001;1.0
Morocco ;"sptinc_p80p100_999_j_MA
Pre-tax national income 
P80-100 | share | all ages | equal split
";p80p100;1983;0.6294000000000001;1.0
Morocco ;"sptinc_p80p100_999_j_MA
Pre-tax national income 
P80-100 | share | all ages | equal split
";p80p100;1984;0.6294000000000001;1.0
Morocco ;"sptinc_p80p100_999_j_MA
Pre-tax national income 
P80-100 | share | all ages | equal split
";p80p100;1985;0.6294000000000001;1.0
Morocco ;"sptinc_p80p100_999_j_MA
Pre-tax national income 
P80-100 | share | all ages | equal split
";p80p100;1986;0.6294000000000001;1.0
Morocco ;"sptinc_p80p100_999_j_MA
Pre-tax national income 
P80-100 | share | all ages | equal split
";p80p100;1987;0.6294000000000001;1.0
Morocco ;"sptinc_p80p100_999_j_MA
Pre-tax national income 
P80-100 | share | all ages | equal split
";p80p100;1988;0.6294000000000001;1.0
Morocco ;"sptinc_p80p100_999_j_MA
Pre-tax national income 
P80-100 | share | all ages | equal split
";p80p100;1989;0.6294000000000001;1.0
Morocco ;"sptinc_p80p100_999_j_MA
Pre-tax national income 
P80-100 | share | all ages | equal split
";p80p100;1990;0.6294000000000001;1.0
Morocco ;"sptinc_p80p100_999_j_MA
Pre-tax national income 
P80-100 | share | all ages | equal split
";p80p100;1991;0.6294000000000001;1.0
Morocco ;"sptinc_p80p100_999_j_MA
Pre-tax national income 
P80-100 | share | all ages | equal split
";p80p100;1992;0.6294000000000001;1.0
Morocco ;"sptinc_p80p100_999_j_MA
Pre-tax national income 
P80-100 | share | all ages | equal split
";p80p100;1993;0.6294000000000001;1.0
Morocco ;"sptinc_p80p100_999_j_MA
Pre-tax national income 
P80-100 | share | all ages | equal split
";p80p100;1994;0.6294000000000001;1.0
Morocco ;"sptinc_p80p100_999_j_MA
Pre-tax national income 
P80-100 | share | all ages | equal split
";p80p100;1995;0.6294000000000001;1.0
Morocco ;"sptinc_p80p100_999_j_MA
Pre-tax national income 
P80-100 | share | all ages | equal split
";p80p100;1996;0.6294000000000001;1.0
Morocco ;"sptinc_p80p100_999_j_MA
Pre-tax national income 
P80-100 | share | all ages | equal split
";p80p100;1997;0.6294000000000001;1.0
Morocco ;"sptinc_p80p100_999_j_MA
Pre-tax national income 
P80-100 | share | all ages | equal split
";p80p100;1998;0.6294000000000001;1.0
Morocco ;"sptinc_p80p100_999_j_MA
Pre-tax national income 
P80-100 | share | all ages | equal split
";p80p100;1999;0.6294000000000001;1.0
Morocco ;"sptinc_p80p100_999_j_MA
Pre-tax national income 
P80-100 | share | all ages | equal split
";p80p100;2000;0.6294000000000001;1.0
Morocco ;"sptinc_p80p100_999_j_MA
Pre-tax national income 
P80-100 | share | all ages | equal split
";p80p100;2001;0.6294000000000001;1.0
Morocco ;"sptinc_p80p100_999_j_MA
Pre-tax national income 
P80-100 | share | all ages | equal split
";p80p100;2002;0.6294000000000001;1.0
Morocco ;"sptinc_p80p100_999_j_MA
Pre-tax national income 
P80-100 | share | all ages | equal split
";p80p100;2003;0.6294000000000001;1.0
Morocco ;"sptinc_p80p100_999_j_MA
Pre-tax national income 
P80-100 | share | all ages | equal split
";p80p100;2004;0.6294000000000001;1.0
Morocco ;"sptinc_p80p100_999_j_MA
Pre-tax national income 
P80-100 | share | all ages | equal split
";p80p100;2005;0.6294000000000001;1.0
Morocco ;"sptinc_p80p100_999_j_MA
Pre-tax national income 
P80-100 | share | all ages | equal split
";p80p100;2006;0.6294000000000001;1.0
Morocco ;"sptinc_p80p100_999_j_MA
Pre-tax national income 
P80-100 | share | all ages | equal split
";p80p100;2007;0.6294000000000001;1.0
Morocco ;"sptinc_p80p100_999_j_MA
Pre-tax national income 
P80-100 | share | all ages | equal split
";p80p100;2008;0.6294000000000001;1.0
Morocco ;"sptinc_p80p100_999_j_MA
Pre-tax national income 
P80-100 | share | all ages | equal split
";p80p100;2009;0.6294000000000001;1.0
Morocco ;"sptinc_p80p100_999_j_MA
Pre-tax national income 
P80-100 | share | all ages | equal split
";p80p100;2010;0.6294000000000001;1.0
Morocco ;"sptinc_p80p100_999_j_MA
Pre-tax national income 
P80-100 | share | all ages | equal split
";p80p100;2011;0.6294000000000001;1.0
Morocco ;"sptinc_p80p100_999_j_MA
Pre-tax national income 
P80-100 | share | all ages | equal split
";p80p100;2012;0.6294000000000001;1.0
Morocco ;"sptinc_p80p100_999_j_MA
Pre-tax national income 
P80-100 | share | all ages | equal split
";p80p100;2013;0.6294000000000001;3.0
Morocco ;"sptinc_p80p100_999_j_MA
Pre-tax national income 
P80-100 | share | all ages | equal split
";p80p100;2014;0.6294000000000001;1.0
Morocco ;"sptinc_p80p100_999_j_MA
Pre-tax national income 
P80-100 | share | all ages | equal split
";p80p100;2015;0.6294000000000001;1.0
Morocco ;"sptinc_p80p100_999_j_MA
Pre-tax national income 
P80-100 | share | all ages | equal split
";p80p100;2016;0.6294000000000001;1.0
Morocco ;"sptinc_p80p100_999_j_MA
Pre-tax national income 
P80-100 | share | all ages | equal split
";p80p100;2017;0.6294000000000001;1.0
Morocco ;"sptinc_p80p100_999_j_MA
Pre-tax national income 
P80-100 | share | all ages | equal split
";p80p100;2018;0.6294000000000001;1.0
Morocco ;"sptinc_p80p100_999_j_MA
Pre-tax national income 
P80-100 | share | all ages | equal split
";p80p100;2019;0.6294000000000001;1.0
Morocco ;"sptinc_p80p100_999_j_MA
Pre-tax national income 
P80-100 | share | all ages | equal split
";p80p100;2020;0.6294000000000001;1.0
Morocco ;"sptinc_p80p100_999_j_MA
Pre-tax national income 
P80-100 | share | all ages | equal split
";p80p100;2021;0.6294000000000001;1.0
Morocco ;"sptinc_p80p100_999_j_MA
Pre-tax national income 
P80-100 | share | all ages | equal split
";p80p100;2022;0.6294000000000001;1.0
Morocco ;"sptinc_p80p100_999_j_MA
Pre-tax national income 
P80-100 | share | all ages | equal split
";p80p100;2023;0.6294000000000001;1.0
Morocco ;"sptinc_p80p100_999_j_MA
Pre-tax national income 
P80-100 | share | all ages | equal split
";p80p100;2024;0.6294000000000001;1.0
Mozambique ;"sptinc_p80p100_999_j_MZ
Pre-tax national income 
P80-100 | share | all ages | equal split
";p80p100;1940;;
Mozambique ;"sptinc_p80p100_999_j_MZ
Pre-tax national income 
P80-100 | share | all ages | equal split
";p80p100;1941;;
Mozambique ;"sptinc_p80p100_999_j_MZ
Pre-tax national income 
P80-100 | share | all ages | equal split
";p80p100;1942;;
Mozambique ;"sptinc_p80p100_999_j_MZ
Pre-tax national income 
P80-100 | share | all ages | equal split
";p80p100;1943;;
Mozambique ;"sptinc_p80p100_999_j_MZ
Pre-tax national income 
P80-100 | share | all ages | equal split
";p80p100;1944;;
Mozambique ;"sptinc_p80p100_999_j_MZ
Pre-tax national income 
P80-100 | share | all ages | equal split
";p80p100;1945;;
Mozambique ;"sptinc_p80p100_999_j_MZ
Pre-tax national income 
P80-100 | share | all ages | equal split
";p80p100;1946;;
Mozambique ;"sptinc_p80p100_999_j_MZ
Pre-tax national income 
P80-100 | share | all ages | equal split
";p80p100;1947;;
Mozambique ;"sptinc_p80p100_999_j_MZ
Pre-tax national income 
P80-100 | share | all ages | equal split
";p80p100;1948;;
Mozambique ;"sptinc_p80p100_999_j_MZ
Pre-tax national income 
P80-100 | share | all ages | equal split
";p80p100;1949;;
Mozambique ;"sptinc_p80p100_999_j_MZ
Pre-tax national income 
P80-100 | share | all ages | equal split
";p80p100;1950;;
Mozambique ;"sptinc_p80p100_999_j_MZ
Pre-tax national income 
P80-100 | share | all ages | equal split
";p80p100;1951;;
Mozambique ;"sptinc_p80p100_999_j_MZ
Pre-tax national income 
P80-100 | share | all ages | equal split
";p80p100;1952;;
Mozambique ;"sptinc_p80p100_999_j_MZ
Pre-tax national income 
P80-100 | share | all ages | equal split
";p80p100;1953;;
Mozambique ;"sptinc_p80p100_999_j_MZ
Pre-tax national income 
P80-100 | share | all ages | equal split
";p80p100;1954;;
Mozambique ;"sptinc_p80p100_999_j_MZ
Pre-tax national income 
P80-100 | share | all ages | equal split
";p80p100;1955;;
Mozambique ;"sptinc_p80p100_999_j_MZ
Pre-tax national income 
P80-100 | share | all ages | equal split
";p80p100;1956;;
Mozambique ;"sptinc_p80p100_999_j_MZ
Pre-tax national income 
P80-100 | share | all ages | equal split
";p80p100;1957;;
Mozambique ;"sptinc_p80p100_999_j_MZ
Pre-tax national income 
P80-100 | share | all ages | equal split
";p80p100;1958;;
Mozambique ;"sptinc_p80p100_999_j_MZ
Pre-tax national income 
P80-100 | share | all ages | equal split
";p80p100;1959;;
Mozambique ;"sptinc_p80p100_999_j_MZ
Pre-tax national income 
P80-100 | share | all ages | equal split
";p80p100;1960;;
Mozambique ;"sptinc_p80p100_999_j_MZ
Pre-tax national income 
P80-100 | share | all ages | equal split
";p80p100;1961;;
Mozambique ;"sptinc_p80p100_999_j_MZ
Pre-tax national income 
P80-100 | share | all ages | equal split
";p80p100;1962;;
Mozambique ;"sptinc_p80p100_999_j_MZ
Pre-tax national income 
P80-100 | share | all ages | equal split
";p80p100;1963;;
Mozambique ;"sptinc_p80p100_999_j_MZ
Pre-tax national income 
P80-100 | share | all ages | equal split
";p80p100;1964;;
Mozambique ;"sptinc_p80p100_999_j_MZ
Pre-tax national income 
P80-100 | share | all ages | equal split
";p80p100;1965;;
Mozambique ;"sptinc_p80p100_999_j_MZ
Pre-tax national income 
P80-100 | share | all ages | equal split
";p80p100;1966;;
Mozambique ;"sptinc_p80p100_999_j_MZ
Pre-tax national income 
P80-100 | share | all ages | equal split
";p80p100;1967;;
Mozambique ;"sptinc_p80p100_999_j_MZ
Pre-tax national income 
P80-100 | share | all ages | equal split
";p80p100;1968;;
Mozambique ;"sptinc_p80p100_999_j_MZ
Pre-tax national income 
P80-100 | share | all ages | equal split
";p80p100;1969;;
Mozambique ;"sptinc_p80p100_999_j_MZ
Pre-tax national income 
P80-100 | share | all ages | equal split
";p80p100;1970;;
Mozambique ;"sptinc_p80p100_999_j_MZ
Pre-tax national income 
P80-100 | share | all ages | equal split
";p80p100;1971;;
Mozambique ;"sptinc_p80p100_999_j_MZ
Pre-tax national income 
P80-100 | share | all ages | equal split
";p80p100;1972;;
Mozambique ;"sptinc_p80p100_999_j_MZ
Pre-tax national income 
P80-100 | share | all ages | equal split
";p80p100;1973;;
Mozambique ;"sptinc_p80p100_999_j_MZ
Pre-tax national income 
P80-100 | share | all ages | equal split
";p80p100;1974;;
Mozambique ;"sptinc_p80p100_999_j_MZ
Pre-tax national income 
P80-100 | share | all ages | equal split
";p80p100;1975;;
Mozambique ;"sptinc_p80p100_999_j_MZ
Pre-tax national income 
P80-100 | share | all ages | equal split
";p80p100;1976;;
Mozambique ;"sptinc_p80p100_999_j_MZ
Pre-tax national income 
P80-100 | share | all ages | equal split
";p80p100;1977;;
Mozambique ;"sptinc_p80p100_999_j_MZ
Pre-tax national income 
P80-100 | share | all ages | equal split
";p80p100;1978;;
Mozambique ;"sptinc_p80p100_999_j_MZ
Pre-tax national income 
P80-100 | share | all ages | equal split
";p80p100;1979;;
Mozambique ;"sptinc_p80p100_999_j_MZ
Pre-tax national income 
P80-100 | share | all ages | equal split
";p80p100;1980;0.7461;1.0
Mozambique ;"sptinc_p80p100_999_j_MZ
Pre-tax national income 
P80-100 | share | all ages | equal split
";p80p100;1981;0.7461;1.0
Mozambique ;"sptinc_p80p100_999_j_MZ
Pre-tax national income 
P80-100 | share | all ages | equal split
";p80p100;1982;0.7461;1.0
Mozambique ;"sptinc_p80p100_999_j_MZ
Pre-tax national income 
P80-100 | share | all ages | equal split
";p80p100;1983;0.7461;1.0
Mozambique ;"sptinc_p80p100_999_j_MZ
Pre-tax national income 
P80-100 | share | all ages | equal split
";p80p100;1984;0.7461;1.0
Mozambique ;"sptinc_p80p100_999_j_MZ
Pre-tax national income 
P80-100 | share | all ages | equal split
";p80p100;1985;0.7461;1.0
Mozambique ;"sptinc_p80p100_999_j_MZ
Pre-tax national income 
P80-100 | share | all ages | equal split
";p80p100;1986;0.7461;1.0
Mozambique ;"sptinc_p80p100_999_j_MZ
Pre-tax national income 
P80-100 | share | all ages | equal split
";p80p100;1987;0.7461;1.0
Mozambique ;"sptinc_p80p100_999_j_MZ
Pre-tax national income 
P80-100 | share | all ages | equal split
";p80p100;1988;0.7461;1.0
Mozambique ;"sptinc_p80p100_999_j_MZ
Pre-tax national income 
P80-100 | share | all ages | equal split
";p80p100;1989;0.7461;1.0
Mozambique ;"sptinc_p80p100_999_j_MZ
Pre-tax national income 
P80-100 | share | all ages | equal split
";p80p100;1990;0.7461;1.0
Mozambique ;"sptinc_p80p100_999_j_MZ
Pre-tax national income 
P80-100 | share | all ages | equal split
";p80p100;1991;0.7461;1.0
Mozambique ;"sptinc_p80p100_999_j_MZ
Pre-tax national income 
P80-100 | share | all ages | equal split
";p80p100;1992;0.7461;1.0
Mozambique ;"sptinc_p80p100_999_j_MZ
Pre-tax national income 
P80-100 | share | all ages | equal split
";p80p100;1993;0.7461;1.0
Mozambique ;"sptinc_p80p100_999_j_MZ
Pre-tax national income 
P80-100 | share | all ages | equal split
";p80p100;1994;0.7461;1.0
Mozambique ;"sptinc_p80p100_999_j_MZ
Pre-tax national income 
P80-100 | share | all ages | equal split
";p80p100;1995;0.7461;1.0
Mozambique ;"sptinc_p80p100_999_j_MZ
Pre-tax national income 
P80-100 | share | all ages | equal split
";p80p100;1996;0.7461;3.0
Mozambique ;"sptinc_p80p100_999_j_MZ
Pre-tax national income 
P80-100 | share | all ages | equal split
";p80p100;1997;0.7396;2.0
Mozambique ;"sptinc_p80p100_999_j_MZ
Pre-tax national income 
P80-100 | share | all ages | equal split
";p80p100;1998;0.7331000000000001;2.0
Mozambique ;"sptinc_p80p100_999_j_MZ
Pre-tax national income 
P80-100 | share | all ages | equal split
";p80p100;1999;0.7267;2.0
Mozambique ;"sptinc_p80p100_999_j_MZ
Pre-tax national income 
P80-100 | share | all ages | equal split
";p80p100;2000;0.7202000000000001;2.0
Mozambique ;"sptinc_p80p100_999_j_MZ
Pre-tax national income 
P80-100 | share | all ages | equal split
";p80p100;2001;0.7137;2.0
Mozambique ;"sptinc_p80p100_999_j_MZ
Pre-tax national income 
P80-100 | share | all ages | equal split
";p80p100;2002;0.7072;3.0
Mozambique ;"sptinc_p80p100_999_j_MZ
Pre-tax national income 
P80-100 | share | all ages | equal split
";p80p100;2003;0.7034;2.0
Mozambique ;"sptinc_p80p100_999_j_MZ
Pre-tax national income 
P80-100 | share | all ages | equal split
";p80p100;2004;0.6995;2.0
Mozambique ;"sptinc_p80p100_999_j_MZ
Pre-tax national income 
P80-100 | share | all ages | equal split
";p80p100;2005;0.6956;2.0
Mozambique ;"sptinc_p80p100_999_j_MZ
Pre-tax national income 
P80-100 | share | all ages | equal split
";p80p100;2006;0.6918000000000001;2.0
Mozambique ;"sptinc_p80p100_999_j_MZ
Pre-tax national income 
P80-100 | share | all ages | equal split
";p80p100;2007;0.6879000000000001;2.0
Mozambique ;"sptinc_p80p100_999_j_MZ
Pre-tax national income 
P80-100 | share | all ages | equal split
";p80p100;2008;0.6841;3.0
Mozambique ;"sptinc_p80p100_999_j_MZ
Pre-tax national income 
P80-100 | share | all ages | equal split
";p80p100;2009;0.6965;2.0
Mozambique ;"sptinc_p80p100_999_j_MZ
Pre-tax national income 
P80-100 | share | all ages | equal split
";p80p100;2010;0.7088;2.0
Mozambique ;"sptinc_p80p100_999_j_MZ
Pre-tax national income 
P80-100 | share | all ages | equal split
";p80p100;2011;0.7212000000000001;2.0
Mozambique ;"sptinc_p80p100_999_j_MZ
Pre-tax national income 
P80-100 | share | all ages | equal split
";p80p100;2012;0.7336;2.0
Mozambique ;"sptinc_p80p100_999_j_MZ
Pre-tax national income 
P80-100 | share | all ages | equal split
";p80p100;2013;0.746;2.0
Mozambique ;"sptinc_p80p100_999_j_MZ
Pre-tax national income 
P80-100 | share | all ages | equal split
";p80p100;2014;0.7583000000000001;3.0
Mozambique ;"sptinc_p80p100_999_j_MZ
Pre-tax national income 
P80-100 | share | all ages | equal split
";p80p100;2015;0.7522000000000001;2.0
Mozambique ;"sptinc_p80p100_999_j_MZ
Pre-tax national income 
P80-100 | share | all ages | equal split
";p80p100;2016;0.7461;2.0
Mozambique ;"sptinc_p80p100_999_j_MZ
Pre-tax national income 
P80-100 | share | all ages | equal split
";p80p100;2017;0.74;2.0
Mozambique ;"sptinc_p80p100_999_j_MZ
Pre-tax national income 
P80-100 | share | all ages | equal split
";p80p100;2018;0.7339;2.0
Mozambique ;"sptinc_p80p100_999_j_MZ
Pre-tax national income 
P80-100 | share | all ages | equal split
";p80p100;2019;0.7278;3.0
Mozambique ;"sptinc_p80p100_999_j_MZ
Pre-tax national income 
P80-100 | share | all ages | equal split
";p80p100;2020;0.7245;2.0
Mozambique ;"sptinc_p80p100_999_j_MZ
Pre-tax national income 
P80-100 | share | all ages | equal split
";p80p100;2021;0.7212000000000001;2.0
Mozambique ;"sptinc_p80p100_999_j_MZ
Pre-tax national income 
P80-100 | share | all ages | equal split
";p80p100;2022;0.7179;3.0
Mozambique ;"sptinc_p80p100_999_j_MZ
Pre-tax national income 
P80-100 | share | all ages | equal split
";p80p100;2023;0.7179;1.0
Mozambique ;"sptinc_p80p100_999_j_MZ
Pre-tax national income 
P80-100 | share | all ages | equal split
";p80p100;2024;0.7179;1.0
Myanmar ;"sptinc_p80p100_999_j_MM
Pre-tax national income 
P80-100 | share | all ages | equal split
";p80p100;1940;0.6221;0.0
Myanmar ;"sptinc_p80p100_999_j_MM
Pre-tax national income 
P80-100 | share | all ages | equal split
";p80p100;1941;;
Myanmar ;"sptinc_p80p100_999_j_MM
Pre-tax national income 
P80-100 | share | all ages | equal split
";p80p100;1942;;
Myanmar ;"sptinc_p80p100_999_j_MM
Pre-tax national income 
P80-100 | share | all ages | equal split
";p80p100;1943;;
Myanmar ;"sptinc_p80p100_999_j_MM
Pre-tax national income 
P80-100 | share | all ages | equal split
";p80p100;1944;;
Myanmar ;"sptinc_p80p100_999_j_MM
Pre-tax national income 
P80-100 | share | all ages | equal split
";p80p100;1945;;
Myanmar ;"sptinc_p80p100_999_j_MM
Pre-tax national income 
P80-100 | share | all ages | equal split
";p80p100;1946;;
Myanmar ;"sptinc_p80p100_999_j_MM
Pre-tax national income 
P80-100 | share | all ages | equal split
";p80p100;1947;;
Myanmar ;"sptinc_p80p100_999_j_MM
Pre-tax national income 
P80-100 | share | all ages | equal split
";p80p100;1948;;
Myanmar ;"sptinc_p80p100_999_j_MM
Pre-tax national income 
P80-100 | share | all ages | equal split
";p80p100;1949;;
Myanmar ;"sptinc_p80p100_999_j_MM
Pre-tax national income 
P80-100 | share | all ages | equal split
";p80p100;1950;0.5408000000000001;0.0
Myanmar ;"sptinc_p80p100_999_j_MM
Pre-tax national income 
P80-100 | share | all ages | equal split
";p80p100;1951;;
Myanmar ;"sptinc_p80p100_999_j_MM
Pre-tax national income 
P80-100 | share | all ages | equal split
";p80p100;1952;;
Myanmar ;"sptinc_p80p100_999_j_MM
Pre-tax national income 
P80-100 | share | all ages | equal split
";p80p100;1953;;
Myanmar ;"sptinc_p80p100_999_j_MM
Pre-tax national income 
P80-100 | share | all ages | equal split
";p80p100;1954;;
Myanmar ;"sptinc_p80p100_999_j_MM
Pre-tax national income 
P80-100 | share | all ages | equal split
";p80p100;1955;;
Myanmar ;"sptinc_p80p100_999_j_MM
Pre-tax national income 
P80-100 | share | all ages | equal split
";p80p100;1956;;
Myanmar ;"sptinc_p80p100_999_j_MM
Pre-tax national income 
P80-100 | share | all ages | equal split
";p80p100;1957;;
Myanmar ;"sptinc_p80p100_999_j_MM
Pre-tax national income 
P80-100 | share | all ages | equal split
";p80p100;1958;;
Myanmar ;"sptinc_p80p100_999_j_MM
Pre-tax national income 
P80-100 | share | all ages | equal split
";p80p100;1959;;
Myanmar ;"sptinc_p80p100_999_j_MM
Pre-tax national income 
P80-100 | share | all ages | equal split
";p80p100;1960;0.5909;0.0
Myanmar ;"sptinc_p80p100_999_j_MM
Pre-tax national income 
P80-100 | share | all ages | equal split
";p80p100;1961;;
Myanmar ;"sptinc_p80p100_999_j_MM
Pre-tax national income 
P80-100 | share | all ages | equal split
";p80p100;1962;;
Myanmar ;"sptinc_p80p100_999_j_MM
Pre-tax national income 
P80-100 | share | all ages | equal split
";p80p100;1963;;
Myanmar ;"sptinc_p80p100_999_j_MM
Pre-tax national income 
P80-100 | share | all ages | equal split
";p80p100;1964;;
Myanmar ;"sptinc_p80p100_999_j_MM
Pre-tax national income 
P80-100 | share | all ages | equal split
";p80p100;1965;;
Myanmar ;"sptinc_p80p100_999_j_MM
Pre-tax national income 
P80-100 | share | all ages | equal split
";p80p100;1966;;
Myanmar ;"sptinc_p80p100_999_j_MM
Pre-tax national income 
P80-100 | share | all ages | equal split
";p80p100;1967;;
Myanmar ;"sptinc_p80p100_999_j_MM
Pre-tax national income 
P80-100 | share | all ages | equal split
";p80p100;1968;;
Myanmar ;"sptinc_p80p100_999_j_MM
Pre-tax national income 
P80-100 | share | all ages | equal split
";p80p100;1969;;
Myanmar ;"sptinc_p80p100_999_j_MM
Pre-tax national income 
P80-100 | share | all ages | equal split
";p80p100;1970;0.6394000000000001;0.0
Myanmar ;"sptinc_p80p100_999_j_MM
Pre-tax national income 
P80-100 | share | all ages | equal split
";p80p100;1971;;
Myanmar ;"sptinc_p80p100_999_j_MM
Pre-tax national income 
P80-100 | share | all ages | equal split
";p80p100;1972;;
Myanmar ;"sptinc_p80p100_999_j_MM
Pre-tax national income 
P80-100 | share | all ages | equal split
";p80p100;1973;;
Myanmar ;"sptinc_p80p100_999_j_MM
Pre-tax national income 
P80-100 | share | all ages | equal split
";p80p100;1974;;
Myanmar ;"sptinc_p80p100_999_j_MM
Pre-tax national income 
P80-100 | share | all ages | equal split
";p80p100;1975;;
Myanmar ;"sptinc_p80p100_999_j_MM
Pre-tax national income 
P80-100 | share | all ages | equal split
";p80p100;1976;;
Myanmar ;"sptinc_p80p100_999_j_MM
Pre-tax national income 
P80-100 | share | all ages | equal split
";p80p100;1977;;
Myanmar ;"sptinc_p80p100_999_j_MM
Pre-tax national income 
P80-100 | share | all ages | equal split
";p80p100;1978;;
Myanmar ;"sptinc_p80p100_999_j_MM
Pre-tax national income 
P80-100 | share | all ages | equal split
";p80p100;1979;;
Myanmar ;"sptinc_p80p100_999_j_MM
Pre-tax national income 
P80-100 | share | all ages | equal split
";p80p100;1980;0.6461;1.0
Myanmar ;"sptinc_p80p100_999_j_MM
Pre-tax national income 
P80-100 | share | all ages | equal split
";p80p100;1981;0.6461;1.0
Myanmar ;"sptinc_p80p100_999_j_MM
Pre-tax national income 
P80-100 | share | all ages | equal split
";p80p100;1982;0.6461;1.0
Myanmar ;"sptinc_p80p100_999_j_MM
Pre-tax national income 
P80-100 | share | all ages | equal split
";p80p100;1983;0.6461;1.0
Myanmar ;"sptinc_p80p100_999_j_MM
Pre-tax national income 
P80-100 | share | all ages | equal split
";p80p100;1984;0.6461;1.0
Myanmar ;"sptinc_p80p100_999_j_MM
Pre-tax national income 
P80-100 | share | all ages | equal split
";p80p100;1985;0.6461;1.0
Myanmar ;"sptinc_p80p100_999_j_MM
Pre-tax national income 
P80-100 | share | all ages | equal split
";p80p100;1986;0.6461;1.0
Myanmar ;"sptinc_p80p100_999_j_MM
Pre-tax national income 
P80-100 | share | all ages | equal split
";p80p100;1987;0.6461;1.0
Myanmar ;"sptinc_p80p100_999_j_MM
Pre-tax national income 
P80-100 | share | all ages | equal split
";p80p100;1988;0.6461;1.0
Myanmar ;"sptinc_p80p100_999_j_MM
Pre-tax national income 
P80-100 | share | all ages | equal split
";p80p100;1989;0.6461;1.0
Myanmar ;"sptinc_p80p100_999_j_MM
Pre-tax national income 
P80-100 | share | all ages | equal split
";p80p100;1990;0.6461;1.0
Myanmar ;"sptinc_p80p100_999_j_MM
Pre-tax national income 
P80-100 | share | all ages | equal split
";p80p100;1991;0.6461;1.0
Myanmar ;"sptinc_p80p100_999_j_MM
Pre-tax national income 
P80-100 | share | all ages | equal split
";p80p100;1992;0.6461;1.0
Myanmar ;"sptinc_p80p100_999_j_MM
Pre-tax national income 
P80-100 | share | all ages | equal split
";p80p100;1993;0.6461;1.0
Myanmar ;"sptinc_p80p100_999_j_MM
Pre-tax national income 
P80-100 | share | all ages | equal split
";p80p100;1994;0.6461;1.0
Myanmar ;"sptinc_p80p100_999_j_MM
Pre-tax national income 
P80-100 | share | all ages | equal split
";p80p100;1995;0.6461;1.0
Myanmar ;"sptinc_p80p100_999_j_MM
Pre-tax national income 
P80-100 | share | all ages | equal split
";p80p100;1996;0.6461;1.0
Myanmar ;"sptinc_p80p100_999_j_MM
Pre-tax national income 
P80-100 | share | all ages | equal split
";p80p100;1997;0.6461;1.0
Myanmar ;"sptinc_p80p100_999_j_MM
Pre-tax national income 
P80-100 | share | all ages | equal split
";p80p100;1998;0.6461;1.0
Myanmar ;"sptinc_p80p100_999_j_MM
Pre-tax national income 
P80-100 | share | all ages | equal split
";p80p100;1999;0.6461;1.0
Myanmar ;"sptinc_p80p100_999_j_MM
Pre-tax national income 
P80-100 | share | all ages | equal split
";p80p100;2000;0.6461;1.0
Myanmar ;"sptinc_p80p100_999_j_MM
Pre-tax national income 
P80-100 | share | all ages | equal split
";p80p100;2001;0.6461;1.0
Myanmar ;"sptinc_p80p100_999_j_MM
Pre-tax national income 
P80-100 | share | all ages | equal split
";p80p100;2002;0.6461;1.0
Myanmar ;"sptinc_p80p100_999_j_MM
Pre-tax national income 
P80-100 | share | all ages | equal split
";p80p100;2003;0.6461;1.0
Myanmar ;"sptinc_p80p100_999_j_MM
Pre-tax national income 
P80-100 | share | all ages | equal split
";p80p100;2004;0.6461;1.0
Myanmar ;"sptinc_p80p100_999_j_MM
Pre-tax national income 
P80-100 | share | all ages | equal split
";p80p100;2005;0.6461;1.0
Myanmar ;"sptinc_p80p100_999_j_MM
Pre-tax national income 
P80-100 | share | all ages | equal split
";p80p100;2006;0.6461;1.0
Myanmar ;"sptinc_p80p100_999_j_MM
Pre-tax national income 
P80-100 | share | all ages | equal split
";p80p100;2007;0.6461;1.0
Myanmar ;"sptinc_p80p100_999_j_MM
Pre-tax national income 
P80-100 | share | all ages | equal split
";p80p100;2008;0.6461;1.0
Myanmar ;"sptinc_p80p100_999_j_MM
Pre-tax national income 
P80-100 | share | all ages | equal split
";p80p100;2009;0.6461;1.0
Myanmar ;"sptinc_p80p100_999_j_MM
Pre-tax national income 
P80-100 | share | all ages | equal split
";p80p100;2010;0.6461;1.0
Myanmar ;"sptinc_p80p100_999_j_MM
Pre-tax national income 
P80-100 | share | all ages | equal split
";p80p100;2011;0.6461;1.0
Myanmar ;"sptinc_p80p100_999_j_MM
Pre-tax national income 
P80-100 | share | all ages | equal split
";p80p100;2012;0.6461;1.0
Myanmar ;"sptinc_p80p100_999_j_MM
Pre-tax national income 
P80-100 | share | all ages | equal split
";p80p100;2013;0.6461;1.0
Myanmar ;"sptinc_p80p100_999_j_MM
Pre-tax national income 
P80-100 | share | all ages | equal split
";p80p100;2014;0.6461;1.0
Myanmar ;"sptinc_p80p100_999_j_MM
Pre-tax national income 
P80-100 | share | all ages | equal split
";p80p100;2015;0.6461;3.0
Myanmar ;"sptinc_p80p100_999_j_MM
Pre-tax national income 
P80-100 | share | all ages | equal split
";p80p100;2016;0.6131;2.0
Myanmar ;"sptinc_p80p100_999_j_MM
Pre-tax national income 
P80-100 | share | all ages | equal split
";p80p100;2017;0.5801000000000001;3.0
Myanmar ;"sptinc_p80p100_999_j_MM
Pre-tax national income 
P80-100 | share | all ages | equal split
";p80p100;2018;0.5793;1.0
Myanmar ;"sptinc_p80p100_999_j_MM
Pre-tax national income 
P80-100 | share | all ages | equal split
";p80p100;2019;0.5793;1.0
Myanmar ;"sptinc_p80p100_999_j_MM
Pre-tax national income 
P80-100 | share | all ages | equal split
";p80p100;2020;0.5793;1.0
Myanmar ;"sptinc_p80p100_999_j_MM
Pre-tax national income 
P80-100 | share | all ages | equal split
";p80p100;2021;0.5793;1.0
Myanmar ;"sptinc_p80p100_999_j_MM
Pre-tax national income 
P80-100 | share | all ages | equal split
";p80p100;2022;0.5793;1.0
Myanmar ;"sptinc_p80p100_999_j_MM
Pre-tax national income 
P80-100 | share | all ages | equal split
";p80p100;2023;0.5793;1.0
Myanmar ;"sptinc_p80p100_999_j_MM
Pre-tax national income 
P80-100 | share | all ages | equal split
";p80p100;2024;0.5793;1.0
