iso3,Country,year,pop,rgdpe,region,gdp_per_capita
ARG,Argentina,1950,17.0902249666788,56066.51171875,Latin America & Caribbean,3280.618706193988
ARG,Argentina,1951,17.4559449452828,58718.82421875,Latin America & Caribbean,3363.8295951785676
ARG,Argentina,1952,17.8142998526244,53147.3828125,Latin America & Caribbean,2983.4112624229983
ARG,Argentina,1953,18.1669185573674,55202.6796875,Latin America & Caribbean,3038.637483466515
ARG,Argentina,1954,18.5154356301661,57792.71875,Latin America & Caribbean,3121.326438349728
ARG,Argentina,1955,18.8614799396842,63132.42578125,Latin America & Caribbean,3347.1618337021664
ARG,Argentina,1956,19.2039662070337,64723.91015625,Latin America & Caribbean,3370.3407649480255
ARG,Argentina,1957,19.5418053519996,67724.3671875,Latin America & Caribbean,3465.6146639271565
ARG,Argentina,1958,19.8766281439092,72930.5078125,Latin America & Caribbean,3669.158938048962
ARG,Argentina,1959,20.2100672527532,69163.3515625,Latin America & Caribbean,3422.2227317466222
ARG,Argentina,1960,20.5437515471954,74293.7578125,Latin America & Caribbean,3616.3676162955967
ARG,Argentina,1961,20.8771526427683,77830.71875,Latin America & Caribbean,3728.0332276039576
ARG,Argentina,1962,21.2091852605842,74166.7265625,Latin America & Caribbean,3496.915400156069
ARG,Argentina,1963,21.5406400766804,73608.4140625,Latin America & Caribbean,3417.187873733959
ARG,Argentina,1964,21.872313469085,78562.5390625,Latin America & Caribbean,3591.8714850874235
ARG,Argentina,1965,22.2049999151625,90604.4765625,Latin America & Caribbean,4080.3637427907165
ARG,Argentina,1966,22.5323530993144,90113.4140625,Latin America & Caribbean,3999.2899838429175
ARG,Argentina,1967,22.8538427364096,94126.8515625,Latin America & Caribbean,4118.64440690063
ARG,Argentina,1968,23.1789873495146,96810.046875,Latin America & Caribbean,4176.629695474049
ARG,Argentina,1969,23.5173092630226,105260.90625,Latin America & Caribbean,4475.890718310483
ARG,Argentina,1970,23.878327,107366.7109375,Latin America & Caribbean,4496.408435042372
ARG,Argentina,1971,24.257208,112271.7265625,Latin America & Caribbean,4628.386191951688
ARG,Argentina,1972,24.644328,114951.609375,Latin America & Caribbean,4664.424583823101
ARG,Argentina,1973,25.046005,121513.515625,Latin America & Caribbean,4851.61268733277
ARG,Argentina,1974,25.461351,127194.9453125,Latin America & Caribbean,4995.608650636802
ARG,Argentina,1975,25.874107,125789.125,Latin America & Caribbean,4861.58324227383
ARG,Argentina,1976,26.282283,124168.2734375,Latin America & Caribbean,4724.409726411514
ARG,Argentina,1977,26.701805,128872.078125,Latin America & Caribbean,4826.343317427417
ARG,Argentina,1978,27.132158,125265.7265625,Latin America & Caribbean,4616.872958004299
ARG,Argentina,1979,27.568895,136675.578125,Latin America & Caribbean,4957.600880448781
ARG,Argentina,1980,28.011596,144583.125,Latin America & Caribbean,5161.545418547375
ARG,Argentina,1981,28.463959,143491.5,Latin America & Caribbean,5041.1645126385965
ARG,Argentina,1982,28.924262,143783.4375,Latin America & Caribbean,4971.0321908991145
ARG,Argentina,1983,29.391332,157129.28125,Latin America & Caribbean,5346.109568970879
ARG,Argentina,1984,29.863093,167900.78125,Latin America & Caribbean,5622.350680487115
ARG,Argentina,1985,30.336441,161122.28125,Latin America & Caribbean,5311.1794244420435
ARG,Argentina,1986,30.81198,183398.953125,Latin America & Caribbean,5952.196292643316
ARG,Argentina,1987,31.291762,196997.28125,Latin America & Caribbean,6295.499794802224
ARG,Argentina,1988,31.780532,206498.9375,Latin America & Caribbean,6497.6551525317445
ARG,Argentina,1989,32.270948,203135.65625,Latin America & Caribbean,6294.691319573259
ARG,Argentina,1990,32.755901,218854.9375,Latin America & Caribbean,6681.389637244293
ARG,Argentina,1991,33.230294,262842.125,Latin America & Caribbean,7909.714100031736
ARG,Argentina,1992,33.693527,316084.5,Latin America & Caribbean,9381.163925047085
ARG,Argentina,1993,34.152717,363304.4375,Latin America & Caribbean,10637.643778092384
ARG,Argentina,1994,34.613491,424014.46875,Latin America & Caribbean,12249.977003186415
ARG,Argentina,1995,35.07002,470774.46875,Latin America & Caribbean,13423.843748877247
ARG,Argentina,1996,35.513793,609480.1875,Latin America & Caribbean,17161.788026978702
ARG,Argentina,1997,35.947791,631510.0,Latin America & Caribbean,17567.421597616387
ARG,Argentina,1998,36.37286,634181.0625,Latin America & Caribbean,17435.55668979563
ARG,Argentina,1999,36.794682,594499.8125,Latin America & Caribbean,16157.221103310527
ARG,Argentina,2000,37.213984,587599.9375,Latin America & Caribbean,15789.76165250138
ARG,Argentina,2001,37.624825,548015.0,Latin America & Caribbean,14565.250469603512
ARG,Argentina,2002,38.029349,507861.78125,Latin America & Caribbean,13354.46949801849
ARG,Argentina,2003,38.424282,535112.8125,Latin America & Caribbean,13926.42320551364
ARG,Argentina,2004,38.815916,576108.5,Latin America & Caribbean,14842.068908022162
ARG,Argentina,2005,39.216789,615622.875,Latin America & Caribbean,15697.941894222906
ARG,Argentina,2006,39.622115,674686.25,Latin America & Caribbean,17028.022103312756
ARG,Argentina,2007,40.016763,745899.625,Latin America & Caribbean,18639.67920143866
ARG,Argentina,2008,40.424148,801076.0625,Latin America & Caribbean,19816.77047343088
ARG,Argentina,2009,40.854831,769368.0,Latin America & Caribbean,18831.750888897328
ARG,Argentina,2010,41.288694,875177.1875,Latin America & Caribbean,21196.53354741615
ARG,Argentina,2011,41.73066,982867.6875,Latin America & Caribbean,23552.65139588015
ARG,Argentina,2012,42.161721,995111.1875,Latin America & Caribbean,23602.243074944687
ARG,Argentina,2013,42.582455,998802.5625,Latin America & Caribbean,23455.729889223152
ARG,Argentina,2014,43.024071,974450.6875,Latin America & Caribbean,22648.965215309356
ARG,Argentina,2015,43.477012,1013187.75,Latin America & Caribbean,23303.98763374079
ARG,Argentina,2016,43.900313,1013049.75,Latin America & Caribbean,23076.139571032218
ARG,Argentina,2017,44.288894,1132228.5,Latin America & Caribbean,25564.614460681725
ARG,Argentina,2018,44.654882,1174467.875,Latin America & Caribbean,26300.996047867735
ARG,Argentina,2019,44.973465,1136796.75,Latin America & Caribbean,25277.055036786693
ARG,Argentina,2020,45.191965,1059253.75,Latin America & Caribbean,23438.984120296605
ARG,Argentina,2021,45.312281,1202829.375,Latin America & Caribbean,26545.328296317726
ARG,Argentina,2022,45.407904,1276408.75,Latin America & Caribbean,28109.836340386904
ARG,Argentina,2023,45.538401,1250172.125,Latin America & Caribbean,27453.140592266293
ARM,Armenia,1990,3.552128,26431.6875,Eastern Europe & FSU,7441.085315619257
ARM,Armenia,1991,3.613977,23784.1953125,Eastern Europe & FSU,6581.169529440835
ARM,Armenia,1992,3.571861,13740.607421875,Eastern Europe & FSU,3846.904294952967
ARM,Armenia,1993,3.453332,12182.6005859375,Eastern Europe & FSU,3527.7814545307256
ARM,Armenia,1994,3.36461,10079.689453125,Eastern Europe & FSU,2995.797270151667
ARM,Armenia,1995,3.307581,10602.169921875,Eastern Europe & FSU,3205.4150516268537
ARM,Armenia,1996,3.278735,11209.2001953125,Eastern Europe & FSU,3418.757598681351
ARM,Armenia,1997,3.246289,10600.0859375,Eastern Europe & FSU,3265.2933665178916
ARM,Armenia,1998,3.208401,10790.0908203125,Eastern Europe & FSU,3363.07426045326
ARM,Armenia,1999,3.167286,10871.236328125,Eastern Europe & FSU,3432.350702817807
ARM,Armenia,2000,3.125628,11337.4208984375,Eastern Europe & FSU,3627.245756192836
ARM,Armenia,2001,3.084349,12372.52734375,Eastern Europe & FSU,4011.3901973317547
ARM,Armenia,2002,3.05563,13879.064453125,Eastern Europe & FSU,4542.128612798343
ARM,Armenia,2003,3.038968,15665.787109375,Eastern Europe & FSU,5154.969420334469
ARM,Armenia,2004,3.022541,17248.59375,Eastern Europe & FSU,5706.653358879168
ARM,Armenia,2005,3.006351,19462.630859375,Eastern Europe & FSU,6473.838503679377
ARM,Armenia,2006,2.990377,22200.34765625,Eastern Europe & FSU,7423.929376212431
ARM,Armenia,2007,2.974819,25627.5546875,Eastern Europe & FSU,8614.828225683646
ARM,Armenia,2008,2.95999,27211.65625,Eastern Europe & FSU,9193.158169453276
ARM,Armenia,2009,2.945517,24599.935546875,Eastern Europe & FSU,8351.652883644874
ARM,Armenia,2010,2.931078,26574.17578125,Eastern Europe & FSU,9066.348893222903
ARM,Armenia,2011,2.923271,29269.76953125,Eastern Europe & FSU,10012.677418976891
ARM,Armenia,2012,2.922528,32784.4609375,Eastern Europe & FSU,11217.843229389078
ARM,Armenia,2013,2.922518,31988.6640625,Eastern Europe & FSU,10945.583247904717
ARM,Armenia,2014,2.922422,32881.6484375,Eastern Europe & FSU,11251.505921287206
ARM,Armenia,2015,2.921177,33828.48828125,Eastern Europe & FSU,11580.43086100226
ARM,Armenia,2016,2.918793,36222.63671875,Eastern Europe & FSU,12410.142383769593
ARM,Armenia,2017,2.914963,40963.39453125,Eastern Europe & FSU,14052.800852446497
ARM,Armenia,2018,2.909965,41669.625,Eastern Europe & FSU,14319.630992125334
ARM,Armenia,2019,2.903972,48674.08203125,Eastern Europe & FSU,16761.2091408767
ARM,Armenia,2020,2.890892,46911.76171875,Eastern Europe & FSU,16227.434895094662
ARM,Armenia,2021,2.870349,47911.4453125,Eastern Europe & FSU,16691.853608219768
ARM,Armenia,2022,2.880874,53860.84375,Eastern Europe & FSU,18696.008138502413
ARM,Armenia,2023,2.943393,59457.52734375,Eastern Europe & FSU,20200.335919719182
AUS,Australia,1950,8.22766649539222,135539.390625,Oceania,16473.612621623248
AUS,Australia,1951,8.46976245504914,126539.0,Oceania,14940.088422971696
AUS,Australia,1952,8.64950741082625,123845.3984375,Oceania,14318.202477344266
AUS,Australia,1953,8.81542020996216,137112.421875,Oceania,15553.702331744951
AUS,Australia,1954,9.02052411958149,146017.546875,Oceania,16187.2575184439
AUS,Australia,1955,9.23257163136818,151278.75,Oceania,16385.331849039976
AUS,Australia,1956,9.45501746263896,154758.40625,Oceania,16367.860436167388
AUS,Australia,1957,9.66596402055549,154666.40625,Oceania,16001.136143388161
AUS,Australia,1958,9.86768914071121,164922.15625,Oceania,16713.351413714405
AUS,Australia,1959,10.083112594667,176933.609375,Oceania,17547.518954472544
AUS,Australia,1960,10.3115548281376,179025.03125,Oceania,17361.59427300783
AUS,Australia,1961,10.5479561988109,183802.375,Oceania,17425.4018063443
AUS,Australia,1962,10.7431686073656,194545.03125,Oceania,18108.719909377425
AUS,Australia,1963,10.9486929674716,211106.921875,Oceania,19281.472455405907
AUS,Australia,1964,11.1644732823371,220510.265625,Oceania,19751.067520029013
AUS,Australia,1965,11.3844932187008,224177.796875,Oceania,19691.504274143103
AUS,Australia,1966,11.5991564450273,239058.3125,Oceania,20609.97397810659
AUS,Australia,1967,11.8152955189987,248794.890625,Oceania,21057.018017445607
AUS,Australia,1968,12.0435906422539,268782.0625,Oceania,22317.435927870323
AUS,Australia,1969,12.3199822640646,289335.46875,Oceania,23485.055623330307
AUS,Australia,1970,12.599411,298448.15625,Oceania,23687.468902316148
AUS,Australia,1971,12.997964,307636.4375,Oceania,23668.048126614292
AUS,Australia,1972,13.304896,322888.53125,Oceania,24268.399486174112
AUS,Australia,1973,13.518685,339850.59375,Oceania,25139.323369839596
AUS,Australia,1974,13.719495,328389.1875,Oceania,23935.95299972776
AUS,Australia,1975,13.893989,329764.53125,Oceania,23734.33081385051
AUS,Australia,1976,14.046755,343436.875,Oceania,24449.552583497043
AUS,Australia,1977,14.203508,345856.90625,Oceania,24350.104653723574
AUS,Australia,1978,14.367098,363166.5625,Oceania,25277.656107030103
AUS,Australia,1979,14.533035,375676.375,Oceania,25849.822490622228
AUS,Australia,1980,14.721347,387803.0,Oceania,26342.901909723343
AUS,Australia,1981,14.949202,406835.4375,Oceania,27214.525397409172
AUS,Australia,1982,15.192485,397682.46875,Oceania,26176.262063118706
AUS,Australia,1983,15.414893,420198.40625,Oceania,27259.24897759589
AUS,Australia,1984,15.620653,435226.0,Oceania,27862.21549124739
AUS,Australia,1985,15.835747,449240.59375,Oceania,28368.765537236734
AUS,Australia,1986,16.069633,457544.375,Oceania,28472.608864185015
AUS,Australia,1987,16.322269,493181.53125,Oceania,30215.2556884095
AUS,Australia,1988,16.594099,527622.5,Oceania,31795.79078080708
AUS,Australia,1989,16.869362,550755.3125,Oceania,32648.259756355932
AUS,Australia,1990,17.126298,544639.0,Oceania,31801.326824979926
AUS,Australia,1991,17.353193,545160.0625,Oceania,31415.547703526376
AUS,Australia,1992,17.549288,567251.1875,Oceania,32323.3163362525
AUS,Australia,1993,17.722911,590189.375,Oceania,33300.92753949958
AUS,Australia,1994,17.897433,621214.6875,Oceania,34709.708788964315
AUS,Australia,1995,18.095344,653724.25,Oceania,36126.655011366456
AUS,Australia,1996,18.305307,688638.375,Oceania,37619.602610324975
AUS,Australia,1997,18.504912,723622.3125,Oceania,39104.336864720026
AUS,Australia,1998,18.701717,755806.125,Oceania,40413.7291244435
AUS,Australia,1999,18.909981,793866.3125,Oceania,41981.33845295773
AUS,Australia,2000,19.132471,807610.0,Oceania,42211.48433989525
AUS,Australia,2001,19.365433,837641.25,Oceania,43254.45498688307
AUS,Australia,2002,19.595355,863668.25,Oceania,44075.15199392917
AUS,Australia,2003,19.819454,905383.0625,Oceania,45681.53403721414
AUS,Australia,2004,20.046677,937108.3125,Oceania,46746.31673369108
AUS,Australia,2005,20.29449,965805.6875,Oceania,47589.55201633547
AUS,Australia,2006,20.590559,1000344.875,Oceania,48582.69632213482
AUS,Australia,2007,20.954549,1032978.0625,Oceania,49296.12479371424
AUS,Australia,2008,21.370589,1048610.75,Oceania,49067.9386515739
AUS,Australia,2009,21.783011,1070599.0,Oceania,49148.34776514597
AUS,Australia,2010,22.141581,1144600.125,Oceania,51694.59782478948
AUS,Australia,2011,22.479775,1197386.625,Oceania,53265.06270636606
AUS,Australia,2012,22.852644,1211778.375,Oceania,53025.74069766281
AUS,Australia,2013,23.23627,1274768.25,Oceania,54861.13950302695
AUS,Australia,2014,23.595601,1282368.375,Oceania,54347.77334131053
AUS,Australia,2015,23.948002,1258723.375,Oceania,52560.68439446431
AUS,Australia,2016,24.329963,1335790.25,Oceania,54903.094180620006
AUS,Australia,2017,24.731038,1349880.125,Oceania,54582.428970429784
AUS,Australia,2018,25.119706,1402646.125,Oceania,55838.47697102824
AUS,Australia,2019,25.482714,1426764.875,Oceania,55989.518031713575
AUS,Australia,2020,25.743791,1508889.875,Oceania,58611.7978894406
AUS,Australia,2021,25.956417,1616776.25,Oceania,62288.11357129915
AUS,Australia,2022,26.200984,1671658.625,Oceania,63801.368108922936
AUS,Australia,2023,26.451124,1663526.25,Oceania,62890.569413987854
AUT,Austria,1950,6.93438787296552,44771.1640625,Western Europe,6456.39743300852
AUT,Austria,1951,6.93473878907264,46406.0859375,Western Europe,6691.828971355637
AUT,Austria,1952,6.92706059207647,48667.28515625,Western Europe,7025.6762604210735
AUT,Austria,1953,6.93177125938411,51106.4609375,Western Europe,7372.785255761718
AUT,Austria,1954,6.9394961816228,54435.078125,Western Europe,7844.240662478522
AUT,Austria,1955,6.94617169305744,59711.47265625,Western Europe,8596.31395462488
AUT,Austria,1956,6.95164522146753,64582.6640625,Western Europe,9290.270433114285
AUT,Austria,1957,6.96514452546359,67905.03125,Western Europe,9749.26378077996
AUT,Austria,1958,6.9866405209661,71131.53125,Western Europe,10181.07787806493
AUT,Austria,1959,7.01361052166688,73901.40625,Western Europe,10536.856305564615
AUT,Austria,1960,7.04671344884318,79258.2109375,Western Europe,11247.542774782672
AUT,Austria,1961,7.0855712094611,83856.8515625,Western Europe,11834.875281548093
AUT,Austria,1962,7.12913200877563,86406.65625,Western Europe,12120.221107371475
AUT,Austria,1963,7.17507388830619,90331.1171875,Western Europe,12589.573096204636
AUT,Austria,1964,7.22305928201493,94783.921875,Western Europe,13122.406749589803
AUT,Austria,1965,7.27014211568184,98023.2890625,Western Europe,13482.99489924163
AUT,Austria,1966,7.32131388485789,102892.1640625,Western Europe,14053.784017552362
AUT,Austria,1967,7.37624036102256,106231.2734375,Western Europe,14401.818302837039
AUT,Austria,1968,7.41464135855539,111117.7421875,Western Europe,14986.259862627974
AUT,Austria,1969,7.44029065597256,116521.5078125,Western Europe,15660.88116718457
AUT,Austria,1970,7.466319,123418.078125,Western Europe,16529.976568775055
AUT,Austria,1971,7.499635,129677.890625,Western Europe,17291.22692304359
AUT,Austria,1972,7.543259,137976.5625,Western Europe,18291.372800536214
AUT,Austria,1973,7.585105,145872.890625,Western Europe,19231.49259304914
AUT,Austria,1974,7.597967,149072.1875,Western Europe,19620.009865796997
AUT,Austria,1975,7.57783,150302.875,Western Europe,19834.553559528256
AUT,Austria,1976,7.564457,154862.28125,Western Europe,20472.359251959526
AUT,Austria,1977,7.567336,161321.5625,Western Europe,21318.144522722396
AUT,Austria,1978,7.561204,161676.40625,Western Europe,21382.362683244624
AUT,Austria,1979,7.548341,168012.09375,Western Europe,22258.14834676918
AUT,Austria,1980,7.548406,169088.03125,Western Europe,22400.495051538033
AUT,Austria,1981,7.567556,167165.65625,Western Europe,22089.78119884412
AUT,Austria,1982,7.573078,168336.96875,Western Europe,22228.34212852423
AUT,Austria,1983,7.561163,171911.375,Western Europe,22736.1022371823
AUT,Austria,1984,7.560715,171300.390625,Western Europe,22656.639038106845
AUT,Austria,1985,7.564309,174286.359375,Western Europe,23040.618696962276
AUT,Austria,1986,7.569395,183155.5,Western Europe,24196.84796473166
AUT,Austria,1987,7.574315,191148.78125,Western Europe,25236.44464879002
AUT,Austria,1988,7.585342,202761.3125,Western Europe,26730.675096785355
AUT,Austria,1989,7.620407,215930.546875,Western Europe,28335.82863421862
AUT,Austria,1990,7.679624,230948.796875,Western Europe,30072.930246975637
AUT,Austria,1991,7.75714,245398.515625,Western Europe,31635.1794121287
AUT,Austria,1992,7.842712,256095.59375,Western Europe,32653.958700765757
AUT,Austria,1993,7.907495,262733.25,Western Europe,33225.850917389136
AUT,Austria,1994,7.938155,277177.625,Western Europe,34917.13439709857
AUT,Austria,1995,7.950322,292904.6875,Western Europe,36841.864706863445
AUT,Austria,1996,7.960914,298990.5625,Western Europe,37557.31596899552
AUT,Austria,1997,7.969803,312758.0625,Western Europe,39242.88498724498
AUT,Austria,1998,7.978466,329932.53125,Western Europe,41352.878015648625
AUT,Austria,1999,7.993892,340956.625,Western Europe,42652.143036208145
AUT,Austria,2000,8.012928,353887.71875,Western Europe,44164.59485845873
AUT,Austria,2001,8.042233,349022.6875,Western Europe,43398.728624251504
AUT,Austria,2002,8.081636,356322.0,Western Europe,44090.33022521678
AUT,Austria,2003,8.122602,358477.1875,Western Europe,44133.29466345882
AUT,Austria,2004,8.173491,369234.78125,Western Europe,45174.67276222608
AUT,Austria,2005,8.229204,370632.78125,Western Europe,45038.71592562294
AUT,Austria,2006,8.269898,390348.03125,Western Europe,47201.069620205715
AUT,Austria,2007,8.296952,408312.0625,Western Europe,49212.2965758992
AUT,Austria,2008,8.323253,420147.28125,Western Europe,50478.73484682011
AUT,Austria,2009,8.345066,417177.90625,Western Europe,49990.96546989563
AUT,Austria,2010,8.365092,425161.59375,Western Europe,50825.69250284396
AUT,Austria,2011,8.39327,448614.9375,Western Europe,53449.36329940536
AUT,Austria,2012,8.431601,459066.5,Western Europe,54445.94686110028
AUT,Austria,2013,8.481406,460070.0625,Western Europe,54244.55125718543
AUT,Austria,2014,8.547817,465502.9375,Western Europe,54458.69249423566
AUT,Austria,2015,8.644039,488378.125,Western Europe,56498.83405199815
AUT,Austria,2016,8.737915,509078.90625,Western Europe,58260.91307251216
AUT,Austria,2017,8.798778,521816.5625,Western Europe,59305.57203511669
AUT,Austria,2018,8.84165,540559.6875,Western Europe,61137.87443520158
AUT,Austria,2019,8.880876,571211.75,Western Europe,64319.30251024786
AUT,Austria,2020,8.921405,546969.5,Western Europe,61309.793692809595
AUT,Austria,2021,8.967057,572279.8125,Western Europe,63820.24921889088
AUT,Austria,2022,9.064677,585009.6875,Western Europe,64537.28991115734
AUT,Austria,2023,9.130429,575025.25,Western Europe,62978.99583907832
BEL,Belgium,1950,8.63282864830933,83505.3359375,Western Europe,9672.998195539749
BEL,Belgium,1951,8.67181583465529,89255.0625,Western Europe,10292.545898323722
BEL,Belgium,1952,8.72379557327543,91110.4296875,Western Europe,10443.897833485311
BEL,Belgium,1953,8.77122782330438,91175.65625,Western Europe,10394.856693581063
BEL,Belgium,1954,8.81270316822361,94998.90625,Western Europe,10779.769207766143
BEL,Belgium,1955,8.86176115495342,100899.2890625,Western Europe,11385.918362976952
BEL,Belgium,1956,8.91708956811452,105310.46875,Western Europe,11809.95973468364
BEL,Belgium,1957,8.9823058148092,106172.8828125,Western Europe,11820.225786284398
BEL,Belgium,1958,9.04585344194746,105943.84375,Western Europe,11711.868253217202
BEL,Belgium,1959,9.09683734536689,107192.1796875,Western Europe,11783.45568002203
BEL,Belgium,1960,9.11179679128151,113989.828125,Western Europe,12510.137213998178
BEL,Belgium,1961,9.15886120170521,118962.203125,Western Europe,12988.75487957514
BEL,Belgium,1962,9.21142128830356,125296.671875,Western Europe,13602.316944736713
BEL,Belgium,1963,9.27607243425755,129500.8125,Western Europe,13960.73752310723
BEL,Belgium,1964,9.35990841682468,138896.078125,Western Europe,14839.469783201153
BEL,Belgium,1965,9.4409474842587,144785.4375,Western Europe,15335.901162611806
BEL,Belgium,1966,9.50060230106691,149285.578125,Western Europe,15713.275158169217
BEL,Belgium,1967,9.54926576552583,154990.203125,Western Europe,16230.58850079721
BEL,Belgium,1968,9.58254000256245,161426.96875,Western Europe,16845.94780787068
BEL,Belgium,1969,9.60542324722723,172830.90625,Western Europe,17993.054736020153
BEL,Belgium,1970,9.630504,183469.390625,Western Europe,19050.86074674804
BEL,Belgium,1971,9.666531,189682.921875,Western Europe,19622.64662214397
BEL,Belgium,1972,9.694853,202367.953125,Western Europe,20873.751579833133
BEL,Belgium,1973,9.718035,217855.4375,Western Europe,22417.642815651518
BEL,Belgium,1974,9.735806,225177.828125,Western Europe,23128.832695002344
BEL,Belgium,1975,9.748476,221103.640625,Western Europe,22680.841664379128
BEL,Belgium,1976,9.758901,235603.09375,Western Europe,24142.379736201852
BEL,Belgium,1977,9.774014,240689.109375,Western Europe,24625.410744756457
BEL,Belgium,1978,9.791817,250225.0625,Western Europe,25554.50765675053
BEL,Belgium,1979,9.811365,259421.296875,Western Europe,26440.897558596585
BEL,Belgium,1980,9.833093,269586.40625,Western Europe,27416.23680870302
BEL,Belgium,1981,9.850669,252678.59375,Western Europe,25650.906933326052
BEL,Belgium,1982,9.862327,244541.671875,Western Europe,24795.53475310644
BEL,Belgium,1983,9.869132,237334.703125,Western Europe,24048.18408802314
BEL,Belgium,1984,9.874586,237387.375,Western Europe,24040.235712160487
BEL,Belgium,1985,9.880337,235285.28125,Western Europe,23813.487459992506
BEL,Belgium,1986,9.886984,248288.53125,Western Europe,25112.66643599302
BEL,Belgium,1987,9.899147,258225.75,Western Europe,26085.656673246696
BEL,Belgium,1988,9.916565,278281.59375,Western Europe,28062.297151281717
BEL,Belgium,1989,9.936573,293767.3125,Western Europe,29564.248408379834
BEL,Belgium,1990,9.960968,306218.25,Western Europe,30741.816457998862
BEL,Belgium,1991,9.998961,313864.875,Western Europe,31389.748894910183
BEL,Belgium,1992,10.045987,325453.4375,Western Europe,32396.36259732369
BEL,Belgium,1993,10.084931,327911.0625,Western Europe,32514.95349844238
BEL,Belgium,1994,10.116005,341446.65625,Western Europe,33753.11264179881
BEL,Belgium,1995,10.137265,353735.5,Western Europe,34894.569689161726
BEL,Belgium,1996,10.156969,355178.375,Western Europe,34968.93364546057
BEL,Belgium,1997,10.181464,375704.59375,Western Europe,36900.84193687666
BEL,Belgium,1998,10.203182,387874.125,Western Europe,38015.01580585351
BEL,Belgium,1999,10.226682,404154.53125,Western Europe,39519.61459738359
BEL,Belgium,2000,10.251717,431358.4375,Western Europe,42076.7016393449
BEL,Belgium,2001,10.287004,436140.96875,Western Europe,42397.278036442876
BEL,Belgium,2002,10.332973,447636.125,Western Europe,43321.13564992379
BEL,Belgium,2003,10.37626,438299.1875,Western Europe,42240.57487958089
BEL,Belgium,2004,10.421292,445600.21875,Western Europe,42758.634797873434
BEL,Belgium,2005,10.478886,450169.78125,Western Europe,42959.69831621415
BEL,Belgium,2006,10.548442,464552.71875,Western Europe,44039.936774549264
BEL,Belgium,2007,10.625493,489341.96875,Western Europe,46053.577819871505
BEL,Belgium,2008,10.709708,500848.5625,Western Europe,46765.84669722088
BEL,Belgium,2009,10.812935,503045.96875,Western Europe,46522.61099784656
BEL,Belgium,2010,10.936626,529107.6875,Western Europe,48379.425930812664
BEL,Belgium,2011,11.038631,553348.8125,Western Europe,50128.39114741674
BEL,Belgium,2012,11.107518,557317.375,Western Europe,50174.789273355214
BEL,Belgium,2013,11.160276,559582.75,Western Europe,50140.58344076795
BEL,Belgium,2014,11.210119,569485.0,Western Europe,50800.9772242382
BEL,Belgium,2015,11.275335,588631.6875,Western Europe,52205.25044266977
BEL,Belgium,2016,11.332701,611841.375,Western Europe,53989.015945977924
BEL,Belgium,2017,11.376581,625147.375,Western Europe,54950.373490946
BEL,Belgium,2018,11.428605,641831.125,Western Europe,56160.05846732826
BEL,Belgium,2019,11.490618,682773.0625,Western Europe,59420.047076667244
BEL,Belgium,2020,11.540107,662370.625,Western Europe,57397.26893346829
BEL,Belgium,2021,11.570844,700108.1875,Western Europe,60506.2333828025
BEL,Belgium,2022,11.64182,707499.625,Western Europe,60772.25253439755
BEL,Belgium,2023,11.712893,723524.5625,Western Europe,61771.63596559791
BGD,Bangladesh,1959,54.8307705715259,85007.3359375,South Asia,1550.3582213313823
BGD,Bangladesh,1960,55.9933522625456,91829.5546875,South Asia,1640.0081612710571
BGD,Bangladesh,1961,57.1382295645505,91847.5625,South Asia,1607.4625202770326
BGD,Bangladesh,1962,58.2606369646521,97449.6015625,South Asia,1672.6490927592267
BGD,Bangladesh,1963,59.6789795850663,103823.0390625,South Asia,1739.691928118691
BGD,Bangladesh,1964,60.8815516761126,103470.78125,South Asia,1699.5424459688606
BGD,Bangladesh,1965,61.8309959988268,101922.9765625,South Asia,1648.4123361757574
BGD,Bangladesh,1966,63.0738675831002,103587.8125,South Asia,1642.325363408585
BGD,Bangladesh,1967,64.3758072692425,100926.265625,South Asia,1567.7669905231712
BGD,Bangladesh,1968,65.7158827962086,103717.3828125,South Asia,1578.2696419697772
BGD,Bangladesh,1969,67.095197509347,108223.5078125,South Asia,1612.9844136374056
BGD,Bangladesh,1970,69.058894,116917.1171875,South Asia,1693.005931828274
BGD,Bangladesh,1971,70.276758,114437.1171875,South Asia,1628.3778655170747
BGD,Bangladesh,1972,71.641519,108432.7265625,South Asia,1513.5458889767538
BGD,Bangladesh,1973,73.722294,90691.53125,South Asia,1230.1778244990585
BGD,Bangladesh,1974,75.839348,90808.2421875,South Asia,1197.3763564990036
BGD,Bangladesh,1975,77.854351,87256.046875,South Asia,1120.7600571354067
BGD,Bangladesh,1976,79.855318,98960.3359375,South Asia,1239.2454055157605
BGD,Bangladesh,1977,81.867264,103765.578125,South Asia,1267.4855987003546
BGD,Bangladesh,1978,83.889655,106462.4296875,South Asia,1269.0769760288083
BGD,Bangladesh,1979,85.935072,113310.4296875,South Asia,1318.5586169928383
BGD,Bangladesh,1980,88.016432,112668.2265625,South Asia,1280.0817302216933
BGD,Bangladesh,1981,90.303105,115153.203125,South Asia,1275.1854227493063
BGD,Bangladesh,1982,92.814507,114701.4453125,South Asia,1235.8137646790494
BGD,Bangladesh,1983,95.335155,117803.328125,South Asia,1235.6756342925125
BGD,Bangladesh,1984,97.814966,128955.640625,South Asia,1318.363087965496
BGD,Bangladesh,1985,100.253825,134148.84375,South Asia,1338.0920254164864
BGD,Bangladesh,1986,102.635572,137602.203125,South Asia,1340.6872533920307
BGD,Bangladesh,1987,104.959291,139588.359375,South Asia,1329.9285660666287
BGD,Bangladesh,1988,107.216008,144607.765625,South Asia,1348.7516306800007
BGD,Bangladesh,1989,109.433799,161138.234375,South Asia,1472.4722695133705
BGD,Bangladesh,1990,111.633717,167474.671875,South Asia,1500.2158521246765
BGD,Bangladesh,1991,113.787109,175654.703125,South Asia,1543.713560074718
BGD,Bangladesh,1992,115.952192,180251.640625,South Asia,1554.534136146387
BGD,Bangladesh,1993,118.13236,186029.96875,South Asia,1574.758760004456
BGD,Bangladesh,1994,120.343179,195012.21875,South Asia,1620.467569250435
BGD,Bangladesh,1995,122.60037,202471.234375,South Asia,1651.4732734901208
BGD,Bangladesh,1996,124.862179,207231.328125,South Asia,1659.6805356488294
BGD,Bangladesh,1997,127.198069,207400.015625,South Asia,1630.5280202406216
BGD,Bangladesh,1998,129.622332,208672.75,South Asia,1609.85184250504
BGD,Bangladesh,1999,132.108065,207104.546875,South Asia,1567.6904122015562
BGD,Bangladesh,2000,134.544304,209321.71875,South Asia,1555.7828352956508
BGD,Bangladesh,2001,136.80581,214611.421875,South Asia,1568.7303183614788
BGD,Bangladesh,2002,138.933658,223665.890625,South Asia,1609.8754890985451
BGD,Bangladesh,2003,140.970351,230615.546875,South Asia,1635.9152491221364
BGD,Bangladesh,2004,142.902856,237906.875,South Asia,1664.8153973913577
BGD,Bangladesh,2005,144.715786,246333.625,South Asia,1702.1890410766935
BGD,Bangladesh,2006,146.405973,271283.0,South Asia,1852.950357428382
BGD,Bangladesh,2007,147.989278,308436.4375,South Asia,2084.180973570261
BGD,Bangladesh,2008,149.474264,342811.8125,South Asia,2293.4504129754405
BGD,Bangladesh,2009,150.873714,386551.125,South Asia,2562.08397574146
BGD,Bangladesh,2010,152.201981,442562.5,South Asia,2907.731536030402
BGD,Bangladesh,2011,153.591076,507400.15625,South Asia,3303.5783683812465
BGD,Bangladesh,2012,155.070101,571959.3125,South Asia,3688.3919518437665
BGD,Bangladesh,2013,156.532141,614175.875,South Asia,3923.6406726207115
BGD,Bangladesh,2014,157.964929,675180.3125,South Asia,4274.241863521491
BGD,Bangladesh,2015,159.383179,739007.125,South Asia,4636.669500738218
BGD,Bangladesh,2016,160.811932,816343.4375,South Asia,5076.385982975442
BGD,Bangladesh,2017,162.186147,860544.25,South Asia,5305.90476386371
BGD,Bangladesh,2018,163.523103,950846.0,South Asia,5814.7502252327
BGD,Bangladesh,2019,164.913055,1036815.125,South Asia,6287.040919835
BGD,Bangladesh,2020,166.298024,1118274.125,South Asia,6724.518416406439
BGD,Bangladesh,2021,167.658854,1210947.0,South Asia,7222.684463774279
BGD,Bangladesh,2022,169.384897,1299698.625,South Asia,7673.049061747223
BGD,Bangladesh,2023,171.46699,1352598.25,South Asia,7888.388604710445
BGR,Bulgaria,1970,8.490825,47218.6953125,Eastern Europe & FSU,5561.143388598871
BGR,Bulgaria,1971,8.538898,50466.73828125,Eastern Europe & FSU,5910.21678456049
BGR,Bulgaria,1972,8.579913,54310.70703125,Eastern Europe & FSU,6329.983419557984
BGR,Bulgaria,1973,8.6248,58818.859375,Eastern Europe & FSU,6819.736037357387
BGR,Bulgaria,1974,8.682755,63177.58203125,Eastern Europe & FSU,7276.213832044092
BGR,Bulgaria,1975,8.723148,68672.0703125,Eastern Europe & FSU,7872.395414189923
BGR,Bulgaria,1976,8.759438,73586.328125,Eastern Europe & FSU,8400.804723430887
BGR,Bulgaria,1977,8.804686,77526.0859375,Eastern Europe & FSU,8805.093780459632
BGR,Bulgaria,1978,8.813746,81806.96875,Eastern Europe & FSU,9281.747936688895
BGR,Bulgaria,1979,8.824992,89678.328125,Eastern Europe & FSU,10161.859424348486
BGR,Bulgaria,1980,8.859537,89912.65625,Eastern Europe & FSU,10148.685676237936
BGR,Bulgaria,1981,8.887801,95972.75,Eastern Europe & FSU,10798.25594654966
BGR,Bulgaria,1982,8.912732,101222.9921875,Eastern Europe & FSU,11357.122842636803
BGR,Bulgaria,1983,8.933326,108120.6015625,Eastern Europe & FSU,12103.062349062377
BGR,Bulgaria,1984,8.952604,110618.078125,Eastern Europe & FSU,12355.966836576265
BGR,Bulgaria,1985,8.958854,116485.0078125,Eastern Europe & FSU,13002.221915046277
BGR,Bulgaria,1986,8.963469,116967.6171875,Eastern Europe & FSU,13049.369299709744
BGR,Bulgaria,1987,8.976204,128085.078125,Eastern Europe & FSU,14269.403650474076
BGR,Bulgaria,1988,8.985715,131218.03125,Eastern Europe & FSU,14602.959391656645
BGR,Bulgaria,1989,8.93638,127376.90625,Eastern Europe & FSU,14253.74774237443
BGR,Bulgaria,1990,8.822365,133706.359375,Eastern Europe & FSU,15155.387401790791
BGR,Bulgaria,1991,8.695797,138859.109375,Eastern Europe & FSU,15968.53162223083
BGR,Bulgaria,1992,8.559101,115499.3828125,Eastern Europe & FSU,13494.335773406576
BGR,Bulgaria,1993,8.466533,105611.3984375,Eastern Europe & FSU,12473.984148824555
BGR,Bulgaria,1994,8.416917,104579.21875,Eastern Europe & FSU,12424.884164831376
BGR,Bulgaria,1995,8.357574,97294.4765625,Eastern Europe & FSU,11641.473537954915
BGR,Bulgaria,1996,8.291398,91178.71875,Eastern Europe & FSU,10996.78470988849
BGR,Bulgaria,1997,8.217102,71604.1796875,Eastern Europe & FSU,8714.042942085907
BGR,Bulgaria,1998,8.138194,83759.5859375,Eastern Europe & FSU,10292.15891603223
BGR,Bulgaria,1999,8.067462,80675.1640625,Eastern Europe & FSU,10000.067439115299
BGR,Bulgaria,2000,8.00052,84519.5390625,Eastern Europe & FSU,10564.255706191598
BGR,Bulgaria,2001,7.928452,86915.375,Eastern Europe & FSU,10962.46467784632
BGR,Bulgaria,2002,7.861943,92094.3671875,Eastern Europe & FSU,11713.944909992351
BGR,Bulgaria,2003,7.804409,93863.3828125,Eastern Europe & FSU,12026.968706086522
BGR,Bulgaria,2004,7.74943,98381.8125,Eastern Europe & FSU,12695.361142690494
BGR,Bulgaria,2005,7.69505,100253.375,Eastern Europe & FSU,13028.294163130844
BGR,Bulgaria,2006,7.640294,108990.65625,Eastern Europe & FSU,14265.243752400103
BGR,Bulgaria,2007,7.586888,122330.0078125,Eastern Europe & FSU,16123.871581141042
BGR,Bulgaria,2008,7.535592,132468.453125,Eastern Europe & FSU,17579.03733707982
BGR,Bulgaria,2009,7.488011,136663.9375,Eastern Europe & FSU,18251.03321830056
BGR,Bulgaria,2010,7.437599,140298.0625,Eastern Europe & FSU,18863.353953338974
BGR,Bulgaria,2011,7.380025,139693.109375,Eastern Europe & FSU,18928.541485293073
BGR,Bulgaria,2012,7.317014,140789.890625,Eastern Europe & FSU,19241.440651200064
BGR,Bulgaria,2013,7.2646,136030.671875,Eastern Europe & FSU,18725.142729813066
BGR,Bulgaria,2014,7.223449,139782.40625,Eastern Europe & FSU,19351.199994628605
BGR,Bulgaria,2015,7.177517,147547.65625,Eastern Europe & FSU,20556.921878415615
BGR,Bulgaria,2016,7.127434,156959.890625,Eastern Europe & FSU,22021.93533114442
BGR,Bulgaria,2017,7.075636,163513.078125,Eastern Europe & FSU,23109.311745968844
BGR,Bulgaria,2018,7.024745,168306.078125,Eastern Europe & FSU,23959.030274408535
BGR,Bulgaria,2019,6.975469,183590.046875,Eastern Europe & FSU,26319.38395468462
BGR,Bulgaria,2020,6.933652,180542.703125,Eastern Europe & FSU,26038.616175862302
BGR,Bulgaria,2021,6.877225,196433.296875,Eastern Europe & FSU,28562.871925086063
BGR,Bulgaria,2022,6.825864,205298.234375,Eastern Europe & FSU,30076.5198918408
BGR,Bulgaria,2023,6.795803,208523.875,Eastern Europe & FSU,30684.214212801635
BLR,Belarus,1990,10.186261,168212.640625,Eastern Europe & FSU,16513.678632915453
BLR,Belarus,1991,10.193889,166099.765625,Eastern Europe & FSU,16294.052802124881
BLR,Belarus,1992,10.217561,139945.5625,Eastern Europe & FSU,13696.572254376559
BLR,Belarus,1993,10.24132,110386.6875,Eastern Europe & FSU,10778.560527353895
BLR,Belarus,1994,10.230187,98098.3984375,Eastern Europe & FSU,9589.110974950898
BLR,Belarus,1995,10.197463,94242.875,Eastern Europe & FSU,9241.796219314549
BLR,Belarus,1996,10.164028,97137.2421875,Eastern Europe & FSU,9556.963261760004
BLR,Belarus,1997,10.122364,97137.5078125,Eastern Europe & FSU,9596.32629418385
BLR,Belarus,1998,10.080578,98390.4453125,Eastern Europe & FSU,9760.397202670323
BLR,Belarus,1999,10.039223,97704.4921875,Eastern Europe & FSU,9732.276311373898
BLR,Belarus,2000,9.991313,99662.609375,Eastern Europe & FSU,9974.926155851588
BLR,Belarus,2001,9.938065,103317.3828125,Eastern Europe & FSU,10396.126691916385
BLR,Belarus,2002,9.87345,105380.015625,Eastern Europe & FSU,10673.069253908208
BLR,Belarus,2003,9.803176,108362.453125,Eastern Europe & FSU,11053.81083895668
BLR,Belarus,2004,9.735091,115593.96875,Eastern Europe & FSU,11873.948456157215
BLR,Belarus,2005,9.667838,126383.359375,Eastern Europe & FSU,13072.55659176333
BLR,Belarus,2006,9.608036,141497.9375,Eastern Europe & FSU,14727.040729239565
BLR,Belarus,2007,9.563133,155329.625,Eastern Europe & FSU,16242.545722202127
BLR,Belarus,2008,9.529358,177687.140625,Eastern Europe & FSU,18646.286625499848
BLR,Belarus,2009,9.507337,172299.453125,Eastern Europe & FSU,18122.788024133362
BLR,Belarus,2010,9.490752,186306.421875,Eastern Europe & FSU,19630.311894673887
BLR,Belarus,2011,9.472735,219510.078125,Eastern Europe & FSU,23172.830035359377
BLR,Belarus,2012,9.463076,218454.734375,Eastern Europe & FSU,23084.960363311046
BLR,Belarus,2013,9.464453,211982.953125,Eastern Europe & FSU,22397.802929022942
BLR,Belarus,2014,9.472708,210683.796875,Eastern Europe & FSU,22241.137051305708
BLR,Belarus,2015,9.487293,211083.234375,Eastern Europe & FSU,22249.047686732138
BLR,Belarus,2016,9.499064,203585.75,Eastern Europe & FSU,21432.190582145777
BLR,Belarus,2017,9.49579,209234.953125,Eastern Europe & FSU,22034.49666905018
BLR,Belarus,2018,9.480031,215062.515625,Eastern Europe & FSU,22685.845186054772
BLR,Belarus,2019,9.435419,234390.1875,Eastern Europe & FSU,24841.523995913696
BLR,Belarus,2020,9.350944,251935.421875,Eastern Europe & FSU,26942.244748230765
BLR,Belarus,2021,9.251365,259788.453125,Eastern Europe & FSU,28081.094316892697
BLR,Belarus,2022,9.173237,250085.40625,Eastern Europe & FSU,27262.503547003093
BLR,Belarus,2023,9.11568,254782.296875,Eastern Europe & FSU,27949.894782945434
BOL,Bolivia (Plurinational State of),1950,2.92118240001953,5826.16455078125,Latin America & Caribbean,1994.454215095332
BOL,Bolivia (Plurinational State of),1951,2.98205466638324,6713.89599609375,Latin America & Caribbean,2251.432903554596
BOL,Bolivia (Plurinational State of),1952,3.04504853351955,6636.86083984375,Latin America & Caribbean,2179.5583113983034
BOL,Bolivia (Plurinational State of),1953,3.11015972096168,5660.04638671875,Latin America & Caribbean,1819.857143853895
BOL,Bolivia (Plurinational State of),1954,3.17739804860401,5873.80322265625,Latin America & Caribbean,1848.6205167894864
BOL,Bolivia (Plurinational State of),1955,3.24675797701894,6493.7587890625,Latin America & Caribbean,2000.0747930786151
BOL,Bolivia (Plurinational State of),1956,3.31824177233595,6001.3125,Latin America & Caribbean,1808.5820478883438
BOL,Bolivia (Plurinational State of),1957,3.39189374997586,5814.27783203125,Latin America & Caribbean,1714.1686210166902
BOL,Bolivia (Plurinational State of),1958,3.46780027465089,5869.2685546875,Latin America & Caribbean,1692.5047839666518
BOL,Bolivia (Plurinational State of),1959,3.54604418598294,5894.2158203125,Latin America & Caribbean,1662.1946910903093
BOL,Bolivia (Plurinational State of),1960,3.62670001445251,6295.0126953125,Latin America & Caribbean,1735.7412165954402
BOL,Bolivia (Plurinational State of),1961,3.7098241615043,6593.6494140625,Latin America & Caribbean,1777.3482318873127
BOL,Bolivia (Plurinational State of),1962,3.79551130099192,6932.87109375,Latin America & Caribbean,1826.5974051870592
BOL,Bolivia (Plurinational State of),1963,3.88392635678269,7332.20947265625,Latin America & Caribbean,1887.8343199921017
BOL,Bolivia (Plurinational State of),1964,3.97520428947643,7950.97412109375,Latin America & Caribbean,2000.1422674407922
BOL,Bolivia (Plurinational State of),1965,4.06945865733904,8744.7236328125,Latin America & Caribbean,2148.866561659714
BOL,Bolivia (Plurinational State of),1966,4.16678690393793,9244.4853515625,Latin America & Caribbean,2218.6124619969787
BOL,Bolivia (Plurinational State of),1967,4.26731769506883,9705.3798828125,Latin America & Caribbean,2274.351378625433
BOL,Bolivia (Plurinational State of),1968,4.37124138560761,8743.806640625,Latin America & Caribbean,2000.3028589119187
BOL,Bolivia (Plurinational State of),1969,4.47875462523424,9097.0390625,Latin America & Caribbean,2031.1537076055429
BOL,Bolivia (Plurinational State of),1970,4.59001,9504.2919921875,Latin America & Caribbean,2070.647338935536
BOL,Bolivia (Plurinational State of),1971,4.694342,10069.142578125,Latin America & Caribbean,2144.9529195199243
BOL,Bolivia (Plurinational State of),1972,4.800978,10340.533203125,Latin America & Caribbean,2153.8389059739497
BOL,Bolivia (Plurinational State of),1973,4.9102,10881.064453125,Latin America & Caribbean,2216.012474670075
BOL,Bolivia (Plurinational State of),1974,5.022475,12567.388671875,Latin America & Caribbean,2502.2302095829245
BOL,Bolivia (Plurinational State of),1975,5.137539,12375.71484375,Latin America & Caribbean,2408.879980035188
BOL,Bolivia (Plurinational State of),1976,5.256496,13066.7216796875,Latin America & Caribbean,2485.823575189156
BOL,Bolivia (Plurinational State of),1977,5.379166,13801.115234375,Latin America & Caribbean,2565.660779826278
BOL,Bolivia (Plurinational State of),1978,5.504123,13571.2001953125,Latin America & Caribbean,2465.642609242653
BOL,Bolivia (Plurinational State of),1979,5.630849,14276.7275390625,Latin America & Caribbean,2535.448480160363
BOL,Bolivia (Plurinational State of),1980,5.7589,14163.546875,Latin America & Caribbean,2459.418790914932
BOL,Bolivia (Plurinational State of),1981,5.888109,14555.94140625,Latin America & Caribbean,2472.091023832949
BOL,Bolivia (Plurinational State of),1982,6.018088,13931.935546875,Latin America & Caribbean,2315.010273507965
BOL,Bolivia (Plurinational State of),1983,6.14906,13909.2265625,Latin America & Caribbean,2262.008593589914
BOL,Bolivia (Plurinational State of),1984,6.281868,14008.34765625,Latin America & Caribbean,2229.9652995335146
BOL,Bolivia (Plurinational State of),1985,6.416185,14665.6953125,Latin America & Caribbean,2285.7344843548
BOL,Bolivia (Plurinational State of),1986,6.552479,14269.1474609375,Latin America & Caribbean,2177.6716050425343
BOL,Bolivia (Plurinational State of),1987,6.692162,15116.453125,Latin America & Caribbean,2258.8295269899327
BOL,Bolivia (Plurinational State of),1988,6.835508,15872.8447265625,Latin America & Caribbean,2322.1163264767592
BOL,Bolivia (Plurinational State of),1989,6.981766,16955.654296875,Latin America & Caribbean,2428.5623862035764
BOL,Bolivia (Plurinational State of),1990,7.130142,18107.580078125,Latin America & Caribbean,2539.5819715967787
BOL,Bolivia (Plurinational State of),1991,7.280289,19011.94140625,Latin America & Caribbean,2611.4267450440498
BOL,Bolivia (Plurinational State of),1992,7.430336,19798.49609375,Latin America & Caribbean,2664.5492335407175
BOL,Bolivia (Plurinational State of),1993,7.579195,21097.79296875,Latin America & Caribbean,2783.645620511149
BOL,Bolivia (Plurinational State of),1994,7.727322,23174.884765625,Latin America & Caribbean,2999.083610806564
BOL,Bolivia (Plurinational State of),1995,7.874676,25641.30859375,Latin America & Caribbean,3256.173154774876
BOL,Bolivia (Plurinational State of),1996,8.021736,28133.54296875,Latin America & Caribbean,3507.1639067590854
BOL,Bolivia (Plurinational State of),1997,8.1679,28752.48828125,Latin America & Caribbean,3520.1812315589077
BOL,Bolivia (Plurinational State of),1998,8.313394,29515.666015625,Latin America & Caribbean,3550.3749750853863
BOL,Bolivia (Plurinational State of),1999,8.459806,30051.4609375,Latin America & Caribbean,3552.263602439583
BOL,Bolivia (Plurinational State of),2000,8.606326,30826.216796875,Latin America & Caribbean,3581.809101453396
BOL,Bolivia (Plurinational State of),2001,8.752736,31894.88671875,Latin America & Caribbean,3643.9904869460242
BOL,Bolivia (Plurinational State of),2002,8.900355,33223.3828125,Latin America & Caribbean,3732.8154677538146
BOL,Bolivia (Plurinational State of),2003,9.0507,35516.85546875,Latin America & Caribbean,3924.2108863126605
BOL,Bolivia (Plurinational State of),2004,9.204287,38619.640625,Latin America & Caribbean,4195.831858024418
BOL,Bolivia (Plurinational State of),2005,9.360754,40927.453125,Latin America & Caribbean,4372.238937696686
BOL,Bolivia (Plurinational State of),2006,9.521689,45459.44921875,Latin America & Caribbean,4774.305190891027
BOL,Bolivia (Plurinational State of),2007,9.68596,47905.0390625,Latin America & Caribbean,4945.8225165600525
BOL,Bolivia (Plurinational State of),2008,9.850858,52788.30078125,Latin America & Caribbean,5358.751570802258
BOL,Bolivia (Plurinational State of),2009,10.016275,53885.4765625,Latin America & Caribbean,5379.792044697255
BOL,Bolivia (Plurinational State of),2010,10.182345,60484.65234375,Latin America & Caribbean,5940.149576914748
BOL,Bolivia (Plurinational State of),2011,10.348929,67161.328125,Latin America & Caribbean,6489.688751850554
BOL,Bolivia (Plurinational State of),2012,10.515807,75635.125,Latin America & Caribbean,7192.517416875376
BOL,Bolivia (Plurinational State of),2013,10.682608,82666.4296875,Latin America & Caribbean,7738.4127253850365
BOL,Bolivia (Plurinational State of),2014,10.848888,86998.7890625,Latin America & Caribbean,8019.143442397045
BOL,Bolivia (Plurinational State of),2015,11.014705,88369.296875,Latin America & Caribbean,8022.847354967746
BOL,Bolivia (Plurinational State of),2016,11.18002,92554.90625,Latin America & Caribbean,8278.599345081671
BOL,Bolivia (Plurinational State of),2017,11.344587,102180.4453125,Latin America & Caribbean,9006.977980996575
BOL,Bolivia (Plurinational State of),2018,11.508368,107652.765625,Latin America & Caribbean,9354.303375161448
BOL,Bolivia (Plurinational State of),2019,11.671386,111821.7578125,Latin America & Caribbean,9580.846508932187
BOL,Bolivia (Plurinational State of),2020,11.816299,101246.4765625,Latin America & Caribbean,8568.374629188038
BOL,Bolivia (Plurinational State of),2021,11.93736,111995.9609375,Latin America & Caribbean,9381.970631488035
BOL,Bolivia (Plurinational State of),2022,12.077154,115695.6796875,Latin America & Caribbean,9579.713870295933
BOL,Bolivia (Plurinational State of),2023,12.244159,117510.328125,Latin America & Caribbean,9597.255975277682
BRA,Brazil,1950,53.2706842849195,102114.34375,Latin America & Caribbean,1916.895664486663
BRA,Brazil,1951,54.8181363001983,106784.1640625,Latin America & Caribbean,1947.9714428400537
BRA,Brazil,1952,56.4199777358408,116634.390625,Latin America & Caribbean,2067.253396856766
BRA,Brazil,1953,58.0784101770252,120215.2421875,Latin America & Caribbean,2069.8783217563873
BRA,Brazil,1954,59.7957150591695,131120.359375,Latin America & Caribbean,2192.80527451261
BRA,Brazil,1955,61.5742840870702,140591.328125,Latin America & Caribbean,2283.279947294139
BRA,Brazil,1956,63.4267374009808,145569.0,Latin America & Caribbean,2295.073118450343
BRA,Brazil,1957,65.339724801314,158085.703125,Latin America & Caribbean,2419.442438818182
BRA,Brazil,1958,67.3153718254008,167468.953125,Latin America & Caribbean,2487.8263104506423
BRA,Brazil,1959,69.3558876632043,175361.703125,Latin America & Caribbean,2528.432827167685
BRA,Brazil,1960,71.4635461453578,193100.171875,Latin America & Caribbean,2702.0793438130218
BRA,Brazil,1961,73.5947414362397,218244.171875,Latin America & Caribbean,2965.4859520646633
BRA,Brazil,1962,75.7941136221942,232053.875,Latin America & Caribbean,3061.634524241596
BRA,Brazil,1963,78.0639745577783,247872.640625,Latin America & Caribbean,3175.250069307443
BRA,Brazil,1964,80.4067349597503,260893.796875,Latin America & Caribbean,3244.6759218067646
BRA,Brazil,1965,82.8248815927156,279635.4375,Latin America & Caribbean,3376.22501985676
BRA,Brazil,1966,85.2814628076885,291242.75,Latin America & Caribbean,3415.0768574028634
BRA,Brazil,1967,87.7658014869129,314906.46875,Latin America & Caribbean,3588.031595620498
BRA,Brazil,1968,90.2769394275134,347090.90625,Latin America & Caribbean,3844.7349727522806
BRA,Brazil,1969,92.8138880074755,354136.21875,Latin America & Caribbean,3815.552029470814
BRA,Brazil,1970,95.375651,405327.875,Latin America & Caribbean,4249.804543929142
BRA,Brazil,1971,97.739273,452846.21875,Latin America & Caribbean,4633.206334059801
BRA,Brazil,1972,100.146797,504928.46875,Latin America & Caribbean,5041.883353992839
BRA,Brazil,1973,102.600976,574665.9375,Latin America & Caribbean,5600.979248969327
BRA,Brazil,1974,105.089675,611270.6875,Latin America & Caribbean,5816.657892414264
BRA,Brazil,1975,107.619565,639257.0,Latin America & Caribbean,5939.970116028624
BRA,Brazil,1976,110.213349,702163.5,Latin America & Caribbean,6370.9478604084525
BRA,Brazil,1977,112.875292,725837.375,Latin America & Caribbean,6430.436299557922
BRA,Brazil,1978,115.600942,749506.4375,Latin America & Caribbean,6483.566868339187
BRA,Brazil,1979,118.380821,794820.25,Latin America & Caribbean,6714.096449795698
BRA,Brazil,1980,121.207461,734726.8125,Latin America & Caribbean,6061.729256914308
BRA,Brazil,1981,124.063109,810294.25,Latin America & Caribbean,6531.3069818361555
BRA,Brazil,1982,126.923155,830932.0625,Latin America & Caribbean,6546.7334348882205
BRA,Brazil,1983,129.790077,814326.8125,Latin America & Caribbean,6274.183907757448
BRA,Brazil,1984,132.658864,862467.75,Latin America & Caribbean,6501.395564490888
BRA,Brazil,1985,135.515595,904721.8125,Latin America & Caribbean,6676.145372789014
BRA,Brazil,1986,138.33637,1016563.375,Latin America & Caribbean,7348.489590987533
BRA,Brazil,1987,141.104944,1051805.25,Latin America & Caribbean,7454.063764059182
BRA,Brazil,1988,143.826357,1068869.5,Latin America & Caribbean,7431.666366964992
BRA,Brazil,1989,146.502972,1075982.625,Latin America & Caribbean,7344.442302508375
BRA,Brazil,1990,149.143223,1038996.3125,Latin America & Caribbean,6966.4332820539885
BRA,Brazil,1991,151.724256,1125934.625,Latin America & Caribbean,7420.926980851368
BRA,Brazil,1992,154.275079,1160358.125,Latin America & Caribbean,7521.358164399319
BRA,Brazil,1993,156.794577,1245057.75,Latin America & Caribbean,7940.693956526316
BRA,Brazil,1994,159.265006,1392041.375,Latin America & Caribbean,8740.409522227375
BRA,Brazil,1995,161.735073,1640300.0,Latin America & Caribbean,10141.894207448746
BRA,Brazil,1996,164.202549,1998192.0,Latin America & Caribbean,12169.068094064727
BRA,Brazil,1997,166.661659,1931557.875,Latin America & Caribbean,11589.695473990212
BRA,Brazil,1998,169.159655,1861434.125,Latin America & Caribbean,11004.007574974068
BRA,Brazil,1999,171.641543,1791875.0,Latin America & Caribbean,10439.634651851155
BRA,Brazil,2000,174.018282,1795624.375,Latin America & Caribbean,10318.596151868687
BRA,Brazil,2001,176.301203,1786172.625,Latin America & Caribbean,10131.369466605398
BRA,Brazil,2002,178.503484,1837772.875,Latin America & Caribbean,10295.445409905838
BRA,Brazil,2003,180.622688,1827567.75,Latin America & Caribbean,10118.151657669938
BRA,Brazil,2004,182.675143,1920773.0,Latin America & Caribbean,10514.692740653829
BRA,Brazil,2005,184.688101,1975163.25,Latin America & Caribbean,10694.588548506435
BRA,Brazil,2006,186.653106,2150759.75,Latin America & Caribbean,11522.764319817961
BRA,Brazil,2007,188.55232,2373551.0,Latin America & Caribbean,12588.288492021737
BRA,Brazil,2008,190.367302,2619445.75,Latin America & Caribbean,13759.956266018837
BRA,Brazil,2009,192.079951,2823070.5,Latin America & Caribbean,14697.372033377915
BRA,Brazil,2010,193.701929,3213294.5,Latin America & Caribbean,16588.86164215742
BRA,Brazil,2011,195.284734,3590073.5,Latin America & Caribbean,18383.789794854114
BRA,Brazil,2012,196.876111,3584929.5,Latin America & Caribbean,18209.062957364084
BRA,Brazil,2013,198.478299,3621657.0,Latin America & Caribbean,18247.11829075077
BRA,Brazil,2014,200.085127,3618788.5,Latin America & Caribbean,18086.244361381243
BRA,Brazil,2015,201.675532,3399294.25,Latin America & Caribbean,16855.26358249547
BRA,Brazil,2016,203.218114,3247383.0,Latin America & Caribbean,15979.791053468785
BRA,Brazil,2017,204.703445,3268639.5,Latin America & Caribbean,15967.68193129334
BRA,Brazil,2018,206.107261,3421522.0,Latin America & Caribbean,16600.686377565322
BRA,Brazil,2019,207.455459,3539813.25,Latin America & Caribbean,17063.00363009488
BRA,Brazil,2020,208.660842,3467857.0,Latin America & Caribbean,16619.586917990102
BRA,Brazil,2021,209.550294,3702860.25,Latin America & Caribbean,17670.508493774767
BRA,Brazil,2022,210.306415,3816818.75,Latin America & Caribbean,18148.84605398271
BRA,Brazil,2023,211.140729,3970609.75,Latin America & Caribbean,18805.513122956017
BRB,Barbados,1960,0.242684266112509,2383.37109375,Latin America & Caribbean,9820.871916950164
BRB,Barbados,1961,0.239820181967346,2447.76684570313,Latin America & Caribbean,10206.67579193322
BRB,Barbados,1962,0.2389323270889,2540.63720703125,Latin America & Caribbean,10633.292020321513
BRB,Barbados,1963,0.241011983518763,2695.15795898438,Latin America & Caribbean,11182.67199678293
BRB,Barbados,1964,0.243655687648431,2632.61547851563,Latin America & Caribbean,10804.654321528547
BRB,Barbados,1965,0.245442868559459,2659.39331054688,Latin America & Caribbean,10835.080791531072
BRB,Barbados,1966,0.24674539709938,2791.29809570313,Latin America & Caribbean,11312.462678194956
BRB,Barbados,1967,0.248831310522408,3150.68896484375,Latin America & Caribbean,12661.947398135095
BRB,Barbados,1968,0.250548512723805,3225.71606445313,Latin America & Caribbean,12874.616693530465
BRB,Barbados,1969,0.249977149633981,3627.5205078125,Latin America & Caribbean,14511.408395223129
BRB,Barbados,1970,0.249387,3995.61987304688,Latin America & Caribbean,16021.764859623316
BRB,Barbados,1971,0.249168,4177.14453125,Latin America & Caribbean,16764.369948187566
BRB,Barbados,1972,0.249658,4167.5654296875,Latin America & Caribbean,16693.09787664525
BRB,Barbados,1973,0.250322,4360.91943359375,Latin America & Caribbean,17421.23917831333
BRB,Barbados,1974,0.250777,4124.6630859375,Latin America & Caribbean,16447.53340991199
BRB,Barbados,1975,0.251175,4542.79345703125,Latin America & Caribbean,18086.16883460237
BRB,Barbados,1976,0.251442,3556.59521484375,Latin America & Caribbean,14144.793689374686
BRB,Barbados,1977,0.251626,3618.123046875,Latin America & Caribbean,14378.97135778894
BRB,Barbados,1978,0.251551,3553.19482421875,Latin America & Caribbean,14125.146885596756
BRB,Barbados,1979,0.251269,3746.00830078125,Latin America & Caribbean,14908.35837600838
BRB,Barbados,1980,0.251524,3864.89013671875,Latin America & Caribbean,15365.890080941579
BRB,Barbados,1981,0.25227,3765.11499023438,Latin America & Caribbean,14924.941492188449
BRB,Barbados,1982,0.253095,3613.9404296875,Latin America & Caribbean,14278.987849177185
BRB,Barbados,1983,0.253992,3652.87158203125,Latin America & Caribbean,14381.83715247429
BRB,Barbados,1984,0.25492,3813.60668945313,Latin America & Caribbean,14960.013688424331
BRB,Barbados,1985,0.25582,3826.21435546875,Latin America & Caribbean,14956.666231994175
BRB,Barbados,1986,0.256618,4133.65771484375,Latin America & Caribbean,16108.214212735465
BRB,Barbados,1987,0.257279,4268.75341796875,Latin America & Caribbean,16591.92323496574
BRB,Barbados,1988,0.257763,4476.19287109375,Latin America & Caribbean,17365.53683458739
BRB,Barbados,1989,0.258109,4793.42919921875,Latin America & Caribbean,18571.33691277232
BRB,Barbados,1990,0.258582,4534.56298828125,Latin America & Caribbean,17536.266980227745
BRB,Barbados,1991,0.259373,4741.87060546875,Latin America & Caribbean,18282.051738109785
BRB,Barbados,1992,0.260267,3831.33544921875,Latin America & Caribbean,14720.788456541743
BRB,Barbados,1993,0.261027,4081.755859375,Latin America & Caribbean,15637.293687530408
BRB,Barbados,1994,0.26162,5987.45751953125,Latin America & Caribbean,22886.084854106146
BRB,Barbados,1995,0.262039,6398.654296875,Latin America & Caribbean,24418.70979844603
BRB,Barbados,1996,0.262284,6881.15185546875,Latin America & Caribbean,26235.499898845334
BRB,Barbados,1997,0.262392,6549.015625,Latin America & Caribbean,24958.89975685234
BRB,Barbados,1998,0.262436,7044.96875,Latin America & Caribbean,26844.521140392324
BRB,Barbados,1999,0.262517,6995.3037109375,Latin America & Caribbean,26647.050327931145
BRB,Barbados,2000,0.262063,6914.806640625,Latin America & Caribbean,26386.047021613125
BRB,Barbados,2001,0.262425,6699.23388671875,Latin America & Caribbean,25528.184764099264
BRB,Barbados,2002,0.264148,6749.4140625,Latin America & Caribbean,25551.63795485864
BRB,Barbados,2003,0.265776,6403.60009765625,Latin America & Caribbean,24093.974240173116
BRB,Barbados,2004,0.267298,6599.4384765625,Latin America & Caribbean,24689.442033096024
BRB,Barbados,2005,0.268706,6788.69140625,Latin America & Caribbean,25264.383401375482
BRB,Barbados,2006,0.270002,6710.62548828125,Latin America & Caribbean,24853.9843715278
BRB,Barbados,2007,0.271288,7025.59375,Latin America & Caribbean,25897.178459791812
BRB,Barbados,2008,0.272714,6738.06298828125,Latin America & Caribbean,24707.433385456006
BRB,Barbados,2009,0.274123,6396.876953125,Latin America & Caribbean,23335.790696603348
BRB,Barbados,2010,0.275243,6249.05419921875,Latin America & Caribbean,22703.77157355046
BRB,Barbados,2011,0.276139,6189.09814453125,Latin America & Caribbean,22412.980942681945
BRB,Barbados,2012,0.276938,5831.5654296875,Latin America & Caribbean,21057.295964033463
BRB,Barbados,2013,0.277665,5696.26123046875,Latin America & Caribbean,20514.869466690976
BRB,Barbados,2014,0.278348,5540.91162109375,Latin America & Caribbean,19906.417941187832
BRB,Barbados,2015,0.27899,5429.50048828125,Latin America & Caribbean,19461.272763472705
BRB,Barbados,2016,0.279598,5396.08544921875,Latin America & Caribbean,19299.442232128804
BRB,Barbados,2017,0.280171,5309.39404296875,Latin America & Caribbean,18950.548211516358
BRB,Barbados,2018,0.280711,5156.74658203125,Latin America & Caribbean,18370.30462657769
BRB,Barbados,2019,0.281207,5035.44970703125,Latin America & Caribbean,17906.558894448754
BRB,Barbados,2020,0.281698,4355.521484375,Latin America & Caribbean,15461.66988894135
BRB,Barbados,2021,0.282147,4281.6298828125,Latin America & Caribbean,15175.174227663241
BRB,Barbados,2022,0.282318,5040.2314453125,Latin America & Caribbean,17853.02901448898
BRB,Barbados,2023,0.282336,5241.19140625,Latin America & Caribbean,18563.666717138447
BWA,Botswana,1960,0.502082990047028,323.971557617188,Sub-Saharan Africa,645.2549957664229
BWA,Botswana,1961,0.510058594090128,346.841552734375,Sub-Saharan Africa,680.0033501113554
BWA,Botswana,1962,0.518326265901072,373.452209472656,Sub-Saharan Africa,720.4964016697801
BWA,Botswana,1963,0.526891217210014,393.824127197266,Sub-Saharan Africa,747.448646577632
BWA,Botswana,1964,0.53571488723894,422.914459228516,Sub-Saharan Africa,789.4394374742984
BWA,Botswana,1965,0.543937129633287,402.302673339844,Sub-Saharan Africa,739.6124504518923
BWA,Botswana,1966,0.551887458291424,422.877838134766,Sub-Saharan Africa,766.2392608883413
BWA,Botswana,1967,0.559545628804893,485.242553710938,Sub-Saharan Africa,867.2081930965034
BWA,Botswana,1968,0.568036772374668,569.337646484375,Sub-Saharan Africa,1002.2901230571196
BWA,Botswana,1969,0.578077516959643,574.333068847656,Sub-Saharan Africa,993.5225847708441
BWA,Botswana,1970,0.590334,699.104736328125,Sub-Saharan Africa,1184.2528743526968
BWA,Botswana,1971,0.600481,870.880493164063,Sub-Saharan Africa,1450.3048275700028
BWA,Botswana,1972,0.622407,1081.57287597656,Sub-Saharan Africa,1737.7260795212135
BWA,Botswana,1973,0.652408,1322.6025390625,Sub-Saharan Africa,2027.262907662843
BWA,Botswana,1974,0.685448,1454.89270019531,Sub-Saharan Africa,2122.542775229208
BWA,Botswana,1975,0.72038,1594.80151367188,Sub-Saharan Africa,2213.8336900967265
BWA,Botswana,1976,0.758508,1783.62744140625,Sub-Saharan Africa,2351.494567501266
BWA,Botswana,1977,0.799574,1953.91833496094,Sub-Saharan Africa,2443.6991885190614
BWA,Botswana,1978,0.849239,2068.43725585938,Sub-Saharan Africa,2435.6362058965497
BWA,Botswana,1979,0.901742,2377.27221679688,Sub-Saharan Africa,2636.3108481105237
BWA,Botswana,1980,0.937485,2849.53784179688,Sub-Saharan Africa,3039.5556641406315
BWA,Botswana,1981,0.969996,3140.34008789063,Sub-Saharan Africa,3237.4773585567673
BWA,Botswana,1982,1.009269,3161.53515625,Sub-Saharan Africa,3132.5000136237218
BWA,Botswana,1983,1.046137,3460.4404296875,Sub-Saharan Africa,3307.8272058893813
BWA,Botswana,1984,1.08366,4070.79858398438,Sub-Saharan Africa,3756.5274938489747
BWA,Botswana,1985,1.121945,5002.3447265625,Sub-Saharan Africa,4458.63632046357
BWA,Botswana,1986,1.16065,6238.16455078125,Sub-Saharan Africa,5374.716366502606
BWA,Botswana,1987,1.199167,7008.7490234375,Sub-Saharan Africa,5844.68136918169
BWA,Botswana,1988,1.235476,8228.86328125,Sub-Saharan Africa,6660.480075088468
BWA,Botswana,1989,1.270274,10513.5908203125,Sub-Saharan Africa,8276.63230162351
BWA,Botswana,1990,1.305696,11047.1708984375,Sub-Saharan Africa,8460.752654858023
BWA,Botswana,1991,1.341756,11630.29296875,Sub-Saharan Africa,8667.964196731746
BWA,Botswana,1992,1.380033,11759.099609375,Sub-Saharan Africa,8520.882913216568
BWA,Botswana,1993,1.420115,12231.970703125,Sub-Saharan Africa,8613.366314083718
BWA,Botswana,1994,1.460023,12933.154296875,Sub-Saharan Africa,8858.185314118338
BWA,Botswana,1995,1.498836,14170.0634765625,Sub-Saharan Africa,9454.045323546072
BWA,Botswana,1996,1.535914,16999.453125,Sub-Saharan Africa,11067.971986061719
BWA,Botswana,1997,1.571691,18369.64453125,Sub-Saharan Africa,11687.821926351937
BWA,Botswana,1998,1.606899,17950.712890625,Sub-Saharan Africa,11171.027482514457
BWA,Botswana,1999,1.641997,20873.05859375,Sub-Saharan Africa,12711.995572312251
BWA,Botswana,2000,1.677382,22152.529296875,Sub-Saharan Africa,13206.609643405618
BWA,Botswana,2001,1.712254,21764.91015625,Sub-Saharan Africa,12711.262555818237
BWA,Botswana,2002,1.744763,22855.462890625,Sub-Saharan Africa,13099.465595398917
BWA,Botswana,2003,1.775736,23722.9765625,Sub-Saharan Africa,13359.517722510553
BWA,Botswana,2004,1.807146,25579.228515625,Sub-Saharan Africa,14154.489186609715
BWA,Botswana,2005,1.839877,29291.1875,Sub-Saharan Africa,15920.187871254437
BWA,Botswana,2006,1.874516,30166.841796875,Sub-Saharan Africa,16093.136466626585
BWA,Botswana,2007,1.911201,31708.103515625,Sub-Saharan Africa,16590.669173794384
BWA,Botswana,2008,1.94997,38239.734375,Sub-Saharan Africa,19610.421891106016
BWA,Botswana,2009,1.990673,30889.318359375,Sub-Saharan Africa,15517.022815587996
BWA,Botswana,2010,2.033111,33838.6640625,Sub-Saharan Africa,16643.78583486096
BWA,Botswana,2011,2.073535,36686.03125,Sub-Saharan Africa,17692.50639608205
BWA,Botswana,2012,2.108617,33464.82421875,Sub-Saharan Africa,15870.508593428773
BWA,Botswana,2013,2.140682,35046.83984375,Sub-Saharan Africa,16371.810406099552
BWA,Botswana,2014,2.172044,39119.34375,Sub-Saharan Africa,18010.38273165737
BWA,Botswana,2015,2.203273,37067.7890625,Sub-Saharan Africa,16823.965556015984
BWA,Botswana,2016,2.234776,43059.58203125,Sub-Saharan Africa,19267.9633355871
BWA,Botswana,2017,2.266747,41777.76953125,Sub-Saharan Africa,18430.71570459782
BWA,Botswana,2018,2.299141,41079.15625,Sub-Saharan Africa,17867.175719105526
BWA,Botswana,2019,2.332083,41470.28515625,Sub-Saharan Africa,17782.508236735142
BWA,Botswana,2020,2.365894,38701.265625,Sub-Saharan Africa,16357.987984668798
BWA,Botswana,2021,2.401441,43411.265625,Sub-Saharan Africa,18077.173507489875
BWA,Botswana,2022,2.439892,46793.45703125,Sub-Saharan Africa,19178.495208496934
BWA,Botswana,2023,2.480244,47203.46875,Sub-Saharan Africa,19031.784272031302
CAF,Central African Republic,1960,1.67350275439643,2356.85693359375,Sub-Saharan Africa,1408.337648325999
CAF,Central African Republic,1961,1.70475140467427,2551.45434570313,Sub-Saharan Africa,1496.6723820888367
CAF,Central African Republic,1962,1.73739923404459,2573.47436523438,Sub-Saharan Africa,1481.2222284934726
CAF,Central African Republic,1963,1.77148621128442,2419.66284179688,Sub-Saharan Africa,1365.89425668885
CAF,Central African Republic,1964,1.80712082307426,2539.359375,Sub-Saharan Africa,1405.1962340182997
CAF,Central African Republic,1965,1.85607319450822,2558.81665039063,Sub-Saharan Africa,1378.618396064174
CAF,Central African Republic,1966,1.92172354215795,2561.26245117188,Sub-Saharan Africa,1332.7944394622841
CAF,Central African Republic,1967,1.97706915058976,2394.36499023438,Sub-Saharan Africa,1211.0679029714972
CAF,Central African Republic,1968,2.01062470623296,2922.64086914063,Sub-Saharan Africa,1453.5984065451942
CAF,Central African Republic,1969,2.04667667906185,2921.25903320313,Sub-Saharan Africa,1427.318278010657
CAF,Central African Republic,1970,2.097505,3058.30932617188,Sub-Saharan Africa,1458.0701005107878
CAF,Central African Republic,1971,2.14145,2957.82568359375,Sub-Saharan Africa,1381.225657191973
CAF,Central African Republic,1972,2.183769,2884.39038085938,Sub-Saharan Africa,1320.8312696349203
CAF,Central African Republic,1973,2.226008,3084.68237304688,Sub-Saharan Africa,1385.746310456602
CAF,Central African Republic,1974,2.269338,2847.54809570313,Sub-Saharan Africa,1254.7924089329708
CAF,Central African Republic,1975,2.313916,2761.97509765625,Sub-Saharan Africa,1193.636717001071
CAF,Central African Republic,1976,2.348566,2810.30834960938,Sub-Saharan Africa,1196.6060777552686
CAF,Central African Republic,1977,2.37293,2970.25170898438,Sub-Saharan Africa,1251.7232741734394
CAF,Central African Republic,1978,2.397961,3047.33227539063,Sub-Saharan Africa,1270.8014331303261
CAF,Central African Republic,1979,2.423794,2990.607421875,Sub-Saharan Africa,1233.853793628914
CAF,Central African Republic,1980,2.450535,2768.6669921875,Sub-Saharan Africa,1129.8214439652975
CAF,Central African Republic,1981,2.478402,3271.69189453125,Sub-Saharan Africa,1320.0812033444333
CAF,Central African Republic,1982,2.507375,3259.66748046875,Sub-Saharan Africa,1300.03189808814
CAF,Central African Republic,1983,2.537399,3109.5400390625,Sub-Saharan Africa,1225.4832760092124
CAF,Central African Republic,1984,2.56861,3368.455078125,Sub-Saharan Africa,1311.3921841482359
CAF,Central African Republic,1985,2.600932,3735.53588867188,Sub-Saharan Africa,1436.2297394441225
CAF,Central African Republic,1986,2.634258,3647.37426757813,Sub-Saharan Africa,1384.5926509772885
CAF,Central African Republic,1987,2.669155,3381.25415039063,Sub-Saharan Africa,1266.7882346250517
CAF,Central African Republic,1988,2.713965,3560.18481445313,Sub-Saharan Africa,1311.8020366707492
CAF,Central African Republic,1989,2.78397,3746.56298828125,Sub-Saharan Africa,1345.762701566917
CAF,Central African Republic,1990,2.87191,3718.11010742188,Sub-Saharan Africa,1294.6471537833288
CAF,Central African Republic,1991,2.963191,3661.603515625,Sub-Saharan Africa,1235.6960842635524
CAF,Central African Republic,1992,3.058831,3512.607421875,Sub-Saharan Africa,1148.3496217590969
CAF,Central African Republic,1993,3.157839,3439.57885742188,Sub-Saharan Africa,1089.2191962357422
CAF,Central African Republic,1994,3.257954,4056.2783203125,Sub-Saharan Africa,1245.0385488292652
CAF,Central African Republic,1995,3.348052,4121.63720703125,Sub-Saharan Africa,1231.055314263712
CAF,Central African Republic,1996,3.435965,3637.40625,Sub-Saharan Africa,1058.6272706503123
CAF,Central African Republic,1997,3.5317,3893.40869140625,Sub-Saharan Africa,1102.417728404522
CAF,Central African Republic,1998,3.628827,4094.419921875,Sub-Saharan Africa,1128.30397312272
CAF,Central African Republic,1999,3.72945,4082.4169921875,Sub-Saharan Africa,1094.6431758536783
CAF,Central African Republic,2000,3.833416,4204.75634765625,Sub-Saharan Africa,1096.8693060331177
CAF,Central African Republic,2001,3.919487,4276.37060546875,Sub-Saharan Africa,1091.0536520388382
CAF,Central African Republic,2002,4.006077,4259.09765625,Sub-Saharan Africa,1063.1592094335679
CAF,Central African Republic,2003,4.103086,4037.69946289063,Sub-Saharan Africa,984.0640588305071
CAF,Central African Republic,2004,4.192826,4150.7958984375,Sub-Saharan Africa,989.9757105201837
CAF,Central African Republic,2005,4.28881,4197.73193359375,Sub-Saharan Africa,978.7637907936585
CAF,Central African Republic,2006,4.377579,4450.88671875,Sub-Saharan Africa,1016.7461783670838
CAF,Central African Republic,2007,4.46277,4692.1298828125,Sub-Saharan Africa,1051.394063062291
CAF,Central African Republic,2008,4.558984,4817.0595703125,Sub-Saharan Africa,1056.6081324945428
CAF,Central African Republic,2009,4.529047,5160.74267578125,Sub-Saharan Africa,1139.476511456218
CAF,Central African Republic,2010,4.492995,5394.19140625,Sub-Saharan Africa,1200.5781012999125
CAF,Central African Republic,2011,4.565021,5528.92724609375,Sub-Saharan Africa,1211.1504516833002
CAF,Central African Republic,2012,4.610848,6089.9072265625,Sub-Saharan Africa,1320.7781359442993
CAF,Central African Republic,2013,4.642419,4165.2255859375,Sub-Saharan Africa,897.2101798518186
CAF,Central African Republic,2014,4.623182,3846.21484375,Sub-Saharan Africa,831.941040553887
CAF,Central African Republic,2015,4.62932,4162.64990234375,Sub-Saharan Africa,899.1925169017804
CAF,Central African Republic,2016,4.713663,4467.1396484375,Sub-Saharan Africa,947.7002595301149
CAF,Central African Republic,2017,4.793511,4722.75341796875,Sub-Saharan Africa,985.2388818902784
CAF,Central African Republic,2018,4.878657,4869.89501953125,Sub-Saharan Africa,998.20401793593
CAF,Central African Republic,2019,4.944703,5255.0361328125,Sub-Saharan Africa,1062.7607224968822
CAF,Central African Republic,2020,5.026628,5610.05322265625,Sub-Saharan Africa,1116.0669185498211
CAF,Central African Republic,2021,5.1121,5750.9541015625,Sub-Saharan Africa,1124.9690149962832
CAF,Central African Republic,2022,5.098039,5707.50390625,Sub-Saharan Africa,1119.5488905145685
CAF,Central African Republic,2023,5.152421,5511.0673828125,Sub-Saharan Africa,1069.6073521190328
CAN,Canada,1950,13.8117417797784,188976.78125,North America,13682.327997666345
CAN,Canada,1951,14.1264449915337,196017.484375,North America,13875.924515508164
CAN,Canada,1952,14.5748712865016,214383.125,North America,14709.092161832621
CAN,Canada,1953,14.9669931748581,225088.734375,North America,15039.008286120505
CAN,Canada,1954,15.4134086317357,223815.125,North America,14520.8065488624
CAN,Canada,1955,15.8216181648978,245084.328125,North America,15490.471680624276
CAN,Canada,1956,16.2107242661604,265917.875,North America,16403.82444571578
CAN,Canada,1957,16.767738638254,270863.71875,North America,16153.860970378571
CAN,Canada,1958,17.2131482060448,275981.25,North America,16033.165269737394
CAN,Canada,1959,17.617335122943,288533.125,North America,16377.79624366935
CAN,Canada,1960,18.0064412242057,297850.84375,North America,16541.34984483247
CAN,Canada,1961,18.3694054902113,308605.40625,North America,16799.96701115068
CAN,Canada,1962,18.7152771624077,327892.1875,North America,17520.028405383073
CAN,Canada,1963,19.0671804087918,344100.59375,North America,18046.74767703654
CAN,Canada,1964,19.4301465549639,368056.5,North America,18942.548835586167
CAN,Canada,1965,19.7850655884418,392802.03125,North America,19853.461162113625
CAN,Canada,1966,20.1570790958953,418590.15625,North America,20766.409372042395
CAN,Canada,1967,20.5230591489947,431054.96875,North America,21003.44620266393
CAN,Canada,1968,20.8417849770138,450912.21875,North America,21635.00963316274
CAN,Canada,1969,21.1424104419706,473837.84375,North America,22411.722875711774
CAN,Canada,1970,21.440022,485187.8125,North America,22630.00534700944
CAN,Canada,1971,21.895691,508815.5,North America,23238.156767922967
CAN,Canada,1972,22.23088,539847.8125,North America,24283.69063662797
CAN,Canada,1973,22.512227,586410.625,North America,26048.539089446815
CAN,Canada,1974,22.824082,619732.625,North America,27152.576169328517
CAN,Canada,1975,23.148986,626348.0625,North America,27057.256957172984
CAN,Canada,1976,23.455781,665228.1875,North America,28360.94809633497
CAN,Canada,1977,23.73034,680218.5,North America,28664.507124634536
CAN,Canada,1978,23.978738,700081.4375,North America,29195.925052436036
CAN,Canada,1979,24.237173,736555.3125,North America,30389.489421889262
CAN,Canada,1980,24.533776,749561.0625,North America,30552.20943160156
CAN,Canada,1981,24.844974,768746.75,North America,30941.740973445976
CAN,Canada,1982,25.140164,738713.9375,North America,29383.81537606517
CAN,Canada,1983,25.412608,765756.375,North America,30132.93145670055
CAN,Canada,1984,25.670375,816046.6875,North America,31789.433831800277
CAN,Canada,1985,25.927465,860831.875,North America,33201.544192615824
CAN,Canada,1986,26.211031,876912.0625,North America,33455.840119375694
CAN,Canada,1987,26.540921,927151.5625,North America,34932.90841338927
CAN,Canada,1988,26.927945,981590.5625,North America,36452.486905331985
CAN,Canada,1989,27.36605,1016160.0625,North America,37132.14228944257
CAN,Canada,1990,27.789443,1013919.1875,North America,36485.768624437704
CAN,Canada,1991,28.157158,989368.1875,North America,35137.359654692424
CAN,Canada,1992,28.500059,998445.3125,North America,35033.09633499355
CAN,Canada,1993,28.830637,1028337.625,North America,35668.224222725294
CAN,Canada,1994,29.147381,1084427.125,North America,37204.959340943875
CAN,Canada,1995,29.459131,1133353.375,North America,38472.057271478916
CAN,Canada,1996,29.767206,1167337.625,North America,39215.559061875
CAN,Canada,1997,30.059089,1220548.0,North America,40604.9564575959
CAN,Canada,1998,30.329969,1248118.125,North America,41151.31555195457
CAN,Canada,1999,30.599456,1321358.125,North America,43182.40575910892
CAN,Canada,2000,30.891803,1401419.5,North America,45365.41619147319
CAN,Canada,2001,31.213577,1402013.875,North America,44916.79614290922
CAN,Canada,2002,31.535577,1414733.375,North America,44861.50277193279
CAN,Canada,2003,31.836482,1457964.125,North America,45795.39048943913
CAN,Canada,2004,32.132678,1517660.25,North America,47231.05400676533
CAN,Canada,2005,32.440173,1580662.375,North America,48725.46071193887
CAN,Canada,2006,32.759171,1606686.25,North America,49045.38793121474
CAN,Canada,2007,33.092171,1634348.125,North America,49387.75775696312
CAN,Canada,2008,33.449085,1653895.5,North America,49445.1641950744
CAN,Canada,2009,33.82637,1556361.375,North America,46010.29832642403
CAN,Canada,2010,34.196899,1643022.0,North America,48045.93539314778
CAN,Canada,2011,34.555452,1724547.75,North America,49906.67608688782
CAN,Canada,2012,34.922516,1747768.25,North America,50047.03126200873
CAN,Canada,2013,35.293433,1804761.0,North America,51135.88695098037
CAN,Canada,2014,35.634264,1858964.375,North America,52167.89029233212
CAN,Canada,2015,35.962234,1827783.0,North America,50825.06832028288
CAN,Canada,2016,36.353343,1860631.75,North America,51181.86104645176
CAN,Canada,2017,36.808497,1946187.625,North America,52873.32500971175
CAN,Canada,2018,37.295005,1993197.75,North America,53444.09392088833
CAN,Canada,2019,37.782935,1985851.625,North America,52559.485519057744
CAN,Canada,2020,38.171902,1894406.75,North America,49628.30382410601
CAN,Canada,2021,38.454057,2072890.75,North America,53905.64511827712
CAN,Canada,2022,38.821259,2183895.5,North America,56255.14360572387
CAN,Canada,2023,39.299105,2165848.75,North America,55111.91030940782
CHE,Switzerland,1950,4.62952696846788,79779.3828125,Western Europe,17232.728820003525
CHE,Switzerland,1951,4.68377183610909,84804.984375,Western Europe,18106.1305593932
CHE,Switzerland,1952,4.74886530104836,86264.984375,Western Europe,18165.388762649498
CHE,Switzerland,1953,4.81099971560617,90780.5390625,Western Europe,18869.371113870864
CHE,Switzerland,1954,4.86129933950135,96387.6640625,Western Europe,19827.551716325084
CHE,Switzerland,1955,4.91159896339653,102729.7109375,Western Europe,20915.73674949615
CHE,Switzerland,1956,4.97570623497122,108876.4921875,Western Europe,21881.61580405877
CHE,Switzerland,1957,5.05559354095458,112377.3515625,Western Europe,22228.320107648782
CHE,Switzerland,1958,5.12759082973361,110645.7109375,Western Europe,21578.498482346393
CHE,Switzerland,1959,5.1867666641977,118542.9375,Western Europe,22854.881504166617
CHE,Switzerland,1960,5.28835210535263,128139.734375,Western Europe,24230.5602619203
CHE,Switzerland,1961,5.43629192665671,138523.265625,Western Europe,25481.20437494442
CHE,Switzerland,1962,5.5881765214191,145812.453125,Western Europe,26093.02919585858
CHE,Switzerland,1963,5.70948724072872,152974.671875,Western Europe,26793.066596900804
CHE,Switzerland,1964,5.80614124477305,162335.078125,Western Europe,27959.202382673924
CHE,Switzerland,1965,5.86137183549111,167723.171875,Western Europe,28615.002866636405
CHE,Switzerland,1966,5.91364384611544,172639.28125,Western Europe,29193.384948842235
CHE,Switzerland,1967,5.97972397470701,179344.984375,Western Europe,29992.18444423054
CHE,Switzerland,1968,6.04777601974001,186939.375,Western Europe,30910.432924405224
CHE,Switzerland,1969,6.12667713235879,196619.734375,Western Europe,32092.3936625498
CHE,Switzerland,1970,6.180922,206592.578125,Western Europe,33424.23316861141
CHE,Switzerland,1971,6.21353,216881.71875,Western Europe,34904.7512042269
CHE,Switzerland,1972,6.261081,225609.828125,Western Europe,36033.686215687034
CHE,Switzerland,1973,6.307403,231753.234375,Western Europe,36743.05167673605
CHE,Switzerland,1974,6.341377,232316.140625,Western Europe,36634.967551211674
CHE,Switzerland,1975,6.3386,216118.53125,Western Europe,34095.6254141293
CHE,Switzerland,1976,6.302555,216579.625,Western Europe,34363.78183133666
CHE,Switzerland,1977,6.281359,219466.4375,Western Europe,34939.324037998784
CHE,Switzerland,1978,6.282038,226888.84375,Western Europe,36117.07597916472
CHE,Switzerland,1979,6.294715,231703.453125,Western Europe,36809.20472571038
CHE,Switzerland,1980,6.319846,238282.15625,Western Europe,37703.79155599677
CHE,Switzerland,1981,6.354556,239523.078125,Western Europe,37693.125707759915
CHE,Switzerland,1982,6.391804,241452.53125,Western Europe,37775.334044973846
CHE,Switzerland,1983,6.419311,243720.0625,Western Europe,37966.7011771201
CHE,Switzerland,1984,6.442422,249023.1875,Western Europe,38653.659679542885
CHE,Switzerland,1985,6.470957,253975.59375,Western Europe,39248.53676975446
CHE,Switzerland,1986,6.50475,267128.21875,Western Europe,41066.638802413625
CHE,Switzerland,1987,6.545773,272460.46875,Western Europe,41623.879830541024
CHE,Switzerland,1988,6.594143,278580.53125,Western Europe,42246.662113636296
CHE,Switzerland,1989,6.647788,292467.25,Western Europe,43994.671611068225
CHE,Switzerland,1990,6.713173,306354.75,Western Europe,45634.865956828464
CHE,Switzerland,1991,6.796943,303529.90625,Western Europe,44656.826789631756
CHE,Switzerland,1992,6.875051,302927.65625,Western Europe,44061.877686434615
CHE,Switzerland,1993,6.938106,305878.34375,Western Europe,44086.721037412804
CHE,Switzerland,1994,6.993587,313970.34375,Western Europe,44894.035600043295
CHE,Switzerland,1995,7.040477,318508.59375,Western Europe,45239.6327336912
CHE,Switzerland,1996,7.071883,325026.40625,Western Europe,45960.37664226063
CHE,Switzerland,1997,7.089163,340235.40625,Western Europe,47993.73441547331
CHE,Switzerland,1998,7.110291,356001.25,Western Europe,50068.45008171958
CHE,Switzerland,1999,7.144121,358812.0625,Western Europe,50224.8019735388
CHE,Switzerland,2000,7.184007,368548.875,Western Europe,51301.29675541797
CHE,Switzerland,2001,7.226391,369422.8125,Western Europe,51121.34293591366
CHE,Switzerland,2002,7.278752,366579.53125,Western Europe,50362.96486677936
CHE,Switzerland,2003,7.333447,362704.65625,Western Europe,49458.95923840453
CHE,Switzerland,2004,7.384194,370410.3125,Western Europe,50162.592220626924
CHE,Switzerland,2005,7.431823,385585.375,Western Europe,51883.01376391768
CHE,Switzerland,2006,7.478509,417631.8125,Western Europe,55844.26153662448
CHE,Switzerland,2007,7.545381,458003.6875,Western Europe,60699.8755264976
CHE,Switzerland,2008,7.641728,479936.9375,Western Europe,62804.76581998208
CHE,Switzerland,2009,7.737645,481338.8125,Western Europe,62207.40451390572
CHE,Switzerland,2010,7.825753,496048.96875,Western Europe,63386.739748877844
CHE,Switzerland,2011,7.914372,552769.125,Western Europe,69843.7128050084
CHE,Switzerland,2012,7.998926,571063.3125,Western Europe,71392.49850542436
CHE,Switzerland,2013,8.091202,568455.5625,Western Europe,70256.00924312606
CHE,Switzerland,2014,8.190235,580136.0,Western Europe,70832.6439961735
CHE,Switzerland,2015,8.283934,605930.8125,Western Europe,73145.29696880734
CHE,Switzerland,2016,8.374901,620415.5,Western Europe,74080.33838250746
CHE,Switzerland,2017,8.453628,640369.875,Western Europe,75750.8935808389
CHE,Switzerland,2018,8.516344,651319.25,Western Europe,76478.73899880043
CHE,Switzerland,2019,8.577524,681138.4375,Western Europe,79409.68017110766
CHE,Switzerland,2020,8.640582,666296.5,Western Europe,77112.45608224075
CHE,Switzerland,2021,8.707023,704390.25,Western Europe,80899.091457551
CHE,Switzerland,2022,8.792182,733504.375,Western Europe,83426.88709128178
CHE,Switzerland,2023,8.870561,729190.1875,Western Europe,82203.39023653633
CHL,Chile,1951,6.57010742455453,34805.015625,Latin America & Caribbean,5297.480448329179
CHL,Chile,1952,6.70218953166488,37996.546875,Latin America & Caribbean,5669.273704583126
CHL,Chile,1953,6.8232052486066,38462.66015625,Latin America & Caribbean,5637.036957682703
CHL,Chile,1954,6.94864371322213,40941.66796875,Latin America & Caribbean,5892.0373037467325
CHL,Chile,1955,7.08644843289024,40692.67578125,Latin America & Caribbean,5742.322993896861
CHL,Chile,1956,7.23943110455152,40485.8359375,Latin America & Caribbean,5592.405722605199
CHL,Chile,1957,7.40713572317729,43537.15234375,Latin America & Caribbean,5877.731146132523
CHL,Chile,1958,7.5872131112132,44869.77734375,Latin America & Caribbean,5913.868068031016
CHL,Chile,1959,7.77643565504413,45466.6640625,Latin America & Caribbean,5846.722853420431
CHL,Chile,1960,7.97138381805939,48013.58203125,Latin America & Caribbean,6023.243031212963
CHL,Chile,1961,8.16891467329204,46695.72265625,Latin America & Caribbean,5716.270095086183
CHL,Chile,1962,8.3664234799299,57879.77734375,Latin America & Caribbean,6918.102757121608
CHL,Chile,1963,8.56198549586839,61309.6640625,Latin America & Caribbean,7160.68300887512
CHL,Chile,1964,8.75437652299203,62791.73828125,Latin America & Caribbean,7172.6111067232605
CHL,Chile,1965,8.94303933317786,63197.17578125,Latin America & Caribbean,7066.632878018801
CHL,Chile,1966,9.12800098606495,69837.7734375,Latin America & Caribbean,7650.938419498005
CHL,Chile,1967,9.3097565728273,73295.3359375,Latin America & Caribbean,7872.959444657185
CHL,Chile,1968,9.48915797099101,76845.5234375,Latin America & Caribbean,8098.244720176636
CHL,Chile,1969,9.66728556170098,82410.2265625,Latin America & Caribbean,8524.650072300103
CHL,Chile,1970,9.845344,82524.875,Latin America & Caribbean,8382.122046725843
CHL,Chile,1971,10.009701,91261.453125,Latin America & Caribbean,9117.300619169344
CHL,Chile,1972,10.174678,90447.859375,Latin America & Caribbean,8889.50582760457
CHL,Chile,1973,10.340362,87773.9921875,Latin America & Caribbean,8488.483496757657
CHL,Chile,1974,10.505817,85895.5625,Latin America & Caribbean,8176.000257761962
CHL,Chile,1975,10.671559,68879.4140625,Latin America & Caribbean,6454.484678620996
CHL,Chile,1976,10.838251,73549.1953125,Latin America & Caribbean,6786.076029471914
CHL,Chile,1977,11.005519,78046.4296875,Latin America & Caribbean,7091.571936543838
CHL,Chile,1978,11.172695,83617.875,Latin America & Caribbean,7484.1275985785
CHL,Chile,1979,11.339779,92087.140625,Latin America & Caribbean,8120.717398901689
CHL,Chile,1980,11.50855,96987.296875,Latin America & Caribbean,8427.412391222178
CHL,Chile,1981,11.678717,101057.2109375,Latin America & Caribbean,8653.108979137005
CHL,Chile,1982,11.850214,87207.734375,Latin America & Caribbean,7359.1695791316515
CHL,Chile,1983,12.026138,85470.8828125,Latin America & Caribbean,7107.093134346205
CHL,Chile,1984,12.207733,87248.265625,Latin America & Caribbean,7146.96705973173
CHL,Chile,1985,12.395274,88448.3515625,Latin America & Caribbean,7135.651181450285
CHL,Chile,1986,12.588914,84358.765625,Latin America & Caribbean,6701.035976971484
CHL,Chile,1987,12.79015,90803.5625,Latin America & Caribbean,7099.4916009585495
CHL,Chile,1988,12.999424,101693.9453125,Latin America & Caribbean,7822.957795091536
CHL,Chile,1989,13.215005,111053.0625,Latin America & Caribbean,8403.558114431286
CHL,Chile,1990,13.437176,112959.5625,Latin America & Caribbean,8406.495717552558
CHL,Chile,1991,13.662491,123266.515625,Latin America & Caribbean,9022.257773124975
CHL,Chile,1992,13.884577,137243.234375,Latin America & Caribbean,9884.581602666038
CHL,Chile,1993,14.102276,146002.40625,Latin America & Caribbean,10353.109402340446
CHL,Chile,1994,14.316256,162339.90625,Latin America & Caribbean,11339.550385938894
CHL,Chile,1995,14.527381,188885.125,Latin America & Caribbean,13002.008070140102
CHL,Chile,1996,14.734046,199915.3125,Latin America & Caribbean,13568.256302444013
CHL,Chile,1997,14.932434,204628.484375,Latin America & Caribbean,13703.625569347903
CHL,Chile,1998,15.127799,202822.515625,Latin America & Caribbean,13407.271978230277
CHL,Chile,1999,15.319313,197843.734375,Latin America & Caribbean,12914.661014824882
CHL,Chile,2000,15.503635,203306.3125,Latin America & Caribbean,13113.46097221716
CHL,Chile,2001,15.683849,202647.265625,Latin America & Caribbean,12920.761072425525
CHL,Chile,2002,15.857925,204251.484375,Latin America & Caribbean,12880.088938180752
CHL,Chile,2003,16.024752,215005.703125,Latin America & Caribbean,13417.100191316535
CHL,Chile,2004,16.187322,239386.078125,Latin America & Caribbean,14788.491766890162
CHL,Chile,2005,16.348778,258824.59375,Latin America & Caribbean,15831.433624580382
CHL,Chile,2006,16.509195,307198.46875,Latin America & Caribbean,18607.719440590532
CHL,Chile,2007,16.671581,335062.65625,Latin America & Caribbean,20097.833327864944
CHL,Chile,2008,16.838988,331551.59375,Latin America & Caribbean,19689.520162969413
CHL,Chile,2009,17.009731,336630.875,Latin America & Caribbean,19790.48786838546
CHL,Chile,2010,17.181464,388853.4375,Latin America & Caribbean,22632.148081211242
CHL,Chile,2011,17.351816,427692.0,Latin America & Caribbean,24648.255836737782
CHL,Chile,2012,17.519119,443738.0,Latin America & Caribbean,25328.785083313836
CHL,Chile,2013,17.687006,457184.09375,Latin America & Caribbean,25848.58589124694
CHL,Chile,2014,17.864195,465203.5625,Latin America & Caribbean,26041.115342728852
CHL,Chile,2015,18.047625,467149.21875,Latin America & Caribbean,25884.248966276726
CHL,Chile,2016,18.267221,467700.8125,Latin America & Caribbean,25603.2821029537
CHL,Chile,2017,18.558868,487243.71875,Latin America & Caribbean,26253.956801136792
CHL,Chile,2018,18.893191,501161.3125,Latin America & Caribbean,26526.027948375686
CHL,Chile,2019,19.197744,503617.71875,Latin America & Caribbean,26233.171915929288
CHL,Chile,2020,19.370624,491479.34375,Latin America & Caribbean,25372.406369046243
CHL,Chile,2021,19.456334,534089.5,Latin America & Caribbean,27450.67493187566
CHL,Chile,2022,19.553036,531254.625,Latin America & Caribbean,27169.93028601799
CHL,Chile,2023,19.658835,538011.75,Latin America & Caribbean,27367.42792744331
CHN,China,1952,576.571149812691,254861.859375,East Asia,442.03019776101564
CHN,China,1953,586.260436584367,273109.09375,East Asia,465.84943603080353
CHN,China,1954,596.831252509259,281119.875,East Asia,471.02070110787105
CHN,China,1955,608.878593014988,298235.5,East Asia,489.8111108213303
CHN,China,1956,621.328783523545,327788.0,East Asia,527.5596571289034
CHN,China,1957,635.457260496672,343889.875,East Asia,541.1691649116046
CHN,China,1958,648.993559603395,384154.78125,East Asia,591.9238728420663
CHN,China,1959,656.667003826331,386880.09375,East Asia,589.1572006750599
CHN,China,1960,652.965034642676,377860.4375,East Asia,578.6840296996572
CHN,China,1961,646.953216522326,324959.0625,East Asia,502.29143962960086
CHN,China,1962,655.615992240727,332428.03125,East Asia,507.04686155358473
CHN,China,1963,676.636775214796,352629.84375,East Asia,521.1508695164534
CHN,China,1964,698.530267150441,395619.84375,East Asia,566.3603459358708
CHN,China,1965,718.080773179416,442058.1875,East Asia,615.6106722405581
CHN,China,1966,738.510235805712,477380.25,East Asia,646.4097948204873
CHN,China,1967,757.995325413368,474682.03125,East Asia,626.2334546603372
CHN,China,1968,778.901752152789,460331.1875,East Asia,591.0003235038322
CHN,China,1969,801.469131230156,505722.71875,East Asia,630.9946310393492
CHN,China,1970,823.308967,555835.75,East Asia,675.1241299185315
CHN,China,1971,844.069867,597974.375,East Asia,708.4417989298983
CHN,China,1972,863.677814,619575.75,East Asia,717.3690697582282
CHN,China,1973,882.576946,666225.0625,East Asia,754.8634320434651
CHN,China,1974,900.307582,682645.125,East Asia,758.2354504707481
CHN,China,1975,916.116793,729184.5625,East Asia,795.9515294028673
CHN,China,1976,930.372292,717571.8125,East Asia,771.2738423856672
CHN,China,1977,943.546375,773411.6875,East Asia,819.6859295866618
CHN,China,1978,956.161485,870626.25,East Asia,910.5431076843678
CHN,China,1979,969.288069,920240.5625,East Asia,949.3984213066798
CHN,China,1980,983.163542,976120.8125,East Asia,992.8366653164607
CHN,China,1981,997.721071,1006404.4375,East Asia,1008.7032004759574
CHN,China,1982,1013.588179,1085817.375,East Asia,1071.260890267348
CHN,China,1983,1029.064956,1203111.75,East Asia,1169.1310086746362
CHN,China,1984,1043.849638,1398717.625,East Asia,1339.9608277681848
CHN,China,1985,1059.80782,1597070.5,East Asia,1506.94349471775
CHN,China,1986,1077.233607,1702933.875,East Asia,1580.8399069005281
CHN,China,1987,1096.217446,1872639.375,East Asia,1708.2736475624379
CHN,China,1988,1115.244165,2046669.125,East Asia,1835.1758199963322
CHN,China,1989,1133.991008,2117340.0,East Asia,1867.1576626822778
CHN,China,1990,1153.582724,2231913.0,East Asia,1934.7663185011427
CHN,China,1991,1170.788528,2462458.75,East Asia,2103.2481025471748
CHN,China,1992,1184.574237,2807116.5,East Asia,2369.726111137769
CHN,China,1993,1197.308575,3149965.75,East Asia,2630.8721208315073
CHN,China,1994,1209.003096,3541243.5,East Asia,2929.0607374921065
CHN,China,1995,1220.133927,3900627.5,East Asia,3196.884713787653
CHN,China,1996,1230.944812,4297152.5,East Asia,3490.9383898520387
CHN,China,1997,1241.139622,4669251.0,East Asia,3762.06747188996
CHN,China,1998,1250.847127,5063926.0,East Asia,4048.3971947436867
CHN,China,1999,1260.176655,5489099.0,East Asia,4355.817081851909
CHN,China,2000,1269.581175,5985309.5,East Asia,4714.396856112804
CHN,China,2001,1278.725063,6520996.5,East Asia,5099.607952237345
CHN,China,2002,1286.866839,7119989.0,East Asia,5532.80944400806
CHN,China,2003,1294.517326,7792220.0,East Asia,6019.401860056681
CHN,China,2004,1302.100316,8640414.0,East Asia,6635.751403964792
CHN,China,2005,1310.027136,9890539.0,East Asia,7549.873379111439
CHN,China,2006,1318.054036,10778327.0,East Asia,8177.454569851945
CHN,China,2007,1325.813582,11919245.0,East Asia,8990.136442877381
CHN,China,2008,1333.821016,12685565.0,East Asia,9510.695099139148
CHN,China,2009,1342.522716,13676858.0,East Asia,10187.431346226846
CHN,China,2010,1351.561514,15095605.0,East Asia,11169.010691436424
CHN,China,2011,1360.250664,16329355.0,East Asia,12004.66607528155
CHN,China,2012,1369.520864,17410208.0,East Asia,12712.62706370861
CHN,China,2013,1379.00804,18091038.0,East Asia,13118.877827572347
CHN,China,2014,1387.951972,19092806.0,East Asia,13756.099912079666
CHN,China,2015,1396.134174,20095396.0,East Asia,14393.599393406152
CHN,China,2016,1404.052632,21125002.0,East Asia,15045.733698678043
CHN,China,2017,1412.354727,22242982.0,East Asia,15748.863635162388
CHN,China,2018,1419.008956,23692778.0,East Asia,16696.707867712714
CHN,China,2019,1423.520357,25296168.0,East Asia,17770.148403996445
CHN,China,2020,1426.106093,25899170.0,East Asia,18160.759656750164
CHN,China,2021,1426.437267,28254862.0,East Asia,19807.99482295074
CHN,China,2022,1425.179569,29195480.0,East Asia,20485.474697399342
CHN,China,2023,1422.584933,30590320.0,East Asia,21503.33473270379
CIV,Côte d'Ivoire,1960,3.46874569720779,7295.69970703125,Sub-Saharan Africa,2103.2673893920833
CIV,Côte d'Ivoire,1961,3.59400385015038,7393.99755859375,Sub-Saharan Africa,2057.3148685648657
CIV,Côte d'Ivoire,1962,3.72751183940085,7793.2509765625,Sub-Saharan Africa,2090.7380881223885
CIV,Côte d'Ivoire,1963,3.88147293808713,9153.7509765625,Sub-Saharan Africa,2358.3188966077546
CIV,Côte d'Ivoire,1964,4.04584988005742,10956.8359375,Sub-Saharan Africa,2708.1667047281785
CIV,Côte d'Ivoire,1965,4.22561920856595,9845.34765625,Sub-Saharan Africa,2329.9183315647647
CIV,Côte d'Ivoire,1966,4.42663649660394,11071.9951171875,Sub-Saharan Africa,2501.2207633678063
CIV,Côte d'Ivoire,1967,4.64649707403069,11678.98046875,Sub-Saharan Africa,2513.5021679070705
CIV,Côte d'Ivoire,1968,4.88705983088186,13495.5556640625,Sub-Saharan Africa,2761.487710623599
CIV,Côte d'Ivoire,1969,5.14006036129594,15256.4501953125,Sub-Saharan Africa,2968.1461155965803
CIV,Côte d'Ivoire,1970,5.411567,17007.232421875,Sub-Saharan Africa,3142.755586667411
CIV,Côte d'Ivoire,1971,5.650868,16932.193359375,Sub-Saharan Africa,2996.388052131991
CIV,Côte d'Ivoire,1972,5.909716,17666.287109375,Sub-Saharan Africa,2989.363128342377
CIV,Côte d'Ivoire,1973,6.184944,19288.75390625,Sub-Saharan Africa,3118.6626598801868
CIV,Côte d'Ivoire,1974,6.474057,21399.375,Sub-Saharan Africa,3305.4041692867395
CIV,Côte d'Ivoire,1975,6.776297,21062.890625,Sub-Saharan Africa,3108.3186916098866
CIV,Côte d'Ivoire,1976,7.057958,25054.541015625,Sub-Saharan Africa,3549.8285786944325
CIV,Côte d'Ivoire,1977,7.32195,28407.98828125,Sub-Saharan Africa,3879.8391523091527
CIV,Côte d'Ivoire,1978,7.60313,29877.87890625,Sub-Saharan Africa,3929.6814478050487
CIV,Côte d'Ivoire,1979,7.902267,29637.84765625,Sub-Saharan Africa,3750.5500201714267
CIV,Côte d'Ivoire,1980,8.220714,23668.6484375,Sub-Saharan Africa,2879.1475335962305
CIV,Côte d'Ivoire,1981,8.556596,24382.728515625,Sub-Saharan Africa,2849.582768150442
CIV,Côte d'Ivoire,1982,8.907936,24912.046875,Sub-Saharan Africa,2796.6126917615934
CIV,Côte d'Ivoire,1983,9.272744,25829.470703125,Sub-Saharan Africa,2785.526129387914
CIV,Côte d'Ivoire,1984,9.650516,29064.109375,Sub-Saharan Africa,3011.6637675125353
CIV,Côte d'Ivoire,1985,10.040483,32974.453125,Sub-Saharan Africa,3284.1500876999644
CIV,Côte d'Ivoire,1986,10.440917,33654.3671875,Sub-Saharan Africa,3223.315268907894
CIV,Côte d'Ivoire,1987,10.851475,32198.794921875,Sub-Saharan Africa,2967.2274895233136
CIV,Côte d'Ivoire,1988,11.275189,32767.7890625,Sub-Saharan Africa,2906.1853475360813
CIV,Côte d'Ivoire,1989,11.719771,36060.12109375,Sub-Saharan Africa,3076.8622606832505
CIV,Côte d'Ivoire,1990,12.189778,33298.37109375,Sub-Saharan Africa,2731.6634555403716
CIV,Côte d'Ivoire,1991,12.68387,33884.69921875,Sub-Saharan Africa,2671.4795420285764
CIV,Côte d'Ivoire,1992,13.20031,35475.79296875,Sub-Saharan Africa,2687.496957931291
CIV,Côte d'Ivoire,1993,13.735951,35645.7265625,Sub-Saharan Africa,2595.0679761816273
CIV,Côte d'Ivoire,1994,14.287201,37563.453125,Sub-Saharan Africa,2629.1681012257054
CIV,Côte d'Ivoire,1995,14.855565,40930.3671875,Sub-Saharan Africa,2755.221170483923
CIV,Côte d'Ivoire,1996,15.442312,44831.609375,Sub-Saharan Africa,2903.1669205362514
CIV,Côte d'Ivoire,1997,16.04717,44863.61328125,Sub-Saharan Africa,2795.733657788258
CIV,Côte d'Ivoire,1998,16.663948,45562.546875,Sub-Saharan Africa,2734.1988150107045
CIV,Côte d'Ivoire,1999,17.215935,45266.17578125,Sub-Saharan Africa,2629.3184646230366
CIV,Côte d'Ivoire,2000,17.699004,43863.92578125,Sub-Saharan Africa,2478.3273556664544
CIV,Côte d'Ivoire,2001,18.178913,44322.21484375,Sub-Saharan Africa,2438.1113900347063
CIV,Côte d'Ivoire,2002,18.654771,44884.83203125,Sub-Saharan Africa,2406.07788920325
CIV,Côte d'Ivoire,2003,19.125542,48321.05078125,Sub-Saharan Africa,2526.519289296481
CIV,Côte d'Ivoire,2004,19.595,45671.3828125,Sub-Saharan Africa,2330.7671759377395
CIV,Côte d'Ivoire,2005,20.068458,44289.8125,Sub-Saharan Africa,2206.9365020471428
CIV,Côte d'Ivoire,2006,20.546802,46827.953125,Sub-Saharan Africa,2279.0871847112753
CIV,Côte d'Ivoire,2007,21.030558,48898.28125,Sub-Saharan Africa,2325.1062216228406
CIV,Côte d'Ivoire,2008,21.514439,52691.22265625,Sub-Saharan Africa,2449.1097655974204
CIV,Côte d'Ivoire,2009,21.99794,57786.32421875,Sub-Saharan Africa,2626.8970739419237
CIV,Côte d'Ivoire,2010,22.488065,65743.6015625,Sub-Saharan Africa,2923.4885955061054
CIV,Côte d'Ivoire,2011,22.982,70407.8359375,Sub-Saharan Africa,3063.607864306849
CIV,Côte d'Ivoire,2012,23.467078,80411.15625,Sub-Saharan Africa,3426.551710016901
CIV,Côte d'Ivoire,2013,23.939775,89958.6328125,Sub-Saharan Africa,3757.7058603307673
CIV,Côte d'Ivoire,2014,24.527395,105811.28125,Sub-Saharan Africa,4314.004045272643
CIV,Côte d'Ivoire,2015,25.246342,123512.890625,Sub-Saharan Africa,4892.308383725453
CIV,Côte d'Ivoire,2016,25.989405,129685.0859375,Sub-Saharan Africa,4989.921313608372
CIV,Côte d'Ivoire,2017,26.733372,137229.265625,Sub-Saharan Africa,5133.2568755262155
CIV,Côte d'Ivoire,2018,27.464173,144710.875,Sub-Saharan Africa,5269.078191431434
CIV,Côte d'Ivoire,2019,28.193009,161361.59375,Sub-Saharan Africa,5723.461222248395
CIV,Côte d'Ivoire,2020,28.915449,161124.609375,Sub-Saharan Africa,5572.267246308366
CIV,Côte d'Ivoire,2021,29.639736,169781.890625,Sub-Saharan Africa,5728.184981978247
CIV,Côte d'Ivoire,2022,30.395002,172445.15625,Sub-Saharan Africa,5673.470797929212
CIV,Côte d'Ivoire,2023,31.165654,186785.96875,Sub-Saharan Africa,5993.327422232179
COL,Colombia,1950,11.257437789049,44898.11328125,Latin America & Caribbean,3988.306586506385
COL,Colombia,1951,11.620015796168,45042.55078125,Latin America & Caribbean,3876.289978547529
COL,Colombia,1952,11.9946637448643,48010.58984375,Latin America & Caribbean,4002.6624226382733
COL,Colombia,1953,12.3820114356497,52638.09375,Latin America & Caribbean,4251.174699972163
COL,Colombia,1954,12.7825052859462,58327.62890625,Latin America & Caribbean,4563.082713556837
COL,Colombia,1955,13.1966130152516,60003.8046875,Latin America & Caribbean,4546.909469736845
COL,Colombia,1956,13.624816235722,61291.25,Latin America & Caribbean,4498.5010395446325
COL,Colombia,1957,14.06832175628,60893.859375,Latin America & Caribbean,4328.438063183863
COL,Colombia,1958,14.5269878718101,60388.01171875,Latin America & Caribbean,4156.953406420481
COL,Colombia,1959,15.0013573221654,63529.328125,Latin America & Caribbean,4234.905332941548
COL,Colombia,1960,15.4927656549023,66927.9453125,Latin America & Caribbean,4319.948213463251
COL,Colombia,1961,16.0010711649055,71179.2578125,Latin America & Caribbean,4448.405802269949
COL,Colombia,1962,16.5194432951515,74780.8515625,Latin America & Caribbean,4526.838479142234
COL,Colombia,1963,17.0401160496207,77047.6796875,Latin America & Caribbean,4521.546652800819
COL,Colombia,1964,17.5684149473486,84153.25,Latin America & Caribbean,4790.030873712958
COL,Colombia,1965,18.1085540947023,84054.6015625,Latin America & Caribbean,4641.706959203903
COL,Colombia,1966,18.6480930792152,88142.8203125,Latin America & Caribbean,4726.639873475442
COL,Colombia,1967,19.1941745796351,91836.2890625,Latin America & Caribbean,4784.591735449658
COL,Colombia,1968,19.7357344828497,97423.203125,Latin America & Caribbean,4936.385986022487
COL,Colombia,1969,20.2674250415703,104225.46875,Latin America & Caribbean,5142.511618334557
COL,Colombia,1970,20.811782,113093.203125,Latin America & Caribbean,5434.095125780195
COL,Colombia,1971,21.319096,124563.421875,Latin America & Caribbean,5842.809745544559
COL,Colombia,1972,21.819563,138245.84375,Latin America & Caribbean,6335.8667517768345
COL,Colombia,1973,22.325374,154153.375,Latin America & Caribbean,6904.850731727944
COL,Colombia,1974,22.833469,164772.9375,Latin America & Caribbean,7216.2901528453685
COL,Colombia,1975,23.344644,175313.984375,Latin America & Caribbean,7509.816143480278
COL,Colombia,1976,23.85881,189046.703125,Latin America & Caribbean,7923.559604397705
COL,Colombia,1977,24.393494,200641.078125,Latin America & Caribbean,8225.188163901408
COL,Colombia,1978,24.950337,214331.390625,Latin America & Caribbean,8590.32046841692
COL,Colombia,1979,25.515626,220641.21875,Latin America & Caribbean,8647.297885225313
COL,Colombia,1980,26.104498,230105.828125,Latin America & Caribbean,8814.796136857334
COL,Colombia,1981,26.713267,228693.796875,Latin America & Caribbean,8561.05682899063
COL,Colombia,1982,27.338331,230557.328125,Latin America & Caribbean,8433.482209466261
COL,Colombia,1983,27.988173,229684.5,Latin America & Caribbean,8206.484217458566
COL,Colombia,1984,28.64269,235779.109375,Latin America & Caribbean,8231.737639690964
COL,Colombia,1985,29.26847,236750.796875,Latin America & Caribbean,8088.9365544218745
COL,Colombia,1986,29.879112,255636.578125,Latin America & Caribbean,8555.695300616699
COL,Colombia,1987,30.499467,255802.109375,Latin America & Caribbean,8387.100973764558
COL,Colombia,1988,31.130524,262410.1875,Latin America & Caribbean,8429.35337355709
COL,Colombia,1989,31.776279,269649.71875,Latin America & Caribbean,8485.880890899782
COL,Colombia,1990,32.440069,279217.84375,Latin America & Caribbean,8607.190192782882
COL,Colombia,1991,33.098372,283889.75,Latin America & Caribbean,8577.151468356209
COL,Colombia,1992,33.760571,292602.8125,Latin America & Caribbean,8666.998330685818
COL,Colombia,1993,34.441473,306313.84375,Latin America & Caribbean,8893.749804196817
COL,Colombia,1994,35.12741,324819.4375,Latin America & Caribbean,9246.894020936927
COL,Colombia,1995,35.804662,339660.40625,Latin America & Caribbean,9486.485481974387
COL,Colombia,1996,36.462745,342555.6875,Latin America & Caribbean,9394.676333336945
COL,Colombia,1997,37.121149,351610.1875,Latin America & Caribbean,9471.964014368197
COL,Colombia,1998,37.792165,343946.15625,Latin America & Caribbean,9100.991071826662
COL,Colombia,1999,38.454863,328252.03125,Latin America & Caribbean,8536.03434369276
COL,Colombia,2000,39.089934,339841.0625,Latin America & Caribbean,8693.825435980527
COL,Colombia,2001,39.709262,337960.9375,Latin America & Caribbean,8510.884375035728
COL,Colombia,2002,40.32468,344104.6875,Latin America & Caribbean,8533.351969563057
COL,Colombia,2003,40.937429,355564.625,Latin America & Caribbean,8685.563155419457
COL,Colombia,2004,41.543171,375975.0625,Latin America & Caribbean,9050.225426942012
COL,Colombia,2005,42.128977,396235.59375,Latin America & Caribbean,9405.298252316927
COL,Colombia,2006,42.691084,434492.96875,Latin America & Caribbean,10177.604502851229
COL,Colombia,2007,43.235374,479058.875,Latin America & Caribbean,11080.252827233551
COL,Colombia,2008,43.758808,520168.78125,Latin America & Caribbean,11887.17894806458
COL,Colombia,2009,44.271541,535489.125,Latin America & Caribbean,12095.561006109998
COL,Colombia,2010,44.777319,583368.4375,Latin America & Caribbean,13028.212731986032
COL,Colombia,2011,45.259614,648695.0625,Latin America & Caribbean,14332.757289976003
COL,Colombia,2012,45.71581,672777.625,Latin America & Caribbean,14716.519842916488
COL,Colombia,2013,46.151584,686434.625,Latin America & Caribbean,14873.479207127539
COL,Colombia,2014,46.565429,704448.3125,Latin America & Caribbean,15128.139644112372
COL,Colombia,2015,46.96994,704555.625,Latin America & Caribbean,15000.138918636047
COL,Colombia,2016,47.437512,694029.5,Latin America & Caribbean,14630.394190993828
COL,Colombia,2017,48.131078,710547.5,Latin America & Caribbean,14762.75889769184
COL,Colombia,2018,49.024465,747681.6875,Latin America & Caribbean,15251.195245067947
COL,Colombia,2019,49.907985,793320.125,Latin America & Caribbean,15895.655274401483
COL,Colombia,2020,50.629997,747571.125,Latin America & Caribbean,14765.379602925908
COL,Colombia,2021,51.188173,821202.375,Latin America & Caribbean,16042.814714250497
COL,Colombia,2022,51.737944,898693.5,Latin America & Caribbean,17370.104617995643
COL,Colombia,2023,52.321152,904662.5625,Latin America & Caribbean,17290.570408312113
CRI,Costa Rica,1950,0.918648536697223,3625.7998046875,Latin America & Caribbean,3946.884646138097
CRI,Costa Rica,1951,0.948692241322874,3827.90185546875,Latin America & Caribbean,4034.924803570706
CRI,Costa Rica,1952,0.981519514277519,4466.49755859375,Latin America & Caribbean,4550.594760086322
CRI,Costa Rica,1953,1.0160368604836,5430.50634765625,Latin America & Caribbean,5344.79265355738
CRI,Costa Rica,1954,1.05300923387317,5738.4306640625,Latin America & Caribbean,5449.553982499708
CRI,Costa Rica,1955,1.09326960814252,6141.2783203125,Latin America & Caribbean,5617.350262527298
CRI,Costa Rica,1956,1.13551765002656,5963.74609375,Latin America & Caribbean,5252.006513162087
CRI,Costa Rica,1957,1.17858597111052,6415.12451171875,Latin America & Caribbean,5443.068786636
CRI,Costa Rica,1958,1.22320327338151,7138.69921875,Latin America & Caribbean,5836.069420428604
CRI,Costa Rica,1959,1.27166909223133,7083.08203125,Latin America & Caribbean,5569.909715130131
CRI,Costa Rica,1960,1.32239604720028,7581.08349609375,Latin America & Caribbean,5732.838896595384
CRI,Costa Rica,1961,1.37385524093146,7496.771484375,Latin America & Caribbean,5456.740463640307
CRI,Costa Rica,1962,1.42535144448795,8014.41064453125,Latin America & Caribbean,5622.761092026945
CRI,Costa Rica,1963,1.47648108656643,8502.6005859375,Latin America & Caribbean,5758.692517836699
CRI,Costa Rica,1964,1.52600970633835,9039.470703125,Latin America & Caribbean,5923.599742242236
CRI,Costa Rica,1965,1.57625667039882,9728.4638671875,Latin America & Caribbean,6171.878000507387
CRI,Costa Rica,1966,1.63012327116282,10396.6962890625,Latin America & Caribbean,6377.858946609724
CRI,Costa Rica,1967,1.68339430426012,10886.3916015625,Latin America & Caribbean,6466.929093209242
CRI,Costa Rica,1968,1.73611865297533,11545.1708984375,Latin America & Caribbean,6649.9895491886955
CRI,Costa Rica,1969,1.78764037183801,12198.802734375,Latin America & Caribbean,6823.9691419770725
CRI,Costa Rica,1970,1.838949,13313.5830078125,Latin America & Caribbean,7239.778268898431
CRI,Costa Rica,1971,1.888539,13699.0673828125,Latin America & Caribbean,7253.79109608671
CRI,Costa Rica,1972,1.938248,14714.927734375,Latin America & Caribbean,7591.870459494863
CRI,Costa Rica,1973,1.988343,15743.599609375,Latin America & Caribbean,7917.949573778266
CRI,Costa Rica,1974,2.039643,15388.9130859375,Latin America & Caribbean,7544.905204458575
CRI,Costa Rica,1975,2.092719,16399.294921875,Latin America & Caribbean,7836.3578301124035
CRI,Costa Rica,1976,2.147774,18254.67578125,Latin America & Caribbean,8499.346663685285
CRI,Costa Rica,1977,2.205025,20963.5703125,Latin America & Caribbean,9507.180332422535
CRI,Costa Rica,1978,2.26451,21730.7734375,Latin America & Caribbean,9596.236465063083
CRI,Costa Rica,1979,2.32649,22315.396484375,Latin America & Caribbean,9591.872943522216
CRI,Costa Rica,1980,2.390633,22371.275390625,Latin America & Caribbean,9357.887802362387
CRI,Costa Rica,1981,2.456637,20989.830078125,Latin America & Caribbean,8544.131704490732
CRI,Costa Rica,1982,2.524806,20269.556640625,Latin America & Caribbean,8028.164001758947
CRI,Costa Rica,1983,2.595153,20633.857421875,Latin America & Caribbean,7950.921360657734
CRI,Costa Rica,1984,2.667595,22326.9140625,Latin America & Caribbean,8369.679078908155
CRI,Costa Rica,1985,2.741894,23066.796875,Latin America & Caribbean,8412.723786915176
CRI,Costa Rica,1986,2.817216,25534.484375,Latin America & Caribbean,9063.72971579034
CRI,Costa Rica,1987,2.892699,25182.099609375,Latin America & Caribbean,8705.39921691645
CRI,Costa Rica,1988,2.968103,25958.32421875,Latin America & Caribbean,8745.762602830831
CRI,Costa Rica,1989,3.043827,27126.166015625,Latin America & Caribbean,8911.86194735279
CRI,Costa Rica,1990,3.121706,27574.96875,Latin America & Caribbean,8833.301005924324
CRI,Costa Rica,1991,3.202176,28373.24609375,Latin America & Caribbean,8860.614186649953
CRI,Costa Rica,1992,3.284258,31275.8984375,Latin America & Caribbean,9522.972445374267
CRI,Costa Rica,1993,3.367434,33832.13671875,Latin America & Caribbean,10046.85963221551
CRI,Costa Rica,1994,3.451122,35836.140625,Latin America & Caribbean,10383.910109523802
CRI,Costa Rica,1995,3.535176,37754.921875,Latin America & Caribbean,10679.785638678244
CRI,Costa Rica,1996,3.619013,37901.3671875,Latin America & Caribbean,10472.84637758969
CRI,Costa Rica,1997,3.701711,40380.3046875,Latin America & Caribbean,10908.551393531261
CRI,Costa Rica,1998,3.782838,43703.3203125,Latin America & Caribbean,11553.050993063938
CRI,Costa Rica,1999,3.862101,45096.61328125,Latin America & Caribbean,11676.704799084748
CRI,Costa Rica,2000,3.937739,46136.6875,Latin America & Caribbean,11716.542792704138
CRI,Costa Rica,2001,4.008947,47986.8671875,Latin America & Caribbean,11969.943026809784
CRI,Costa Rica,2002,4.075705,49535.58984375,Latin America & Caribbean,12153.870273670444
CRI,Costa Rica,2003,4.138784,52009.28515625,Latin America & Caribbean,12566.320241947877
CRI,Costa Rica,2004,4.200078,53942.66796875,Latin America & Caribbean,12843.253855940293
CRI,Costa Rica,2005,4.26124,55688.890625,Latin America & Caribbean,13068.70550004224
CRI,Costa Rica,2006,4.32134,58483.6015625,Latin America & Caribbean,13533.672787260433
CRI,Costa Rica,2007,4.380248,62876.046875,Latin America & Caribbean,14354.449080280387
CRI,Costa Rica,2008,4.440056,65248.203125,Latin America & Caribbean,14695.35589753823
CRI,Costa Rica,2009,4.499791,69772.1953125,Latin America & Caribbean,15505.652443080135
CRI,Costa Rica,2010,4.555962,72982.53125,Latin America & Caribbean,16019.126421598776
CRI,Costa Rica,2011,4.609833,75892.09375,Latin America & Caribbean,16463.089606499845
CRI,Costa Rica,2012,4.663934,82551.734375,Latin America & Caribbean,17700.021993235754
CRI,Costa Rica,2013,4.716147,83738.2578125,Latin America & Caribbean,17755.65049446084
CRI,Costa Rica,2014,4.767119,88911.2578125,Latin America & Caribbean,18650.941546141392
CRI,Costa Rica,2015,4.818038,96235.3515625,Latin America & Caribbean,19973.971056787017
CRI,Costa Rica,2016,4.866998,102196.8203125,Latin America & Caribbean,20997.917055338836
CRI,Costa Rica,2017,4.913177,109976.1640625,Latin America & Caribbean,22383.92064086028
CRI,Costa Rica,2018,4.957818,113659.375,Latin America & Caribbean,22925.281847780618
CRI,Costa Rica,2019,4.999553,123229.7265625,Latin America & Caribbean,24648.148857007818
CRI,Costa Rica,2020,5.03432,115400.2109375,Latin America & Caribbean,22922.70076941871
CRI,Costa Rica,2021,5.059988,121628.03125,Latin America & Caribbean,24037.21733134545
CRI,Costa Rica,2022,5.081765,122763.4765625,Latin America & Caribbean,24157.64533828306
CRI,Costa Rica,2023,5.105525,129839.703125,Latin America & Caribbean,25431.21483588857
CYP,Cyprus,1950,0.520400772353124,1607.46984863281,Southern Europe,3088.9074998183182
CYP,Cyprus,1951,0.528828301116535,1702.19177246094,Southern Europe,3218.798556860589
CYP,Cyprus,1952,0.535149002630421,1933.76257324219,Southern Europe,3613.503087433884
CYP,Cyprus,1953,0.542523070676503,2190.11303710938,Southern Europe,4036.9030470508897
CYP,Cyprus,1954,0.550950630834959,2438.0693359375,Southern Europe,4425.20472704176
CYP,Cyprus,1955,0.558324698881041,2484.34155273438,Southern Europe,4449.635772362104
CYP,Cyprus,1956,0.564645400394927,2814.09130859375,Southern Europe,4983.820476754977
CYP,Cyprus,1957,0.575179819197952,2751.1171875,Southern Europe,4783.0558299772065
CYP,Cyprus,1958,0.587821159435635,2501.84155273438,Southern Europe,4256.127076365181
CYP,Cyprus,1959,0.597302086126287,2640.53491210938,Southern Europe,4420.769612967824
CYP,Cyprus,1960,0.603622787640173,2558.63134765625,Southern Europe,4238.79184160536
CYP,Cyprus,1961,0.609627403846294,2864.84912109375,Southern Europe,4699.344391375273
CYP,Cyprus,1962,0.606783075607027,3357.01000976563,Southern Europe,5532.471396647426
CYP,Cyprus,1963,0.61341979963859,3410.39819335938,Southern Europe,5559.648050761799
CYP,Cyprus,1964,0.617844240466239,2990.89672851563,Southern Europe,4840.858800040983
CYP,Cyprus,1965,0.622374043063144,3794.20629882813,Southern Europe,6096.344057271653
CYP,Cyprus,1966,0.626798546680882,4051.486328125,Southern Europe,6463.777476158872
CYP,Cyprus,1967,0.631433648256952,4453.75341796875,Southern Europe,7053.398928395981
CYP,Cyprus,1968,0.636595558679299,4631.08349609375,Southern Europe,7274.765638801408
CYP,Cyprus,1969,0.641968067059977,5189.22412109375,Southern Europe,8083.305677272788
CYP,Cyprus,1970,0.647446,5264.224609375,Southern Europe,8130.754702901864
CYP,Cyprus,1971,0.65405,5754.6865234375,Southern Europe,8798.542196219707
CYP,Cyprus,1972,0.661063,6092.0322265625,Southern Europe,9215.509303292576
CYP,Cyprus,1973,0.665937,6039.9072265625,Southern Europe,9069.787722506033
CYP,Cyprus,1974,0.5205,4490.0908203125,Southern Europe,8626.495332012488
CYP,Cyprus,1975,0.5022,3612.48559570313,Southern Europe,7193.320580850518
CYP,Cyprus,1976,0.4979,4594.56689453125,Southern Europe,9227.890930972584
CYP,Cyprus,1977,0.4975,5546.5078125,Southern Europe,11148.759422110554
CYP,Cyprus,1978,0.4996,6125.19677734375,Southern Europe,12260.201716060348
CYP,Cyprus,1979,0.5032,7016.9091796875,Southern Europe,13944.573091588833
CYP,Cyprus,1980,0.5086,7490.14013671875,Southern Europe,14726.976281397463
CYP,Cyprus,1981,0.515,7610.18408203125,Southern Europe,14777.056469963592
CYP,Cyprus,1982,0.5208,8260.349609375,Southern Europe,15860.886346726189
CYP,Cyprus,1983,0.5276,8625.310546875,Southern Europe,16348.200430013268
CYP,Cyprus,1984,0.5348,9647.9521484375,Southern Europe,18040.299454819557
CYP,Cyprus,1985,0.5411,10047.6396484375,Southern Europe,18568.914523077987
CYP,Cyprus,1986,0.5475,10497.51171875,Southern Europe,19173.53738584475
CYP,Cyprus,1987,0.5535,11415.4091796875,Southern Europe,20624.045491757002
CYP,Cyprus,1988,0.5593,12278.611328125,Southern Europe,21953.53357433399
CYP,Cyprus,1989,0.5675,13394.3154296875,Southern Europe,23602.31793777533
CYP,Cyprus,1990,0.5794,14429.541015625,Southern Europe,24904.282042846047
CYP,Cyprus,1991,0.5949,14358.90625,Southern Europe,24136.67212976971
CYP,Cyprus,1992,0.6106,15865.638671875,Southern Europe,25983.686000450376
CYP,Cyprus,1993,0.6258,15730.431640625,Southern Europe,25136.515884667624
CYP,Cyprus,1994,0.639,16889.529296875,Southern Europe,26431.188258020346
CYP,Cyprus,1995,0.6507,18094.908203125,Southern Europe,27808.372834063317
CYP,Cyprus,1996,0.6609,18245.49609375,Southern Europe,27607.045080571945
CYP,Cyprus,1997,0.6704,18639.50390625,Southern Europe,27803.55594607697
CYP,Cyprus,1998,0.6789,19741.32421875,Southern Europe,29078.397729783475
CYP,Cyprus,1999,0.6864,20875.642578125,Southern Europe,30413.232194238055
CYP,Cyprus,2000,0.6936,22327.705078125,Southern Europe,32191.039616673876
CYP,Cyprus,2001,0.7013,23642.380859375,Southern Europe,33712.221387958074
CYP,Cyprus,2002,0.7096,23938.384765625,Southern Europe,33735.04053780299
CYP,Cyprus,2003,0.717836,23820.994140625,Southern Europe,33184.45179765991
CYP,Cyprus,2004,0.72798,25587.82421875,Southern Europe,35149.075824541884
CYP,Cyprus,2005,0.73854,26805.146484375,Southern Europe,36294.77954393127
CYP,Cyprus,2006,0.750965,28791.158203125,Southern Europe,38338.88157653819
CYP,Cyprus,2007,0.767125,31036.58984375,Southern Europe,40458.32145184944
CYP,Cyprus,2008,0.786632,34176.48828125,Southern Europe,43446.60308918275
CYP,Cyprus,2009,0.808035,34453.15234375,Southern Europe,42638.193077960736
CYP,Cyprus,2010,0.829446,35297.3125,Southern Europe,42555.28690234204
CYP,Cyprus,2011,0.850881,33644.8671875,Southern Europe,39541.21338647825
CYP,Cyprus,2012,0.863945,32903.24609375,Southern Europe,38084.885141704624
CYP,Cyprus,2013,0.86193,29274.79296875,Southern Europe,33964.234878412404
CYP,Cyprus,2014,0.852504,28240.9765625,Southern Europe,33127.08979957865
CYP,Cyprus,2015,0.8477,29835.53515625,Southern Europe,35195.86546685148
CYP,Cyprus,2016,0.8516,33159.08203125,Southern Europe,38937.39083049554
CYP,Cyprus,2017,0.859519,35435.2734375,Southern Europe,41226.86460392382
CYP,Cyprus,2018,0.870068,36312.984375,Southern Europe,41735.80039146366
CYP,Cyprus,2019,0.875899,40085.06640625,Southern Europe,45764.48472512242
CYP,Cyprus,2020,0.888005,37999.125,Southern Europe,42791.56648892743
CYP,Cyprus,2021,0.896007,42024.859375,Southern Europe,46902.37841333829
CYP,Cyprus,2022,0.904705,45290.20703125,Southern Europe,50060.74580249916
CYP,Cyprus,2023,0.913951,46273.9140625,Southern Europe,50630.62906271781
CZE,Czechia,1990,10.301988,283050.1875,Eastern Europe & FSU,27475.29772894319
CZE,Czechia,1991,10.304426,237448.828125,Eastern Europe & FSU,23043.382341238612
CZE,Czechia,1992,10.312448,229202.359375,Eastern Europe & FSU,22225.795405222892
CZE,Czechia,1993,10.320398,234595.96875,Eastern Europe & FSU,22731.29086203846
CZE,Czechia,1994,10.322329,243977.515625,Eastern Europe & FSU,23635.898025048416
CZE,Czechia,1995,10.312042,253407.53125,Eastern Europe & FSU,24573.942896082077
CZE,Czechia,1996,10.296128,265719.125,Eastern Europe & FSU,25807.674982284603
CZE,Czechia,1997,10.280051,259680.203125,Eastern Europe & FSU,25260.594828274683
CZE,Czechia,1998,10.265426,258118.84375,Eastern Europe & FSU,25144.48438379469
CZE,Czechia,1999,10.251378,256255.578125,Eastern Europe & FSU,24997.183610339995
CZE,Czechia,2000,10.236804,260212.84375,Eastern Europe & FSU,25419.34413807278
CZE,Czechia,2001,10.231936,274532.25,Eastern Europe & FSU,26830.919388080616
CZE,Czechia,2002,10.239468,276738.46875,Eastern Europe & FSU,27026.645207543985
CZE,Czechia,2003,10.248912,284299.375,Eastern Europe & FSU,27739.4688333747
CZE,Czechia,2004,10.26145,298106.5,Eastern Europe & FSU,29051.10876143235
CZE,Czechia,2005,10.280153,304586.25,Eastern Europe & FSU,29628.57167592739
CZE,Czechia,2006,10.304588,322395.09375,Eastern Europe & FSU,31286.55835148382
CZE,Czechia,2007,10.337543,353635.375,Eastern Europe & FSU,34208.84198498618
CZE,Czechia,2008,10.378292,352805.5,Eastern Europe & FSU,33994.56288183065
CZE,Czechia,2009,10.420985,354683.4375,Eastern Europe & FSU,34035.500243019254
CZE,Czechia,2010,10.464035,358345.59375,Eastern Europe & FSU,34245.45060772446
CZE,Czechia,2011,10.495511,377315.625,Eastern Europe & FSU,35950.190991177085
CZE,Czechia,2012,10.507335,377513.90625,Eastern Europe & FSU,35928.606659062454
CZE,Czechia,2013,10.511163,377507.3125,Eastern Europe & FSU,35914.89471716878
CZE,Czechia,2014,10.517226,394933.875,Eastern Europe & FSU,37551.144664952524
CZE,Czechia,2015,10.524416,419941.0625,Eastern Europe & FSU,39901.60237869731
CZE,Czechia,2016,10.531948,438792.0625,Eastern Europe & FSU,41662.953757462536
CZE,Czechia,2017,10.541342,462036.46875,Eastern Europe & FSU,43830.89636499793
CZE,Czechia,2018,10.548937,473258.78125,Eastern Europe & FSU,44863.17258791099
CZE,Czechia,2019,10.554875,511371.90625,Eastern Europe & FSU,48448.883217470604
CZE,Czechia,2020,10.550129,488932.90625,Eastern Europe & FSU,46343.78463524001
CZE,Czechia,2021,10.530683,508562.5625,Eastern Europe & FSU,48293.407227242526
CZE,Czechia,2022,10.673213,510548.28125,Eastern Europe & FSU,47834.54441038513
CZE,Czechia,2023,10.809716,519598.5625,Eastern Europe & FSU,48067.73485075834
DEU,Germany,1950,68.4075791471299,391458.8125,Western Europe,5722.44797112403
DEU,Germany,1951,68.7457352509051,429526.03125,Western Europe,6248.038946450062
DEU,Germany,1952,69.1189075192724,474732.5,Western Europe,6868.344958543081
DEU,Germany,1953,69.5150904100859,518956.90625,Western Europe,7465.384899718189
DEU,Germany,1954,69.9302820759636,562100.3125,Western Europe,8038.010083949093
DEU,Germany,1955,70.3584797458328,637500.5625,Western Europe,9060.749533005053
DEU,Germany,1956,70.8016843433842,687103.125,Western Europe,9704.61552394133
DEU,Germany,1957,71.2648981778454,727130.625,Western Europe,10203.208642569114
DEU,Germany,1958,71.7551244821349,759614.4375,Western Europe,10586.204720321035
DEU,Germany,1959,72.2803669510164,823462.125,Western Europe,11392.61129592841
DEU,Germany,1960,72.8486292792539,901714.0625,Western Europe,12377.913921254705
DEU,Germany,1961,73.458911005002,940637.5,Western Europe,12804.94751597869
DEU,Germany,1962,74.1032084334967,979229.875,Western Europe,13214.405903609444
DEU,Germany,1963,74.7585109422917,1000551.3125,Western Europe,13383.777979103344
DEU,Germany,1964,75.3978060615589,1074843.375,Western Europe,14255.631975848728
DEU,Germany,1965,75.9990836306976,1128441.75,Western Europe,14848.096793948698
DEU,Germany,1966,76.5543399549438,1162646.625,Western Europe,15187.20722671344
DEU,Germany,1967,77.062574572452,1157884.5,Western Europe,15025.250667058763
DEU,Germany,1968,77.5137828647674,1223727.625,Western Europe,15787.226216722613
DEU,Germany,1969,77.8969597515895,1318964.25,Western Europe,16932.16595623408
DEU,Germany,1970,78.205102,1406339.625,Western Europe,17982.709427320995
DEU,Germany,1971,78.345872,1460322.125,Western Europe,18639.42652907099
DEU,Germany,1972,78.719918,1534875.625,Western Europe,19497.932213293207
DEU,Germany,1973,78.966971,1614309.625,Western Europe,20442.845971640472
DEU,Germany,1974,78.996693,1619257.375,Western Europe,20497.78685039385
DEU,Germany,1975,78.701865,1631517.125,Western Europe,20730.348956787748
DEU,Germany,1976,78.364505,1715663.25,Western Europe,21893.37187799502
DEU,Germany,1977,78.185559,1780371.75,Western Europe,22771.10725779936
DEU,Germany,1978,78.11536,1856146.875,Western Europe,23761.61199282702
DEU,Germany,1979,78.147901,1929379.25,Western Europe,24688.81729785679
DEU,Germany,1980,78.315375,1930710.125,Western Europe,24653.015132724577
DEU,Germany,1981,78.44804,1865626.25,Western Europe,23781.680842504156
DEU,Germany,1982,78.393674,1829822.625,Western Europe,23341.457692109187
DEU,Germany,1983,78.224133,1836717.375,Western Europe,23480.18833267222
DEU,Germany,1984,77.998198,1847189.875,Western Europe,23682.468600107914
DEU,Germany,1985,77.863424,1858648.5,Western Europe,23870.623773236584
DEU,Germany,1986,77.923807,1987612.375,Western Europe,25507.12614695532
DEU,Germany,1987,78.062324,2063495.375,Western Europe,26433.947508403668
DEU,Germany,1988,78.385992,2173668.5,Western Europe,27730.318192566854
DEU,Germany,1989,79.007065,2283725.5,Western Europe,28905.332706638324
DEU,Germany,1990,79.707959,2449806.0,Western Europe,30734.772671823146
DEU,Germany,1991,80.303196,2602268.25,Western Europe,32405.537757177186
DEU,Germany,1992,80.934898,2707245.75,Western Europe,33449.67148781728
DEU,Germany,1993,81.486773,2724812.25,Western Europe,33438.70605846669
DEU,Germany,1994,81.773617,2841783.5,Western Europe,34751.83811424166
DEU,Germany,1995,82.01989,2934607.75,Western Europe,35779.22074755282
DEU,Germany,1996,82.263189,2975042.0,Western Europe,36164.92426521418
DEU,Germany,1997,82.389638,3078771.25,Western Europe,37368.42793264852
DEU,Germany,1998,82.011939,3208453.25,Western Europe,39121.78262240574
DEU,Germany,1999,81.678287,3336879.0,Western Europe,40853.92975981487
DEU,Germany,2000,81.797258,3374667.25,Western Europe,41256.483805361786
DEU,Germany,2001,81.933885,3429975.25,Western Europe,41862.71955736018
DEU,Germany,2002,82.068326,3420399.75,Western Europe,41677.46457994038
DEU,Germany,2003,82.111615,3430270.0,Western Europe,41775.697628161375
DEU,Germany,2004,82.092708,3491848.0,Western Europe,42535.422269174014
DEU,Germany,2005,82.046731,3522758.5,Western Europe,42936.00070428156
DEU,Germany,2006,81.701971,3682467.25,Western Europe,45071.951201764765
DEU,Germany,2007,81.298542,3865585.0,Western Europe,47548.02367796461
DEU,Germany,2008,81.110777,3940595.0,Western Europe,48582.87820371885
DEU,Germany,2009,80.935283,3788199.75,Western Europe,46805.29442270561
DEU,Germany,2010,80.830924,3989083.0,Western Europe,49350.95137598576
DEU,Germany,2011,80.857874,4195223.0,Western Europe,51883.91423697339
DEU,Germany,2012,80.91639,4219334.0,Western Europe,52144.36778506802
DEU,Germany,2013,81.041582,4192691.0,Western Europe,51735.05867642119
DEU,Germany,2014,81.37608,4314204.5,Western Europe,53015.63432399299
DEU,Germany,2015,82.07755,4420293.5,Western Europe,53855.08583041282
DEU,Germany,2016,82.760102,4579976.0,Western Europe,55340.386119872106
DEU,Germany,2017,83.104007,4755894.0,Western Europe,57228.21524117363
DEU,Germany,2018,83.368505,4840361.5,Western Europe,58059.83326677143
DEU,Germany,2019,83.559186,5037171.5,Western Europe,60282.677957154825
DEU,Germany,2020,83.628708,4881379.5,Western Europe,58369.66296310592
DEU,Germany,2021,83.697083,5001540.5,Western Europe,59757.64412243614
DEU,Germany,2022,84.086227,5004375.5,Western Europe,59514.80615249868
DEU,Germany,2023,84.548231,5060520.0,Western Europe,59853.64732231949
DNK,Denmark,1950,4.27092262050725,49856.91015625,Nordic,11673.569059026544
DNK,Denmark,1951,4.30354198337267,47930.6796875,Nordic,11137.495549639534
DNK,Denmark,1952,4.33392168263565,49746.82421875,Nordic,11478.477891759398
DNK,Denmark,1953,4.36920079503786,53256.72265625,Nordic,12189.122257034773
DNK,Denmark,1954,4.4059204064273,55232.234375,Nordic,12535.912880865466
DNK,Denmark,1955,4.43891980163061,55324.7421875,Nordic,12463.559753248255
DNK,Denmark,1956,4.46639037003593,56560.953125,Nordic,12663.683296573334
DNK,Denmark,1957,4.48774990400889,58923.1796875,Nordic,13129.782396043092
DNK,Denmark,1958,4.51505024462922,60696.21484375,Nordic,13443.087353446368
DNK,Denmark,1959,4.54655382873592,66412.140625,Nordic,14607.138313253972
DNK,Denmark,1960,4.58091695353322,70038.3828125,Nordic,15289.16230591782
DNK,Denmark,1961,4.60973360887694,74371.171875,Nordic,16133.507526722113
DNK,Denmark,1962,4.64681513312016,78623.5390625,Nordic,16919.87669191119
DNK,Denmark,1963,4.6834942140846,80248.2265625,Nordic,17134.264054639105
DNK,Denmark,1964,4.72008555859963,87272.3828125,Nordic,18489.576455557355
DNK,Denmark,1965,4.75801393031101,91443.46875,Nordic,19218.831657355564
DNK,Denmark,1966,4.79741331803548,94441.3046875,Nordic,19685.88037483777
DNK,Denmark,1967,4.83871239062095,99854.34375,Nordic,20636.552803500217
DNK,Denmark,1968,4.86721195499264,105430.6875,Nordic,21661.412832422957
DNK,Denmark,1969,4.89059848704393,113410.1640625,Nordic,23189.424436077465
DNK,Denmark,1970,4.928668,115612.2265625,Nordic,23457.093592528447
DNK,Denmark,1971,4.963062,118539.296875,Nordic,23884.307081998977
DNK,Denmark,1972,4.991573,123686.703125,Nordic,24779.10332574521
DNK,Denmark,1973,5.021756,130666.2109375,Nordic,26020.023859681754
DNK,Denmark,1974,5.045632,125346.03125,Nordic,24842.483805794793
DNK,Denmark,1975,5.0604,124367.203125,Nordic,24576.555830566755
DNK,Denmark,1976,5.072805,132996.453125,Nordic,26217.5370677564
DNK,Denmark,1977,5.088572,136177.953125,Nordic,26761.526244494526
DNK,Denmark,1978,5.104343,141342.15625,Nordic,27690.567865443212
DNK,Denmark,1979,5.116859,145885.171875,Nordic,28510.68827087086
DNK,Denmark,1980,5.123081,142677.25,Nordic,27849.891500837093
DNK,Denmark,1981,5.121629,136565.40625,Nordic,26664.447239345136
DNK,Denmark,1982,5.117894,138119.140625,Nordic,26987.495369188968
DNK,Denmark,1983,5.114467,139197.203125,Nordic,27216.365483441383
DNK,Denmark,1984,5.111831,142763.390625,Nordic,27928.03412808444
DNK,Denmark,1985,5.11388,146239.75,Nordic,28596.633084859244
DNK,Denmark,1986,5.120688,156358.09375,Nordic,30534.587100405257
DNK,Denmark,1987,5.127132,158004.359375,Nordic,30817.298906094093
DNK,Denmark,1988,5.12964,158510.0,Nordic,30900.803955053376
DNK,Denmark,1989,5.132715,161119.71875,Nordic,31390.73935529247
DNK,Denmark,1990,5.141025,164922.28125,Nordic,32079.64972938276
DNK,Denmark,1991,5.154345,167227.40625,Nordic,32443.968389776004
DNK,Denmark,1992,5.171367,172654.5625,Nordic,33386.63887130811
DNK,Denmark,1993,5.188637,171676.6875,Nordic,33087.04916146572
DNK,Denmark,1994,5.20619,181602.328125,Nordic,34882.00164131543
DNK,Denmark,1995,5.23336,188827.984375,Nordic,36081.596598552365
DNK,Denmark,1996,5.263068,195806.390625,Nordic,37203.8496605022
DNK,Denmark,1997,5.285035,209594.328125,Nordic,39658.077595512616
DNK,Denmark,1998,5.304262,220369.28125,Nordic,41545.7006554352
DNK,Denmark,1999,5.32181,226052.953125,Nordic,42476.70494155184
DNK,Denmark,2000,5.339658,236669.375,Nordic,44322.94633851082
DNK,Denmark,2001,5.358828,236961.296875,Nordic,44218.86593019967
DNK,Denmark,2002,5.375959,240635.96875,Nordic,44761.49627443215
DNK,Denmark,2003,5.39062,231499.828125,Nordic,42944.93548515755
DNK,Denmark,2004,5.404598,241784.375,Nordic,44736.79170957766
DNK,Denmark,2005,5.419555,240840.515625,Nordic,44439.16809129163
DNK,Denmark,2006,5.43742,256956.171875,Nordic,47257.002746707076
DNK,Denmark,2007,5.461607,268544.71875,Nordic,49169.54272799196
DNK,Denmark,2008,5.493764,279068.40625,Nordic,50797.30513542264
DNK,Denmark,2009,5.523173,270852.75,Nordic,49039.33843824917
DNK,Denmark,2010,5.547863,282641.3125,Nordic,50945.97910943366
DNK,Denmark,2011,5.570849,291508.15625,Nordic,52327.420156245484
DNK,Denmark,2012,5.591917,294247.8125,Nordic,52620.20385853367
DNK,Denmark,2013,5.615333,294565.3125,Nordic,52457.318648778266
DNK,Denmark,2014,5.643794,295108.4375,Nordic,52289.016484301166
DNK,Denmark,2015,5.683701,306024.1875,Nordic,53842.41491591482
DNK,Denmark,2016,5.728201,319175.625,Nordic,55720.04631122406
DNK,Denmark,2017,5.765168,337090.40625,Nordic,58470.17922981603
DNK,Denmark,2018,5.793824,344834.28125,Nordic,59517.5623646835
DNK,Denmark,2019,5.814618,360026.03125,Nordic,61917.400463796585
DNK,Denmark,2020,5.83153,366140.625,Nordic,62786.37424483798
DNK,Denmark,2021,5.856776,395298.21875,Nordic,67494.1672261326
DNK,Denmark,2022,5.902904,410517.28125,Nordic,69544.96994191332
DNK,Denmark,2023,5.948136,388496.09375,Nordic,65313.9225044619
DOM,Dominican Republic,1951,2.40629049997472,6583.83935546875,Latin America & Caribbean,2736.094979196368
DOM,Dominican Republic,1952,2.47812813744173,6229.80419921875,Latin America & Caribbean,2513.9152835131536
DOM,Dominican Republic,1953,2.5552896373772,6079.52294921875,Latin America & Caribbean,2379.1913293472644
DOM,Dominican Republic,1954,2.63706164157787,6729.8662109375,Latin America & Caribbean,2552.032195542735
DOM,Dominican Republic,1955,2.722734586299,6680.5615234375,Latin America & Caribbean,2453.622015548109
DOM,Dominican Republic,1956,2.81278135593463,7321.57373046875,Latin America & Caribbean,2602.9658206533227
DOM,Dominican Republic,1957,2.90767720641542,8375.8369140625,Latin America & Caribbean,2880.5937934177427
DOM,Dominican Republic,1958,3.00670996530637,8136.81494140625,Latin America & Caribbean,2706.218769118007
DOM,Dominican Republic,1959,3.10916840878714,8268.4384765625,Latin America & Caribbean,2659.372986421133
DOM,Dominican Republic,1960,3.21434344742032,9412.361328125,Latin America & Caribbean,2928.2375956679166
DOM,Dominican Republic,1961,3.32283389419234,9208.6376953125,Latin America & Caribbean,2771.320501878649
DOM,Dominican Republic,1962,3.43511192203631,11455.609375,Latin America & Caribbean,3334.8576800400715
DOM,Dominican Republic,1963,3.55028061581764,12273.4599609375,Latin America & Caribbean,3457.0393974648923
DOM,Dominican Republic,1964,3.66743974025058,12899.6083984375,Latin America & Caribbean,3517.333429330219
DOM,Dominican Republic,1965,3.78568906004934,11353.2822265625,Latin America & Caribbean,2999.0001942775853
DOM,Dominican Republic,1966,3.90556359386639,12287.53515625,Latin America & Caribbean,3146.161843465391
DOM,Dominican Republic,1967,4.02766357761012,12560.744140625,Latin America & Caribbean,3118.61800237003
DOM,Dominican Republic,1968,4.15118648330185,12564.75,Latin America & Caribbean,3026.7852457464182
DOM,Dominican Republic,1969,4.2753293086556,13878.873046875,Latin America & Caribbean,3246.269946686115
DOM,Dominican Republic,1970,4.39929,16265.96484375,Latin America & Caribbean,3697.406818770756
DOM,Dominican Republic,1971,4.524234,17756.935546875,Latin America & Caribbean,3924.84905663036
DOM,Dominican Republic,1972,4.651883,19583.634765625,Latin America & Caribbean,4209.829603544415
DOM,Dominican Republic,1973,4.782227,21685.044921875,Latin America & Caribbean,4534.507651325418
DOM,Dominican Republic,1974,4.914197,23941.294921875,Latin America & Caribbean,4871.863077909778
DOM,Dominican Republic,1975,5.046776,26395.91015625,Latin America & Caribbean,5230.25197794592
DOM,Dominican Republic,1976,5.180404,25844.85546875,Latin America & Caribbean,4988.96523683288
DOM,Dominican Republic,1977,5.315443,27109.685546875,Latin America & Caribbean,5100.174255819317
DOM,Dominican Republic,1978,5.451882,26773.716796875,Latin America & Caribbean,4910.91274478703
DOM,Dominican Republic,1979,5.58969,28000.548828125,Latin America & Caribbean,5009.32052191177
DOM,Dominican Republic,1980,5.729037,31691.962890625,Latin America & Caribbean,5531.813268202841
DOM,Dominican Republic,1981,5.868453,33877.87890625,Latin America & Caribbean,5772.880673364854
DOM,Dominican Republic,1982,6.007114,34139.1484375,Latin America & Caribbean,5683.119787222284
DOM,Dominican Republic,1983,6.147248,35980.09765625,Latin America & Caribbean,5853.041500237179
DOM,Dominican Republic,1984,6.28904,35121.35546875,Latin America & Caribbean,5584.533644045832
DOM,Dominican Republic,1985,6.430404,35227.83203125,Latin America & Caribbean,5478.323295278182
DOM,Dominican Republic,1986,6.571208,37249.5390625,Latin America & Caribbean,5668.598385943649
DOM,Dominican Republic,1987,6.712515,39018.30078125,Latin America & Caribbean,5812.7692498638735
DOM,Dominican Republic,1988,6.855734,42096.38671875,Latin America & Caribbean,6140.317975981857
DOM,Dominican Republic,1989,7.002295,42063.703125,Latin America & Caribbean,6007.13096563341
DOM,Dominican Republic,1990,7.151166,39217.3046875,Latin America & Caribbean,5484.043397608167
DOM,Dominican Republic,1991,7.299853,40239.609375,Latin America & Caribbean,5512.386259695914
DOM,Dominican Republic,1992,7.447474,44949.08203125,Latin America & Caribbean,6035.480222052471
DOM,Dominican Republic,1993,7.594572,49299.875,Latin America & Caribbean,6491.461928335132
DOM,Dominican Republic,1994,7.741694,52043.75390625,Latin America & Caribbean,6722.527899740031
DOM,Dominican Republic,1995,7.888115,54539.296875,Latin America & Caribbean,6914.110262718026
DOM,Dominican Republic,1996,8.032894,58382.1640625,Latin America & Caribbean,7267.886774367992
DOM,Dominican Republic,1997,8.174078,64753.7109375,Latin America & Caribbean,7921.836681458141
DOM,Dominican Republic,1998,8.310362,72395.625,Latin America & Caribbean,8711.488741405008
DOM,Dominican Republic,1999,8.446208,76481.9609375,Latin America & Caribbean,9055.183218019258
DOM,Dominican Republic,2000,8.58419,80103.34375,Latin America & Caribbean,9331.4970602934
DOM,Dominican Republic,2001,8.720283,83463.515625,Latin America & Caribbean,9571.19346069388
DOM,Dominican Republic,2002,8.852235,88071.8671875,Latin America & Caribbean,9949.110838957618
DOM,Dominican Republic,2003,8.98062,83870.390625,Latin America & Caribbean,9339.042362888085
DOM,Dominican Republic,2004,9.104892,87077.2109375,Latin America & Caribbean,9563.782957282745
DOM,Dominican Republic,2005,9.225034,94651.1875,Latin America & Caribbean,10260.253512344778
DOM,Dominican Republic,2006,9.341183,106079.7265625,Latin America & Caribbean,11356.13407450641
DOM,Dominican Republic,2007,9.455658,116200.625,Latin America & Caribbean,12289.004636165986
DOM,Dominican Republic,2008,9.57313,118060.84375,Latin America & Caribbean,12332.522774682888
DOM,Dominican Republic,2009,9.695265,124730.7890625,Latin America & Caribbean,12865.124270713592
DOM,Dominican Republic,2010,9.820175,134625.859375,Latin America & Caribbean,13709.110008222866
DOM,Dominican Republic,2011,9.945621,137482.734375,Latin America & Caribbean,13823.443943319378
DOM,Dominican Republic,2012,10.070411,140752.75,Latin America & Caribbean,13976.8625133572
DOM,Dominican Republic,2013,10.193833,143172.59375,Latin America & Caribbean,14045.020528588217
DOM,Dominican Republic,2014,10.315528,153683.125,Latin America & Caribbean,14898.23157864532
DOM,Dominican Republic,2015,10.434829,169371.828125,Latin America & Caribbean,16231.394699903562
DOM,Dominican Republic,2016,10.55143,183635.921875,Latin America & Caribbean,17403.889508341523
DOM,Dominican Republic,2017,10.666843,188332.515625,Latin America & Caribbean,17655.881466053263
DOM,Dominican Republic,2018,10.782053,201318.265625,Latin America & Caribbean,18671.60786772241
DOM,Dominican Republic,2019,10.894043,222532.53125,Latin America & Caribbean,20426.99218738167
DOM,Dominican Republic,2020,11.0083,211985.984375,Latin America & Caribbean,19256.92290135625
DOM,Dominican Republic,2021,11.123476,235362.203125,Latin America & Caribbean,21159.05164222047
DOM,Dominican Republic,2022,11.230734,247053.828125,Latin America & Caribbean,21998.01260763544
DOM,Dominican Republic,2023,11.331265,259608.28125,Latin America & Caribbean,22910.794271425122
ECU,Ecuador,1950,3.49217601114538,20665.07421875,Latin America & Caribbean,5917.5351278964245
ECU,Ecuador,1951,3.58393971501072,22480.7890625,Latin America & Caribbean,6272.647100715185
ECU,Ecuador,1952,3.67789910898264,22995.59765625,Latin America & Caribbean,6252.373155121951
ECU,Ecuador,1953,3.77515203352936,26534.251953125,Latin America & Caribbean,7028.6578440970325
ECU,Ecuador,1954,3.8763713286055,31301.55078125,Latin America & Caribbean,8074.9618980673185
ECU,Ecuador,1955,3.98223131673629,33078.76953125,Latin America & Caribbean,8306.591681961938
ECU,Ecuador,1956,4.09228376741211,33610.91796875,Latin America & Caribbean,8213.242257636735
ECU,Ecuador,1957,4.20607748498214,34469.16015625,Latin America & Caribbean,8195.084441340567
ECU,Ecuador,1958,4.32428827454221,34261.171875,Latin America & Caribbean,7922.962045962824
ECU,Ecuador,1959,4.44759119990282,36801.44921875,Latin America & Caribbean,8274.467585859536
ECU,Ecuador,1960,4.5766613248745,39561.56640625,Latin America & Caribbean,8644.197942117738
ECU,Ecuador,1961,4.71164196461467,41041.765625,Latin America & Caribbean,8710.714000179023
ECU,Ecuador,1962,4.85208340604313,41300.703125,Latin America & Caribbean,8511.952427190588
ECU,Ecuador,1963,4.99777117061392,42253.24609375,Latin America & Caribbean,8454.417909765898
ECU,Ecuador,1964,5.1484892972105,45065.140625,Latin America & Caribbean,8753.080374356943
ECU,Ecuador,1965,5.30402478985753,46254.30078125,Latin America & Caribbean,8720.60418527803
ECU,Ecuador,1966,5.46452046952222,48223.3125,Latin America & Caribbean,8824.802243666281
ECU,Ecuador,1967,5.63012063974242,53940.8828125,Latin America & Caribbean,9580.768559688948
ECU,Ecuador,1968,5.80060785683098,56455.09375,Latin America & Caribbean,9732.616846959701
ECU,Ecuador,1969,5.97576863062235,55879.83203125,Latin America & Caribbean,9351.070211269267
ECU,Ecuador,1970,6.155387,60328.51171875,Latin America & Caribbean,9800.9291241558
ECU,Ecuador,1971,6.340052,61508.18359375,Latin America & Caribbean,9701.526674189738
ECU,Ecuador,1972,6.529034,64764.671875,Latin America & Caribbean,9919.487611030972
ECU,Ecuador,1973,6.722033,55067.90625,Latin America & Caribbean,8192.150536898584
ECU,Ecuador,1974,6.918573,51437.0,Latin America & Caribbean,7434.625608488918
ECU,Ecuador,1975,7.118251,56239.296875,Latin America & Caribbean,7900.718431395578
ECU,Ecuador,1976,7.320912,60514.9453125,Latin America & Caribbean,8266.039164587692
ECU,Ecuador,1977,7.526819,63560.5234375,Latin America & Caribbean,8444.539909555418
ECU,Ecuador,1978,7.736167,65268.078125,Latin America & Caribbean,8436.746275642705
ECU,Ecuador,1979,7.948869,69731.3984375,Latin America & Caribbean,8772.493097760196
ECU,Ecuador,1980,8.165877,72568.171875,Latin America & Caribbean,8886.757892018211
ECU,Ecuador,1981,8.38691,76489.4453125,Latin America & Caribbean,9120.09850022237
ECU,Ecuador,1982,8.611298,75238.3203125,Latin America & Caribbean,8737.163701976171
ECU,Ecuador,1983,8.840417,74611.03125,Latin America & Caribbean,8439.76378602955
ECU,Ecuador,1984,9.074782,74774.671875,Latin America & Caribbean,8239.831202005733
ECU,Ecuador,1985,9.311154,77668.0859375,Latin America & Caribbean,8341.40278825804
ECU,Ecuador,1986,9.545998,71167.1484375,Latin America & Caribbean,7455.181578447848
ECU,Ecuador,1987,9.77929,70208.890625,Latin America & Caribbean,7179.344372137446
ECU,Ecuador,1988,10.010808,65838.1953125,Latin America & Caribbean,6576.711421545593
ECU,Ecuador,1989,10.241852,67002.6640625,Latin America & Caribbean,6542.045722053004
ECU,Ecuador,1990,10.473673,73260.2890625,Latin America & Caribbean,6994.708452564826
ECU,Ecuador,1991,10.70238,74679.8671875,Latin America & Caribbean,6977.874751924339
ECU,Ecuador,1992,10.930128,75146.2734375,Latin America & Caribbean,6875.150358486196
ECU,Ecuador,1993,11.154274,68706.8828125,Latin America & Caribbean,6159.691147312681
ECU,Ecuador,1994,11.372197,69710.390625,Latin America & Caribbean,6129.8965032877995
ECU,Ecuador,1995,11.590514,69476.84375,Latin America & Caribbean,5994.284960097541
ECU,Ecuador,1996,11.81095,71884.0,Latin America & Caribbean,6086.216604083499
ECU,Ecuador,1997,12.031127,67875.4296875,Latin America & Caribbean,5641.651832575619
ECU,Ecuador,1998,12.251184,67093.734375,Latin America & Caribbean,5476.5102193388
ECU,Ecuador,1999,12.470795,64079.8671875,Latin America & Caribbean,5138.394720424801
ECU,Ecuador,2000,12.689206,72108.0,Latin America & Caribbean,5682.625059440283
ECU,Ecuador,2001,12.91074,71384.921875,Latin America & Caribbean,5529.111567191346
ECU,Ecuador,2002,13.138472,79091.5703125,Latin America & Caribbean,6019.84540610963
ECU,Ecuador,2003,13.372306,85408.0234375,Latin America & Caribbean,6386.93307179031
ECU,Ecuador,2004,13.608701,97433.03125,Latin America & Caribbean,7159.612901334227
ECU,Ecuador,2005,13.846163,114985.734375,Latin America & Caribbean,8304.519770206374
ECU,Ecuador,2006,14.086131,125629.375,Latin America & Caribbean,8918.657294895242
ECU,Ecuador,2007,14.328773,133743.734375,Latin America & Caribbean,9333.927920764743
ECU,Ecuador,2008,14.575202,149486.671875,Latin America & Caribbean,10256.233284108172
ECU,Ecuador,2009,14.825954,146136.546875,Latin America & Caribbean,9856.805631192436
ECU,Ecuador,2010,15.076695,155106.203125,Latin America & Caribbean,10287.811959119686
ECU,Ecuador,2011,15.326227,175443.3125,Latin America & Caribbean,11447.260470564608
ECU,Ecuador,2012,15.572194,187273.40625,Latin America & Caribbean,12026.141354904776
ECU,Ecuador,2013,15.807128,201845.234375,Latin America & Caribbean,12769.254122254213
ECU,Ecuador,2014,16.035124,210588.75,Latin America & Caribbean,13132.966729786436
ECU,Ecuador,2015,16.266225,196859.234375,Latin America & Caribbean,12102.330711335913
ECU,Ecuador,2016,16.505139,196017.78125,Latin America & Caribbean,11876.166644219113
ECU,Ecuador,2017,16.759519,211201.3125,Latin America & Caribbean,12601.871957065116
ECU,Ecuador,2018,17.049547,219210.9375,Latin America & Caribbean,12857.288085132115
ECU,Ecuador,2019,17.340021,227989.8125,Latin America & Caribbean,13148.185489510077
ECU,Ecuador,2020,17.546065,208447.921875,Latin America & Caribbean,11880.03816667726
ECU,Ecuador,2021,17.682454,237414.90625,Latin America & Caribbean,13426.581302007064
ECU,Ecuador,2022,17.823897,251857.5,Latin America & Caribbean,14130.32739136677
ECU,Ecuador,2023,17.980083,250735.21875,Latin America & Caribbean,13945.164699740262
EGY,Egypt,1950,21.8606097252469,22213.310546875,MENA,1016.1340797928781
EGY,Egypt,1951,22.3832094757567,22998.482421875,MENA,1027.4881467192943
EGY,Egypt,1952,22.9183016270716,21042.197265625,MENA,918.1394680995687
EGY,Egypt,1953,23.4661871298014,21000.96875,MENA,894.9459336463467
EGY,Egypt,1954,24.0271708685509,22392.900390625,MENA,931.9824008050406
EGY,Egypt,1955,24.6015655959145,23235.673828125,MENA,944.4794778419985
EGY,Egypt,1956,25.1896899654792,24149.048828125,MENA,958.6878147853217
EGY,Egypt,1957,25.7918744328167,25340.873046875,MENA,982.5138189503643
EGY,Egypt,1958,26.4084553544908,25684.048828125,MENA,972.5691443652491
EGY,Egypt,1959,27.0397769550554,28121.541015625,MENA,1040.0063973296699
EGY,Egypt,1960,27.686187393059,28989.611328125,MENA,1047.078491399389
EGY,Egypt,1961,28.3835883059593,30250.837890625,MENA,1065.7862411382869
EGY,Egypt,1962,29.0543777103584,31729.28515625,MENA,1092.0655562668599
EGY,Egypt,1963,29.721978611891,34058.83203125,MENA,1145.9140212699008
EGY,Egypt,1964,30.4566619944589,38903.0859375,MENA,1277.3259901094148
EGY,Egypt,1965,31.2116349557238,40176.73046875,MENA,1287.235690336117
EGY,Egypt,1966,31.9554235694878,41650.96875,MENA,1303.4084389283407
EGY,Egypt,1967,32.6719594335819,42948.98828125,MENA,1314.5519591060968
EGY,Egypt,1968,33.34918288664,47101.81640625,MENA,1412.382923034658
EGY,Egypt,1969,33.9971983945628,50296.77734375,MENA,1479.4388866993818
EGY,Egypt,1970,34.62399,57289.98828125,MENA,1654.6327641975984
EGY,Egypt,1971,35.433368,58732.5234375,MENA,1657.5484282922243
EGY,Egypt,1972,36.258328,62336.15234375,MENA,1719.2230249489166
EGY,Egypt,1973,37.102043,62575.0,MENA,1686.5648072263837
EGY,Egypt,1974,37.969667,69261.96875,MENA,1824.1394834987623
EGY,Egypt,1975,38.875327,71448.328125,MENA,1837.883656258377
EGY,Egypt,1976,39.795557,72536.125,MENA,1822.7191794300052
EGY,Egypt,1977,40.74887,77282.4296875,MENA,1896.5539335814713
EGY,Egypt,1978,41.761431,80710.7109375,MENA,1932.6615253557761
EGY,Egypt,1979,42.818628,80261.1015625,MENA,1874.4435613980907
EGY,Egypt,1980,43.950413,82512.171875,MENA,1877.3924121031582
EGY,Egypt,1981,45.147224,93603.5625,MENA,2073.296079067896
EGY,Egypt,1982,46.407611,94070.2734375,MENA,2027.0440863137728
EGY,Egypt,1983,47.786402,99903.7109375,MENA,2090.6305299465735
EGY,Egypt,1984,49.247334,109551.515625,MENA,2224.516673836598
EGY,Egypt,1985,50.734968,116029.9453125,MENA,2286.9817383643563
EGY,Egypt,1986,52.206295,117256.375,MENA,2246.0198525867427
EGY,Egypt,1987,53.674435,121003.8671875,MENA,2254.4041159911603
EGY,Egypt,1988,55.187681,117799.4296875,MENA,2134.5240016064454
EGY,Egypt,1989,56.710642,128876.90625,MENA,2272.5347783930924
EGY,Egypt,1990,58.396618,144204.625,MENA,2469.4002827355516
EGY,Egypt,1991,60.028997,169328.65625,MENA,2820.7810343724386
EGY,Egypt,1992,61.48066,182246.5,MENA,2964.289908403716
EGY,Egypt,1993,62.915681,219290.3125,MENA,3485.463544454045
EGY,Egypt,1994,64.285589,246532.515625,MENA,3834.9577169620393
EGY,Egypt,1995,65.652622,280327.03125,MENA,4269.852790494796
EGY,Egypt,1996,67.028048,337376.0,MENA,5033.355588693259
EGY,Egypt,1997,68.43174,350168.96875,MENA,5117.054874682421
EGY,Egypt,1998,69.943294,349683.53125,MENA,4999.5290649308
EGY,Egypt,1999,71.520954,365243.15625,MENA,5106.799278012986
EGY,Egypt,2000,73.083284,381561.5625,MENA,5220.914299636562
EGY,Egypt,2001,74.652029,395184.8125,MENA,5293.691515069202
EGY,Egypt,2002,76.239137,439105.6875,MENA,5759.5836571444925
EGY,Egypt,2003,77.853548,452802.25,MENA,5816.077258290142
EGY,Egypt,2004,79.477443,470366.875,MENA,5918.243683305212
EGY,Egypt,2005,81.101004,484808.84375,MENA,5977.840221928695
EGY,Egypt,2006,82.700403,537129.3125,MENA,6494.88143969504
EGY,Egypt,2007,84.276225,615365.8125,MENA,7301.772385984304
EGY,Egypt,2008,85.864789,699926.9375,MENA,8151.501280693766
EGY,Egypt,2009,87.501636,794371.0,MENA,9078.355974967142
EGY,Egypt,2010,89.196072,898609.0,MENA,10074.535569234484
EGY,Egypt,2011,91.093059,1002060.0625,MENA,11000.399739567425
EGY,Egypt,2012,93.161001,1174419.875,MENA,12606.346672895883
EGY,Egypt,2013,95.333553,1174891.375,MENA,12324.00700517267
EGY,Egypt,2014,97.528654,1149980.0,MENA,11791.20138374923
EGY,Egypt,2015,99.597342,1210753.625,MENA,12156.485310622045
EGY,Egypt,2016,101.644589,1184254.875,MENA,11650.938693844293
EGY,Egypt,2017,103.696057,1198915.125,MENA,11561.819799956329
EGY,Egypt,2018,105.682094,1357322.375,MENA,12843.447017618708
EGY,Egypt,2019,107.553158,1470832.625,MENA,13675.401562825335
EGY,Egypt,2020,109.315124,1625116.75,MENA,14866.348685658537
EGY,Egypt,2021,110.957008,1644345.625,MENA,14819.66443255211
EGY,Egypt,2022,112.61825,1740342.0,MENA,15453.463359624217
EGY,Egypt,2023,114.535772,1824768.75,MENA,15931.867556626763
ESP,Spain,1950,28.0101476903608,119818.046875,Southern Europe,4277.665658872384
ESP,Spain,1951,28.2447517089075,139872.078125,Southern Europe,4952.144014807847
ESP,Spain,1952,28.4961373622851,146051.171875,Southern Europe,5125.297159337113
ESP,Spain,1953,28.7499179443772,140586.546875,Southern Europe,4889.980804362448
ESP,Spain,1954,29.0057203184363,158872.875,Southern Europe,5477.294590716265
ESP,Spain,1955,29.2635654258107,167162.46875,Southern Europe,5712.306970037265
ESP,Spain,1956,29.5234723040895,179597.953125,Southern Europe,6083.225959167501
ESP,Spain,1957,29.7854504720672,187976.75,Southern Europe,6311.02592107125
ESP,Spain,1958,30.0495265823686,195994.125,Southern Europe,6522.369810478096
ESP,Spain,1959,30.3157139613061,192181.84375,Southern Europe,6339.347441900728
ESP,Spain,1960,30.583519535321,213017.28125,Southern Europe,6965.100305214568
ESP,Spain,1961,30.8457318656451,236826.859375,Southern Europe,7677.7837662127085
ESP,Spain,1962,31.0994191635503,259835.9375,Southern Europe,8355.00933742639
ESP,Spain,1963,31.3706819637539,284859.6875,Southern Europe,9080.442938063337
ESP,Spain,1964,31.6811241224169,299845.65625,Southern Europe,9464.489173155174
ESP,Spain,1965,32.024126269794,316904.59375,Southern Europe,9895.807650774621
ESP,Spain,1966,32.3909006547359,343297.0625,Southern Europe,10598.564892014087
ESP,Spain,1967,32.7884473987712,363313.34375,Southern Europe,11080.529045227551
ESP,Spain,1968,33.1767418744822,388774.375,Southern Europe,11718.28073024328
ESP,Spain,1969,33.5029128892965,425610.03125,Southern Europe,12703.6724435377
ESP,Spain,1970,33.812723,444049.90625,Southern Europe,13132.627805515694
ESP,Spain,1971,34.157451,467636.28125,Southern Europe,13690.608273140755
ESP,Spain,1972,34.539867,507860.6875,Southern Europe,14703.60865894475
ESP,Spain,1973,34.926524,546070.0625,Southern Europe,15634.824195502535
ESP,Spain,1974,35.361762,559366.875,Southern Europe,15818.410717203515
ESP,Spain,1975,35.795769,567536.75,Southern Europe,15854.855639503094
ESP,Spain,1976,36.17628,595335.4375,Southern Europe,16456.513425371544
ESP,Spain,1977,36.55127,620996.8125,Southern Europe,16989.746525907307
ESP,Spain,1978,36.904967,647327.375,Southern Europe,17540.386230395492
ESP,Spain,1979,37.230372,659687.625,Southern Europe,17719.07154191207
ESP,Spain,1980,37.537565,669233.1875,Southern Europe,17828.359071772502
ESP,Spain,1981,37.812713,626326.375,Southern Europe,16563.91000032185
ESP,Spain,1982,38.047101,607205.4375,Southern Europe,15959.308897148301
ESP,Spain,1983,38.253244,589859.0625,Southern Europe,15419.844196743157
ESP,Spain,1984,38.437482,581569.6875,Southern Europe,15130.275378080176
ESP,Spain,1985,38.601321,576573.125,Southern Europe,14936.616417868187
ESP,Spain,1986,38.735705,619396.5,Southern Europe,15990.324688811006
ESP,Spain,1987,38.85201,668857.9375,Southern Europe,17215.529840026295
ESP,Spain,1988,38.952264,721466.0,Southern Europe,18521.79888696585
ESP,Spain,1989,39.029558,775516.125,Southern Europe,19869.96944725841
ESP,Spain,1990,39.084979,829095.1875,Southern Europe,21212.629729185734
ESP,Spain,1991,39.201759,874308.6875,Southern Europe,22302.792267561257
ESP,Spain,1992,39.420346,904318.5625,Southern Europe,22940.401449038523
ESP,Spain,1993,39.651621,908459.4375,Southern Europe,22911.02897155201
ESP,Spain,1994,39.858721,950594.3125,Southern Europe,23849.092209958264
ESP,Spain,1995,40.052738,1006666.375,Southern Europe,25133.52208280992
ESP,Spain,1996,40.237372,1042803.0,Southern Europe,25916.280019480397
ESP,Spain,1997,40.423826,1115602.0,Southern Europe,27597.635117467606
ESP,Spain,1998,40.61744,1205898.875,Southern Europe,29689.18954518059
ESP,Spain,1999,40.812857,1255028.375,Southern Europe,30750.809113902513
ESP,Spain,2000,41.019774,1326001.75,Southern Europe,32325.9155450247
ESP,Spain,2001,41.245599,1387129.75,Southern Europe,33630.97599819074
ESP,Spain,2002,41.755704,1453820.875,Southern Europe,34817.30005079066
ESP,Spain,2003,42.506543,1463632.0,Southern Europe,34433.09892314696
ESP,Spain,2004,43.234566,1531256.875,Southern Europe,35417.4221385731
ESP,Spain,2005,43.958885,1590076.25,Southern Europe,36171.89676216765
ESP,Spain,2006,44.695448,1734758.75,Southern Europe,38812.87306931122
ESP,Spain,2007,45.516507,1886432.25,Southern Europe,41445.01356398021
ESP,Spain,2008,46.235054,1921767.5,Southern Europe,41565.1617926087
ESP,Spain,2009,46.63518,1884437.5,Southern Europe,40408.06747180991
ESP,Spain,2010,46.840471,1852193.0,Southern Europe,39542.5784680944
ESP,Spain,2011,46.998043,1819693.25,Southern Europe,38718.48983158724
ESP,Spain,2012,47.018323,1793150.625,Southern Europe,38137.27310095683
ESP,Spain,2013,46.860389,1755652.375,Southern Europe,37465.59540937657
ESP,Spain,2014,46.720188,1763107.0,Southern Europe,37737.583590203016
ESP,Spain,2015,46.683686,1876815.5,Southern Europe,40202.813034086466
ESP,Spain,2016,46.732771,1961830.375,Southern Europe,41979.75709593596
ESP,Spain,2017,46.868596,2039282.375,Southern Europe,43510.63503161051
ESP,Spain,2018,47.092821,2050988.875,Southern Europe,43552.04957885194
ESP,Spain,2019,47.435119,2187129.25,Southern Europe,46107.80569560709
ESP,Spain,2020,47.679489,1917825.75,Southern Europe,40223.28657926682
ESP,Spain,2021,47.735664,2059644.875,Southern Europe,43146.878086790624
ESP,Spain,2022,47.828382,2139254.5,Southern Europe,44727.72045686179
ESP,Spain,2023,47.911579,2239046.75,Southern Europe,46732.894150702065
EST,Estonia,1990,1.570303,19960.51171875,Eastern Europe & FSU,12711.24854168272
EST,Estonia,1991,1.565383,21947.849609375,Eastern Europe & FSU,14020.753776791367
EST,Estonia,1992,1.540212,16391.068359375,Eastern Europe & FSU,10642.085868292806
EST,Estonia,1993,1.504342,15719.853515625,Eastern Europe & FSU,10449.654078411026
EST,Estonia,1994,1.475714,15194.8759765625,Eastern Europe & FSU,10296.626566233363
EST,Estonia,1995,1.452777,16653.755859375,Eastern Europe & FSU,11463.394491635674
EST,Estonia,1996,1.434651,17519.091796875,Eastern Europe & FSU,12211.396218923628
EST,Estonia,1997,1.421496,18812.498046875,Eastern Europe & FSU,13234.295451323816
EST,Estonia,1998,1.411203,19438.462890625,Eastern Europe & FSU,13774.391700290462
EST,Estonia,1999,1.403578,19657.322265625,Eastern Europe & FSU,14005.151310169438
EST,Estonia,2000,1.396997,21151.322265625,Eastern Europe & FSU,15140.56384203044
EST,Estonia,2001,1.388171,22209.64453125,Eastern Europe & FSU,15999.213736095913
EST,Estonia,2002,1.379435,23728.015625,Eastern Europe & FSU,17201.256764544905
EST,Estonia,2003,1.37085,25059.666015625,Eastern Europe & FSU,18280.385173888466
EST,Estonia,2004,1.362676,27153.46484375,Eastern Europe & FSU,19926.574507623234
EST,Estonia,2005,1.354848,29440.619140625,Eastern Europe & FSU,21729.831789709988
EST,Estonia,2006,1.34688,32726.16015625,Eastern Europe & FSU,24297.75492712788
EST,Estonia,2007,1.340705,37252.5625,Eastern Europe & FSU,27785.801127018993
EST,Estonia,2008,1.337074,37467.609375,Eastern Europe & FSU,28022.09105479577
EST,Estonia,2009,1.334528,33700.23828125,Eastern Europe & FSU,25252.55242396563
EST,Estonia,2010,1.331448,35086.98046875,Eastern Europe & FSU,26352.49778342827
EST,Estonia,2011,1.327358,40680.9921875,Eastern Europe & FSU,30648.093571967773
EST,Estonia,2012,1.322616,42815.37109375,Eastern Europe & FSU,32371.732304576686
EST,Estonia,2013,1.317919,42958.07421875,Eastern Europe & FSU,32595.382735016337
EST,Estonia,2014,1.314452,44430.9765625,Eastern Europe & FSU,33801.90114397483
EST,Estonia,2015,1.314576,45383.21484375,Eastern Europe & FSU,34523.081848253736
EST,Estonia,2016,1.315849,47484.8359375,Eastern Europe & FSU,36086.84274373427
EST,Estonia,2017,1.317425,50735.78515625,Eastern Europe & FSU,38511.327139116074
EST,Estonia,2018,1.321965,53256.21875,Eastern Europe & FSU,40285.64958225066
EST,Estonia,2019,1.326822,57401.42578125,Eastern Europe & FSU,43262.340978104075
EST,Estonia,2020,1.329669,56430.09375,Eastern Europe & FSU,42439.20385449311
EST,Estonia,2021,1.331749,59910.9140625,Eastern Europe & FSU,44986.640922951694
EST,Estonia,2022,1.350091,59838.6875,Eastern Europe & FSU,44321.9660748794
EST,Estonia,2023,1.367196,58142.65234375,Eastern Europe & FSU,42526.932746840976
FIN,Finland,1950,4.00889839907523,28791.67578125,Nordic,7181.941998802376
FIN,Finland,1951,4.04729807850488,34263.08203125,Nordic,8465.668049808475
FIN,Finland,1952,4.09049807549094,34649.57421875,Nordic,8470.746979777365
FIN,Finland,1953,4.13939818135447,33419.7890625,Nordic,8073.586448637944
FIN,Finland,1954,4.1868982939384,37362.4296875,Nordic,8923.65351735236
FIN,Finland,1955,4.23489813164394,40964.43359375,Nordic,9673.062331217887
FIN,Finland,1956,4.28169824758808,41730.73828125,Nordic,9746.305290139795
FIN,Finland,1957,4.32399797641615,41524.140625,Nordic,9603.182252045448
FIN,Finland,1958,4.35979794080481,41506.09375,Nordic,9520.187475096163
FIN,Finland,1959,4.39469811387243,44663.90625,Nordic,10163.13409765568
FIN,Finland,1960,4.4295978101031,49216.83984375,Nordic,11110.904861722527
FIN,Finland,1961,4.46100181466733,54237.2109375,Nordic,12158.078653806742
FIN,Finland,1962,4.49144117808557,55207.66796875,Nordic,12291.749080031745
FIN,Finland,1963,4.52330723765249,56488.1328125,Nordic,12488.237001078942
FIN,Finland,1964,4.54854192578233,59378.375,Nordic,13054.375659027737
FIN,Finland,1965,4.56373013625288,63383.40234375,Nordic,13888.507964187364
FIN,Finland,1966,4.58086717933027,65133.53515625,Nordic,14218.60372860071
FIN,Finland,1967,4.60574185556431,66607.140625,Nordic,14461.761582345365
FIN,Finland,1968,4.62646709667607,69402.2421875,Nordic,15001.131692336625
FIN,Finland,1969,4.62378298149527,76807.40625,Nordic,16611.377860377328
FIN,Finland,1970,4.606305,83107.6640625,Nordic,18042.153974280904
FIN,Finland,1971,4.612127,84443.5234375,Nordic,18309.01955594458
FIN,Finland,1972,4.639548,89939.7734375,Nordic,19385.460272746397
FIN,Finland,1973,4.665914,96669.1875,Nordic,20718.16743729096
FIN,Finland,1974,4.690355,99396.421875,Nordic,21191.66286453797
FIN,Finland,1975,4.711168,98879.6171875,Nordic,20988.34454375221
FIN,Finland,1976,4.725337,99185.0859375,Nordic,20990.05551085563
FIN,Finland,1977,4.738584,98269.671875,Nordic,20738.193493035047
FIN,Finland,1978,4.752246,100615.7109375,Nordic,21172.24380587621
FIN,Finland,1979,4.764439,109018.1640625,Nordic,22881.637074690218
FIN,Finland,1980,4.77935,113282.2578125,Nordic,23702.440250766318
FIN,Finland,1981,4.799848,113148.6875,Nordic,23573.38971984113
FIN,Finland,1982,4.826882,114821.5234375,Nordic,23787.92840543854
FIN,Finland,1983,4.855788,116237.4921875,Nordic,23937.92566469129
FIN,Finland,1984,4.881825,119384.34375,Nordic,24454.859350755098
FIN,Finland,1985,4.902261,120921.6796875,Nordic,24666.51198039027
FIN,Finland,1986,4.918255,126404.46875,Nordic,25701.080718669527
FIN,Finland,1987,4.932257,132367.109375,Nordic,26837.026005538642
FIN,Finland,1988,4.946628,143210.03125,Nordic,28951.04124466202
FIN,Finland,1989,4.964526,152329.359375,Nordic,30683.56563647768
FIN,Finland,1990,4.986575,152141.515625,Nordic,30510.223073953563
FIN,Finland,1991,5.01388,139060.953125,Nordic,27735.197716139992
FIN,Finland,1992,5.042148,133837.984375,Nordic,26543.842896916154
FIN,Finland,1993,5.06659,132481.078125,Nordic,26147.97686905789
FIN,Finland,1994,5.088458,141197.359375,Nordic,27748.555529985704
FIN,Finland,1995,5.107922,154445.625,Nordic,30236.48853682574
FIN,Finland,1996,5.124717,156912.625,Nordic,30618.788315530397
FIN,Finland,1997,5.139925,173064.3125,Nordic,33670.591010569224
FIN,Finland,1998,5.153548,189145.546875,Nordic,36702.005467883486
FIN,Finland,1999,5.165516,197938.640625,Nordic,38319.238702387134
FIN,Finland,2000,5.176202,208732.578125,Nordic,40325.431295957926
FIN,Finland,2001,5.187971,211575.703125,Nordic,40781.974904061724
FIN,Finland,2002,5.200546,211923.5625,Nordic,40750.25247349028
FIN,Finland,2003,5.212955,209243.203125,Nordic,40139.07718846604
FIN,Finland,2004,5.228148,220749.25,Nordic,42223.22130130976
FIN,Finland,2005,5.246082,223040.15625,Nordic,42515.56804678234
FIN,Finland,2006,5.266247,231807.046875,Nordic,44017.50371279585
FIN,Finland,2007,5.28871,252168.265625,Nordic,47680.4864749627
FIN,Finland,2008,5.313377,263763.78125,Nordic,49641.45801248434
FIN,Finland,2009,5.338856,251333.984375,Nordic,47076.374484533764
FIN,Finland,2010,5.36335,255766.84375,Nordic,47687.889798353644
FIN,Finland,2011,5.388241,269853.25,Nordic,50081.88200936076
FIN,Finland,2012,5.413971,265590.34375,Nordic,49056.47698334549
FIN,Finland,2013,5.439053,258250.046875,Nordic,47480.70056956606
FIN,Finland,2014,5.461684,255247.5,Nordic,46734.21237845324
FIN,Finland,2015,5.479717,261014.703125,Nordic,47632.88015147498
FIN,Finland,2016,5.495469,269682.5,Nordic,49073.609549976536
FIN,Finland,2017,5.508396,278693.8125,Nordic,50594.36767073391
FIN,Finland,2018,5.515736,283637.03125,Nordic,51423.2427458457
FIN,Finland,2019,5.521759,296801.6875,Nordic,53751.29329259027
FIN,Finland,2020,5.529612,297275.375,Nordic,53760.620998362996
FIN,Finland,2021,5.541075,306502.71875,Nordic,55314.667054678015
FIN,Finland,2022,5.569299,309515.3125,Nordic,55575.27302807768
FIN,Finland,2023,5.601185,300309.875,Nordic,53615.417987443725
FJI,Fiji,1960,0.401039790386835,1364.98132324219,Oceania,3403.6057168431
FJI,Fiji,1961,0.415324766106124,1406.20739746094,Oceania,3385.801936746592
FJI,Fiji,1962,0.43011850987824,1433.09875488281,Oceania,3331.8695242585545
FJI,Fiji,1963,0.444989735645978,1715.46789550781,Oceania,3855.0729558233916
FJI,Fiji,1964,0.459459240055234,1958.71984863281,Oceania,4263.098176885815
FJI,Fiji,1965,0.472506478875818,1572.0283203125,Oceania,3326.9984446618632
FJI,Fiji,1966,0.483268910378415,1630.10815429688,Oceania,3373.0871555971876
FJI,Fiji,1967,0.494484019046028,1740.87524414063,Oceania,3520.5894975113124
FJI,Fiji,1968,0.504679555806533,1934.04455566406,Oceania,3832.2229093929627
FJI,Fiji,1969,0.51589463408905,2031.39123535156,Oceania,3937.608769547535
FJI,Fiji,1970,0.531188,2266.57055664063,Oceania,4266.98373577835
FJI,Fiji,1971,0.541121,2426.001953125,Oceania,4483.2892331382445
FJI,Fiji,1972,0.550499,2618.71264648438,Oceania,4756.979842805128
FJI,Fiji,1973,0.559222,2920.232421875,Oceania,5221.955541582771
FJI,Fiji,1974,0.567489,3182.97900390625,Oceania,5608.88229358851
FJI,Fiji,1975,0.575906,3487.8447265625,Oceania,6056.274333940782
FJI,Fiji,1976,0.585534,3502.38232421875,Oceania,5981.518279414603
FJI,Fiji,1977,0.597805,3720.15551757813,Oceania,6223.025096106807
FJI,Fiji,1978,0.612091,3851.109375,Oceania,6291.726842904078
FJI,Fiji,1979,0.626862,4480.8330078125,Oceania,7148.037379538878
FJI,Fiji,1980,0.641975,4563.7216796875,Oceania,7108.877572627439
FJI,Fiji,1981,0.657471,4177.0380859375,Oceania,6353.189853145614
FJI,Fiji,1982,0.673414,4099.341796875,Oceania,6087.402098671842
FJI,Fiji,1983,0.689835,4036.68823242188,Oceania,5851.672113508129
FJI,Fiji,1984,0.706716,4256.4140625,Oceania,6022.806986823562
FJI,Fiji,1985,0.723761,4404.8447265625,Oceania,6086.048746150318
FJI,Fiji,1986,0.739306,4404.6494140625,Oceania,5957.816403576462
FJI,Fiji,1987,0.75054,4460.4111328125,Oceania,5942.935929880487
FJI,Fiji,1988,0.758697,4574.63818359375,Oceania,6029.598355593538
FJI,Fiji,1989,0.766321,4653.48681640625,Oceania,6072.503319635309
FJI,Fiji,1990,0.773316,5009.02587890625,Oceania,6477.333818136764
FJI,Fiji,1991,0.779656,4882.77783203125,Oceania,6262.733605630239
FJI,Fiji,1992,0.785346,5089.91748046875,Oceania,6481.114668526675
FJI,Fiji,1993,0.790369,5168.1484375,Oceania,6538.905799063476
FJI,Fiji,1994,0.794771,5390.75390625,Oceania,6782.776304432346
FJI,Fiji,1995,0.798746,5515.35400390625,Oceania,6905.016117647225
FJI,Fiji,1996,0.803789,5791.76806640625,Oceania,7205.582642218605
FJI,Fiji,1997,0.812139,5560.91845703125,Oceania,6847.249617406934
FJI,Fiji,1998,0.822258,5500.67724609375,Oceania,6689.7217735719805
FJI,Fiji,1999,0.831828,5829.66357421875,Oceania,7008.256002705788
FJI,Fiji,2000,0.840909,5663.29931640625,Oceania,6734.735050292303
FJI,Fiji,2001,0.849596,5674.30322265625,Oceania,6678.82525654105
FJI,Fiji,2002,0.858049,5775.49462890625,Oceania,6730.9613191161
FJI,Fiji,2003,0.866286,5730.58154296875,Oceania,6615.115034721501
FJI,Fiji,2004,0.874366,5908.51806640625,Oceania,6757.4883588866105
FJI,Fiji,2005,0.882379,5868.1162109375,Oceania,6650.335299159998
FJI,Fiji,2006,0.890365,6250.55859375,Oceania,7020.220464360123
FJI,Fiji,2007,0.897832,6454.44287109375,Oceania,7188.920500821702
FJI,Fiji,2008,0.903399,6816.01123046875,Oceania,7544.851422758659
FJI,Fiji,2009,0.907239,7099.41845703125,Oceania,7825.301223857495
FJI,Fiji,2010,0.910419,7722.458984375,Oceania,8482.313071646133
FJI,Fiji,2011,0.912989,8443.548828125,Oceania,9248.248147704955
FJI,Fiji,2012,0.914918,9059.0634765625,Oceania,9901.503169204781
FJI,Fiji,2013,0.916352,9520.490234375,Oceania,10389.555797744753
FJI,Fiji,2014,0.917585,11094.08203125,Oceania,12090.522437975773
FJI,Fiji,2015,0.918578,12203.0224609375,Oceania,13284.688356282755
FJI,Fiji,2016,0.919166,12251.896484375,Oceania,13329.362143916333
FJI,Fiji,2017,0.918759,12738.455078125,Oceania,13864.8493001157
FJI,Fiji,2018,0.91718,12828.4228515625,Oceania,13986.810496917182
FJI,Fiji,2019,0.914899,12653.3095703125,Oceania,13830.280249855448
FJI,Fiji,2020,0.914963,10480.625,Oceania,11454.698168122646
FJI,Fiji,2021,0.916711,9568.5703125,Oceania,10437.935524391001
FJI,Fiji,2022,0.919422,11447.31640625,Oceania,12450.557422217436
FJI,Fiji,2023,0.924145,12670.822265625,Oceania,13710.859514064352
FRA,France,1950,42.5903941539223,358704.78125,Western Europe,8422.199145507688
FRA,France,1951,42.9351446594794,374942.90625,Western Europe,8732.77379693697
FRA,France,1952,43.2574149253536,387427.625,Western Europe,8956.32865876423
FRA,France,1953,43.56940610832,406084.28125,Western Europe,9320.399737384858
FRA,France,1954,43.8965102180152,428467.78125,Western Europe,9760.862062200018
FRA,France,1955,44.2934700580594,452064.125,Western Europe,10206.11219684164
FRA,France,1956,44.7336899343862,475212.9375,Western Europe,10623.155348843917
FRA,France,1957,45.2294627130605,501723.09375,Western Europe,11092.837802053351
FRA,France,1958,45.7318729515901,517120.375,Western Europe,11307.657911745766
FRA,France,1959,46.2075193623552,535094.5625,Western Europe,11580.248623689073
FRA,France,1960,46.6636546216973,579026.625,Western Europe,12408.514285779254
FRA,France,1961,47.2085950434109,607742.125,Western Europe,12873.548226570769
FRA,France,1962,48.1709044433883,647667.125,Western Europe,13445.193368979717
FRA,France,1963,48.8824347901769,688960.75,Western Europe,14094.239637556866
FRA,France,1964,49.4413417724958,736215.1875,Western Europe,14890.679765280081
FRA,France,1965,49.886983960587,771066.9375,Western Europe,15456.274889441665
FRA,France,1966,50.3409029120902,812159.8125,Western Europe,16133.199158510652
FRA,France,1967,50.7370182624235,853268.5625,Western Europe,16817.475518303014
FRA,France,1968,51.1216814151824,890594.6875,Western Europe,17421.075810614988
FRA,France,1969,51.55829023822,954881.5625,Western Europe,18520.427230772468
FRA,France,1970,52.007169,1010720.1875,Western Europe,19434.24737270356
FRA,France,1971,52.499553,1071620.5,Western Europe,20411.992841158095
FRA,France,1972,52.962356,1131958.75,Western Europe,21372.892663611867
FRA,France,1973,53.392161,1219119.0,Western Europe,22833.29569672222
FRA,France,1974,53.746571,1249451.375,Western Europe,23247.09003296229
FRA,France,1975,54.002853,1253032.875,Western Europe,23203.08660359111
FRA,France,1976,54.232383,1313959.875,Western Europe,24228.326367292397
FRA,France,1977,54.486467,1365644.5,Western Europe,25063.92091819791
FRA,France,1978,54.73403,1439182.625,Western Europe,26294.110355111803
FRA,France,1979,54.979851,1499104.125,Western Europe,27266.427568164927
FRA,France,1980,55.274184,1512517.625,Western Europe,27363.90690091418
FRA,France,1981,55.603353,1467545.375,Western Europe,26393.109332813077
FRA,France,1982,55.951076,1465335.0,Western Europe,26189.57676524398
FRA,France,1983,56.284239,1451067.375,Western Europe,25781.0605736359
FRA,France,1984,56.600527,1432806.75,Western Europe,25314.37118951207
FRA,France,1985,56.921294,1422995.25,Western Europe,24999.348222828525
FRA,France,1986,57.237984,1493138.125,Western Europe,26086.490485059712
FRA,France,1987,57.565186,1536555.75,Western Europe,26692.44827941666
FRA,France,1988,57.910872,1624697.5,Western Europe,28055.1379022578
FRA,France,1989,58.26677,1697365.75,Western Europe,29130.939470301855
FRA,France,1990,58.604902,1752421.75,Western Europe,29902.30663639707
FRA,France,1991,58.919182,1770983.5,Western Europe,30057.842622458676
FRA,France,1992,59.235822,1801769.5,Western Europe,30416.89030667963
FRA,France,1993,59.515843,1795924.75,Western Europe,30175.57442645986
FRA,France,1994,59.747877,1844189.875,Western Europe,30866.199229137463
FRA,France,1995,59.973548,1889151.0,Western Europe,31499.737184133246
FRA,France,1996,60.195176,1921456.75,Western Europe,31920.444090071273
FRA,France,1997,60.416198,2038836.75,Western Europe,33746.52522821777
FRA,France,1998,60.657507,2174188.25,Western Europe,35843.679661941926
FRA,France,1999,60.987091,2257527.5,Western Europe,37016.48107793828
FRA,France,2000,61.404918,2387058.5,Western Europe,38874.060543489366
FRA,France,2001,61.843576,2474442.0,Western Europe,40011.30206312778
FRA,France,2002,62.281563,2516460.75,Western Europe,40404.58570379809
FRA,France,2003,62.710292,2397495.25,Western Europe,38231.28825488486
FRA,France,2004,63.156878,2467092.75,Western Europe,39062.93072307976
FRA,France,2005,63.617228,2519720.25,Western Europe,39607.51402120193
FRA,France,2006,64.060149,2614524.25,Western Europe,40813.58365245139
FRA,France,2007,64.470141,2775842.0,Western Europe,43056.242113694156
FRA,France,2008,64.842856,2820596.75,Western Europe,43498.959237699215
FRA,France,2009,65.186042,2796821.75,Western Europe,42905.22425030806
FRA,France,2010,65.510017,2870613.25,Western Europe,43819.4551224128
FRA,France,2011,65.836675,2977157.75,Western Europe,45220.35400481571
FRA,France,2012,66.16917,3002521.5,Western Europe,45376.44192907362
FRA,France,2013,66.513021,2978669.0,Western Europe,44783.24627594348
FRA,France,2014,66.841142,2989263.75,Western Europe,44721.913189334795
FRA,France,2015,67.080971,3062349.5,Western Europe,45651.53804944177
FRA,France,2016,67.260373,3121818.5,Western Europe,46413.93380319196
FRA,France,2017,67.469032,3189251.0,Western Europe,47269.84966969735
FRA,France,2018,67.706406,3241286.25,Western Europe,47872.66732190747
FRA,France,2019,67.917133,3547725.5,Western Europe,52236.09041329821
FRA,France,2020,68.104157,3354157.5,Western Europe,49250.40772474432
FRA,France,2021,68.291492,3491557.75,Western Europe,51127.27292588657
FRA,France,2022,68.48668,3534123.75,Western Europe,51603.08179634346
FRA,France,2023,68.655641,3569986.75,Western Europe,51998.447585683454
GBR,United Kingdom,1950,50.1556530972022,557527.875,Western Europe,11115.952850210224
GBR,United Kingdom,1951,50.3187482885271,565491.3125,Western Europe,11238.183216670646
GBR,United Kingdom,1952,50.4588277063044,572660.0625,Western Europe,11349.0560231238
GBR,United Kingdom,1953,50.6219190807514,606508.6875,Western Europe,11981.147663179374
GBR,United Kingdom,1954,50.7940182869683,629196.75,Western Europe,12387.221393772395
GBR,United Kingdom,1955,50.9751215080773,653489.5625,Western Europe,12819.774493258457
GBR,United Kingdom,1956,51.2132565182987,671433.9375,Western Europe,13110.549555857555
GBR,United Kingdom,1957,51.4593993382884,684438.625,Western Europe,13300.556046147685
GBR,United Kingdom,1958,51.6815263627289,692320.4375,Western Europe,13395.897649015255
GBR,United Kingdom,1959,51.9857009938327,716279.0,Western Europe,13778.384946371607
GBR,United Kingdom,1960,52.4019391591583,748998.875,Western Europe,14293.342708656179
GBR,United Kingdom,1961,52.8371853762696,769423.125,Western Europe,14562.152005651036
GBR,United Kingdom,1962,53.3224632284823,781562.4375,Western Europe,14657.283069446179
GBR,United Kingdom,1963,53.6556537651431,810494.6875,Western Europe,15105.485268106646
GBR,United Kingdom,1964,54.0218641122451,858418.6875,Western Europe,15890.208559193774
GBR,United Kingdom,1965,54.3810666715804,882906.5,Western Europe,16235.54950350777
GBR,United Kingdom,1966,54.674237243789,904063.875,Western Europe,16535.4638779657
GBR,United Kingdom,1967,54.9904159557895,926286.25,Western Europe,16844.50342664627
GBR,United Kingdom,1968,55.2455627906712,959480.6875,Western Europe,17367.56110414751
GBR,United Kingdom,1969,55.4927018157847,979589.9375,Western Europe,17652.590438863066
GBR,United Kingdom,1970,55.663801,1007798.25,Western Europe,18105.092212441617
GBR,United Kingdom,1971,55.890372,1027146.4375,Western Europe,18377.877991221816
GBR,United Kingdom,1972,56.079239,1063448.125,Western Europe,18963.312340953842
GBR,United Kingdom,1973,56.188791,1115246.375,Western Europe,19848.20023979516
GBR,United Kingdom,1974,56.22455,1045917.6875,Western Europe,18602.508823992364
GBR,United Kingdom,1975,56.220143,1045515.75,Western Europe,18596.817692192635
GBR,United Kingdom,1976,56.201138,1092530.375,Western Europe,19439.6486241969
GBR,United Kingdom,1977,56.175829,1147327.625,Western Europe,20423.86637498487
GBR,United Kingdom,1978,56.175556,1236602.5,Western Europe,22013.177760091952
GBR,United Kingdom,1979,56.218763,1312295.25,Western Europe,23342.65608085329
GBR,United Kingdom,1980,56.282103,1342998.25,Western Europe,23861.905977464987
GBR,United Kingdom,1981,56.304592,1316130.875,Western Europe,23375.196023088134
GBR,United Kingdom,1982,56.292755,1317350.875,Western Europe,23401.78367535929
GBR,United Kingdom,1983,56.332058,1348269.5,Western Europe,23934.319956852985
GBR,United Kingdom,1984,56.451313,1360356.75,Western Europe,24097.876164545545
GBR,United Kingdom,1985,56.606414,1398120.125,Western Europe,24698.970067243616
GBR,United Kingdom,1986,56.751923,1441136.0,Western Europe,25393.606486250697
GBR,United Kingdom,1987,56.886024,1524245.0,Western Europe,26794.71850590226
GBR,United Kingdom,1988,57.026546,1620371.75,Western Europe,28414.341454241327
GBR,United Kingdom,1989,57.182136,1679416.0,Western Europe,29369.591929899227
GBR,United Kingdom,1990,57.367862,1719683.625,Western Europe,29976.428701491437
GBR,United Kingdom,1991,57.555192,1701407.25,Western Europe,29561.31655333545
GBR,United Kingdom,1992,57.719272,1721071.25,Western Europe,29817.965306284532
GBR,United Kingdom,1993,57.861037,1787172.875,Western Europe,30887.32880815807
GBR,United Kingdom,1994,58.003203,1859115.125,Western Europe,32051.939011023238
GBR,United Kingdom,1995,58.154635,2064254.0,Western Europe,35495.94972094658
GBR,United Kingdom,1996,58.298565,2176894.75,Western Europe,37340.45169036322
GBR,United Kingdom,1997,58.447089,2326853.75,Western Europe,39811.28555435841
GBR,United Kingdom,1998,58.626819,2430664.0,Western Europe,41459.933209065974
GBR,United Kingdom,1999,58.838657,2532114.75,Western Europe,43034.88351204209
GBR,United Kingdom,2000,59.057338,2676896.0,Western Europe,45327.06841612129
GBR,United Kingdom,2001,59.28809,2763034.75,Western Europe,46603.53791123985
GBR,United Kingdom,2002,59.540763,2766567.5,Western Europe,46465.09988459503
GBR,United Kingdom,2003,59.820385,2785531.5,Western Europe,46564.92097133778
GBR,United Kingdom,2004,60.169967,2889667.5,Western Europe,48025.08035279461
GBR,United Kingdom,2005,60.596108,2920621.0,Western Europe,48198.16150568614
GBR,United Kingdom,2006,61.051094,3009524.0,Western Europe,49295.16905954216
GBR,United Kingdom,2007,61.535855,3051907.5,Western Europe,49595.59755852909
GBR,United Kingdom,2008,62.027306,3020880.75,Western Europe,48702.43357014409
GBR,United Kingdom,2009,62.506226,2885490.0,Western Europe,46163.241402544445
GBR,United Kingdom,2010,63.006483,2833145.0,Western Europe,44965.92834740513
GBR,United Kingdom,2011,63.509285,2847354.0,Western Europe,44833.66487278199
GBR,United Kingdom,2012,63.960484,2931476.0,Western Europe,45832.611272922826
GBR,United Kingdom,2013,64.389388,2972857.25,Western Europe,46169.9876693967
GBR,United Kingdom,2014,64.865916,3035732.75,Western Europe,46800.12149986443
GBR,United Kingdom,2015,65.38211,3193091.75,Western Europe,48837.392216311164
GBR,United Kingdom,2016,65.893358,3268272.0,Western Europe,49599.41486059945
GBR,United Kingdom,2017,66.354471,3363929.75,Western Europe,50696.35398042733
GBR,United Kingdom,2018,66.752475,3344201.25,Western Europe,50098.535672272825
GBR,United Kingdom,2019,67.110958,3504372.25,Western Europe,52217.586433500175
GBR,United Kingdom,2020,67.351861,3305258.0,Western Europe,49074.486598076335
GBR,United Kingdom,2021,67.668792,3464994.75,Western Europe,51205.210667865926
GBR,United Kingdom,2022,68.179315,3576412.25,Western Europe,52455.97216692482
GBR,United Kingdom,2023,68.682962,3606369.25,Western Europe,52507.47994822937
GEO,Georgia,1990,5.448868,72321.1328125,Eastern Europe & FSU,13272.689448982797
GEO,Georgia,1991,5.37951,61518.359375,Eastern Europe & FSU,11435.68082873719
GEO,Georgia,1992,5.294187,26695.666015625,Eastern Europe & FSU,5042.4486357631495
GEO,Georgia,1993,5.17878,15610.84375,Eastern Europe & FSU,3014.38635161177
GEO,Georgia,1994,5.046271,13967.57421875,Eastern Europe & FSU,2767.900142253557
GEO,Georgia,1995,4.925743,14335.685546875,Eastern Europe & FSU,2910.3600303294347
GEO,Georgia,1996,4.812775,16131.931640625,Eastern Europe & FSU,3351.8981545210404
GEO,Georgia,1997,4.695356,17410.44921875,Eastern Europe & FSU,3708.0147317370606
GEO,Georgia,1998,4.576451,17082.00390625,Eastern Europe & FSU,3732.5875238804047
GEO,Georgia,1999,4.455583,17262.484375,Eastern Europe & FSU,3874.3491873005173
GEO,Georgia,2000,4.328358,17371.82421875,Eastern Europe & FSU,4013.490616707306
GEO,Georgia,2001,4.209636,18278.7578125,Eastern Europe & FSU,4342.1231224029825
GEO,Georgia,2002,4.127846,19678.021484375,Eastern Europe & FSU,4767.140412790352
GEO,Georgia,2003,4.085483,21557.833984375,Eastern Europe & FSU,5276.691638265292
GEO,Georgia,2004,4.056073,23096.3125,Eastern Europe & FSU,5694.254639894302
GEO,Georgia,2005,4.026131,25398.140625,Eastern Europe & FSU,6308.324449701214
GEO,Georgia,2006,3.996591,28730.236328125,Eastern Europe & FSU,7188.685639367401
GEO,Georgia,2007,3.96759,32731.33203125,Eastern Europe & FSU,8249.676007664602
GEO,Georgia,2008,3.941195,35069.3671875,Eastern Europe & FSU,8898.155809976415
GEO,Georgia,2009,3.918941,35848.95703125,Eastern Europe & FSU,9147.613355559577
GEO,Georgia,2010,3.895925,37697.671875,Eastern Europe & FSU,9676.180079185302
GEO,Georgia,2011,3.868724,40828.6640625,Eastern Europe & FSU,10553.522055980215
GEO,Georgia,2012,3.839208,42996.44140625,Eastern Europe & FSU,11199.299805129078
GEO,Georgia,2013,3.809125,44616.65234375,Eastern Europe & FSU,11713.097455124209
GEO,Georgia,2014,3.792916,46769.95703125,Eastern Europe & FSU,12330.870768361336
GEO,Georgia,2015,3.791573,49344.7578125,Eastern Europe & FSU,13014.323557135785
GEO,Georgia,2016,3.792057,52185.59765625,Eastern Europe & FSU,13761.817835610067
GEO,Georgia,2017,3.792859,56878.875,Eastern Europe & FSU,14996.306216497898
GEO,Georgia,2018,3.794877,59495.94140625,Eastern Europe & FSU,15677.963055521957
GEO,Georgia,2019,3.796722,64653.0390625,Eastern Europe & FSU,17028.64709675873
GEO,Georgia,2020,3.795678,62462.86328125,Eastern Europe & FSU,16456.312490482596
GEO,Georgia,2021,3.788451,66424.8515625,Eastern Europe & FSU,17533.51213002359
GEO,Georgia,2022,3.794784,73009.109375,Eastern Europe & FSU,19239.332034445175
GEO,Georgia,2023,3.807492,80443.265625,Eastern Europe & FSU,21127.625645700635
GHA,Ghana,1955,6.1427991785154,25541.6015625,Sub-Saharan Africa,4157.974372958897
GHA,Ghana,1956,6.31348971275186,25581.923828125,Sub-Saharan Africa,4051.946703335105
GHA,Ghana,1957,6.49081755307314,24916.79296875,Sub-Saharan Africa,3838.775742040832
GHA,Ghana,1958,6.67507422569132,27436.802734375,Sub-Saharan Africa,4110.336725361798
GHA,Ghana,1959,6.86657159585658,30920.673828125,Sub-Saharan Africa,4503.073097902762
GHA,Ghana,1960,7.06664235482423,33167.4921875,Sub-Saharan Africa,4693.5291928078595
GHA,Ghana,1961,7.26490778203322,31905.701171875,Sub-Saharan Africa,4391.7558390459835
GHA,Ghana,1962,7.46978920776335,32470.87109375,Sub-Saharan Africa,4346.959491173196
GHA,Ghana,1963,7.68162852155904,35357.56640625,Sub-Saharan Africa,4602.873766547869
GHA,Ghana,1964,7.90299715894564,38345.30078125,Sub-Saharan Africa,4851.994757184722
GHA,Ghana,1965,8.13433289350411,37041.50390625,Sub-Saharan Africa,4553.723629362463
GHA,Ghana,1966,8.37388511517341,37109.21484375,Sub-Saharan Africa,4431.540955405325
GHA,Ghana,1967,8.62242912871363,35002.67578125,Sub-Saharan Africa,4059.4912708168595
GHA,Ghana,1968,8.88047437860173,35945.03125,Sub-Saharan Africa,4047.6476500639037
GHA,Ghana,1969,9.14934387083682,38872.3515625,Sub-Saharan Africa,4248.649095636696
GHA,Ghana,1970,8.925813,43005.44921875,Sub-Saharan Africa,4818.09883522655
GHA,Ghana,1971,9.176264,43918.40625,Sub-Saharan Africa,4786.0879166074565
GHA,Ghana,1972,9.438187,38164.6796875,Sub-Saharan Africa,4043.645213588161
GHA,Ghana,1973,9.714617,43239.34375,Sub-Saharan Africa,4450.957124712173
GHA,Ghana,1974,10.000523,47826.64453125,Sub-Saharan Africa,4782.414332855392
GHA,Ghana,1975,10.294308,42947.6640625,Sub-Saharan Africa,4171.981648742199
GHA,Ghana,1976,10.594913,38724.0703125,Sub-Saharan Africa,3654.9682203619795
GHA,Ghana,1977,10.911871,44963.0625,Sub-Saharan Africa,4120.563971109996
GHA,Ghana,1978,11.24845,45125.80078125,Sub-Saharan Africa,4011.735019602701
GHA,Ghana,1979,11.597255,42484.3125,Sub-Saharan Africa,3663.307610292263
GHA,Ghana,1980,11.941448,42906.5859375,Sub-Saharan Africa,3593.080666389872
GHA,Ghana,1981,12.281712,40373.203125,Sub-Saharan Africa,3287.2618349135687
GHA,Ghana,1982,12.643819,34283.05859375,Sub-Saharan Africa,2711.4480675300715
GHA,Ghana,1983,13.029836,34094.125,Sub-Saharan Africa,2616.619656609646
GHA,Ghana,1984,13.37059,37081.2734375,Sub-Saharan Africa,2773.346085513055
GHA,Ghana,1985,13.661229,39952.38671875,Sub-Saharan Africa,2924.5089675862982
GHA,Ghana,1986,13.965217,41007.8046875,Sub-Saharan Africa,2936.424452802989
GHA,Ghana,1987,14.289108,42023.75390625,Sub-Saharan Africa,2940.9641180016274
GHA,Ghana,1988,14.636568,46092.0390625,Sub-Saharan Africa,3149.1015559453554
GHA,Ghana,1989,15.006813,45817.203125,Sub-Saharan Africa,3053.093493268691
GHA,Ghana,1990,15.394648,47618.24609375,Sub-Saharan Africa,3093.168878804504
GHA,Ghana,1991,15.787496,51994.31640625,Sub-Saharan Africa,3293.3858799552504
GHA,Ghana,1992,16.184855,49499.68359375,Sub-Saharan Africa,3058.3952462811685
GHA,Ghana,1993,16.589519,47549.0390625,Sub-Saharan Africa,2866.20962684331
GHA,Ghana,1994,16.99319,50435.4140625,Sub-Saharan Africa,2967.9779995692393
GHA,Ghana,1995,17.399017,52278.828125,Sub-Saharan Africa,3004.7001002987695
GHA,Ghana,1996,17.810181,53799.26171875,Sub-Saharan Africa,3020.702693518387
GHA,Ghana,1997,18.238958,56438.12890625,Sub-Saharan Africa,3094.3724365311878
GHA,Ghana,1998,18.688036,57133.2265625,Sub-Saharan Africa,3057.2087169834217
GHA,Ghana,1999,19.149864,60243.84765625,Sub-Saharan Africa,3145.9151697500306
GHA,Ghana,2000,19.637087,68437.171875,Sub-Saharan Africa,3485.09796157648
GHA,Ghana,2001,20.167069,63920.546875,Sub-Saharan Africa,3169.5506607826846
GHA,Ghana,2002,20.729388,65687.9453125,Sub-Saharan Africa,3168.831868673595
GHA,Ghana,2003,21.296705,71433.8046875,Sub-Saharan Africa,3354.2186308867967
GHA,Ghana,2004,21.868298,75610.0,Sub-Saharan Africa,3457.5164468675157
GHA,Ghana,2005,22.449438,77223.1484375,Sub-Saharan Africa,3439.870006434014
GHA,Ghana,2006,23.040702,81418.515625,Sub-Saharan Africa,3533.682073792717
GHA,Ghana,2007,23.642279,96344.9609375,Sub-Saharan Africa,4075.113102992313
GHA,Ghana,2008,24.249946,106086.265625,Sub-Saharan Africa,4374.701107581847
GHA,Ghana,2009,24.862664,105146.640625,Sub-Saharan Africa,4229.097920681388
GHA,Ghana,2010,25.474995,116329.28125,Sub-Saharan Africa,4566.410366321956
GHA,Ghana,2011,26.095088,137813.890625,Sub-Saharan Africa,5281.219615929251
GHA,Ghana,2012,26.734268,151976.03125,Sub-Saharan Africa,5684.690197988589
GHA,Ghana,2013,27.386193,161783.765625,Sub-Saharan Africa,5907.493809928237
GHA,Ghana,2014,28.041592,171536.25,Sub-Saharan Africa,6117.207967365048
GHA,Ghana,2015,28.696068,162492.0625,Sub-Saharan Africa,5662.520122965976
GHA,Ghana,2016,29.356742,163269.3125,Sub-Saharan Africa,5561.561037665556
GHA,Ghana,2017,30.008354,172921.890625,Sub-Saharan Africa,5762.458368259719
GHA,Ghana,2018,30.637585,182996.8125,Sub-Saharan Africa,5972.951605030226
GHA,Ghana,2019,31.258945,198339.96875,Sub-Saharan Africa,6345.062789227211
GHA,Ghana,2020,31.887809,196101.234375,Sub-Saharan Africa,6149.7243154899725
GHA,Ghana,2021,32.518665,205450.015625,Sub-Saharan Africa,6317.9105176980665
GHA,Ghana,2022,33.149152,217843.65625,Sub-Saharan Africa,6571.620783843882
GHA,Ghana,2023,33.787914,225386.609375,Sub-Saharan Africa,6670.6281238610945
GNB,Guinea-Bissau,1960,0.581256770501439,782.041137695313,Sub-Saharan Africa,1345.431446795297
GNB,Guinea-Bissau,1961,0.586335277728894,796.12353515625,Sub-Saharan Africa,1357.7957277957894
GNB,Guinea-Bissau,1962,0.59175497012375,792.21142578125,Sub-Saharan Africa,1338.749086662643
GNB,Guinea-Bissau,1963,0.597522477004259,875.770690917969,Sub-Saharan Africa,1465.6698695398645
GNB,Guinea-Bissau,1964,0.575226281936654,904.247375488281,Sub-Saharan Africa,1571.9855018513565
GNB,Guinea-Bissau,1965,0.569095904152762,931.302062988281,Sub-Saharan Africa,1636.458909987678
GNB,Guinea-Bissau,1966,0.563752561279148,845.563537597656,Sub-Saharan Africa,1499.8841613758389
GNB,Guinea-Bissau,1967,0.56674614791589,957.412658691406,Sub-Saharan Africa,1689.3148056005743
GNB,Guinea-Bissau,1968,0.576051969143189,996.144653320313,Sub-Saharan Africa,1729.2617796306877
GNB,Guinea-Bissau,1969,0.580377374580918,1108.78930664063,Sub-Saharan Africa,1910.4626665387682
GNB,Guinea-Bissau,1970,0.584403,1208.44958496094,Sub-Saharan Africa,2067.836039446991
GNB,Guinea-Bissau,1971,0.586221,1171.74621582031,Sub-Saharan Africa,1998.8131026017663
GNB,Guinea-Bissau,1972,0.58662,1245.61401367188,Sub-Saharan Africa,2123.374609921039
GNB,Guinea-Bissau,1973,0.592808,1273.27490234375,Sub-Saharan Africa,2147.8706467249935
GNB,Guinea-Bissau,1974,0.613338,1330.46301269531,Sub-Saharan Africa,2169.216667963358
GNB,Guinea-Bissau,1975,0.650966,1438.72814941406,Sub-Saharan Africa,2210.143309195964
GNB,Guinea-Bissau,1976,0.694191,1554.27587890625,Sub-Saharan Africa,2238.9744017226526
GNB,Guinea-Bissau,1977,0.741789,1309.17492675781,Sub-Saharan Africa,1764.8885690645318
GNB,Guinea-Bissau,1978,0.791694,1536.51745605469,Sub-Saharan Africa,1940.7971464412892
GNB,Guinea-Bissau,1979,0.819867,1572.20092773438,Sub-Saharan Africa,1917.6292346616951
GNB,Guinea-Bissau,1980,0.829303,1470.57666015625,Sub-Saharan Africa,1773.268226638816
GNB,Guinea-Bissau,1981,0.842432,1340.16528320313,Sub-Saharan Africa,1590.829032139247
GNB,Guinea-Bissau,1982,0.855891,1385.04418945313,Sub-Saharan Africa,1618.248339395005
GNB,Guinea-Bissau,1983,0.869592,1355.25988769531,Sub-Saharan Africa,1558.5008690228406
GNB,Guinea-Bissau,1984,0.883519,1373.52172851563,Sub-Saharan Africa,1554.6034986408101
GNB,Guinea-Bissau,1985,0.897697,1195.46704101563,Sub-Saharan Africa,1331.7043958213408
GNB,Guinea-Bissau,1986,0.912126,1482.91345214844,Sub-Saharan Africa,1625.7769783433869
GNB,Guinea-Bissau,1987,0.926862,1517.30932617188,Sub-Saharan Africa,1637.0390912259647
GNB,Guinea-Bissau,1988,0.942061,1593.22106933594,Sub-Saharan Africa,1691.2079677812158
GNB,Guinea-Bissau,1989,0.957789,1656.16625976563,Sub-Saharan Africa,1729.1556488596445
GNB,Guinea-Bissau,1990,0.973669,1734.93591308594,Sub-Saharan Africa,1781.8539083466146
GNB,Guinea-Bissau,1991,0.994639,1802.92883300781,Sub-Saharan Africa,1812.6464305218374
GNB,Guinea-Bissau,1992,1.024356,1576.85498046875,Sub-Saharan Africa,1539.3622729488088
GNB,Guinea-Bissau,1993,1.058745,1765.58203125,Sub-Saharan Africa,1667.6178222801523
GNB,Guinea-Bissau,1994,1.092031,1959.28173828125,Sub-Saharan Africa,1794.1631128431793
GNB,Guinea-Bissau,1995,1.119949,2000.44030761719,Sub-Saharan Africa,1786.1887528960604
GNB,Guinea-Bissau,1996,1.143535,2054.82934570313,Sub-Saharan Africa,1796.9098853145117
GNB,Guinea-Bissau,1997,1.165545,2365.55688476563,Sub-Saharan Africa,2029.5714749457377
GNB,Guinea-Bissau,1998,1.187473,2020.81481933594,Sub-Saharan Africa,1701.7774882763144
GNB,Guinea-Bissau,1999,1.210206,2384.65356445313,Sub-Saharan Africa,1970.4526043112744
GNB,Guinea-Bissau,2000,1.234741,2324.916015625,Sub-Saharan Africa,1882.9179687278545
GNB,Guinea-Bissau,2001,1.261273,2344.23071289063,Sub-Saharan Africa,1858.6227667528203
GNB,Guinea-Bissau,2002,1.289307,2300.439453125,Sub-Saharan Africa,1784.2449107349917
GNB,Guinea-Bissau,2003,1.318806,2286.5634765625,Sub-Saharan Africa,1733.8133710056672
GNB,Guinea-Bissau,2004,1.349563,2363.41088867188,Sub-Saharan Africa,1751.241615746638
GNB,Guinea-Bissau,2005,1.381585,2355.26416015625,Sub-Saharan Africa,1704.7551617571485
GNB,Guinea-Bissau,2006,1.415303,2269.69165039063,Sub-Saharan Africa,1603.6789651337065
GNB,Guinea-Bissau,2007,1.450986,2319.146484375,Sub-Saharan Africa,1598.3245078691316
GNB,Guinea-Bissau,2008,1.488054,2349.00610351563,Sub-Saharan Africa,1578.575847056377
GNB,Guinea-Bissau,2009,1.526377,2299.01806640625,Sub-Saharan Africa,1506.1928123957907
GNB,Guinea-Bissau,2010,1.566347,2409.87841796875,Sub-Saharan Africa,1538.5341932335236
GNB,Guinea-Bissau,2011,1.608076,2726.48193359375,Sub-Saharan Africa,1695.4932065361027
GNB,Guinea-Bissau,2012,1.651417,2663.72094726563,Sub-Saharan Africa,1612.99111445845
GNB,Guinea-Bissau,2013,1.695973,2701.5791015625,Sub-Saharan Africa,1592.9375653754512
GNB,Guinea-Bissau,2014,1.741122,2783.44775390625,Sub-Saharan Africa,1598.6517624303465
GNB,Guinea-Bissau,2015,1.786457,3304.78979492188,Sub-Saharan Africa,1849.9128693956138
GNB,Guinea-Bissau,2016,1.831893,3628.373046875,Sub-Saharan Africa,1980.6686563434655
GNB,Guinea-Bissau,2017,1.877072,3944.2294921875,Sub-Saharan Africa,2101.2670223558284
GNB,Guinea-Bissau,2018,1.922168,3876.01879882813,Sub-Saharan Africa,2016.4828458428867
GNB,Guinea-Bissau,2019,1.967696,3977.46313476563,Sub-Saharan Africa,2021.3809118713614
GNB,Guinea-Bissau,2020,2.013255,3933.34545898438,Sub-Saharan Africa,1953.7244208927234
GNB,Guinea-Bissau,2021,2.058841,4163.86376953125,Sub-Saharan Africa,2022.4309548582187
GNB,Guinea-Bissau,2022,2.105529,4439.8330078125,Sub-Saharan Africa,2108.65440837552
GNB,Guinea-Bissau,2023,2.153339,4595.5771484375,Sub-Saharan Africa,2134.163338163429
GRC,Greece,1951,7.60724316773683,30706.484375,Southern Europe,4036.479930762518
GRC,Greece,1952,7.6936466598468,30123.673828125,Southern Europe,3915.396061186522
GRC,Greece,1953,7.77706193670426,33659.0625,Southern Europe,4327.992084149961
GRC,Greece,1954,7.85298841121593,34512.5546875,Southern Europe,4394.830716699886
GRC,Greece,1955,7.92474495207629,37034.83984375,Southern Europe,4673.316310835573
GRC,Greece,1956,7.98988415454052,40238.19921875,Southern Europe,5036.143007891209
GRC,Greece,1957,8.054755798122,43179.9609375,Southern Europe,5360.803234725948
GRC,Greece,1958,8.13127289463548,45433.046875,Southern Europe,5587.445835814214
GRC,Greece,1959,8.21586988989173,47036.4765625,Southern Europe,5725.075639327079
GRC,Greece,1960,8.28475871187586,47725.80859375,Southern Europe,5760.675748508767
GRC,Greece,1961,8.35504225569557,54239.11328125,Southern Europe,6491.782042667181
GRC,Greece,1962,8.4049676046675,53655.0859375,Southern Europe,6383.735007818938
GRC,Greece,1963,8.4361989370907,60537.48046875,Southern Europe,7175.919027062075
GRC,Greece,1964,8.46684581464947,65100.328125,Southern Europe,7688.852442826156
GRC,Greece,1965,8.50654510107447,72094.7734375,Southern Europe,8475.21203742206
GRC,Greece,1966,8.56953908852491,78077.390625,Southern Europe,9111.037340333736
GRC,Greece,1967,8.6718025603653,82487.0390625,Southern Europe,9512.098377275004
GRC,Greece,1968,8.69600145860796,87779.5234375,Southern Europe,10094.239732516282
GRC,Greece,1969,8.72783717049325,97949.328125,Southern Europe,11222.634681607427
GRC,Greece,1970,8.747776,106808.34375,Southern Europe,12209.771232139461
GRC,Greece,1971,8.787038,114971.609375,Southern Europe,13084.228084025583
GRC,Greece,1972,8.849378,126252.9375,Southern Europe,14266.871355252313
GRC,Greece,1973,8.8934,136165.109375,Southern Europe,15310.804571367531
GRC,Greece,1974,8.929114,126375.7578125,Southern Europe,14153.224811834634
GRC,Greece,1975,9.016967,132589.390625,Southern Europe,14704.4333892982
GRC,Greece,1976,9.160209,141501.09375,Southern Europe,15447.365202038513
GRC,Greece,1977,9.282021,145947.21875,Southern Europe,15723.6466875048
GRC,Greece,1978,9.389967,156636.1875,Southern Europe,16681.22875192213
GRC,Greece,1979,9.526004,160795.296875,Southern Europe,16879.616770578723
GRC,Greece,1980,9.653414,161439.890625,Southern Europe,16723.605827430587
GRC,Greece,1981,9.754402,162637.34375,Southern Europe,16673.225457593402
GRC,Greece,1982,9.83747,158373.796875,Southern Europe,16099.037341409936
GRC,Greece,1983,9.911493,157661.34375,Southern Europe,15906.921767487502
GRC,Greece,1984,9.978782,160298.421875,Southern Europe,16063.926627017205
GRC,Greece,1985,10.037037,165360.25,Southern Europe,16475.006518357957
GRC,Greece,1986,10.088763,173057.3125,Southern Europe,17153.471887485117
GRC,Greece,1987,10.134534,173129.90625,Southern Europe,17083.163986622374
GRC,Greece,1988,10.177006,186401.328125,Southern Europe,18315.929864343205
GRC,Greece,1989,10.218039,196452.71875,Southern Europe,19226.068597898287
GRC,Greece,1990,10.258487,201886.96875,Southern Europe,19679.994598618683
GRC,Greece,1991,10.306644,215936.265625,Southern Europe,20951.17146037061
GRC,Greece,1992,10.359895,222489.890625,Southern Europe,21476.075831367016
GRC,Greece,1993,10.412751,226138.8125,Southern Europe,21717.489691244897
GRC,Greece,1994,10.46626,239026.90625,Southern Europe,22837.852895876847
GRC,Greece,1995,10.519235,251743.390625,Southern Europe,23931.7203793812
GRC,Greece,1996,10.57008,258697.453125,Southern Europe,24474.502853809998
GRC,Greece,1997,10.622325,277671.5,Southern Europe,26140.369457722296
GRC,Greece,1998,10.675409,290930.4375,Southern Europe,27252.39262495704
GRC,Greece,1999,10.727951,296161.59375,Southern Europe,27606.53863445126
GRC,Greece,2000,10.782635,303814.1875,Southern Europe,28176.247039800564
GRC,Greece,2001,10.843164,324563.375,Southern Europe,29932.53399100115
GRC,Greece,2002,10.890285,347823.28125,Southern Europe,31938.859382467952
GRC,Greece,2003,10.918471,353123.9375,Southern Europe,32341.885370213466
GRC,Greece,2004,10.947365,374236.53125,Southern Europe,34185.07844125047
GRC,Greece,2005,10.981334,360128.84375,Southern Europe,32794.63531024555
GRC,Greece,2006,11.016103,392960.96875,Southern Europe,35671.50459195961
GRC,Greece,2007,11.045737,410984.375,Southern Europe,37207.51046308634
GRC,Greece,2008,11.076872,426876.21875,Southern Europe,38537.614116151206
GRC,Greece,2009,11.108069,419766.375,Southern Europe,37789.32008794688
GRC,Greece,2010,11.12467,391669.5625,Southern Europe,35207.29716027532
GRC,Greece,2011,11.108844,346178.09375,Southern Europe,31162.3868109049
GRC,Greece,2012,11.048298,324586.25,Southern Europe,29378.84640693073
GRC,Greece,2013,10.96754,317513.34375,Southern Europe,28950.27907352059
GRC,Greece,2014,10.893166,318466.0,Southern Europe,29235.394007582367
GRC,Greece,2015,10.820903,319864.34375,Southern Europe,29559.856857602364
GRC,Greece,2016,10.775504,318097.875,Southern Europe,29520.46372958518
GRC,Greece,2017,10.753533,322666.78125,Southern Europe,30005.653142088282
GRC,Greece,2018,10.730844,323956.90625,Southern Europe,30189.32213067304
GRC,Greece,2019,10.718576,343394.78125,Southern Europe,32037.350973674114
GRC,Greece,2020,10.699369,310072.53125,Southern Europe,28980.450272347833
GRC,Greece,2021,10.579561,336453.84375,Southern Europe,31802.249994116013
GRC,Greece,2022,10.41248,355333.5625,Southern Europe,34125.737816543224
GRC,Greece,2023,10.242908,378671.03125,Southern Europe,36969.094250382805
GTM,Guatemala,1950,3.04385123633146,8456.4072265625,Latin America & Caribbean,2778.193337974826
GTM,Guatemala,1951,3.14310061275243,8547.5751953125,Latin America & Caribbean,2719.472345438965
GTM,Guatemala,1952,3.24560728075945,8748.98046875,Latin America & Caribbean,2695.6374298934893
GTM,Guatemala,1953,3.35167335744696,9115.0556640625,Latin America & Caribbean,2719.553695114738
GTM,Guatemala,1954,3.46143939081601,9412.478515625,Latin America & Caribbean,2719.238285840988
GTM,Guatemala,1955,3.57497211061318,9482.169921875,Latin America & Caribbean,2652.3759146889165
GTM,Guatemala,1956,3.69238859943412,10252.2841796875,Latin America & Caribbean,2776.5994568553056
GTM,Guatemala,1957,3.81382256120332,10685.896484375,Latin America & Caribbean,2801.886116328242
GTM,Guatemala,1958,3.9395164717765,11012.6708984375,Latin America & Caribbean,2795.4372008175424
GTM,Guatemala,1959,4.06970498520758,11592.646484375,Latin America & Caribbean,2848.522565274766
GTM,Guatemala,1960,4.20311168121573,11880.4404296875,Latin America & Caribbean,2826.5821445532324
GTM,Guatemala,1961,4.33842298596157,12316.205078125,Latin America & Caribbean,2838.8668228013344
GTM,Guatemala,1962,4.47701749201193,12793.39453125,Latin America & Caribbean,2857.5708167494267
GTM,Guatemala,1963,4.62002642745177,13748.8154296875,Latin America & Caribbean,2975.917052766908
GTM,Guatemala,1964,4.76741606076083,14412.2958984375,Latin America & Caribbean,3023.083304404828
GTM,Guatemala,1965,4.86532106499785,14869.927734375,Latin America & Caribbean,3056.3096526871386
GTM,Guatemala,1966,4.96490384572044,15647.5908203125,Latin America & Caribbean,3151.640254584212
GTM,Guatemala,1967,5.06686005442596,16098.8681640625,Latin America & Caribbean,3177.286917565437
GTM,Guatemala,1968,5.172123418704,17357.642578125,Latin America & Caribbean,3355.9993010519406
GTM,Guatemala,1969,5.28109089499578,18346.70703125,Latin America & Caribbean,3474.0373525164746
GTM,Guatemala,1970,5.396966,19781.44140625,Latin America & Caribbean,3665.2892395931344
GTM,Guatemala,1971,5.538355,20381.62890625,Latin America & Caribbean,3680.087120859894
GTM,Guatemala,1972,5.682833,21714.78125,Latin America & Caribbean,3821.119017574509
GTM,Guatemala,1973,5.831631,23140.58203125,Latin America & Caribbean,3968.1149289538384
GTM,Guatemala,1974,5.981197,23629.51171875,Latin America & Caribbean,3950.6325771831293
GTM,Guatemala,1975,6.128731,24307.671875,Latin America & Caribbean,3966.1835174361545
GTM,Guatemala,1976,6.262404,25682.779296875,Latin America & Caribbean,4101.10546954093
GTM,Guatemala,1977,6.401515,29018.138671875,Latin America & Caribbean,4533.011118754701
GTM,Guatemala,1978,6.561534,29480.59375,Latin America & Caribbean,4492.942313489498
GTM,Guatemala,1979,6.727797,30561.4296875,Latin America & Caribbean,4542.561210972924
GTM,Guatemala,1980,6.900212,31767.525390625,Latin America & Caribbean,4603.847735493489
GTM,Guatemala,1981,7.075648,31916.73828125,Latin America & Caribbean,4510.786613643019
GTM,Guatemala,1982,7.240241,31573.826171875,Latin America & Caribbean,4360.880552439484
GTM,Guatemala,1983,7.419642,31851.568359375,Latin America & Caribbean,4292.871321739647
GTM,Guatemala,1984,7.630682,32452.048828125,Latin America & Caribbean,4252.837273015046
GTM,Guatemala,1985,7.849693,32222.6484375,Latin America & Caribbean,4104.9565170892665
GTM,Guatemala,1986,8.070818,33978.54296875,Latin America & Caribbean,4210.0494607547835
GTM,Guatemala,1987,8.296485,33573.9453125,Latin America & Caribbean,4046.7674337385047
GTM,Guatemala,1988,8.532099,35338.69140625,Latin America & Caribbean,4141.8520115917545
GTM,Guatemala,1989,8.775546,36941.67578125,Latin America & Caribbean,4209.615650268371
GTM,Guatemala,1990,9.024773,38666.7578125,Latin America & Caribbean,4284.513063375666
GTM,Guatemala,1991,9.272584,41282.9765625,Latin America & Caribbean,4452.154497872438
GTM,Guatemala,1992,9.522266,42198.6484375,Latin America & Caribbean,4431.576311510306
GTM,Guatemala,1993,9.779761,44841.828125,Latin America & Caribbean,4585.1660510926595
GTM,Guatemala,1994,10.043718,47934.73828125,Latin America & Caribbean,4772.608936376947
GTM,Guatemala,1995,10.312996,51166.50390625,Latin America & Caribbean,4961.361752322022
GTM,Guatemala,1996,10.583526,53183.1796875,Latin America & Caribbean,5025.090852283067
GTM,Guatemala,1997,10.857754,56393.67578125,Latin America & Caribbean,5193.861988515305
GTM,Guatemala,1998,11.139145,60015.0859375,Latin America & Caribbean,5387.764136071485
GTM,Guatemala,1999,11.422965,62479.53125,Latin America & Caribbean,5469.642185719732
GTM,Guatemala,2000,11.697592,65440.703125,Latin America & Caribbean,5594.3738784016405
GTM,Guatemala,2001,11.969422,68310.4921875,Latin America & Caribbean,5707.083615858811
GTM,Guatemala,2002,12.246915,71787.9765625,Latin America & Caribbean,5861.719180912091
GTM,Guatemala,2003,12.525842,74280.125,Latin America & Caribbean,5930.150244590343
GTM,Guatemala,2004,12.807402,77283.265625,Latin America & Caribbean,6034.265624285082
GTM,Guatemala,2005,13.087629,80534.4375,Latin America & Caribbean,6153.478028755247
GTM,Guatemala,2006,13.367459,86088.203125,Latin America & Caribbean,6440.132199021519
GTM,Guatemala,2007,13.65204,93188.375,Latin America & Caribbean,6825.967034963273
GTM,Guatemala,2008,13.935174,97848.9140625,Latin America & Caribbean,7021.721728232457
GTM,Guatemala,2009,14.215611,103304.75,Latin America & Caribbean,7266.9933075686995
GTM,Guatemala,2010,14.500112,108377.15625,Latin America & Caribbean,7474.228905956037
GTM,Guatemala,2011,14.792126,116160.5,Latin America & Caribbean,7852.86036638682
GTM,Guatemala,2012,15.089647,122425.1796875,Latin America & Caribbean,8113.190433646328
GTM,Guatemala,2013,15.387337,127205.2734375,Latin America & Caribbean,8266.880320974318
GTM,Guatemala,2014,15.681725,136767.203125,Latin America & Caribbean,8721.438688983515
GTM,Guatemala,2015,15.971743,148013.21875,Latin America & Caribbean,9267.192613229501
GTM,Guatemala,2016,16.26876,158042.546875,Latin America & Caribbean,9714.480198552317
GTM,Guatemala,2017,16.567357,169343.765625,Latin America & Caribbean,10221.531752167832
GTM,Guatemala,2018,16.845685,170222.578125,Latin America & Caribbean,10104.817828719937
GTM,Guatemala,2019,17.103803,180204.75,Latin America & Caribbean,10535.946303871719
GTM,Guatemala,2020,17.357325,182182.65625,Latin America & Caribbean,10496.009969854225
GTM,Guatemala,2021,17.59865,199964.28125,Latin America & Caribbean,11362.47844294875
GTM,Guatemala,2022,17.847877,202647.75,Latin America & Caribbean,11354.165540248849
GTM,Guatemala,2023,18.124838,216551.765625,Latin America & Caribbean,11947.790409216346
HKG,"China, Hong Kong SAR",1960,2.90511828039855,13683.9423828125,East Asia,4710.287520869964
HKG,"China, Hong Kong SAR",1961,2.99278302404962,14511.8515625,East Asia,4848.948769718561
HKG,"China, Hong Kong SAR",1962,3.1222961332605,16637.5546875,East Asia,5328.62802802949
HKG,"China, Hong Kong SAR",1963,3.23159350465786,19517.451171875,East Asia,6039.574947697941
HKG,"China, Hong Kong SAR",1964,3.31066163857382,21296.578125,East Asia,6432.725675395273
HKG,"China, Hong Kong SAR",1965,3.39879845364424,24897.390625,East Asia,7325.350698069391
HKG,"China, Hong Kong SAR",1966,3.42902769112564,26069.720703125,East Asia,7602.656802858056
HKG,"China, Hong Kong SAR",1967,3.5167868040156,27581.1640625,East Asia,7842.717116376456
HKG,"China, Hong Kong SAR",1968,3.5922653032553,29442.208984375,East Asia,8196.000712334515
HKG,"China, Hong Kong SAR",1969,3.65007851160543,32914.578125,East Asia,9017.498670329433
HKG,"China, Hong Kong SAR",1970,3.739916,35944.3828125,East Asia,9611.013405782376
HKG,"China, Hong Kong SAR",1971,3.989236,39759.75,East Asia,9966.75804590152
HKG,"China, Hong Kong SAR",1972,4.117123,44636.2890625,East Asia,10841.621458115289
HKG,"China, Hong Kong SAR",1973,4.223247,49503.46875,East Asia,11721.660786120254
HKG,"China, Hong Kong SAR",1974,4.330722,48000.50390625,East Asia,11083.718582317222
HKG,"China, Hong Kong SAR",1975,4.438378,49938.453125,East Asia,11251.509701291778
HKG,"China, Hong Kong SAR",1976,4.545132,58632.82421875,East Asia,12900.136721826782
HKG,"China, Hong Kong SAR",1977,4.65049,65553.8828125,East Asia,14096.123808996472
HKG,"China, Hong Kong SAR",1978,4.754069,71548.6953125,East Asia,15049.990926193961
HKG,"China, Hong Kong SAR",1979,4.857671,79592.8046875,East Asia,16384.972281469865
HKG,"China, Hong Kong SAR",1980,4.962484,88877.3828125,East Asia,17909.857807602
HKG,"China, Hong Kong SAR",1981,5.060956,93189.578125,East Asia,18413.433771208445
HKG,"China, Hong Kong SAR",1982,5.150094,96835.1015625,East Asia,18802.589149343683
HKG,"China, Hong Kong SAR",1983,5.235106,101126.34375,East Asia,19316.962015668832
HKG,"China, Hong Kong SAR",1984,5.315979,112357.25,East Asia,21135.758813193206
HKG,"China, Hong Kong SAR",1985,5.393122,116877.3203125,East Asia,21671.551341226845
HKG,"China, Hong Kong SAR",1986,5.451433,125607.9921875,East Asia,23041.279639225137
HKG,"China, Hong Kong SAR",1987,5.486372,144039.09375,East Asia,26253.978722186537
HKG,"China, Hong Kong SAR",1988,5.514899,154577.203125,East Asia,28029.017961163026
HKG,"China, Hong Kong SAR",1989,5.540574,162327.75,East Asia,29298.002336941983
HKG,"China, Hong Kong SAR",1990,5.560597,168748.25,East Asia,30347.146178728653
HKG,"China, Hong Kong SAR",1991,5.628094,180945.96875,East Asia,32150.48802489795
HKG,"China, Hong Kong SAR",1992,5.759556,195431.796875,East Asia,33931.74697407231
HKG,"China, Hong Kong SAR",1993,5.902513,210974.4375,East Asia,35743.1550764903
HKG,"China, Hong Kong SAR",1994,6.042261,223331.328125,East Asia,36961.54934800069
HKG,"China, Hong Kong SAR",1995,6.177104,227741.578125,East Asia,36868.66501276326
HKG,"China, Hong Kong SAR",1996,6.302464,246650.75,East Asia,39135.60632793777
HKG,"China, Hong Kong SAR",1997,6.416673,265550.9375,East Asia,41384.52084125215
HKG,"China, Hong Kong SAR",1998,6.521334,256534.34375,East Asia,39337.70970019324
HKG,"China, Hong Kong SAR",1999,6.616525,259576.46875,East Asia,39231.54053676212
HKG,"China, Hong Kong SAR",2000,6.704664,281555.5625,East Asia,41993.985455497845
HKG,"China, Hong Kong SAR",2001,6.774239,287675.25,East Asia,42466.061501520686
HKG,"China, Hong Kong SAR",2002,6.821408,301001.375,East Asia,44125.98909198805
HKG,"China, Hong Kong SAR",2003,6.858907,309061.84375,East Asia,45059.92627542551
HKG,"China, Hong Kong SAR",2004,6.888163,328327.28125,East Asia,47665.43434729986
HKG,"China, Hong Kong SAR",2005,6.908486,354170.25,East Asia,51265.97202339268
HKG,"China, Hong Kong SAR",2006,6.93109,369251.25,East Asia,53274.629243019495
HKG,"China, Hong Kong SAR",2007,6.971345,394213.4375,East Asia,56547.68735444882
HKG,"China, Hong Kong SAR",2008,7.020689,396549.34375,East Asia,56482.96680710398
HKG,"China, Hong Kong SAR",2009,7.064467,387894.9375,East Asia,54907.884416474735
HKG,"China, Hong Kong SAR",2010,7.101617,406522.9375,East Asia,57243.71470610144
HKG,"China, Hong Kong SAR",2011,7.14297,423444.0625,East Asia,59281.23210653272
HKG,"China, Hong Kong SAR",2012,7.201061,432956.25,East Asia,60123.95256754525
HKG,"China, Hong Kong SAR",2013,7.264335,434058.09375,East Asia,59751.93789245678
HKG,"China, Hong Kong SAR",2014,7.319501,437003.03125,East Asia,59703.93763864504
HKG,"China, Hong Kong SAR",2015,7.366409,446563.375,East Asia,60621.5830535611
HKG,"China, Hong Kong SAR",2016,7.40801,451329.90625,East Asia,60924.58112907515
HKG,"China, Hong Kong SAR",2017,7.444891,470075.375,East Asia,63140.66586065531
HKG,"China, Hong Kong SAR",2018,7.471194,476385.8125,East Asia,63763.00929945066
HKG,"China, Hong Kong SAR",2019,7.485813,472397.09375,East Asia,63105.64981385455
HKG,"China, Hong Kong SAR",2020,7.490235,437827.40625,East Asia,58453.09342764279
HKG,"China, Hong Kong SAR",2021,7.484601,462727.125,East Asia,61823.88680438677
HKG,"China, Hong Kong SAR",2022,7.465915,442845.6875,East Asia,59315.661576645325
HKG,"China, Hong Kong SAR",2023,7.442734,454528.625,East Asia,61070.115497880215
HND,Honduras,1950,1.42628734026872,3677.64038085938,Latin America & Caribbean,2578.470885233051
HND,Honduras,1951,1.46887718994881,3793.49340820313,Latin America & Caribbean,2582.5803778294985
HND,Honduras,1952,1.5119832557553,3848.88452148438,Latin America & Caribbean,2545.5867363833327
HND,Honduras,1953,1.55658689471445,4158.22509765625,Latin America & Caribbean,2671.373574951664
HND,Honduras,1954,1.60515230833524,3882.25415039063,Latin America & Caribbean,2418.620420150068
HND,Honduras,1955,1.65622753483008,3926.63012695313,Latin America & Caribbean,2370.827705962503
HND,Honduras,1956,1.70884119465878,4446.4267578125,Latin America & Caribbean,2602.0128562621403
HND,Honduras,1957,1.76400861581222,4457.16162109375,Latin America & Caribbean,2526.7232717236448
HND,Honduras,1958,1.82214125081267,4639.9345703125,Latin America & Caribbean,2546.418708342782
HND,Honduras,1959,1.881907105265,4756.2578125,Latin America & Caribbean,2527.3605690703043
HND,Honduras,1960,1.94460527161611,4729.6162109375,Latin America & Caribbean,2432.1728836036946
HND,Honduras,1961,2.01141653783481,4998.298828125,Latin America & Caribbean,2484.964568057803
HND,Honduras,1962,2.08262799420584,5292.49462890625,Latin America & Caribbean,2541.257797182552
HND,Honduras,1963,2.15812288038584,5459.47509765625,Latin America & Caribbean,2529.7331988251653
HND,Honduras,1964,2.23800287170941,5867.55419921875,Latin America & Caribbean,2621.7813539877416
HND,Honduras,1965,2.32076350580729,6323.00390625,Latin America & Caribbean,2724.536080659588
HND,Honduras,1966,2.40494403120172,6478.5185546875,Latin America & Caribbean,2693.8333992954786
HND,Honduras,1967,2.49167522965139,6767.00048828125,Latin America & Caribbean,2715.8437053724774
HND,Honduras,1968,2.58177216674747,7264.78515625,Latin America & Caribbean,2813.8753875413468
HND,Honduras,1969,2.67564273162435,7231.04345703125,Latin America & Caribbean,2702.5444658829215
HND,Honduras,1970,2.750715,7333.31640625,Latin America & Caribbean,2665.9673598500754
HND,Honduras,1971,2.834616,7411.35205078125,Latin America & Caribbean,2614.587672821028
HND,Honduras,1972,2.922064,7920.46875,Latin America & Caribbean,2710.573331042715
HND,Honduras,1973,3.011459,8564.4091796875,Latin America & Caribbean,2843.940156478139
HND,Honduras,1974,3.099836,8120.63818359375,Latin America & Caribbean,2619.6992949284254
HND,Honduras,1975,3.193234,8282.064453125,Latin America & Caribbean,2593.629046015732
HND,Honduras,1976,3.294457,9904.154296875,Latin America & Caribbean,3006.3085652278965
HND,Honduras,1977,3.398655,11467.7275390625,Latin America & Caribbean,3374.1958330758785
HND,Honduras,1978,3.505463,12202.1943359375,Latin America & Caribbean,3480.9080386635087
HND,Honduras,1979,3.614981,12309.41015625,Latin America & Caribbean,3405.1106095025116
HND,Honduras,1980,3.727173,12539.6728515625,Latin America & Caribbean,3364.392490384133
HND,Honduras,1981,3.841778,12437.080078125,Latin America & Caribbean,3237.3239885607654
HND,Honduras,1982,3.958728,12524.9248046875,Latin America & Caribbean,3163.8760745086556
HND,Honduras,1983,4.078174,12254.7041015625,Latin America & Caribbean,3004.948808354548
HND,Honduras,1984,4.19985,12989.0791015625,Latin America & Caribbean,3092.7483366221413
HND,Honduras,1985,4.323342,13464.38671875,Latin America & Caribbean,3114.346891536686
HND,Honduras,1986,4.448899,14356.0087890625,Latin America & Caribbean,3226.8677686462424
HND,Honduras,1987,4.57691,14991.982421875,Latin America & Caribbean,3275.5685433786116
HND,Honduras,1988,4.707677,16066.107421875,Latin America & Caribbean,3412.746333674761
HND,Honduras,1989,4.841838,16601.92578125,Latin America & Caribbean,3428.8478427510377
HND,Honduras,1990,4.980488,16650.22265625,Latin America & Caribbean,3343.0906080388104
HND,Honduras,1991,5.123792,17577.5859375,Latin America & Caribbean,3430.581479010077
HND,Honduras,1992,5.271431,18367.078125,Latin America & Caribbean,3484.26795778983
HND,Honduras,1993,5.423249,19018.875,Latin America & Caribbean,3506.915319580569
HND,Honduras,1994,5.579242,19329.26171875,Latin America & Caribbean,3464.4960227124043
HND,Honduras,1995,5.739637,20807.517578125,Latin America & Caribbean,3625.2323235990357
HND,Honduras,1996,5.903954,21436.65234375,Latin America & Caribbean,3630.8975889293856
HND,Honduras,1997,6.071454,22356.49609375,Latin America & Caribbean,3682.230993391369
HND,Honduras,1998,6.234431,23146.533203125,Latin America & Caribbean,3712.693781216762
HND,Honduras,1999,6.400463,22291.080078125,Latin America & Caribbean,3482.7293085086185
HND,Honduras,2000,6.577773,23849.517578125,Latin America & Caribbean,3625.7738870169283
HND,Honduras,2001,6.757993,24603.703125,Latin America & Caribbean,3640.681948767926
HND,Honduras,2002,6.938859,25540.2421875,Latin America & Caribbean,3680.755321227885
HND,Honduras,2003,7.119213,26560.587890625,Latin America & Caribbean,3730.8320302574175
HND,Honduras,2004,7.298994,27969.89453125,Latin America & Caribbean,3832.0204854600506
HND,Honduras,2005,7.478355,29590.740234375,Latin America & Caribbean,3956.8515046925427
HND,Honduras,2006,7.656832,31617.255859375,Latin America & Caribbean,4129.2868720869155
HND,Honduras,2007,7.834798,33490.79296875,Latin America & Caribbean,4274.621115790094
HND,Honduras,2008,8.012587,34051.05859375,Latin America & Caribbean,4249.695958839511
HND,Honduras,2009,8.189899,34790.45703125,Latin America & Caribbean,4247.971437895632
HND,Honduras,2010,8.365878,36651.34765625,Latin America & Caribbean,4381.052132991898
HND,Honduras,2011,8.540583,38911.06640625,Latin America & Caribbean,4556.0199352023155
HND,Honduras,2012,8.715076,41543.8828125,Latin America & Caribbean,4766.898511556296
HND,Honduras,2013,8.889278,41312.44921875,Latin America & Caribbean,4647.447095112787
HND,Honduras,2014,9.063122,44642.20703125,Latin America & Caribbean,4925.69856515779
HND,Honduras,2015,9.237305,49198.30859375,Latin America & Caribbean,5326.045702047297
HND,Honduras,2016,9.41238,52964.0078125,Latin America & Caribbean,5627.057961163913
HND,Honduras,2017,9.588137,55288.84765625,Latin America & Caribbean,5766.380648946714
HND,Honduras,2018,9.76521,56361.015625,Latin America & Caribbean,5771.613270477543
HND,Honduras,2019,9.943633,58933.37109375,Latin America & Caribbean,5926.744389475154
HND,Honduras,2020,10.11964,54820.51953125,Latin America & Caribbean,5417.240092656458
HND,Honduras,2021,10.289877,61486.83203125,Latin America & Caribbean,5975.4681257365855
HND,Honduras,2022,10.463872,63089.7734375,Latin America & Caribbean,6029.295220497727
HND,Honduras,2023,10.644851,65579.53125,Latin America & Caribbean,6160.680994971184
HRV,Croatia,1990,4.835065,72446.2890625,Eastern Europe & FSU,14983.519158997862
HRV,Croatia,1991,4.825157,56999.80078125,Eastern Europe & FSU,11813.045830684889
HRV,Croatia,1992,4.782233,50753.015625,Eastern Europe & FSU,10612.827862005051
HRV,Croatia,1993,4.729743,46318.42578125,Eastern Europe & FSU,9793.011117358808
HRV,Croatia,1994,4.675514,50158.78515625,Eastern Europe & FSU,10727.97240180438
HRV,Croatia,1995,4.61936,54034.6328125,Eastern Europe & FSU,11697.42839105417
HRV,Croatia,1996,4.562299,57022.8125,Eastern Europe & FSU,12498.701312649608
HRV,Croatia,1997,4.504621,61492.00390625,Eastern Europe & FSU,13650.871828340274
HRV,Croatia,1998,4.445667,65187.8046875,Eastern Europe & FSU,14663.222568739404
HRV,Croatia,1999,4.385822,65577.3515625,Eastern Europe & FSU,14952.12335623744
HRV,Croatia,2000,4.326105,68679.828125,Eastern Europe & FSU,15875.672949454532
HRV,Croatia,2001,4.301074,72379.8515625,Eastern Europe & FSU,16828.320452635784
HRV,Croatia,2002,4.305782,79055.28125,Eastern Europe & FSU,18360.26098162889
HRV,Croatia,2003,4.306686,86330.1640625,Eastern Europe & FSU,20045.61374163336
HRV,Croatia,2004,4.310056,90724.140625,Eastern Europe & FSU,21049.411103939252
HRV,Croatia,2005,4.313946,92242.9296875,Eastern Europe & FSU,21382.495211460693
HRV,Croatia,2006,4.3158,98273.1640625,Eastern Europe & FSU,22770.55564727281
HRV,Croatia,2007,4.315954,109392.6953125,Eastern Europe & FSU,25346.12169464735
HRV,Croatia,2008,4.314631,114376.7734375,Eastern Europe & FSU,26509.051049209073
HRV,Croatia,2009,4.31053,110525.9453125,Eastern Europe & FSU,25640.91777867223
HRV,Croatia,2010,4.301145,107294.8671875,Eastern Europe & FSU,24945.652189707624
HRV,Croatia,2011,4.280824,111010.828125,Eastern Europe & FSU,25932.11683661837
HRV,Croatia,2012,4.259236,111199.8125,Eastern Europe & FSU,26107.924637188455
HRV,Croatia,2013,4.242398,108891.15625,Eastern Europe & FSU,25667.35988702616
HRV,Croatia,2014,4.219479,107668.3671875,Eastern Europe & FSU,25516.981406353723
HRV,Croatia,2015,4.183729,113409.1015625,Eastern Europe & FSU,27107.181550836587
HRV,Croatia,2016,4.136444,117708.5234375,Eastern Europe & FSU,28456.452797983
HRV,Croatia,2017,4.0792,123475.8203125,Eastern Europe & FSU,30269.616668096685
HRV,Croatia,2018,4.024868,125640.21875,Eastern Europe & FSU,31215.98490931877
HRV,Croatia,2019,3.986334,136539.203125,Eastern Europe & FSU,34251.82213156248
HRV,Croatia,2020,3.953958,122202.265625,Eastern Europe & FSU,30906.31352811537
HRV,Croatia,2021,3.92461,135753.890625,Eastern Europe & FSU,34590.41551262418
HRV,Croatia,2022,3.907027,141238.015625,Eastern Europe & FSU,36149.741382642096
HRV,Croatia,2023,3.896023,149700.140625,Eastern Europe & FSU,38423.833900621226
HUN,Hungary,1970,10.315143,70068.859375,Eastern Europe & FSU,6792.8151238426835
HUN,Hungary,1971,10.343969,73888.40625,Eastern Europe & FSU,7143.138794209457
HUN,Hungary,1972,10.374303,77806.125,Eastern Europe & FSU,7499.889390159513
HUN,Hungary,1973,10.407439,82170.8203125,Eastern Europe & FSU,7895.392931200461
HUN,Hungary,1974,10.453913,82436.484375,Eastern Europe & FSU,7885.7059911441775
HUN,Hungary,1975,10.515652,84355.0859375,Eastern Europe & FSU,8021.85978934069
HUN,Hungary,1976,10.573772,93870.8046875,Eastern Europe & FSU,8877.702742928446
HUN,Hungary,1977,10.623139,104494.4375,Eastern Europe & FSU,9836.493478999004
HUN,Hungary,1978,10.660188,115318.9609375,Eastern Europe & FSU,10817.723002399207
HUN,Hungary,1979,10.688253,126625.5625,Eastern Europe & FSU,11847.171142000476
HUN,Hungary,1980,10.695367,138079.3125,Eastern Europe & FSU,12910.198640214965
HUN,Hungary,1981,10.679329,140637.40625,Eastern Europe & FSU,13169.123851320623
HUN,Hungary,1982,10.656116,142152.6875,Eastern Europe & FSU,13340.009389912797
HUN,Hungary,1983,10.622989,140613.375,Eastern Europe & FSU,13236.705319002023
HUN,Hungary,1984,10.584328,141719.375,Eastern Europe & FSU,13389.548679897298
HUN,Hungary,1985,10.547265,139765.03125,Eastern Europe & FSU,13251.305551723599
HUN,Hungary,1986,10.511098,143090.265625,Eastern Europe & FSU,13613.255782126662
HUN,Hungary,1987,10.475105,152626.828125,Eastern Europe & FSU,14570.434198511615
HUN,Hungary,1988,10.440531,156935.0625,Eastern Europe & FSU,15031.329584673424
HUN,Hungary,1989,10.403421,162321.53125,Eastern Europe & FSU,15602.707152772151
HUN,Hungary,1990,10.381281,161779.484375,Eastern Europe & FSU,15583.76893708975
HUN,Hungary,1991,10.378176,144783.75,Eastern Europe & FSU,13950.789618522562
HUN,Hungary,1992,10.371474,146975.578125,Eastern Europe & FSU,14171.136920846546
HUN,Hungary,1993,10.35687,153857.9375,Eastern Europe & FSU,14855.640507218879
HUN,Hungary,1994,10.339937,162804.890625,Eastern Europe & FSU,15745.249765544992
HUN,Hungary,1995,10.322788,169442.390625,Eastern Europe & FSU,16414.401867499364
HUN,Hungary,1996,10.302235,174377.75,Eastern Europe & FSU,16926.205818446193
HUN,Hungary,1997,10.278602,179464.375,Eastern Europe & FSU,17459.998451151238
HUN,Hungary,1998,10.251717,183837.46875,Eastern Europe & FSU,17932.358916072302
HUN,Hungary,1999,10.219796,189248.390625,Eastern Europe & FSU,18517.824683095434
HUN,Hungary,2000,10.1906,196662.328125,Eastern Europe & FSU,19298.40520921241
HUN,Hungary,2001,10.16669,217113.171875,Eastern Europe & FSU,21355.344942650954
HUN,Hungary,2002,10.138466,228298.15625,Eastern Europe & FSU,22518.0176419194
HUN,Hungary,2003,10.108963,228093.421875,Eastern Europe & FSU,22563.48370005905
HUN,Hungary,2004,10.085791,232712.453125,Eastern Europe & FSU,23073.29718858937
HUN,Hungary,2005,10.065706,234603.765625,Eastern Europe & FSU,23307.234050448125
HUN,Hungary,2006,10.049943,245205.5,Eastern Europe & FSU,24398.69559459193
HUN,Hungary,2007,10.034082,253371.03125,Eastern Europe & FSU,25251.04252187694
HUN,Hungary,2008,10.016657,263771.0,Eastern Europe & FSU,26333.236727582866
HUN,Hungary,2009,10.001378,266211.09375,Eastern Europe & FSU,26617.441491562462
HUN,Hungary,2010,9.979129,275445.46875,Eastern Europe & FSU,27602.15533339633
HUN,Hungary,2011,9.946676,281980.0625,Eastern Europe & FSU,28349.175392864912
HUN,Hungary,2012,9.916623,281177.3125,Eastern Europe & FSU,28354.139559404448
HUN,Hungary,2013,9.889346,283939.78125,Eastern Europe & FSU,28711.684397532455
HUN,Hungary,2014,9.862842,292008.84375,Eastern Europe & FSU,29606.96762150301
HUN,Hungary,2015,9.839211,307897.53125,Eastern Europe & FSU,31292.908674282928
HUN,Hungary,2016,9.810532,313627.5625,Eastern Europe & FSU,31968.45619585156
HUN,Hungary,2017,9.785604,326533.65625,Eastern Europe & FSU,33368.778897041004
HUN,Hungary,2018,9.774394,340020.84375,Eastern Europe & FSU,34786.897658310074
HUN,Hungary,2019,9.770346,366934.4375,Eastern Europe & FSU,37555.930721388984
HUN,Hungary,2020,9.749457,354129.5625,Eastern Europe & FSU,36323.00368112809
HUN,Hungary,2021,9.70785,368994.8125,Eastern Europe & FSU,38009.94169666816
HUN,Hungary,2022,9.684306,366156.4375,Eastern Europe & FSU,37809.259383171084
HUN,Hungary,2023,9.686463,384031.46875,Eastern Europe & FSU,39646.20199860362
IDN,Indonesia,1960,95.1656887745624,106862.609375,Southeast Asia,1122.911111673309
IDN,Indonesia,1961,97.2907960392286,108751.0390625,Southeast Asia,1117.7937018692962
IDN,Indonesia,1962,99.2133598857049,118880.671875,Southeast Asia,1198.2324962278478
IDN,Indonesia,1963,101.179844268652,115211.859375,Southeast Asia,1138.683897052562
IDN,Indonesia,1964,103.190676938426,115926.46875,Southeast Asia,1123.4199851133205
IDN,Indonesia,1965,105.246285645381,114774.9921875,Southeast Asia,1090.5372240330194
IDN,Indonesia,1966,107.347098139873,108929.21875,Southeast Asia,1014.7383640316527
IDN,Indonesia,1967,109.493520422239,114992.0234375,Southeast Asia,1050.217610997045
IDN,Indonesia,1968,111.685972992828,125065.9765625,Southeast Asia,1119.8002149341637
IDN,Indonesia,1969,113.924854601972,122860.9296875,Southeast Asia,1078.4383277621785
IDN,Indonesia,1970,116.210564,136112.578125,Southeast Asia,1171.2582181857408
IDN,Indonesia,1971,119.396668,145582.0,Southeast Asia,1219.3137584040453
IDN,Indonesia,1972,122.612803,160518.546875,Southeast Asia,1309.1499659705194
IDN,Indonesia,1973,125.87137,184774.25,Southeast Asia,1467.9609032617982
IDN,Indonesia,1974,129.145872,219771.96875,Southeast Asia,1701.7343670884038
IDN,Indonesia,1975,132.442006,224571.90625,Southeast Asia,1695.6244701548844
IDN,Indonesia,1976,135.781275,241370.640625,Southeast Asia,1777.6430559000128
IDN,Indonesia,1977,139.151856,268997.65625,Southeast Asia,1933.123021010945
IDN,Indonesia,1978,142.581938,289140.625,Southeast Asia,2027.8909731189092
IDN,Indonesia,1979,146.073553,341657.28125,Southeast Asia,2338.940035572353
IDN,Indonesia,1980,149.600411,395704.09375,Southeast Asia,2645.0735736949277
IDN,Indonesia,1981,153.145528,429795.90625,Southeast Asia,2806.454173771238
IDN,Indonesia,1982,156.721301,437958.75,Southeast Asia,2794.506855197686
IDN,Indonesia,1983,160.329088,469455.0,Southeast Asia,2928.07129296463
IDN,Indonesia,1984,163.937901,501513.09375,Southeast Asia,3059.1650295071177
IDN,Indonesia,1985,167.47285,516911.0,Southeast Asia,3086.5361161525584
IDN,Indonesia,1986,170.88225,518915.03125,Southeast Asia,3036.681874507153
IDN,Indonesia,1987,174.22963,543174.0,Southeast Asia,3117.5753515633364
IDN,Indonesia,1988,177.58581,566642.0625,Southeast Asia,3190.8070948911964
IDN,Indonesia,1989,180.946486,622587.25,Southeast Asia,3440.7258397933188
IDN,Indonesia,1990,184.261443,697158.1875,Southeast Asia,3783.5272325529327
IDN,Indonesia,1991,187.556516,756555.25,Southeast Asia,4033.745487146925
IDN,Indonesia,1992,190.843062,818372.375,Southeast Asia,4288.195580303569
IDN,Indonesia,1993,194.126605,875159.5,Southeast Asia,4508.189384963488
IDN,Indonesia,1994,197.436321,938336.9375,Southeast Asia,4752.605461585764
IDN,Indonesia,1995,200.756203,1018645.5,Southeast Asia,5074.042469312891
IDN,Indonesia,1996,204.09663,1111178.375,Southeast Asia,5444.373946791772
IDN,Indonesia,1997,207.453279,1145140.25,Southeast Asia,5519.991081943805
IDN,Indonesia,1998,210.769318,1053389.875,Southeast Asia,4997.833104911409
IDN,Indonesia,1999,213.004668,1004025.625,Southeast Asia,4713.632027069003
IDN,Indonesia,2000,216.07779,965328.1875,Southeast Asia,4467.503057579403
IDN,Indonesia,2001,219.097902,983961.375,Southeast Asia,4490.966668407441
IDN,Indonesia,2002,222.088495,974909.5625,Southeast Asia,4389.73465284638
IDN,Indonesia,2003,225.048008,974315.6875,Southeast Asia,4329.368191963734
IDN,Indonesia,2004,227.926649,1055081.125,Southeast Asia,4629.03802442162
IDN,Indonesia,2005,230.87165,1141328.125,Southeast Asia,4943.561173491852
IDN,Indonesia,2006,233.951652,1269173.0,Southeast Asia,5424.937114784725
IDN,Indonesia,2007,237.062337,1414864.75,Southeast Asia,5968.323639701569
IDN,Indonesia,2008,240.157903,1643335.5,Southeast Asia,6842.729218867305
IDN,Indonesia,2009,243.220028,1844164.5,Southeast Asia,7582.288823681904
IDN,Indonesia,2010,246.305322,2177568.0,Southeast Asia,8840.929551656216
IDN,Indonesia,2011,249.470032,2633396.75,Southeast Asia,10555.964293138022
IDN,Indonesia,2012,252.698525,2776237.25,Southeast Asia,10986.361119440646
IDN,Indonesia,2013,255.852467,2815622.0,Southeast Asia,11004.865550114082
IDN,Indonesia,2014,258.877399,2887494.0,Southeast Asia,11153.905327981141
IDN,Indonesia,2015,261.799249,2924477.5,Southeast Asia,11170.687124469177
IDN,Indonesia,2016,264.627418,2985812.25,Southeast Asia,11283.079707182875
IDN,Indonesia,2017,267.346658,3087128.5,Southeast Asia,11547.286669280153
IDN,Indonesia,2018,269.951846,3242421.25,Southeast Asia,12011.109751774025
IDN,Indonesia,2019,272.489381,3401511.0,Southeast Asia,12483.095625660364
IDN,Indonesia,2020,274.814866,3282667.75,Southeast Asia,11945.01519433814
IDN,Indonesia,2021,276.758053,3455689.75,Southeast Asia,12486.320497420178
IDN,Indonesia,2022,278.830529,3809802.25,Southeast Asia,13663.504723329632
IDN,Indonesia,2023,281.190067,3915058.25,Southeast Asia,13923.174071436883
IND,India,1950,364.521367048538,386324.4375,South Asia,1059.8128735991456
IND,India,1951,370.732910839569,402340.0625,South Asia,1085.2558559984675
IND,India,1952,377.24563023304,413489.96875,South Asia,1096.076231537978
IND,India,1953,384.045660444378,435203.59375,South Asia,1133.207945238666
IND,India,1954,391.10139217079,453831.53125,South Asia,1160.3935458552814
IND,India,1955,398.41075020591,463665.09375,South Asia,1163.7866034246433
IND,India,1956,405.978606773381,481927.125,South Asia,1187.0751733206814
IND,India,1957,413.817683790505,481404.40625,South Asia,1163.3248773721104
IND,India,1958,421.926898540915,518559.75,South Asia,1229.0274732264181
IND,India,1959,430.302220913694,529733.375,South Asia,1231.0728349836916
IND,India,1960,438.940613287925,564872.375,South Asia,1286.899315988948
IND,India,1961,447.842015512701,586104.4375,South Asia,1308.7303495385815
IND,India,1962,457.10035323276,609972.8125,South Asia,1334.439599939219
IND,India,1963,466.752378653634,652404.0625,South Asia,1397.75198228638
IND,India,1964,477.037372092181,700195.625,South Asia,1467.800356875806
IND,India,1965,487.792805791701,687901.0625,South Asia,1410.232078727602
IND,India,1966,498.790767957176,684684.4375,South Asia,1372.6886732570479
IND,India,1967,510.087650065998,738118.125,South Asia,1447.0417484220568
IND,India,1968,521.69262513182,773942.9375,South Asia,1483.5228642621544
IND,India,1969,533.614956394663,859705.625,South Asia,1611.0973178273503
IND,India,1970,545.864268,875113.25,South Asia,1603.1700576525004
IND,India,1971,558.096387,911804.625,South Asia,1633.7762548532678
IND,India,1972,570.482142,947732.1875,South Asia,1661.2828303046165
IND,India,1973,583.465598,999231.5625,South Asia,1712.5800834276436
IND,India,1974,597.041391,982957.1875,South Asia,1646.3803051470513
IND,India,1975,611.309535,1081799.125,South Asia,1769.6421584525096
IND,India,1976,625.861883,1074388.875,South Asia,1716.6549109046796
IND,India,1977,640.801103,1070762.625,South Asia,1670.9750029877835
IND,India,1978,655.728229,1043086.9375,South Asia,1590.730566977009
IND,India,1979,671.155747,967950.625,South Asia,1442.2146116257572
IND,India,1980,687.354025,979956.1875,South Asia,1425.6935318011706
IND,India,1981,703.69625,977574.5625,South Asia,1389.1996191538608
IND,India,1982,720.313473,964949.5625,South Asia,1339.624481104215
IND,India,1983,737.372681,996315.3125,South Asia,1351.1692773169068
IND,India,1984,754.875449,994353.8125,South Asia,1317.2422203122942
IND,India,1985,772.647793,1009126.9375,South Asia,1306.0633145431116
IND,India,1986,790.689978,1054104.25,South Asia,1333.1448220278314
IND,India,1987,808.93127,1110583.25,South Asia,1372.9018659397354
IND,India,1988,827.34299,1199379.75,South Asia,1449.6765724696597
IND,India,1989,846.039529,1283759.0,South Asia,1517.3747277711418
IND,India,1990,864.972221,1358661.125,South Asia,1570.7569468869683
IND,India,1991,883.9276,1411720.0,South Asia,1597.0991289331841
IND,India,1992,902.95707,1481250.25,South Asia,1640.443714561092
IND,India,1993,922.118387,1571165.5,South Asia,1703.8652760320676
IND,India,1994,941.163767,1660706.875,South Asia,1764.5248714722354
IND,India,1995,960.301044,1791245.25,South Asia,1865.295535386297
IND,India,1996,979.678458,1936240.375,South Asia,1976.4039508971218
IND,India,1997,999.133762,2027226.375,South Asia,2028.9839580058149
IND,India,1998,1018.66508,2196758.0,South Asia,2156.5066312079725
IND,India,1999,1038.225823,2343678.75,South Asia,2257.38822718533
IND,India,2000,1057.922733,2466114.5,South Asia,2331.0913198799744
IND,India,2001,1077.898575,2611377.75,South Asia,2422.656278212447
IND,India,2002,1097.60038,2753816.5,South Asia,2508.94273560656
IND,India,2003,1116.803006,2986987.5,South Asia,2674.5876255279345
IND,India,2004,1135.991513,3253591.5,South Asia,2864.0984221860117
IND,India,2005,1154.676322,3646424.5,South Asia,3157.962478769873
IND,India,2006,1172.87889,4061308.25,South Asia,3462.6833892457557
IND,India,2007,1190.676021,4568478.0,South Asia,3836.8774708027818
IND,India,2008,1207.930964,4701696.5,South Asia,3892.3553084777122
IND,India,2009,1225.524753,5203955.0,South Asia,4246.307540717621
IND,India,2010,1243.481564,5970318.0,South Asia,4801.291931337391
IND,India,2011,1261.224954,6449760.0,South Asia,5113.885496433018
IND,India,2012,1278.674502,6880633.0,South Asia,5381.066869823294
IND,India,2013,1295.829511,7092617.5,South Asia,5473.418717348536
IND,India,2014,1312.277191,7391464.5,South Asia,5632.548177087077
IND,India,2015,1328.024498,7896249.5,South Asia,5945.861324013015
IND,India,2016,1343.944296,8465094.0,South Asia,6298.69409408915
IND,India,2017,1359.6574,8889307.0,South Asia,6537.90212151973
IND,India,2018,1374.659064,9639937.0,South Asia,7012.602071636288
IND,India,2019,1389.030312,10265278.0,South Asia,7390.247650693457
IND,India,2020,1402.617695,9951635.0,South Asia,7095.044526726864
IND,India,2021,1414.203896,11222509.0,South Asia,7935.566456677333
IND,India,2022,1425.423212,11852125.0,South Asia,8314.811278659043
IND,India,2023,1438.069596,12544909.0,South Asia,8723.436636789866
IRL,Ireland,1950,2.97437048964458,18032.314453125,Western Europe,6062.565008597754
IRL,Ireland,1951,2.97064935478441,17513.556640625,Western Europe,5895.531430667965
IRL,Ireland,1952,2.96346699968061,18740.525390625,Western Europe,6323.851553820163
IRL,Ireland,1953,2.95860329356867,19693.72265625,Western Europe,6656.425584011101
IRL,Ireland,1954,2.94802098722847,19916.111328125,Western Europe,6755.756290204969
IRL,Ireland,1955,2.9273058401557,20218.859375,Western Europe,6906.985630829945
IRL,Ireland,1956,2.90634585638612,19912.677734375,Western Europe,6851.448078906655
IRL,Ireland,1957,2.88924773472767,19847.505859375,Western Europe,6869.437196684608
IRL,Ireland,1958,2.86244733071157,19849.98046875,Western Europe,6934.618588707983
IRL,Ireland,1959,2.85393381069317,20848.212890625,Western Europe,7305.079330330138
IRL,Ireland,1960,2.84285058235256,21771.55078125,Western Europe,7658.3521189612675
IRL,Ireland,1961,2.82909808355302,22840.74609375,Western Europe,8073.508029479368
IRL,Ireland,1962,2.84084282570592,23520.845703125,Western Europe,8279.530810466544
IRL,Ireland,1963,2.86091943484411,24605.23828125,Western Europe,8600.465284542599
IRL,Ireland,1964,2.87497325270648,25777.748046875,Western Europe,8966.256650425532
IRL,Ireland,1965,2.88701907459016,26137.4375,Western Europe,9053.434294925974
IRL,Ireland,1966,2.89504986184467,26822.7890625,Western Europe,9265.052535367746
IRL,Ireland,1967,2.91121147715454,28645.78125,Western Europe,9839.814618345348
IRL,Ireland,1968,2.92365889823395,30631.119140625,Western Europe,10476.981141380027
IRL,Ireland,1969,2.93680923757194,32360.2109375,Western Europe,11018.833134784874
IRL,Ireland,1970,2.961403,32870.3046875,Western Europe,11099.571617743348
IRL,Ireland,1971,2.99312,34347.71484375,Western Europe,11475.555555323543
IRL,Ireland,1972,3.037153,37611.953125,Western Europe,12383.950734454273
IRL,Ireland,1973,3.084434,40452.6484375,Western Europe,13115.096136762855
IRL,Ireland,1974,3.132177,38409.19140625,Western Europe,12262.7780633885
IRL,Ireland,1975,3.180119,39988.23046875,Western Europe,12574.444688626432
IRL,Ireland,1976,3.228401,42210.1328125,Western Europe,13074.625120144618
IRL,Ireland,1977,3.277756,46025.39453125,Western Europe,14041.739083461367
IRL,Ireland,1978,3.329183,50878.77734375,Western Europe,15282.661645139364
IRL,Ireland,1979,3.375801,52757.93359375,Western Europe,15628.27121437253
IRL,Ireland,1980,3.41524,53626.9765625,Western Europe,15702.257107113996
IRL,Ireland,1981,3.448827,54130.94921875,Western Europe,15695.466667000113
IRL,Ireland,1982,3.475536,55535.296875,Western Europe,15978.915734148632
IRL,Ireland,1983,3.497608,55600.9453125,Western Europe,15896.848735621601
IRL,Ireland,1984,3.515954,56758.53515625,Western Europe,16143.139289151679
IRL,Ireland,1985,3.531271,57677.37890625,Western Europe,16333.319902734738
IRL,Ireland,1986,3.541867,59329.96484375,Western Europe,16751.042555734024
IRL,Ireland,1987,3.540381,61832.34375,Western Europe,17464.884076035883
IRL,Ireland,1988,3.525095,65282.3671875,Western Europe,18519.321376445176
IRL,Ireland,1989,3.51107,70755.125,Western Europe,20152.012064698225
IRL,Ireland,1990,3.514018,75824.15625,Western Europe,21577.623179505626
IRL,Ireland,1991,3.53426,77047.8515625,Western Europe,21800.278293758805
IRL,Ireland,1992,3.558421,79672.734375,Western Europe,22389.912372650677
IRL,Ireland,1993,3.576122,84095.5,Western Europe,23515.836428399256
IRL,Ireland,1994,3.590157,89854.7734375,Western Europe,25028.09025830904
IRL,Ireland,1995,3.610697,101355.484375,Western Europe,28070.89167963969
IRL,Ireland,1996,3.638509,109821.4140625,Western Europe,30183.081603618404
IRL,Ireland,1997,3.672293,123326.8515625,Western Europe,33583.06419517724
IRL,Ireland,1998,3.711073,138991.109375,Western Europe,37453.0787658987
IRL,Ireland,1999,3.752938,149956.125,Western Europe,39956.99502629673
IRL,Ireland,2000,3.802585,164186.609375,Western Europe,43177.63031595612
IRL,Ireland,2001,3.862981,173357.609375,Western Europe,44876.64044296361
IRL,Ireland,2002,3.928443,185528.625,Western Europe,47227.01207577658
IRL,Ireland,2003,3.992935,189377.21875,Western Europe,47428.07452412824
IRL,Ireland,2004,4.066064,198330.234375,Western Europe,48776.958349647226
IRL,Ireland,2005,4.155284,211092.921875,Western Europe,50801.08167696841
IRL,Ireland,2006,4.268778,231077.15625,Western Europe,54131.921652988276
IRL,Ireland,2007,4.393513,256699.390625,Western Europe,58426.9104529792
IRL,Ireland,2008,4.485999,240625.21875,Western Europe,53639.1601402497
IRL,Ireland,2009,4.533752,230479.3125,Western Europe,50836.329931588676
IRL,Ireland,2010,4.55908,239002.609375,Western Europe,52423.42958996113
IRL,Ireland,2011,4.579602,250428.96875,Western Europe,54683.566115570735
IRL,Ireland,2012,4.600132,260528.125,Western Europe,56634.923736971024
IRL,Ireland,2013,4.624686,261793.9375,Western Europe,56607.93781458893
IRL,Ireland,2014,4.658239,284563.78125,Western Europe,61088.27418472947
IRL,Ireland,2015,4.702487,402849.3125,Western Europe,85667.28892605126
IRL,Ireland,2016,4.753503,427491.75,Western Europe,89931.94071824505
IRL,Ireland,2017,4.810261,464867.625,Western Europe,96640.83196317207
IRL,Ireland,2018,4.872556,477950.25,Western Europe,98090.25283649894
IRL,Ireland,2019,4.933491,557588.9375,Western Europe,113021.17253279676
IRL,Ireland,2020,4.982606,574450.4375,Western Europe,115291.16239574231
IRL,Ireland,2021,5.028426,604498.5625,Western Europe,120216.25902419565
IRL,Ireland,2022,5.110016,656902.375,Western Europe,128551.92136384701
IRL,Ireland,2023,5.19663,606887.125,Western Europe,116784.74800014625
IRN,Iran (Islamic Republic of),1955,18.9049351449791,44885.36328125,MENA,2374.266980395908
IRN,Iran (Islamic Republic of),1956,19.4271690916824,47582.54296875,MENA,2449.27826304462
IRN,Iran (Islamic Republic of),1957,19.9724718966715,53056.1015625,MENA,2656.4614453828335
IRN,Iran (Islamic Republic of),1958,20.544866257132,58885.2109375,MENA,2866.1764063350097
IRN,Iran (Islamic Republic of),1959,21.143334939293,66322.09375,MENA,3136.784898901938
IRN,Iran (Islamic Republic of),1960,21.7648397278949,66515.8046875,MENA,3056.11277266839
IRN,Iran (Islamic Republic of),1961,22.4043310590854,68620.34375,MENA,3062.816005040824
IRN,Iran (Islamic Republic of),1962,23.0668392309257,71648.484375,MENA,3106.1249292855396
IRN,Iran (Islamic Republic of),1963,23.7493318078938,74233.609375,MENA,3125.713597985365
IRN,Iran (Islamic Republic of),1964,24.4618828721656,76082.46875,MENA,3110.2458117225237
IRN,Iran (Islamic Republic of),1965,25.2004485341854,85001.5546875,MENA,3373.0175307075206
IRN,Iran (Islamic Republic of),1966,25.9670324362294,92293.328125,MENA,3554.250118940494
IRN,Iran (Islamic Republic of),1967,26.7434842764846,101543.1796875,MENA,3796.9315679926704
IRN,Iran (Islamic Republic of),1968,27.5287926009172,111360.4140625,MENA,4045.234227191995
IRN,Iran (Islamic Republic of),1969,28.3289972350429,116638.7578125,MENA,4117.29214573886
IRN,Iran (Islamic Republic of),1970,29.1451,129031.078125,MENA,4427.196273987737
IRN,Iran (Islamic Republic of),1971,30.029071,149594.578125,MENA,4981.658544315274
IRN,Iran (Islamic Republic of),1972,30.921179,169193.046875,MENA,5471.752770972931
IRN,Iran (Islamic Republic of),1973,31.839838,206310.125,MENA,6479.6223209427135
IRN,Iran (Islamic Republic of),1974,32.796463,303242.59375,MENA,9246.198096117863
IRN,Iran (Islamic Republic of),1975,33.802973,311809.375,MENA,9224.318079951134
IRN,Iran (Islamic Republic of),1976,34.837271,328831.4375,MENA,9439.069940352101
IRN,Iran (Islamic Republic of),1977,35.933181,303975.6875,MENA,8459.470579573794
IRN,Iran (Islamic Republic of),1978,37.126535,262940.9375,MENA,7082.291344990854
IRN,Iran (Islamic Republic of),1979,38.424952,255099.421875,MENA,6638.900209296293
IRN,Iran (Islamic Republic of),1980,39.842324,181596.5,MENA,4557.879204034383
IRN,Iran (Islamic Republic of),1981,41.989312,168047.625,MENA,4002.152381063067
IRN,Iran (Islamic Republic of),1982,44.272141,189521.421875,MENA,4280.828023993689
IRN,Iran (Islamic Republic of),1983,46.029535,192806.984375,MENA,4188.766720650122
IRN,Iran (Islamic Republic of),1984,47.793998,178043.09375,MENA,3725.218671808958
IRN,Iran (Islamic Republic of),1985,49.582289,179731.78125,MENA,3624.9189957728654
IRN,Iran (Islamic Republic of),1986,51.446045,164060.90625,MENA,3188.9896735502216
IRN,Iran (Islamic Republic of),1987,53.323493,171887.75,MENA,3223.490066564094
IRN,Iran (Islamic Republic of),1988,55.072694,161091.578125,MENA,2925.0716902463496
IRN,Iran (Islamic Republic of),1989,56.704914,175193.9375,MENA,3089.572404606768
IRN,Iran (Islamic Republic of),1990,58.380092,209735.84375,MENA,3592.59186761816
IRN,Iran (Islamic Republic of),1991,59.986931,245167.734375,MENA,4087.019127132875
IRN,Iran (Islamic Republic of),1992,61.184983,268194.75,MENA,4383.342723164604
IRN,Iran (Islamic Republic of),1993,61.403543,329337.375,MENA,5363.4914030937925
IRN,Iran (Islamic Republic of),1994,61.520598,356503.03125,MENA,5794.856403216367
IRN,Iran (Islamic Republic of),1995,62.205567,369609.84375,MENA,5941.748650084646
IRN,Iran (Islamic Republic of),1996,62.8813,445536.03125,MENA,7085.350195527128
IRN,Iran (Islamic Republic of),1997,63.639638,469715.53125,MENA,7380.864285400241
IRN,Iran (Islamic Republic of),1998,64.519859,478486.9375,MENA,7416.1187720512535
IRN,Iran (Islamic Republic of),1999,65.445391,548444.25,MENA,8380.18142484625
IRN,Iran (Islamic Republic of),2000,66.418659,610850.1875,MENA,9196.966585850521
IRN,Iran (Islamic Republic of),2001,67.452005,689187.125,MENA,10217.444611172048
IRN,Iran (Islamic Republic of),2002,68.011317,801535.0625,MENA,11785.318941846104
IRN,Iran (Islamic Republic of),2003,68.76934,893764.5625,MENA,12996.555768893522
IRN,Iran (Islamic Republic of),2004,70.256316,1030155.0,MENA,14662.809817696676
IRN,Iran (Islamic Republic of),2005,71.828455,1249386.75,MENA,17394.0362492831
IRN,Iran (Islamic Republic of),2006,73.392747,1350935.5,MENA,18406.934679798807
IRN,Iran (Islamic Republic of),2007,74.602648,1535889.0,MENA,20587.593620001262
IRN,Iran (Islamic Republic of),2008,75.514204,1548018.625,MENA,20499.7012879855
IRN,Iran (Islamic Republic of),2009,76.457825,1564292.0,MENA,20459.5409299179
IRN,Iran (Islamic Republic of),2010,77.420842,1724023.25,MENA,22268.205892154987
IRN,Iran (Islamic Republic of),2011,78.383598,1858443.75,MENA,23709.599934414848
IRN,Iran (Islamic Republic of),2012,79.37058,1632208.125,MENA,20564.39709776595
IRN,Iran (Islamic Republic of),2013,80.414686,1554343.875,MENA,19329.104574256497
IRN,Iran (Islamic Republic of),2014,81.502045,1495407.875,MENA,18348.102492397586
IRN,Iran (Islamic Republic of),2015,82.619362,1325752.5,MENA,16046.510986129379
IRN,Iran (Islamic Republic of),2016,83.812228,1452306.625,MENA,17328.09948686724
IRN,Iran (Islamic Republic of),2017,85.026754,1474500.125,MENA,17341.601973891655
IRN,Iran (Islamic Republic of),2018,86.117998,1341660.875,MENA,15579.331918514874
IRN,Iran (Islamic Republic of),2019,87.051648,1365576.625,MENA,15686.9703948626
IRN,Iran (Islamic Republic of),2020,87.723443,1665069.125,MENA,18980.891174095847
IRN,Iran (Islamic Republic of),2021,88.455488,1322392.25,MENA,14949.804471148245
IRN,Iran (Islamic Republic of),2022,89.524246,1384153.25,MENA,15461.210921564198
IRN,Iran (Islamic Republic of),2023,90.608707,1344136.125,MENA,14834.513917078631
ISR,Israel,1950,1.26900760109502,9298.74609375,MENA,7327.573204231528
ISR,Israel,1951,1.47016029487066,11763.8369140625,MENA,8001.737603107724
ISR,Israel,1952,1.59933329141045,10752.103515625,MENA,6722.866067611669
ISR,Israel,1953,1.64490246424958,10734.5283203125,MENA,6525.936068318611
ISR,Israel,1954,1.6888583316975,12580.9267578125,MENA,7449.367730665246
ISR,Israel,1955,1.74843936061952,13956.01171875,MENA,7981.982122505525
ISR,Israel,1956,1.82542752656804,15490.53125,MENA,8485.974394789326
ISR,Israel,1957,1.91851345978403,16643.958984375,MENA,8675.445511989597
ISR,Israel,1958,1.99781431241977,18235.142578125,MENA,9127.546271324103
ISR,Israel,1959,2.05387796860785,20398.130859375,MENA,9931.520358632197
ISR,Israel,1960,2.11298333356063,21728.751953125,MENA,10283.44691981524
ISR,Israel,1961,2.18753248663426,24650.416015625,MENA,11268.594256879887
ISR,Israel,1962,2.28013687477358,25851.03125,MENA,11337.490979600527
ISR,Israel,1963,2.37461992387151,28754.6640625,MENA,12109.164828205116
ISR,Israel,1964,2.46493820792921,31598.16015625,MENA,12819.047574744503
ISR,Israel,1965,2.54385820004755,32187.578125,MENA,12653.055160228016
ISR,Israel,1966,2.60595940112704,35492.859375,MENA,13619.8819366295
ISR,Israel,1967,2.65772279155962,34627.421875,MENA,13028.981797864531
ISR,Israel,1968,2.71041280927944,36011.6484375,MENA,13286.407263945026
ISR,Israel,1969,2.77954499191806,41402.0703125,MENA,14895.268985709052
ISR,Israel,1970,2.864778,46215.60546875,MENA,16132.35143133255
ISR,Israel,1971,2.9773,51360.48046875,MENA,17250.69038012629
ISR,Israel,1972,3.079401,56880.9765625,MENA,18471.441868889437
ISR,Israel,1973,3.163044,61542.65234375,MENA,19456.780349482964
ISR,Israel,1974,3.239981,64343.91015625,MENA,19859.347988846228
ISR,Israel,1975,3.318089,65922.9609375,MENA,19867.749459854753
ISR,Israel,1976,3.398267,66694.75,MENA,19626.10648309859
ISR,Israel,1977,3.479618,67044.1015625,MENA,19267.661439416624
ISR,Israel,1978,3.560396,69018.46875,MENA,19385.05400803731
ISR,Israel,1979,3.640874,71874.3515625,MENA,19740.960978737523
ISR,Israel,1980,3.721665,72675.703125,MENA,19527.739096614016
ISR,Israel,1981,3.802238,77181.21875,MENA,20298.89206041284
ISR,Israel,1982,3.883632,80870.2578125,MENA,20823.357571597928
ISR,Israel,1983,3.95963,85841.890625,MENA,21679.270695746825
ISR,Israel,1984,4.033735,85982.8125,MENA,21315.92990119579
ISR,Israel,1985,4.105359,88354.8671875,MENA,21521.83699099153
ISR,Israel,1986,4.168971,94029.6640625,MENA,22554.645753712368
ISR,Israel,1987,4.236869,101657.5234375,MENA,23993.54887713073
ISR,Israel,1988,4.30732,107203.34375,MENA,24888.641603131415
ISR,Israel,1989,4.38151,106372.7265625,MENA,24277.640941707312
ISR,Israel,1990,4.544999,116715.828125,MENA,25680.055842696554
ISR,Israel,1991,4.77989,130339.984375,MENA,27268.406673584537
ISR,Israel,1992,4.957238,141905.421875,MENA,28625.90456116894
ISR,Israel,1993,5.086045,149657.578125,MENA,29425.138417965234
ISR,Israel,1994,5.216699,162279.671875,MENA,31107.731512782317
ISR,Israel,1995,5.354739,180442.375,MENA,33697.69749748774
ISR,Israel,1996,5.499551,196272.65625,MENA,35688.85100801865
ISR,Israel,1997,5.646473,206145.34375,MENA,36508.69201889392
ISR,Israel,1998,5.79014,216430.296875,MENA,37379.1129186859
ISR,Israel,1999,5.946081,226606.96875,MENA,38110.306393404324
ISR,Israel,2000,6.11119,247812.203125,MENA,40550.56431316978
ISR,Israel,2001,6.259982,252233.296875,MENA,40292.9747841128
ISR,Israel,2002,6.38772,254805.171875,MENA,39889.84674891824
ISR,Israel,2003,6.50282,244405.421875,MENA,37584.528231597986
ISR,Israel,2004,6.615087,242607.03125,MENA,36674.80582643887
ISR,Israel,2005,6.728206,241841.6875,MENA,35944.45346946868
ISR,Israel,2006,6.844032,248146.90625,MENA,36257.41467164385
ISR,Israel,2007,6.962455,254807.921875,MENA,36597.42459735826
ISR,Israel,2008,7.08262,254101.1875,MENA,35876.72182045627
ISR,Israel,2009,7.206096,265479.40625,MENA,36840.94775451229
ISR,Israel,2010,7.336735,281240.875,MENA,38333.247009739345
ISR,Israel,2011,7.471023,297070.0625,MENA,39762.96987708377
ISR,Israel,2012,7.60778,312071.59375,MENA,41020.0602212472
ISR,Israel,2013,7.749379,325824.53125,MENA,42045.24404471635
ISR,Israel,2014,7.897179,329724.0625,MENA,41752.132312057256
ISR,Israel,2015,8.052908,341821.84375,MENA,42447.00718672062
ISR,Israel,2016,8.210005,368071.125,MENA,44832.02202678317
ISR,Israel,2017,8.361797,378663.65625,MENA,45284.9616236797
ISR,Israel,2018,8.510067,376803.03125,MENA,44277.328398237056
ISR,Israel,2019,8.657474,390987.5,MENA,45161.845129422276
ISR,Israel,2020,8.800376,385369.03125,MENA,43790.06433929641
ISR,Israel,2021,8.942924,423735.1875,MENA,47382.17472271933
ISR,Israel,2022,9.103151,451581.875,MENA,49607.20469208958
ISR,Israel,2023,9.256314,457309.5625,MENA,49405.14793469625
ITA,Italy,1950,46.8672299592732,246168.578125,Southern Europe,5252.466986824614
ITA,Italy,1951,47.1786497713385,265307.9375,Southern Europe,5623.474575594514
ITA,Italy,1952,47.4253990470572,273495.96875,Southern Europe,5766.867000499614
ITA,Italy,1953,47.7149305450718,295147.84375,Southern Europe,6185.649656792471
ITA,Italy,1954,48.0552033072697,309733.0625,Southern Europe,6445.359527864991
ITA,Italy,1955,48.3875170275802,330669.34375,Southern Europe,6833.773751224373
ITA,Italy,1956,48.6740653081778,344046.0,Southern Europe,7068.3637748703995
ITA,Italy,1957,48.9337456548122,360579.59375,Southern Europe,7368.730697494444
ITA,Italy,1958,49.2262641656859,379893.6875,Southern Europe,7717.296730488277
ITA,Italy,1959,49.5804662000471,405842.46875,Southern Europe,8185.531517846326
ITA,Italy,1960,49.9442213619385,433282.15625,Southern Europe,8675.3210768883
ITA,Italy,1961,50.2681775189509,471199.96875,Southern Europe,9373.722939773568
ITA,Italy,1962,50.586561967098,499340.78125,Southern Europe,9871.016369421906
ITA,Italy,1963,50.9398682771458,525800.5625,Southern Europe,10321.985122523387
ITA,Italy,1964,51.3397408651699,540647.3125,Southern Europe,10530.776030207584
ITA,Italy,1965,51.7246859797828,556275.625,Southern Europe,10754.54813234491
ITA,Italy,1966,52.0674485519369,587542.875,Southern Europe,11284.264763116447
ITA,Italy,1967,52.4012538809559,630640.625,Southern Europe,12034.838449337043
ITA,Italy,1968,52.7191411262001,671040.375,Southern Europe,12728.590805257061
ITA,Italy,1969,53.0478757446986,713977.4375,Southern Europe,13459.114572959166
ITA,Italy,1970,53.390236,812705.0,Southern Europe,15221.978041078522
ITA,Italy,1971,53.707795,834162.5625,Southern Europe,15531.498965839131
ITA,Italy,1972,54.067563,873883.375,Southern Europe,16162.803102481243
ITA,Italy,1973,54.450567,924771.875,Southern Europe,16983.69596408427
ITA,Italy,1974,54.821113,964135.0625,Southern Europe,17586.92973818317
ITA,Italy,1975,55.166045,973942.9375,Southern Europe,17654.753707647524
ITA,Italy,1976,55.459416,1052277.25,Southern Europe,18973.824931730258
ITA,Italy,1977,55.714555,1114959.375,Southern Europe,20011.994621513175
ITA,Italy,1978,55.938965,1196804.5,Southern Europe,21394.827380163362
ITA,Italy,1979,56.13238,1297587.75,Southern Europe,23116.56391551543
ITA,Italy,1980,56.412084,1367838.0,Southern Europe,24247.251705857914
ITA,Italy,1981,56.64675,1340427.0,Southern Europe,23662.9109348727
ITA,Italy,1982,56.719175,1332940.375,Southern Europe,23500.701041578974
ITA,Italy,1983,56.766111,1330278.0,Southern Europe,23434.36914323759
ITA,Italy,1984,56.810353,1336835.375,Southern Europe,23531.54494568974
ITA,Italy,1985,56.855501,1353751.375,Southern Europe,23810.385119990413
ITA,Italy,1986,56.875988,1436757.125,Southern Europe,25261.224912699538
ITA,Italy,1987,56.891926,1502693.5,Southern Europe,26413.124069661484
ITA,Italy,1988,56.928751,1579708.75,Southern Europe,27748.874202421903
ITA,Italy,1989,56.976755,1655200.125,Southern Europe,29050.445659813377
ITA,Italy,1990,57.031454,1731116.75,Southern Europe,30353.719370367096
ITA,Italy,1991,57.075393,1792648.625,Southern Europe,31408.432439527838
ITA,Italy,1992,57.12499,1831456.125,Southern Europe,32060.506706434437
ITA,Italy,1993,57.170764,1810562.5,Southern Europe,31669.3773761708
ITA,Italy,1994,57.420138,1881445.875,Southern Europe,32766.30709246989
ITA,Italy,1995,57.403344,1969833.375,Southern Europe,34315.655460768976
ITA,Italy,1996,57.162092,1997223.375,Southern Europe,34939.64802757744
ITA,Italy,1997,57.189274,2083450.375,Southern Europe,36430.789014737275
ITA,Italy,1998,57.215194,2204411.25,Southern Europe,38528.423935781815
ITA,Italy,1999,57.240798,2253929.5,Southern Europe,39376.27668992316
ITA,Italy,2000,57.272196,2321469.75,Southern Europe,40533.97481039491
ITA,Italy,2001,57.30576,2387420.25,Southern Europe,41661.086948327706
ITA,Italy,2002,57.420628,2310471.25,Southern Europe,40237.65205075779
ITA,Italy,2003,57.739699,2284732.25,Southern Europe,39569.52130976644
ITA,Italy,2004,58.176738,2293892.25,Southern Europe,39429.715877160386
ITA,Italy,2005,58.519693,2294866.25,Southern Europe,39215.28176848091
ITA,Italy,2006,58.754433,2399447.0,Southern Europe,40838.569576528804
ITA,Italy,2007,59.10872,2536420.0,Southern Europe,42911.096704513315
ITA,Italy,2008,59.561684,2593171.5,Southern Europe,43537.57862185361
ITA,Italy,2009,59.90401,2540356.5,Southern Europe,42407.11932306368
ITA,Italy,2010,60.164213,2551757.25,Southern Europe,42413.20749928201
ITA,Italy,2011,60.36788,2636741.0,Southern Europe,43677.8796936384
ITA,Italy,2012,60.531515,2570598.0,Southern Europe,42467.10164118641
ITA,Italy,2013,60.653868,2491514.0,Southern Europe,41077.57810268588
ITA,Italy,2014,60.664171,2467945.5,Southern Europe,40682.093883719266
ITA,Italy,2015,60.575316,2531386.0,Southern Europe,41789.06800915409
ITA,Italy,2016,60.478107,2668154.75,Southern Europe,44117.69617722988
ITA,Italy,2017,60.390318,2720887.25,Southern Europe,45055.02438321322
ITA,Italy,2018,60.277499,2726414.5,Southern Europe,45231.048819726246
ITA,Italy,2019,60.130136,2854516.0,Southern Europe,47472.30240756482
ITA,Italy,2020,59.912769,2632202.25,Southern Europe,43933.91081624019
ITA,Italy,2021,59.72935,2879634.5,Southern Europe,48211.381841590446
ITA,Italy,2022,59.619115,2941964.75,Southern Europe,49345.9983429811
ITA,Italy,2023,59.499453,3032539.75,Southern Europe,50967.52318042319
JAM,Jamaica,1953,1.39761692302633,5636.8056640625,Latin America & Caribbean,4033.1549877464577
JAM,Jamaica,1954,1.41806290813004,6364.05908203125,Latin America & Caribbean,4487.85385016759
JAM,Jamaica,1955,1.43856694733138,6925.92578125,Latin America & Caribbean,4814.4619157961115
JAM,Jamaica,1956,1.45902249293132,7510.7919921875,Latin America & Caribbean,5147.824676162174
JAM,Jamaica,1957,1.48329002723581,8695.13671875,Latin America & Caribbean,5862.061066340378
JAM,Jamaica,1958,1.5129203088092,8807.603515625,Latin America & Caribbean,5821.59117327029
JAM,Jamaica,1959,1.54515461614689,9070.376953125,Latin America & Caribbean,5870.2066824506865
JAM,Jamaica,1960,1.57672118617509,9640.435546875,Latin America & Caribbean,6114.229726475217
JAM,Jamaica,1961,1.59231078475036,10093.95703125,Latin America & Caribbean,6339.18775651106
JAM,Jamaica,1962,1.60894005849476,10030.236328125,Latin America & Caribbean,6234.064640984055
JAM,Jamaica,1963,1.64055500693765,11194.275390625,Latin America & Caribbean,6823.468486753668
JAM,Jamaica,1964,1.68031641966833,11491.890625,Latin America & Caribbean,6839.122971415308
JAM,Jamaica,1965,1.71742070556525,11670.7861328125,Latin America & Caribbean,6795.531284206409
JAM,Jamaica,1966,1.75866526226643,12266.5224609375,Latin America & Caribbean,6974.904618932068
JAM,Jamaica,1967,1.79829536215722,12353.6259765625,Latin America & Caribbean,6869.63122773291
JAM,Jamaica,1968,1.82958364111422,12202.6328125,Latin America & Caribbean,6669.622824714684
JAM,Jamaica,1969,1.8548397076923,12712.404296875,Latin America & Caribbean,6853.640368035439
JAM,Jamaica,1970,1.878196,14593.4619140625,Latin America & Caribbean,7769.935573317428
JAM,Jamaica,1971,1.903728,15052.3876953125,Latin America & Caribbean,7906.7953485542575
JAM,Jamaica,1972,1.931542,16571.5234375,Latin America & Caribbean,8579.426922893728
JAM,Jamaica,1973,1.961219,16752.70703125,Latin America & Caribbean,8541.986912858789
JAM,Jamaica,1974,1.990906,16272.640625,Latin America & Caribbean,8173.485149474661
JAM,Jamaica,1975,2.018981,16704.001953125,Latin America & Caribbean,8273.481500383114
JAM,Jamaica,1976,2.045578,15638.892578125,Latin America & Caribbean,7645.219384508927
JAM,Jamaica,1977,2.070657,15040.0908203125,Latin America & Caribbean,7263.439005258958
JAM,Jamaica,1978,2.094836,14636.2861328125,Latin America & Caribbean,6986.841038063361
JAM,Jamaica,1979,2.119486,13079.4287109375,Latin America & Caribbean,6171.038030417516
JAM,Jamaica,1980,2.145658,11693.7734375,Latin America & Caribbean,5449.970795672003
JAM,Jamaica,1981,2.173818,11050.6728515625,Latin America & Caribbean,5083.53176372746
JAM,Jamaica,1982,2.203889,11059.51171875,Latin America & Caribbean,5018.180007591126
JAM,Jamaica,1983,2.234832,11389.908203125,Latin America & Caribbean,5096.5388911224645
JAM,Jamaica,1984,2.264562,11694.390625,Latin America & Caribbean,5164.084986412383
JAM,Jamaica,1985,2.290656,10918.9892578125,Latin America & Caribbean,4766.752082291056
JAM,Jamaica,1986,2.312125,11811.451171875,Latin America & Caribbean,5108.482963453533
JAM,Jamaica,1987,2.329813,12720.9365234375,Latin America & Caribbean,5460.067620636291
JAM,Jamaica,1988,2.345777,13330.61328125,Latin America & Caribbean,5682.813533106514
JAM,Jamaica,1989,2.361916,13398.900390625,Latin America & Caribbean,5672.894544355092
JAM,Jamaica,1990,2.379877,14086.9931640625,Latin America & Caribbean,5919.210599565649
JAM,Jamaica,1991,2.400869,14201.853515625,Latin America & Caribbean,5915.297134339691
JAM,Jamaica,1992,2.424701,15300.26953125,Latin America & Caribbean,6310.167534574365
JAM,Jamaica,1993,2.449916,15799.341796875,Latin America & Caribbean,6448.9320437415
JAM,Jamaica,1994,2.47522,15940.5634765625,Latin America & Caribbean,6440.059257990199
JAM,Jamaica,1995,2.500151,16192.7998046875,Latin America & Caribbean,6476.728727459862
JAM,Jamaica,1996,2.524463,16604.095703125,Latin America & Caribbean,6577.278297651817
JAM,Jamaica,1997,2.547848,16903.056640625,Latin America & Caribbean,6634.248448347389
JAM,Jamaica,1998,2.569736,17258.796875,Latin America & Caribbean,6716.175075961111
JAM,Jamaica,1999,2.589795,17639.705078125,Latin America & Caribbean,6811.236054639459
JAM,Jamaica,2000,2.607826,18002.98828125,Latin America & Caribbean,6903.446886889692
JAM,Jamaica,2001,2.624403,18530.947265625,Latin America & Caribbean,7061.014358551259
JAM,Jamaica,2002,2.640572,19040.587890625,Latin America & Caribbean,7210.781561958924
JAM,Jamaica,2003,2.656623,20175.294921875,Latin America & Caribbean,7594.338723211761
JAM,Jamaica,2004,2.672225,20816.666015625,Latin America & Caribbean,7790.012448661696
JAM,Jamaica,2005,2.687066,21592.525390625,Latin America & Caribbean,8035.725728592077
JAM,Jamaica,2006,2.700968,22813.92578125,Latin America & Caribbean,8446.573888046803
JAM,Jamaica,2007,2.7138,23988.53515625,Latin America & Caribbean,8839.463172028152
JAM,Jamaica,2008,2.725635,23366.91015625,Latin America & Caribbean,8573.015152890977
JAM,Jamaica,2009,2.736995,23489.53515625,Latin America & Caribbean,8582.235318752866
JAM,Jamaica,2010,2.748568,23969.91796875,Latin America & Caribbean,8720.875004274953
JAM,Jamaica,2011,2.760494,24825.85546875,Latin America & Caribbean,8993.265505648627
JAM,Jamaica,2012,2.77243,25495.3671875,Latin America & Caribbean,9196.036396771064
JAM,Jamaica,2013,2.783687,25352.7421875,Latin America & Caribbean,9107.612381528526
JAM,Jamaica,2014,2.793749,25353.587890625,Latin America & Caribbean,9075.113007870428
JAM,Jamaica,2015,2.802534,26444.017578125,Latin America & Caribbean,9435.752636051873
JAM,Jamaica,2016,2.809915,27591.33203125,Latin America & Caribbean,9819.276394926537
JAM,Jamaica,2017,2.815764,28278.2109375,Latin America & Caribbean,10042.81997266106
JAM,Jamaica,2018,2.820097,28382.087890625,Latin America & Caribbean,10064.22399322612
JAM,Jamaica,2019,2.823271,28538.20703125,Latin America & Caribbean,10108.206768407992
JAM,Jamaica,2020,2.830739,25320.427734375,Latin America & Caribbean,8944.81184396548
JAM,Jamaica,2021,2.837682,26414.9296875,Latin America & Caribbean,9308.629257083774
JAM,Jamaica,2022,2.839144,27352.494140625,Latin America & Caribbean,9634.063696883637
JAM,Jamaica,2023,2.839786,28776.29296875,Latin America & Caribbean,10133.261086838937
JOR,Jordan,1954,0.686560858011321,2041.46423339844,MENA,2973.4643470816354
JOR,Jordan,1955,0.715386447965035,1723.03381347656,MENA,2408.5357199285027
JOR,Jordan,1956,0.745624227587923,2403.07446289063,MENA,3222.902869806846
JOR,Jordan,1957,0.777457370002651,2513.7431640625,MENA,3233.287458647319
JOR,Jordan,1958,0.810910890040946,2857.806640625,MENA,3524.1931952359137
JOR,Jordan,1959,0.846173298978151,3282.44165039063,MENA,3879.160042457669
JOR,Jordan,1960,0.883633040528814,3650.81884765625,MENA,4131.600653447048
JOR,Jordan,1961,0.923502585583778,4193.9130859375,MENA,4541.311688138244
JOR,Jordan,1962,0.972196841871942,4410.32470703125,MENA,4536.452410747677
JOR,Jordan,1963,1.01488331768012,4575.28759765625,MENA,4508.190762377208
JOR,Jordan,1964,1.05927868513184,5383.69873046875,MENA,5082.41958045128
JOR,Jordan,1965,1.10539448953404,5985.76171875,MENA,5415.045737448171
JOR,Jordan,1966,1.1532160199311,6064.49755859375,MENA,5258.7697827472775
JOR,Jordan,1967,1.30700199139433,7103.634765625,MENA,5435.0603995994925
JOR,Jordan,1968,1.43975911731751,7794.28857421875,MENA,5413.60598482661
JOR,Jordan,1969,1.51369973218962,7801.72119140625,MENA,5154.074500707472
JOR,Jordan,1970,1.565163,6809.3984375,MENA,4350.600185092543
JOR,Jordan,1971,1.645145,6942.8642578125,MENA,4220.214180398992
JOR,Jordan,1972,1.714555,7387.91162109375,MENA,4308.9382499212625
JOR,Jordan,1973,1.778094,6978.0400390625,MENA,3924.449460524865
JOR,Jordan,1974,1.839182,7185.91748046875,MENA,3907.126907760488
JOR,Jordan,1975,1.899055,6828.62939453125,MENA,3595.803910119112
JOR,Jordan,1976,1.958177,8098.82568359375,MENA,4135.900729910396
JOR,Jordan,1977,2.019002,8644.578125,MENA,4281.609490728588
JOR,Jordan,1978,2.083595,9953.208984375,MENA,4776.940328794703
JOR,Jordan,1979,2.153882,11182.427734375,MENA,5191.755042465186
JOR,Jordan,1980,2.234186,12867.978515625,MENA,5759.582467898824
JOR,Jordan,1981,2.325517,15596.1025390625,MENA,6706.5097950531
JOR,Jordan,1982,2.426927,15508.6533203125,MENA,6390.243019387274
JOR,Jordan,1983,2.537307,15439.9150390625,MENA,6085.158413649787
JOR,Jordan,1984,2.654688,16402.759765625,MENA,6178.790036955378
JOR,Jordan,1985,2.77881,15745.876953125,MENA,5666.4100651447925
JOR,Jordan,1986,2.909887,18358.1640625,MENA,6308.8924286407
JOR,Jordan,1987,3.047634,20374.42578125,MENA,6685.325659593639
JOR,Jordan,1988,3.193039,18598.3828125,MENA,5824.6650956972335
JOR,Jordan,1989,3.349627,14670.3779296875,MENA,4379.704943173524
JOR,Jordan,1990,3.621908,13649.9541015625,MENA,3768.719167235198
JOR,Jordan,1991,3.915149,14143.771484375,MENA,3612.5755327255742
JOR,Jordan,1992,4.127693,15716.826171875,MENA,3807.653856978947
JOR,Jordan,1993,4.34802,16349.7578125,MENA,3760.2765885391514
JOR,Jordan,1994,4.561406,17870.58203125,MENA,3917.779305602264
JOR,Jordan,1995,4.752096,18767.255859375,MENA,3949.2585712441414
JOR,Jordan,1996,4.912516,18668.3984375,MENA,3800.170510895028
JOR,Jordan,1997,5.046285,19582.62890625,MENA,3880.603038918729
JOR,Jordan,1998,5.164284,20667.62890625,MENA,4002.031822078336
JOR,Jordan,1999,5.276444,21590.802734375,MENA,4091.9230327044124
JOR,Jordan,2000,5.386945,22151.265625,MENA,4112.027433916626
JOR,Jordan,2001,5.498894,23872.763671875,MENA,4341.375496940839
JOR,Jordan,2002,5.616066,26080.0703125,MENA,4643.832588951056
JOR,Jordan,2003,5.741828,28354.8125,MENA,4938.290122936459
JOR,Jordan,2004,5.882061,31669.279296875,MENA,5384.044690606745
JOR,Jordan,2005,6.029587,35375.65234375,MENA,5867.010848960302
JOR,Jordan,2006,6.427371,40988.0390625,MENA,6377.108006135012
JOR,Jordan,2007,6.827227,46840.7421875,MENA,6860.873702822537
JOR,Jordan,2008,6.989866,56282.9296875,MENA,8052.075631707389
JOR,Jordan,2009,7.141753,66400.390625,MENA,9297.491893796943
JOR,Jordan,2010,7.297043,75338.65625,MENA,10324.546018161054
JOR,Jordan,2011,7.480424,85695.578125,MENA,11455.978715243948
JOR,Jordan,2012,7.587127,87777.59375,MENA,11569.279616645405
JOR,Jordan,2013,7.991809,88647.6953125,MENA,11092.319062242354
JOR,Jordan,2014,8.79171,89678.1953125,MENA,10200.313171442189
JOR,Jordan,2015,9.544729,94978.21875,MENA,9950.855466928395
JOR,Jordan,2016,10.006367,96641.8203125,MENA,9658.03276179057
JOR,Jordan,2017,10.234226,102041.328125,MENA,9970.595541372646
JOR,Jordan,2018,10.462306,100367.234375,MENA,9593.222983059375
JOR,Jordan,2019,10.671891,105687.6328125,MENA,9903.365093637107
JOR,Jordan,2020,10.865228,107303.0390625,MENA,9875.820283062629
JOR,Jordan,2021,11.066356,102629.328125,MENA,9273.994811390488
JOR,Jordan,2022,11.256263,97078.375,MENA,8624.387596487395
JOR,Jordan,2023,11.439213,102470.1953125,MENA,8957.801145279836
JPN,Japan,1950,85.7063830920046,275786.5625,East Asia,3217.806568782012
JPN,Japan,1951,87.0960614624202,306800.375,East Asia,3522.5516498513175
JPN,Japan,1952,88.4206202379883,335917.8125,East Asia,3799.089076686651
JPN,Japan,1953,89.6439026726603,352598.03125,East Asia,3933.3186166328715
JPN,Japan,1954,90.7675550921625,374531.625,East Asia,4126.272043129426
JPN,Japan,1955,91.8528036480368,405605.9375,East Asia,4415.8253356556
JPN,Japan,1956,92.8255324726273,432569.96875,East Asia,4660.032183252572
JPN,Japan,1957,93.6404090897702,460860.4375,East Asia,4921.597865491885
JPN,Japan,1958,94.4849039650056,502133.90625,East Asia,5314.435271437387
JPN,Japan,1959,95.4132912298647,551325.3125,East Asia,5778.28628898018
JPN,Japan,1960,96.2264044839072,622744.3125,East Asia,6471.657294481444
JPN,Japan,1961,97.0973810156143,689743.5,East Asia,7103.626202740544
JPN,Japan,1962,98.0060045692646,757239.9375,East Asia,7726.464728646595
JPN,Japan,1963,99.0084296768636,821343.5,East Asia,8295.692626179814
JPN,Japan,1964,100.045763131856,916018.75,East Asia,9155.997428823915
JPN,Japan,1965,101.125994685635,976342.875,East Asia,9654.717148000424
JPN,Japan,1966,102.054366345511,1075186.375,East Asia,10535.427473626105
JPN,Japan,1967,103.11282114525,1187611.0,East Asia,11517.588082737746
JPN,Japan,1968,104.273972339355,1336570.25,East Asia,12817.870270158997
JPN,Japan,1969,105.512610077485,1497767.75,East Asia,14195.154009554768
JPN,Japan,1970,106.712368,1656064.375,East Asia,15518.95441960392
JPN,Japan,1971,107.95203,1766845.0,East Asia,16366.945577586639
JPN,Japan,1972,109.238955,1929993.25,East Asia,17667.628274181126
JPN,Japan,1973,110.614736,2079663.25,East Asia,18800.960208412016
JPN,Japan,1974,112.009694,2023085.875,East Asia,18061.70343613295
JPN,Japan,1975,113.321196,2099740.0,East Asia,18529.102004888828
JPN,Japan,1976,114.502795,2232799.0,East Asia,19499.9519444045
JPN,Japan,1977,115.574277,2381989.25,East Asia,20610.02942722281
JPN,Japan,1978,116.576944,2581526.75,East Asia,22144.402327101663
JPN,Japan,1979,117.521556,2722182.0,East Asia,23163.256960280545
JPN,Japan,1980,118.358756,2796295.75,East Asia,23625.59260085498
JPN,Japan,1981,118.994053,2787704.25,East Asia,23427.256906696002
JPN,Japan,1982,119.485775,2736163.5,East Asia,22899.491592199993
JPN,Japan,1983,119.948947,2690529.25,East Asia,22430.62000369207
JPN,Japan,1984,120.384394,2703964.5,East Asia,22461.088270295233
JPN,Japan,1985,120.832163,2763520.75,East Asia,22870.738066652008
JPN,Japan,1986,121.366735,2958267.25,East Asia,24374.613439176723
JPN,Japan,1987,121.943587,3150152.25,East Asia,25832.865241203708
JPN,Japan,1988,122.476952,3469540.0,East Asia,28328.10535650822
JPN,Japan,1989,122.947413,3757369.0,East Asia,30560.78129923726
JPN,Japan,1990,123.399765,4046020.5,East Asia,32787.910900802766
JPN,Japan,1991,123.889871,4307417.5,East Asia,34768.11675750312
JPN,Japan,1992,124.383708,4463374.0,East Asia,35883.91174188182
JPN,Japan,1993,124.839958,4593764.5,East Asia,36797.22881675433
JPN,Japan,1994,125.28686,4674152.0,East Asia,37307.59953597688
JPN,Japan,1995,125.672665,4946759.5,East Asia,39362.255109335034
JPN,Japan,1996,125.975302,5258580.0,East Asia,41742.944184408465
JPN,Japan,1997,126.265929,5266408.0,East Asia,41708.860352977725
JPN,Japan,1998,126.549181,5188714.5,East Asia,41001.565233361725
JPN,Japan,1999,126.801564,5131489.5,East Asia,40468.66093859852
JPN,Japan,2000,127.027789,5264667.5,East Asia,41445.00617892358
JPN,Japan,2001,127.260148,5299230.0,East Asia,41640.92281269388
JPN,Japan,2002,127.484598,5303337.5,East Asia,41599.82918093368
JPN,Japan,2003,127.671251,5373061.0,East Asia,42085.1284679587
JPN,Japan,2004,127.815774,5475032.0,East Asia,42835.33893085841
JPN,Japan,2005,127.91333,5544842.0,East Asia,43348.42975317741
JPN,Japan,2006,127.997247,5619079.0,East Asia,43899.99888044467
JPN,Japan,2007,128.087682,5721867.5,East Asia,44671.48917567264
JPN,Japan,2008,128.15599,5611646.0,East Asia,43787.62163204388
JPN,Japan,2009,128.19247,5372873.0,East Asia,41912.5475934741
JPN,Japan,2010,128.185275,5568566.5,East Asia,43441.545840581144
JPN,Japan,2011,128.096432,5527307.5,East Asia,43149.58202739012
JPN,Japan,2012,127.928285,5578679.0,East Asia,43607.86201425275
JPN,Japan,2013,127.723645,5612847.0,East Asia,43945.24600358845
JPN,Japan,2014,127.486605,5506011.5,East Asia,43188.94130093118
JPN,Japan,2015,127.275872,5667116.5,East Asia,44526.243748697314
JPN,Japan,2016,127.159951,5581832.5,East Asia,43896.151705814984
JPN,Japan,2017,127.06469,5567545.0,East Asia,43816.618133645155
JPN,Japan,2018,126.913432,5523070.5,East Asia,43518.40788609357
JPN,Japan,2019,126.699424,5515624.0,East Asia,43533.1418712685
JPN,Japan,2020,126.304543,5335586.5,East Asia,42243.8209526636
JPN,Japan,2021,125.679338,5337506.5,East Asia,42469.24422851432
JPN,Japan,2022,124.997578,5243242.5,East Asia,41946.75276028148
JPN,Japan,2023,124.370947,5393180.5,East Asia,43363.66836541013
KAZ,Kazakhstan,1990,17.154054,220394.3125,Eastern Europe & FSU,12847.94326169196
KAZ,Kazakhstan,1991,17.2786,218746.484375,Eastern Europe & FSU,12659.965759668028
KAZ,Kazakhstan,1992,17.332625,231148.375,Eastern Europe & FSU,13336.028154996719
KAZ,Kazakhstan,1993,17.274487,165968.28125,Eastern Europe & FSU,9607.711143607332
KAZ,Kazakhstan,1994,17.043771,132071.328125,Eastern Europe & FSU,7748.94993162018
KAZ,Kazakhstan,1995,16.730536,114959.1640625,Eastern Europe & FSU,6871.218236074445
KAZ,Kazakhstan,1996,16.416027,114212.7578125,Eastern Europe & FSU,6957.393394424851
KAZ,Kazakhstan,1997,16.043251,107074.9375,Eastern Europe & FSU,6674.142136154323
KAZ,Kazakhstan,1998,15.647785,98430.8671875,Eastern Europe & FSU,6290.402583336874
KAZ,Kazakhstan,1999,15.455874,98224.9921875,Eastern Europe & FSU,6355.188466695575
KAZ,Kazakhstan,2000,15.501103,113141.9609375,Eastern Europe & FSU,7298.961947256269
KAZ,Kazakhstan,2001,15.57555,121303.15625,Eastern Europe & FSU,7788.04961943559
KAZ,Kazakhstan,2002,15.656677,129719.6484375,Eastern Europe & FSU,8285.260559280874
KAZ,Kazakhstan,2003,15.74738,146048.84375,Eastern Europe & FSU,9274.485263580355
KAZ,Kazakhstan,2004,15.850159,166145.640625,Eastern Europe & FSU,10482.269649471655
KAZ,Kazakhstan,2005,15.968117,192665.3125,Eastern Europe & FSU,12065.625051469751
KAZ,Kazakhstan,2006,16.103716,234943.015625,Eastern Europe & FSU,14589.366555209992
KAZ,Kazakhstan,2007,16.257214,270028.875,Eastern Europe & FSU,16609.78781481255
KAZ,Kazakhstan,2008,16.426525,311803.78125,Eastern Europe & FSU,18981.72506053471
KAZ,Kazakhstan,2009,16.619846,299813.1875,Eastern Europe & FSU,18039.468446338193
KAZ,Kazakhstan,2010,16.83681,361168.9375,Eastern Europe & FSU,21451.15003970467
KAZ,Kazakhstan,2011,17.066002,451246.65625,Eastern Europe & FSU,26441.263527919426
KAZ,Kazakhstan,2012,17.306106,476279.0,Eastern Europe & FSU,27520.864601199137
KAZ,Kazakhstan,2013,17.556502,503827.125,Eastern Europe & FSU,28697.4663289988
KAZ,Kazakhstan,2014,17.816285,516442.8125,Eastern Europe & FSU,28987.121192773913
KAZ,Kazakhstan,2015,18.084169,481565.65625,Eastern Europe & FSU,26629.12828618224
KAZ,Kazakhstan,2016,18.3636,492651.75,Eastern Europe & FSU,26827.62366856172
KAZ,Kazakhstan,2017,18.651931,534304.25,Eastern Europe & FSU,28646.055467393697
KAZ,Kazakhstan,2018,18.932727,534350.0625,Eastern Europe & FSU,28223.618420103983
KAZ,Kazakhstan,2019,19.209555,614867.1875,Eastern Europe & FSU,32008.403500237247
KAZ,Kazakhstan,2020,19.482117,605905.125,Eastern Europe & FSU,31100.579315892624
KAZ,Kazakhstan,2021,19.743603,649053.625,Eastern Europe & FSU,32874.122570231986
KAZ,Kazakhstan,2022,20.034609,700118.0625,Eastern Europe & FSU,34945.4318025373
KAZ,Kazakhstan,2023,20.330104,709324.125,Eastern Europe & FSU,34890.33430424163
KEN,Kenya,1950,6.18736860323453,12568.7822265625,Sub-Saharan Africa,2031.3614773155748
KEN,Kenya,1951,6.35733906698608,14896.439453125,Sub-Saharan Africa,2343.187817444379
KEN,Kenya,1952,6.53393789731302,13625.1337890625,Sub-Saharan Africa,2085.2866989546415
KEN,Kenya,1953,6.71813004403238,13127.25390625,Sub-Saharan Africa,1954.0041380876148
KEN,Kenya,1954,6.91027748382379,14915.873046875,Sub-Saharan Africa,2158.5056579553343
KEN,Kenya,1955,7.11005342549047,16035.0859375,Sub-Saharan Africa,2255.2694020571103
KEN,Kenya,1956,7.31853126725546,16363.1142578125,Sub-Saharan Africa,2235.8467375857604
KEN,Kenya,1957,7.53538325393616,17017.78125,Sub-Saharan Africa,2258.3829748952244
KEN,Kenya,1958,7.76176472255127,17170.3125,Sub-Saharan Africa,2212.166061941152
KEN,Kenya,1959,7.99814513420059,16977.0,Sub-Saharan Africa,2122.617146243726
KEN,Kenya,1960,8.24502190557302,18420.369140625,Sub-Saharan Africa,2234.120097143005
KEN,Kenya,1961,8.50291992695365,18591.83984375,Sub-Saharan Africa,2186.524159167393
KEN,Kenya,1962,8.77239349019543,19819.0390625,Sub-Saharan Africa,2259.2510338998113
KEN,Kenya,1963,9.05402677071207,20294.505859375,Sub-Saharan Africa,2241.489491175748
KEN,Kenya,1964,9.34750550912259,22059.126953125,Sub-Saharan Africa,2359.894512134457
KEN,Kenya,1965,9.65242868732122,22963.259765625,Sub-Saharan Africa,2379.013666869975
KEN,Kenya,1966,9.97028855537467,25379.2578125,Sub-Saharan Africa,2545.488796191243
KEN,Kenya,1967,10.3017068841441,26376.53125,Sub-Saharan Africa,2560.403974471212
KEN,Kenya,1968,10.646269159722,26197.380859375,Sub-Saharan Africa,2460.7099882921875
KEN,Kenya,1969,11.0056585013697,27853.294921875,Sub-Saharan Africa,2530.815845177146
KEN,Kenya,1970,11.368791,26630.822265625,Sub-Saharan Africa,2342.4498054036703
KEN,Kenya,1971,11.788904,28065.265625,Sub-Saharan Africa,2380.650960004424
KEN,Kenya,1972,12.20606,30430.548828125,Sub-Saharan Africa,2493.068920530048
KEN,Kenya,1973,12.634835,32644.263671875,Sub-Saharan Africa,2583.671545522755
KEN,Kenya,1974,13.070078,36084.73046875,Sub-Saharan Africa,2760.8657323047346
KEN,Kenya,1975,13.511671,33331.28515625,Sub-Saharan Africa,2466.8514468898775
KEN,Kenya,1976,13.957623,34972.06640625,Sub-Saharan Africa,2505.5889821819947
KEN,Kenya,1977,14.428819,41219.125,Sub-Saharan Africa,2856.7220227795497
KEN,Kenya,1978,14.934126,42797.66015625,Sub-Saharan Africa,2865.7626269023044
KEN,Kenya,1979,15.460666,40347.109375,Sub-Saharan Africa,2609.6617943237375
KEN,Kenya,1980,16.018459,43235.78515625,Sub-Saharan Africa,2699.1226282284706
KEN,Kenya,1981,16.601507,42453.58203125,Sub-Saharan Africa,2557.212548911975
KEN,Kenya,1982,17.206175,43695.62890625,Sub-Saharan Africa,2539.531819608367
KEN,Kenya,1983,17.846374,46088.46484375,Sub-Saharan Africa,2582.5114302630886
KEN,Kenya,1984,18.514906,49766.04296875,Sub-Saharan Africa,2687.8906632715284
KEN,Kenya,1985,19.201768,53050.4765625,Sub-Saharan Africa,2762.791247269522
KEN,Kenya,1986,19.901646,55072.13671875,Sub-Saharan Africa,2767.215169978905
KEN,Kenya,1987,20.616096,56341.0859375,Sub-Saharan Africa,2732.8688194651404
KEN,Kenya,1988,21.356219,59579.84375,Sub-Saharan Africa,2789.8123609801905
KEN,Kenya,1989,22.118434,61129.87109375,Sub-Saharan Africa,2763.752221054619
KEN,Kenya,1990,22.892651,62134.8203125,Sub-Saharan Africa,2714.1819578912027
KEN,Kenya,1991,23.646514,64283.625,Sub-Saharan Africa,2718.5243879922427
KEN,Kenya,1992,24.38246,62889.5390625,Sub-Saharan Africa,2579.294257531849
KEN,Kenya,1993,25.117188,66505.3203125,Sub-Saharan Africa,2647.801191459012
KEN,Kenya,1994,25.85713,75911.7109375,Sub-Saharan Africa,2935.813485003943
KEN,Kenya,1995,26.601751,72854.4765625,Sub-Saharan Africa,2738.709815098262
KEN,Kenya,1996,27.344211,77387.15625,Sub-Saharan Africa,2830.111143086191
KEN,Kenya,1997,28.101768,78586.90625,Sub-Saharan Africa,2796.511103856526
KEN,Kenya,1998,28.888057,81129.546875,Sub-Saharan Africa,2808.4113401950153
KEN,Kenya,1999,29.733408,81183.328125,Sub-Saharan Africa,2730.37413420621
KEN,Kenya,2000,30.64289,80126.3515625,Sub-Saharan Africa,2614.843167942058
KEN,Kenya,2001,31.61917,80888.1484375,Sub-Saharan Africa,2558.1996123712293
KEN,Kenya,2002,32.629808,79076.953125,Sub-Saharan Africa,2423.457506247049
KEN,Kenya,2003,33.652223,82207.015625,Sub-Saharan Africa,2442.840570294569
KEN,Kenya,2004,34.713455,84412.7265625,Sub-Saharan Africa,2431.7005196544105
KEN,Kenya,2005,35.796484,86902.6640625,Sub-Saharan Africa,2427.687145544797
KEN,Kenya,2006,36.904008,96682.0625,Sub-Saharan Africa,2619.825534939186
KEN,Kenya,2007,38.036349,105481.9453125,Sub-Saharan Africa,2773.187965871803
KEN,Kenya,2008,39.206351,109711.71875,Sub-Saharan Africa,2798.3149656034047
KEN,Kenya,2009,40.408891,124336.6171875,Sub-Saharan Africa,3076.9618791938638
KEN,Kenya,2010,41.598567,133527.671875,Sub-Saharan Africa,3209.9103768406253
KEN,Kenya,2011,42.758461,138733.90625,Sub-Saharan Africa,3244.595408847854
KEN,Kenya,2012,43.888303,151048.703125,Sub-Saharan Africa,3441.6619645785804
KEN,Kenya,2013,44.986791,160895.96875,Sub-Saharan Africa,3576.5157988263713
KEN,Kenya,2014,46.05144,173776.59375,Sub-Saharan Africa,3773.5322445943057
KEN,Kenya,2015,47.088526,195307.5,Sub-Saharan Africa,4147.666461252153
KEN,Kenya,2016,48.139687,210638.96875,Sub-Saharan Africa,4375.578278064001
KEN,Kenya,2017,49.197766,223960.640625,Sub-Saharan Africa,4552.2522430185145
KEN,Kenya,2018,50.207107,242126.109375,Sub-Saharan Africa,4822.546524638434
KEN,Kenya,2019,51.202827,260573.21875,Sub-Saharan Africa,5089.039688179717
KEN,Kenya,2020,52.217334,263218.6875,Sub-Saharan Africa,5040.829688853896
KEN,Kenya,2021,53.219166,281170.4375,Sub-Saharan Africa,5283.255237408267
KEN,Kenya,2022,54.252461,291565.5625,Sub-Saharan Africa,5374.236617579431
KEN,Kenya,2023,55.339003,308679.90625,Sub-Saharan Africa,5577.980981153564
KGZ,Kyrgyzstan,1990,4.459543,40537.84765625,Eastern Europe & FSU,9090.134943479634
KGZ,Kyrgyzstan,1991,4.532116,40628.43359375,Eastern Europe & FSU,8964.56171769434
KGZ,Kyrgyzstan,1992,4.60031,31882.82421875,Eastern Europe & FSU,6930.581682267064
KGZ,Kyrgyzstan,1993,4.626803,27068.79296875,Eastern Europe & FSU,5850.43127376506
KGZ,Kyrgyzstan,1994,4.649185,21258.1328125,Eastern Europe & FSU,4572.442871707622
KGZ,Kyrgyzstan,1995,4.713635,16671.390625,Eastern Europe & FSU,3536.8437787397625
KGZ,Kyrgyzstan,1996,4.782882,15934.5966796875,Eastern Europe & FSU,3331.588920589615
KGZ,Kyrgyzstan,1997,4.847993,14184.3525390625,Eastern Europe & FSU,2925.8195172852975
KGZ,Kyrgyzstan,1998,4.907791,11996.8916015625,Eastern Europe & FSU,2444.458535736852
KGZ,Kyrgyzstan,1999,4.968587,12247.6796875,Eastern Europe & FSU,2465.0226890462013
KGZ,Kyrgyzstan,2000,5.025145,12649.8701171875,Eastern Europe & FSU,2517.314449073111
KGZ,Kyrgyzstan,2001,5.071956,12834.544921875,Eastern Europe & FSU,2530.492165522532
KGZ,Kyrgyzstan,2002,5.116254,12279.0390625,Eastern Europe & FSU,2400.005758607763
KGZ,Kyrgyzstan,2003,5.159422,13228.8271484375,Eastern Europe & FSU,2564.0134008106916
KGZ,Kyrgyzstan,2004,5.203041,13717.490234375,Eastern Europe & FSU,2636.4370825398073
KGZ,Kyrgyzstan,2005,5.246332,13216.15625,Eastern Europe & FSU,2519.1231225930806
KGZ,Kyrgyzstan,2006,5.282453,14143.890625,Eastern Europe & FSU,2677.5232311579484
KGZ,Kyrgyzstan,2007,5.313368,15981.474609375,Eastern Europe & FSU,3007.786136660401
KGZ,Kyrgyzstan,2008,5.34252,17511.23046875,Eastern Europe & FSU,3277.709857660804
KGZ,Kyrgyzstan,2009,5.398007,18415.6796875,Eastern Europe & FSU,3411.570175344345
KGZ,Kyrgyzstan,2010,5.491761,18975.3359375,Eastern Europe & FSU,3455.2370246083174
KGZ,Kyrgyzstan,2011,5.594535,22846.06640625,Eastern Europe & FSU,4083.6399104215097
KGZ,Kyrgyzstan,2012,5.696519,23886.814453125,Eastern Europe & FSU,4193.230015229476
KGZ,Kyrgyzstan,2013,5.797289,25158.953125,Eastern Europe & FSU,4339.779011362035
KGZ,Kyrgyzstan,2014,5.898319,26561.416015625,Eastern Europe & FSU,4503.217953390618
KGZ,Kyrgyzstan,2015,6.001882,27481.373046875,Eastern Europe & FSU,4578.792626525313
KGZ,Kyrgyzstan,2016,6.108462,31303.916015625,Eastern Europe & FSU,5124.680486778014
KGZ,Kyrgyzstan,2017,6.22015,35267.24609375,Eastern Europe & FSU,5669.838523789619
KGZ,Kyrgyzstan,2018,6.341732,33678.65625,Eastern Europe & FSU,5310.640098004772
KGZ,Kyrgyzstan,2019,6.494035,37492.0546875,Eastern Europe & FSU,5773.306532456323
KGZ,Kyrgyzstan,2020,6.66414,37100.52734375,Eastern Europe & FSU,5567.189066218597
KGZ,Kyrgyzstan,2021,6.820479,39144.1875,Eastern Europe & FSU,5739.213844071655
KGZ,Kyrgyzstan,2022,6.955788,43315.55859375,Eastern Europe & FSU,6227.268368982781
KGZ,Kyrgyzstan,2023,7.073516,50925.15234375,Eastern Europe & FSU,7199.411486981863
KOR,Republic of Korea,1953,21.2572120080287,26509.615234375,East Asia,1247.0880576607367
KOR,Republic of Korea,1954,21.4574370881028,27152.990234375,East Asia,1265.4349223016077
KOR,Republic of Korea,1955,21.7531716336547,29181.66796875,East Asia,1341.4902645094082
KOR,Republic of Korea,1956,22.2370431349991,29490.7265625,East Asia,1326.1981992598762
KOR,Republic of Korea,1957,22.8227887042858,32687.55859375,East Asia,1432.2333268419445
KOR,Republic of Korea,1958,23.470857708414,33699.83203125,East Asia,1435.8159573848484
KOR,Republic of Korea,1959,24.2053474640952,34080.2109375,East Asia,1407.9620624348647
KOR,Republic of Korea,1960,25.0156734025605,34090.42578125,East Asia,1362.7626661355696
KOR,Republic of Korea,1961,25.8531268707681,35809.890625,East Asia,1385.1280274143521
KOR,Republic of Korea,1962,26.6671260280787,36244.515625,East Asia,1359.1459232178581
KOR,Republic of Korea,1963,27.4655236311325,41116.86328125,East Asia,1497.0354774027883
KOR,Republic of Korea,1964,28.2454261537637,44594.98046875,East Asia,1578.8390030294418
KOR,Republic of Korea,1965,28.9731624232241,46800.58984375,East Asia,1615.3083035987786
KOR,Republic of Korea,1966,29.7109923438406,52793.92578125,East Asia,1776.9155997980233
KOR,Republic of Korea,1967,30.4124847352621,55943.453125,East Asia,1839.4897231180762
KOR,Republic of Korea,1968,31.1260883529705,62500.390625,East Asia,2007.9744655429956
KOR,Republic of Korea,1969,31.8386851082805,71772.34375,East Asia,2254.249618221001
KOR,Republic of Korea,1970,32.542197,78553.421875,East Asia,2413.894239377876
KOR,Republic of Korea,1971,33.239853,92014.5,East Asia,2768.1981626092033
KOR,Republic of Korea,1972,33.936465,105210.9296875,East Asia,3100.2324398696214
KOR,Republic of Korea,1973,34.625849,128407.640625,East Asia,3708.432986726188
KOR,Republic of Korea,1974,35.287837,145888.703125,East Asia,4134.248951699703
KOR,Republic of Korea,1975,35.875743,167891.875,East Asia,4679.815969246964
KOR,Republic of Korea,1976,36.379925,189679.75,East Asia,5213.857642642199
KOR,Republic of Korea,1977,36.843637,208804.40625,East Asia,5667.312547075632
KOR,Republic of Korea,1978,37.281935,228151.28125,East Asia,6119.620165906089
KOR,Republic of Korea,1979,37.710899,239219.890625,East Asia,6343.521288765882
KOR,Republic of Korea,1980,38.141107,218522.578125,East Asia,5729.319238820205
KOR,Republic of Korea,1981,38.689189,231217.65625,East Asia,5976.285939981838
KOR,Republic of Korea,1982,39.356154,251983.890625,East Asia,6402.655366807438
KOR,Republic of Korea,1983,40.000941,286419.96875,East Asia,7160.33077196859
KOR,Republic of Korea,1984,40.5983,317002.28125,East Asia,7808.264908875494
KOR,Republic of Korea,1985,41.148963,339696.375,East Asia,8255.283978845348
KOR,Republic of Korea,1986,41.718505,392296.09375,East Asia,9403.407282931159
KOR,Republic of Korea,1987,42.322092,453919.4375,East Asia,10725.354443726459
KOR,Republic of Korea,1988,42.922977,520179.34375,East Asia,12118.90181219257
KOR,Republic of Korea,1989,43.524767,574235.3125,East Asia,13193.300092795444
KOR,Republic of Korea,1990,44.081427,642726.75,East Asia,14580.443369040662
KOR,Republic of Korea,1991,44.43915,732588.625,East Asia,16485.207862886666
KOR,Republic of Korea,1992,44.653695,797743.8125,East Asia,17865.124319499206
KOR,Republic of Korea,1993,44.887724,879769.5625,East Asia,19599.3354998351
KOR,Republic of Korea,1994,45.13084,995668.9375,East Asia,22061.83039136874
KOR,Republic of Korea,1995,45.368425,1120924.25,East Asia,24707.14489206976
KOR,Republic of Korea,1996,45.6387,1244699.375,East Asia,27272.892851899815
KOR,Republic of Korea,1997,45.941537,1229958.125,East Asia,26772.24588720225
KOR,Republic of Korea,1998,46.230878,1129101.625,East Asia,24423.105808200315
KOR,Republic of Korea,1999,46.500383,1228570.625,East Asia,26420.65604061799
KOR,Republic of Korea,2000,46.766661,1306279.5,East Asia,27931.85299245546
KOR,Republic of Korea,2001,47.043468,1360284.375,East Asia,28915.478233875107
KOR,Republic of Korea,2002,47.29912,1478578.875,East Asia,31260.17725065498
KOR,Republic of Korea,2003,47.51416,1539034.5,East Asia,32391.070367233686
KOR,Republic of Korea,2004,47.697075,1632007.875,East Asia,34216.099729385925
KOR,Republic of Korea,2005,47.851644,1712799.375,East Asia,35793.95046489939
KOR,Republic of Korea,2006,48.006518,1781658.625,East Asia,37112.84840529363
KOR,Republic of Korea,2007,48.178118,1890641.5,East Asia,39242.74293985498
KOR,Republic of Korea,2008,48.356493,1904794.75,East Asia,39390.67190004866
KOR,Republic of Korea,2009,48.546687,1909636.0,East Asia,39336.07251098309
KOR,Republic of Korea,2010,48.769332,2022435.375,East Asia,41469.40899252013
KOR,Republic of Korea,2011,49.127643,2017057.5,East Asia,41057.48570107465
KOR,Republic of Korea,2012,49.599579,2047390.25,East Asia,41278.37960076234
KOR,Republic of Korea,2013,50.071164,2012698.375,East Asia,40196.7562607492
KOR,Republic of Korea,2014,50.539056,2085755.5,East Asia,41270.17133046569
KOR,Republic of Korea,2015,50.983912,2244826.0,East Asia,44030.08541204136
KOR,Republic of Korea,2016,51.297839,2342865.25,East Asia,45671.81182817467
KOR,Republic of Korea,2017,51.48627,2408608.25,East Asia,46781.564288887115
KOR,Republic of Korea,2018,51.640894,2501608.0,East Asia,48442.383665937305
KOR,Republic of Korea,2019,51.767846,2546967.75,East Asia,49199.801552492645
KOR,Republic of Korea,2020,51.858482,2588778.5,East Asia,49920.05936463778
KOR,Republic of Korea,2021,51.848397,2691082.75,East Asia,51902.91128962001
KOR,Republic of Korea,2022,51.782512,2669096.0,East Asia,51544.35149843639
KOR,Republic of Korea,2023,51.748739,2711053.75,East Asia,52388.78864275321
LAO,Lao People's DR,1970,2.669702,2220.80712890625,Southeast Asia,831.8558134601727
LAO,Lao People's DR,1971,2.734628,2331.46728515625,Southeast Asia,852.5720080231206
LAO,Lao People's DR,1972,2.80166,2412.33959960938,Southeast Asia,861.0393836544691
LAO,Lao People's DR,1973,2.870573,2625.271484375,Southeast Asia,914.546149627618
LAO,Lao People's DR,1974,2.939761,2717.794921875,Southeast Asia,924.4951959955249
LAO,Lao People's DR,1975,3.005521,2897.93090820313,Southeast Asia,964.2025153719205
LAO,Lao People's DR,1976,3.064876,2984.0908203125,Southeast Asia,973.6416156191964
LAO,Lao People's DR,1977,3.118923,2926.95922851563,Southeast Asia,938.4519042360552
LAO,Lao People's DR,1978,3.17174,2966.134765625,Southeast Asia,935.1758863037325
LAO,Lao People's DR,1979,3.228202,2884.56005859375,Southeast Asia,893.5500500259122
LAO,Lao People's DR,1980,3.292573,3177.96337890625,Southeast Asia,965.1914715045801
LAO,Lao People's DR,1981,3.366631,3671.17260742188,Southeast Asia,1090.4588615211705
LAO,Lao People's DR,1982,3.450026,3950.63500976563,Southeast Asia,1145.1029672720235
LAO,Lao People's DR,1983,3.541001,4196.599609375,Southeast Asia,1185.144994134427
LAO,Lao People's DR,1984,3.637843,4224.76025390625,Southeast Asia,1161.3366090582385
LAO,Lao People's DR,1985,3.739985,4673.6787109375,Southeast Asia,1249.6517261265753
LAO,Lao People's DR,1986,3.846715,4906.43115234375,Southeast Asia,1275.4860062010703
LAO,Lao People's DR,1987,3.957612,4922.6416015625,Southeast Asia,1243.8413875747547
LAO,Lao People's DR,1988,4.072601,5081.34228515625,Southeast Asia,1247.6896914665224
LAO,Lao People's DR,1989,4.190974,5683.90380859375,Southeast Asia,1356.225022773644
LAO,Lao People's DR,1990,4.311955,6069.625,Southeast Asia,1407.6271667955718
LAO,Lao People's DR,1991,4.435118,6329.98291015625,Southeast Asia,1427.2411489742212
LAO,Lao People's DR,1992,4.559646,6677.3369140625,Southeast Asia,1464.441957569184
LAO,Lao People's DR,1993,4.68506,7081.86962890625,Southeast Asia,1511.5856849018476
LAO,Lao People's DR,1994,4.80922,7625.87255859375,Southeast Asia,1585.6776272646605
LAO,Lao People's DR,1995,4.929409,8182.26708984375,Southeast Asia,1659.888049428187
LAO,Lao People's DR,1996,5.045678,8820.66015625,Southeast Asia,1748.161526805714
LAO,Lao People's DR,1997,5.152011,9345.83203125,Southeast Asia,1814.0163193071598
LAO,Lao People's DR,1998,5.248266,9683.73828125,Southeast Asia,1845.1309977905082
LAO,Lao People's DR,1999,5.340784,10766.466796875,Southeast Asia,2015.896317258852
LAO,Lao People's DR,2000,5.431212,10695.0146484375,Southeast Asia,1969.176428472595
LAO,Lao People's DR,2001,5.521482,12950.3271484375,Southeast Asia,2345.444058033242
LAO,Lao People's DR,2002,5.610889,14413.076171875,Southeast Asia,2568.768723080246
LAO,Lao People's DR,2003,5.697945,14797.46484375,Southeast Asia,2596.98274443681
LAO,Lao People's DR,2004,5.781626,15664.8779296875,Southeast Asia,2709.424291659042
LAO,Lao People's DR,2005,5.869523,16184.8662109375,Southeast Asia,2757.4414839055066
LAO,Lao People's DR,2006,5.9632,20540.091796875,Southeast Asia,3444.474744579253
LAO,Lao People's DR,2007,6.056236,22726.890625,Southeast Asia,3752.6428337667157
LAO,Lao People's DR,2008,6.148969,23708.921875,Southeast Asia,3855.7556356195646
LAO,Lao People's DR,2009,6.241642,26789.716796875,Southeast Asia,4292.094419525343
LAO,Lao People's DR,2010,6.334194,28503.83984375,Southeast Asia,4499.99476551397
LAO,Lao People's DR,2011,6.42659,33396.26171875,Southeast Asia,5196.57574526304
LAO,Lao People's DR,2012,6.518978,37548.234375,Southeast Asia,5759.834497830795
LAO,Lao People's DR,2013,6.611385,41360.8359375,Southeast Asia,6256.001720895092
LAO,Lao People's DR,2014,6.703172,45204.03125,Southeast Asia,6743.677657383698
LAO,Lao People's DR,2015,6.801645,48078.79296875,Southeast Asia,7068.700728831041
LAO,Lao People's DR,2016,6.908802,52530.01953125,Southeast Asia,7603.347082641824
LAO,Lao People's DR,2017,7.018147,54856.140625,Southeast Asia,7816.328245190646
LAO,Lao People's DR,2018,7.128045,56488.4296875,Southeast Asia,7924.813842715639
LAO,Lao People's DR,2019,7.237636,58130.09375,Southeast Asia,8031.640959838267
LAO,Lao People's DR,2020,7.346533,59274.4453125,Southeast Asia,8068.356231776268
LAO,Lao People's DR,2021,7.453194,59392.3046875,Southeast Asia,7968.7050528270165
LAO,Lao People's DR,2022,7.559007,61943.38671875,Southeast Asia,8194.64603204495
LAO,Lao People's DR,2023,7.664993,64174.9140625,Southeast Asia,8372.468710995561
LKA,Sri Lanka,1950,7.33513292176538,25357.48828125,South Asia,3456.9909709484987
LKA,Sri Lanka,1951,7.55126516058912,27267.125,South Asia,3610.934647389965
LKA,Sri Lanka,1952,7.77796361679202,24134.5703125,South Asia,3102.9420426183706
LKA,Sri Lanka,1953,8.01357303858533,25326.912109375,South Asia,3160.5018120413947
LKA,Sri Lanka,1954,8.24640219454103,28594.119140625,South Asia,3467.4659889319723
LKA,Sri Lanka,1955,8.46531330628362,31019.3828125,South Asia,3664.292352827033
LKA,Sri Lanka,1956,8.6826782782067,27866.171875,South Asia,3209.398181312715
LKA,Sri Lanka,1957,8.91025427322608,28063.826171875,South Asia,3149.610023610932
LKA,Sri Lanka,1958,9.14105441086008,29386.41015625,South Asia,3214.77247978497
LKA,Sri Lanka,1959,9.38626754317193,30887.00390625,South Asia,3290.6588017213344
LKA,Sri Lanka,1960,9.65297062605622,32707.916015625,South Asia,3388.378280913512
LKA,Sri Lanka,1961,9.92278920389214,32396.18359375,South Asia,3264.8263434884657
LKA,Sri Lanka,1962,10.1903651825304,34730.3359375,South Asia,3408.1542040356994
LKA,Sri Lanka,1963,10.4531207336593,33458.515625,South Asia,3200.8159551111635
LKA,Sri Lanka,1964,10.7066598056839,34762.91015625,South Asia,3246.8492309613903
LKA,Sri Lanka,1965,10.9647537220416,35764.96484375,South Asia,3261.811961344325
LKA,Sri Lanka,1966,11.2303907577711,36792.09765625,South Asia,3276.11909948823
LKA,Sri Lanka,1967,11.4965078861652,37548.1953125,South Asia,3266.0522381483497
LKA,Sri Lanka,1968,11.7676896671573,40944.15625,South Asia,3479.3708372741958
LKA,Sri Lanka,1969,12.0317415613421,42767.64453125,South Asia,3554.5680825344634
LKA,Sri Lanka,1970,12.28711,44967.88671875,South Asia,3659.761060066199
LKA,Sri Lanka,1971,12.55191,45209.31640625,South Asia,3601.7878080905616
LKA,Sri Lanka,1972,12.809205,46413.70703125,South Asia,3623.465080873481
LKA,Sri Lanka,1973,13.060916,49814.92578125,South Asia,3814.0453381102825
LKA,Sri Lanka,1974,13.305693,50659.125,South Asia,3807.32705917685
LKA,Sri Lanka,1975,13.548984,48854.59765625,South Asia,3605.7757287372983
LKA,Sri Lanka,1976,13.79677,47163.4609375,South Asia,3418.4422105681256
LKA,Sri Lanka,1977,14.049371,46749.6171875,South Asia,3327.5238576517054
LKA,Sri Lanka,1978,14.310128,45915.109375,South Asia,3208.5743310611897
LKA,Sri Lanka,1979,14.579614,38933.21875,South Asia,2670.387484195398
LKA,Sri Lanka,1980,14.847974,36551.05859375,South Asia,2461.686597360017
LKA,Sri Lanka,1981,15.099414,40920.6328125,South Asia,2710.0808556212846
LKA,Sri Lanka,1982,15.286567,40810.0234375,South Asia,2669.6656899812756
LKA,Sri Lanka,1983,15.388794,42201.265625,South Asia,2742.3374193585278
LKA,Sri Lanka,1984,15.44186,45072.71875,South Asia,2918.8659105833103
LKA,Sri Lanka,1985,15.544154,48514.08203125,South Asia,3121.050012194295
LKA,Sri Lanka,1986,15.731256,51673.4296875,South Asia,3284.7618580169315
LKA,Sri Lanka,1987,15.916576,53859.0390625,South Asia,3383.8332479611195
LKA,Sri Lanka,1988,16.078621,55398.78125,South Asia,3445.4933199806133
LKA,Sri Lanka,1989,16.248557,58152.21875,South Asia,3578.915884653634
LKA,Sri Lanka,1990,16.352458,60332.0,South Asia,3689.475918543867
LKA,Sri Lanka,1991,16.475354,61036.55859375,South Asia,3704.7190970069596
LKA,Sri Lanka,1992,16.739284,66480.984375,South Asia,3971.554839203397
LKA,Sri Lanka,1993,17.025918,72679.046875,South Asia,4268.729995939132
LKA,Sri Lanka,1994,17.275773,77678.3125,South Asia,4496.372608044803
LKA,Sri Lanka,1995,17.564068,82403.671875,South Asia,4691.605149501813
LKA,Sri Lanka,1996,17.905018,88330.4296875,South Asia,4933.277904970551
LKA,Sri Lanka,1997,18.2482,92896.546875,South Asia,5090.72384536557
LKA,Sri Lanka,1998,18.596003,100453.5,South Asia,5401.886631229302
LKA,Sri Lanka,1999,18.944731,98149.8359375,South Asia,5180.851390156978
LKA,Sri Lanka,2000,19.293054,99367.453125,South Asia,5150.4263205296575
LKA,Sri Lanka,2001,19.600362,99923.7734375,South Asia,5098.057547993246
LKA,Sri Lanka,2002,19.805752,105316.4296875,South Asia,5317.466849403144
LKA,Sri Lanka,2003,19.951521,113515.59375,South Asia,5689.5709229386575
LKA,Sri Lanka,2004,20.087605,116326.5703125,South Asia,5790.962651470894
LKA,Sri Lanka,2005,20.216524,120612.9140625,South Asia,5966.055987789988
LKA,Sri Lanka,2006,20.352411,134505.796875,South Asia,6608.838474960043
LKA,Sri Lanka,2007,20.492545,148321.609375,South Asia,7237.83255691277
LKA,Sri Lanka,2008,20.629378,160605.34375,South Asia,7785.273203583743
LKA,Sri Lanka,2009,20.756435,186625.96875,South Asia,8991.234224470629
LKA,Sri Lanka,2010,20.879089,205887.734375,South Asia,9860.953913027526
LKA,Sri Lanka,2011,21.009048,224030.34375,South Asia,10663.517154608815
LKA,Sri Lanka,2012,21.169458,246448.75,South Asia,11641.712792079987
LKA,Sri Lanka,2013,21.358827,257101.34375,South Asia,12037.240797446413
LKA,Sri Lanka,2014,21.547456,266185.125,South Asia,12353.436294289218
LKA,Sri Lanka,2015,21.729971,282758.625,South Asia,13012.379307823283
LKA,Sri Lanka,2016,21.910772,301752.8125,South Asia,13771.893226765354
LKA,Sri Lanka,2017,22.087522,314129.0,South Asia,14222.011867152865
LKA,Sri Lanka,2018,22.253118,323615.15625,South Asia,14542.463498822952
LKA,Sri Lanka,2019,22.410552,322498.6875,South Asia,14390.483889017994
LKA,Sri Lanka,2020,22.561807,289517.46875,South Asia,12832.193305704635
LKA,Sri Lanka,2021,22.700372,309878.71875,South Asia,13650.821173767548
LKA,Sri Lanka,2022,22.834965,287845.8125,South Asia,12605.485162775594
LKA,Sri Lanka,2023,22.971617,283839.71875,South Asia,12356.105308128723
LSO,Lesotho,1960,0.820043404869598,798.309448242188,Sub-Saharan Africa,973.4965777441181
LSO,Lesotho,1961,0.836023953992812,800.749328613281,Sub-Saharan Africa,957.8066810035035
LSO,Lesotho,1962,0.853083862967066,919.35546875,Sub-Saharan Africa,1077.6847490145203
LSO,Lesotho,1963,0.871100843435377,1020.36187744141,Sub-Saharan Africa,1171.3475944040983
LSO,Lesotho,1964,0.890031855361489,1102.28283691406,Sub-Saharan Africa,1238.475713283728
LSO,Lesotho,1965,0.909739409740693,1115.4111328125,Sub-Saharan Africa,1226.0776227452106
LSO,Lesotho,1966,0.93029802959873,1149.74011230469,Sub-Saharan Africa,1235.8836369895496
LSO,Lesotho,1967,0.951690464762339,1269.21325683594,Sub-Saharan Africa,1333.6408252791462
LSO,Lesotho,1968,0.973672309311349,1276.64416503906,Sub-Saharan Africa,1311.1640875789049
LSO,Lesotho,1969,0.996261496594199,1299.29541015625,Sub-Saharan Africa,1304.171058098699
LSO,Lesotho,1970,1.019273,1314.31494140625,Sub-Saharan Africa,1289.463118719175
LSO,Lesotho,1971,1.056246,1177.62622070313,Sub-Saharan Africa,1114.9166204682715
LSO,Lesotho,1972,1.094063,1422.22131347656,Sub-Saharan Africa,1299.9446224546118
LSO,Lesotho,1973,1.132697,1758.373046875,Sub-Saharan Africa,1552.377243759805
LSO,Lesotho,1974,1.17242,1746.23461914063,Sub-Saharan Africa,1489.4275252389332
LSO,Lesotho,1975,1.213643,1723.35498046875,Sub-Saharan Africa,1419.9851030894176
LSO,Lesotho,1976,1.253214,1729.1044921875,Sub-Saharan Africa,1379.736016504364
LSO,Lesotho,1977,1.289967,2079.08325195313,Sub-Saharan Africa,1611.7336737708251
LSO,Lesotho,1978,1.32724,2580.41381835938,Sub-Saharan Africa,1944.195336457144
LSO,Lesotho,1979,1.366169,2146.18408203125,Sub-Saharan Africa,1570.950652540974
LSO,Lesotho,1980,1.406521,2049.68701171875,Sub-Saharan Africa,1457.2743753692623
LSO,Lesotho,1981,1.448069,2084.5361328125,Sub-Saharan Africa,1439.5281805027937
LSO,Lesotho,1982,1.490732,2065.34252929688,Sub-Saharan Africa,1385.4552859245525
LSO,Lesotho,1983,1.534413,1953.57641601563,Sub-Saharan Africa,1273.1750943296427
LSO,Lesotho,1984,1.578986,1981.47595214844,Sub-Saharan Africa,1254.9040663745213
LSO,Lesotho,1985,1.624379,2076.08959960938,Sub-Saharan Africa,1278.0820237206833
LSO,Lesotho,1986,1.666138,2033.77661132813,Sub-Saharan Africa,1220.653157978589
LSO,Lesotho,1987,1.70339,2173.17944335938,Sub-Saharan Africa,1275.7967602013514
LSO,Lesotho,1988,1.739841,2414.16845703125,Sub-Saharan Africa,1387.5799323221202
LSO,Lesotho,1989,1.775436,2565.77319335938,Sub-Saharan Africa,1445.1510464806279
LSO,Lesotho,1990,1.809696,2621.27905273438,Sub-Saharan Africa,1448.4637490133039
LSO,Lesotho,1991,1.842379,2607.80395507813,Sub-Saharan Africa,1415.454667621662
LSO,Lesotho,1992,1.873274,2801.52026367188,Sub-Saharan Africa,1495.5208173881022
LSO,Lesotho,1993,1.901793,3050.58618164063,Sub-Saharan Africa,1604.0579503871504
LSO,Lesotho,1994,1.927707,3186.1875,Sub-Saharan Africa,1652.838060970884
LSO,Lesotho,1995,1.951437,3278.60693359375,Sub-Saharan Africa,1680.098785455923
LSO,Lesotho,1996,1.972418,3605.021484375,Sub-Saharan Africa,1827.7167843606173
LSO,Lesotho,1997,1.98813,3886.35595703125,Sub-Saharan Africa,1954.7795954144096
LSO,Lesotho,1998,1.998049,3657.3369140625,Sub-Saharan Africa,1830.4540649716298
LSO,Lesotho,1999,2.003234,3841.44262695313,Sub-Saharan Africa,1917.620521093956
LSO,Lesotho,2000,2.003913,4042.41088867188,Sub-Saharan Africa,2017.2586777329557
LSO,Lesotho,2001,2.000853,4373.9755859375,Sub-Saharan Africa,2186.055440323452
LSO,Lesotho,2002,1.994679,4398.43310546875,Sub-Saharan Africa,2205.083176525521
LSO,Lesotho,2003,1.985059,4431.1982421875,Sub-Saharan Africa,2232.2753339762194
LSO,Lesotho,2004,1.971129,4610.576171875,Sub-Saharan Africa,2339.053492630366
LSO,Lesotho,2005,1.953076,4784.63330078125,Sub-Saharan Africa,2449.793710424607
LSO,Lesotho,2006,1.945063,4880.8740234375,Sub-Saharan Africa,2509.365518462641
LSO,Lesotho,2007,1.953268,5196.2001953125,Sub-Saharan Africa,2660.2597264238702
LSO,Lesotho,2008,1.966541,5505.24072265625,Sub-Saharan Africa,2799.4538240780385
LSO,Lesotho,2009,1.980883,5114.88916015625,Sub-Saharan Africa,2582.1258298224834
LSO,Lesotho,2010,1.996251,5411.5009765625,Sub-Saharan Africa,2710.83194275795
LSO,Lesotho,2011,2.014009,5801.53955078125,Sub-Saharan Africa,2880.592664075111
LSO,Lesotho,2012,2.034354,5788.54541015625,Sub-Saharan Africa,2845.3973153916427
LSO,Lesotho,2013,2.056504,5909.189453125,Sub-Saharan Africa,2873.4150058181262
LSO,Lesotho,2014,2.080089,6331.95263671875,Sub-Saharan Africa,3044.0777470188773
LSO,Lesotho,2015,2.104611,6981.05419921875,Sub-Saharan Africa,3317.028277063434
LSO,Lesotho,2016,2.130422,6670.7470703125,Sub-Saharan Africa,3131.185779302176
LSO,Lesotho,2017,2.15711,6137.9189453125,Sub-Saharan Africa,2845.4362296371073
LSO,Lesotho,2018,2.183603,6257.65869140625,Sub-Saharan Africa,2865.749264589877
LSO,Lesotho,2019,2.209405,6028.70166015625,Sub-Saharan Africa,2728.653940837579
LSO,Lesotho,2020,2.235727,5633.650390625,Sub-Saharan Africa,2519.8292951800468
LSO,Lesotho,2021,2.261542,5567.025390625,Sub-Saharan Africa,2461.6060151104866
LSO,Lesotho,2022,2.28611,5562.75830078125,Sub-Saharan Africa,2433.2854940406414
LSO,Lesotho,2023,2.311472,5605.927734375,Sub-Saharan Africa,2425.2630939829683
LTU,Lithuania,1990,3.695012,60046.984375,Eastern Europe & FSU,16250.822561604671
LTU,Lithuania,1991,3.701407,52531.48828125,Eastern Europe & FSU,14192.302624718113
LTU,Lithuania,1992,3.697544,44209.63671875,Eastern Europe & FSU,11956.48698669982
LTU,Lithuania,1993,3.680197,37310.50390625,Eastern Europe & FSU,10138.181164282782
LTU,Lithuania,1994,3.654891,35763.9921875,Eastern Europe & FSU,9785.241799960655
LTU,Lithuania,1995,3.627038,37141.86328125,Eastern Europe & FSU,10240.27409727993
LTU,Lithuania,1996,3.599711,39562.9765625,Eastern Europe & FSU,10990.598012590455
LTU,Lithuania,1997,3.573409,42746.1171875,Eastern Europe & FSU,11962.279489277606
LTU,Lithuania,1998,3.547771,45551.5703125,Eastern Europe & FSU,12839.490010065474
LTU,Lithuania,1999,3.522901,46595.6640625,Eastern Europe & FSU,13226.503970023568
LTU,Lithuania,2000,3.500402,49282.5703125,Eastern Europe & FSU,14079.117287814372
LTU,Lithuania,2001,3.473004,52841.5078125,Eastern Europe & FSU,15214.928578400715
LTU,Lithuania,2002,3.44405,56188.26171875,Eastern Europe & FSU,16314.589427781246
LTU,Lithuania,2003,3.415278,60662.62890625,Eastern Europe & FSU,17762.13500226043
LTU,Lithuania,2004,3.376699,62918.66015625,Eastern Europe & FSU,18633.18588842239
LTU,Lithuania,2005,3.322263,65346.37890625,Eastern Europe & FSU,19669.237175458416
LTU,Lithuania,2006,3.269808,69986.59375,Eastern Europe & FSU,21403.88479996379
LTU,Lithuania,2007,3.231374,78745.875,Eastern Europe & FSU,24369.161539332803
LTU,Lithuania,2008,3.198481,82148.8359375,Eastern Europe & FSU,25683.7029632191
LTU,Lithuania,2009,3.163254,72293.1953125,Eastern Europe & FSU,22854.059557816097
LTU,Lithuania,2010,3.09772,76073.53125,Eastern Europe & FSU,24557.910737574734
LTU,Lithuania,2011,3.028642,85475.0703125,Eastern Europe & FSU,28222.24294337198
LTU,Lithuania,2012,2.988329,90666.4765625,Eastern Europe & FSU,30340.192315672073
LTU,Lithuania,2013,2.95836,92150.3046875,Eastern Europe & FSU,31149.11798682378
LTU,Lithuania,2014,2.933168,94032.8359375,Eastern Europe & FSU,32058.4555461876
LTU,Lithuania,2015,2.905764,96638.65625,Eastern Europe & FSU,33257.57227703282
LTU,Lithuania,2016,2.86911,99550.578125,Eastern Europe & FSU,34697.372399454885
LTU,Lithuania,2017,2.829313,105296.4296875,Eastern Europe & FSU,37216.25344650804
LTU,Lithuania,2018,2.802478,109843.4140625,Eastern Europe & FSU,39195.10307038985
LTU,Lithuania,2019,2.795058,120441.3125,Eastern Europe & FSU,43090.80974348296
LTU,Lithuania,2020,2.795765,119759.6640625,Eastern Europe & FSU,42836.0981922658
LTU,Lithuania,2021,2.794488,128252.8125,Eastern Europe & FSU,45894.9233276364
LTU,Lithuania,2022,2.816919,122797.8828125,Eastern Europe & FSU,43592.97616030138
LTU,Lithuania,2023,2.854099,128820.2578125,Eastern Europe & FSU,45135.17499305385
LUX,Luxembourg,1950,0.295724696668975,4089.14819335938,Western Europe,13827.550554347665
LUX,Luxembourg,1951,0.297563551493389,5094.83056640625,Western Europe,17121.823357856523
LUX,Luxembourg,1952,0.299402406317803,5767.58935546875,Western Europe,19263.670677872567
LUX,Luxembourg,1953,0.301241261142218,5011.58984375,Western Europe,16636.465485330693
LUX,Luxembourg,1954,0.303080115966632,5047.9287109375,Western Europe,16655.426882221658
LUX,Luxembourg,1955,0.304918970791046,5401.90087890625,Western Europe,17715.856986176335
LUX,Luxembourg,1956,0.30675782561546,6028.7724609375,Western Europe,19653.19857396219
LUX,Luxembourg,1957,0.308596680439874,6167.97021484375,Western Europe,19987.156718769365
LUX,Luxembourg,1958,0.310435535264289,5991.0771484375,Western Europe,19298.94122248924
LUX,Luxembourg,1959,0.312274390088703,6040.9365234375,Western Europe,19344.963004239777
LUX,Luxembourg,1960,0.314115242598867,6994.7529296875,Western Europe,22268.110492874028
LUX,Luxembourg,1961,0.316992595851026,6932.8544921875,Western Europe,21870.71427827818
LUX,Luxembourg,1962,0.320899413220751,6741.982421875,Western Europe,21009.64396976663
LUX,Luxembourg,1963,0.324250963400699,6895.6259765625,Western Europe,21266.32378896314
LUX,Luxembourg,1964,0.327902673318577,7466.7666015625,Western Europe,22771.28919381542
LUX,Luxembourg,1965,0.331654416604962,7624.375,Western Europe,22988.914418955243
LUX,Luxembourg,1966,0.334050536304902,7670.47607421875,Western Europe,22962.022929421622
LUX,Luxembourg,1967,0.335168047676475,7802.31884765625,Western Europe,23278.826552068986
LUX,Luxembourg,1968,0.336023444787976,8284.392578125,Western Europe,24654.210016066838
LUX,Luxembourg,1969,0.337657223752901,9444.1630859375,Western Europe,27969.67581789033
LUX,Luxembourg,1970,0.339332,10122.75,Western Europe,29831.404052668182
LUX,Luxembourg,1971,0.341956,9707.5166015625,Western Europe,28388.20375008042
LUX,Luxembourg,1972,0.346072,10371.95703125,Western Europe,29970.517786038745
LUX,Luxembourg,1973,0.349201,11810.4638671875,Western Europe,33821.3918837217
LUX,Luxembourg,1974,0.351425,13087.12890625,Western Europe,37240.176157786154
LUX,Luxembourg,1975,0.35368,10913.1630859375,Western Europe,30856.036773177733
LUX,Luxembourg,1976,0.355872,11575.544921875,Western Europe,32527.270821742084
LUX,Luxembourg,1977,0.358245,11287.9580078125,Western Europe,31509.045507439045
LUX,Luxembourg,1978,0.361046,12063.2734375,Western Europe,33412.01242362469
LUX,Luxembourg,1979,0.362894,12561.708984375,Western Europe,34615.3669787183
LUX,Luxembourg,1980,0.363705,12993.7001953125,Western Europe,35725.9322673939
LUX,Luxembourg,1981,0.364485,12540.392578125,Western Europe,34405.785088892546
LUX,Luxembourg,1982,0.365056,12539.5185546875,Western Europe,34349.57528348391
LUX,Luxembourg,1983,0.36549,12394.8828125,Western Europe,33913.05593176284
LUX,Luxembourg,1984,0.365897,12616.8505859375,Western Europe,34481.97330379178
LUX,Luxembourg,1985,0.366661,12755.8359375,Western Europe,34789.18111688999
LUX,Luxembourg,1986,0.368406,14106.72265625,Western Europe,38291.24025192315
LUX,Luxembourg,1987,0.37079,14680.7333984375,Western Europe,39593.12116949621
LUX,Luxembourg,1988,0.373783,16349.0029296875,Western Europe,43739.28972074038
LUX,Luxembourg,1989,0.377377,18236.919921875,Western Europe,48325.467428791366
LUX,Luxembourg,1990,0.3817,19128.720703125,Western Europe,50114.54205691643
LUX,Luxembourg,1991,0.386817,20879.318359375,Western Europe,53977.251153323145
LUX,Luxembourg,1992,0.391964,21112.265625,Western Europe,53862.76705258647
LUX,Luxembourg,1993,0.3972,22905.548828125,Western Europe,57667.54488450403
LUX,Luxembourg,1994,0.40259,24350.099609375,Western Europe,60483.61759948086
LUX,Luxembourg,1995,0.408227,24914.9296875,Western Europe,61032.04758014536
LUX,Luxembourg,1996,0.413776,25887.470703125,Western Europe,62563.97351012384
LUX,Luxembourg,1997,0.418969,28084.4609375,Western Europe,67032.31250402775
LUX,Luxembourg,1998,0.424154,29904.4375,Western Europe,70503.7262409408
LUX,Luxembourg,1999,0.429897,33876.5546875,Western Europe,78801.5610425288
LUX,Luxembourg,2000,0.436132,36812.2578125,Western Europe,84406.22979396145
LUX,Luxembourg,2001,0.441752,36722.53125,Western Europe,83129.2925668701
LUX,Luxembourg,2002,0.446389,37761.0390625,Western Europe,84592.22575489091
LUX,Luxembourg,2003,0.451838,38194.35546875,Western Europe,84531.08297387559
LUX,Luxembourg,2004,0.458296,41186.55859375,Western Europe,89868.9026169768
LUX,Luxembourg,2005,0.465363,41123.69921875,Western Europe,88369.07794291768
LUX,Luxembourg,2006,0.472866,46102.33203125,Western Europe,97495.55271736602
LUX,Luxembourg,2007,0.48027,49827.4921875,Western Europe,103748.91662502343
LUX,Luxembourg,2008,0.48899,53693.609375,Western Europe,109805.12766109737
LUX,Luxembourg,2009,0.498187,51345.15625,Western Europe,103064.02264611481
LUX,Luxembourg,2010,0.50741,54888.48828125,Western Europe,108173.84024999506
LUX,Luxembourg,2011,0.518584,57682.3359375,Western Europe,111230.45820445674
LUX,Luxembourg,2012,0.530947,59190.25390625,Western Europe,111480.53177859561
LUX,Luxembourg,2013,0.543354,59728.81640625,Western Europe,109926.1557037401
LUX,Luxembourg,2014,0.556279,62644.87890625,Western Europe,112614.1359034765
LUX,Luxembourg,2015,0.569536,67099.7734375,Western Europe,117814.80615360574
LUX,Luxembourg,2016,0.583506,68776.90625,Western Europe,117868.37881701303
LUX,Luxembourg,2017,0.596495,71408.109375,Western Europe,119712.83812102364
LUX,Luxembourg,2018,0.608101,70953.203125,Western Europe,116679.96455358567
LUX,Luxembourg,2019,0.620163,75322.4921875,Western Europe,121455.95946146415
LUX,Luxembourg,2020,0.630597,73697.0234375,Western Europe,116868.65531789718
LUX,Luxembourg,2021,0.640274,82260.953125,Western Europe,128477.73472763223
LUX,Luxembourg,2022,0.653313,81348.25,Western Europe,124516.50280952621
LUX,Luxembourg,2023,0.665098,78869.2421875,Western Europe,118582.88881864026
LVA,Latvia,1990,2.660131,48618.16015625,Eastern Europe & FSU,18276.603729759925
LVA,Latvia,1991,2.64894,44125.53125,Eastern Europe & FSU,16657.806990720816
LVA,Latvia,1992,2.614827,31227.19140625,Eastern Europe & FSU,11942.354659122764
LVA,Latvia,1993,2.56382,29054.205078125,Eastern Europe & FSU,11332.38880971558
LVA,Latvia,1994,2.521233,25316.4765625,Eastern Europe & FSU,10041.307789680684
LVA,Latvia,1995,2.485949,24180.357421875,Eastern Europe & FSU,9726.811540331277
LVA,Latvia,1996,2.457905,23853.12109375,Eastern Europe & FSU,9704.655425555504
LVA,Latvia,1997,2.433231,25113.93359375,Eastern Europe & FSU,10321.228684720028
LVA,Latvia,1998,2.410209,27260.720703125,Eastern Europe & FSU,11310.52149549064
LVA,Latvia,1999,2.390822,28926.560546875,Eastern Europe & FSU,12099.002161965633
LVA,Latvia,2000,2.368313,29820.169921875,Eastern Europe & FSU,12591.312855131478
LVA,Latvia,2001,2.338301,31537.873046875,Eastern Europe & FSU,13487.516383423264
LVA,Latvia,2002,2.311351,33826.734375,Eastern Europe & FSU,14635.048668505993
LVA,Latvia,2003,2.288984,34517.1796875,Eastern Europe & FSU,15079.694610141441
LVA,Latvia,2004,2.264174,36430.703125,Eastern Europe & FSU,16090.063363063085
LVA,Latvia,2005,2.239784,39040.4140625,Eastern Europe & FSU,17430.437070047825
LVA,Latvia,2006,2.219032,43200.64453125,Eastern Europe & FSU,19468.238642457614
LVA,Latvia,2007,2.200776,49631.44921875,Eastern Europe & FSU,22551.79501173677
LVA,Latvia,2008,2.177711,50967.17578125,Eastern Europe & FSU,23404.012645043353
LVA,Latvia,2009,2.142043,44869.921875,Eastern Europe & FSU,20947.255435581825
LVA,Latvia,2010,2.097831,45095.46875,Eastern Europe & FSU,21496.235278246917
LVA,Latvia,2011,2.059941,48142.69921875,Eastern Europe & FSU,23370.91170026229
LVA,Latvia,2012,2.034633,50679.80859375,Eastern Europe & FSU,24908.574958604328
LVA,Latvia,2013,2.01301,51032.9453125,Eastern Europe & FSU,25351.56075354817
LVA,Latvia,2014,1.994149,52407.296875,Eastern Europe & FSU,26280.532134258774
LVA,Latvia,2015,1.977867,55109.0078125,Eastern Europe & FSU,27862.848114913693
LVA,Latvia,2016,1.959863,57023.6640625,Eastern Europe & FSU,29095.739887175787
LVA,Latvia,2017,1.942594,59530.4765625,Eastern Europe & FSU,30644.83703877393
LVA,Latvia,2018,1.927588,61923.84765625,Eastern Europe & FSU,32125.043140053785
LVA,Latvia,2019,1.914263,65845.7109375,Eastern Europe & FSU,34397.421324812734
LVA,Latvia,2020,1.901123,65489.1171875,Eastern Europe & FSU,34447.596072163666
LVA,Latvia,2021,1.885587,67646.703125,Eastern Europe & FSU,35875.673265142366
LVA,Latvia,2022,1.881063,67110.5625,Eastern Europe & FSU,35676.93506278099
LVA,Latvia,2023,1.882396,70633.1640625,Eastern Europe & FSU,37523.01006934779
MAR,Morocco,1950,8.88539848836345,14794.2080078125,MENA,1665.002197390177
MAR,Morocco,1951,9.16140932674935,15387.658203125,MENA,1679.6169294822728
MAR,Morocco,1952,9.452025333572,16480.396484375,MENA,1743.5836133277608
MAR,Morocco,1953,9.70550898748196,16967.7890625,MENA,1748.2637009954692
MAR,Morocco,1954,9.97248228839443,18066.607421875,MENA,1811.6459773410863
MAR,Morocco,1955,10.2531910137961,17991.205078125,MENA,1754.6932514879588
MAR,Morocco,1956,10.5449833062287,18322.916015625,MENA,1737.5955450590461
MAR,Morocco,1957,10.8472442685114,18087.728515625,MENA,1667.4952704929945
MAR,Morocco,1958,11.1596573827737,19377.34375,MENA,1736.3744320601909
MAR,Morocco,1959,11.4825246560382,19974.23046875,MENA,1739.5329918361074
MAR,Morocco,1960,11.8144739062479,20885.21484375,MENA,1767.7651167103752
MAR,Morocco,1961,12.1120442369387,26096.865234375,MENA,2154.6210304273905
MAR,Morocco,1962,12.4166078894015,29561.931640625,MENA,2380.8379795788114
MAR,Morocco,1963,12.7292486425906,34535.80859375,MENA,2713.1066069522094
MAR,Morocco,1964,13.0498467820108,36933.3671875,MENA,2830.1763081550207
MAR,Morocco,1965,13.3766718890469,36375.10546875,MENA,2719.294139115029
MAR,Morocco,1966,13.7080724478194,35190.28125,MENA,2567.121043746589
MAR,Morocco,1967,14.0462994536128,36243.96484375,MENA,2580.321241437567
MAR,Morocco,1968,14.3952817185027,38676.96875,MENA,2686.7809540877065
MAR,Morocco,1969,14.7565492300173,43066.14453125,MENA,2918.4427781832783
MAR,Morocco,1970,15.129449,40672.91796875,MENA,2688.32777510602
MAR,Morocco,1971,15.527225,43149.98828125,MENA,2778.989051891114
MAR,Morocco,1972,15.924692,44327.12890625,MENA,2783.5470165608226
MAR,Morocco,1973,16.326269,45766.328125,MENA,2803.2325159532775
MAR,Morocco,1974,16.733842,50551.03125,MENA,3020.886133023128
MAR,Morocco,1975,17.150786,52027.12109375,MENA,3033.512347116336
MAR,Morocco,1976,17.574182,55923.90234375,MENA,3182.162466722491
MAR,Morocco,1977,18.014756,57091.42578125,MENA,3169.1478797298173
MAR,Morocco,1978,18.477385,60443.85546875,MENA,3271.234293637871
MAR,Morocco,1979,18.955589,64358.01171875,MENA,3395.199786129041
MAR,Morocco,1980,19.459943,64268.16015625,MENA,3302.587276655949
MAR,Morocco,1981,19.985401,63954.859375,MENA,3200.0788663184694
MAR,Morocco,1982,20.520318,70741.640625,MENA,3447.3949489964043
MAR,Morocco,1983,21.060696,76575.203125,MENA,3635.9293693332834
MAR,Morocco,1984,21.593778,81560.2421875,MENA,3777.025131382753
MAR,Morocco,1985,22.113953,89799.8359375,MENA,4060.777190649723
MAR,Morocco,1986,22.600803,101341.78125,MENA,4483.990292291827
MAR,Morocco,1987,23.054392,103951.1484375,MENA,4508.952065944745
MAR,Morocco,1988,23.500524,117024.3671875,MENA,4979.649270267336
MAR,Morocco,1989,23.939414,117343.0234375,MENA,4901.6664918155475
MAR,Morocco,1990,24.375551,119020.4296875,MENA,4882.779047230563
MAR,Morocco,1991,24.799014,133754.171875,MENA,5393.527818283421
MAR,Morocco,1992,25.212468,133289.796875,MENA,5286.662014801565
MAR,Morocco,1993,25.614586,134922.3125,MENA,5267.401647639357
MAR,Morocco,1994,26.000822,151458.125,MENA,5825.128336327213
MAR,Morocco,1995,26.399429,149319.078125,MENA,5656.148022178812
MAR,Morocco,1996,26.808107,175800.4375,MENA,6557.734102598143
MAR,Morocco,1997,27.213337,163646.90625,MENA,6013.48178101054
MAR,Morocco,1998,27.621648,166764.296875,MENA,6037.449209221694
MAR,Morocco,1999,28.027179,159388.078125,MENA,5686.91119876888
MAR,Morocco,2000,28.423435,151544.90625,MENA,5331.688666412064
MAR,Morocco,2001,28.814643,155577.703125,MENA,5399.258395288812
MAR,Morocco,2002,29.198142,155326.375,MENA,5319.7348995699795
MAR,Morocco,2003,29.571415,162323.59375,MENA,5489.206172582543
MAR,Morocco,2004,29.953018,162416.046875,MENA,5422.360006427399
MAR,Morocco,2005,30.358144,157629.4375,MENA,5192.327880782172
MAR,Morocco,2006,30.771178,172379.375,MENA,5601.975166501588
MAR,Morocco,2007,31.186468,181797.953125,MENA,5829.385781198435
MAR,Morocco,2008,31.606767,202308.703125,MENA,6400.803445825382
MAR,Morocco,2009,32.030778,228753.234375,MENA,7141.669627100535
MAR,Morocco,2010,32.467016,243293.140625,MENA,7493.547932615674
MAR,Morocco,2011,32.912588,268792.9375,MENA,8166.873340376636
MAR,Morocco,2012,33.355241,276824.09375,MENA,8299.26828440544
MAR,Morocco,2013,33.787571,287107.1875,MENA,8497.420175602443
MAR,Morocco,2014,34.20478,283351.9375,MENA,8283.986551002521
MAR,Morocco,2015,34.607588,309177.46875,MENA,8933.805752368527
MAR,Morocco,2016,35.023457,310225.625,MENA,8857.652886749585
MAR,Morocco,2017,35.446392,319303.6875,MENA,9008.073021931257
MAR,Morocco,2018,35.83976,304096.625,MENA,8484.895685685397
MAR,Morocco,2019,36.210898,312723.90625,MENA,8636.18202039618
MAR,Morocco,2020,36.584208,300074.21875,MENA,8202.288231851297
MAR,Morocco,2021,36.954442,318667.84375,MENA,8623.262225147386
MAR,Morocco,2022,37.329064,308752.375,MENA,8271.098761008312
MAR,Morocco,2023,37.712505,328706.5625,MENA,8716.115848045629
MDA,Republic of Moldova,1990,4.451148,32179.30859375,Eastern Europe & FSU,7229.440268836264
MDA,Republic of Moldova,1991,4.456609,30268.0703125,Eastern Europe & FSU,6791.7266945563315
MDA,Republic of Moldova,1992,4.455711,17344.294921875,Eastern Europe & FSU,3892.598716989275
MDA,Republic of Moldova,1993,4.448239,17355.0546875,Eastern Europe & FSU,3901.5562534971705
MDA,Republic of Moldova,1994,4.434456,15021.5966796875,Eastern Europe & FSU,3387.4722580825023
MDA,Republic of Moldova,1995,4.414211,15864.2587890625,Eastern Europe & FSU,3593.905862013053
MDA,Republic of Moldova,1996,4.387655,14818.4677734375,Eastern Europe & FSU,3377.3092400012083
MDA,Republic of Moldova,1997,4.355538,14592.7646484375,Eastern Europe & FSU,3350.3931428075016
MDA,Republic of Moldova,1998,4.318715,12442.564453125,Eastern Europe & FSU,2881.080241026555
MDA,Republic of Moldova,1999,4.278216,10903.0810546875,Eastern Europe & FSU,2548.5111211513167
MDA,Republic of Moldova,2000,4.234967,11019.3896484375,Eastern Europe & FSU,2602.001302120536
MDA,Republic of Moldova,2001,4.18977,11682.505859375,Eastern Europe & FSU,2788.340615206801
MDA,Republic of Moldova,2002,4.14293,12738.4970703125,Eastern Europe & FSU,3074.7555643741266
MDA,Republic of Moldova,2003,4.095419,13823.482421875,Eastern Europe & FSU,3375.352417390016
MDA,Republic of Moldova,2004,4.046669,14786.6728515625,Eastern Europe & FSU,3654.035665274946
MDA,Republic of Moldova,2005,3.988669,15782.244140625,Eastern Europe & FSU,3956.769574167473
MDA,Republic of Moldova,2006,3.921316,16740.23828125,Eastern Europe & FSU,4269.0357730032465
MDA,Republic of Moldova,2007,3.851396,17470.31640625,Eastern Europe & FSU,4536.099743119119
MDA,Republic of Moldova,2008,3.779504,18677.80078125,Eastern Europe & FSU,4941.8655943346
MDA,Republic of Moldova,2009,3.70621,19240.443359375,Eastern Europe & FSU,5191.406682129453
MDA,Republic of Moldova,2010,3.631992,21249.259765625,Eastern Europe & FSU,5850.580002826273
MDA,Republic of Moldova,2011,3.557266,24054.50390625,Eastern Europe & FSU,6762.076242330487
MDA,Republic of Moldova,2012,3.482626,26086.2265625,Eastern Europe & FSU,7490.389884673232
MDA,Republic of Moldova,2013,3.408738,27063.005859375,Eastern Europe & FSU,7939.303595458202
MDA,Republic of Moldova,2014,3.342709,28525.560546875,Eastern Europe & FSU,8533.66552304583
MDA,Republic of Moldova,2015,3.287164,29678.44921875,Eastern Europe & FSU,9028.587931344466
MDA,Republic of Moldova,2016,3.237794,32512.962890625,Eastern Europe & FSU,10041.702125158365
MDA,Republic of Moldova,2017,3.193497,35816.50390625,Eastern Europe & FSU,11215.449366713043
MDA,Republic of Moldova,2018,3.153773,35475.48828125,Eastern Europe & FSU,11248.586464926295
MDA,Republic of Moldova,2019,3.112562,39548.1875,Eastern Europe & FSU,12705.991880643662
MDA,Republic of Moldova,2020,3.069131,38720.9921875,Eastern Europe & FSU,12616.27222412468
MDA,Republic of Moldova,2021,3.023778,41952.83984375,Eastern Europe & FSU,13874.312149817215
MDA,Republic of Moldova,2022,3.039985,39840.703125,Eastern Europe & FSU,13105.559114600894
MDA,Republic of Moldova,2023,3.06707,34450.8515625,Eastern Europe & FSU,11232.496018186737
MDG,Madagascar,1960,5.40585021253749,9764.720703125,Sub-Saharan Africa,1806.3246888488
MDG,Madagascar,1961,5.51273987833712,10164.2451171875,Sub-Saharan Africa,1843.7737570620643
MDG,Madagascar,1962,5.6243859955448,10660.708984375,Sub-Saharan Africa,1895.444052527615
MDG,Madagascar,1963,5.74058918349844,10745.44140625,Sub-Saharan Africa,1871.835984560298
MDG,Madagascar,1964,5.86147875748595,10931.919921875,Sub-Saharan Africa,1865.0447052995573
MDG,Madagascar,1965,5.98599104048459,10721.1767578125,Sub-Saharan Africa,1791.044571450708
MDG,Madagascar,1966,6.11418763359515,11250.3291015625,Sub-Saharan Africa,1840.0366125086175
MDG,Madagascar,1967,6.24688157730053,11750.5693359375,Sub-Saharan Africa,1881.0296290289664
MDG,Madagascar,1968,6.38358570564335,12760.4990234375,Sub-Saharan Africa,1998.95475863302
MDG,Madagascar,1969,6.52430472099774,13248.1298828125,Sub-Saharan Africa,2030.5811039412195
MDG,Madagascar,1970,6.672003,14264.150390625,Sub-Saharan Africa,2137.911267519664
MDG,Madagascar,1971,6.868868,14747.2919921875,Sub-Saharan Africa,2146.975599500165
MDG,Madagascar,1972,7.074398,14475.927734375,Sub-Saharan Africa,2046.241635595707
MDG,Madagascar,1973,7.288048,14016.68359375,Sub-Saharan Africa,1923.2424915080142
MDG,Madagascar,1974,7.509726,13744.0712890625,Sub-Saharan Africa,1830.169474766789
MDG,Madagascar,1975,7.739336,13650.64453125,Sub-Saharan Africa,1763.8004773600733
MDG,Madagascar,1976,7.976831,13907.0576171875,Sub-Saharan Africa,1743.431397404245
MDG,Madagascar,1977,8.22224,14120.919921875,Sub-Saharan Africa,1717.4054663783836
MDG,Madagascar,1978,8.475864,13705.701171875,Sub-Saharan Africa,1617.0270277903232
MDG,Madagascar,1979,8.737581,14321.51953125,Sub-Saharan Africa,1639.0714468054716
MDG,Madagascar,1980,9.006032,14483.23828125,Sub-Saharan Africa,1608.1708660650995
MDG,Madagascar,1981,9.279011,14012.056640625,Sub-Saharan Africa,1510.0808308800365
MDG,Madagascar,1982,9.557671,14400.29296875,Sub-Saharan Africa,1506.6738506431118
MDG,Madagascar,1983,9.843044,15160.1748046875,Sub-Saharan Africa,1540.1917135275935
MDG,Madagascar,1984,10.13455,15675.19921875,Sub-Saharan Africa,1546.708952913548
MDG,Madagascar,1985,10.433142,16316.8544921875,Sub-Saharan Africa,1563.9444466669293
MDG,Madagascar,1986,10.736857,19841.408203125,Sub-Saharan Africa,1847.9717298204678
MDG,Madagascar,1987,11.047291,18758.88671875,Sub-Saharan Africa,1698.0530990584027
MDG,Madagascar,1988,11.369462,18126.02734375,Sub-Saharan Africa,1594.2730925834485
MDG,Madagascar,1989,11.704998,17680.958984375,Sub-Saharan Africa,1510.5478005528066
MDG,Madagascar,1990,12.055639,17334.3203125,Sub-Saharan Africa,1437.8599352966692
MDG,Madagascar,1991,12.421412,16699.24609375,Sub-Saharan Africa,1344.3919333607162
MDG,Madagascar,1992,12.80087,16236.5859375,Sub-Saharan Africa,1268.3970650041756
MDG,Madagascar,1993,13.197345,16439.794921875,Sub-Saharan Africa,1245.6895627018162
MDG,Madagascar,1994,13.61385,16608.0390625,Sub-Saharan Africa,1219.9369805382019
MDG,Madagascar,1995,14.051275,16987.53125,Sub-Saharan Africa,1208.9672467445125
MDG,Madagascar,1996,14.510711,17815.109375,Sub-Saharan Africa,1227.7213277144035
MDG,Madagascar,1997,14.990814,18483.11328125,Sub-Saharan Africa,1232.9626183908358
MDG,Madagascar,1998,15.489364,19571.650390625,Sub-Saharan Africa,1263.5541646916556
MDG,Madagascar,1999,16.000506,20688.646484375,Sub-Saharan Africa,1292.999514163802
MDG,Madagascar,2000,16.516338,22000.603515625,Sub-Saharan Africa,1332.0509374187545
MDG,Madagascar,2001,17.032939,23789.48046875,Sub-Saharan Africa,1396.6750229511185
MDG,Madagascar,2002,17.549913,21982.0078125,Sub-Saharan Africa,1252.5422668761948
MDG,Madagascar,2003,18.071854,24227.607421875,Sub-Saharan Africa,1340.626557843761
MDG,Madagascar,2004,18.606608,24972.076171875,Sub-Saharan Africa,1342.1079313260643
MDG,Madagascar,2005,19.159707,26179.689453125,Sub-Saharan Africa,1366.3929961520287
MDG,Madagascar,2006,19.730909,28242.49609375,Sub-Saharan Africa,1431.3834245421738
MDG,Madagascar,2007,20.318583,29885.240234375,Sub-Saharan Africa,1470.8328939264613
MDG,Madagascar,2008,20.92384,32607.66796875,Sub-Saharan Africa,1558.3978834071568
MDG,Madagascar,2009,21.54728,32555.775390625,Sub-Saharan Africa,1510.8995376968694
MDG,Madagascar,2010,22.18334,36421.0625,Sub-Saharan Africa,1641.8205058390665
MDG,Madagascar,2011,22.8223,40237.875,Sub-Saharan Africa,1763.0946486550436
MDG,Madagascar,2012,23.462438,41290.42578125,Sub-Saharan Africa,1759.852312928861
MDG,Madagascar,2013,24.10929,41286.33984375,Sub-Saharan Africa,1712.466018026661
MDG,Madagascar,2014,24.764348,42593.2265625,Sub-Saharan Africa,1719.9413674246543
MDG,Madagascar,2015,25.426702,43479.36328125,Sub-Saharan Africa,1709.988313909134
MDG,Madagascar,2016,26.099952,45887.87109375,Sub-Saharan Africa,1758.159213999704
MDG,Madagascar,2017,26.788375,45278.40625,Sub-Saharan Africa,1690.2259375568694
MDG,Madagascar,2018,27.494926,44377.8046875,Sub-Saharan Africa,1614.0361566166791
MDG,Madagascar,2019,28.219554,46696.34375,Sub-Saharan Africa,1654.7513029440508
MDG,Madagascar,2020,28.953556,43729.19140625,Sub-Saharan Africa,1510.3219585963811
MDG,Madagascar,2021,29.691083,45242.9296875,Sub-Saharan Africa,1523.7884615896296
MDG,Madagascar,2022,30.437261,46122.49609375,Sub-Saharan Africa,1515.3300454252437
MDG,Madagascar,2023,31.195932,48227.25390625,Sub-Saharan Africa,1545.9468851980444
MEX,Mexico,1950,27.4271671500077,160765.9375,Latin America & Caribbean,5861.558236062847
MEX,Mexico,1951,28.208096742305,173773.078125,Latin America & Caribbean,6160.3971268428195
MEX,Mexico,1952,29.0246802388905,182071.28125,Latin America & Caribbean,6272.981467890234
MEX,Mexico,1953,29.8786972129204,177200.421875,Latin America & Caribbean,5930.660919123792
MEX,Mexico,1954,30.7720686484211,196963.5,Latin America & Caribbean,6400.723404408046
MEX,Mexico,1955,31.7068110276686,213215.328125,Latin America & Caribbean,6724.590749253843
MEX,Mexico,1956,32.6850473502177,227162.125,Latin America & Caribbean,6950.031999830863
MEX,Mexico,1957,33.7149812830332,243618.203125,Latin America & Caribbean,7225.814574234955
MEX,Mexico,1958,34.7995512338036,255772.34375,Latin America & Caribbean,7349.874773716846
MEX,Mexico,1959,35.9419894509859,263421.34375,Latin America & Caribbean,7329.069641768933
MEX,Mexico,1960,37.1456016432295,282432.6875,Latin America & Caribbean,7603.395153285363
MEX,Mexico,1961,38.3566112768284,290607.78125,Latin America & Caribbean,7576.47173658323
MEX,Mexico,1962,39.5941290207857,302357.96875,Latin America & Caribbean,7636.43439640436
MEX,Mexico,1963,40.8581475290821,331133.84375,Latin America & Caribbean,8104.475209364419
MEX,Mexico,1964,42.1486741477367,375011.15625,Latin America & Caribbean,8897.341703692413
MEX,Mexico,1965,43.4656941847112,395358.09375,Latin America & Caribbean,9095.865168284023
MEX,Mexico,1966,44.8092957922363,420088.84375,Latin America & Caribbean,9375.037842544827
MEX,Mexico,1967,46.2128813197088,441913.4375,Latin America & Caribbean,9562.559721017296
MEX,Mexico,1968,47.6795471142305,478504.71875,Latin America & Caribbean,10035.848654426183
MEX,Mexico,1969,49.2125364432873,499027.03125,Latin America & Caribbean,10140.242046355008
MEX,Mexico,1970,50.814953,531663.6875,Latin America & Caribbean,10462.74090817323
MEX,Mexico,1971,52.412558,556715.5625,Latin America & Caribbean,10621.79721317933
MEX,Mexico,1972,54.030168,603699.6875,Latin America & Caribbean,11173.381646712629
MEX,Mexico,1973,55.667284,653356.4375,Latin America & Caribbean,11736.811831883157
MEX,Mexico,1974,57.320149,694679.4375,Latin America & Caribbean,12119.288760048408
MEX,Mexico,1975,58.9824,735018.625,Latin America & Caribbean,12461.66017320421
MEX,Mexico,1976,60.645512,777653.5,Latin America & Caribbean,12822.93568566129
MEX,Mexico,1977,62.308493,806907.0,Latin America & Caribbean,12950.192841287302
MEX,Mexico,1978,63.979046,882309.875,Latin America & Caribbean,13790.606927774448
MEX,Mexico,1979,65.648865,977482.9375,Latin America & Caribbean,14889.563399153969
MEX,Mexico,1980,67.300334,1093436.75,Latin America & Caribbean,16247.12219110235
MEX,Mexico,1981,68.892108,1185747.375,Latin America & Caribbean,17211.65761105757
MEX,Mexico,1982,70.43326,1186030.0,Latin America & Caribbean,16839.06154563909
MEX,Mexico,1983,71.97124,1128958.75,Latin America & Caribbean,15686.248423675903
MEX,Mexico,1984,73.506846,1148612.375,Latin America & Caribbean,15625.92380851166
MEX,Mexico,1985,75.043414,1158898.75,Latin America & Caribbean,15443.044075793247
MEX,Mexico,1986,76.585637,1086287.75,Latin America & Caribbean,14183.961804744144
MEX,Mexico,1987,78.136651,1111770.5,Latin America & Caribbean,14228.540457921597
MEX,Mexico,1988,79.695531,1086675.0,Latin America & Caribbean,13635.331697582891
MEX,Mexico,1989,81.247182,1129763.125,Latin America & Caribbean,13905.259200251401
MEX,Mexico,1990,82.82017,1191005.125,Latin America & Caribbean,14380.616762800655
MEX,Mexico,1991,84.430572,1232492.625,Latin America & Caribbean,14597.705497008832
MEX,Mexico,1992,86.044809,1274719.875,Latin America & Caribbean,14814.605201808281
MEX,Mexico,1993,87.653807,1269434.0,Latin America & Caribbean,14482.36013297175
MEX,Mexico,1994,89.259205,1344516.0,Latin America & Caribbean,15063.051480236689
MEX,Mexico,1995,90.862455,1301517.875,Latin America & Caribbean,14324.044788356203
MEX,Mexico,1996,92.452702,1358575.0,Latin America & Caribbean,14694.811191132088
MEX,Mexico,1997,94.021207,1449732.75,Latin America & Caribbean,15419.210157555199
MEX,Mexico,1998,95.575245,1532634.25,Latin America & Caribbean,16035.891406817738
MEX,Mexico,1999,97.115707,1615858.25,Latin America & Caribbean,16638.485162858364
MEX,Mexico,2000,98.625552,1686677.0,Latin America & Caribbean,17101.825701315214
MEX,Mexico,2001,100.099099,1696744.625,Latin America & Caribbean,16950.648327014413
MEX,Mexico,2002,101.548624,1688725.0,Latin America & Caribbean,16629.71819293189
MEX,Mexico,2003,102.978515,1729275.125,Latin America & Caribbean,16792.581685606943
MEX,Mexico,2004,104.394131,1808047.625,Latin America & Caribbean,17319.437478721862
MEX,Mexico,2005,105.811504,1855946.625,Latin America & Caribbean,17540.121393605747
MEX,Mexico,2006,107.253666,1988677.75,Latin America & Caribbean,18541.81609046352
MEX,Mexico,2007,108.77436,2040467.25,Latin America & Caribbean,18758.71528915454
MEX,Mexico,2008,110.374288,2057051.0,Latin America & Caribbean,18637.048875006105
MEX,Mexico,2009,111.999721,2014234.625,Latin America & Caribbean,17984.282523346643
MEX,Mexico,2010,113.623895,2166551.25,Latin America & Caribbean,19067.743189053675
MEX,Mexico,2011,115.243504,2376366.5,Latin America & Caribbean,20620.39436079625
MEX,Mexico,2012,116.818208,2531821.0,Latin America & Caribbean,21673.17101799747
MEX,Mexico,2013,118.343573,2462417.5,Latin America & Caribbean,20807.36146102332
MEX,Mexico,2014,119.784261,2516903.0,Latin America & Caribbean,21011.96750715021
MEX,Mexico,2015,121.072306,2598904.75,Latin America & Caribbean,21465.724374655918
MEX,Mexico,2016,122.251351,2693811.0,Latin America & Caribbean,22035.020291922992
MEX,Mexico,2017,123.400057,2705404.25,Latin America & Caribbean,21923.849273424566
MEX,Mexico,2018,124.573711,2713931.5,Latin America & Caribbean,21785.74819851036
MEX,Mexico,2019,125.762982,2678600.5,Latin America & Caribbean,21298.799196730244
MEX,Mexico,2020,126.799054,2459316.0,Latin America & Caribbean,19395.381293617538
MEX,Mexico,2021,127.648148,2557488.25,Latin America & Caribbean,20035.45127814937
MEX,Mexico,2022,128.613117,2601140.25,Latin America & Caribbean,20224.53316328536
MEX,Mexico,2023,129.739759,2742741.25,Latin America & Caribbean,21140.329465233553
MLI,Mali,1960,5.08668733392492,3445.28125,Sub-Saharan Africa,677.3133522522995
MLI,Mali,1961,5.18900767549659,3417.56616210938,Sub-Saharan Africa,658.6165170361436
MLI,Mali,1962,5.29468185348442,3397.03784179688,Sub-Saharan Africa,641.5943272514658
MLI,Mali,1963,5.40383182557628,3599.91821289063,Sub-Saharan Africa,666.1788022070292
MLI,Mali,1964,5.5165844061821,3022.34399414063,Sub-Saharan Africa,547.8650867289682
MLI,Mali,1965,5.63306910789075,3242.00219726563,Sub-Saharan Africa,575.5303432589285
MLI,Mali,1966,5.7534251567353,3303.60717773438,Sub-Saharan Africa,574.1983405949031
MLI,Mali,1967,5.8777906994772,3428.12060546875,Sub-Saharan Africa,583.232847296462
MLI,Mali,1968,6.00631629450102,3886.68798828125,Sub-Saharan Africa,647.1001188931127
MLI,Mali,1969,6.13915519837028,3992.74877929688,Sub-Saharan Africa,650.3743023725492
MLI,Mali,1970,6.276472,4294.869140625,Sub-Saharan Africa,684.2807775809404
MLI,Mali,1971,6.377944,4375.25537109375,Sub-Saharan Africa,685.997771553615
MLI,Mali,1972,6.483726,3817.16455078125,Sub-Saharan Africa,588.7300837174874
MLI,Mali,1973,6.597106,3905.30541992188,Sub-Saharan Africa,591.9725133902472
MLI,Mali,1974,6.715436,3714.74194335938,Sub-Saharan Africa,553.1646706720725
MLI,Mali,1975,6.837261,4085.001953125,Sub-Saharan Africa,597.4617545132473
MLI,Mali,1976,6.960979,4728.5888671875,Sub-Saharan Africa,679.2994013036815
MLI,Mali,1977,7.090979,4976.72509765625,Sub-Saharan Africa,701.8389276933764
MLI,Mali,1978,7.229651,4872.3388671875,Sub-Saharan Africa,673.9383224982091
MLI,Mali,1979,7.375266,5458.70166015625,Sub-Saharan Africa,740.1362418869028
MLI,Mali,1980,7.530515,5238.0498046875,Sub-Saharan Africa,695.5765714147705
MLI,Mali,1981,7.692766,5978.701171875,Sub-Saharan Africa,777.1848476705259
MLI,Mali,1982,7.860194,6537.36962890625,Sub-Saharan Africa,831.705887781682
MLI,Mali,1983,8.0344,6385.3349609375,Sub-Saharan Africa,794.7494474929678
MLI,Mali,1984,8.208599,6420.48046875,Sub-Saharan Africa,782.1651988055453
MLI,Mali,1985,8.374663,8212.845703125,Sub-Saharan Africa,980.6777542123187
MLI,Mali,1986,8.531277,8472.3798828125,Sub-Saharan Africa,993.0963304570348
MLI,Mali,1987,8.681164,7635.35595703125,Sub-Saharan Africa,879.5313574344696
MLI,Mali,1988,8.833996,6660.01123046875,Sub-Saharan Africa,753.9069782767334
MLI,Mali,1989,8.999938,6946.30224609375,Sub-Saharan Africa,771.8166776364181
MLI,Mali,1990,9.17883,6778.59130859375,Sub-Saharan Africa,738.5027621814273
MLI,Mali,1991,9.362888,7651.388671875,Sub-Saharan Africa,817.2039088660465
MLI,Mali,1992,9.55354,7078.3271484375,Sub-Saharan Africa,740.911447320836
MLI,Mali,1993,9.754786,7492.73828125,Sub-Saharan Africa,768.1089345527416
MLI,Mali,1994,9.967031,7504.33642578125,Sub-Saharan Africa,752.9159311114062
MLI,Mali,1995,10.185365,10093.10546875,Sub-Saharan Africa,990.9419513930037
MLI,Mali,1996,10.407278,12427.4462890625,Sub-Saharan Africa,1194.1111104231577
MLI,Mali,1997,10.646495,13229.828125,Sub-Saharan Africa,1242.6463474598918
MLI,Mali,1998,10.919573,14238.9873046875,Sub-Saharan Africa,1303.9875556203067
MLI,Mali,1999,11.227415,15523.005859375,Sub-Saharan Africa,1382.5983861267264
MLI,Mali,2000,11.55929,15948.49609375,Sub-Saharan Africa,1379.7124298940505
MLI,Mali,2001,11.912158,17881.1171875,Sub-Saharan Africa,1501.0812639909577
MLI,Mali,2002,12.28805,18869.41015625,Sub-Saharan Africa,1535.5902813098905
MLI,Mali,2003,12.684955,20615.61328125,Sub-Saharan Africa,1625.2019247407657
MLI,Mali,2004,13.102409,19299.958984375,Sub-Saharan Africa,1473.0084356529399
MLI,Mali,2005,13.538647,20352.7265625,Sub-Saharan Africa,1503.3058002398616
MLI,Mali,2006,13.990139,23628.421875,Sub-Saharan Africa,1688.9340323923873
MLI,Mali,2007,14.457775,23839.6875,Sub-Saharan Africa,1648.918142660264
MLI,Mali,2008,14.940782,25558.7421875,Sub-Saharan Africa,1710.6696414886449
MLI,Mali,2009,15.435539,29911.498046875,Sub-Saharan Africa,1937.833077735413
MLI,Mali,2010,15.945198,31020.798828125,Sub-Saharan Africa,1945.4633820241681
MLI,Mali,2011,16.469049,33769.70703125,Sub-Saharan Africa,2050.4952672889613
MLI,Mali,2012,16.957033,33537.4140625,Sub-Saharan Africa,1977.7878631538904
MLI,Mali,2013,17.459615,33978.828125,Sub-Saharan Africa,1946.1384529383954
MLI,Mali,2014,18.020267,36484.83203125,Sub-Saharan Africa,2024.6554632764319
MLI,Mali,2015,18.593022,39752.015625,Sub-Saharan Africa,2138.0072386834154
MLI,Mali,2016,19.191289,43575.10546875,Sub-Saharan Africa,2270.56689463381
MLI,Mali,2017,19.813011,46113.66015625,Sub-Saharan Africa,2327.4433227867285
MLI,Mali,2018,20.44203,48611.44921875,Sub-Saharan Africa,2378.01476755244
MLI,Mali,2019,21.068405,52054.703125,Sub-Saharan Africa,2470.7472219657825
MLI,Mali,2020,21.713836,51243.45703125,Sub-Saharan Africa,2359.9449231932117
MLI,Mali,2021,22.38863,50564.2265625,Sub-Saharan Africa,2258.477922164063
MLI,Mali,2022,23.07264,53652.59375,Sub-Saharan Africa,2325.3773191971095
MLI,Mali,2023,23.769127,60815.63671875,Sub-Saharan Africa,2558.5978281301623
MRT,Mauritania,1960,0.953061677098535,2227.58813476563,Sub-Saharan Africa,2337.296932919615
MRT,Mauritania,1961,0.965382542796016,2252.66943359375,Sub-Saharan Africa,2333.4474508617004
MRT,Mauritania,1962,0.978122123110018,2522.06103515625,Sub-Saharan Africa,2578.4725399494637
MRT,Mauritania,1963,0.991293331288791,2392.06372070313,Sub-Saharan Africa,2413.073552702289
MRT,Mauritania,1964,1.00500699757323,3340.55834960938,Sub-Saharan Africa,3323.915512703651
MRT,Mauritania,1965,1.01928101748847,3901.5166015625,Sub-Saharan Africa,3827.7143737807646
MRT,Mauritania,1966,1.03413420167173,3887.576171875,Sub-Saharan Africa,3759.256937436686
MRT,Mauritania,1967,1.04958617419319,4287.9208984375,Sub-Saharan Africa,4085.344304133576
MRT,Mauritania,1968,1.06565655912302,4931.49609375,Sub-Saharan Africa,4627.659869900642
MRT,Mauritania,1969,1.08238887512461,4632.90185546875,Sub-Saharan Africa,4280.256349581741
MRT,Mauritania,1970,1.099806,5234.9697265625,Sub-Saharan Africa,4759.902861561493
MRT,Mauritania,1971,1.133702,5302.2392578125,Sub-Saharan Africa,4676.925027752002
MRT,Mauritania,1972,1.168355,5452.48974609375,Sub-Saharan Africa,4666.809100054136
MRT,Mauritania,1973,1.203838,5357.85009765625,Sub-Saharan Africa,4450.64044967533
MRT,Mauritania,1974,1.240188,5962.75244140625,Sub-Saharan Africa,4807.942377612305
MRT,Mauritania,1975,1.27733,6574.27734375,Sub-Saharan Africa,5146.89026621938
MRT,Mauritania,1976,1.315336,7180.4658203125,Sub-Saharan Africa,5459.035425406511
MRT,Mauritania,1977,1.353768,7070.68408203125,Sub-Saharan Africa,5222.965886349249
MRT,Mauritania,1978,1.392713,6263.70947265625,Sub-Saharan Africa,4497.48761780514
MRT,Mauritania,1979,1.432758,6798.51318359375,Sub-Saharan Africa,4745.053375094573
MRT,Mauritania,1980,1.474043,6740.033203125,Sub-Saharan Africa,4572.480723510102
MRT,Mauritania,1981,1.516877,7100.5810546875,Sub-Saharan Africa,4681.052619749327
MRT,Mauritania,1982,1.561176,6680.18408203125,Sub-Saharan Africa,4278.943618164288
MRT,Mauritania,1983,1.606746,6775.208984375,Sub-Saharan Africa,4216.726840692306
MRT,Mauritania,1984,1.653693,6636.22509765625,Sub-Saharan Africa,4012.9728417888023
MRT,Mauritania,1985,1.702107,6840.2001953125,Sub-Saharan Africa,4018.666391309418
MRT,Mauritania,1986,1.751835,6870.1943359375,Sub-Saharan Africa,3921.713138473372
MRT,Mauritania,1987,1.803014,7011.27490234375,Sub-Saharan Africa,3888.6414095196988
MRT,Mauritania,1988,1.855859,7244.5625,Sub-Saharan Africa,3903.616869600546
MRT,Mauritania,1989,1.903048,7435.29443359375,Sub-Saharan Africa,3907.045136850857
MRT,Mauritania,1990,1.951878,7330.70458984375,Sub-Saharan Africa,3755.718641146501
MRT,Mauritania,1991,2.009738,7512.3671875,Sub-Saharan Africa,3737.9833528051913
MRT,Mauritania,1992,2.088135,7788.1689453125,Sub-Saharan Africa,3729.724823975701
MRT,Mauritania,1993,2.174328,8445.7666015625,Sub-Saharan Africa,3884.311199397009
MRT,Mauritania,1994,2.249454,8894.060546875,Sub-Saharan Africa,3953.8752723438665
MRT,Mauritania,1995,2.312017,8811.5029296875,Sub-Saharan Africa,3811.1756659607177
MRT,Mauritania,1996,2.358188,9630.470703125,Sub-Saharan Africa,4083.8434862381623
MRT,Mauritania,1997,2.411306,9242.0732421875,Sub-Saharan Africa,3832.808130609512
MRT,Mauritania,1998,2.474651,9488.9052734375,Sub-Saharan Africa,3834.441815608544
MRT,Mauritania,1999,2.541698,9827.0244140625,Sub-Saharan Africa,3866.322597752566
MRT,Mauritania,2000,2.613441,9466.4033203125,Sub-Saharan Africa,3622.198978401464
MRT,Mauritania,2001,2.67876,9320.9306640625,Sub-Saharan Africa,3479.569152914968
MRT,Mauritania,2002,2.738655,9821.2490234375,Sub-Saharan Africa,3586.1578122974597
MRT,Mauritania,2003,2.802046,10340.474609375,Sub-Saharan Africa,3690.3300693047154
MRT,Mauritania,2004,2.868664,10349.1484375,Sub-Saharan Africa,3607.6544473315803
MRT,Mauritania,2005,2.939059,11005.943359375,Sub-Saharan Africa,3744.7167135382447
MRT,Mauritania,2006,3.01366,14067.3623046875,Sub-Saharan Africa,4667.866416479464
MRT,Mauritania,2007,3.093059,13818.474609375,Sub-Saharan Africa,4467.575500297602
MRT,Mauritania,2008,3.183269,13819.9267578125,Sub-Saharan Africa,4341.425986246371
MRT,Mauritania,2009,3.284448,14035.7626953125,Sub-Saharan Africa,4273.4007952972615
MRT,Mauritania,2010,3.390965,16039.1943359375,Sub-Saharan Africa,4729.9793232715465
MRT,Mauritania,2011,3.502811,18207.904296875,Sub-Saharan Africa,5198.083566848169
MRT,Mauritania,2012,3.619034,17982.59375,Sub-Saharan Africa,4968.893287545792
MRT,Mauritania,2013,3.734318,19376.046875,Sub-Saharan Africa,5188.644050935137
MRT,Mauritania,2014,3.848514,18290.30859375,Sub-Saharan Africa,4752.56387108115
MRT,Mauritania,2015,3.965959,18770.55859375,Sub-Saharan Africa,4732.917963536688
MRT,Mauritania,2016,4.086657,21799.4375,Sub-Saharan Africa,5334.295856001618
MRT,Mauritania,2017,4.2106,23354.0546875,Sub-Saharan Africa,5546.490924690068
MRT,Mauritania,2018,4.337685,23429.736328125,Sub-Saharan Africa,5401.437939390482
MRT,Mauritania,2019,4.467708,25296.220703125,Sub-Saharan Africa,5662.012983642843
MRT,Mauritania,2020,4.600131,25827.505859375,Sub-Saharan Africa,5614.51529518942
MRT,Mauritania,2021,4.734874,26043.1484375,Sub-Saharan Africa,5500.283310073299
MRT,Mauritania,2022,4.875637,24791.28515625,Sub-Saharan Africa,5084.727422539865
MRT,Mauritania,2023,5.022441,27726.873046875,Sub-Saharan Africa,5520.597065625062
MUS,Mauritius,1950,0.480216956981968,2835.6123046875,Sub-Saharan Africa,5904.856676674948
MUS,Mauritius,1951,0.497502070990743,2950.99853515625,Sub-Saharan Africa,5931.630654882559
MUS,Mauritius,1952,0.515425789529194,3079.08032226563,Sub-Saharan Africa,5973.857701373767
MUS,Mauritius,1953,0.534884091851302,3074.01953125,Sub-Saharan Africa,5747.076007832699
MUS,Mauritius,1954,0.552764899733813,3043.38891601563,Sub-Saharan Africa,5505.756457186754
MUS,Mauritius,1955,0.57041815921767,3205.06762695313,Sub-Saharan Africa,5618.803635825494
MUS,Mauritius,1956,0.590469181702083,3389.84301757813,Sub-Saharan Africa,5740.931318052178
MUS,Mauritius,1957,0.608481725000961,3494.92797851563,Sub-Saharan Africa,5743.686021975615
MUS,Mauritius,1958,0.626286643767768,3330.15161132813,Sub-Saharan Africa,5317.296232430875
MUS,Mauritius,1959,0.643901066580345,3542.51953125,Sub-Saharan Africa,5501.651907588462
MUS,Mauritius,1960,0.66177783021531,3008.99194335938,Sub-Saharan Africa,4546.830984622742
MUS,Mauritius,1961,0.679793347225618,3532.7666015625,Sub-Saharan Africa,5196.824323127721
MUS,Mauritius,1962,0.69948217165781,3824.17602539063,Sub-Saharan Africa,5467.152960206447
MUS,Mauritius,1963,0.713575244342969,4690.2314453125,Sub-Saharan Africa,6572.861772455509
MUS,Mauritius,1964,0.734571193371505,4955.3271484375,Sub-Saharan Africa,6745.877313393874
MUS,Mauritius,1965,0.753874862699232,4382.88134765625,Sub-Saharan Africa,5813.804869369755
MUS,Mauritius,1966,0.772466149716693,4625.662109375,Sub-Saharan Africa,5988.174512334931
MUS,Mauritius,1967,0.787582000711222,4700.60693359375,Sub-Saharan Africa,5968.403200363759
MUS,Mauritius,1968,0.802417430717865,3954.56884765625,Sub-Saharan Africa,4928.318723234093
MUS,Mauritius,1969,0.814241502107404,4061.46142578125,Sub-Saharan Africa,4988.030474090862
MUS,Mauritius,1970,0.827696,4514.015625,Sub-Saharan Africa,5453.712021080203
MUS,Mauritius,1971,0.841106,4643.85009765625,Sub-Saharan Africa,5521.123494133022
MUS,Mauritius,1972,0.853604,4995.65576171875,Sub-Saharan Africa,5852.427778828063
MUS,Mauritius,1973,0.865144,5138.46728515625,Sub-Saharan Africa,5939.435845542765
MUS,Mauritius,1974,0.876463,5526.6708984375,Sub-Saharan Africa,6305.652261918073
MUS,Mauritius,1975,0.888023,5345.1123046875,Sub-Saharan Africa,6019.114712893134
MUS,Mauritius,1976,0.899852,6725.9228515625,Sub-Saharan Africa,7474.476749023728
MUS,Mauritius,1977,0.912147,6842.1142578125,Sub-Saharan Africa,7501.10920478004
MUS,Mauritius,1978,0.925277,6991.671875,Sub-Saharan Africa,7556.301383261445
MUS,Mauritius,1979,0.939387,7094.23291015625,Sub-Saharan Africa,7551.9811431883245
MUS,Mauritius,1980,0.954216,6581.02197265625,Sub-Saharan Africa,6896.784347208861
MUS,Mauritius,1981,0.969218,6602.8984375,Sub-Saharan Africa,6812.604014267172
MUS,Mauritius,1982,0.98361,7122.232421875,Sub-Saharan Africa,7240.910952384584
MUS,Mauritius,1983,0.997366,7433.93408203125,Sub-Saharan Africa,7453.566776921662
MUS,Mauritius,1984,1.011238,7609.556640625,Sub-Saharan Africa,7524.990794081115
MUS,Mauritius,1985,1.025063,8033.7744140625,Sub-Saharan Africa,7837.346986538876
MUS,Mauritius,1986,1.038344,9440.05859375,Sub-Saharan Africa,9091.455812091177
MUS,Mauritius,1987,1.051111,10665.1435546875,Sub-Saharan Africa,10146.543566462058
MUS,Mauritius,1988,1.063593,10980.5947265625,Sub-Saharan Africa,10324.056971569482
MUS,Mauritius,1989,1.075982,11433.9365234375,Sub-Saharan Africa,10626.512825899968
MUS,Mauritius,1990,1.089024,12431.1923828125,Sub-Saharan Africa,11414.984777941074
MUS,Mauritius,1991,1.103041,13318.0361328125,Sub-Saharan Africa,12073.926656228101
MUS,Mauritius,1992,1.11767,14396.0166015625,Sub-Saharan Africa,12880.382046187606
MUS,Mauritius,1993,1.132393,15117.4228515625,Sub-Saharan Africa,13349.979072250093
MUS,Mauritius,1994,1.146548,16036.44140625,Sub-Saharan Africa,13986.716130724577
MUS,Mauritius,1995,1.159821,17714.654296875,Sub-Saharan Africa,15273.610580317998
MUS,Mauritius,1996,1.172383,19691.919921875,Sub-Saharan Africa,16796.490500011514
MUS,Mauritius,1997,1.184299,19521.12109375,Sub-Saharan Africa,16483.270773470213
MUS,Mauritius,1998,1.195105,20492.8359375,Sub-Saharan Africa,17147.310016693093
MUS,Mauritius,1999,1.205891,20032.53125,Sub-Saharan Africa,16612.22386600447
MUS,Mauritius,2000,1.216629,20614.5,Sub-Saharan Africa,16943.9492236335
MUS,Mauritius,2001,1.225801,20311.03515625,Sub-Saharan Africa,16569.60237122502
MUS,Mauritius,2002,1.234085,20639.125,Sub-Saharan Africa,16724.23293371202
MUS,Mauritius,2003,1.242099,20434.04296875,Sub-Saharan Africa,16451.219241582192
MUS,Mauritius,2004,1.2498,20715.21484375,Sub-Saharan Africa,16574.82384681549
MUS,Mauritius,2005,1.257215,19389.53515625,Sub-Saharan Africa,15422.608826851414
MUS,Mauritius,2006,1.263781,20552.283203125,Sub-Saharan Africa,16262.535362634031
MUS,Mauritius,2007,1.269518,22409.73828125,Sub-Saharan Africa,17652.16269580266
MUS,Mauritius,2008,1.274635,22689.8203125,Sub-Saharan Africa,17801.033482134102
MUS,Mauritius,2009,1.278972,22619.275390625,Sub-Saharan Africa,17685.512576213554
MUS,Mauritius,2010,1.282709,22955.3828125,Sub-Saharan Africa,17896.017578811716
MUS,Mauritius,2011,1.286267,25277.66015625,Sub-Saharan Africa,19651.954187000054
MUS,Mauritius,2012,1.28917,25891.53125,Sub-Saharan Africa,20083.876641560073
MUS,Mauritius,2013,1.290984,26879.3203125,Sub-Saharan Africa,20820.800499851277
MUS,Mauritius,2014,1.292005,27809.76953125,Sub-Saharan Africa,21524.50612129984
MUS,Mauritius,2015,1.292275,29143.578125,Sub-Saharan Africa,22552.148826681627
MUS,Mauritius,2016,1.291803,31338.38671875,Sub-Saharan Africa,24259.416272256683
MUS,Mauritius,2017,1.290655,32080.978515625,Sub-Saharan Africa,24856.35473122174
MUS,Mauritius,2018,1.288833,32075.556640625,Sub-Saharan Africa,24887.286902666987
MUS,Mauritius,2019,1.28627,32930.34765625,Sub-Saharan Africa,25601.42711580772
MUS,Mauritius,2020,1.283223,28303.9765625,Sub-Saharan Africa,22056.94299626799
MUS,Mauritius,2021,1.279623,28400.77734375,Sub-Saharan Africa,22194.644316138427
MUS,Mauritius,2022,1.27613,30730.705078125,Sub-Saharan Africa,24081.171258512066
MUS,Mauritius,2023,1.273588,32990.36328125,Sub-Saharan Africa,25903.481566448492
MWI,Malawi,1954,3.11326354654001,2681.23071289063,Sub-Saharan Africa,861.2283132504061
MWI,Malawi,1955,3.17438798320135,2852.80419921875,Sub-Saharan Africa,898.6942410050693
MWI,Malawi,1956,3.2399242802884,3059.0302734375,Sub-Saharan Africa,944.1672115760688
MWI,Malawi,1957,3.31118702614265,3306.42041015625,Sub-Saharan Africa,998.5604509957407
MWI,Malawi,1958,3.386697431418,3367.79296875,Sub-Saharan Africa,994.4180243287678
MWI,Malawi,1959,3.46415864265872,3278.92895507813,Sub-Saharan Africa,946.5296752580514
MWI,Malawi,1960,3.5467934109257,3567.21630859375,Sub-Saharan Africa,1005.7581300351857
MWI,Malawi,1961,3.63068443941612,3650.44458007813,Sub-Saharan Africa,1005.442538725615
MWI,Malawi,1962,3.72993242813296,3734.11547851563,Sub-Saharan Africa,1001.121481545113
MWI,Malawi,1963,3.83044893087955,3805.4189453125,Sub-Saharan Africa,993.4655216611118
MWI,Malawi,1964,3.92275954968912,3793.48266601563,Sub-Saharan Africa,967.0444027894252
MWI,Malawi,1965,4.02339123821508,4393.2783203125,Sub-Saharan Africa,1091.9341570822517
MWI,Malawi,1966,4.13533711118795,4980.8798828125,Sub-Saharan Africa,1204.4676767311123
MWI,Malawi,1967,4.26750274488536,5127.71142578125,Sub-Saharan Africa,1201.5719103934632
MWI,Malawi,1968,4.39201808222409,5264.30810546875,Sub-Saharan Africa,1198.6080218510708
MWI,Malawi,1969,4.51564771444235,5686.38037109375,Sub-Saharan Africa,1259.2612911115846
MWI,Malawi,1970,4.633944,5946.03564453125,Sub-Saharan Africa,1283.1479285315597
MWI,Malawi,1971,4.751434,6748.0908203125,Sub-Saharan Africa,1420.2219414838764
MWI,Malawi,1972,4.874475,7404.81298828125,Sub-Saharan Africa,1519.0995929369315
MWI,Malawi,1973,5.003938,7163.47021484375,Sub-Saharan Africa,1431.5665411609318
MWI,Malawi,1974,5.141337,7588.97509765625,Sub-Saharan Africa,1476.0703485603551
MWI,Malawi,1975,5.287367,7893.28125,Sub-Saharan Africa,1492.8566997524479
MWI,Malawi,1976,5.443384,8127.90234375,Sub-Saharan Africa,1493.170855436618
MWI,Malawi,1977,5.614983,8225.9755859375,Sub-Saharan Africa,1465.00453980671
MWI,Malawi,1978,5.810132,8414.630859375,Sub-Saharan Africa,1448.268448870869
MWI,Malawi,1979,6.028749,8046.20166015625,Sub-Saharan Africa,1334.6386887489011
MWI,Malawi,1980,6.265529,8319.9716796875,Sub-Saharan Africa,1327.8961249221734
MWI,Malawi,1981,6.516454,8830.076171875,Sub-Saharan Africa,1355.043121899579
MWI,Malawi,1982,6.778879,9290.7822265625,Sub-Saharan Africa,1370.5484677573534
MWI,Malawi,1983,7.051709,9971.330078125,Sub-Saharan Africa,1414.030283740438
MWI,Malawi,1984,7.33281,10901.0771484375,Sub-Saharan Africa,1486.616610608689
MWI,Malawi,1985,7.620508,12130.736328125,Sub-Saharan Africa,1591.8540244462704
MWI,Malawi,1986,7.90648,11330.298828125,Sub-Saharan Africa,1433.039586279229
MWI,Malawi,1987,8.293174,10790.7314453125,Sub-Saharan Africa,1301.1582109952715
MWI,Malawi,1988,8.753262,10182.095703125,Sub-Saharan Africa,1163.2344265629204
MWI,Malawi,1989,9.17622,10864.544921875,Sub-Saharan Africa,1183.9891504208704
MWI,Malawi,1990,9.545852,10588.23828125,Sub-Saharan Africa,1109.1978255319693
MWI,Malawi,1991,9.844227,11426.267578125,Sub-Saharan Africa,1160.7074459096686
MWI,Malawi,1992,10.135079,10260.4365234375,Sub-Saharan Africa,1012.3686774851484
MWI,Malawi,1993,10.284024,11032.5615234375,Sub-Saharan Africa,1072.7864426840601
MWI,Malawi,1994,10.164894,12087.056640625,Sub-Saharan Africa,1189.0981490436595
MWI,Malawi,1995,10.150117,12197.986328125,Sub-Saharan Africa,1201.758199252777
MWI,Malawi,1996,10.352228,12135.0185546875,Sub-Saharan Africa,1172.2132235386914
MWI,Malawi,1997,10.562035,13370.587890625,Sub-Saharan Africa,1265.9102048634568
MWI,Malawi,1998,10.792876,11507.37890625,Sub-Saharan Africa,1066.2013448732293
MWI,Malawi,1999,11.047804,11470.4287109375,Sub-Saharan Africa,1038.2541825450107
MWI,Malawi,2000,11.315942,11354.333984375,Sub-Saharan Africa,1003.3927342836328
MWI,Malawi,2001,11.593058,10525.62109375,Sub-Saharan Africa,907.924474607994
MWI,Malawi,2002,11.88044,12463.056640625,Sub-Saharan Africa,1049.0399884705448
MWI,Malawi,2003,12.181574,12798.7138671875,Sub-Saharan Africa,1050.6617508695922
MWI,Malawi,2004,12.500737,14441.9052734375,Sub-Saharan Africa,1155.2843063122998
MWI,Malawi,2005,12.840031,14970.4853515625,Sub-Saharan Africa,1165.9228355104829
MWI,Malawi,2006,13.198701,16142.7705078125,Sub-Saharan Africa,1223.0575196614045
MWI,Malawi,2007,13.576343,19647.943359375,Sub-Saharan Africa,1447.2191340020652
MWI,Malawi,2008,13.976417,21328.28125,Sub-Saharan Africa,1526.019240124275
MWI,Malawi,2009,14.395788,18129.2734375,Sub-Saharan Africa,1259.3456806602042
MWI,Malawi,2010,14.826463,18099.599609375,Sub-Saharan Africa,1220.7631455577098
MWI,Malawi,2011,15.265022,20200.455078125,Sub-Saharan Africa,1323.316473315597
MWI,Malawi,2012,15.709577,19515.978515625,Sub-Saharan Africa,1242.2981545349694
MWI,Malawi,2013,16.161816,21166.88671875,Sub-Saharan Africa,1309.6849214686022
MWI,Malawi,2014,16.621538,22629.865234375,Sub-Saharan Africa,1361.4784164001549
MWI,Malawi,2015,17.085587,23914.71484375,Sub-Saharan Africa,1399.7010956515571
MWI,Malawi,2016,17.557739,23792.22265625,Sub-Saharan Africa,1355.0846527704962
MWI,Malawi,2017,18.039715,25624.548828125,Sub-Saharan Africa,1420.451976548687
MWI,Malawi,2018,18.528081,26463.95703125,Sub-Saharan Africa,1428.3161343719298
MWI,Malawi,2019,19.025752,29283.0390625,Sub-Saharan Africa,1539.1264987843845
MWI,Malawi,2020,19.533888,32341.28125,Sub-Saharan Africa,1655.6499786422446
MWI,Malawi,2021,20.047258,34691.4140625,Sub-Saharan Africa,1730.4817478031161
MWI,Malawi,2022,20.568728,33585.61328125,Sub-Saharan Africa,1632.8483356506051
MWI,Malawi,2023,21.104482,34805.78515625,Sub-Saharan Africa,1649.2129565771859
MYS,Malaysia,1955,6.82154659664231,21715.365234375,Southeast Asia,3183.3492488439056
MYS,Malaysia,1956,7.01554918832002,21809.740234375,Southeast Asia,3108.7716227099354
MYS,Malaysia,1957,7.22040127644303,21277.1796875,Southeast Asia,2946.814016683257
MYS,Malaysia,1958,7.43189883684337,20570.083984375,Southeast Asia,2767.8100087153434
MYS,Malaysia,1959,7.64627559771092,24723.484375,Southeast Asia,3233.4022046500017
MYS,Malaysia,1960,7.86345148239483,27295.25390625,Southeast Asia,3471.1543610792614
MYS,Malaysia,1961,8.08261148853791,27211.658203125,Southeast Asia,3366.6913523821254
MYS,Malaysia,1962,8.30930670752298,28425.3046875,Southeast Asia,3420.899683696191
MYS,Malaysia,1963,8.53514421660373,29514.279296875,Southeast Asia,3457.9707791533024
MYS,Malaysia,1964,8.76746348569792,31308.5078125,Southeast Asia,3570.988104321456
MYS,Malaysia,1965,9.00088069464889,34232.046875,Southeast Asia,3803.1886030165115
MYS,Malaysia,1966,9.23612632046021,35942.9453125,Southeast Asia,3891.5606029421506
MYS,Malaysia,1967,9.4741007805833,36101.67578125,Southeast Asia,3810.5648881462816
MYS,Malaysia,1968,9.71150313752332,37099.01953125,Southeast Asia,3820.110955626092
MYS,Malaysia,1969,9.94750860177684,40752.953125,Southeast Asia,4096.799988463507
MYS,Malaysia,1970,10.178802,42816.7109375,Southeast Asia,4206.458769656783
MYS,Malaysia,1971,10.423453,50581.3671875,Southeast Asia,4852.649806882613
MYS,Malaysia,1972,10.676835,52750.984375,Southeast Asia,4940.694913333398
MYS,Malaysia,1973,10.935621,63194.60546875,Southeast Asia,5778.785262286431
MYS,Malaysia,1974,11.200906,68791.546875,Southeast Asia,6141.605587530152
MYS,Malaysia,1975,11.471914,64621.90625,Southeast Asia,5633.053581991637
MYS,Malaysia,1976,11.750097,77526.6640625,Southeast Asia,6597.959494504598
MYS,Malaysia,1977,12.035713,84311.4609375,Southeast Asia,7005.107295055973
MYS,Malaysia,1978,12.328157,89331.421875,Southeast Asia,7246.129480262135
MYS,Malaysia,1979,12.627862,101237.4921875,Southeast Asia,8016.993865430268
MYS,Malaysia,1980,12.983363,109969.515625,Southeast Asia,8470.03319748512
MYS,Malaysia,1981,13.399203,110857.0234375,Southeast Asia,8273.4042791575
MYS,Malaysia,1982,13.832798,116399.875,Southeast Asia,8414.774436813144
MYS,Malaysia,1983,14.285907,126162.046875,Southeast Asia,8831.224148036243
MYS,Malaysia,1984,14.759009,139908.125,Southeast Asia,9479.506720268279
MYS,Malaysia,1985,15.252258,134500.875,Southeast Asia,8818.423803216547
MYS,Malaysia,1986,15.760419,123361.2265625,Southeast Asia,7827.280896688089
MYS,Malaysia,1987,16.276737,134878.203125,Southeast Asia,8286.56278743092
MYS,Malaysia,1988,16.796605,149014.421875,Southeast Asia,8871.698886471404
MYS,Malaysia,1989,17.314997,161172.921875,Southeast Asia,9308.284712668445
MYS,Malaysia,1990,17.833171,175187.765625,Southeast Asia,9823.70244893631
MYS,Malaysia,1991,18.342464,191757.96875,Southeast Asia,10454.318937194044
MYS,Malaysia,1992,18.834572,209773.953125,Southeast Asia,11137.707462903854
MYS,Malaysia,1993,19.322664,232208.328125,Southeast Asia,12017.407544063282
MYS,Malaysia,1994,19.820446,256838.96875,Southeast Asia,12958.284023982103
MYS,Malaysia,1995,20.330599,286789.875,Southeast Asia,14106.317034731737
MYS,Malaysia,1996,20.850087,318783.1875,Southeast Asia,15289.297713721771
MYS,Malaysia,1997,21.375218,340460.53125,Southeast Asia,15927.815625085086
MYS,Malaysia,1998,21.906713,325450.8125,Southeast Asia,14856.213823589143
MYS,Malaysia,1999,22.435531,347975.28125,Southeast Asia,15510.008711182276
MYS,Malaysia,2000,22.967816,374566.21875,Southeast Asia,16308.308058110533
MYS,Malaysia,2001,23.526538,368533.4375,Southeast Asia,15664.584287751986
MYS,Malaysia,2002,24.102477,392158.28125,Southeast Asia,16270.455573922962
MYS,Malaysia,2003,24.679602,423509.3125,Southeast Asia,17160.297499935372
MYS,Malaysia,2004,25.256772,462302.9375,Southeast Asia,18304.118099494266
MYS,Malaysia,2005,25.836071,495834.0625,Southeast Asia,19191.542804631554
MYS,Malaysia,2006,26.417909,533748.4375,Southeast Asia,20204.038006944455
MYS,Malaysia,2007,26.998389,576105.4375,Southeast Asia,21338.511623786144
MYS,Malaysia,2008,27.570059,643306.75,Southeast Asia,23333.52823075206
MYS,Malaysia,2009,28.124778,628698.8125,Southeast Asia,22353.912002434296
MYS,Malaysia,2010,28.655776,674329.625,Southeast Asia,23532.066449709826
MYS,Malaysia,2011,29.162039,738352.25,Southeast Asia,25318.95146289325
MYS,Malaysia,2012,29.662831,786274.375,Southeast Asia,26507.057772064978
MYS,Malaysia,2013,30.174265,791253.375,Southeast Asia,26222.788690959
MYS,Malaysia,2014,30.696137,831900.5625,Southeast Asia,27101.14834645154
MYS,Malaysia,2015,31.232798,863760.875,Southeast Asia,27655.57139645318
MYS,Malaysia,2016,31.789685,897239.0625,Southeast Asia,28224.21997890196
MYS,Malaysia,2017,32.355644,937759.875,Southeast Asia,28982.883944451856
MYS,Malaysia,2018,32.910967,1023845.3125,Southeast Asia,31109.548148494086
MYS,Malaysia,2019,33.440596,1020877.0,Southeast Asia,30528.074320206495
MYS,Malaysia,2020,33.889558,968859.0,Southeast Asia,28588.717504076034
MYS,Malaysia,2021,34.282399,1022976.4375,Southeast Asia,29839.698134894235
MYS,Malaysia,2022,34.695493,1119484.625,Southeast Asia,32265.99561505006
MYS,Malaysia,2023,35.126298,1142450.125,Southeast Asia,32524.068576768324
NER,Niger,1960,3.75890005724163,8095.08837890625,Sub-Saharan Africa,2153.57904057886
NER,Niger,1961,3.8356014725614,8614.9716796875,Sub-Saharan Africa,2246.054951567858
NER,Niger,1962,3.91582566176475,9457.541015625,Sub-Saharan Africa,2415.209928258849
NER,Niger,1963,3.99932822955038,10341.5009765625,Sub-Saharan Africa,2585.8095117452094
NER,Niger,1964,4.08501867354771,10129.203125,Sub-Saharan Africa,2479.597753271249
NER,Niger,1965,4.17296341797171,10528.490234375,Sub-Saharan Africa,2523.0248099065357
NER,Niger,1966,4.2632270546452,10341.107421875,Sub-Saharan Africa,2425.6525137706094
NER,Niger,1967,4.35587875637137,10466.1201171875,Sub-Saharan Africa,2402.75744633127
NER,Niger,1968,4.4509890702475,10672.078125,Sub-Saharan Africa,2397.6868863455943
NER,Niger,1969,4.54908664140512,9741.0556640625,Sub-Saharan Africa,2141.321199601001
NER,Niger,1970,4.650275,10140.9453125,Sub-Saharan Africa,2180.719487019585
NER,Niger,1971,4.776225,10606.2138671875,Sub-Saharan Africa,2220.626931768813
NER,Niger,1972,4.904845,10251.7138671875,Sub-Saharan Africa,2090.1198441923243
NER,Niger,1973,5.037865,8647.2607421875,Sub-Saharan Africa,1716.453446487252
NER,Niger,1974,5.174953,9810.2275390625,Sub-Saharan Africa,1895.7133599208532
NER,Niger,1975,5.317019,8658.8896484375,Sub-Saharan Africa,1628.5233602583514
NER,Niger,1976,5.464962,9321.8798828125,Sub-Saharan Africa,1705.753833752641
NER,Niger,1977,5.619716,10346.611328125,Sub-Saharan Africa,1841.127083312573
NER,Niger,1978,5.782932,10496.9873046875,Sub-Saharan Africa,1815.1669956844557
NER,Niger,1979,5.955556,12559.939453125,Sub-Saharan Africa,2108.9449000437576
NER,Niger,1980,6.135971,12847.197265625,Sub-Saharan Africa,2093.7513012406675
NER,Niger,1981,6.322006,12090.3271484375,Sub-Saharan Africa,1912.41943592548
NER,Niger,1982,6.512732,12463.01953125,Sub-Saharan Africa,1913.6392425252568
NER,Niger,1983,6.708644,12532.0927734375,Sub-Saharan Africa,1868.0515426720365
NER,Niger,1984,6.909971,9764.734375,Sub-Saharan Africa,1413.136809836105
NER,Niger,1985,7.118457,10548.2275390625,Sub-Saharan Africa,1481.8137609123016
NER,Niger,1986,7.335811,10536.4658203125,Sub-Saharan Africa,1436.3055182736443
NER,Niger,1987,7.56115,10546.9345703125,Sub-Saharan Africa,1394.8849805006514
NER,Niger,1988,7.793748,10622.51171875,Sub-Saharan Africa,1362.952935962261
NER,Niger,1989,8.03478,10469.568359375,Sub-Saharan Africa,1303.0311171401083
NER,Niger,1990,8.286059,10922.5732421875,Sub-Saharan Africa,1318.186757080477
NER,Niger,1991,8.5469,10938.6337890625,Sub-Saharan Africa,1279.8364072426843
NER,Niger,1992,8.817633,10878.90234375,Sub-Saharan Africa,1233.766742588402
NER,Niger,1993,9.100789,10838.1767578125,Sub-Saharan Africa,1190.9051795193252
NER,Niger,1994,9.398258,10937.0849609375,Sub-Saharan Africa,1163.7353391381148
NER,Niger,1995,9.714529,11732.7666015625,Sub-Saharan Africa,1207.7545500726283
NER,Niger,1996,10.044852,11893.1435546875,Sub-Saharan Africa,1184.0038613498236
NER,Niger,1997,10.383969,11964.4150390625,Sub-Saharan Africa,1152.2005736980243
NER,Niger,1998,10.741413,13221.3232421875,Sub-Saharan Africa,1230.8737446542182
NER,Niger,1999,11.117411,13325.6650390625,Sub-Saharan Africa,1198.6302421546256
NER,Niger,2000,11.50963,12978.677734375,Sub-Saharan Africa,1127.6363996388243
NER,Niger,2001,11.920647,13983.0537109375,Sub-Saharan Africa,1173.0113064280404
NER,Niger,2002,12.349144,14686.2548828125,Sub-Saharan Africa,1189.2528650416984
NER,Niger,2003,12.796984,15223.4716796875,Sub-Saharan Africa,1189.6140277808818
NER,Niger,2004,13.265836,14888.97265625,Sub-Saharan Africa,1122.3546451388363
NER,Niger,2005,13.756192,15611.5615234375,Sub-Saharan Africa,1134.875227347619
NER,Niger,2006,14.268581,16436.142578125,Sub-Saharan Africa,1151.9115024910327
NER,Niger,2007,14.80361,16476.267578125,Sub-Saharan Africa,1112.989843566873
NER,Niger,2008,15.361915,17953.947265625,Sub-Saharan Africa,1168.731064169083
NER,Niger,2009,15.943675,18258.734375,Sub-Saharan Africa,1145.2023686508912
NER,Niger,2010,16.548835,19774.576171875,Sub-Saharan Africa,1194.9225532718767
NER,Niger,2011,17.176283,20967.591796875,Sub-Saharan Africa,1220.7292926458535
NER,Niger,2012,17.836769,23240.279296875,Sub-Saharan Africa,1302.9422143032182
NER,Niger,2013,18.519898,23583.208984375,Sub-Saharan Africa,1273.398427160614
NER,Niger,2014,19.215909,24679.4375,Sub-Saharan Africa,1284.3231876254201
NER,Niger,2015,19.939498,25510.75,Sub-Saharan Africa,1279.4078366466397
NER,Niger,2016,20.685753,26626.98828125,Sub-Saharan Africa,1287.213875233355
NER,Niger,2017,21.435446,27591.0,Sub-Saharan Africa,1287.1670596450385
NER,Niger,2018,22.188069,29646.822265625,Sub-Saharan Africa,1336.1605404068737
NER,Niger,2019,22.947757,33203.76171875,Sub-Saharan Africa,1446.9284173939093
NER,Niger,2020,23.717613,35108.8359375,Sub-Saharan Africa,1480.2853869611583
NER,Niger,2021,24.50214,36378.609375,Sub-Saharan Africa,1484.7115139738814
NER,Niger,2022,25.311973,45737.5703125,Sub-Saharan Africa,1806.9539783603595
NER,Niger,2023,26.159867,48602.421875,Sub-Saharan Africa,1857.9001902035666
NGA,Nigeria,1950,31.9732421595727,61279.91015625,Sub-Saharan Africa,1916.5998196370888
NGA,Nigeria,1951,32.6722449695832,61569.40625,Sub-Saharan Africa,1884.4559444053853
NGA,Nigeria,1952,33.3918731362022,62621.1484375,Sub-Saharan Africa,1875.340990368358
NGA,Nigeria,1953,34.1328094404372,65584.046875,Sub-Saharan Africa,1921.437114323864
NGA,Nigeria,1954,35.1270574983858,73495.421875,Sub-Saharan Africa,2092.2737943073466
NGA,Nigeria,1955,36.1526559449454,71404.1328125,Sub-Saharan Africa,1975.072949584585
NGA,Nigeria,1956,37.2103872931808,68875.9140625,Sub-Saharan Africa,1850.9862184402
NGA,Nigeria,1957,38.3009995335212,67538.2890625,Sub-Saharan Africa,1763.3557840544136
NGA,Nigeria,1958,39.4251946262157,72051.4453125,Sub-Saharan Africa,1827.5482466379392
NGA,Nigeria,1959,40.5837589201773,79809.2578125,Sub-Saharan Africa,1966.5319313933903
NGA,Nigeria,1960,41.7778431699127,91170.7421875,Sub-Saharan Africa,2182.2749876460534
NGA,Nigeria,1961,43.0086978619858,94495.53125,Sub-Saharan Africa,2197.1260686206915
NGA,Nigeria,1962,44.2773586754526,99308.3984375,Sub-Saharan Africa,2242.8708804745543
NGA,Nigeria,1963,45.5845736007426,104286.9453125,Sub-Saharan Africa,2287.768362734035
NGA,Nigeria,1964,46.9342091729982,104538.4921875,Sub-Saharan Africa,2227.3410808345357
NGA,Nigeria,1965,48.3305346914394,116502.515625,Sub-Saharan Africa,2410.536452137279
NGA,Nigeria,1966,49.7655524122445,116668.6875,Sub-Saharan Africa,2344.3663708090257
NGA,Nigeria,1967,51.2311034859609,101148.671875,Sub-Saharan Africa,1974.3605933203887
NGA,Nigeria,1968,52.7358492581759,101438.921875,Sub-Saharan Africa,1923.5287437657682
NGA,Nigeria,1969,54.2893985290204,125465.5390625,Sub-Saharan Africa,2311.05045297992
NGA,Nigeria,1970,55.893838,169883.875,Sub-Saharan Africa,3039.4025724266776
NGA,Nigeria,1971,57.214684,185397.046875,Sub-Saharan Africa,3240.375265814629
NGA,Nigeria,1972,58.601748,199238.0,Sub-Saharan Africa,3399.864454555178
NGA,Nigeria,1973,60.082139,241877.59375,Sub-Saharan Africa,4025.7820007040696
NGA,Nigeria,1974,61.679144,269122.46875,Sub-Saharan Africa,4363.2653000177825
NGA,Nigeria,1975,63.410815,274859.75,Sub-Saharan Africa,4334.5878774779985
NGA,Nigeria,1976,65.258009,287929.53125,Sub-Saharan Africa,4412.17155813013
NGA,Nigeria,1977,67.23459,326988.15625,Sub-Saharan Africa,4863.391838189242
NGA,Nigeria,1978,69.326532,341035.21875,Sub-Saharan Africa,4919.259753971251
NGA,Nigeria,1979,71.498242,347962.25,Sub-Saharan Africa,4866.724555269485
NGA,Nigeria,1980,73.764641,369197.09375,Sub-Saharan Africa,5005.068671723082
NGA,Nigeria,1981,76.068103,370345.125,Sub-Saharan Africa,4868.599457515064
NGA,Nigeria,1982,78.378701,318746.0,Sub-Saharan Africa,4066.742570791011
NGA,Nigeria,1983,80.43826,269892.71875,Sub-Saharan Africa,3355.277933038333
NGA,Nigeria,1984,82.526443,242813.015625,Sub-Saharan Africa,2942.2450162428545
NGA,Nigeria,1985,84.897973,328264.75,Sub-Saharan Africa,3866.5793587321577
NGA,Nigeria,1986,87.235953,175455.828125,Sub-Saharan Africa,2011.2788602767944
NGA,Nigeria,1987,89.591716,124142.359375,Sub-Saharan Africa,1385.6455140897178
NGA,Nigeria,1988,92.02009,102248.8828125,Sub-Saharan Africa,1111.1582569904028
NGA,Nigeria,1989,94.531014,92679.8515625,Sub-Saharan Africa,980.4174063181
NGA,Nigeria,1990,97.120925,88252.1640625,Sub-Saharan Africa,908.6833147697059
NGA,Nigeria,1991,99.720162,79322.296875,Sub-Saharan Africa,795.4489371467326
NGA,Nigeria,1992,102.37277,76128.8828125,Sub-Saharan Africa,743.6438694830666
NGA,Nigeria,1993,105.122069,63734.94140625,Sub-Saharan Africa,606.2945869744059
NGA,Nigeria,1994,107.935714,52220.78515625,Sub-Saharan Africa,483.81377415310374
NGA,Nigeria,1995,110.819428,50510.578125,Sub-Saharan Africa,455.79172385730055
NGA,Nigeria,1996,113.754779,51959.4375,Sub-Saharan Africa,456.76707349587485
NGA,Nigeria,1997,116.754792,56922.890625,Sub-Saharan Africa,487.54222117923865
NGA,Nigeria,1998,119.846254,57987.8671875,Sub-Saharan Africa,483.8521459961527
NGA,Nigeria,1999,123.04732,69825.890625,Sub-Saharan Africa,567.4718524954465
NGA,Nigeria,2000,126.382494,99031.765625,Sub-Saharan Africa,783.5876828399985
NGA,Nigeria,2001,129.862595,120818.8671875,Sub-Saharan Africa,930.359255392209
NGA,Nigeria,2002,133.471989,164308.171875,Sub-Saharan Africa,1231.0311182595772
NGA,Nigeria,2003,137.202644,226574.078125,Sub-Saharan Africa,1651.3827395702376
NGA,Nigeria,2004,141.057045,312549.9375,Sub-Saharan Africa,2215.7697795243052
NGA,Nigeria,2005,145.017253,533845.75,Sub-Saharan Africa,3681.256808801915
NGA,Nigeria,2006,149.077334,622909.0,Sub-Saharan Africa,4178.428626849471
NGA,Nigeria,2007,153.267261,683278.4375,Sub-Saharan Africa,4458.084740615284
NGA,Nigeria,2008,157.595014,692556.4375,Sub-Saharan Africa,4394.532669034821
NGA,Nigeria,2009,162.049464,762177.0625,Sub-Saharan Africa,4703.360589332156
NGA,Nigeria,2010,166.642886,899656.875,Sub-Saharan Africa,5398.711559760192
NGA,Nigeria,2011,171.379598,952395.125,Sub-Saharan Africa,5557.225808173503
NGA,Nigeria,2012,176.200625,999535.75,Sub-Saharan Africa,5672.713987251747
NGA,Nigeria,2013,181.049443,1056537.875,Sub-Saharan Africa,5835.631734034111
NGA,Nigeria,2014,185.896915,1131564.25,Sub-Saharan Africa,6087.0523322025
NGA,Nigeria,2015,190.671878,1153770.75,Sub-Saharan Africa,6051.079803178946
NGA,Nigeria,2016,195.4437,1111070.25,Sub-Saharan Africa,5684.860908793683
NGA,Nigeria,2017,200.254579,1102123.75,Sub-Saharan Africa,5503.613228239839
NGA,Nigeria,2018,204.938755,1119629.0,Sub-Saharan Africa,5463.237053430915
NGA,Nigeria,2019,209.485641,1178381.75,Sub-Saharan Africa,5625.119432410167
NGA,Nigeria,2020,213.996181,1164322.625,Sub-Saharan Africa,5440.857026322353
NGA,Nigeria,2021,218.529286,1133093.125,Sub-Saharan Africa,5185.085924821994
NGA,Nigeria,2022,223.150896,1092873.25,Sub-Saharan Africa,4897.462970527351
NGA,Nigeria,2023,227.882945,1043357.8125,Sub-Saharan Africa,4578.481344885199
NLD,Netherlands,1950,10.1288483067928,93998.6171875,Western Europe,9280.286794744557
NLD,Netherlands,1951,10.2798602679864,96876.6796875,Western Europe,9423.92962180565
NLD,Netherlands,1952,10.3977152717027,106561.078125,Western Europe,10248.5089599448
NLD,Netherlands,1953,10.5090802415414,115033.203125,Western Europe,10946.077152430966
NLD,Netherlands,1954,10.6314615543887,118803.3359375,Western Europe,11174.694592058006
NLD,Netherlands,1955,10.767128573084,131237.84375,Western Europe,12188.75049733059
NLD,Netherlands,1956,10.9058471971124,136584.578125,Western Europe,12523.976877391444
NLD,Netherlands,1957,11.0430872968667,139432.453125,Western Europe,12626.220311104644
NLD,Netherlands,1958,11.2038223698886,142158.15625,Western Europe,12688.362199677884
NLD,Netherlands,1959,11.364829651837,149900.34375,Western Europe,13189.845192775965
NLD,Netherlands,1960,11.5034002324142,159270.234375,Western Europe,13845.491868239918
NLD,Netherlands,1961,11.656344399426,164755.71875,Western Europe,14134.424404799944
NLD,Netherlands,1962,11.8235733268017,174086.0,Western Europe,14723.636855651877
NLD,Netherlands,1963,11.9840934980396,181981.765625,Western Europe,15185.275853761423
NLD,Netherlands,1964,12.1454914236755,195753.546875,Western Europe,16117.383813174729
NLD,Netherlands,1965,12.310620999401,210785.015625,Western Europe,17122.208183913404
NLD,Netherlands,1966,12.4736674605,218724.359375,Western Europe,17534.88780004983
NLD,Netherlands,1967,12.6159047430722,232628.46875,Western Europe,18439.301301616422
NLD,Netherlands,1968,12.7439565976606,252191.25,Western Europe,19789.085757424393
NLD,Netherlands,1969,12.8925014863737,265085.46875,Western Europe,20561.212967876967
NLD,Netherlands,1970,13.052078,280727.78125,Western Europe,21508.282531716406
NLD,Netherlands,1971,13.208354,295841.1875,Western Europe,22398.035932410654
NLD,Netherlands,1972,13.342772,309700.71875,Western Europe,23211.12275245354
NLD,Netherlands,1973,13.453744,333263.71875,Western Europe,24771.07627066488
NLD,Netherlands,1974,13.559669,347475.28125,Western Europe,25625.646263931663
NLD,Netherlands,1975,13.680035,353447.28125,Western Europe,25836.723462330323
NLD,Netherlands,1976,13.786637,371716.53125,Western Europe,26962.088814697883
NLD,Netherlands,1977,13.868604,380424.4375,Western Europe,27430.62225296793
NLD,Netherlands,1978,13.953921,391804.25,Western Europe,28078.43401148681
NLD,Netherlands,1979,14.050169,396087.53125,Western Europe,28190.944269068932
NLD,Netherlands,1980,14.162686,408260.84375,Western Europe,28826.512410852007
NLD,Netherlands,1981,14.262689,398746.3125,Western Europe,27957.30261663842
NLD,Netherlands,1982,14.3339,388588.09375,Western Europe,27109.725458528384
NLD,Netherlands,1983,14.396901,388089.625,Western Europe,26956.46965968579
NLD,Netherlands,1984,14.462807,397383.15625,Western Europe,27476.212345915977
NLD,Netherlands,1985,14.538959,398548.375,Western Europe,27412.442321351893
NLD,Netherlands,1986,14.626494,411790.625,Western Europe,28153.747917990466
NLD,Netherlands,1987,14.724947,414104.46875,Western Europe,28122.64578948909
NLD,Netherlands,1988,14.825923,432289.84375,Western Europe,29157.701935319645
NLD,Netherlands,1989,14.921111,455962.21875,Western Europe,30558.194946073385
NLD,Netherlands,1990,15.030878,479320.96875,Western Europe,31889.086502465125
NLD,Netherlands,1991,15.15509,495853.90625,Western Europe,32718.638177008517
NLD,Netherlands,1992,15.276785,506700.4375,Western Europe,33168.002135266026
NLD,Netherlands,1993,15.38972,515483.8125,Western Europe,33495.33406065867
NLD,Netherlands,1994,15.485449,536427.8125,Western Europe,34640.76582474296
NLD,Netherlands,1995,15.565032,559896.6875,Western Europe,35971.444678044994
NLD,Netherlands,1996,15.640027,585529.3125,Western Europe,37437.8709512458
NLD,Netherlands,1997,15.723622,634095.25,Western Europe,40327.55620810523
NLD,Netherlands,1998,15.827107,687138.4375,Western Europe,43415.28982523464
NLD,Netherlands,1999,15.940184,730731.375,Western Europe,45842.09159693514
NLD,Netherlands,2000,16.05876,779944.3125,Western Europe,48568.15298939644
NLD,Netherlands,2001,16.182705,797695.1875,Western Europe,49293.06858772993
NLD,Netherlands,2002,16.288051,809985.9375,Western Europe,49728.843401828744
NLD,Netherlands,2003,16.366912,775791.375,Western Europe,47399.98449310414
NLD,Netherlands,2004,16.425566,792244.9375,Western Europe,48232.428489831036
NLD,Netherlands,2005,16.46571,805744.5,Western Europe,48934.695193830084
NLD,Netherlands,2006,16.493852,854109.8125,Western Europe,51783.52591620199
NLD,Netherlands,2007,16.531357,916467.6875,Western Europe,55438.140226479896
NLD,Netherlands,2008,16.597258,955031.5625,Western Europe,57541.52658830754
NLD,Netherlands,2009,16.68415,919864.1875,Western Europe,55134.01566756473
NLD,Netherlands,2010,16.771235,919182.875,Western Europe,54807.10722853743
NLD,Netherlands,2011,16.851057,948109.75,Western Europe,56264.111503509834
NLD,Netherlands,2012,16.915194,952645.875,Western Europe,56318.94467187311
NLD,Netherlands,2013,16.967063,945753.8125,Western Europe,55740.57292649883
NLD,Netherlands,2014,17.030089,924002.875,Western Europe,54257.07845684189
NLD,Netherlands,2015,17.107433,976814.875,Western Europe,57098.857262805
NLD,Netherlands,2016,17.204693,985759.9375,Western Europe,57295.9911286996
NLD,Netherlands,2017,17.31537,1026291.5625,Western Europe,59270.55341583806
NLD,Netherlands,2018,17.42128,1054962.375,Western Europe,60555.9623058696
NLD,Netherlands,2019,17.537507,1113163.75,Western Europe,63473.31750174069
NLD,Netherlands,2020,17.636731,1104162.5,Western Europe,62605.84798849628
NLD,Netherlands,2021,17.730564,1179366.625,Western Europe,66516.02425055401
NLD,Netherlands,2022,17.904421,1228416.75,Western Europe,68609.6886350025
NLD,Netherlands,2023,18.092524,1239305.125,Western Europe,68498.18880991949
NOR,Norway,1950,3.26340719635096,34233.7421875,Nordic,10490.184070740268
NOR,Norway,1951,3.29413604132274,36702.93359375,Nordic,11141.899767749775
NOR,Norway,1952,3.3259762851883,37999.41796875,Nordic,11425.041765322949
NOR,Norway,1953,3.35911880069933,39218.77734375,Nordic,11675.317150314868
NOR,Norway,1954,3.39245933775427,40480.34375,Nordic,11932.447737692577
NOR,Norway,1955,3.42560471278218,42305.28515625,Nordic,12349.727625722127
NOR,Norway,1956,3.45817055905588,44638.484375,Nordic,12908.121104121255
NOR,Norway,1957,3.49009992453085,46369.6875,Nordic,13286.06300756078
NOR,Norway,1958,3.52113855049789,45535.76953125,Nordic,12932.115245738123
NOR,Norway,1959,3.550980706944,46980.47265625,Nordic,13230.281021910068
NOR,Norway,1960,3.57935378659333,48692.55859375,Nordic,13603.728912221728
NOR,Norway,1961,3.60789986701387,51807.48828125,Nordic,14359.458463610079
NOR,Norway,1962,3.63700355322588,53304.421875,Nordic,14656.136870617313
NOR,Norway,1963,3.66460980576539,55042.25,Nordic,15019.948348499243
NOR,Norway,1964,3.69239430152372,58827.77734375,Nordic,15932.149315546789
NOR,Norway,1965,3.72119321089501,62307.5546875,Nordic,16743.971934882138
NOR,Norway,1966,3.75165206981476,64762.21875,Nordic,17262.3200512295
NOR,Norway,1967,3.78402609016447,69590.0234375,Nordic,18390.471360221334
NOR,Norway,1968,3.81697272876927,72537.8671875,Nordic,19004.030770450077
NOR,Norway,1969,3.84894975285889,74793.5,Nordic,19432.184050842836
NOR,Norway,1970,3.875345,77657.875,Nordic,20038.957821819735
NOR,Norway,1971,3.902751,81962.5234375,Nordic,21001.217714760693
NOR,Norway,1972,3.932909,85000.796875,Nordic,21612.703694644348
NOR,Norway,1973,3.960593,90087.8203125,Nordic,22746.0434113023
NOR,Norway,1974,3.98528,92706.71875,Nordic,23262.284895916975
NOR,Norway,1975,4.007365,94504.5859375,Nordic,23582.724792351084
NOR,Norway,1976,4.02622,98280.515625,Nordic,24410.12056594026
NOR,Norway,1977,4.043262,101331.1328125,Nordic,25061.728083042846
NOR,Norway,1978,4.058673,105007.6953125,Nordic,25872.42069329064
NOR,Norway,1979,4.0725,111250.09375,Nordic,27317.395641497853
NOR,Norway,1980,4.085604,120270.0,Nordic,29437.507893569713
NOR,Norway,1981,4.099672,121904.59375,Nordic,29735.206560427272
NOR,Norway,1982,4.114736,120295.125,Nordic,29235.198807408302
NOR,Norway,1983,4.128336,122097.6171875,Nordic,29575.503831931317
NOR,Norway,1984,4.139972,128815.234375,Nordic,31115.001351458413
NOR,Norway,1985,4.1524,132833.453125,Nordic,31989.561006887583
NOR,Norway,1986,4.167252,129766.328125,Nordic,31139.544266821395
NOR,Norway,1987,4.186824,130164.9296875,Nordic,31089.181128105698
NOR,Norway,1988,4.20947,128501.484375,Nordic,30526.76094021338
NOR,Norway,1989,4.226913,131607.65625,Nordic,31135.64349443672
NOR,Norway,1990,4.24144,135311.796875,Nordic,31902.32488848127
NOR,Norway,1991,4.261623,138665.984375,Nordic,32538.303922003422
NOR,Norway,1992,4.286261,140726.375,Nordic,32831.96590221641
NOR,Norway,1993,4.311862,145783.453125,Nordic,33809.86059502832
NOR,Norway,1994,4.336467,151846.734375,Nordic,35016.23196371608
NOR,Norway,1995,4.358993,159285.046875,Nordic,36541.70742531589
NOR,Norway,1996,4.381135,174161.375,Nordic,39752.56982494263
NOR,Norway,1997,4.404986,189756.78125,Nordic,43077.72629697347
NOR,Norway,1998,4.431313,190958.65625,Nordic,43093.019213492706
NOR,Norway,1999,4.461787,204180.984375,Nordic,45762.15412681062
NOR,Norway,2000,4.490867,234917.0625,Nordic,52309.95763178914
NOR,Norway,2001,4.513657,236374.765625,Nordic,52368.79222878477
NOR,Norway,2002,4.538014,231347.234375,Nordic,50979.841484623
NOR,Norway,2003,4.564669,234837.890625,Nordic,51446.86079647834
NOR,Norway,2004,4.591743,258260.4375,Nordic,56244.53230505279
NOR,Norway,2005,4.623124,280984.125,Nordic,60777.97718598939
NOR,Norway,2006,4.660494,308874.125,Nordic,66274.97535668965
NOR,Norway,2007,4.70901,327064.59375,Nordic,69455.0645995655
NOR,Norway,2008,4.768101,353190.96875,Nordic,74073.71797493384
NOR,Norway,2009,4.828623,325728.5,Nordic,67457.84460704429
NOR,Norway,2010,4.889162,343268.84375,Nordic,70210.15948131807
NOR,Norway,2011,4.952968,360641.8125,Nordic,72813.27327372193
NOR,Norway,2012,5.018458,383175.5625,Nordic,76353.2468539141
NOR,Norway,2013,5.080124,384428.5625,Nordic,75673.0667401032
NOR,Norway,2014,5.137395,381020.8125,Nordic,74166.1508410391
NOR,Norway,2015,5.189771,362541.46875,Nordic,69856.92986260858
NOR,Norway,2016,5.235983,353825.5625,Nordic,67575.76609778909
NOR,Norway,2017,5.276802,371892.0625,Nordic,70476.78925606835
NOR,Norway,2018,5.311752,394285.4375,Nordic,74228.886721368
NOR,Norway,2019,5.34773,402498.8125,Nordic,75265.3579182195
NOR,Norway,2020,5.379274,381198.71875,Nordic,70864.34317158784
NOR,Norway,2021,5.408091,466748.6875,Nordic,86305.62753104561
NOR,Norway,2022,5.456801,586762.9375,Nordic,107528.74028208102
NOR,Norway,2023,5.519167,491620.09375,Nordic,89075.0531284884
NPL,Nepal,1960,10.4704332443805,8402.626953125,South Asia,802.5099589489007
NPL,Nepal,1961,10.6180508328156,8386.7451171875,South Asia,789.8573146088036
NPL,Nepal,1962,10.7806772592209,8614.3095703125,South Asia,799.0508725177291
NPL,Nepal,1963,10.9562566819704,8690.275390625,South Asia,793.1792438676346
NPL,Nepal,1964,11.1407629949558,9512.7041015625,South Asia,853.8646864554577
NPL,Nepal,1965,11.3340419603013,9380.564453125,South Asia,827.6451142479827
NPL,Nepal,1966,11.5375941632788,10027.6982421875,South Asia,869.132515867397
NPL,Nepal,1967,11.7506752817508,9826.791015625,South Asia,836.2745782692457
NPL,Nepal,1968,11.971283208577,9842.7783203125,South Asia,822.1991033726858
NPL,Nepal,1969,12.1996925866852,10362.4345703125,South Asia,849.4012858669986
NPL,Nepal,1970,12.43619,10931.5380859375,South Asia,879.0102182370565
NPL,Nepal,1971,12.710061,10725.326171875,South Asia,843.8453735096158
NPL,Nepal,1972,12.989099,11074.3056640625,South Asia,852.584591437982
NPL,Nepal,1973,13.275239,10949.7939453125,South Asia,824.8283850341603
NPL,Nepal,1974,13.568435,11664.3056640625,South Asia,859.6647781459321
NPL,Nepal,1975,13.870695,11655.9345703125,South Asia,840.3280852410423
NPL,Nepal,1976,14.177649,12138.3564453125,South Asia,856.1614443489538
NPL,Nepal,1977,14.499175,12460.890625,South Asia,859.4206653137162
NPL,Nepal,1978,14.839695,12985.9755859375,South Asia,875.0837255036239
NPL,Nepal,1979,15.19059,13684.787109375,South Asia,900.8726526997964
NPL,Nepal,1980,15.553105,12696.2353515625,South Asia,816.315157106089
NPL,Nepal,1981,15.922423,13887.6884765625,South Asia,872.20949202031
NPL,Nepal,1982,16.297987,14920.8095703125,South Asia,915.5001516636687
NPL,Nepal,1983,16.689119,14866.6064453125,South Asia,890.7963593112673
NPL,Nepal,1984,17.085242,16083.8984375,South Asia,941.391315235687
NPL,Nepal,1985,17.477692,17053.384765625,South Asia,975.7229252938545
NPL,Nepal,1986,17.868124,17903.56640625,South Asia,1001.9835549747695
NPL,Nepal,1987,18.250505,18356.498046875,South Asia,1005.8076774793354
NPL,Nepal,1988,18.638661,19850.427734375,South Asia,1065.013615214902
NPL,Nepal,1989,19.057807,21432.201171875,South Asia,1124.5890553868553
NPL,Nepal,1990,19.524573,22033.998046875,South Asia,1128.5265007780195
NPL,Nepal,1991,20.0365,23784.435546875,South Asia,1187.0554012364935
NPL,Nepal,1992,20.609707,24360.337890625,South Asia,1181.9837075134062
NPL,Nepal,1993,21.180159,26429.052734375,South Asia,1247.8212620771637
NPL,Nepal,1994,21.717479,30004.826171875,South Asia,1381.598028568371
NPL,Nepal,1995,22.245439,31218.59375,South Asia,1403.370540361105
NPL,Nepal,1996,22.741862,33885.30859375,South Asia,1489.9971072619294
NPL,Nepal,1997,23.219463,33628.2109375,South Asia,1448.2768588360548
NPL,Nepal,1998,23.680357,33864.25390625,South Asia,1430.056730405289
NPL,Nepal,1999,24.125199,34472.55859375,South Asia,1428.9025592597186
NPL,Nepal,2000,24.546509,35467.04296875,South Asia,1444.8915309606755
NPL,Nepal,2001,24.946748,37386.24609375,South Asia,1498.6420712531349
NPL,Nepal,2002,25.328981,36966.98046875,South Asia,1459.4736546547215
NPL,Nepal,2003,25.688758,37639.62890625,South Asia,1465.2179333173679
NPL,Nepal,2004,26.016656,39307.85546875,South Asia,1510.8727066518463
NPL,Nepal,2005,26.309458,40343.65234375,South Asia,1533.427725639578
NPL,Nepal,2006,26.565425,42856.390625,South Asia,1613.2394126952609
NPL,Nepal,2007,26.788492,46279.6484375,South Asia,1727.5943878251899
NPL,Nepal,2008,26.990037,50953.69921875,South Asia,1887.8706694159032
NPL,Nepal,2009,27.173035,56453.00390625,South Asia,2077.5376731472948
NPL,Nepal,2010,27.341952,64467.234375,South Asia,2357.813896206094
NPL,Nepal,2011,27.464494,70512.34375,South Asia,2567.400067519904
NPL,Nepal,2012,27.534915,75309.5703125,South Asia,2735.0573013390454
NPL,Nepal,2013,27.589996,78315.65625,South Asia,2838.5526496633056
NPL,Nepal,2014,27.67237,84220.1484375,South Asia,3043.47435501549
NPL,Nepal,2015,27.823629,87375.734375,South Asia,3140.342849417666
NPL,Nepal,2016,27.955462,88891.0234375,South Asia,3179.7372348022723
NPL,Nepal,2017,28.011258,103269.8046875,South Asia,3686.7249834869963
NPL,Nepal,2018,28.079689,109748.90625,South Asia,3908.4801206309658
NPL,Nepal,2019,28.414064,117097.2890625,South Asia,4121.103164351991
NPL,Nepal,2020,28.966574,116866.1640625,South Asia,4034.5179952071653
NPL,Nepal,2021,29.47501,122007.8203125,South Asia,4139.364848815997
NPL,Nepal,2022,29.715436,129473.21875,South Asia,4357.103114690964
NPL,Nepal,2023,29.694614,131129.75,South Asia,4415.943914947
NZL,New Zealand,1950,1.90434714454129,28387.611328125,Oceania,14906.741877129167
NZL,New Zealand,1951,1.94334494172847,26517.642578125,Oceania,13645.360640164788
NZL,New Zealand,1952,1.99065150215239,25808.359375,Oceania,12964.780297854615
NZL,New Zealand,1953,2.0431392029069,27515.650390625,Oceania,13467.340038053593
NZL,New Zealand,1954,2.08843293081886,30189.3359375,Oceania,14455.49698628003
NZL,New Zealand,1955,2.13173190840218,31426.634765625,Oceania,14742.301619522384
NZL,New Zealand,1956,2.17376537107637,31823.162109375,Oceania,14639.649031494748
NZL,New Zealand,1957,2.22477735154064,32927.07421875,Oceania,14800.166046255492
NZL,New Zealand,1958,2.2767950344905,32869.796875,Oceania,14436.871293667233
NZL,New Zealand,1959,2.32628097385173,35647.30859375,Oceania,15323.733029001702
NZL,New Zealand,1960,2.36682075301409,39635.703125,Oceania,16746.38988800689
NZL,New Zealand,1961,2.42739868430295,41776.3984375,Oceania,17210.35720570001
NZL,New Zealand,1962,2.48338207556361,43279.8515625,Oceania,17427.78607785414
NZL,New Zealand,1963,2.53607236814838,46974.05078125,Oceania,18522.362126261552
NZL,New Zealand,1964,2.5865673409237,49422.484375,Oceania,19107.36426346067
NZL,New Zealand,1965,2.63491671989372,52171.48046875,Oceania,19800.049115349026
NZL,New Zealand,1966,2.6819689401338,55350.75390625,Oceania,20638.103998135273
NZL,New Zealand,1967,2.72248445110276,51793.71875,Oceania,19024.431426603966
NZL,New Zealand,1968,2.75327055782682,51366.21484375,Oceania,18656.435597195283
NZL,New Zealand,1969,2.78270930396989,56881.37890625,Oceania,20441.006477069473
NZL,New Zealand,1970,2.822177,54953.2265625,Oceania,19471.927721932396
NZL,New Zealand,1971,2.867165,57418.01953125,Oceania,20026.06042249051
NZL,New Zealand,1972,2.919258,62475.98828125,Oceania,21401.3246795076
NZL,New Zealand,1973,2.978988,68466.078125,Oceania,22982.998966427524
NZL,New Zealand,1974,3.041231,66887.71875,Oceania,21993.633088048886
NZL,New Zealand,1975,3.094032,63514.33203125,Oceania,20528.01394143629
NZL,New Zealand,1976,3.126633,65581.1484375,Oceania,20975.006800446357
NZL,New Zealand,1977,3.140133,63703.8359375,Oceania,20286.986550410445
NZL,New Zealand,1978,3.142244,64378.58984375,Oceania,20488.093809312708
NZL,New Zealand,1979,3.141601,64102.19921875,Oceania,20404.30952840606
NZL,New Zealand,1980,3.146327,63407.6875,Oceania,20152.923551811367
NZL,New Zealand,1981,3.15984,65714.078125,Oceania,20796.647338156363
NZL,New Zealand,1982,3.185123,66438.8125,Oceania,20859.10418530148
NZL,New Zealand,1983,3.219278,70028.46875,Oceania,21752.849163694467
NZL,New Zealand,1984,3.249828,72945.046875,Oceania,22445.817709429546
NZL,New Zealand,1985,3.268028,73287.40625,Oceania,22425.574765577283
NZL,New Zealand,1986,3.281508,77387.984375,Oceania,23583.055221867507
NZL,New Zealand,1987,3.299443,80193.1953125,Oceania,24305.070677838652
NZL,New Zealand,1988,3.316026,83689.8125,Oceania,25237.984412667454
NZL,New Zealand,1989,3.333826,85673.6875,Oceania,25698.308040071675
NZL,New Zealand,1990,3.396979,85502.6171875,Oceania,25170.193041375882
NZL,New Zealand,1991,3.480925,84318.6875,Oceania,24223.069299108713
NZL,New Zealand,1992,3.532244,86413.4453125,Oceania,24464.177817981996
NZL,New Zealand,1993,3.57361,93588.3359375,Oceania,26188.737981340997
NZL,New Zealand,1994,3.62103,100144.4375,Oceania,27656.340184974993
NZL,New Zealand,1995,3.674428,105739.609375,Oceania,28777.16188070633
NZL,New Zealand,1996,3.729378,110954.8828125,Oceania,29751.578631208744
NZL,New Zealand,1997,3.77695,114863.8359375,Oceania,30411.79680363786
NZL,New Zealand,1998,3.811371,117792.8828125,Oceania,30905.645976867643
NZL,New Zealand,1999,3.835555,124925.4453125,Oceania,32570.369949720447
NZL,New Zealand,2000,3.857574,127367.4765625,Oceania,33017.507003754174
NZL,New Zealand,2001,3.891762,131732.953125,Oceania,33849.18017211741
NZL,New Zealand,2002,3.951119,135593.390625,Oceania,34317.718758913616
NZL,New Zealand,2003,4.022586,140339.546875,Oceania,34887.89223524369
NZL,New Zealand,2004,4.08391,142906.40625,Oceania,34992.545440521455
NZL,New Zealand,2005,4.135007,143485.078125,Oceania,34700.08106999577
NZL,New Zealand,2006,4.18194,148030.859375,Oceania,35397.65261457601
NZL,New Zealand,2007,4.223266,158943.46875,Oceania,37635.20193849973
NZL,New Zealand,2008,4.261824,157497.15625,Oceania,36955.34030734259
NZL,New Zealand,2009,4.304304,159608.671875,Oceania,37081.180110652036
NZL,New Zealand,2010,4.34777,165788.921875,Oceania,38131.943933326744
NZL,New Zealand,2011,4.3827,172138.140625,Oceania,39276.733663038765
NZL,New Zealand,2012,4.411676,176623.75,Oceania,40035.52164755526
NZL,New Zealand,2013,4.453851,182986.28125,Oceania,41084.957994778
NZL,New Zealand,2014,4.522983,188329.296875,Oceania,41638.29421313324
NZL,New Zealand,2015,4.614029,195302.859375,Oceania,42328.0519855857
NZL,New Zealand,2016,4.71477,208017.890625,Oceania,44120.47472623267
NZL,New Zealand,2017,4.812752,217171.59375,Oceania,45124.20206775666
NZL,New Zealand,2018,4.900847,217707.65625,Oceania,44422.455189888606
NZL,New Zealand,2019,4.989403,232160.609375,Oceania,46530.73912349834
NZL,New Zealand,2020,5.069895,232833.203125,Oceania,45924.65980557783
NZL,New Zealand,2021,5.107697,241754.625,Oceania,47331.43430395343
NZL,New Zealand,2022,5.131734,244211.515625,Oceania,47588.498473420485
NZL,New Zealand,2023,5.172836,246573.75,Oceania,47667.03409889662
PAK,Pakistan,1950,36.1226059393988,55865.1015625,South Asia,1546.5412893029438
PAK,Pakistan,1951,36.9778437582707,55686.78515625,South Asia,1505.950036467303
PAK,Pakistan,1952,37.860900664162,54071.83203125,South Asia,1428.1707799527542
PAK,Pakistan,1953,38.7727966436887,55608.51171875,South Asia,1434.2146177841355
PAK,Pakistan,1954,39.7156450252847,56375.88671875,South Asia,1419.488130757002
PAK,Pakistan,1955,40.6884642464873,54982.92578125,South Asia,1351.3148456075426
PAK,Pakistan,1956,41.6968886854183,58272.5546875,South Asia,1397.5276459386844
PAK,Pakistan,1957,42.7446594573713,58736.9296875,South Asia,1374.1349313141116
PAK,Pakistan,1958,43.8334113354158,58860.68359375,South Asia,1342.82689392675
PAK,Pakistan,1959,44.9644612200798,63276.5,South Asia,1407.2558256684413
PAK,Pakistan,1960,46.1391050532626,63337.6796875,South Asia,1372.7548381006418
PAK,Pakistan,1961,47.3585235044031,66025.0546875,South Asia,1394.1535715605955
PAK,Pakistan,1962,48.6240963499167,69819.78125,South Asia,1435.9090757708161
PAK,Pakistan,1963,49.927866296957,74279.2265625,South Asia,1487.7308419452158
PAK,Pakistan,1964,51.2683662414872,79816.9453125,South Asia,1556.8458908275259
PAK,Pakistan,1965,52.6479156051271,87061.390625,South Asia,1653.6531337343495
PAK,Pakistan,1966,54.0684006644955,97843.0625,South Asia,1809.616361821657
PAK,Pakistan,1967,55.529573409148,99451.8515625,South Asia,1790.9709269640489
PAK,Pakistan,1968,57.031863490981,105391.4453125,South Asia,1847.9397105648943
PAK,Pakistan,1969,58.5770908176211,114028.4921875,South Asia,1946.6397288749968
PAK,Pakistan,1970,60.166719,124652.9765625,South Asia,2071.7928222494565
PAK,Pakistan,1971,61.847899,127500.53125,South Asia,2061.517582836565
PAK,Pakistan,1972,63.583194,131488.09375,South Asia,2067.969308839691
PAK,Pakistan,1973,65.461912,138741.09375,South Asia,2119.4170703416057
PAK,Pakistan,1974,67.415487,142114.609375,South Asia,2108.0409813697556
PAK,Pakistan,1975,69.461175,144299.5625,South Asia,2077.413209609541
PAK,Pakistan,1976,71.620254,153824.953125,South Asia,2147.7856407071663
PAK,Pakistan,1977,73.901827,158740.390625,South Asia,2147.9900710032516
PAK,Pakistan,1978,76.307379,169248.65625,South Asia,2217.985448694287
PAK,Pakistan,1979,78.997039,177340.71875,South Asia,2244.9033659350193
PAK,Pakistan,1980,82.29101,188633.984375,South Asia,2292.2793677583977
PAK,Pakistan,1981,85.802049,199089.484375,South Asia,2320.3348485885226
PAK,Pakistan,1982,89.089246,207123.90625,South Asia,2324.9035719754547
PAK,Pakistan,1983,92.227711,220590.890625,South Asia,2391.807063551648
PAK,Pakistan,1984,95.164936,234574.671875,South Asia,2464.9275430080675
PAK,Pakistan,1985,98.229285,249718.828125,South Asia,2542.20345923316
PAK,Pakistan,1986,101.606764,260554.828125,South Asia,2564.3453040685363
PAK,Pakistan,1987,105.130717,279370.90625,South Asia,2657.36707807291
PAK,Pakistan,1988,108.724739,299108.40625,South Asia,2751.061156835704
PAK,Pakistan,1989,112.336629,311822.6875,South Asia,2775.7881848136994
PAK,Pakistan,1990,116.155576,319533.375,South Asia,2750.9086175940447
PAK,Pakistan,1991,120.060406,326739.3125,South Asia,2721.457667734357
PAK,Pakistan,1992,123.546848,345672.0,South Asia,2797.9022176267904
PAK,Pakistan,1993,127.020117,352421.59375,South Asia,2774.5336886282353
PAK,Pakistan,1994,130.748083,362094.25,South Asia,2769.40389252208
PAK,Pakistan,1995,134.582253,383654.65625,South Asia,2850.7076356494044
PAK,Pakistan,1996,138.557092,423431.53125,South Asia,3056.0076365488385
PAK,Pakistan,1997,142.531804,440425.21875,South Asia,3090.0136417974477
PAK,Pakistan,1998,146.522356,487885.71875,South Asia,3329.769818538817
PAK,Pakistan,1999,150.565377,519047.40625,South Asia,3447.322462786381
PAK,Pakistan,2000,154.879127,554902.3125,South Asia,3582.8088861838687
PAK,Pakistan,2001,159.270907,566716.5,South Asia,3558.1922064398113
PAK,Pakistan,2002,163.222549,588234.25,South Asia,3603.878591554161
PAK,Pakistan,2003,167.110248,617339.8125,South Asia,3694.206787964314
PAK,Pakistan,2004,171.286,666153.3125,South Asia,3889.1287816867693
PAK,Pakistan,2005,175.453212,715111.5625,South Asia,4075.7963581766744
PAK,Pakistan,2006,179.68269,760016.9375,South Asia,4229.772703759054
PAK,Pakistan,2007,184.493231,802333.625,South Asia,4348.851286581891
PAK,Pakistan,2008,189.499113,815539.0,South Asia,4303.656028194708
PAK,Pakistan,2009,194.376534,861418.8125,South Asia,4431.701681129884
PAK,Pakistan,2010,199.239047,899511.25,South Asia,4514.733750959971
PAK,Pakistan,2011,203.746065,951504.5,South Asia,4670.050928345537
PAK,Pakistan,2012,207.667125,1002957.5,South Asia,4829.64022350673
PAK,Pakistan,2013,211.073978,1014906.25,South Asia,4808.296406864516
PAK,Pakistan,2014,214.264647,1043759.0,South Asia,4871.354255655624
PAK,Pakistan,2015,217.290883,1109754.875,South Asia,5107.231650395566
PAK,Pakistan,2016,220.138869,1141943.625,South Asia,5187.378449736652
PAK,Pakistan,2017,223.273967,1173453.5,South Asia,5255.666461106054
PAK,Pakistan,2018,226.928892,1200435.125,South Asia,5289.91753504882
PAK,Pakistan,2019,230.800899,1225962.75,South Asia,5311.776320247349
PAK,Pakistan,2020,235.001746,1219682.75,South Asia,5190.100800357458
PAK,Pakistan,2021,239.477801,1278586.625,South Asia,5339.061155818781
PAK,Pakistan,2022,243.700667,1318832.125,South Asia,5411.688614705351
PAK,Pakistan,2023,247.504495,1378872.75,South Asia,5571.101850089632
PAN,Panama,1950,0.882027732559009,2293.04052734375,Latin America & Caribbean,2599.737448947323
PAN,Panama,1951,0.904815124392698,2202.58764648438,Latin America & Caribbean,2434.2957882835267
PAN,Panama,1952,0.929047341331006,2413.73754882813,Latin America & Caribbean,2598.0780972582866
PAN,Panama,1953,0.950895903153385,2551.11010742188,Latin America & Caribbean,2682.848983744513
PAN,Panama,1954,0.973505401485119,2742.76416015625,Latin America & Caribbean,2817.410315312129
PAN,Panama,1955,0.998794140890666,2961.89306640625,Latin America & Caribbean,2965.4690042184343
PAN,Panama,1956,1.0243852403444,3043.69702148438,Latin America & Caribbean,2971.242557595894
PAN,Panama,1957,1.05102485116728,3342.1279296875,Latin America & Caribbean,3179.8752674360603
PAN,Panama,1958,1.0725047257616,3381.970703125,Latin America & Caribbean,3153.338742375626
PAN,Panama,1959,1.10205884475988,3535.34155273438,Latin America & Caribbean,3207.9426335030876
PAN,Panama,1960,1.13414176112204,3736.4794921875,Latin America & Caribbean,3294.5436102193175
PAN,Panama,1961,1.16731289091305,4171.4814453125,Latin America & Caribbean,3573.57609753598
PAN,Panama,1962,1.20145736912337,4553.6904296875,Latin America & Caribbean,3790.138998448234
PAN,Panama,1963,1.23659322072371,4950.54736328125,Latin America & Caribbean,4003.3757910980353
PAN,Panama,1964,1.2728772511784,5219.74072265625,Latin America & Caribbean,4100.74162125526
PAN,Panama,1965,1.31041348695247,5728.13330078125,Latin America & Caribbean,4371.241106578305
PAN,Panama,1966,1.34914761751322,6144.9912109375,Latin America & Caribbean,4554.72116703144
PAN,Panama,1967,1.38899140297127,6747.859375,Latin America & Caribbean,4858.100172949431
PAN,Panama,1968,1.42977908428207,7223.53515625,Latin America & Caribbean,5052.20368353418
PAN,Panama,1969,1.47132169377864,7895.8095703125,Latin America & Caribbean,5366.473969424407
PAN,Panama,1970,1.51307,9190.8564453125,Latin America & Caribbean,6074.310141178201
PAN,Panama,1971,1.556081,10254.9677734375,Latin America & Caribbean,6590.253189543153
PAN,Panama,1972,1.599723,10883.400390625,Latin America & Caribbean,6803.303065983923
PAN,Panama,1973,1.64369,11335.78125,Latin America & Caribbean,6896.544512651412
PAN,Panama,1974,1.687926,11265.30859375,Latin America & Caribbean,6674.053598173143
PAN,Panama,1975,1.732389,11366.0732421875,Latin America & Caribbean,6560.92438949191
PAN,Panama,1976,1.776935,11482.9501953125,Latin America & Caribbean,6462.222982445897
PAN,Panama,1977,1.821543,11395.4951171875,Latin America & Caribbean,6255.957239103058
PAN,Panama,1978,1.866311,12698.2939453125,Latin America & Caribbean,6803.953866913124
PAN,Panama,1979,1.911552,12873.2099609375,Latin America & Caribbean,6734.42833934808
PAN,Panama,1980,1.957534,14569.42578125,Latin America & Caribbean,7442.744688598001
PAN,Panama,1981,2.004418,15504.2080078125,Latin America & Caribbean,7735.0173505788225
PAN,Panama,1982,2.052271,15802.9208984375,Latin America & Caribbean,7700.211569737865
PAN,Panama,1983,2.101106,16435.970703125,Latin America & Caribbean,7822.532848473613
PAN,Panama,1984,2.150782,16418.234375,Latin America & Caribbean,7633.611577091495
PAN,Panama,1985,2.200915,16882.00390625,Latin America & Caribbean,7670.447930179039
PAN,Panama,1986,2.251325,18121.05859375,Latin America & Caribbean,8049.063815197716
PAN,Panama,1987,2.30197,19170.923828125,Latin America & Caribbean,8328.05111627215
PAN,Panama,1988,2.352848,17362.59375,Latin America & Caribbean,7379.394567774884
PAN,Panama,1989,2.40382,17313.935546875,Latin America & Caribbean,7202.675552610012
PAN,Panama,1990,2.455583,18102.4453125,Latin America & Caribbean,7371.954160172962
PAN,Panama,1991,2.508265,20115.546875,Latin America & Caribbean,8019.70560327557
PAN,Panama,1992,2.561336,21968.17578125,Latin America & Caribbean,8576.84262480596
PAN,Panama,1993,2.615099,23277.23828125,Latin America & Caribbean,8901.09257096959
PAN,Panama,1994,2.669546,23840.04296875,Latin America & Caribbean,8930.373542448791
PAN,Panama,1995,2.724557,23659.611328125,Latin America & Caribbean,8683.8378966287
PAN,Panama,1996,2.780227,24952.15234375,Latin America & Caribbean,8974.861528842788
PAN,Panama,1997,2.836695,27654.048828125,Latin America & Caribbean,9748.68599836253
PAN,Panama,1998,2.893914,30094.951171875,Latin America & Caribbean,10399.393752500939
PAN,Panama,1999,2.951822,31262.18359375,Latin America & Caribbean,10590.809199792535
PAN,Panama,2000,3.010369,32446.01953125,Latin America & Caribbean,10778.08718175413
PAN,Panama,2001,3.069537,33623.859375,Latin America & Caribbean,10954.049218171991
PAN,Panama,2002,3.129344,35340.1953125,Latin America & Caribbean,11293.164098450026
PAN,Panama,2003,3.189807,39205.22265625,Latin America & Caribbean,12290.782061814398
PAN,Panama,2004,3.251155,41409.82421875,Latin America & Caribbean,12736.95785613113
PAN,Panama,2005,3.313026,46577.03125,Latin America & Caribbean,14058.758141348726
PAN,Panama,2006,3.375024,50866.9609375,Latin America & Caribbean,15071.584953914402
PAN,Panama,2007,3.43749,48688.015625,Latin America & Caribbean,14163.827567498378
PAN,Panama,2008,3.500648,54101.09375,Latin America & Caribbean,15454.59404944456
PAN,Panama,2009,3.564381,59404.74609375,Latin America & Caribbean,16666.216684958763
PAN,Panama,2010,3.628535,63973.90234375,Latin America & Caribbean,17630.78001004538
PAN,Panama,2011,3.693505,73162.953125,Latin America & Caribbean,19808.543138563506
PAN,Panama,2012,3.759256,81980.34375,Latin America & Caribbean,21807.59803269583
PAN,Panama,2013,3.825329,90068.6953125,Latin America & Caribbean,23545.346115981134
PAN,Panama,2014,3.892101,100646.2421875,Latin America & Caribbean,25859.10339621197
PAN,Panama,2015,3.960035,114332.6640625,Latin America & Caribbean,28871.629685722473
PAN,Panama,2016,4.029086,127341.7734375,Latin America & Caribbean,31605.623071212674
PAN,Panama,2017,4.098707,140287.234375,Latin America & Caribbean,34227.19271589797
PAN,Panama,2018,4.16786,140001.40625,Latin America & Caribbean,33590.71711861723
PAN,Panama,2019,4.2347,146544.84375,Latin America & Caribbean,34605.7202989586
PAN,Panama,2020,4.293261,121094.15625,Latin America & Caribbean,28205.635820883006
PAN,Panama,2021,4.345405,136373.609375,Latin America & Caribbean,31383.406005884375
PAN,Panama,2022,4.400773,152310.5,Latin America & Caribbean,34609.94238966654
PAN,Panama,2023,4.458759,163155.96875,Latin America & Caribbean,36592.23760467879
PER,Peru,1950,7.81094211184063,19477.951171875,Latin America & Caribbean,2493.675012947326
PER,Peru,1951,8.00917050067134,21250.859375,Latin America & Caribbean,2653.315892478344
PER,Peru,1952,8.21333425399437,21609.86328125,Latin America & Caribbean,2631.07072146011
PER,Peru,1953,8.42455964174712,22415.619140625,Latin America & Caribbean,2660.7466851497484
PER,Peru,1954,8.64448385441481,24402.96875,Latin America & Caribbean,2822.952666808117
PER,Peru,1955,8.87423316193481,25382.7890625,Latin America & Caribbean,2860.279710857394
PER,Peru,1956,9.11308925003165,26286.18359375,Latin America & Caribbean,2884.4426815702163
PER,Peru,1957,9.35992877667938,28084.0078125,Latin America & Caribbean,3000.451016515465
PER,Peru,1958,9.61638746840752,27297.78515625,Latin America & Caribbean,2838.673591921159
PER,Peru,1959,9.88359159515343,28487.474609375,Latin America & Caribbean,2882.2998537641183
PER,Peru,1960,10.1631788353876,31756.07421875,Latin America & Caribbean,3124.620232813103
PER,Peru,1961,10.4563769599776,33624.48828125,Latin America & Caribbean,3215.692051840682
PER,Peru,1962,10.7623681056587,36626.17578125,Latin America & Caribbean,3403.170698277127
PER,Peru,1963,11.0788987565857,38860.1953125,Latin America & Caribbean,3507.5864638080648
PER,Peru,1964,11.4040267314974,42585.765625,Latin America & Caribbean,3734.2744477597607
PER,Peru,1965,11.7353970136183,44520.546875,Latin America & Caribbean,3793.697547968449
PER,Peru,1966,12.0721907637132,48274.03515625,Latin America & Caribbean,3998.780014423971
PER,Peru,1967,12.4158416824217,50614.23046875,Latin America & Caribbean,4076.584718409339
PER,Peru,1968,12.7676790415415,51757.73828125,Latin America & Caribbean,4053.809475696301
PER,Peru,1969,13.1290340648115,54696.83984375,Latin America & Caribbean,4166.097793161245
PER,Peru,1970,13.501237,58629.02734375,Latin America & Caribbean,4342.493013325372
PER,Peru,1971,13.838067,60557.703125,Latin America & Caribbean,4376.167793160706
PER,Peru,1972,14.210147,61806.33203125,Latin America & Caribbean,4349.450574385332
PER,Peru,1973,14.582867,67859.5078125,Latin America & Caribbean,4653.372194404571
PER,Peru,1974,14.956552,73064.96875,Latin America & Caribbean,4885.147910427483
PER,Peru,1975,15.333957,73143.046875,Latin America & Caribbean,4770.00469448297
PER,Peru,1976,15.716809,74834.5703125,Latin America & Caribbean,4761.435372313807
PER,Peru,1977,16.109806,74947.1015625,Latin America & Caribbean,4652.265928124771
PER,Peru,1978,16.516059,73981.9375,Latin America & Caribbean,4479.394115751222
PER,Peru,1979,16.933139,81127.3125,Latin America & Caribbean,4791.038005416479
PER,Peru,1980,17.360949,84806.703125,Latin America & Caribbean,4884.911713351614
PER,Peru,1981,17.798805,88039.1171875,Latin America & Caribbean,4946.349891888809
PER,Peru,1982,18.246503,88907.109375,Latin America & Caribbean,4872.556093351148
PER,Peru,1983,18.705957,83145.4140625,Latin America & Caribbean,4444.862888463819
PER,Peru,1984,19.174716,88617.578125,Latin America & Caribbean,4621.584910305843
PER,Peru,1985,19.648204,91417.3125,Latin America & Caribbean,4652.705789292497
PER,Peru,1986,20.117122,99898.9453125,Latin America & Caribbean,4965.86665391302
PER,Peru,1987,20.58232,112371.8671875,Latin America & Caribbean,5459.630750445042
PER,Peru,1988,21.054702,106547.0546875,Latin America & Caribbean,5060.487424020535
PER,Peru,1989,21.532589,89359.5390625,Latin America & Caribbean,4149.967245578318
PER,Peru,1990,22.014771,90380.640625,Latin America & Caribbean,4105.4544980277105
PER,Peru,1991,22.483775,94325.9140625,Latin America & Caribbean,4195.288116097052
PER,Peru,1992,22.94634,96122.015625,Latin America & Caribbean,4188.991169179922
PER,Peru,1993,23.413783,102860.7265625,Latin America & Caribbean,4393.169893241942
PER,Peru,1994,23.881493,120264.7265625,Latin America & Caribbean,5035.896481116151
PER,Peru,1995,24.348919,135139.5,Latin America & Caribbean,5550.123190273868
PER,Peru,1996,24.811171,142225.53125,Latin America & Caribbean,5732.3183678029545
PER,Peru,1997,25.274147,152439.0,Latin America & Caribbean,6031.420170184181
PER,Peru,1998,25.738095,149613.4375,Latin America & Caribbean,5812.918069499704
PER,Peru,1999,26.186504,149784.0625,Latin America & Caribbean,5719.895351437519
PER,Peru,2000,26.598331,154026.9375,Latin America & Caribbean,5790.849715344921
PER,Peru,2001,26.964601,154760.515625,Latin America & Caribbean,5739.395722006048
PER,Peru,2002,27.288217,165481.34375,Latin America & Caribbean,6064.205065138554
PER,Peru,2003,27.58049,175842.34375,Latin America & Caribbean,6375.606225632684
PER,Peru,2004,27.85219,191137.984375,Latin America & Caribbean,6862.583673851141
PER,Peru,2005,28.10118,210159.734375,Latin America & Caribbean,7478.680054538635
PER,Peru,2006,28.324491,243023.515625,Latin America & Caribbean,8579.978211258942
PER,Peru,2007,28.530699,267998.40625,Latin America & Caribbean,9393.33474619742
PER,Peru,2008,28.719041,285553.78125,Latin America & Caribbean,9943.012416396494
PER,Peru,2009,28.896811,290576.71875,Latin America & Caribbean,10055.667345092163
PER,Peru,2010,29.086019,329151.15625,Latin America & Caribbean,11316.473259884757
PER,Peru,2011,29.304086,361576.3125,Latin America & Caribbean,12338.767791631515
PER,Peru,2012,29.550366,377290.6875,Latin America & Caribbean,12767.716227271094
PER,Peru,2013,29.817919,383337.71875,Latin America & Caribbean,12855.95144148054
PER,Peru,2014,30.115826,387821.8125,Latin America & Caribbean,12877.674764756577
PER,Peru,2015,30.4576,394213.34375,Latin America & Caribbean,12943.020584353331
PER,Peru,2016,30.866494,407319.15625,Latin America & Caribbean,13196.15879438721
PER,Peru,2017,31.324637,420867.75,Latin America & Caribbean,13435.678440583366
PER,Peru,2018,31.897584,438277.5,Latin America & Caribbean,13740.147216165338
PER,Peru,2019,32.449303,459435.0,Latin America & Caribbean,14158.547565721212
PER,Peru,2020,32.838579,422034.90625,Latin America & Caribbean,12851.80172534262
PER,Peru,2021,33.155882,499252.28125,Latin America & Caribbean,15057.72885939213
PER,Peru,2022,33.475438,499042.375,Latin America & Caribbean,14907.717562948692
PER,Peru,2023,33.845617,500423.21875,Latin America & Caribbean,14785.465980720637
PHL,Philippines,1950,20.5940057466507,34017.91796875,Southeast Asia,1651.8358976510674
PHL,Philippines,1951,21.2215383604536,34903.109375,Southeast Asia,1644.7021314930707
PHL,Philippines,1952,21.8681911536025,36711.54296875,Southeast Asia,1678.7644991251254
PHL,Philippines,1953,22.5345496653248,42103.14453125,Southeast Asia,1868.3818916530875
PHL,Philippines,1954,23.2212124468308,44966.44140625,Southeast Asia,1936.438138585953
PHL,Philippines,1955,23.9287984967326,48427.609375,Southeast Asia,2023.8211869105185
PHL,Philippines,1956,24.6579472610435,50428.6171875,Southeast Asia,2045.1263300076469
PHL,Philippines,1957,25.4093130566147,53508.08984375,Southeast Asia,2105.845589942876
PHL,Philippines,1958,26.1835743654081,55174.69140625,Southeast Asia,2107.2253404463727
PHL,Philippines,1959,26.9814301167873,60320.05078125,Southeast Asia,2235.613550510804
PHL,Philippines,1960,27.8035959698083,61534.265625,Southeast Asia,2213.1765147148435
PHL,Philippines,1961,28.6627028420925,63629.171875,Southeast Asia,2219.929230873427
PHL,Philippines,1962,29.5542504464344,67951.546875,Southeast Asia,2299.2140165475953
PHL,Philippines,1963,30.47808263904,72386.3828125,Southeast Asia,2375.030728467768
PHL,Philippines,1964,31.4342886449344,73324.8359375,Southeast Asia,2332.6386280198585
PHL,Philippines,1965,32.421749433594,76998.6171875,Southeast Asia,2374.9063061883203
PHL,Philippines,1966,33.4320964412024,80875.4296875,Southeast Asia,2419.0953693178353
PHL,Philippines,1967,34.4576674687256,83333.4609375,Southeast Asia,2418.4301219209033
PHL,Philippines,1968,35.4983547025915,89158.1171875,Southeast Asia,2511.6126630226936
PHL,Philippines,1969,36.5531171841734,94633.265625,Southeast Asia,2588.924636664746
PHL,Philippines,1970,37.622204,101357.640625,Southeast Asia,2694.090984807801
PHL,Philippines,1971,38.518659,107066.0234375,Southeast Asia,2779.5885479164785
PHL,Philippines,1972,39.40856,112165.9375,Southeast Asia,2846.232836216294
PHL,Philippines,1973,40.29413,125952.515625,Southeast Asia,3125.827896644002
PHL,Philippines,1974,41.174341,130174.125,Southeast Asia,3161.5351172226415
PHL,Philippines,1975,42.120826,137768.40625,Southeast Asia,3270.7907069533726
PHL,Philippines,1976,43.201488,147072.0,Southeast Asia,3404.327184285875
PHL,Philippines,1977,44.367962,154311.953125,Southeast Asia,3478.0040860339723
PHL,Philippines,1978,45.575281,163202.625,Southeast Asia,3580.946105411835
PHL,Philippines,1979,46.807103,168991.296875,Southeast Asia,3610.3771873042433
PHL,Philippines,1980,48.04374,183266.15625,Southeast Asia,3814.5688959685485
PHL,Philippines,1981,49.311727,190796.03125,Southeast Asia,3869.1816907974044
PHL,Philippines,1982,50.695707,197097.78125,Southeast Asia,3887.8594049393573
PHL,Philippines,1983,52.19462,198900.0,Southeast Asia,3810.73758176609
PHL,Philippines,1984,53.726181,189762.328125,Southeast Asia,3532.027115886015
PHL,Philippines,1985,55.213006,181130.203125,Southeast Asia,3280.57130461254
PHL,Philippines,1986,56.645077,192227.34375,Southeast Asia,3393.540161486584
PHL,Philippines,1987,58.157496,209930.78125,Southeast Asia,3609.694290311261
PHL,Philippines,1988,59.739052,232008.65625,Southeast Asia,3883.70167390671
PHL,Philippines,1989,61.26526,249437.0625,Southeast Asia,4071.4274696622524
PHL,Philippines,1990,62.854666,267002.625,Southeast Asia,4247.936422094742
PHL,Philippines,1991,64.382249,277767.78125,Southeast Asia,4314.3534990522
PHL,Philippines,1992,65.926125,290578.84375,Southeast Asia,4407.643309082704
PHL,Philippines,1993,67.530621,305693.375,Southeast Asia,4526.73721155326
PHL,Philippines,1994,69.019291,339141.65625,Southeast Asia,4913.722690225839
PHL,Philippines,1995,70.546246,375081.59375,Southeast Asia,5316.818612148406
PHL,Philippines,1996,72.190242,409440.84375,Southeast Asia,5671.692356288264
PHL,Philippines,1997,73.90881,410701.46875,Southeast Asia,5556.867560849647
PHL,Philippines,1998,75.791024,403206.875,Southeast Asia,5319.9818886204785
PHL,Philippines,1999,77.753257,406650.96875,Southeast Asia,5230.018451188482
PHL,Philippines,2000,79.625397,415531.96875,Southeast Asia,5218.585833236097
PHL,Philippines,2001,81.401488,408276.4375,Southeast Asia,5015.589364902027
PHL,Philippines,2002,83.068889,407867.90625,Southeast Asia,4909.995922179723
PHL,Philippines,2003,84.731835,416695.53125,Southeast Asia,4917.815496973481
PHL,Philippines,2004,86.394504,425517.28125,Southeast Asia,4925.281835636211
PHL,Philippines,2005,88.015962,434416.3125,Southeast Asia,4935.653745396772
PHL,Philippines,2006,89.508986,469220.78125,Southeast Asia,5242.163968319338
PHL,Philippines,2007,91.075184,510163.15625,Southeast Asia,5601.560533218358
PHL,Philippines,2008,92.699095,541171.5,Southeast Asia,5837.9372527854775
PHL,Philippines,2009,94.38425,570690.8125,Southeast Asia,6046.462333493141
PHL,Philippines,2010,96.337125,638544.3125,Southeast Asia,6628.226786921449
PHL,Philippines,2011,98.248614,671359.0,Southeast Asia,6833.266879469668
PHL,Philippines,2012,100.175512,728536.625,Southeast Asia,7272.601960846479
PHL,Philippines,2013,102.076336,751089.125,Southeast Asia,7358.112119149731
PHL,Philippines,2014,103.76713,789851.0625,Southeast Asia,7611.765522473253
PHL,Philippines,2015,105.312992,829892.1875,Southeast Asia,7880.245084101305
PHL,Philippines,2016,106.735719,886455.25,Southeast Asia,8305.141505628495
PHL,Philippines,2017,108.119693,924712.1875,Southeast Asia,8552.671227988041
PHL,Philippines,2018,109.465287,976622.0,Southeast Asia,8921.750691614228
PHL,Philippines,2019,110.804683,1042609.875,Southeast Asia,9409.438723812784
PHL,Philippines,2020,112.081264,952486.625,Southeast Asia,8498.17883031726
PHL,Philippines,2021,113.10095,986062.9375,Southeast Asia,8718.43196277308
PHL,Philippines,2022,113.964338,1039058.875,Southeast Asia,9117.40368289596
PHL,Philippines,2023,114.891199,1106537.0,Southeast Asia,9631.172880352655
POL,Poland,1970,32.542633,210755.96875,Eastern Europe & FSU,6476.303523135328
POL,Poland,1971,32.771296,226317.109375,Eastern Europe & FSU,6905.955424375038
POL,Poland,1972,33.041996,237028.375,Eastern Europe & FSU,7173.548928460617
POL,Poland,1973,33.333274,247134.265625,Eastern Europe & FSU,7414.041165743274
POL,Poland,1974,33.642461,264789.21875,Eastern Europe & FSU,7870.685166284357
POL,Poland,1975,33.964399,279464.09375,Eastern Europe & FSU,8228.14776584152
POL,Poland,1976,34.296607,288451.9375,Eastern Europe & FSU,8410.50945651854
POL,Poland,1977,34.628512,297330.09375,Eastern Europe & FSU,8586.279819069327
POL,Poland,1978,34.934213,301434.03125,Eastern Europe & FSU,8628.619492587395
POL,Poland,1979,35.248387,301325.1875,Eastern Europe & FSU,8548.623444811816
POL,Poland,1980,35.576519,268534.09375,Eastern Europe & FSU,7548.071067605013
POL,Poland,1981,35.900913,253899.0,Eastern Europe & FSU,7072.215684319783
POL,Poland,1982,36.23346,255088.046875,Eastern Europe & FSU,7040.123876521867
POL,Poland,1983,36.573699,276061.46875,Eastern Europe & FSU,7548.087185548282
POL,Poland,1984,36.9058,301852.1875,Eastern Europe & FSU,8178.990497428588
POL,Poland,1985,37.200853,327620.5,Eastern Europe & FSU,8806.80074728394
POL,Poland,1986,37.452611,344666.59375,Eastern Europe & FSU,9202.738728950033
POL,Poland,1987,37.665707,361213.0,Eastern Europe & FSU,9589.96999578423
POL,Poland,1988,37.817864,383891.03125,Eastern Europe & FSU,10151.050076492951
POL,Poland,1989,37.938088,403545.0625,Eastern Europe & FSU,10636.93727791448
POL,Poland,1990,38.055455,394775.59375,Eastern Europe & FSU,10373.69264800539
POL,Poland,1991,38.152947,373249.1875,Eastern Europe & FSU,9782.97135212124
POL,Poland,1992,38.23364,397134.0625,Eastern Europe & FSU,10387.032532084311
POL,Poland,1993,38.294882,424689.03125,Eastern Europe & FSU,11089.968399693724
POL,Poland,1994,38.344313,455605.9375,Eastern Europe & FSU,11881.968976729353
POL,Poland,1995,38.364667,496894.4375,Eastern Europe & FSU,12951.876722923205
POL,Poland,1996,38.359171,530151.0,Eastern Europe & FSU,13820.710567493754
POL,Poland,1997,38.34831,561226.25,Eastern Europe & FSU,14634.9669646459
POL,Poland,1998,38.326437,591083.5,Eastern Europe & FSU,15422.344111976807
POL,Poland,1999,38.287713,620115.5625,Eastern Europe & FSU,16196.202747863264
POL,Poland,2000,38.258071,634064.8125,Eastern Europe & FSU,16573.360755695183
POL,Poland,2001,38.247357,648693.25,Eastern Europe & FSU,16960.472588994842
POL,Poland,2002,38.229408,666793.375,Eastern Europe & FSU,17441.89643219168
POL,Poland,2003,38.203524,663400.0625,Eastern Europe & FSU,17364.891848720552
POL,Poland,2004,38.167572,700473.5625,Eastern Europe & FSU,18352.58377189935
POL,Poland,2005,38.124379,710422.5625,Eastern Europe & FSU,18634.337952101465
POL,Poland,2006,38.071167,752008.8125,Eastern Europe & FSU,19752.71240043679
POL,Poland,2007,38.020421,827560.0,Eastern Europe & FSU,21766.1976967588
POL,Poland,2008,37.995902,861698.5,Eastern Europe & FSU,22678.72203691861
POL,Poland,2009,38.002155,920254.375,Eastern Europe & FSU,24215.847101302545
POL,Poland,2010,38.095351,979307.5625,Eastern Europe & FSU,25706.747327252608
POL,Poland,2011,38.208643,1070539.25,Eastern Europe & FSU,28018.248384272636
POL,Poland,2012,38.247868,1095858.75,Eastern Europe & FSU,28651.498954137787
POL,Poland,2013,38.259262,1088524.625,Eastern Europe & FSU,28451.27083214517
POL,Poland,2014,38.265113,1105012.375,Eastern Europe & FSU,28877.80247767725
POL,Poland,2015,38.266314,1187056.0,Eastern Europe & FSU,31020.91306729987
POL,Poland,2016,38.263265,1218538.5,Eastern Europe & FSU,31846.171517250295
POL,Poland,2017,38.254959,1262828.125,Eastern Europe & FSU,33010.83462146699
POL,Poland,2018,38.241071,1308172.25,Eastern Europe & FSU,34208.567275743924
POL,Poland,2019,38.225885,1431693.625,Eastern Europe & FSU,37453.5115406746
POL,Poland,2020,38.171012,1425778.25,Eastern Europe & FSU,37352.382745314695
POL,Poland,2021,38.040302,1507236.625,Eastern Europe & FSU,39622.099346109295
POL,Poland,2022,38.385739,1553447.625,Eastern Europe & FSU,40469.394766634556
POL,Poland,2023,38.762844,1572956.75,Eastern Europe & FSU,40578.98202722174
PRT,Portugal,1950,8.09298949235206,26713.8984375,Southern Europe,3300.8690376707946
PRT,Portugal,1951,8.13852136566601,29408.16015625,Southern Europe,3613.4524731131432
PRT,Portugal,1952,8.17283824868111,30438.498046875,Southern Europe,3724.348521370407
PRT,Portugal,1953,8.22354704488897,32417.341796875,Southern Europe,3942.01451270626
PRT,Portugal,1954,8.27449535262752,34172.84375,Southern Europe,4129.900651783991
PRT,Portugal,1955,8.33248913886568,35337.21484375,Southern Europe,4240.895398101957
PRT,Portugal,1956,8.39326199019258,37147.33203125,Southern Europe,4425.851602708957
PRT,Portugal,1957,8.45235826080476,38397.0703125,Southern Europe,4542.764176307426
PRT,Portugal,1958,8.5203210288826,38717.7421875,Southern Europe,4544.164715889543
PRT,Portugal,1959,8.59029679081747,41070.43359375,Southern Europe,4781.026150068751
PRT,Portugal,1960,8.6623339974152,43784.8359375,Southern Europe,5054.623378706616
PRT,Portugal,1961,8.65706200124194,46290.38671875,Southern Europe,5347.124314474032
PRT,Portugal,1962,8.64613405911342,49838.41796875,Southern Europe,5764.243027925068
PRT,Portugal,1963,8.70537385381078,53043.70703125,Southern Europe,6093.21413669444
PRT,Portugal,1964,8.74457969738328,54521.453125,Southern Europe,6234.885496133674
PRT,Portugal,1965,8.75066621559406,58017.98828125,Southern Europe,6630.122421748812
PRT,Portugal,1966,8.73144678650673,59401.07421875,Southern Europe,6803.119307850141
PRT,Portugal,1967,8.72588682799698,63477.95703125,Southern Europe,7274.671134580977
PRT,Portugal,1968,8.73743823143817,74178.3203125,Southern Europe,8489.710410266367
PRT,Portugal,1969,8.72032778365337,77373.078125,Southern Europe,8872.725893404966
PRT,Portugal,1970,8.669523,81538.9375,Southern Europe,9405.239192513822
PRT,Portugal,1971,8.685582,88089.1171875,Southern Europe,10141.993615108348
PRT,Portugal,1972,8.815597,95583.2734375,Southern Europe,10842.51848598569
PRT,Portugal,1973,8.939237,105845.0859375,Southern Europe,11840.505620054597
PRT,Portugal,1974,9.059176,104972.40625,Southern Europe,11587.412171923803
PRT,Portugal,1975,9.182302,99102.6484375,Southern Europe,10792.789045437625
PRT,Portugal,1976,9.310256,104559.484375,Southern Europe,11230.570284533529
PRT,Portugal,1977,9.438167,110000.890625,Southern Europe,11654.89979410197
PRT,Portugal,1978,9.556395,113289.9921875,Southern Europe,11854.887976846918
PRT,Portugal,1979,9.663302,117960.7265625,Southern Europe,12207.08268897112
PRT,Portugal,1980,9.763624,120586.0546875,Southern Europe,12350.542655831483
PRT,Portugal,1981,9.837586,117506.3125,Southern Europe,11944.628743270961
PRT,Portugal,1982,9.885838,118613.5703125,Southern Europe,11998.332393520914
PRT,Portugal,1983,9.925258,116937.8984375,Southern Europe,11781.849745114938
PRT,Portugal,1984,9.956896,113045.953125,Southern Europe,11353.533583659004
PRT,Portugal,1985,9.979469,116979.0546875,Southern Europe,11721.971849153497
PRT,Portugal,1986,9.993094,129091.546875,Southern Europe,12918.075910723946
PRT,Portugal,1987,10.001993,138428.46875,Southern Europe,13840.08854535291
PRT,Portugal,1988,10.00459,150189.890625,Southern Europe,15012.098509284238
PRT,Portugal,1989,10.001376,160619.984375,Southern Europe,16059.788610587182
PRT,Portugal,1990,9.989524,173188.109375,Southern Europe,17336.97315057254
PRT,Portugal,1991,9.969176,181630.640625,Southern Europe,18219.222995461212
PRT,Portugal,1992,9.96034,190421.296875,Southern Europe,19117.951483081903
PRT,Portugal,1993,9.972342,191100.453125,Southern Europe,19163.046466416818
PRT,Portugal,1994,9.998487,203310.84375,Southern Europe,20334.160933549243
PRT,Portugal,1995,10.031751,213112.28125,Southern Europe,21243.77700861993
PRT,Portugal,1996,10.067649,220537.375,Southern Europe,21905.54865391116
PRT,Portugal,1997,10.110551,236748.203125,Southern Europe,23415.95459288025
PRT,Portugal,1998,10.159525,251879.890625,Southern Europe,24792.486914988644
PRT,Portugal,1999,10.214871,267480.8125,Southern Europe,26185.432248728346
PRT,Portugal,2000,10.283204,277198.4375,Southern Europe,26956.426956034327
PRT,Portugal,2001,10.354325,283005.75,Southern Europe,27332.12932759982
PRT,Portugal,2002,10.413044,287480.09375,Southern Europe,27607.690292099025
PRT,Portugal,2003,10.454245,286594.75,Southern Europe,27414.198729798278
PRT,Portugal,2004,10.481381,291326.25,Southern Europe,27794.64366384544
PRT,Portugal,2005,10.502994,303535.15625,Southern Europe,28899.869527679442
PRT,Portugal,2006,10.52412,317816.03125,Southern Europe,30198.822443111632
PRT,Portugal,2007,10.546825,335548.84375,Southern Europe,31815.152308870205
PRT,Portugal,2008,10.564081,339515.90625,Southern Europe,32138.707214569826
PRT,Portugal,2009,10.576267,343529.5625,Southern Europe,32481.17341402217
PRT,Portugal,2010,10.57866,350548.5625,Southern Europe,33137.331429500526
PRT,Portugal,2011,10.557052,346148.9375,Southern Europe,32788.40887588694
PRT,Portugal,2012,10.51315,338761.625,Southern Europe,32222.656863071486
PRT,Portugal,2013,10.458298,330712.75,Southern Europe,31622.043089611714
PRT,Portugal,2014,10.406199,330489.625,Southern Europe,31758.918410074606
PRT,Portugal,2015,10.370267,342936.84375,Southern Europe,33069.23956249149
PRT,Portugal,2016,10.346372,354158.1875,Southern Europe,34230.18112049325
PRT,Portugal,2017,10.330844,362068.6875,Southern Europe,35047.348261187566
PRT,Portugal,2018,10.325353,369630.90625,Southern Europe,35798.379605036265
PRT,Portugal,2019,10.343213,394421.8125,Southern Europe,38133.393607963015
PRT,Portugal,2020,10.370519,364203.875,Southern Europe,35119.15604223858
PRT,Portugal,2021,10.390956,377007.5625,Southern Europe,36282.27879128735
PRT,Portugal,2022,10.417073,396019.03125,Southern Europe,38016.344058450966
PRT,Portugal,2023,10.430738,416398.3125,Southern Europe,39920.31172674455
PRY,Paraguay,1951,1.46099739463799,3600.51953125,Latin America & Caribbean,2464.425702923411
PRY,Paraguay,1952,1.50012034771474,3510.62670898438,Latin America & Caribbean,2340.2300450976577
PRY,Paraguay,1953,1.54017463821464,3372.9072265625,Latin America & Caribbean,2189.9511541576553
PRY,Paraguay,1954,1.58117762167897,3662.39526367188,Latin America & Caribbean,2316.245318336199
PRY,Paraguay,1955,1.62314872252146,4000.88403320313,Latin America & Caribbean,2464.890602869715
PRY,Paraguay,1956,1.66482466422503,4064.6669921875,Latin America & Caribbean,2441.4985430790625
PRY,Paraguay,1957,1.70744079352843,3998.4189453125,Latin America & Caribbean,2341.7614013132243
PRY,Paraguay,1958,1.75101515559708,4267.92431640625,Latin America & Caribbean,2437.3999863815725
PRY,Paraguay,1959,1.7955644163481,4346.0537109375,Latin America & Caribbean,2420.438760853092
PRY,Paraguay,1960,1.84110868981937,4389.14501953125,Latin America & Caribbean,2383.9684445581897
PRY,Paraguay,1961,1.88883091131378,4634.5068359375,Latin America & Caribbean,2453.6377545377845
PRY,Paraguay,1962,1.93779031854468,4788.662109375,Latin America & Caribbean,2471.1972516053142
PRY,Paraguay,1963,1.98801748484967,5063.30126953125,Latin America & Caribbean,2546.909827563276
PRY,Paraguay,1964,2.0395482706849,5268.90625,Latin America & Caribbean,2583.369232163674
PRY,Paraguay,1965,2.09241324938795,5597.18798828125,Latin America & Caribbean,2674.99165851606
PRY,Paraguay,1966,2.14845348758157,5707.017578125,Latin America & Caribbean,2656.337505611614
PRY,Paraguay,1967,2.20599388818998,6120.39697265625,Latin America & Caribbean,2774.439677925872
PRY,Paraguay,1968,2.26507490916368,6386.427734375,Latin America & Caribbean,2819.521645194958
PRY,Paraguay,1969,2.32573907732566,6749.02685546875,Latin America & Caribbean,2901.884790631534
PRY,Paraguay,1970,2.388028,7305.521484375,Latin America & Caribbean,3059.227732830185
PRY,Paraguay,1971,2.442537,7760.37451171875,Latin America & Caribbean,3177.177873546542
PRY,Paraguay,1972,2.499881,8336.6630859375,Latin America & Caribbean,3334.8239719960675
PRY,Paraguay,1973,2.561102,8937.4228515625,Latin America & Caribbean,3489.67860380512
PRY,Paraguay,1974,2.625621,9390.7041015625,Latin America & Caribbean,3576.564973224429
PRY,Paraguay,1975,2.691648,9532.6279296875,Latin America & Caribbean,3541.5581568197254
PRY,Paraguay,1976,2.758836,10598.3369140625,Latin America & Caribbean,3841.5972946788065
PRY,Paraguay,1977,2.827874,12104.8642578125,Latin America & Caribbean,4280.552902220007
PRY,Paraguay,1978,2.899269,13229.923828125,Latin America & Caribbean,4563.192938676956
PRY,Paraguay,1979,2.973968,13286.6103515625,Latin America & Caribbean,4467.637295210473
PRY,Paraguay,1980,3.053235,15506.75,Latin America & Caribbean,5078.793476427461
PRY,Paraguay,1981,3.137604,17544.49609375,Latin America & Caribbean,5591.685915032617
PRY,Paraguay,1982,3.226189,17460.453125,Latin America & Caribbean,5412.0986479713365
PRY,Paraguay,1983,3.318068,17115.109375,Latin America & Caribbean,5158.155099594102
PRY,Paraguay,1984,3.412936,17519.072265625,Latin America & Caribbean,5133.138232192165
PRY,Paraguay,1985,3.510671,18231.13671875,Latin America & Caribbean,5193.063297230074
PRY,Paraguay,1986,3.611474,17943.21875,Latin America & Caribbean,4968.392060970119
PRY,Paraguay,1987,3.714889,18714.947265625,Latin America & Caribbean,5037.8213899863495
PRY,Paraguay,1988,3.820546,20359.990234375,Latin America & Caribbean,5329.0786799517655
PRY,Paraguay,1989,3.927802,21861.576171875,Latin America & Caribbean,5565.854941739681
PRY,Paraguay,1990,4.035747,22842.8828125,Latin America & Caribbean,5660.137469593609
PRY,Paraguay,1991,4.144364,23507.8671875,Latin America & Caribbean,5672.249635287826
PRY,Paraguay,1992,4.2536,24365.10546875,Latin America & Caribbean,5728.113943189299
PRY,Paraguay,1993,4.362696,25542.033203125,Latin America & Caribbean,5854.644284892874
PRY,Paraguay,1994,4.471417,26996.01953125,Latin America & Caribbean,6037.464081576378
PRY,Paraguay,1995,4.579806,28426.9765625,Latin America & Caribbean,6207.026359304303
PRY,Paraguay,1996,4.687543,29499.115234375,Latin America & Caribbean,6293.086854749919
PRY,Paraguay,1997,4.794412,30454.943359375,Latin America & Caribbean,6352.174856765542
PRY,Paraguay,1998,4.900025,31199.275390625,Latin America & Caribbean,6367.16657376748
PRY,Paraguay,1999,5.003135,30353.544921875,Latin America & Caribbean,6066.905034918106
PRY,Paraguay,2000,5.100868,28898.724609375,Latin America & Caribbean,5665.452352300628
PRY,Paraguay,2001,5.187689,30219.35546875,Latin America & Caribbean,5825.205687686753
PRY,Paraguay,2002,5.261328,39094.39453125,Latin America & Caribbean,7430.518403576056
PRY,Paraguay,2003,5.326436,41468.73046875,Latin America & Caribbean,7785.455503220164
PRY,Paraguay,2004,5.388175,42846.37890625,Latin America & Caribbean,7951.927861706421
PRY,Paraguay,2005,5.448097,42453.2890625,Latin America & Caribbean,7792.315199692664
PRY,Paraguay,2006,5.505148,45249.48046875,Latin America & Caribbean,8219.48482924528
PRY,Paraguay,2007,5.559386,50346.74609375,Latin America & Caribbean,9056.170248611987
PRY,Paraguay,2008,5.613574,55530.05859375,Latin America & Caribbean,9892.104137889693
PRY,Paraguay,2009,5.671236,59502.609375,Latin America & Caribbean,10492.000222702774
PRY,Paraguay,2010,5.737971,70522.578125,Latin America & Caribbean,12290.507938259012
PRY,Paraguay,2011,5.814626,78625.4453125,Latin America & Caribbean,13522.012475522932
PRY,Paraguay,2012,5.897008,77135.765625,Latin America & Caribbean,13080.491941845765
PRY,Paraguay,2013,5.982445,84111.40625,Latin America & Caribbean,14059.704059126327
PRY,Paraguay,2014,6.069811,86911.9765625,Latin America & Caribbean,14318.728632983795
PRY,Paraguay,2015,6.159103,87662.0859375,Latin America & Caribbean,14232.930661737593
PRY,Paraguay,2016,6.249126,91872.8671875,Latin America & Caribbean,14701.714637774945
PRY,Paraguay,2017,6.33866,94883.7109375,Latin America & Caribbean,14969.048811184068
PRY,Paraguay,2018,6.427382,94791.5234375,Latin America & Caribbean,14748.07681222308
PRY,Paraguay,2019,6.515058,97185.8828125,Latin America & Caribbean,14917.117055980161
PRY,Paraguay,2020,6.603739,97195.0703125,Latin America & Caribbean,14718.18772857316
PRY,Paraguay,2021,6.684182,100047.5234375,Latin America & Caribbean,14967.803605213025
PRY,Paraguay,2022,6.760464,97474.5859375,Latin America & Caribbean,14418.327786006996
PRY,Paraguay,2023,6.844146,102964.171875,Latin America & Caribbean,15044.122652409811
QAT,Qatar,1970,0.11635,11316.7861328125,MENA,97265.02907445209
QAT,Qatar,1971,0.131346,12463.6982421875,MENA,94892.10362087541
QAT,Qatar,1972,0.146506,13875.302734375,MENA,94708.08522773812
QAT,Qatar,1973,0.161841,15282.26953125,MENA,94427.67612193448
QAT,Qatar,1974,0.177362,16311.7392578125,MENA,91968.62494678963
QAT,Qatar,1975,0.193087,17399.10546875,MENA,90110.18592007748
QAT,Qatar,1976,0.209052,18334.076171875,MENA,87701.03214451429
QAT,Qatar,1977,0.225285,17530.0859375,MENA,77812.9300108751
QAT,Qatar,1978,0.241808,19313.30078125,MENA,79870.39626997453
QAT,Qatar,1979,0.25867,19948.6953125,MENA,77120.25094715274
QAT,Qatar,1980,0.275913,19327.189453125,MENA,70048.12913173718
QAT,Qatar,1981,0.293553,20665.0625,MENA,70396.35943083532
QAT,Qatar,1982,0.311537,16654.244140625,MENA,53458.31840399375
QAT,Qatar,1983,0.329709,13946.2470703125,MENA,42298.65448111062
QAT,Qatar,1984,0.347878,14834.2861328125,MENA,42642.20828224981
QAT,Qatar,1985,0.36594,13734.775390625,MENA,37532.86164569329
QAT,Qatar,1986,0.382422,10760.609375,MENA,28138.050046806933
QAT,Qatar,1987,0.397005,11769.3564453125,MENA,29645.360751911187
QAT,Qatar,1988,0.411264,12003.3818359375,MENA,29186.561031205016
QAT,Qatar,1989,0.425646,13585.142578125,MENA,31916.52823737331
QAT,Qatar,1990,0.440175,14750.5703125,MENA,33510.69532004317
QAT,Qatar,1991,0.454853,13595.4931640625,MENA,29889.861480659685
QAT,Qatar,1992,0.469657,14297.97265625,MENA,30443.43564824968
QAT,Qatar,1993,0.484545,13236.17578125,MENA,27316.71110268396
QAT,Qatar,1994,0.499459,13239.267578125,MENA,26507.215963922965
QAT,Qatar,1995,0.514325,14260.818359375,MENA,27727.250978223885
QAT,Qatar,1996,0.529019,14928.1728515625,MENA,28218.594892740148
QAT,Qatar,1997,0.5505,18902.50390625,MENA,34336.973490009084
QAT,Qatar,1998,0.58054,18114.185546875,MENA,31202.303970226
QAT,Qatar,1999,0.6125,22872.455078125,MENA,37342.78380102041
QAT,Qatar,2000,0.644989,34846.5546875,MENA,54026.58756583445
QAT,Qatar,2001,0.677925,37926.43359375,MENA,55944.881209204555
QAT,Qatar,2002,0.711205,39522.74609375,MENA,55571.52451648962
QAT,Qatar,2003,0.744682,60231.76953125,MENA,80882.53715176412
QAT,Qatar,2004,0.773332,76026.7578125,MENA,98310.63218966757
QAT,Qatar,2005,0.825408,102025.96875,MENA,123606.71177163294
QAT,Qatar,2006,0.972831,140302.75,MENA,144221.09287224605
QAT,Qatar,2007,1.208595,170531.21875,MENA,141098.72930965293
QAT,Qatar,2008,1.426938,219025.96875,MENA,153493.6828019157
QAT,Qatar,2009,1.58605,196693.171875,MENA,124014.48370164876
QAT,Qatar,2010,1.709229,257556.875,MENA,150685.99643464977
QAT,Qatar,2011,1.81095,374230.125,MENA,206648.51321129792
QAT,Qatar,2012,1.907117,398674.71875,MENA,209045.75794248597
QAT,Qatar,2013,2.032641,409736.59375,MENA,201578.4360100972
QAT,Qatar,2014,2.218372,367973.125,MENA,165875.30179789502
QAT,Qatar,2015,2.427331,292751.25,MENA,120606.2337604554
QAT,Qatar,2016,2.599372,286172.84375,MENA,110093.07007615686
QAT,Qatar,2017,2.706709,309469.71875,MENA,114334.31475271261
QAT,Qatar,2018,2.761142,310371.6875,MENA,112406.99953135333
QAT,Qatar,2019,2.797921,318250.8125,MENA,113745.46046868371
QAT,Qatar,2020,2.803375,259876.328125,MENA,92701.23623311188
QAT,Qatar,2021,2.814982,309226.28125,MENA,109850.18065834879
QAT,Qatar,2022,2.892455,401561.9375,MENA,138830.83315038608
QAT,Qatar,2023,2.979082,378748.3125,MENA,127135.91384862854
ROU,Romania,1960,18.1844946084488,31647.248046875,Eastern Europe & FSU,1740.3424581385502
ROU,Romania,1961,18.3460683629015,34763.7890625,Eastern Europe & FSU,1894.890413294087
ROU,Romania,1962,18.4585033869085,38086.6875,Eastern Europe & FSU,2063.3681237132464
ROU,Romania,1963,18.5893383428505,41238.7890625,Eastern Europe & FSU,2218.4108063405347
ROU,Romania,1964,18.7019316782661,43786.0078125,Eastern Europe & FSU,2341.2558962229887
ROU,Romania,1965,18.801025196776,48104.8359375,Eastern Europe & FSU,2558.6283425517145
ROU,Romania,1966,18.9130927121558,50666.1875,Eastern Europe & FSU,2678.894894193369
ROU,Romania,1967,19.055410899203,56250.8828125,Eastern Europe & FSU,2951.963781313827
ROU,Romania,1968,19.4863910933072,60215.875,Eastern Europe & FSU,3090.1501828464147
ROU,Romania,1969,19.7721450705602,64450.67578125,Eastern Europe & FSU,3259.6703873680376
ROU,Romania,1970,20.011625,68738.46875,Eastern Europe & FSU,3434.926886247369
ROU,Romania,1971,20.293482,77734.9140625,Eastern Europe & FSU,3830.5360343040193
ROU,Romania,1972,20.555576,86240.046875,Eastern Europe & FSU,4195.457567085447
ROU,Romania,1973,20.798323,94699.5,Eastern Europe & FSU,4553.22768090485
ROU,Romania,1974,21.033552,105437.5,Eastern Europe & FSU,5012.824272381574
ROU,Romania,1975,21.26807,115638.703125,Eastern Europe & FSU,5437.197786399988
ROU,Romania,1976,21.497683,132362.765625,Eastern Europe & FSU,6157.071235304754
ROU,Romania,1977,21.700178,141748.1875,Eastern Europe & FSU,6532.12095771749
ROU,Romania,1978,21.868067,152753.125,Eastern Europe & FSU,6985.213873727385
ROU,Romania,1979,22.019624,166333.65625,Eastern Europe & FSU,7553.882675290005
ROU,Romania,1980,22.154771,170018.953125,Eastern Europe & FSU,7674.146265154354
ROU,Romania,1981,22.272789,169936.921875,Eastern Europe & FSU,7629.799836697595
ROU,Romania,1982,22.374443,178832.890625,Eastern Europe & FSU,7992.73039445049
ROU,Romania,1983,22.459207,186460.84375,Eastern Europe & FSU,8302.200685447177
ROU,Romania,1984,22.533999,195625.703125,Eastern Europe & FSU,8681.357584377278
ROU,Romania,1985,22.60582,200548.453125,Eastern Europe & FSU,8871.540741499313
ROU,Romania,1986,22.674743,206707.046875,Eastern Europe & FSU,9116.180363102683
ROU,Romania,1987,22.745591,210798.328125,Eastern Europe & FSU,9267.656669154036
ROU,Romania,1988,22.815429,218037.671875,Eastern Europe & FSU,9556.588739795337
ROU,Romania,1989,22.887641,206440.03125,Eastern Europe & FSU,9019.71641594693
ROU,Romania,1990,22.93953,199861.140625,Eastern Europe & FSU,8712.521164339461
ROU,Romania,1991,22.947413,186118.59375,Eastern Europe & FSU,8110.656907164219
ROU,Romania,1992,22.912393,170693.578125,Eastern Europe & FSU,7449.836345116811
ROU,Romania,1993,22.84225,180201.03125,Eastern Europe & FSU,7888.935251562346
ROU,Romania,1994,22.756243,194021.015625,Eastern Europe & FSU,8526.05659137143
ROU,Romania,1995,22.657723,203746.40625,Eastern Europe & FSU,8992.360187738193
ROU,Romania,1996,22.54191,211165.53125,Eastern Europe & FSU,9367.685846052973
ROU,Romania,1997,22.411513,200385.265625,Eastern Europe & FSU,8941.175262241331
ROU,Romania,1998,22.2849,195119.6875,Eastern Europe & FSU,8755.690512409748
ROU,Romania,1999,22.166159,195438.109375,Eastern Europe & FSU,8816.958742152847
ROU,Romania,2000,22.046262,198394.515625,Eastern Europe & FSU,8999.009248143744
ROU,Romania,2001,21.919917,215638.1875,Eastern Europe & FSU,9837.545803663399
ROU,Romania,2002,21.770017,225715.484375,Eastern Europe & FSU,10368.181355806933
ROU,Romania,2003,21.59345,222837.8125,Eastern Europe & FSU,10319.694745397332
ROU,Romania,2004,21.403217,250416.84375,Eastern Europe & FSU,11699.962849042739
ROU,Romania,2005,21.213388,257449.640625,Eastern Europe & FSU,12136.186856385224
ROU,Romania,2006,21.035732,294816.34375,Eastern Europe & FSU,14015.026610435996
ROU,Romania,2007,20.870716,347957.59375,Eastern Europe & FSU,16672.048709301587
ROU,Romania,2008,20.718742,404964.78125,Eastern Europe & FSU,19545.819010150328
ROU,Romania,2009,20.576927,405360.625,Eastern Europe & FSU,19699.76493574575
ROU,Romania,2010,20.432574,410439.34375,Eastern Europe & FSU,20087.500661933245
ROU,Romania,2011,20.282011,440566.03125,Eastern Europe & FSU,21722.009284483673
ROU,Romania,2012,20.158452,458865.90625,Eastern Europe & FSU,22762.953536809273
ROU,Romania,2013,20.062921,444834.3125,Eastern Europe & FSU,22171.961525442883
ROU,Romania,2014,19.968174,458009.96875,Eastern Europe & FSU,22936.99808254876
ROU,Romania,2015,19.871019,485878.46875,Eastern Europe & FSU,24451.613113046693
ROU,Romania,2016,19.777051,507602.21875,Eastern Europe & FSU,25666.223884946245
ROU,Romania,2017,19.689401,555070.125,Eastern Europe & FSU,28191.3159775658
ROU,Romania,2018,19.597872,580713.5625,Eastern Europe & FSU,29631.460114649184
ROU,Romania,2019,19.501542,640370.75,Eastern Europe & FSU,32836.92899771721
ROU,Romania,2020,19.392469,625956.875,Eastern Europe & FSU,32278.348620797075
ROU,Romania,2021,19.248161,649700.9375,Eastern Europe & FSU,33753.922647467465
ROU,Romania,2022,19.166772,667344.75,Eastern Europe & FSU,34817.7956100276
ROU,Romania,2023,19.118479,696257.8125,Eastern Europe & FSU,36418.05462139535
RUS,Russian Federation,1990,148.979541,2666053.0,Eastern Europe & FSU,17895.43035308452
RUS,Russian Federation,1991,149.448433,2474440.5,Eastern Europe & FSU,16557.152526316553
RUS,Russian Federation,1992,148.915991,2706851.5,Eastern Europe & FSU,18177.037145728696
RUS,Russian Federation,1993,148.135424,2246479.5,Eastern Europe & FSU,15165.039119879928
RUS,Russian Federation,1994,148.200736,1865597.625,Eastern Europe & FSU,12588.31551956665
RUS,Russian Federation,1995,148.291403,1733919.5,Eastern Europe & FSU,11692.650180132156
RUS,Russian Federation,1996,148.084582,1684652.625,Eastern Europe & FSU,11376.286459045412
RUS,Russian Federation,1997,147.853771,1615874.875,Eastern Europe & FSU,10928.87157406354
RUS,Russian Federation,1998,147.635531,1523008.75,Eastern Europe & FSU,10316.004146725358
RUS,Russian Federation,1999,147.241975,1607150.875,Eastern Europe & FSU,10915.032041644376
RUS,Russian Federation,2000,146.717783,1857685.125,Eastern Europe & FSU,12661.622108889145
RUS,Russian Federation,2001,146.117284,1780918.875,Eastern Europe & FSU,12188.283454543269
RUS,Russian Federation,2002,145.9395,1815818.0,Eastern Europe & FSU,12442.265459317045
RUS,Russian Federation,2003,145.794229,1958860.5,Eastern Europe & FSU,13435.789011923098
RUS,Russian Federation,2004,145.180097,2186966.75,Eastern Europe & FSU,15063.819319531107
RUS,Russian Federation,2005,144.597884,2447508.25,Eastern Europe & FSU,16926.307510834667
RUS,Russian Federation,2006,144.102948,2833723.5,Eastern Europe & FSU,19664.576882910125
RUS,Russian Federation,2007,143.859764,3270283.5,Eastern Europe & FSU,22732.44032292448
RUS,Russian Federation,2008,143.81184,3708624.5,Eastern Europe & FSU,25788.033168896247
RUS,Russian Federation,2009,143.869132,3359789.75,Eastern Europe & FSU,23353.096687898276
RUS,Russian Federation,2010,143.934465,3782417.25,Eastern Europe & FSU,26278.746025144155
RUS,Russian Federation,2011,144.043748,4288462.0,Eastern Europe & FSU,29771.941229965774
RUS,Russian Federation,2012,144.291029,4613104.5,Eastern Europe & FSU,31970.833751556376
RUS,Russian Federation,2013,144.604098,4494604.0,Eastern Europe & FSU,31082.134338959055
RUS,Russian Federation,2014,144.925638,4385105.5,Eastern Europe & FSU,30257.62425831101
RUS,Russian Federation,2015,145.307616,4142568.25,Eastern Europe & FSU,28508.954754305516
RUS,Russian Federation,2016,145.778677,4061978.5,Eastern Europe & FSU,27864.009905920604
RUS,Russian Federation,2017,146.186799,4290227.5,Eastern Europe & FSU,29347.571253680708
RUS,Russian Federation,2018,146.430146,4654116.0,Eastern Europe & FSU,31783.865051940873
RUS,Russian Federation,2019,146.533067,5023384.0,Eastern Europe & FSU,34281.57277292231
RUS,Russian Federation,2020,146.371299,4894178.0,Eastern Europe & FSU,33436.73270263182
RUS,Russian Federation,2021,145.836175,5703566.5,Eastern Europe & FSU,39109.408210960006
RUS,Russian Federation,2022,145.579899,5808183.5,Eastern Europe & FSU,39896.87820844002
RUS,Russian Federation,2023,145.4405,5896073.0,Eastern Europe & FSU,40539.41646240216
RWA,Rwanda,1960,3.20192650741054,3404.10717773438,Sub-Saharan Africa,1063.1434450028485
RWA,Rwanda,1961,3.21682180284317,3254.13232421875,Sub-Saharan Africa,1011.5985664305692
RWA,Rwanda,1962,3.2224552541366,3581.49829101563,Sub-Saharan Africa,1111.4190915197764
RWA,Rwanda,1963,3.3045805647124,3210.23681640625,Sub-Saharan Africa,971.4506133354444
RWA,Rwanda,1964,3.36265524579088,2844.09228515625,Sub-Saharan Africa,845.7876520991177
RWA,Rwanda,1965,3.44782755024777,3008.97900390625,Sub-Saharan Africa,872.7173734921912
RWA,Rwanda,1966,3.54663943916424,3215.48852539063,Sub-Saharan Africa,906.6296646575257
RWA,Rwanda,1967,3.64472791568335,3460.9833984375,Sub-Saharan Africa,949.5862183689507
RWA,Rwanda,1968,3.74701560854451,3681.73974609375,Sub-Saharan Africa,982.5792392479209
RWA,Rwanda,1969,3.86198832394447,4087.81103515625,Sub-Saharan Africa,1058.4731729538566
RWA,Rwanda,1970,3.980669,4366.85400390625,Sub-Saharan Africa,1097.0151007044922
RWA,Rwanda,1971,4.100044,4407.6923828125,Sub-Saharan Africa,1075.0353856720808
RWA,Rwanda,1972,4.220335,4580.98046875,Sub-Saharan Africa,1085.4542278634278
RWA,Rwanda,1973,4.345047,4771.939453125,Sub-Saharan Africa,1098.2480633983937
RWA,Rwanda,1974,4.474228,4861.88427734375,Sub-Saharan Africa,1086.6420480457746
RWA,Rwanda,1975,4.607728,4928.66015625,Sub-Saharan Africa,1069.650846632006
RWA,Rwanda,1976,4.745954,5788.13720703125,Sub-Saharan Africa,1219.594038844719
RWA,Rwanda,1977,4.88824,6173.38720703125,Sub-Saharan Africa,1262.9059144050314
RWA,Rwanda,1978,5.035171,6183.28515625,Sub-Saharan Africa,1228.0189006987052
RWA,Rwanda,1979,5.189541,7062.662109375,Sub-Saharan Africa,1360.9415764082025
RWA,Rwanda,1980,5.353259,6916.369140625,Sub-Saharan Africa,1291.992250071405
RWA,Rwanda,1981,5.52723,7946.267578125,Sub-Saharan Africa,1437.6582082028428
RWA,Rwanda,1982,5.711549,7739.1123046875,Sub-Saharan Africa,1354.9935936271404
RWA,Rwanda,1983,5.905311,8230.171875,Sub-Saharan Africa,1393.6898285289292
RWA,Rwanda,1984,6.107627,7993.21533203125,Sub-Saharan Africa,1308.7268315552424
RWA,Rwanda,1985,6.317228,8405.068359375,Sub-Saharan Africa,1330.4994468103732
RWA,Rwanda,1986,6.531881,8822.2021484375,Sub-Saharan Africa,1350.6373046963806
RWA,Rwanda,1987,6.749493,8439.0712890625,Sub-Saharan Africa,1250.3266969922777
RWA,Rwanda,1988,6.968071,8546.3701171875,Sub-Saharan Africa,1226.5044539855435
RWA,Rwanda,1989,7.184706,9178.802734375,Sub-Saharan Africa,1277.5474367879492
RWA,Rwanda,1990,7.375307,8839.3095703125,Sub-Saharan Africa,1198.5005600868546
RWA,Rwanda,1991,7.526966,7767.662109375,Sub-Saharan Africa,1031.9778393279576
RWA,Rwanda,1992,7.683266,8128.0048828125,Sub-Saharan Africa,1057.8840928860852
RWA,Rwanda,1993,7.981132,7410.7998046875,Sub-Saharan Africa,928.5399370274167
RWA,Rwanda,1994,6.792352,3417.36254882813,Sub-Saharan Africa,503.1191771021481
RWA,Rwanda,1995,5.674118,4188.86669921875,Sub-Saharan Africa,738.2410269259028
RWA,Rwanda,1996,6.708764,4971.234375,Sub-Saharan Africa,741.0059997638909
RWA,Rwanda,1997,7.755238,6177.36083984375,Sub-Saharan Africa,796.5404594731651
RWA,Rwanda,1998,8.081681,6949.99951171875,Sub-Saharan Africa,859.9695424403352
RWA,Rwanda,1999,8.147912,7417.76806640625,Sub-Saharan Africa,910.3888292370181
RWA,Rwanda,2000,8.213931,8215.9638671875,Sub-Saharan Africa,1000.2474901709668
RWA,Rwanda,2001,8.287094,8808.15625,Sub-Saharan Africa,1062.876353278966
RWA,Rwanda,2002,8.40018,9942.9833984375,Sub-Saharan Africa,1183.6631356039393
RWA,Rwanda,2003,8.586875,10032.201171875,Sub-Saharan Africa,1168.3180635417425
RWA,Rwanda,2004,8.816844,10950.1640625,Sub-Saharan Africa,1241.959601701017
RWA,Rwanda,2005,9.054528,12010.388671875,Sub-Saharan Africa,1326.4511051128231
RWA,Rwanda,2006,9.299246,13172.39453125,Sub-Saharan Africa,1416.5013519644497
RWA,Rwanda,2007,9.549933,14034.5615234375,Sub-Saharan Africa,1469.5979043452453
RWA,Rwanda,2008,9.804269,14623.8154296875,Sub-Saharan Africa,1491.5763153466619
RWA,Rwanda,2009,10.060432,15873.8369140625,Sub-Saharan Africa,1577.8484377273758
RWA,Rwanda,2010,10.317553,17041.1953125,Sub-Saharan Africa,1651.6702470537346
RWA,Rwanda,2011,10.573733,18963.794921875,Sub-Saharan Africa,1793.4815378707783
RWA,Rwanda,2012,10.829901,20002.5078125,Sub-Saharan Africa,1846.9705136270406
RWA,Rwanda,2013,11.09334,20211.306640625,Sub-Saharan Africa,1821.931595049372
RWA,Rwanda,2014,11.364757,22004.337890625,Sub-Saharan Africa,1936.1907949835618
RWA,Rwanda,2015,11.640022,23721.197265625,Sub-Saharan Africa,2037.8996934563354
RWA,Rwanda,2016,11.919183,24647.173828125,Sub-Saharan Africa,2067.8576566971915
RWA,Rwanda,2017,12.20206,25897.251953125,Sub-Saharan Africa,2122.367203007115
RWA,Rwanda,2018,12.487996,28498.4765625,Sub-Saharan Africa,2282.0696421187195
RWA,Rwanda,2019,12.776103,31035.609375,Sub-Saharan Africa,2429.1921703355083
RWA,Rwanda,2020,13.065837,30441.17578125,Sub-Saharan Africa,2329.8297522960065
RWA,Rwanda,2021,13.35526,34320.0546875,Sub-Saharan Africa,2569.778101474625
RWA,Rwanda,2022,13.65103,37041.01171875,Sub-Saharan Africa,2713.4224830470666
RWA,Rwanda,2023,13.954471,39916.203125,Sub-Saharan Africa,2860.4597856127975
SDN,Sudan,1970,11.9670992615882,18991.560546875,Sub-Saharan Africa,1586.9811164543275
SDN,Sudan,1971,12.3385016544323,20311.75,Sub-Saharan Africa,1646.208799810268
SDN,Sudan,1972,12.7315860879919,19457.80859375,Sub-Saharan Africa,1528.3098633014858
SDN,Sudan,1973,13.2119572140352,18971.04296875,Sub-Saharan Africa,1435.8995159776073
SDN,Sudan,1974,13.7089170659824,22965.126953125,Sub-Saharan Africa,1675.1962859350253
SDN,Sudan,1975,14.1702466892271,27061.23828125,Sub-Saharan Africa,1909.7224540080342
SDN,Sudan,1976,14.6498168600247,31108.705078125,Sub-Saharan Africa,2123.487643249115
SDN,Sudan,1977,15.1402296356612,35156.25390625,Sub-Saharan Africa,2322.04231720787
SDN,Sudan,1978,15.7043160335677,34620.69140625,Sub-Saharan Africa,2204.533539203419
SDN,Sudan,1979,16.3106153873144,32311.2265625,Sub-Saharan Africa,1980.9937145369815
SDN,Sudan,1980,16.9523128432682,33519.484375,Sub-Saharan Africa,1977.2808987719136
SDN,Sudan,1981,17.6098004466021,35976.2890625,Sub-Saharan Africa,2042.9697185717857
SDN,Sudan,1982,18.2566545966153,39156.796875,Sub-Saharan Africa,2144.7958424025555
SDN,Sudan,1983,18.8326238112672,34511.03125,Sub-Saharan Africa,1832.5131747894154
SDN,Sudan,1984,19.249192632905,35381.78515625,Sub-Saharan Africa,1838.0919049959314
SDN,Sudan,1985,19.6001655174209,36753.22265625,Sub-Saharan Africa,1875.148586045522
SDN,Sudan,1986,19.9719719529706,40569.4921875,Sub-Saharan Africa,2031.3213078323877
SDN,Sudan,1987,20.3346763362776,41744.68359375,Sub-Saharan Africa,2052.8816344756065
SDN,Sudan,1988,20.5875286381175,42650.8046875,Sub-Saharan Africa,2071.6816203248736
SDN,Sudan,1989,20.8289964425487,41866.53515625,Sub-Saharan Africa,2010.0121132445247
SDN,Sudan,1990,21.1996565059516,44074.41796875,Sub-Saharan Africa,2079.0156650121444
SDN,Sudan,1991,21.6339936997453,47891.50390625,Sub-Saharan Africa,2213.7153486743337
SDN,Sudan,1992,22.0536839493434,48225.59765625,Sub-Saharan Africa,2186.7365909034806
SDN,Sudan,1993,22.5008958451126,46230.109375,Sub-Saharan Africa,2054.589723592788
SDN,Sudan,1994,23.0661896176921,48918.05078125,Sub-Saharan Africa,2120.7686051331666
SDN,Sudan,1995,23.6863927939525,48314.31640625,Sub-Saharan Africa,2039.749860881535
SDN,Sudan,1996,24.233414329355,48510.89453125,Sub-Saharan Africa,2001.8183930642667
SDN,Sudan,1997,24.8042268499476,53225.3359375,Sub-Saharan Africa,2145.8171729957567
SDN,Sudan,1998,25.4143392576976,56231.73828125,Sub-Saharan Africa,2212.5988683423398
SDN,Sudan,1999,26.0664911205968,62690.16015625,Sub-Saharan Africa,2405.009552924233
SDN,Sudan,2000,26.8165615448192,64503.01953125,Sub-Saharan Africa,2405.3426619756774
SDN,Sudan,2001,27.5899064133611,66372.5625,Sub-Saharan Africa,2405.6827705605206
SDN,Sudan,2002,28.3824417259343,70197.515625,Sub-Saharan Africa,2473.272606452933
SDN,Sudan,2003,29.1537901481666,71492.2890625,Sub-Saharan Africa,2452.2468159082896
SDN,Sudan,2004,29.9385171373953,76172.46875,Sub-Saharan Africa,2544.2966463711477
SDN,Sudan,2005,30.7805968003126,93500.8359375,Sub-Saharan Africa,3037.655070305538
SDN,Sudan,2006,31.6650336068591,120441.4453125,Sub-Saharan Africa,3803.610215856858
SDN,Sudan,2007,32.6030163710157,125625.015625,Sub-Saharan Africa,3853.1715653365586
SDN,Sudan,2008,33.62398,126259.0234375,Sub-Saharan Africa,3755.0291023697964
SDN,Sudan,2009,34.569113,157130.96875,Sub-Saharan Africa,4545.415115221498
SDN,Sudan,2010,35.414399,193344.109375,Sub-Saharan Africa,5459.477354818304
SDN,Sudan,2011,36.140806,236286.15625,Sub-Saharan Africa,6537.9326695148975
SDN,Sudan,2012,36.923178,245549.421875,Sub-Saharan Africa,6650.278637310147
SDN,Sudan,2013,37.785849,182302.3125,Sub-Saharan Africa,4824.618668750833
SDN,Sudan,2014,38.823318,286001.15625,Sub-Saharan Africa,7366.736564092745
SDN,Sudan,2015,40.024431,296887.28125,Sub-Saharan Africa,7417.651515145837
SDN,Sudan,2016,41.259892,437280.4375,Sub-Saharan Africa,10598.196367067563
SDN,Sudan,2017,42.714306,566759.0625,Sub-Saharan Africa,13268.600512905441
SDN,Sudan,2018,44.230596,302892.34375,Sub-Saharan Africa,6848.027635666497
SDN,Sudan,2019,45.548175,231262.984375,Sub-Saharan Africa,5077.327123973682
SDN,Sudan,2020,46.789231,216550.0625,Sub-Saharan Africa,4628.2030687787965
SDN,Sudan,2021,48.066924,142079.4375,Sub-Saharan Africa,2955.8670635965805
SDN,Sudan,2022,49.383346,141936.734375,Sub-Saharan Africa,2874.1822065884317
SDN,Sudan,2023,50.042791,120740.59375,Sub-Saharan Africa,2412.7469978642876
SEN,Senegal,1960,3.38221480281171,10752.6328125,Sub-Saharan Africa,3179.16910645684
SEN,Senegal,1961,3.46333058168135,11012.3662109375,Sub-Saharan Africa,3179.7040309075273
SEN,Senegal,1962,3.54816506414361,10944.8818359375,Sub-Saharan Africa,3084.659715113669
SEN,Senegal,1963,3.63689605942261,11174.4189453125,Sub-Saharan Africa,3072.515343506006
SEN,Senegal,1964,3.76113809688718,11583.650390625,Sub-Saharan Africa,3079.825864466913
SEN,Senegal,1965,3.87267404996293,11495.869140625,Sub-Saharan Africa,2968.4577096631824
SEN,Senegal,1966,3.9891045656889,11892.814453125,Sub-Saharan Africa,2981.3243191009624
SEN,Senegal,1967,4.10217544887675,11829.537109375,Sub-Saharan Africa,2883.7228579811576
SEN,Senegal,1968,4.21387244137461,11456.3134765625,Sub-Saharan Africa,2718.713875644828
SEN,Senegal,1969,4.33685822337789,10198.677734375,Sub-Saharan Africa,2351.628116270644
SEN,Senegal,1970,4.466328,11340.068359375,Sub-Saharan Africa,2539.0137847858464
SEN,Senegal,1971,4.601864,11311.650390625,Sub-Saharan Africa,2458.0583847382277
SEN,Senegal,1972,4.741631,11732.0048828125,Sub-Saharan Africa,2474.255141914776
SEN,Senegal,1973,4.885181,11049.4853515625,Sub-Saharan Africa,2261.837453220771
SEN,Senegal,1974,5.029437,12203.4873046875,Sub-Saharan Africa,2426.4122017409704
SEN,Senegal,1975,5.17081,12765.3779296875,Sub-Saharan Africa,2468.7385399361992
SEN,Senegal,1976,5.308564,13572.513671875,Sub-Saharan Africa,2556.7203620178643
SEN,Senegal,1977,5.439549,13754.68359375,Sub-Saharan Africa,2528.644119898543
SEN,Senegal,1978,5.568096,13469.0986328125,Sub-Saharan Africa,2418.9774445003286
SEN,Senegal,1979,5.702895,14405.9296875,Sub-Saharan Africa,2526.0731062907525
SEN,Senegal,1980,5.845638,13662.984375,Sub-Saharan Africa,2337.295668154614
SEN,Senegal,1981,5.99716,13903.626953125,Sub-Saharan Africa,2318.368519953611
SEN,Senegal,1982,6.156961,16210.4765625,Sub-Saharan Africa,2632.869781455494
SEN,Senegal,1983,6.324504,17282.84375,Sub-Saharan Africa,2732.6797089542515
SEN,Senegal,1984,6.499364,18421.205078125,Sub-Saharan Africa,2834.308876703167
SEN,Senegal,1985,6.683287,20442.93359375,Sub-Saharan Africa,3058.8142621662064
SEN,Senegal,1986,6.878192,21680.642578125,Sub-Saharan Africa,3152.0845271729836
SEN,Senegal,1987,7.08153,22153.52734375,Sub-Saharan Africa,3128.3532434022027
SEN,Senegal,1988,7.289618,22881.02734375,Sub-Saharan Africa,3138.8513559626854
SEN,Senegal,1989,7.502207,22680.841796875,Sub-Saharan Africa,3023.2226059444906
SEN,Senegal,1990,7.720523,23187.72265625,Sub-Saharan Africa,3003.387549813659
SEN,Senegal,1991,7.943085,23005.97265625,Sub-Saharan Africa,2896.352318557588
SEN,Senegal,1992,8.168395,23353.837890625,Sub-Saharan Africa,2859.048551230076
SEN,Senegal,1993,8.396288,22752.287109375,Sub-Saharan Africa,2709.8030831451947
SEN,Senegal,1994,8.624078,23093.849609375,Sub-Saharan Africa,2677.834037374778
SEN,Senegal,1995,8.848101,23296.05078125,Sub-Saharan Africa,2632.887077266636
SEN,Senegal,1996,9.067014,24653.60546875,Sub-Saharan Africa,2719.0434986369273
SEN,Senegal,1997,9.283495,24777.158203125,Sub-Saharan Africa,2668.947223338301
SEN,Senegal,1998,9.502952,25613.49609375,Sub-Saharan Africa,2695.31994834342
SEN,Senegal,1999,9.730887,27444.29296875,Sub-Saharan Africa,2820.327989498799
SEN,Senegal,2000,9.96826,27366.70703125,Sub-Saharan Africa,2745.3845536984386
SEN,Senegal,2001,10.212942,29646.427734375,Sub-Saharan Africa,2902.829344803388
SEN,Senegal,2002,10.466214,28745.615234375,Sub-Saharan Africa,2746.5151423786097
SEN,Senegal,2003,10.721176,30972.837890625,Sub-Saharan Africa,2888.94034484883
SEN,Senegal,2004,10.975704,31187.7578125,Sub-Saharan Africa,2841.52686811707
SEN,Senegal,2005,11.235472,32866.3828125,Sub-Saharan Africa,2925.233831965404
SEN,Senegal,2006,11.500094,34047.51171875,Sub-Saharan Africa,2960.6289930108396
SEN,Senegal,2007,11.770344,35445.61328125,Sub-Saharan Africa,3011.4339293099674
SEN,Senegal,2008,12.048959,35521.578125,Sub-Saharan Africa,2948.1034938371026
SEN,Senegal,2009,12.337389,39131.98828125,Sub-Saharan Africa,3171.820899969191
SEN,Senegal,2010,12.635413,40962.74609375,Sub-Saharan Africa,3241.900054533239
SEN,Senegal,2011,12.958897,41339.7890625,Sub-Saharan Africa,3190.070039332823
SEN,Senegal,2012,13.310495,43245.64453125,Sub-Saharan Africa,3248.9884509366484
SEN,Senegal,2013,13.710849,43221.6640625,Sub-Saharan Africa,3152.3696353522673
SEN,Senegal,2014,14.152102,44925.671875,Sub-Saharan Africa,3174.487569055113
SEN,Senegal,2015,14.593331,47858.23828125,Sub-Saharan Africa,3279.4595203281556
SEN,Senegal,2016,15.034521,50589.83984375,Sub-Saharan Africa,3364.911981149915
SEN,Senegal,2017,15.475002,52523.96875,Sub-Saharan Africa,3394.1170896133003
SEN,Senegal,2018,15.914498,55416.6484375,Sub-Saharan Africa,3482.148694699638
SEN,Senegal,2019,16.352922,60323.875,Sub-Saharan Africa,3688.8743797591646
SEN,Senegal,2020,16.789219,61628.1875,Sub-Saharan Africa,3670.700078425328
SEN,Senegal,2021,17.220867,66477.2734375,Sub-Saharan Africa,3860.274481970043
SEN,Senegal,2022,17.651103,67393.2421875,Sub-Saharan Africa,3818.0754022850583
SEN,Senegal,2023,18.077573,70639.484375,Sub-Saharan Africa,3907.5756670986752
SGP,Singapore,1960,1.6599322353492,5153.4482421875,Southeast Asia,3104.613629666255
SGP,Singapore,1961,1.71639251055744,5523.998046875,Southeast Asia,3218.37692305063
SGP,Singapore,1962,1.76458545786246,6026.55615234375,Southeast Asia,3415.281547000875
SGP,Singapore,1963,1.80975360591559,6763.2109375,Southeast Asia,3737.0893559172428
SGP,Singapore,1964,1.85673660948203,6574.5556640625,Southeast Asia,3540.919929346678
SGP,Singapore,1965,1.90240895083836,7184.56787109375,Southeast Asia,3776.5633240569177
SGP,Singapore,1966,1.95029938216145,8113.88916015625,Southeast Asia,4160.330067460671
SGP,Singapore,1967,1.99385447221166,9248.740234375,Southeast Asia,4638.623512033926
SGP,Singapore,1968,2.0285373225839,10624.158203125,Southeast Asia,5237.349140607486
SGP,Singapore,1969,2.0592879459476,12237.0458984375,Southeast Asia,5942.367565700732
SGP,Singapore,1970,2.091558,13862.078125,Southeast Asia,6627.63266665328
SGP,Singapore,1971,2.128433,15775.20703125,Southeast Asia,7411.653094671057
SGP,Singapore,1972,2.164334,17925.7734375,Southeast Asia,8282.350800523394
SGP,Singapore,1973,2.200137,19815.15625,Southeast Asia,9006.328355916019
SGP,Singapore,1974,2.235075,21562.8359375,Southeast Asia,9647.477573459502
SGP,Singapore,1975,2.268523,22295.990234375,Southeast Asia,9828.41709534133
SGP,Singapore,1976,2.300743,23915.01171875,Southeast Asia,10394.473315250769
SGP,Singapore,1977,2.331545,25476.0625,Southeast Asia,10926.687025127114
SGP,Singapore,1978,2.360602,27779.91015625,Southeast Asia,11768.14649663518
SGP,Singapore,1979,2.388157,30679.376953125,Southeast Asia,12846.465685934802
SGP,Singapore,1980,2.437493,34522.46875,Southeast Asia,14163.104776095768
SGP,Singapore,1981,2.531802,37872.8359375,Southeast Asia,14958.845888225067
SGP,Singapore,1982,2.627417,41821.8203125,Southeast Asia,15917.46582765507
SGP,Singapore,1983,2.685981,46434.4921875,Southeast Asia,17287.72176255156
SGP,Singapore,1984,2.720923,50145.66796875,Southeast Asia,18429.65345537158
SGP,Singapore,1985,2.73503,48719.19921875,Southeast Asia,17813.040156323696
SGP,Singapore,1986,2.744653,48619.95703125,Southeast Asia,17714.427663988852
SGP,Singapore,1987,2.781615,53194.53125,Southeast Asia,19123.613889772667
SGP,Singapore,1988,2.849045,58672.59375,Southeast Asia,20593.775721338203
SGP,Singapore,1989,2.938655,64875.71875,Southeast Asia,22076.670704795222
SGP,Singapore,1990,3.039591,72520.765625,Southeast Asia,23858.724948521034
SGP,Singapore,1991,3.136291,79057.7734375,Southeast Asia,25207.410102410777
SGP,Singapore,1992,3.226465,83782.515625,Southeast Asia,25967.278623818947
SGP,Singapore,1993,3.317892,93685.4765625,Southeast Asia,28236.44547878593
SGP,Singapore,1994,3.417817,103415.8203125,Southeast Asia,30257.857665433814
SGP,Singapore,1995,3.533624,115314.3046875,Southeast Asia,32633.43940597528
SGP,Singapore,1996,3.66456,124722.46875,Southeast Asia,34034.77327428122
SGP,Singapore,1997,3.796622,141760.578125,Southeast Asia,37338.60735279941
SGP,Singapore,1998,3.901418,141004.96875,Southeast Asia,36141.97933930689
SGP,Singapore,1999,3.966557,153876.484375,Southeast Asia,38793.463544076134
SGP,Singapore,2000,4.035245,186087.015625,Southeast Asia,46115.41941691273
SGP,Singapore,2001,4.116166,185733.375,Southeast Asia,45122.90685069553
SGP,Singapore,2002,4.146892,201536.9375,Southeast Asia,48599.51440741644
SGP,Singapore,2003,4.138245,213842.015625,Southeast Asia,51674.56630165686
SGP,Singapore,2004,4.172767,260233.8125,Southeast Asia,62364.80793200291
SGP,Singapore,2005,4.268364,300831.3125,Southeast Asia,70479.30132013108
SGP,Singapore,2006,4.407058,329469.75,Southeast Asia,74759.5674937793
SGP,Singapore,2007,4.596515,363994.84375,Southeast Asia,79189.30836731741
SGP,Singapore,2008,4.806741,361260.6875,Southeast Asia,75157.09448459986
SGP,Singapore,2009,4.968568,370930.15625,Southeast Asia,74655.3446083459
SGP,Singapore,2010,5.077014,439581.375,Southeast Asia,86582.6596105506
SGP,Singapore,2011,5.182239,470300.375,Southeast Asia,90752.35144500283
SGP,Singapore,2012,5.29334,482118.0,Southeast Asia,91080.1119897834
SGP,Singapore,2013,5.385588,477149.96875,Southeast Asia,88597.56237387635
SGP,Singapore,2014,5.4579,480467.34375,Southeast Asia,88031.54029022151
SGP,Singapore,2015,5.52534,497220.25,Southeast Asia,89989.07759522491
SGP,Singapore,2016,5.57793,510847.09375,Southeast Asia,91583.63295165052
SGP,Singapore,2017,5.604078,541093.0625,Southeast Asia,96553.44955941012
SGP,Singapore,2018,5.634369,570760.9375,Southeast Asia,101299.8860209546
SGP,Singapore,2019,5.669563,576209.375,Southeast Asia,101632.0614128461
SGP,Singapore,2020,5.62015,541792.8125,Southeast Asia,96401.84203268596
SGP,Singapore,2021,5.54629,638975.8125,Southeast Asia,115207.7898018315
SGP,Singapore,2022,5.649885,706659.4375,Southeast Asia,125075.0125887518
SGP,Singapore,2023,5.78909,652885.9375,Southeast Asia,112778.68153716733
SLE,Sierra Leone,1961,2.36448841430262,2497.2998046875,Sub-Saharan Africa,1056.169186358247
SLE,Sierra Leone,1962,2.39975008876011,2617.05102539063,Sub-Saharan Africa,1090.5514860269445
SLE,Sierra Leone,1963,2.43594513184418,2761.05493164063,Sub-Saharan Africa,1133.4635150629683
SLE,Sierra Leone,1964,2.47291728661138,3273.82836914063,Sub-Saharan Africa,1323.872976611657
SLE,Sierra Leone,1965,2.51068394070379,3327.01440429688,Sub-Saharan Africa,1325.1426634625534
SLE,Sierra Leone,1966,2.54926526378622,3276.15356445313,Sub-Saharan Africa,1285.1363924314885
SLE,Sierra Leone,1967,2.58868003451211,2998.65600585938,Sub-Saharan Africa,1158.3725937085687
SLE,Sierra Leone,1968,2.6289495817224,3222.74633789063,Sub-Saharan Africa,1225.868445822074
SLE,Sierra Leone,1969,2.67014368782063,3383.06860351563,Sub-Saharan Africa,1266.998708326775
SLE,Sierra Leone,1970,2.712286,4128.91455078125,Sub-Saharan Africa,1522.300579946676
SLE,Sierra Leone,1971,2.763222,4206.2451171875,Sub-Saharan Africa,1522.2248220329384
SLE,Sierra Leone,1972,2.814388,4399.94287109375,Sub-Saharan Africa,1563.3746559087624
SLE,Sierra Leone,1973,2.866955,4553.65673828125,Sub-Saharan Africa,1588.3251527426312
SLE,Sierra Leone,1974,2.920459,4646.76416015625,Sub-Saharan Africa,1591.1074800763338
SLE,Sierra Leone,1975,2.974657,4629.2900390625,Sub-Saharan Africa,1556.2433043750925
SLE,Sierra Leone,1976,3.02882,4540.32568359375,Sub-Saharan Africa,1499.0411063033623
SLE,Sierra Leone,1977,3.085354,4569.96435546875,Sub-Saharan Africa,1481.1799085190062
SLE,Sierra Leone,1978,3.145517,4723.181640625,Sub-Saharan Africa,1501.5597247209282
SLE,Sierra Leone,1979,3.207499,4805.63623046875,Sub-Saharan Africa,1498.2502661633723
SLE,Sierra Leone,1980,3.272089,4677.09521484375,Sub-Saharan Africa,1429.3911977466842
SLE,Sierra Leone,1981,3.33894,4958.91259765625,Sub-Saharan Africa,1485.1757137463537
SLE,Sierra Leone,1982,3.408183,5252.08740234375,Sub-Saharan Africa,1541.0227098555886
SLE,Sierra Leone,1983,3.481646,5148.66259765625,Sub-Saharan Africa,1478.801290440283
SLE,Sierra Leone,1984,3.558758,5391.9111328125,Sub-Saharan Africa,1515.1103651365167
SLE,Sierra Leone,1985,3.638438,5488.46630859375,Sub-Saharan Africa,1508.4677294470182
SLE,Sierra Leone,1986,3.72838,5598.54736328125,Sub-Saharan Africa,1501.603206561898
SLE,Sierra Leone,1987,3.829718,6019.3935546875,Sub-Saharan Africa,1571.7589531885899
SLE,Sierra Leone,1988,3.934517,6272.46044921875,Sub-Saharan Africa,1594.2135843405301
SLE,Sierra Leone,1989,4.034037,6627.35205078125,Sub-Saharan Africa,1642.8585188438408
SLE,Sierra Leone,1990,4.196828,7270.50341796875,Sub-Saharan Africa,1732.3806021997448
SLE,Sierra Leone,1991,4.246267,7542.07177734375,Sub-Saharan Africa,1776.165224029424
SLE,Sierra Leone,1992,4.166366,7091.92626953125,Sub-Saharan Africa,1702.1851343667959
SLE,Sierra Leone,1993,4.15713,7870.98193359375,Sub-Saharan Africa,1893.3692075046365
SLE,Sierra Leone,1994,4.173105,8803.8671875,Sub-Saharan Africa,2109.668265596001
SLE,Sierra Leone,1995,4.179179,8248.2060546875,Sub-Saharan Africa,1973.6426830933776
SLE,Sierra Leone,1996,4.19921,6966.56396484375,Sub-Saharan Africa,1659.01775925561
SLE,Sierra Leone,1997,4.253716,6227.81591796875,Sub-Saharan Africa,1464.0883213568443
SLE,Sierra Leone,1998,4.295785,5498.263671875,Sub-Saharan Africa,1279.9205900376764
SLE,Sierra Leone,1999,4.318043,4043.306640625,Sub-Saharan Africa,936.3747977092863
SLE,Sierra Leone,2000,4.423611,4707.9248046875,Sub-Saharan Africa,1064.27188210887
SLE,Sierra Leone,2001,4.692716,5341.646484375,Sub-Saharan Africa,1138.284627574948
SLE,Sierra Leone,2002,4.971435,6217.732421875,Sub-Saharan Africa,1250.6916859769867
SLE,Sierra Leone,2003,5.177687,6395.615234375,Sub-Saharan Africa,1235.2263152204837
SLE,Sierra Leone,2004,5.355717,6516.884765625,Sub-Saharan Africa,1216.8090221393325
SLE,Sierra Leone,2005,5.501712,6440.32470703125,Sub-Saharan Africa,1170.6037515288422
SLE,Sierra Leone,2006,5.624466,6768.9111328125,Sub-Saharan Africa,1203.47622917669
SLE,Sierra Leone,2007,5.749352,7148.9296875,Sub-Saharan Africa,1243.4322489734495
SLE,Sierra Leone,2008,5.894722,7606.15966796875,Sub-Saharan Africa,1290.3339068354285
SLE,Sierra Leone,2009,6.055646,8104.9365234375,Sub-Saharan Africa,1338.4098944088705
SLE,Sierra Leone,2010,6.222714,8359.935546875,Sub-Saharan Africa,1343.45488911671
SLE,Sierra Leone,2011,6.387251,8874.9267578125,Sub-Saharan Africa,1389.4751838956226
SLE,Sierra Leone,2012,6.55108,10754.9208984375,Sub-Saharan Africa,1641.7019634071787
SLE,Sierra Leone,2013,6.714051,13217.3720703125,Sub-Saharan Africa,1968.6135941345246
SLE,Sierra Leone,2014,6.876385,13267.71484375,Sub-Saharan Africa,1929.460733183206
SLE,Sierra Leone,2015,7.037655,13159.615234375,Sub-Saharan Africa,1869.88638038878
SLE,Sierra Leone,2016,7.205328,14856.6630859375,Sub-Saharan Africa,2061.8996228814985
SLE,Sierra Leone,2017,7.379299,15451.5146484375,Sub-Saharan Africa,2093.9000640084514
SLE,Sierra Leone,2018,7.554563,20067.369140625,Sub-Saharan Africa,2656.32428250648
SLE,Sierra Leone,2019,7.731991,19853.798828125,Sub-Saharan Africa,2567.747275976524
SLE,Sierra Leone,2020,7.912558,20290.517578125,Sub-Saharan Africa,2564.3436140531294
SLE,Sierra Leone,2021,8.094602,21007.560546875,Sub-Saharan Africa,2595.2555229861828
SLE,Sierra Leone,2022,8.276807,22379.201171875,Sub-Saharan Africa,2703.8447521942944
SLE,Sierra Leone,2023,8.460512,23216.880859375,Sub-Saharan Africa,2744.1460823381612
SLV,El Salvador,1950,1.97472641638483,4405.423828125,Latin America & Caribbean,2230.9033755623195
SLV,El Salvador,1951,2.02558184515029,4662.40087890625,Latin America & Caribbean,2301.758820592272
SLV,El Salvador,1952,2.07964713140867,4937.064453125,Latin America & Caribbean,2373.991423141497
SLV,El Salvador,1953,2.13692506634042,5288.05908203125,Latin America & Caribbean,2474.611377500142
SLV,El Salvador,1954,2.19741916925999,5611.86279296875,Latin America & Caribbean,2553.842649356071
SLV,El Salvador,1955,2.26113089643542,5821.1005859375,Latin America & Caribbean,2574.4199927187874
SLV,El Salvador,1956,2.32806485938221,6061.87890625,Latin America & Caribbean,2603.827329732823
SLV,El Salvador,1957,2.39822154352303,6546.263671875,Latin America & Caribbean,2729.6325852608356
SLV,El Salvador,1958,2.47160556037339,6278.671875,Latin America & Caribbean,2540.32114818979
SLV,El Salvador,1959,2.54821860891267,6344.9052734375,Latin America & Caribbean,2489.9375788425327
SLV,El Salvador,1960,2.62806481523367,6402.01806640625,Latin America & Caribbean,2436.0198535807517
SLV,El Salvador,1961,2.71281888759359,6584.7421875,Latin America & Caribbean,2427.2693682625472
SLV,El Salvador,1962,2.79715962253873,7256.982421875,Latin America & Caribbean,2594.411260408689
SLV,El Salvador,1963,2.88715431818692,7494.1611328125,Latin America & Caribbean,2595.691226341755
SLV,El Salvador,1964,2.97651480909946,8134.17333984375,Latin America & Caribbean,2732.7844346605925
SLV,El Salvador,1965,3.07218895014158,8730.6962890625,Latin America & Caribbean,2841.8487374157603
SLV,El Salvador,1966,3.18452983630145,9291.0234375,Latin America & Caribbean,2917.549501841284
SLV,El Salvador,1967,3.29113642430419,9807.9599609375,Latin America & Caribbean,2980.1134612677424
SLV,El Salvador,1968,3.40758908330245,9855.4833984375,Latin America & Caribbean,2892.2159208486787
SLV,El Salvador,1969,3.53164006356149,10182.337890625,Latin America & Caribbean,2883.175438993236
SLV,El Salvador,1970,3.668796,11152.068359375,Latin America & Caribbean,3039.7079476141494
SLV,El Salvador,1971,3.757523,11254.8916015625,Latin America & Caribbean,2995.295465007799
SLV,El Salvador,1972,3.84683,12011.3203125,Latin America & Caribbean,3122.394364320752
SLV,El Salvador,1973,3.938068,12875.115234375,Latin America & Caribbean,3269.398911947432
SLV,El Salvador,1974,4.029671,12707.3681640625,Latin America & Caribbean,3153.4505333220754
SLV,El Salvador,1975,4.120449,13212.6240234375,Latin America & Caribbean,3206.5981215730376
SLV,El Salvador,1976,4.21031,15329.392578125,Latin America & Caribbean,3640.917789456121
SLV,El Salvador,1977,4.301256,17997.005859375,Latin America & Caribbean,4184.128045244226
SLV,El Salvador,1978,4.394114,16908.443359375,Latin America & Caribbean,3847.9755780972
SLV,El Salvador,1979,4.480388,16972.080078125,Latin America & Caribbean,3788.0826567085264
SLV,El Salvador,1980,4.540382,15418.310546875,Latin America & Caribbean,3395.8179172754626
SLV,El Salvador,1981,4.570599,13645.6240234375,Latin America & Caribbean,2985.522034078575
SLV,El Salvador,1982,4.622477,13038.5615234375,Latin America & Caribbean,2820.687160463427
SLV,El Salvador,1983,4.707367,13253.9716796875,Latin America & Caribbean,2815.5807014170555
SLV,El Salvador,1984,4.798003,13808.9833984375,Latin America & Caribbean,2878.0689379388677
SLV,El Salvador,1985,4.894706,14417.482421875,Latin America & Caribbean,2945.52572143761
SLV,El Salvador,1986,4.992769,15411.8046875,Latin America & Caribbean,3086.8251039653546
SLV,El Salvador,1987,5.092441,15378.267578125,Latin America & Caribbean,3019.8224344916316
SLV,El Salvador,1988,5.195833,16154.86328125,Latin America & Caribbean,3109.1960194351896
SLV,El Salvador,1989,5.298979,16424.642578125,Latin America & Caribbean,3099.586274662534
SLV,El Salvador,1990,5.399726,16144.51953125,Latin America & Caribbean,2989.8775477218655
SLV,El Salvador,1991,5.495077,16750.240234375,Latin America & Caribbean,3048.226664407978
SLV,El Salvador,1992,5.585609,18040.4375,Latin America & Caribbean,3229.8067229553662
SLV,El Salvador,1993,5.659957,19754.59765625,Latin America & Caribbean,3490.2381159874535
SLV,El Salvador,1994,5.714129,21414.6328125,Latin America & Caribbean,3747.663521859587
SLV,El Salvador,1995,5.762131,23349.6953125,Latin America & Caribbean,4052.2673490935904
SLV,El Salvador,1996,5.805286,24392.380859375,Latin America & Caribbean,4201.753515567537
SLV,El Salvador,1997,5.844578,25857.3515625,Latin America & Caribbean,4424.16057455303
SLV,El Salvador,1998,5.880781,27118.638671875,Latin America & Caribbean,4611.400878875612
SLV,El Salvador,1999,5.9139,28249.185546875,Latin America & Caribbean,4776.743865617444
SLV,El Salvador,2000,5.943366,28897.8359375,Latin America & Caribbean,4862.200298198024
SLV,El Salvador,2001,5.96806,30189.5625,Latin America & Caribbean,5058.52194850588
SLV,El Salvador,2002,5.986631,31562.8515625,Latin America & Caribbean,5272.222651187287
SLV,El Salvador,2003,5.998599,32721.640625,Latin America & Caribbean,5454.880485426681
SLV,El Salvador,2004,6.004671,33738.60546875,Latin America & Caribbean,5618.726732696929
SLV,El Salvador,2005,6.005578,35836.09765625,Latin America & Caribbean,5967.135495742458
SLV,El Salvador,2006,6.002319,38494.75,Latin America & Caribbean,6413.312921222614
SLV,El Salvador,2007,6.009824,40428.6015625,Latin America & Caribbean,6727.085778635114
SLV,El Salvador,2008,6.029297,41636.92578125,Latin America & Caribbean,6905.767916433707
SLV,El Salvador,2009,6.048279,42766.87890625,Latin America & Caribbean,7070.917017262266
SLV,El Salvador,2010,6.068249,44724.1796875,Latin America & Caribbean,7370.195205816373
SLV,El Salvador,2011,6.090127,47793.03125,Latin America & Caribbean,7847.624729336515
SLV,El Salvador,2012,6.113975,49071.58203125,Latin America & Caribbean,8026.133903270786
SLV,El Salvador,2013,6.138839,49581.8125,Latin America & Caribbean,8076.740976591828
SLV,El Salvador,2014,6.162955,50988.6484375,Latin America & Caribbean,8273.409174251638
SLV,El Salvador,2015,6.183676,53769.16796875,Latin America & Caribbean,8695.340436457214
SLV,El Salvador,2016,6.2008,55806.078125,Latin America & Caribbean,8999.819075764417
SLV,El Salvador,2017,6.213533,56937.33203125,Latin America & Caribbean,9163.439227127305
SLV,El Salvador,2018,6.219807,58829.71875,Latin America & Caribbean,9458.447625464905
SLV,El Salvador,2019,6.222318,62443.890625,Latin America & Caribbean,10035.470804449404
SLV,El Salvador,2020,6.234673,59104.08203125,Latin America & Caribbean,9479.900875515043
SLV,El Salvador,2021,6.255782,65349.62109375,Latin America & Caribbean,10446.275316778941
SLV,El Salvador,2022,6.280319,65623.9296875,Latin America & Caribbean,10449.139556048029
SLV,El Salvador,2023,6.309624,69522.1640625,Latin America & Caribbean,11018.432170046899
SVK,Slovakia,1990,5.266078,113357.171875,Eastern Europe & FSU,21525.919645512276
SVK,Slovakia,1991,5.284874,90436.484375,Eastern Europe & FSU,17112.325549294077
SVK,Slovakia,1992,5.306436,84551.3828125,Eastern Europe & FSU,15933.74212230205
SVK,Slovakia,1993,5.32636,84760.328125,Eastern Europe & FSU,15913.368252427548
SVK,Slovakia,1994,5.343231,89248.109375,Eastern Europe & FSU,16703.022829258178
SVK,Slovakia,1995,5.354282,93767.1796875,Eastern Europe & FSU,17512.55904853349
SVK,Slovakia,1996,5.362428,94818.078125,Eastern Europe & FSU,17681.930298178362
SVK,Slovakia,1997,5.369779,96732.6953125,Eastern Europe & FSU,18014.278671896926
SVK,Slovakia,1998,5.374796,96186.296875,Eastern Europe & FSU,17895.804208196925
SVK,Slovakia,1999,5.378104,92787.5078125,Eastern Europe & FSU,17252.828843120176
SVK,Slovakia,2000,5.379999,96162.65625,Eastern Europe & FSU,17874.102997045167
SVK,Slovakia,2001,5.379437,100639.1796875,Eastern Europe & FSU,18708.12497432352
SVK,Slovakia,2002,5.377688,104739.421875,Eastern Europe & FSU,19476.66392602174
SVK,Slovakia,2003,5.376196,107519.9765625,Eastern Europe & FSU,19999.266500421487
SVK,Slovakia,2004,5.376038,112252.5703125,Eastern Europe & FSU,20880.16682778284
SVK,Slovakia,2005,5.376695,118680.75,Eastern Europe & FSU,22073.178783620795
SVK,Slovakia,2006,5.376846,130957.453125,Eastern Europe & FSU,24355.812520016385
SVK,Slovakia,2007,5.376999,149752.75,Eastern Europe & FSU,27850.618904708743
SVK,Slovakia,2008,5.37912,161375.140625,Eastern Europe & FSU,30000.286408371627
SVK,Slovakia,2009,5.385073,158131.09375,Eastern Europe & FSU,29364.70754435455
SVK,Slovakia,2010,5.391851,167488.03125,Eastern Europe & FSU,31063.178720999524
SVK,Slovakia,2011,5.398109,175095.5,Eastern Europe & FSU,32436.451357317907
SVK,Slovakia,2012,5.404871,178940.125,Eastern Europe & FSU,33107.19626795903
SVK,Slovakia,2013,5.410422,175081.75,Eastern Europe & FSU,32360.091320048607
SVK,Slovakia,2014,5.41523,180246.875,Eastern Europe & FSU,33285.1744062579
SVK,Slovakia,2015,5.420278,187851.25,Eastern Europe & FSU,34657.12459766824
SVK,Slovakia,2016,5.427259,180603.453125,Eastern Europe & FSU,33277.10233195062
SVK,Slovakia,2017,5.4357,182972.234375,Eastern Europe & FSU,33661.20911290174
SVK,Slovakia,2018,5.443232,183501.734375,Eastern Europe & FSU,33711.90762675557
SVK,Slovakia,2019,5.450626,181939.453125,Eastern Europe & FSU,33379.55183955017
SVK,Slovakia,2020,5.455024,195327.125,Eastern Europe & FSU,35806.83146398623
SVK,Slovakia,2021,5.442759,201575.703125,Eastern Europe & FSU,37035.57389276285
SVK,Slovakia,2022,5.473197,193521.15625,Eastern Europe & FSU,35357.97382224685
SVK,Slovakia,2023,5.518055,196187.46875,Eastern Europe & FSU,35553.73564598396
SVN,Slovenia,1990,1.998007,47587.3359375,Eastern Europe & FSU,23817.402009852816
SVN,Slovenia,1991,1.999193,41646.5859375,Eastern Europe & FSU,20831.698559118606
SVN,Slovenia,1992,1.995859,39331.6484375,Eastern Europe & FSU,19706.626789517697
SVN,Slovenia,1993,1.990811,41773.23828125,Eastern Europe & FSU,20983.025651983036
SVN,Slovenia,1994,1.988262,44604.29296875,Eastern Europe & FSU,22433.810518306942
SVN,Slovenia,1995,1.988095,47361.49609375,Eastern Europe & FSU,23822.551786383447
SVN,Slovenia,1996,1.986793,49072.23828125,Eastern Europe & FSU,24699.220442819154
SVN,Slovenia,1997,1.984398,50385.78125,Eastern Europe & FSU,25390.96554723397
SVN,Slovenia,1998,1.980064,51041.734375,Eastern Europe & FSU,25777.820502266593
SVN,Slovenia,1999,1.981194,52809.85546875,Eastern Europe & FSU,26655.570059645852
SVN,Slovenia,2000,1.986816,53846.3359375,Eastern Europe & FSU,27101.823187200025
SVN,Slovenia,2001,1.989679,55257.390625,Eastern Europe & FSU,27772.01278447428
SVN,Slovenia,2002,1.991572,56889.984375,Eastern Europe & FSU,28565.36664253163
SVN,Slovenia,2003,1.99249,57513.47265625,Eastern Europe & FSU,28865.12487201943
SVN,Slovenia,2004,1.993545,61293.37109375,Eastern Europe & FSU,30745.917997211
SVN,Slovenia,2005,1.996914,62594.8203125,Eastern Europe & FSU,31345.776689682178
SVN,Slovenia,2006,2.003114,65836.4765625,Eastern Europe & FSU,32867.064262193766
SVN,Slovenia,2007,2.014158,70738.8046875,Eastern Europe & FSU,35120.7823256666
SVN,Slovenia,2008,2.025085,74127.890625,Eastern Europe & FSU,36604.82924173553
SVN,Slovenia,2009,2.035608,69089.0703125,Eastern Europe & FSU,33940.262718804406
SVN,Slovenia,2010,2.044612,69207.9453125,Eastern Europe & FSU,33848.93823987143
SVN,Slovenia,2011,2.048804,72155.3515625,Eastern Europe & FSU,35218.27932906222
SVN,Slovenia,2012,2.053321,71059.703125,Eastern Europe & FSU,34607.206143121315
SVN,Slovenia,2013,2.056441,70865.6015625,Eastern Europe & FSU,34460.31350401008
SVN,Slovenia,2014,2.058401,71869.171875,Eastern Europe & FSU,34915.049047780296
SVN,Slovenia,2015,2.059947,74762.796875,Eastern Europe & FSU,36293.55360841808
SVN,Slovenia,2016,2.061373,77923.6484375,Eastern Europe & FSU,37801.81870893817
SVN,Slovenia,2017,2.06241,83219.2734375,Eastern Europe & FSU,40350.49938542773
SVN,Slovenia,2018,2.069481,86845.9609375,Eastern Europe & FSU,41965.09218374075
SVN,Slovenia,2019,2.083439,94378.2734375,Eastern Europe & FSU,45299.27367083942
SVN,Slovenia,2020,2.102419,91693.3984375,Eastern Europe & FSU,43613.284715130525
SVN,Slovenia,2021,2.113494,97261.8828125,Eastern Europe & FSU,46019.474298247354
SVN,Slovenia,2022,2.115228,97395.0625,Eastern Europe & FSU,46044.71125571333
SVN,Slovenia,2023,2.118396,101986.7578125,Eastern Europe & FSU,48143.38670036197
SWE,Sweden,1950,7.01398529133846,86332.71875,Nordic,12308.654090936276
SWE,Sweden,1951,7.07281014052308,91855.3203125,Nordic,12987.10392156896
SWE,Sweden,1952,7.12465268300312,91458.4453125,Nordic,12836.898776930871
SWE,Sweden,1953,7.1714407659415,94412.6015625,Nordic,13165.081417235282
SWE,Sweden,1954,7.21346955070202,99820.890625,Nordic,13838.124625518847
SWE,Sweden,1955,7.26236763208114,103377.734375,Nordic,14234.715124904187
SWE,Sweden,1956,7.3145310850585,106980.65625,Nordic,14625.7709490812
SWE,Sweden,1957,7.36378107126231,109310.4140625,Nordic,14844.332416276175
SWE,Sweden,1958,7.40912291120165,112338.703125,Nordic,15162.213459188022
SWE,Sweden,1959,7.4462278894313,118575.0390625,Nordic,15924.175411122971
SWE,Sweden,1960,7.48037362465005,123373.703125,Nordic,16492.986756496633
SWE,Sweden,1961,7.51997674566638,130319.5625,Nordic,17329.78264528553
SWE,Sweden,1962,7.56156636464975,135057.390625,Nordic,17861.03356262163
SWE,Sweden,1963,7.60430658843255,141739.140625,Nordic,18639.324832143073
SWE,Sweden,1964,7.66133233612182,151245.5625,Nordic,19741.41779320864
SWE,Sweden,1965,7.73383092887405,157297.015625,Nordic,20338.822644510605
SWE,Sweden,1966,7.80777481095371,160424.703125,Nordic,20546.789195294983
SWE,Sweden,1967,7.8679085744253,165931.140625,Nordic,21089.61219559166
SWE,Sweden,1968,7.91219469989056,171975.09375,Nordic,21735.44765681496
SWE,Sweden,1969,7.96799545639468,180874.046875,Nordic,22700.069028006325
SWE,Sweden,1970,8.04278,193823.46875,Nordic,24099.063849813123
SWE,Sweden,1971,8.098102,194807.734375,Nordic,24055.974396840145
SWE,Sweden,1972,8.122425,198898.234375,Nordic,24487.543359895597
SWE,Sweden,1973,8.137169,206308.328125,Nordic,25353.82122762843
SWE,Sweden,1974,8.160639,208774.484375,Nordic,25583.104996434715
SWE,Sweden,1975,8.192641,218515.21875,Nordic,26672.134022472117
SWE,Sweden,1976,8.222395,220404.609375,Nordic,26805.402729375077
SWE,Sweden,1977,8.251695,212890.390625,Nordic,25799.59518923082
SWE,Sweden,1978,8.275788,213169.1875,Nordic,25758.174025240856
SWE,Sweden,1979,8.293748,221093.8125,Nordic,26657.88887002595
SWE,Sweden,1980,8.310469,221847.921875,Nordic,26694.994214526283
SWE,Sweden,1981,8.320458,221531.09375,Nordic,26624.867735646283
SWE,Sweden,1982,8.325183,222269.015625,Nordic,26698.393972240607
SWE,Sweden,1983,8.328915,225375.84375,Nordic,27059.448169419426
SWE,Sweden,1984,8.336487,237520.171875,Nordic,28491.63824942089
SWE,Sweden,1985,8.350244,242114.34375,Nordic,28994.882514810346
SWE,Sweden,1986,8.369683,254627.34375,Nordic,30422.57917653512
SWE,Sweden,1987,8.397648,264733.59375,Nordic,31524.730942521048
SWE,Sweden,1988,8.436347,275744.875,Nordic,32685.340586393613
SWE,Sweden,1989,8.492816,287533.84375,Nordic,33856.1254300105
SWE,Sweden,1990,8.558567,292622.34375,Nordic,34190.57696808356
SWE,Sweden,1991,8.616959,290749.9375,Nordic,33741.59462752463
SWE,Sweden,1992,8.667574,289326.9375,Nordic,33380.38273454602
SWE,Sweden,1993,8.718036,282044.5,Nordic,32351.839336290883
SWE,Sweden,1994,8.78019,299479.5,Nordic,34108.544348129144
SWE,Sweden,1995,8.826302,319971.09375,Nordic,36251.99928010621
SWE,Sweden,1996,8.840327,327262.875,Nordic,37019.31783745103
SWE,Sweden,1997,8.845524,343111.8125,Nordic,38789.31451658489
SWE,Sweden,1998,8.850609,362693.0,Nordic,40979.43994588395
SWE,Sweden,1999,8.857686,384641.75,Nordic,43424.63144437498
SWE,Sweden,2000,8.872101,405584.46875,Nordic,45714.591025282505
SWE,Sweden,2001,8.896022,403138.53125,Nordic,45316.71923135981
SWE,Sweden,2002,8.925047,402597.53125,Nordic,45108.72953946349
SWE,Sweden,2003,8.958431,405460.28125,Nordic,45260.189116821915
SWE,Sweden,2004,8.993808,419753.4375,Nordic,46671.38074328472
SWE,Sweden,2005,9.029771,405684.4375,Nordic,44927.43365252563
SWE,Sweden,2006,9.080623,433021.15625,Nordic,47686.28278588375
SWE,Sweden,2007,9.148274,470622.28125,Nordic,51443.833148198224
SWE,Sweden,2008,9.2199,475239.875,Nordic,51545.01404570548
SWE,Sweden,2009,9.29874,457686.75,Nordic,49220.297588705565
SWE,Sweden,2010,9.378232,480763.3125,Nordic,51263.746994102934
SWE,Sweden,2011,9.449259,513940.03125,Nordic,54389.45331586318
SWE,Sweden,2012,9.519487,517383.6875,Nordic,54349.9547297034
SWE,Sweden,2013,9.60062,519884.0625,Nordic,54151.092585687176
SWE,Sweden,2014,9.696433,522503.125,Nordic,53886.117193817554
SWE,Sweden,2015,9.799481,553964.4375,Nordic,56529.97719981293
SWE,Sweden,2016,9.92328,569247.4375,Nordic,57364.846855072115
SWE,Sweden,2017,10.057862,590246.0625,Nordic,58685.04285503221
SWE,Sweden,2018,10.175405,599565.5625,Nordic,58923.017069099464
SWE,Sweden,2019,10.279125,639217.1875,Nordic,62185.953327739466
SWE,Sweden,2020,10.353686,631037.5,Nordic,60948.10099514318
SWE,Sweden,2021,10.416131,661654.4375,Nordic,63522.09256008781
SWE,Sweden,2022,10.487338,663807.5625,Nordic,63296.09692183088
SWE,Sweden,2023,10.551494,659848.6875,Nordic,62536.043474033155
SWZ,Eswatini,1970,0.441216,1310.07873535156,Sub-Saharan Africa,2969.245755710491
SWZ,Eswatini,1971,0.453183,1535.47875976563,Sub-Saharan Africa,3388.2090894089806
SWZ,Eswatini,1972,0.465788,1868.00671386719,Sub-Saharan Africa,4010.4225825207823
SWZ,Eswatini,1973,0.479038,1839.23303222656,Sub-Saharan Africa,3839.4303421159907
SWZ,Eswatini,1974,0.492988,1882.44653320313,Sub-Saharan Africa,3818.4429097729153
SWZ,Eswatini,1975,0.507673,2387.13330078125,Sub-Saharan Africa,4702.108051405628
SWZ,Eswatini,1976,0.52333,2723.6162109375,Sub-Saharan Africa,5204.395335519654
SWZ,Eswatini,1977,0.540348,2706.90600585938,Sub-Saharan Africa,5009.560516295757
SWZ,Eswatini,1978,0.558446,2570.39501953125,Sub-Saharan Africa,4602.763775783603
SWZ,Eswatini,1979,0.577199,2568.01489257813,Sub-Saharan Africa,4449.097958551782
SWZ,Eswatini,1980,0.596644,2748.01928710938,Sub-Saharan Africa,4605.793885649366
SWZ,Eswatini,1981,0.616808,2991.70068359375,Sub-Saharan Africa,4850.294878785214
SWZ,Eswatini,1982,0.637652,3063.59814453125,Sub-Saharan Africa,4804.498605087493
SWZ,Eswatini,1983,0.658957,3292.89599609375,Sub-Saharan Africa,4997.133342682072
SWZ,Eswatini,1984,0.680783,3305.0546875,Sub-Saharan Africa,4854.784398993512
SWZ,Eswatini,1985,0.706196,3397.27124023438,Sub-Saharan Africa,4810.663385567717
SWZ,Eswatini,1986,0.734732,4128.9755859375,Sub-Saharan Africa,5619.702947384216
SWZ,Eswatini,1987,0.763811,4962.3349609375,Sub-Saharan Africa,6496.810023602043
SWZ,Eswatini,1988,0.799798,5073.951171875,Sub-Saharan Africa,6344.040835154627
SWZ,Eswatini,1989,0.8378,5234.6220703125,Sub-Saharan Africa,6248.056899394247
SWZ,Eswatini,1990,0.872428,6071.8857421875,Sub-Saharan Africa,6959.755695813867
SWZ,Eswatini,1991,0.908189,6389.50341796875,Sub-Saharan Africa,7035.433613453532
SWZ,Eswatini,1992,0.943416,6709.18212890625,Sub-Saharan Africa,7111.58399784003
SWZ,Eswatini,1993,0.971318,7426.1650390625,Sub-Saharan Africa,7645.451890176543
SWZ,Eswatini,1994,0.971212,7630.0283203125,Sub-Saharan Africa,7856.19238674203
SWZ,Eswatini,1995,0.970433,8737.455078125,Sub-Saharan Africa,9003.666485089645
SWZ,Eswatini,1996,0.989841,9336.390625,Sub-Saharan Africa,9432.212471497947
SWZ,Eswatini,1997,1.006635,9220.3115234375,Sub-Saharan Africa,9159.537988881273
SWZ,Eswatini,1998,1.019653,8967.361328125,Sub-Saharan Africa,8794.522575940051
SWZ,Eswatini,1999,1.030782,8783.95703125,Sub-Saharan Africa,8521.643792043322
SWZ,Eswatini,2000,1.041414,9445.4736328125,Sub-Saharan Africa,9069.854671449106
SWZ,Eswatini,2001,1.051064,9239.8291015625,Sub-Saharan Africa,8790.929098097262
SWZ,Eswatini,2002,1.059441,9127.2734375,Sub-Saharan Africa,8615.178605981833
SWZ,Eswatini,2003,1.0667,9091.7548828125,Sub-Saharan Africa,8523.253850953877
SWZ,Eswatini,2004,1.073159,9008.62890625,Sub-Saharan Africa,8394.49597520032
SWZ,Eswatini,2005,1.079022,9496.748046875,Sub-Saharan Africa,8801.255254179248
SWZ,Eswatini,2006,1.084436,9972.55078125,Sub-Saharan Africa,9196.071304576757
SWZ,Eswatini,2007,1.090705,10055.2021484375,Sub-Saharan Africa,9218.99335607474
SWZ,Eswatini,2008,1.098091,9770.83203125,Sub-Saharan Africa,8898.016677351878
SWZ,Eswatini,2009,1.105153,10222.9169921875,Sub-Saharan Africa,9250.227789444085
SWZ,Eswatini,2010,1.11165,11133.8447265625,Sub-Saharan Africa,10015.602686603248
SWZ,Eswatini,2011,1.117833,10686.2392578125,Sub-Saharan Africa,9559.781521759063
SWZ,Eswatini,2012,1.123863,11073.1474609375,Sub-Saharan Africa,9852.755594709943
SWZ,Eswatini,2013,1.12999,11279.3154296875,Sub-Saharan Africa,9981.783404886326
SWZ,Eswatini,2014,1.136299,11353.1103515625,Sub-Saharan Africa,9991.305414826997
SWZ,Eswatini,2015,1.142813,11530.4326171875,Sub-Saharan Africa,10089.518247681379
SWZ,Eswatini,2016,1.149507,11406.5966796875,Sub-Saharan Africa,9923.03368286361
SWZ,Eswatini,2017,1.158195,11118.5361328125,Sub-Saharan Africa,9599.882690576716
SWZ,Eswatini,2018,1.168929,10951.7490234375,Sub-Saharan Africa,9369.045530941143
SWZ,Eswatini,2019,1.179874,11395.98046875,Sub-Saharan Africa,9658.641913246667
SWZ,Eswatini,2020,1.192729,11167.5576171875,Sub-Saharan Africa,9363.030174656189
SWZ,Eswatini,2021,1.206593,11211.51953125,Sub-Saharan Africa,9291.881795477017
SWZ,Eswatini,2022,1.218917,11380.4384765625,Sub-Saharan Africa,9336.51633094173
SWZ,Eswatini,2023,1.230506,11481.2861328125,Sub-Saharan Africa,9330.540552270772
THA,Thailand,1950,19.4275536754955,26011.732421875,Southeast Asia,1338.9093066660423
THA,Thailand,1951,20.0205168291857,25936.41796875,Southeast Asia,1295.4919291064537
THA,Thailand,1952,20.637096079543,25418.3046875,Southeast Asia,1231.6802998604287
THA,Thailand,1953,21.2911767225799,23785.5234375,Southeast Asia,1117.1540092603138
THA,Thailand,1954,21.9899084839531,25686.962890625,Southeast Asia,1168.1250474220838
THA,Thailand,1955,22.7327699717217,24624.0546875,Southeast Asia,1083.19640405155
THA,Thailand,1956,23.5016252513201,25869.474609375,Southeast Asia,1100.7525791401129
THA,Thailand,1957,24.2746350262768,28997.474609375,Southeast Asia,1194.5586237645107
THA,Thailand,1958,25.0535409675429,29860.732421875,Southeast Asia,1191.8767275476093
THA,Thailand,1959,25.8501594435363,33169.81640625,Southeast Asia,1283.1571301794793
THA,Thailand,1960,26.6697616898003,37126.72265625,Southeast Asia,1392.090528894711
THA,Thailand,1961,27.5066549198606,39670.2421875,Southeast Asia,1442.2052518954945
THA,Thailand,1962,28.3667685803634,41431.44921875,Southeast Asia,1460.5628801664245
THA,Thailand,1963,29.249241080371,44104.84375,Southeast Asia,1507.8970298343402
THA,Thailand,1964,30.1535103519755,48129.16015625,Southeast Asia,1596.1378822713698
THA,Thailand,1965,31.0796004309756,53354.94140625,Southeast Asia,1716.7190268338713
THA,Thailand,1966,32.0235786909241,60764.19140625,Southeast Asia,1897.4828513926013
THA,Thailand,1967,32.9817491655454,63169.078125,Southeast Asia,1915.273741484578
THA,Thailand,1968,33.955169429982,67322.609375,Southeast Asia,1982.6910159828258
THA,Thailand,1969,34.9453888687955,74110.4140625,Southeast Asia,2120.7494453918334
THA,Thailand,1970,35.954408,100467.34375,Southeast Asia,2794.298372260781
THA,Thailand,1971,36.937387,104351.03125,Southeast Asia,2825.078862508601
THA,Thailand,1972,37.933929,110210.296875,Southeast Asia,2905.322485182065
THA,Thailand,1973,38.947787,122742.671875,Southeast Asia,3151.467164873835
THA,Thailand,1974,39.952891,124844.5703125,Southeast Asia,3124.7944063046652
THA,Thailand,1975,40.940005,128898.7734375,Southeast Asia,3148.479670129498
THA,Thailand,1976,41.896504,142276.9375,Southeast Asia,3395.9143106546553
THA,Thailand,1977,42.843974,155492.6875,Southeast Asia,3629.277888647771
THA,Thailand,1978,43.788976,171309.609375,Southeast Asia,3912.162946559883
THA,Thailand,1979,44.718434,180315.703125,Southeast Asia,4032.2454745396494
THA,Thailand,1980,45.650022,185408.296875,Southeast Asia,4061.516046476385
THA,Thailand,1981,46.575855,194660.0625,Southeast Asia,4179.420055734887
THA,Thailand,1982,47.494577,203866.890625,Southeast Asia,4292.424598812619
THA,Thailand,1983,48.423309,213034.34375,Southeast Asia,4399.417308511485
THA,Thailand,1984,49.351708,228305.328125,Southeast Asia,4626.087675121598
THA,Thailand,1985,50.270753,238555.671875,Southeast Asia,4745.416721229539
THA,Thailand,1986,51.177834,246931.25,Southeast Asia,4824.964847085947
THA,Thailand,1987,52.074105,264618.1875,Southeast Asia,5081.569572823191
THA,Thailand,1988,52.969595,290714.15625,Southeast Asia,5488.321295452609
THA,Thailand,1989,53.848956,316686.09375,Southeast Asia,5881.007122032226
THA,Thailand,1990,54.738329,342866.25,Southeast Asia,6263.732493551273
THA,Thailand,1991,55.637434,371286.71875,Southeast Asia,6673.3257099887105
THA,Thailand,1992,56.528834,416559.71875,Southeast Asia,7368.977728251037
THA,Thailand,1993,57.408198,455753.25,Southeast Asia,7938.818250313309
THA,Thailand,1994,58.260854,503705.0625,Southeast Asia,8645.686218399751
THA,Thailand,1995,59.098232,565034.5,Southeast Asia,9560.937457486038
THA,Thailand,1996,59.920064,621887.75,Southeast Asia,10378.622926704484
THA,Thailand,1997,60.724584,587455.5625,Southeast Asia,9674.097767388575
THA,Thailand,1998,61.52263,533743.625,Southeast Asia,8675.565803997652
THA,Thailand,1999,62.299043,540540.5,Southeast Asia,8676.545801835191
THA,Thailand,2000,63.007815,555982.4375,Southeast Asia,8824.023456455361
THA,Thailand,2001,63.651141,565062.6875,Southeast Asia,8877.495024009075
THA,Thailand,2002,64.266437,609077.5,Southeast Asia,9477.380860557121
THA,Thailand,2003,64.868166,658378.625,Southeast Asia,10149.48726930248
THA,Thailand,2004,65.452047,706150.3125,Southeast Asia,10788.819370309382
THA,Thailand,2005,66.01742,746812.9375,Southeast Asia,11312.361759971838
THA,Thailand,2006,66.567687,811532.9375,Southeast Asia,12191.094118982983
THA,Thailand,2007,67.102394,885563.0,Southeast Asia,13197.189358102483
THA,Thailand,2008,67.61983,918223.4375,Southeast Asia,13579.203578299444
THA,Thailand,2009,68.12108,963479.8125,Southeast Asia,14143.636778806207
THA,Thailand,2010,68.579447,1061348.125,Southeast Asia,15476.183775585125
THA,Thailand,2011,69.007208,1099287.5,Southeast Asia,15930.038786672834
THA,Thailand,2012,69.436098,1201566.625,Southeast Asia,17304.639223822745
THA,Thailand,2013,69.845114,1215799.75,Southeast Asia,17407.083765372623
THA,Thailand,2014,70.216367,1216352.25,Southeast Asia,17322.91632234405
THA,Thailand,2015,70.540795,1266244.625,Southeast Asia,17950.529548185557
THA,Thailand,2016,70.859841,1324836.5,Southeast Asia,18696.577374482113
THA,Thailand,2017,71.160187,1360228.375,Southeast Asia,19115.01968087858
THA,Thailand,2018,71.376079,1420997.75,Southeast Asia,19908.59921010791
THA,Thailand,2019,71.522271,1488203.625,Southeast Asia,20807.555523509593
THA,Thailand,2020,71.641484,1400074.0,Southeast Asia,19542.7833404456
THA,Thailand,2021,71.727332,1412981.875,Southeast Asia,19699.350799776017
THA,Thailand,2022,71.735329,1419428.125,Southeast Asia,19787.01631102856
THA,Thailand,2023,71.702435,1597433.875,Southeast Asia,22278.655878283633
TJK,Tajikistan,1990,5.398768,41852.125,Eastern Europe & FSU,7752.162159959458
TJK,Tajikistan,1991,5.541205,41383.07421875,Eastern Europe & FSU,7468.244581954647
TJK,Tajikistan,1992,5.6494,21537.279296875,Eastern Europe & FSU,3812.3126875199137
TJK,Tajikistan,1993,5.724993,20023.376953125,Eastern Europe & FSU,3497.537368713813
TJK,Tajikistan,1994,5.825368,15068.876953125,Eastern Europe & FSU,2586.768244190753
TJK,Tajikistan,1995,5.948584,14459.84765625,Eastern Europe & FSU,2430.8049875819183
TJK,Tajikistan,1996,6.066523,10981.1376953125,Eastern Europe & FSU,1810.1205081250826
TJK,Tajikistan,1997,6.139829,13547.3388671875,Eastern Europe & FSU,2206.468432131823
TJK,Tajikistan,1998,6.176397,12220.7392578125,Eastern Europe & FSU,1978.6194536738005
TJK,Tajikistan,1999,6.20837,11039.0224609375,Eastern Europe & FSU,1778.0870761467984
TJK,Tajikistan,2000,6.284735,11319.7353515625,Eastern Europe & FSU,1801.147598357369
TJK,Tajikistan,2001,6.407377,12280.0087890625,Eastern Europe & FSU,1916.5422588779309
TJK,Tajikistan,2002,6.531669,13591.0322265625,Eastern Europe & FSU,2080.7901053409933
TJK,Tajikistan,2003,6.658575,15237.017578125,Eastern Europe & FSU,2288.330097374438
TJK,Tajikistan,2004,6.790547,16784.212890625,Eastern Europe & FSU,2471.7026317062528
TJK,Tajikistan,2005,6.92472,17233.0859375,Eastern Europe & FSU,2488.632888766622
TJK,Tajikistan,2006,7.057566,18234.509765625,Eastern Europe & FSU,2583.682499834221
TJK,Tajikistan,2007,7.194477,19103.79296875,Eastern Europe & FSU,2655.3414471614824
TJK,Tajikistan,2008,7.338403,18447.892578125,Eastern Europe & FSU,2513.883821606009
TJK,Tajikistan,2009,7.49023,19380.705078125,Eastern Europe & FSU,2587.464614320922
TJK,Tajikistan,2010,7.652141,21602.1953125,Eastern Europe & FSU,2823.0263023773346
TJK,Tajikistan,2011,7.824785,22326.0234375,Eastern Europe & FSU,2853.244330355403
TJK,Tajikistan,2012,8.014084,26702.650390625,Eastern Europe & FSU,3331.965373787572
TJK,Tajikistan,2013,8.216724,26820.4609375,Eastern Europe & FSU,3264.130684869055
TJK,Tajikistan,2014,8.425552,29187.7578125,Eastern Europe & FSU,3464.195320674539
TJK,Tajikistan,2015,8.64384,26351.72265625,Eastern Europe & FSU,3048.612960935186
TJK,Tajikistan,2016,8.865631,26720.517578125,Eastern Europe & FSU,3013.9442503443915
TJK,Tajikistan,2017,9.085946,29984.580078125,Eastern Europe & FSU,3300.1054681730443
TJK,Tajikistan,2018,9.307333,30491.162109375,Eastern Europe & FSU,3276.0364445298133
TJK,Tajikistan,2019,9.529966,35638.04296875,Eastern Europe & FSU,3739.577136870163
TJK,Tajikistan,2020,9.74931,37140.5078125,Eastern Europe & FSU,3809.552451660682
TJK,Tajikistan,2021,9.966908,38874.3203125,Eastern Europe & FSU,3900.3390331785945
TJK,Tajikistan,2022,10.182222,40846.3046875,Eastern Europe & FSU,4011.5315387446867
TJK,Tajikistan,2023,10.389799,42280.12890625,Eastern Europe & FSU,4069.3885325644897
TTO,Trinidad and Tobago,1950,0.656135823863279,3246.23291015625,Latin America & Caribbean,4947.501404576071
TTO,Trinidad and Tobago,1951,0.673473557911156,3596.56689453125,Latin America & Caribbean,5340.323836449278
TTO,Trinidad and Tobago,1952,0.688163964356672,3693.26000976563,Latin America & Caribbean,5366.831454504106
TTO,Trinidad and Tobago,1953,0.704203993648954,4165.9150390625,Latin America & Caribbean,5915.7787752325785
TTO,Trinidad and Tobago,1954,0.724137199088942,4437.115234375,Latin America & Caribbean,6127.451040987072
TTO,Trinidad and Tobago,1955,0.748327007314832,4901.85791015625,Latin America & Caribbean,6550.4222916465815
TTO,Trinidad and Tobago,1956,0.77085574602785,5644.77685546875,Latin America & Caribbean,7322.740842960275
TTO,Trinidad and Tobago,1957,0.794111214255422,6382.12255859375,Latin America & Caribbean,8036.812028372857
TTO,Trinidad and Tobago,1958,0.81871630532976,6856.1513671875,Latin America & Caribbean,8374.269966964932
TTO,Trinidad and Tobago,1959,0.848252748732465,7333.08251953125,Latin America & Caribbean,8644.926327075269
TTO,Trinidad and Tobago,1960,0.873273122655252,7647.67626953125,Latin America & Caribbean,8757.4849965357
TTO,Trinidad and Tobago,1961,0.894282994207614,9010.708984375,Latin America & Caribbean,10075.903313311917
TTO,Trinidad and Tobago,1962,0.921391168461765,8878.1962890625,Latin America & Caribbean,9635.64292013389
TTO,Trinidad and Tobago,1963,0.938917886836742,10105.86328125,Latin America & Caribbean,10763.308935669682
TTO,Trinidad and Tobago,1964,0.959169840891296,10505.5498046875,Latin America & Caribbean,10952.752429043594
TTO,Trinidad and Tobago,1965,0.975124722038821,9598.0859375,Latin America & Caribbean,9842.931596926417
TTO,Trinidad and Tobago,1966,0.988911852707433,11179.865234375,Latin America & Caribbean,11305.219169703423
TTO,Trinidad and Tobago,1967,0.996822895054943,12185.0986328125,Latin America & Caribbean,12223.935358287372
TTO,Trinidad and Tobago,1968,0.999865827373462,12689.8193359375,Latin America & Caribbean,12691.522190804606
TTO,Trinidad and Tobago,1969,0.999700729081157,13123.1474609375,Latin America & Caribbean,13127.076013037644
TTO,Trinidad and Tobago,1970,0.991471,12478.80078125,Latin America & Caribbean,12586.14803786495
TTO,Trinidad and Tobago,1971,1.002585,12106.46484375,Latin America & Caribbean,12075.250321668485
TTO,Trinidad and Tobago,1972,1.014921,13282.947265625,Latin America & Caribbean,13087.666198280458
TTO,Trinidad and Tobago,1973,1.027851,14624.826171875,Latin America & Caribbean,14228.546911833524
TTO,Trinidad and Tobago,1974,1.040761,19804.02734375,Latin America & Caribbean,19028.41031106085
TTO,Trinidad and Tobago,1975,1.053469,20504.041015625,Latin America & Caribbean,19463.354892858737
TTO,Trinidad and Tobago,1976,1.066311,22949.720703125,Latin America & Caribbean,21522.539580971217
TTO,Trinidad and Tobago,1977,1.079554,23994.96484375,Latin America & Caribbean,22226.738860446076
TTO,Trinidad and Tobago,1978,1.09338,25036.244140625,Latin America & Caribbean,22898.026432370265
TTO,Trinidad and Tobago,1979,1.107639,28241.12109375,Latin America & Caribbean,25496.683570865596
TTO,Trinidad and Tobago,1980,1.121744,32052.20703125,Latin America & Caribbean,28573.548894623014
TTO,Trinidad and Tobago,1981,1.135132,31492.9453125,Latin America & Caribbean,27743.86178215397
TTO,Trinidad and Tobago,1982,1.147927,29325.1484375,Latin America & Caribbean,25546.178840204997
TTO,Trinidad and Tobago,1983,1.160534,25807.34765625,Latin America & Caribbean,22237.476589440725
TTO,Trinidad and Tobago,1984,1.172984,24444.568359375,Latin America & Caribbean,20839.643472864933
TTO,Trinidad and Tobago,1985,1.187366,24361.611328125,Latin America & Caribbean,20517.356340104907
TTO,Trinidad and Tobago,1986,1.203124,20585.552734375,Latin America & Caribbean,17110.084026563345
TTO,Trinidad and Tobago,1987,1.217364,18580.9453125,Latin America & Caribbean,15263.261696994492
TTO,Trinidad and Tobago,1988,1.230069,17627.857421875,Latin America & Caribbean,14330.787477674015
TTO,Trinidad and Tobago,1989,1.2416,16592.16015625,Latin America & Caribbean,13363.531053680734
TTO,Trinidad and Tobago,1990,1.252208,17603.021484375,Latin America & Caribbean,14057.585867823078
TTO,Trinidad and Tobago,1991,1.262171,16693.611328125,Latin America & Caribbean,13226.109083575047
TTO,Trinidad and Tobago,1992,1.271674,15572.029296875,Latin America & Caribbean,12245.299736312138
TTO,Trinidad and Tobago,1993,1.280466,14749.19140625,Latin America & Caribbean,11518.612291345493
TTO,Trinidad and Tobago,1994,1.288341,15204.10546875,Latin America & Caribbean,11801.305297859806
TTO,Trinidad and Tobago,1995,1.295169,15277.50390625,Latin America & Caribbean,11795.760944131614
TTO,Trinidad and Tobago,1996,1.300928,15013.345703125,Latin America & Caribbean,11540.48933002057
TTO,Trinidad and Tobago,1997,1.305836,15424.197265625,Latin America & Caribbean,11811.741494050555
TTO,Trinidad and Tobago,1998,1.310225,15355.845703125,Latin America & Caribbean,11720.006642465989
TTO,Trinidad and Tobago,1999,1.314708,17688.099609375,Latin America & Caribbean,13454.013826169004
TTO,Trinidad and Tobago,2000,1.319774,21148.310546875,Latin America & Caribbean,16024.190919714285
TTO,Trinidad and Tobago,2001,1.325567,20163.552734375,Latin America & Caribbean,15211.266374596682
TTO,Trinidad and Tobago,2002,1.332011,20999.111328125,Latin America & Caribbean,15764.968403507928
TTO,Trinidad and Tobago,2003,1.338709,26195.869140625,Latin America & Caribbean,19568.008537049504
TTO,Trinidad and Tobago,2004,1.34538,30890.892578125,Latin America & Caribbean,22960.71933440738
TTO,Trinidad and Tobago,2005,1.352034,33491.18359375,Latin America & Caribbean,24770.962559928226
TTO,Trinidad and Tobago,2006,1.358698,39692.5390625,Latin America & Caribbean,29213.658268798514
TTO,Trinidad and Tobago,2007,1.365377,43792.3984375,Latin America & Caribbean,32073.48478661937
TTO,Trinidad and Tobago,2008,1.372084,49814.328125,Latin America & Caribbean,36305.59654146539
TTO,Trinidad and Tobago,2009,1.379056,40979.29296875,Latin America & Caribbean,29715.46693444646
TTO,Trinidad and Tobago,2010,1.386654,44845.60546875,Latin America & Caribbean,32340.876288353113
TTO,Trinidad and Tobago,2011,1.394983,52155.953125,Latin America & Caribbean,37388.235645165565
TTO,Trinidad and Tobago,2012,1.403809,50930.140625,Latin America & Caribbean,36279.9644574155
TTO,Trinidad and Tobago,2013,1.412653,49307.77734375,Latin America & Caribbean,34904.38015829082
TTO,Trinidad and Tobago,2014,1.421131,48701.1484375,Latin America & Caribbean,34269.28864228562
TTO,Trinidad and Tobago,2015,1.429188,45200.06640625,Latin America & Caribbean,31626.396531631948
TTO,Trinidad and Tobago,2016,1.437026,41547.5234375,Latin America & Caribbean,28912.15846999289
TTO,Trinidad and Tobago,2017,1.445261,41248.89453125,Latin America & Caribbean,28540.792653541474
TTO,Trinidad and Tobago,2018,1.470518,41109.984375,Latin America & Caribbean,27956.124559508964
TTO,Trinidad and Tobago,2019,1.484894,41941.46484375,Latin America & Caribbean,28245.42684107418
TTO,Trinidad and Tobago,2020,1.481024,38307.671875,Latin America & Caribbean,25865.665833234303
TTO,Trinidad and Tobago,2021,1.487717,41379.609375,Latin America & Caribbean,27814.16719376064
TTO,Trinidad and Tobago,2022,1.495921,41761.54296875,Latin America & Caribbean,27916.944122550587
TTO,Trinidad and Tobago,2023,1.502932,41415.421875,Latin America & Caribbean,27556.417638988325
TUN,Tunisia,1960,4.16808036300709,7876.0380859375,MENA,1889.6080209584247
TUN,Tunisia,1961,4.24312753372221,8548.6328125,MENA,2014.7008885685932
TUN,Tunisia,1962,4.31410164970191,8655.0966796875,MENA,2006.2338309264312
TUN,Tunisia,1963,4.40259170125085,9497.3515625,MENA,2157.2183402339224
TUN,Tunisia,1964,4.49711123893618,9599.205078125,MENA,2134.526936984497
TUN,Tunisia,1965,4.59509086855428,9955.7958984375,MENA,2166.6156738201394
TUN,Tunisia,1966,4.70606959805907,10404.6220703125,MENA,2210.8942193722955
TUN,Tunisia,1967,4.81775186359346,10451.3359375,MENA,2169.3387773824797
TUN,Tunisia,1968,4.92563282701974,11398.9873046875,MENA,2314.2178284499682
TUN,Tunisia,1969,5.02841147457512,11806.7802734375,MENA,2348.0139469761916
TUN,Tunisia,1970,5.131396,15462.6337890625,MENA,3013.3386293052613
TUN,Tunisia,1971,5.261658,16790.505859375,MENA,3191.105514530781
TUN,Tunisia,1972,5.396557,19763.640625,MENA,3662.2684843317697
TUN,Tunisia,1973,5.537242,19956.470703125,MENA,3604.045245471482
TUN,Tunisia,1974,5.684674,22463.294921875,MENA,3951.553760492686
TUN,Tunisia,1975,5.839262,23564.0234375,MENA,4035.44547881222
TUN,Tunisia,1976,5.996994,24532.927734375,MENA,4090.8708153409857
TUN,Tunisia,1977,6.155931,25780.802734375,MENA,4187.961615290197
TUN,Tunisia,1978,6.30939,27493.544921875,MENA,4357.559910209228
TUN,Tunisia,1979,6.456419,29898.134765625,MENA,4630.761226250186
TUN,Tunisia,1980,6.606195,32956.15234375,MENA,4988.673865023664
TUN,Tunisia,1981,6.758284,35104.5,MENA,5194.291923807878
TUN,Tunisia,1982,6.908642,35920.8828125,MENA,5199.4129689307965
TUN,Tunisia,1983,7.0538,38357.90234375,MENA,5437.906141902237
TUN,Tunisia,1984,7.220044,40222.46484375,MENA,5570.944559860023
TUN,Tunisia,1985,7.409903,43153.765625,MENA,5823.796293284811
TUN,Tunisia,1986,7.600301,42579.0390625,MENA,5602.283259899838
TUN,Tunisia,1987,7.789987,45584.43359375,MENA,5851.670046914071
TUN,Tunisia,1988,7.97444,47705.2578125,MENA,5982.270581069015
TUN,Tunisia,1989,8.15166,49400.52734375,MENA,6060.180054583974
TUN,Tunisia,1990,8.324509,52998.1640625,MENA,6366.521324260685
TUN,Tunisia,1991,8.501827,56782.453125,MENA,6678.853042410766
TUN,Tunisia,1992,8.682512,62498.2890625,MENA,7198.180556790478
TUN,Tunisia,1993,8.85791,66678.84375,MENA,7527.604564733667
TUN,Tunisia,1994,9.018448,73515.265625,MENA,8151.653768475463
TUN,Tunisia,1995,9.161258,79567.6328125,MENA,8685.229999253377
TUN,Tunisia,1996,9.294432,91899.609375,MENA,9887.59822816499
TUN,Tunisia,1997,9.42127,92210.53125,MENA,9787.484197990292
TUN,Tunisia,1998,9.541667,91895.7109375,MENA,9630.991202847468
TUN,Tunisia,1999,9.655963,92230.6953125,MENA,9551.682759399555
TUN,Tunisia,2000,9.764935,93732.796875,MENA,9598.916621052778
TUN,Tunisia,2001,9.869677,95958.875,MENA,9722.59527844731
TUN,Tunisia,2002,9.971515,96110.90625,MENA,9638.546023347506
TUN,Tunisia,2003,10.071632,97740.4140625,MENA,9704.525945993659
TUN,Tunisia,2004,10.166163,100504.0546875,MENA,9886.134492187466
TUN,Tunisia,2005,10.255472,104401.828125,MENA,10180.109518606263
TUN,Tunisia,2006,10.34641,109717.96875,MENA,10604.448185409237
TUN,Tunisia,2007,10.441702,117286.703125,MENA,11232.527333666485
TUN,Tunisia,2008,10.542635,122637.1171875,MENA,11632.491989668617
TUN,Tunisia,2009,10.650681,129967.5390625,MENA,12202.74450643109
TUN,Tunisia,2010,10.76598,136018.3125,MENA,12634.085563970952
TUN,Tunisia,2011,10.886035,134829.375,MENA,12385.535688613898
TUN,Tunisia,2012,11.009647,137669.59375,MENA,12504.45120992526
TUN,Tunisia,2013,11.141361,136466.953125,MENA,12248.678875498244
TUN,Tunisia,2014,11.274288,139971.171875,MENA,12415.078617381425
TUN,Tunisia,2015,11.402264,140951.421875,MENA,12361.704822393167
TUN,Tunisia,2016,11.528674,143721.8125,MENA,12466.465137274243
TUN,Tunisia,2017,11.650498,143933.546875,MENA,12354.282784735897
TUN,Tunisia,2018,11.765514,150892.109375,MENA,12824.948351172758
TUN,Tunisia,2019,11.875081,155999.859375,MENA,13136.740656758468
TUN,Tunisia,2020,11.974057,147974.296875,MENA,12357.908173896283
TUN,Tunisia,2021,12.048622,146074.5,MENA,12123.751579226238
TUN,Tunisia,2022,12.119334,143204.109375,MENA,11816.169879879537
TUN,Tunisia,2023,12.200431,145804.0,MENA,11950.725347325844
TUR,Türkiye,1950,21.6414843515777,76353.0546875,MENA,3528.0876970869026
TUR,Türkiye,1951,22.2026593669929,93347.796875,MENA,4204.352070264766
TUR,Türkiye,1952,22.7829414975944,102451.4609375,MENA,4496.8495814431
TUR,Türkiye,1953,23.3924207541937,115640.3828125,MENA,4943.497897359274
TUR,Türkiye,1954,24.0413083137213,105957.140625,MENA,4407.295112326569
TUR,Türkiye,1955,24.7388167097752,116299.25,MENA,4701.08378118368
TUR,Türkiye,1956,25.4896772838574,118710.625,MENA,4657.203921337183
TUR,Türkiye,1957,26.3027507969635,146670.65625,MENA,5576.247799410101
TUR,Türkiye,1958,27.1580507024015,160632.9375,MENA,5914.744738502007
TUR,Türkiye,1959,28.0290904775039,153668.953125,MENA,5482.480897777773
TUR,Türkiye,1960,28.9115999937363,154054.71875,MENA,5328.474341903457
TUR,Türkiye,1961,29.7444607157266,156807.921875,MENA,5271.83610332165
TUR,Türkiye,1962,30.5218527611975,166276.453125,MENA,5447.783737964545
TUR,Türkiye,1963,31.2601120589454,182032.375,MENA,5823.15171029304
TUR,Türkiye,1964,31.9959284913989,189997.234375,MENA,5938.169115050835
TUR,Türkiye,1965,32.7370879588243,194735.796875,MENA,5948.47645337095
TUR,Türkiye,1966,33.4820211645563,221337.171875,MENA,6610.627560002414
TUR,Türkiye,1967,34.2336341411491,230611.234375,MENA,6736.39361290607
TUR,Türkiye,1968,35.005622568589,246439.421875,MENA,7039.995400514125
TUR,Türkiye,1969,35.812561558368,259004.875,MENA,7232.235386956861
TUR,Türkiye,1970,36.638465,276320.78125,MENA,7541.821996363658
TUR,Türkiye,1971,37.518611,282646.125,MENA,7533.49117855136
TUR,Türkiye,1972,38.430221,307598.09375,MENA,8004.067781707526
TUR,Türkiye,1973,39.329533,322809.65625,MENA,8207.818187162304
TUR,Türkiye,1974,40.210234,358477.5,MENA,8915.081170629348
TUR,Türkiye,1975,41.053126,382996.84375,MENA,9329.297938237396
TUR,Türkiye,1976,41.899984,427716.90625,MENA,10208.044620017037
TUR,Türkiye,1977,42.773298,422430.71875,MENA,9876.038054161734
TUR,Türkiye,1978,43.645306,412149.6875,MENA,9443.161825924648
TUR,Türkiye,1979,44.510429,405931.96875,MENA,9119.929370934618
TUR,Türkiye,1980,45.408815,400002.125,MENA,8808.909129207623
TUR,Türkiye,1981,46.32119,447215.875,MENA,9654.67154449184
TUR,Türkiye,1982,47.322096,443858.15625,MENA,9379.511766554042
TUR,Türkiye,1983,48.44741,465497.25,MENA,9608.300010258547
TUR,Türkiye,1984,49.574069,490877.9375,MENA,9901.909353053104
TUR,Türkiye,1985,50.687115,521437.84375,MENA,10287.384550294488
TUR,Türkiye,1986,51.777772,554928.125,MENA,10717.49717233874
TUR,Türkiye,1987,52.84367,615062.8125,MENA,11639.290240439394
TUR,Türkiye,1988,53.909626,625399.25,MENA,11600.88274402052
TUR,Türkiye,1989,54.976723,623912.1875,MENA,11348.660914183627
TUR,Türkiye,1990,56.015628,671834.4375,MENA,11993.69642878948
TUR,Türkiye,1991,57.009887,647014.375,MENA,11349.160804335572
TUR,Türkiye,1992,57.990118,679534.125,MENA,11718.102125606987
TUR,Türkiye,1993,58.999167,745835.0625,MENA,12641.450725906012
TUR,Türkiye,1994,60.033836,685264.5,MENA,11414.637905197329
TUR,Türkiye,1995,61.024503,751484.75,MENA,12314.47554763371
TUR,Türkiye,1996,61.951134,822044.25,MENA,13269.236524387108
TUR,Türkiye,1997,62.852966,857761.5625,MENA,13647.11352683022
TUR,Türkiye,1998,63.734383,857495.4375,MENA,13454.204734358218
TUR,Türkiye,1999,64.591923,815037.4375,MENA,12618.256271763268
TUR,Türkiye,2000,65.425961,890627.4375,MENA,13612.752856622159
TUR,Türkiye,2001,66.245128,863793.1875,MENA,13039.346644480785
TUR,Türkiye,2002,67.048795,856305.0625,MENA,12771.371394519469
TUR,Türkiye,2003,67.83173,834932.6875,MENA,12308.880924900486
TUR,Türkiye,2004,68.592617,952706.75,MENA,13889.348324470548
TUR,Türkiye,2005,69.329557,1048795.5,MENA,15127.682122647922
TUR,Türkiye,2006,70.045349,1176486.625,MENA,16796.07057136656
TUR,Türkiye,2007,70.750586,1290763.625,MENA,18243.857725786187
TUR,Türkiye,2008,71.562338,1360745.0,MENA,19014.820337479752
TUR,Türkiye,2009,72.464848,1348609.875,MENA,18610.5389333046
TUR,Türkiye,2010,73.346769,1504181.25,MENA,20507.805190437226
TUR,Türkiye,2011,74.215203,1708972.75,MENA,23027.2596572969
TUR,Türkiye,2012,75.197198,1815520.125,MENA,24143.454454247087
TUR,Türkiye,2013,76.403031,1932379.25,MENA,25291.918719821468
TUR,Türkiye,2014,78.036154,2044782.75,MENA,26203.018026746937
TUR,Türkiye,2015,80.014226,2188434.25,MENA,27350.564510865857
TUR,Türkiye,2016,81.652088,2232751.0,MENA,27344.689580993934
TUR,Türkiye,2017,83.083662,2337808.25,MENA,28138.00202980942
TUR,Türkiye,2018,84.415969,2346436.0,MENA,27796.115211329266
TUR,Türkiye,2019,85.357672,2373347.5,MENA,27804.73558369774
TUR,Türkiye,2020,86.091692,2349123.25,MENA,27286.294361597633
TUR,Türkiye,2021,86.686253,2522766.75,MENA,29102.2701142706
TUR,Türkiye,2022,87.058473,2687591.25,MENA,30871.104872239142
TUR,Türkiye,2023,87.270501,3008595.0,MENA,34474.363794473924
TWN,Taiwan,1951,7.758202,14008.0224609375,East Asia,1805.5758874205003
TWN,Taiwan,1952,8.046915,16445.466796875,East Asia,2043.6983361791445
TWN,Taiwan,1953,8.333009,18175.59765625,East Asia,2181.1566093652364
TWN,Taiwan,1954,8.645264,19618.05078125,East Asia,2269.2251828573426
TWN,Taiwan,1955,8.967001,21136.087890625,East Asia,2357.096635834545
TWN,Taiwan,1956,9.289545,22475.56640625,East Asia,2419.4474978322405
TWN,Taiwan,1957,9.59769,24452.318359375,East Asia,2547.729543189559
TWN,Taiwan,1958,9.920227,26129.466796875,East Asia,2633.9585572865417
TWN,Taiwan,1959,10.288327,28033.232421875,East Asia,2724.7610249824875
TWN,Taiwan,1960,10.667705,30262.01953125,East Asia,2836.788187454565
TWN,Taiwan,1961,11.030385,33061.5859375,East Asia,2997.31930821091
TWN,Taiwan,1962,11.392513,35985.89453125,East Asia,3158.731926068463
TWN,Taiwan,1963,11.762101,40611.3671875,East Asia,3452.730697304844
TWN,Taiwan,1964,12.137143,46490.828125,East Asia,3830.458957680568
TWN,Taiwan,1965,12.511863,50991.76171875,East Asia,4075.4731504612864
TWN,Taiwan,1966,12.874153,55907.09765625,East Asia,4342.58453012404
TWN,Taiwan,1967,13.210344,62786.48046875,East Asia,4752.827062546593
TWN,Taiwan,1968,13.548537,69882.71875,East Asia,5157.953124385312
TWN,Taiwan,1969,14.068984,78044.2890625,East Asia,5547.25835657358
TWN,Taiwan,1970,14.582944,88985.4765625,East Asia,6102.024156610627
TWN,Taiwan,1971,14.913564,101814.671875,East Asia,6826.984607770483
TWN,Taiwan,1972,15.220495,117902.734375,East Asia,7746.314057131519
TWN,Taiwan,1973,15.505121,132857.0625,East Asia,8568.592434718827
TWN,Taiwan,1974,15.784817,129585.109375,East Asia,8209.478093727663
TWN,Taiwan,1975,16.075128,133814.75,East Asia,8324.334960194408
TWN,Taiwan,1976,16.401413,158611.625,East Asia,9670.607343403888
TWN,Taiwan,1977,16.730895,174376.859375,East Asia,10422.446580114214
TWN,Taiwan,1978,17.042272,197598.171875,East Asia,11594.590901670857
TWN,Taiwan,1979,17.372779,212316.34375,East Asia,12221.207887926277
TWN,Taiwan,1980,17.704538,223392.6875,East Asia,12617.820781316068
TWN,Taiwan,1981,18.029982,238800.09375,East Asia,13244.610768330218
TWN,Taiwan,1982,18.354855,250659.546875,East Asia,13656.307656748037
TWN,Taiwan,1983,18.653146,272392.375,East Asia,14603.025945328473
TWN,Taiwan,1984,18.929866,297124.65625,East Asia,15696.07815765838
TWN,Taiwan,1985,19.19151,310453.6875,East Asia,16176.615988007195
TWN,Taiwan,1986,19.411454,353245.15625,East Asia,18197.769020805965
TWN,Taiwan,1987,19.617046,391134.71875,East Asia,19938.512595117532
TWN,Taiwan,1988,19.839704,413427.875,East Asia,20838.40943393107
TWN,Taiwan,1989,20.055492,451355.84375,East Asia,22505.34884659025
TWN,Taiwan,1990,20.278946,476757.78125,East Asia,23509.988204022044
TWN,Taiwan,1991,20.503568,516984.34375,East Asia,25214.359947010198
TWN,Taiwan,1992,20.704227,552386.0625,East Asia,26679.8689224186
TWN,Taiwan,1993,20.899019,588989.75,East Asia,28182.65058278573
TWN,Taiwan,1994,21.086645,629180.125,East Asia,29837.848790075423
TWN,Taiwan,1995,21.267653,663992.5,East Asia,31220.769870563527
TWN,Taiwan,1996,21.441432,712919.3125,East Asia,33249.6128290312
TWN,Taiwan,1997,21.634124,760822.3125,East Asia,35167.69675998899
TWN,Taiwan,1998,21.835703,803528.6875,East Asia,36798.84670990442
TWN,Taiwan,1999,22.010489,837484.5,East Asia,38049.3363868472
TWN,Taiwan,2000,22.18453,873238.0,East Asia,39362.47466139693
TWN,Taiwan,2001,22.34112,861024.6875,East Asia,38539.90701898562
TWN,Taiwan,2002,22.463172,900425.75,East Asia,40084.532585157605
TWN,Taiwan,2003,22.562663,920057.5,East Asia,40777.87715040552
TWN,Taiwan,2004,22.646836,952363.875,East Asia,42052.84460045544
TWN,Taiwan,2005,22.729753,981341.125,East Asia,43174.297802532215
TWN,Taiwan,2006,22.823455,1015246.0625,East Asia,44482.57560040757
TWN,Taiwan,2007,22.917444,1066915.0,East Asia,46554.71177326756
TWN,Taiwan,2008,22.997696,1022321.5,East Asia,44453.21392195114
TWN,Taiwan,2009,23.078402,1026578.5625,East Asia,44482.22032444014
TWN,Taiwan,2010,23.140948,1115449.25,East Asia,48202.40078323498
TWN,Taiwan,2011,23.193518,1132372.375,East Asia,48822.79501540042
TWN,Taiwan,2012,23.270367,1166924.0,East Asia,50146.351366095776
TWN,Taiwan,2013,23.34467,1175165.125,East Asia,50339.76171006058
TWN,Taiwan,2014,23.403635,1212795.25,East Asia,51820.806896022776
TWN,Taiwan,2015,23.462914,1255819.625,East Asia,53523.6000524061
TWN,Taiwan,2016,23.515945,1252468.875,East Asia,53260.410117475614
TWN,Taiwan,2017,23.555522,1258040.0,East Asia,53407.434570968115
TWN,Taiwan,2018,23.58008,1256661.625,East Asia,53293.35714721918
TWN,Taiwan,2019,23.596027,1300869.5,East Asia,55130.870124873145
TWN,Taiwan,2020,23.582179,1386032.5,East Asia,58774.5729518888
TWN,Taiwan,2021,23.468275,1459854.5,East Asia,62205.44543644559
TWN,Taiwan,2022,23.319977,1489234.75,East Asia,63860.90132078603
TWN,Taiwan,2023,23.342541,1517366.75,East Asia,65004.35192552516
TZA,U.R. of Tanzania: Mainland,1960,10.02618260337,13254.1806640625,Sub-Saharan Africa,1321.9568392468243
TZA,U.R. of Tanzania: Mainland,1961,10.3151965439508,13421.875,Sub-Saharan Africa,1301.1749163297395
TZA,U.R. of Tanzania: Mainland,1962,10.6167361927043,14783.76171875,Sub-Saharan Africa,1392.4959093275043
TZA,U.R. of Tanzania: Mainland,1963,10.9307046245076,16028.958984375,Sub-Saharan Africa,1466.4158931197048
TZA,U.R. of Tanzania: Mainland,1964,11.2595053960108,18390.076171875,Sub-Saharan Africa,1633.2934285364377
TZA,U.R. of Tanzania: Mainland,1965,11.600286671871,18295.951171875,Sub-Saharan Africa,1577.1981925446728
TZA,U.R. of Tanzania: Mainland,1966,11.9530493840607,19633.970703125,Sub-Saharan Africa,1642.5909466505468
TZA,U.R. of Tanzania: Mainland,1967,12.320417966673,20643.080078125,Sub-Saharan Africa,1675.5178382718007
TZA,U.R. of Tanzania: Mainland,1968,12.6925768870835,22117.53515625,Sub-Saharan Africa,1742.5567205945179
TZA,U.R. of Tanzania: Mainland,1969,13.0848477704676,23129.279296875,Sub-Saharan Africa,1767.6383938587044
TZA,U.R. of Tanzania: Mainland,1970,13.492677,25036.634765625,Sub-Saharan Africa,1855.5720829621134
TZA,U.R. of Tanzania: Mainland,1971,13.971451,26208.173828125,Sub-Saharan Africa,1875.8376512307132
TZA,U.R. of Tanzania: Mainland,1972,14.479308,27720.990234375,Sub-Saharan Africa,1914.5245224685461
TZA,U.R. of Tanzania: Mainland,1973,15.010101,29723.36328125,Sub-Saharan Africa,1980.2240691951372
TZA,U.R. of Tanzania: Mainland,1974,15.56163,30715.86328125,Sub-Saharan Africa,1973.8204340580005
TZA,U.R. of Tanzania: Mainland,1975,16.138361,32971.3671875,Sub-Saharan Africa,2043.043106267111
TZA,U.R. of Tanzania: Mainland,1976,16.736211,36159.734375,Sub-Saharan Africa,2160.568743725805
TZA,U.R. of Tanzania: Mainland,1977,17.352929,35139.0,Sub-Saharan Africa,2024.9607429385553
TZA,U.R. of Tanzania: Mainland,1978,17.976566,36069.75390625,Sub-Saharan Africa,2006.4874407186558
TZA,U.R. of Tanzania: Mainland,1979,18.592038,36911.87890625,Sub-Saharan Africa,1985.35948056098
TZA,U.R. of Tanzania: Mainland,1980,19.189769,35288.2421875,Sub-Saharan Africa,1838.9091701677078
TZA,U.R. of Tanzania: Mainland,1981,19.784703,31326.65625,Sub-Saharan Africa,1583.3776352366774
TZA,U.R. of Tanzania: Mainland,1982,20.398571,31457.16015625,Sub-Saharan Africa,1542.125679110071
TZA,U.R. of Tanzania: Mainland,1983,21.079874,33234.03125,Sub-Saharan Africa,1576.5763709024068
TZA,U.R. of Tanzania: Mainland,1984,21.779066,34890.9140625,Sub-Saharan Africa,1602.039043478724
TZA,U.R. of Tanzania: Mainland,1985,22.501693,40135.34375,Sub-Saharan Africa,1783.658845136675
TZA,U.R. of Tanzania: Mainland,1986,23.258959,27079.580078125,Sub-Saharan Africa,1164.2644917223079
TZA,U.R. of Tanzania: Mainland,1987,24.030378,22394.681640625,Sub-Saharan Africa,931.9321419174097
TZA,U.R. of Tanzania: Mainland,1988,24.769686,28787.962890625,Sub-Saharan Africa,1162.2255885934526
TZA,U.R. of Tanzania: Mainland,1989,25.438759,27894.09375,Sub-Saharan Africa,1096.5194390968522
TZA,U.R. of Tanzania: Mainland,1990,25.42992,28205.462890625,Sub-Saharan Africa,1109.1447747623665
TZA,U.R. of Tanzania: Mainland,1991,26.079436,28736.935546875,Sub-Saharan Africa,1101.90019243035
TZA,U.R. of Tanzania: Mainland,1992,26.735588,26875.087890625,Sub-Saharan Africa,1005.2177603359612
TZA,U.R. of Tanzania: Mainland,1993,27.588692,25876.88671875,Sub-Saharan Africa,937.9526480903842
TZA,U.R. of Tanzania: Mainland,1994,28.675356,25718.390625,Sub-Saharan Africa,896.8813020141755
TZA,U.R. of Tanzania: Mainland,1995,29.593497,26992.67578125,Sub-Saharan Africa,912.1151103315029
TZA,U.R. of Tanzania: Mainland,1996,30.131762,29872.244140625,Sub-Saharan Africa,991.3872325363848
TZA,U.R. of Tanzania: Mainland,1997,30.942089,33304.875,Sub-Saharan Africa,1076.3615539985035
TZA,U.R. of Tanzania: Mainland,1998,31.556458,35930.34765625,Sub-Saharan Africa,1138.6052153334192
TZA,U.R. of Tanzania: Mainland,1999,32.41133,38356.7421875,Sub-Saharan Africa,1183.4362300929952
TZA,U.R. of Tanzania: Mainland,2000,33.344139,40911.890625,Sub-Saharan Africa,1226.9589754589256
TZA,U.R. of Tanzania: Mainland,2001,34.254299,44292.53125,Sub-Saharan Africa,1293.0502898336936
TZA,U.R. of Tanzania: Mainland,2002,35.139304,49013.0390625,Sub-Saharan Africa,1394.82099766404
TZA,U.R. of Tanzania: Mainland,2003,36.078555,52247.30078125,Sub-Saharan Africa,1448.1539180615741
TZA,U.R. of Tanzania: Mainland,2004,37.068668,55773.01953125,Sub-Saharan Africa,1504.5865562595882
TZA,U.R. of Tanzania: Mainland,2005,38.109076,61849.25390625,Sub-Saharan Africa,1622.9533853366058
TZA,U.R. of Tanzania: Mainland,2006,39.150902,67324.25,Sub-Saharan Africa,1719.6091676253077
TZA,U.R. of Tanzania: Mainland,2007,40.295736,73258.9609375,Sub-Saharan Africa,1818.032581350543
TZA,U.R. of Tanzania: Mainland,2008,41.396992,80600.734375,Sub-Saharan Africa,1947.0191064848384
TZA,U.R. of Tanzania: Mainland,2009,42.428199,89011.1953125,Sub-Saharan Africa,2097.925375350012
TZA,U.R. of Tanzania: Mainland,2010,43.518782,101308.5234375,Sub-Saharan Africa,2327.9264442074686
TZA,U.R. of Tanzania: Mainland,2011,44.751582,114632.34375,Sub-Saharan Africa,2561.5260651567582
TZA,U.R. of Tanzania: Mainland,2012,46.070691,111525.5234375,Sub-Saharan Africa,2420.7477903359427
TZA,U.R. of Tanzania: Mainland,2013,47.475352,114709.015625,Sub-Saharan Africa,2416.1804134701306
TZA,U.R. of Tanzania: Mainland,2014,48.956822,119571.4765625,Sub-Saharan Africa,2442.3864065870125
TZA,U.R. of Tanzania: Mainland,2015,50.579779,128962.109375,Sub-Saharan Africa,2549.67720153542
TZA,U.R. of Tanzania: Mainland,2016,52.335977,138196.953125,Sub-Saharan Africa,2640.572719699109
TZA,U.R. of Tanzania: Mainland,2017,54.118599,138614.90625,Sub-Saharan Africa,2561.3173439689376
TZA,U.R. of Tanzania: Mainland,2018,55.857296,151538.78125,Sub-Saharan Africa,2712.963070213782
TZA,U.R. of Tanzania: Mainland,2019,57.549302,168226.625,Sub-Saharan Africa,2923.1740291133333
TZA,U.R. of Tanzania: Mainland,2020,59.3012,182893.359375,Sub-Saharan Africa,3084.1426375014335
TZA,U.R. of Tanzania: Mainland,2021,61.112804,198158.875,Sub-Saharan Africa,3242.5099493062044
TZA,U.R. of Tanzania: Mainland,2022,62.948832,211766.796875,Sub-Saharan Africa,3364.11002629882
TZA,U.R. of Tanzania: Mainland,2023,64.810025,224954.65625,Sub-Saharan Africa,3470.9854879704185
UGA,Uganda,1950,5.84971621585831,5550.59619140625,Sub-Saharan Africa,948.8658913673181
UGA,Uganda,1951,6.00779035858606,7008.32275390625,Sub-Saharan Africa,1166.5391659165127
UGA,Uganda,1952,6.17075392873122,6527.08203125,Sub-Saharan Africa,1057.744662424425
UGA,Uganda,1953,6.33877261822408,5250.203125,Sub-Saharan Africa,828.2680956097994
UGA,Uganda,1954,6.51266680418269,5798.619140625,Sub-Saharan Africa,890.3601727177106
UGA,Uganda,1955,6.6926713852277,5787.439453125,Sub-Saharan Africa,864.7428089625378
UGA,Uganda,1956,6.87902631156297,5848.6767578125,Sub-Saharan Africa,850.2186927213008
UGA,Uganda,1957,7.07198416235049,6867.49658203125,Sub-Saharan Africa,971.0848362178352
UGA,Uganda,1958,7.27180913539366,6590.83056640625,Sub-Saharan Africa,906.3536244821221
UGA,Uganda,1959,7.47877553166239,6925.486328125,Sub-Saharan Africa,926.0187444863177
UGA,Uganda,1960,7.69317129140133,6839.64501953125,Sub-Saharan Africa,889.054040324818
UGA,Uganda,1961,7.91529546833825,6940.8310546875,Sub-Saharan Africa,876.8884348602427
UGA,Uganda,1962,8.14546378642561,7111.39404296875,Sub-Saharan Africa,873.0496174840118
UGA,Uganda,1963,8.38400005214906,7391.91259765625,Sub-Saharan Africa,881.6689589310641
UGA,Uganda,1964,8.63124726801055,8467.1552734375,Sub-Saharan Africa,980.9886115554568
UGA,Uganda,1965,8.88756561189506,8461.7080078125,Sub-Saharan Africa,952.0838863329915
UGA,Uganda,1966,9.15332435453739,9025.009765625,Sub-Saharan Africa,985.981640774176
UGA,Uganda,1967,9.42891650911356,8854.9541015625,Sub-Saharan Africa,939.1274271019057
UGA,Uganda,1968,9.71474822291602,9260.5595703125,Sub-Saharan Africa,953.2475117026564
UGA,Uganda,1969,10.0112468598868,9927.6572265625,Sub-Saharan Africa,991.6504273149803
UGA,Uganda,1970,10.321603,11818.048828125,Sub-Saharan Africa,1144.9819207467096
UGA,Uganda,1971,10.618206,11135.302734375,Sub-Saharan Africa,1048.6990678439465
UGA,Uganda,1972,10.885796,12952.55078125,Sub-Saharan Africa,1189.8579379266341
UGA,Uganda,1973,11.144236,13562.7509765625,Sub-Saharan Africa,1217.0193610905674
UGA,Uganda,1974,11.424846,12613.115234375,Sub-Saharan Africa,1104.007461840186
UGA,Uganda,1975,11.72524,13020.001953125,Sub-Saharan Africa,1110.4251983861311
UGA,Uganda,1976,12.037294,14018.6923828125,Sub-Saharan Africa,1164.604967097464
UGA,Uganda,1977,12.359669,14434.849609375,Sub-Saharan Africa,1167.8993676428552
UGA,Uganda,1978,12.692113,13717.220703125,Sub-Saharan Africa,1080.7673003797713
UGA,Uganda,1979,13.002163,11836.5283203125,Sub-Saharan Africa,910.3507101328064
UGA,Uganda,1980,13.275741,11169.353515625,Sub-Saharan Africa,841.3355996945858
UGA,Uganda,1981,13.556452,11229.3359375,Sub-Saharan Africa,828.338855734524
UGA,Uganda,1982,13.873631,13080.2421875,Sub-Saharan Africa,942.8131818916044
UGA,Uganda,1983,14.221881,14583.5654296875,Sub-Saharan Africa,1025.4315466208373
UGA,Uganda,1984,14.607677,14361.091796875,Sub-Saharan Africa,983.1194786737823
UGA,Uganda,1985,15.023681,14046.4482421875,Sub-Saharan Africa,934.9538400201322
UGA,Uganda,1986,15.467579,14104.5888671875,Sub-Saharan Africa,911.8808358559215
UGA,Uganda,1987,15.95417,15055.2275390625,Sub-Saharan Africa,943.6547021288166
UGA,Uganda,1988,16.470483,15926.1298828125,Sub-Saharan Africa,966.9497781463057
UGA,Uganda,1989,17.010698,16444.21875,Sub-Saharan Africa,966.6986475216949
UGA,Uganda,1990,17.569897,16889.5703125,Sub-Saharan Africa,961.2788460000647
UGA,Uganda,1991,18.155901,17125.13671875,Sub-Saharan Africa,943.2270377961413
UGA,Uganda,1992,18.785032,17939.755859375,Sub-Saharan Africa,955.0026776305198
UGA,Uganda,1993,19.445161,18746.357421875,Sub-Saharan Africa,964.0628546030039
UGA,Uganda,1994,20.108801,25069.32421875,Sub-Saharan Africa,1246.6841866280342
UGA,Uganda,1995,20.665667,25155.21484375,Sub-Saharan Africa,1217.246694420751
UGA,Uganda,1996,21.23155,25620.12890625,Sub-Saharan Africa,1206.7008252459195
UGA,Uganda,1997,21.856046,26806.92578125,Sub-Saharan Africa,1226.5222072304387
UGA,Uganda,1998,22.515806,29172.712890625,Sub-Saharan Africa,1295.6548342362248
UGA,Uganda,1999,23.257281,30504.703125,Sub-Saharan Africa,1311.6194934824928
UGA,Uganda,2000,24.00015,31902.349609375,Sub-Saharan Africa,1329.2562592056715
UGA,Uganda,2001,24.745676,34137.4375,Sub-Saharan Africa,1379.5314179333795
UGA,Uganda,2002,25.53287,36117.5546875,Sub-Saharan Africa,1414.551309253523
UGA,Uganda,2003,26.352124,37523.02734375,Sub-Saharan Africa,1423.909030776798
UGA,Uganda,2004,27.154515,39717.41796875,Sub-Saharan Africa,1462.6450875204364
UGA,Uganda,2005,27.963289,43731.015625,Sub-Saharan Africa,1563.8723908693287
UGA,Uganda,2006,28.794003,48587.3203125,Sub-Saharan Africa,1687.4111012803603
UGA,Uganda,2007,29.65343,53574.71484375,Sub-Saharan Africa,1806.6953753326343
UGA,Uganda,2008,30.539553,58887.671875,Sub-Saharan Africa,1928.2427570239813
UGA,Uganda,2009,31.451151,68203.625,Sub-Saharan Africa,2168.5573605875347
UGA,Uganda,2010,32.390802,86444.765625,Sub-Saharan Africa,2668.8059661196407
UGA,Uganda,2011,33.354543,94622.3515625,Sub-Saharan Africa,2836.865477740169
UGA,Uganda,2012,34.337438,88721.4921875,Sub-Saharan Africa,2583.8122281429382
UGA,Uganda,2013,35.337042,64775.38671875,Sub-Saharan Africa,1833.073258331866
UGA,Uganda,2014,36.395539,105319.9921875,Sub-Saharan Africa,2893.76102350071
UGA,Uganda,2015,37.531446,96275.7265625,Sub-Saharan Africa,2565.2016328520886
UGA,Uganda,2016,38.799152,95374.890625,Sub-Saharan Africa,2458.1694626985663
UGA,Uganda,2017,40.177388,98955.3125,Sub-Saharan Africa,2462.960322358437
UGA,Uganda,2018,41.565831,106693.359375,Sub-Saharan Africa,2566.8525519193877
UGA,Uganda,2019,42.999637,115848.2890625,Sub-Saharan Africa,2694.1690010662182
UGA,Uganda,2020,44.457152,114430.109375,Sub-Saharan Africa,2573.941519578222
UGA,Uganda,2021,45.91093,121062.4453125,Sub-Saharan Africa,2636.8981267096965
UGA,Uganda,2022,47.312719,130105.0234375,Sub-Saharan Africa,2749.8952963895395
UGA,Uganda,2023,48.656601,137937.34375,Sub-Saharan Africa,2834.915323205581
UKR,Ukraine,1990,52.054092,680851.9375,Eastern Europe & FSU,13079.700583385453
UKR,Ukraine,1991,52.170961,636311.75,Eastern Europe & FSU,12196.665305820225
UKR,Ukraine,1992,52.323671,585874.6875,Eastern Europe & FSU,11197.125054547492
UKR,Ukraine,1993,52.350126,474596.84375,Eastern Europe & FSU,9065.820467175188
UKR,Ukraine,1994,52.075998,395247.96875,Eastern Europe & FSU,7589.829939504953
UKR,Ukraine,1995,51.665539,343870.59375,Eastern Europe & FSU,6655.705145164555
UKR,Ukraine,1996,51.226109,312008.4375,Eastern Europe & FSU,6090.808839297164
UKR,Ukraine,1997,50.786885,286997.40625,Eastern Europe & FSU,5651.014159462626
UKR,Ukraine,1998,50.379731,274779.28125,Eastern Europe & FSU,5454.163327112644
UKR,Ukraine,1999,49.976446,271562.40625,Eastern Europe & FSU,5433.807883217626
UKR,Ukraine,2000,49.55666,275907.03125,Eastern Europe & FSU,5567.50659245397
UKR,Ukraine,2001,49.106855,289651.25,Eastern Europe & FSU,5898.38730254666
UKR,Ukraine,2002,48.677281,305456.15625,Eastern Europe & FSU,6275.127738749417
UKR,Ukraine,2003,48.315136,335344.03125,Eastern Europe & FSU,6940.765544983667
UKR,Ukraine,2004,47.979507,384044.21875,Eastern Europe & FSU,8004.338576259235
UKR,Ukraine,2005,47.585556,416827.96875,Eastern Europe & FSU,8759.548144188964
UKR,Ukraine,2006,47.278694,457434.71875,Eastern Europe & FSU,9675.282459155915
UKR,Ukraine,2007,47.062798,517764.15625,Eastern Europe & FSU,11001.559156130072
UKR,Ukraine,2008,46.819175,552964.5625,Eastern Europe & FSU,11810.643021796091
UKR,Ukraine,2009,46.623731,473098.125,Eastern Europe & FSU,10147.152852267443
UKR,Ukraine,2010,46.456003,482608.59375,Eastern Europe & FSU,10388.508752033616
UKR,Ukraine,2011,46.307853,531667.5625,Eastern Europe & FSU,11481.153369386397
UKR,Ukraine,2012,46.210056,556330.4375,Eastern Europe & FSU,12039.163888916299
UKR,Ukraine,2013,46.12677,597137.3125,Eastern Europe & FSU,12945.569622585757
UKR,Ukraine,2014,45.97238,559983.0625,Eastern Europe & FSU,12180.858648170923
UKR,Ukraine,2015,45.784896,540478.5625,Eastern Europe & FSU,11804.734961066635
UKR,Ukraine,2016,45.616832,562926.1875,Eastern Europe & FSU,12340.317440281691
UKR,Ukraine,2017,45.436041,561845.9375,Eastern Europe & FSU,12365.644654207437
UKR,Ukraine,2018,45.208907,575434.8125,Eastern Europe & FSU,12728.35046642468
UKR,Ukraine,2019,44.957458,622270.1875,Eastern Europe & FSU,13841.311657345039
UKR,Ukraine,2020,44.680014,667668.8125,Eastern Europe & FSU,14943.343851682768
UKR,Ukraine,2021,44.29864,739991.3125,Eastern Europe & FSU,16704.6056605801
UKR,Ukraine,2022,41.048766,554824.8125,Eastern Europe & FSU,13516.236090994793
UKR,Ukraine,2023,37.732836,587357.125,Eastern Europe & FSU,15566.206711841114
URY,Uruguay,1950,2.16874554633597,16413.609375,Latin America & Caribbean,7568.250412193489
URY,Uruguay,1951,2.19719563682869,19970.068359375,Latin America & Caribbean,9088.889502893191
URY,Uruguay,1952,2.22675278608028,18177.478515625,Latin America & Caribbean,8163.222531596131
URY,Uruguay,1953,2.25734771455156,18923.923828125,Latin America & Caribbean,8383.256024818662
URY,Uruguay,1954,2.28959121328189,21577.443359375,Latin America & Caribbean,9424.14664862641
URY,Uruguay,1955,2.32575843176403,22115.044921875,Latin America & Caribbean,9508.745456896522
URY,Uruguay,1956,2.36149182836982,21837.6640625,Latin America & Caribbean,9247.401917784713
URY,Uruguay,1957,2.39674568802918,22818.431640625,Latin America & Caribbean,9520.589420310323
URY,Uruguay,1958,2.43178534666432,21115.580078125,Latin America & Caribbean,8683.159517795944
URY,Uruguay,1959,2.4659936508292,20423.009765625,Latin America & Caribbean,8281.858211093806
URY,Uruguay,1960,2.5015222721984,21529.060546875,Latin America & Caribbean,8606.383715286584
URY,Uruguay,1961,2.53396536198212,21831.359375,Latin America & Caribbean,8615.492422486415
URY,Uruguay,1962,2.56823399118792,22303.130859375,Latin America & Caribbean,8684.228514964414
URY,Uruguay,1963,2.60148769870907,21688.341796875,Latin America & Caribbean,8336.899616183984
URY,Uruguay,1964,2.63262013272079,22670.93359375,Latin America & Caribbean,8611.547603079289
URY,Uruguay,1965,2.66179977917721,22432.123046875,Latin America & Caribbean,8427.4268945236
URY,Uruguay,1966,2.68954694155633,23481.208984375,Latin America & Caribbean,8730.544398227677
URY,Uruguay,1967,2.71660060160949,22575.642578125,Latin America & Caribbean,8310.254575055946
URY,Uruguay,1968,2.74430252020791,22942.458984375,Latin America & Caribbean,8360.032764404146
URY,Uruguay,1969,2.76926059202296,24548.470703125,Latin America & Caribbean,8864.63006545448
URY,Uruguay,1970,2.790807,26422.4375,Latin America & Caribbean,9467.669208225434
URY,Uruguay,1971,2.806462,26603.412109375,Latin America & Caribbean,9479.341644167996
URY,Uruguay,1972,2.821644,25995.982421875,Latin America & Caribbean,9213.062463540758
URY,Uruguay,1973,2.837133,27020.419921875,Latin America & Caribbean,9523.846757228159
URY,Uruguay,1974,2.853944,26376.5625,Latin America & Caribbean,9242.144379847678
URY,Uruguay,1975,2.87232,27036.25,Latin America & Caribbean,9412.68730503565
URY,Uruguay,1976,2.891392,27542.451171875,Latin America & Caribbean,9525.67177742589
URY,Uruguay,1977,2.909461,27023.474609375,Latin America & Caribbean,9288.137771695514
URY,Uruguay,1978,2.925715,28602.1796875,Latin America & Caribbean,9776.133248624696
URY,Uruguay,1979,2.939903,30968.080078125,Latin America & Caribbean,10533.708111500617
URY,Uruguay,1980,2.951953,32876.1015625,Latin America & Caribbean,11137.06809102313
URY,Uruguay,1981,2.963246,33568.58203125,Latin America & Caribbean,11328.314298323528
URY,Uruguay,1982,2.975492,30232.95703125,Latin America & Caribbean,10160.658147039212
URY,Uruguay,1983,2.988778,27423.005859375,Latin America & Caribbean,9175.323780948267
URY,Uruguay,1984,3.002488,27029.943359375,Latin America & Caribbean,9002.515033990145
URY,Uruguay,1985,3.017037,27043.62109375,Latin America & Caribbean,8963.635876441023
URY,Uruguay,1986,3.032845,30575.470703125,Latin America & Caribbean,10081.448508949517
URY,Uruguay,1987,3.049896,33542.08203125,Latin America & Caribbean,10997.77895090521
URY,Uruguay,1988,3.067961,33619.5390625,Latin America & Caribbean,10958.268068759675
URY,Uruguay,1989,3.086255,33949.4453125,Latin America & Caribbean,11000.207472324873
URY,Uruguay,1990,3.104403,33400.8984375,Latin America & Caribbean,10759.201829627145
URY,Uruguay,1991,3.122354,34958.93359375,Latin America & Caribbean,11196.338914085334
URY,Uruguay,1992,3.139702,39086.03515625,Latin America & Caribbean,12448.963359022608
URY,Uruguay,1993,3.156345,40802.99609375,Latin America & Caribbean,12927.292831978128
URY,Uruguay,1994,3.172834,44588.60546875,Latin America & Caribbean,14053.24245414352
URY,Uruguay,1995,3.18944,44334.60546875,Latin America & Caribbean,13900.435646618216
URY,Uruguay,1996,3.206324,47151.50390625,Latin America & Caribbean,14705.782667706071
URY,Uruguay,1997,3.223345,47973.4765625,Latin America & Caribbean,14883.134310010253
URY,Uruguay,1998,3.23928,49128.9921875,Latin America & Caribbean,15166.639558019066
URY,Uruguay,1999,3.254015,46571.01953125,Latin America & Caribbean,14311.863814779588
URY,Uruguay,2000,3.266206,44120.8046875,Latin America & Caribbean,13508.273724161918
URY,Uruguay,2001,3.274251,41917.73046875,Latin America & Caribbean,12802.23491380166
URY,Uruguay,2002,3.278867,38214.66015625,Latin America & Caribbean,11654.836916608694
URY,Uruguay,2003,3.281186,37905.75,Latin America & Caribbean,11552.453899291293
URY,Uruguay,2004,3.283148,39258.6015625,Latin America & Caribbean,11957.609453640225
URY,Uruguay,2005,3.285771,40800.89453125,Latin America & Caribbean,12417.449217017862
URY,Uruguay,2006,3.289506,43589.8671875,Latin America & Caribbean,13251.18944531489
URY,Uruguay,2007,3.295153,48285.75390625,Latin America & Caribbean,14653.569623701844
URY,Uruguay,2008,3.302177,54146.13671875,Latin America & Caribbean,16397.103098577092
URY,Uruguay,2009,3.310091,58991.2265625,Latin America & Caribbean,17821.63286825045
URY,Uruguay,2010,3.31858,67396.328125,Latin America & Caribbean,20308.78512044308
URY,Uruguay,2011,3.326825,75286.46875,Latin America & Caribbean,22630.12594590939
URY,Uruguay,2012,3.335401,77763.3984375,Latin America & Caribbean,23314.557511225787
URY,Uruguay,2013,3.345337,80051.96875,Latin America & Caribbean,23929.41839641268
URY,Uruguay,2014,3.356334,83506.1640625,Latin America & Caribbean,24880.17106238533
URY,Uruguay,2015,3.368017,84782.5625,Latin America & Caribbean,25172.842803346895
URY,Uruguay,2016,3.379283,86128.9140625,Latin America & Caribbean,25487.333870084276
URY,Uruguay,2017,3.388438,86639.546875,Latin America & Caribbean,25569.169887423057
URY,Uruguay,2018,3.394534,87360.7734375,Latin America & Caribbean,25735.71908176498
URY,Uruguay,2019,3.397206,91528.4375,Latin America & Caribbean,26942.268882134318
URY,Uruguay,2020,3.398968,89833.546875,Latin America & Caribbean,26429.653611037233
URY,Uruguay,2021,3.396695,92204.9375,Latin America & Caribbean,27145.486274157676
URY,Uruguay,2022,3.390913,94788.9609375,Latin America & Caribbean,27953.816844460474
URY,Uruguay,2023,3.388081,94547.0859375,Latin America & Caribbean,27905.792670688807
USA,United States,1950,154.308932479468,2700581.25,North America,17501.133645385908
USA,United States,1951,156.950833583773,2890876.0,North America,18418.99105592826
USA,United States,1952,159.661622383463,2999928.0,North America,18789.286712839505
USA,United States,1953,162.327846797497,3147087.0,North America,19387.228144077904
USA,United States,1954,165.207878206838,3132158.75,North America,18958.894599920837
USA,United States,1955,168.15175637134,3368955.5,North America,20035.208508676682
USA,United States,1956,171.163532598792,3445108.75,North America,20127.586160980616
USA,United States,1957,174.285761083962,3521625.0,North America,20206.039656351848
USA,United States,1958,177.222557191341,3498960.5,North America,19743.313466706695
USA,United States,1959,180.210010109064,3747502.5,North America,20795.196103324077
USA,United States,1960,183.089036422961,3846675.5,North America,21009.862606484246
USA,United States,1961,186.149443806863,3945269.5,North America,21194.09770621375
USA,United States,1962,189.034547082441,4187084.75,North America,22149.838823767725
USA,United States,1963,191.774746521104,4368180.0,North America,22777.660141604203
USA,United States,1964,194.457176166286,4624444.0,North America,23781.297718966685
USA,United States,1965,196.903470234311,4934000.5,North America,25057.966190888576
USA,United States,1966,199.190680888167,5258107.0,North America,26397.354417158174
USA,United States,1967,201.371490592091,5398569.0,North America,26809.00351944871
USA,United States,1968,203.392165397382,5665766.5,North America,27856.36550419915
USA,United States,1969,205.389552914401,5848988.5,North America,28477.5365494741
USA,United States,1970,207.796339,5857693.0,North America,28189.587112985664
USA,United States,1971,210.426432,6051745.5,North America,28759.435981882732
USA,United States,1972,212.842573,6377442.5,North America,29963.190211950692
USA,United States,1973,215.006551,6744057.5,North America,31366.75356463906
USA,United States,1974,217.076476,6622978.5,North America,30509.88583396756
USA,United States,1975,219.129301,6599970.5,North America,30119.068832332923
USA,United States,1976,221.168758,6981721.5,North America,31567.394794521566
USA,United States,1977,223.259419,7293794.0,North America,32669.591422702753
USA,United States,1978,225.396096,7705705.5,North America,34187.39559712693
USA,United States,1979,227.575084,7920382.5,North America,34803.381639090156
USA,United States,1980,229.858655,7786389.0,North America,33874.68268271212
USA,United States,1981,232.201617,8000724.5,North America,34455.937918813026
USA,United States,1982,234.583152,7862921.0,North America,33518.69447128922
USA,United States,1983,236.986365,8263719.5,North America,34870.020897615774
USA,United States,1984,239.353967,8914456.0,North America,37243.81973581411
USA,United States,1985,241.690443,9297721.0,North America,38469.54345646179
USA,United States,1986,243.953807,9602186.0,North America,39360.67289984944
USA,United States,1987,246.161291,9902263.0,North America,40226.726792719004
USA,United States,1988,248.393235,10312941.0,North America,41518.60657557763
USA,United States,1989,250.675053,10684975.0,North America,42624.8039927611
USA,United States,1990,253.373387,10845544.0,North America,42804.5902074159
USA,United States,1991,256.471422,10831007.0,North America,42230.85330731312
USA,United States,1992,259.606019,11224901.0,North America,43238.2155207272
USA,United States,1993,262.633231,11571857.0,North America,44060.90179806682
USA,United States,1994,265.47481,12075679.0,North America,45487.09913381236
USA,United States,1995,268.205795,12409187.0,North America,46267.40820421124
USA,United States,1996,270.860696,12916877.0,North America,47688.2662961185
USA,United States,1997,273.468013,13552125.0,North America,49556.52711017431
USA,United States,1998,276.119333,14253092.0,North America,51619.31924556692
USA,United States,1999,278.785484,14942582.0,North America,53598.852370663604
USA,United States,2000,281.484131,15530929.0,North America,55175.14946517536
USA,United States,2001,284.279639,15688271.0,North America,55186.05220966951
USA,United States,2002,287.084338,15948216.0,North America,55552.3722091729
USA,United States,2003,289.9081,16383841.0,North America,56513.91251227544
USA,United States,2004,292.786253,17027680.0,North America,58157.37530545876
USA,United States,2005,295.716664,17580320.0,North America,59449.87936154995
USA,United States,2006,298.730209,18070692.0,North America,60491.679299832715
USA,United States,2007,301.844226,18420674.0,North America,61027.08752825373
USA,United States,2008,304.970333,18213936.0,North America,59723.63219998845
USA,United States,2009,308.023454,17828036.0,North America,57878.8263311923
USA,United States,2010,311.06279,18299994.0,North America,58830.5467201654
USA,United States,2011,314.105078,18568118.0,North America,59114.351535571164
USA,United States,2012,317.115355,19069654.0,North America,60134.75443344583
USA,United States,2013,320.110759,19578584.0,North America,61161.90552658057
USA,United States,2014,323.115377,20143926.0,North America,62342.826847265766
USA,United States,2015,326.126497,20899968.0,North America,64085.46435894168
USA,United States,2016,329.179427,21343028.0,North America,64837.06528840881
USA,United States,2017,332.20466,21892416.0,North America,65900.38803188372
USA,United States,2018,335.056497,22571668.0,North America,67366.7521809016
USA,United States,2019,337.790067,23200364.0,North America,68682.78930179436
USA,United States,2020,339.436159,22676858.0,North America,66807.43167377169
USA,United States,2021,340.161441,24167636.0,North America,71047.5470969092
USA,United States,2022,341.534046,24861132.0,North America,72792.54379225198
USA,United States,2023,343.477335,25641846.0,North America,74653.67693038611
UZB,Uzbekistan,1990,20.464956,130483.1875,Eastern Europe & FSU,6375.93296071587
UZB,Uzbekistan,1991,20.96291,128027.734375,Eastern Europe & FSU,6107.345515245736
UZB,Uzbekistan,1992,21.48509,103227.5234375,Eastern Europe & FSU,4804.612102509229
UZB,Uzbekistan,1993,21.987955,125577.8203125,Eastern Europe & FSU,5711.209628749013
UZB,Uzbekistan,1994,22.463291,110105.5703125,Eastern Europe & FSU,4901.577881553509
UZB,Uzbekistan,1995,22.917589,108053.640625,Eastern Europe & FSU,4714.878193556922
UZB,Uzbekistan,1996,23.351981,112854.921875,Eastern Europe & FSU,4832.7772224120945
UZB,Uzbekistan,1997,23.75896,106163.203125,Eastern Europe & FSU,4468.3438637465615
UZB,Uzbekistan,1998,24.134929,102797.8046875,Eastern Europe & FSU,4259.295922830351
UZB,Uzbekistan,1999,24.476008,105441.7578125,Eastern Europe & FSU,4307.963856381319
UZB,Uzbekistan,2000,24.787054,102475.890625,Eastern Europe & FSU,4134.250509358635
UZB,Uzbekistan,2001,25.090283,106599.453125,Eastern Europe & FSU,4248.634944651681
UZB,Uzbekistan,2002,25.39998,109110.1484375,Eastern Europe & FSU,4295.678517758675
UZB,Uzbekistan,2003,25.711259,114286.5859375,Eastern Europe & FSU,4445.001543389999
UZB,Uzbekistan,2004,26.02935,121188.9765625,Eastern Europe & FSU,4655.858734947281
UZB,Uzbekistan,2005,26.356975,127308.109375,Eastern Europe & FSU,4830.148731977019
UZB,Uzbekistan,2006,26.699043,135043.125,Eastern Europe & FSU,5057.976235327986
UZB,Uzbekistan,2007,27.076008,146872.171875,Eastern Europe & FSU,5424.43966906052
UZB,Uzbekistan,2008,27.494774,145101.875,Eastern Europe & FSU,5277.434722685845
UZB,Uzbekistan,2009,27.939328,154912.015625,Eastern Europe & FSU,5544.586313063794
UZB,Uzbekistan,2010,28.385506,161755.96875,Eastern Europe & FSU,5698.540964885389
UZB,Uzbekistan,2011,28.823196,178561.421875,Eastern Europe & FSU,6195.05976627297
UZB,Uzbekistan,2012,29.261903,187963.671875,Eastern Europe & FSU,6423.494462236445
UZB,Uzbekistan,2013,29.724065,198034.34375,Eastern Europe & FSU,6662.4246633157345
UZB,Uzbekistan,2014,30.222994,213330.6875,Eastern Europe & FSU,7058.555730779022
UZB,Uzbekistan,2015,30.749346,227481.96875,Eastern Europe & FSU,7397.944943284322
UZB,Uzbekistan,2016,31.284568,234197.453125,Eastern Europe & FSU,7486.0376248443
UZB,Uzbekistan,2017,31.819178,244500.046875,Eastern Europe & FSU,7684.04661097782
UZB,Uzbekistan,2018,32.37349,253031.078125,Eastern Europe & FSU,7815.996302066908
UZB,Uzbekistan,2019,32.964701,262961.25,Eastern Europe & FSU,7977.055517658116
UZB,Uzbekistan,2020,33.586372,265372.65625,Eastern Europe & FSU,7901.200410988124
UZB,Uzbekistan,2021,34.243696,284634.625,Eastern Europe & FSU,8312.029898875402
UZB,Uzbekistan,2022,34.938955,308076.84375,Eastern Europe & FSU,8817.574645549645
UZB,Uzbekistan,2023,35.652307,321929.625,Eastern Europe & FSU,9029.699676938157
VEN,Venezuela (Bolivarian Republic of),1950,5.30223282755622,36551.25,Latin America & Caribbean,6893.558089346737
VEN,Venezuela (Bolivarian Republic of),1951,5.52242396220307,40268.83203125,Latin America & Caribbean,7291.876231680243
VEN,Venezuela (Bolivarian Republic of),1952,5.75799991240668,45380.5390625,Latin America & Caribbean,7881.302492679655
VEN,Venezuela (Bolivarian Republic of),1953,6.00642985581793,47920.390625,Latin America & Caribbean,7978.182010830193
VEN,Venezuela (Bolivarian Republic of),1954,6.2651824653365,53349.671875,Latin America & Caribbean,8515.262272115584
VEN,Venezuela (Bolivarian Republic of),1955,6.5317173283411,57260.546875,Latin America & Caribbean,8766.537802630663
VEN,Venezuela (Bolivarian Republic of),1956,6.80776018907021,61339.890625,Latin America & Caribbean,9010.28956975902
VEN,Venezuela (Bolivarian Republic of),1957,7.09504183927395,70164.0546875,Latin America & Caribbean,9889.167150377232
VEN,Venezuela (Bolivarian Republic of),1958,7.39101782832169,70349.2734375,Latin America & Caribbean,9518.211844643123
VEN,Venezuela (Bolivarian Republic of),1959,7.69313663906648,73100.3515625,Latin America & Caribbean,9502.021736009401
VEN,Venezuela (Bolivarian Republic of),1960,7.99883867834267,68018.7578125,Latin America & Caribbean,8503.57915039152
VEN,Venezuela (Bolivarian Republic of),1961,8.30724769812514,69468.6484375,Latin America & Caribbean,8362.414479729352
VEN,Venezuela (Bolivarian Republic of),1962,8.62008792839883,72781.6484375,Latin America & Caribbean,8443.26056091856
VEN,Venezuela (Bolivarian Republic of),1963,8.93869292174582,77619.46875,Latin America & Caribbean,8683.536779876325
VEN,Venezuela (Bolivarian Republic of),1964,9.26440279251331,85533.1640625,Latin America & Caribbean,9232.453076373202
VEN,Venezuela (Bolivarian Republic of),1965,9.59855916930202,87637.5625,Latin America & Caribbean,9130.283092933494
VEN,Venezuela (Bolivarian Republic of),1966,9.93670005179956,87738.7890625,Latin America & Caribbean,8829.771312922976
VEN,Venezuela (Bolivarian Republic of),1967,10.2779481824784,90332.5546875,Latin America & Caribbean,8788.967708700533
VEN,Venezuela (Bolivarian Republic of),1968,10.6290379514029,99825.53125,Latin America & Caribbean,9391.774844196909
VEN,Venezuela (Bolivarian Republic of),1969,10.9967269671909,104356.5625,Latin America & Caribbean,9489.78389764075
VEN,Venezuela (Bolivarian Republic of),1970,11.38779,117561.4765625,Latin America & Caribbean,10323.46720149388
VEN,Venezuela (Bolivarian Republic of),1971,11.741008,115004.9375,Latin America & Caribbean,9795.150254560765
VEN,Venezuela (Bolivarian Republic of),1972,12.09918,119308.859375,Latin America & Caribbean,9860.904571632127
VEN,Venezuela (Bolivarian Republic of),1973,12.463537,134177.609375,Latin America & Caribbean,10765.612472205923
VEN,Venezuela (Bolivarian Republic of),1974,12.835351,144290.09375,Latin America & Caribbean,11241.616512863575
VEN,Venezuela (Bolivarian Republic of),1975,13.215892,143363.78125,Latin America & Caribbean,10847.832386190807
VEN,Venezuela (Bolivarian Republic of),1976,13.606284,155004.015625,Latin America & Caribbean,11392.09027424387
VEN,Venezuela (Bolivarian Republic of),1977,14.006812,160745.640625,Latin America & Caribbean,11476.247459093476
VEN,Venezuela (Bolivarian Republic of),1978,14.416684,157244.09375,Latin America & Caribbean,10907.091655057431
VEN,Venezuela (Bolivarian Republic of),1979,14.834552,173182.875,Latin America & Caribbean,11674.290871743211
VEN,Venezuela (Bolivarian Republic of),1980,15.258218,189195.15625,Latin America & Caribbean,12399.557815335973
VEN,Venezuela (Bolivarian Republic of),1981,15.687297,190826.90625,Latin America & Caribbean,12164.422350772093
VEN,Venezuela (Bolivarian Republic of),1982,16.121874,177028.484375,Latin America & Caribbean,10980.639370770421
VEN,Venezuela (Bolivarian Republic of),1983,16.562205,180840.921875,Latin America & Caribbean,10918.89164969278
VEN,Venezuela (Bolivarian Republic of),1984,17.008841,187919.96875,Latin America & Caribbean,11048.370006516023
VEN,Venezuela (Bolivarian Republic of),1985,17.461434,182837.8125,Latin America & Caribbean,10470.950581721982
VEN,Venezuela (Bolivarian Republic of),1986,17.923536,168538.546875,Latin America & Caribbean,9403.19738666522
VEN,Venezuela (Bolivarian Republic of),1987,18.394963,176767.078125,Latin America & Caribbean,9609.537030599082
VEN,Venezuela (Bolivarian Republic of),1988,18.87102,176943.609375,Latin America & Caribbean,9376.472992715815
VEN,Venezuela (Bolivarian Republic of),1989,19.348921,183289.65625,Latin America & Caribbean,9472.861884649796
VEN,Venezuela (Bolivarian Republic of),1990,19.82701,203717.625,Latin America & Caribbean,10274.7527236835
VEN,Venezuela (Bolivarian Republic of),1991,20.304896,200676.21875,Latin America & Caribbean,9883.144378084971
VEN,Venezuela (Bolivarian Republic of),1992,20.780948,202424.34375,Latin America & Caribbean,9740.861858178943
VEN,Venezuela (Bolivarian Republic of),1993,21.25452,195616.734375,Latin America & Caribbean,9203.535736163414
VEN,Venezuela (Bolivarian Republic of),1994,21.725188,192706.890625,Latin America & Caribbean,8870.205893039913
VEN,Venezuela (Bolivarian Republic of),1995,22.193821,195168.09375,Latin America & Caribbean,8793.803182876893
VEN,Venezuela (Bolivarian Republic of),1996,22.662113,200253.875,Latin America & Caribbean,8836.505007278005
VEN,Venezuela (Bolivarian Republic of),1997,23.131685,196110.796875,Latin America & Caribbean,8478.016057844467
VEN,Venezuela (Bolivarian Republic of),1998,23.601337,180192.203125,Latin America & Caribbean,7634.830311731916
VEN,Venezuela (Bolivarian Republic of),1999,24.066593,180781.65625,Latin America & Caribbean,7511.726161239358
VEN,Venezuela (Bolivarian Republic of),2000,24.526708,209137.765625,Latin America & Caribbean,8526.93992300149
VEN,Venezuela (Bolivarian Republic of),2001,24.979922,209821.359375,Latin America & Caribbean,8399.600261962387
VEN,Venezuela (Bolivarian Republic of),2002,25.435671,203485.171875,Latin America & Caribbean,7999.992289371883
VEN,Venezuela (Bolivarian Republic of),2003,25.892703,200815.015625,Latin America & Caribbean,7755.660566801388
VEN,Venezuela (Bolivarian Republic of),2004,26.340838,259761.453125,Latin America & Caribbean,9861.548562919676
VEN,Venezuela (Bolivarian Republic of),2005,26.785804,323300.8125,Latin America & Caribbean,12069.856574027048
VEN,Venezuela (Bolivarian Republic of),2006,27.224686,381849.125,Latin America & Caribbean,14025.841289776492
VEN,Venezuela (Bolivarian Republic of),2007,27.649363,437247.34375,Latin America & Caribbean,15814.011474694733
VEN,Venezuela (Bolivarian Republic of),2008,28.053696,504912.28125,Latin America & Caribbean,17998.066324308926
VEN,Venezuela (Bolivarian Republic of),2009,28.438298,439356.375,Latin America & Caribbean,15449.46096985129
VEN,Venezuela (Bolivarian Republic of),2010,28.813101,533560.375,Latin America & Caribbean,18517.97815861611
VEN,Venezuela (Bolivarian Republic of),2011,29.185212,604726.125,Latin America & Caribbean,20720.29235216794
VEN,Venezuela (Bolivarian Republic of),2012,29.553826,620229.875,Latin America & Caribbean,20986.449436360625
VEN,Venezuela (Bolivarian Republic of),2013,29.912198,589839.5625,Latin America & Caribbean,19719.031095608552
VEN,Venezuela (Bolivarian Republic of),2014,30.254079,384976.75,Latin America & Caribbean,12724.788283920327
VEN,Venezuela (Bolivarian Republic of),2015,30.573972,167797.125,Latin America & Caribbean,5488.234404087241
VEN,Venezuela (Bolivarian Republic of),2016,30.76572,65444.8046875,Latin America & Caribbean,2127.19886573433
VEN,Venezuela (Bolivarian Republic of),2017,30.565323,12310.7041015625,Latin America & Caribbean,402.76702135823984
VEN,Venezuela (Bolivarian Republic of),2018,29.807592,14770.470703125,Latin America & Caribbean,495.5271362787373
VEN,Venezuela (Bolivarian Republic of),2019,28.938098,8737.3955078125,Latin America & Caribbean,301.9339939968584
VEN,Venezuela (Bolivarian Republic of),2020,28.444077,4689.0439453125,Latin America & Caribbean,164.85133074673155
VEN,Venezuela (Bolivarian Republic of),2021,28.237826,3784.22900390625,Latin America & Caribbean,134.01276018579654
VEN,Venezuela (Bolivarian Republic of),2022,28.213017,3177.23803710938,Latin America & Caribbean,112.61603241898517
VEN,Venezuela (Bolivarian Republic of),2023,28.300854,2528.005859375,Latin America & Caribbean,89.32613338717623
VNM,Viet Nam,1970,41.47523,41172.73046875,Southeast Asia,992.7065014166286
VNM,Viet Nam,1971,42.449276,42751.7578125,Southeast Asia,1007.1257237108119
VNM,Viet Nam,1972,43.429168,43608.9765625,Southeast Asia,1004.1402718675155
VNM,Viet Nam,1973,44.409861,43024.28125,Southeast Asia,968.8001781856511
VNM,Viet Nam,1974,45.413537,44073.01953125,Southeast Asia,970.481984947572
VNM,Viet Nam,1975,46.482903,45397.41015625,Southeast Asia,976.6474816826737
VNM,Viet Nam,1976,47.684931,50398.95703125,Southeast Asia,1056.9158007432159
VNM,Viet Nam,1977,48.954872,57218.96875,Southeast Asia,1168.8105067458862
VNM,Viet Nam,1978,50.249552,58238.78515625,Southeast Asia,1158.991132025416
VNM,Viet Nam,1979,51.378211,62154.4609375,Southeast Asia,1209.743580552075
VNM,Viet Nam,1980,52.490101,59921.3671875,Southeast Asia,1141.5746216129398
VNM,Viet Nam,1981,53.738141,63386.19140625,Southeast Asia,1179.5382241869886
VNM,Viet Nam,1982,55.011289,68535.7734375,Southeast Asia,1245.8492553682936
VNM,Viet Nam,1983,56.337921,73358.2578125,Southeast Asia,1302.111553113577
VNM,Viet Nam,1984,57.706067,79574.2890625,Southeast Asia,1378.9588027633213
VNM,Viet Nam,1985,59.060622,84041.6015625,Southeast Asia,1422.971833288515
VNM,Viet Nam,1986,60.347048,86704.75,Southeast Asia,1436.7687049083163
VNM,Viet Nam,1987,61.584651,89180.0703125,Southeast Asia,1448.0892375683025
VNM,Viet Nam,1988,62.843228,93557.953125,Southeast Asia,1488.7515505250622
VNM,Viet Nam,1989,64.147348,97406.328125,Southeast Asia,1518.4778663803843
VNM,Viet Nam,1990,65.504552,103801.296875,Southeast Asia,1584.642497440483
VNM,Viet Nam,1991,66.891775,113737.4609375,Southeast Asia,1700.3205691207927
VNM,Viet Nam,1992,68.260337,122879.9609375,Southeast Asia,1800.1663387261037
VNM,Viet Nam,1993,69.586384,129289.15625,Southeast Asia,1857.9662976883526
VNM,Viet Nam,1994,70.854391,136436.5625,Southeast Asia,1925.5907866034722
VNM,Viet Nam,1995,72.04994,147468.3125,Southeast Asia,2046.7513574612274
VNM,Viet Nam,1996,73.156447,158630.953125,Southeast Asia,2168.3796798524127
VNM,Viet Nam,1997,74.226889,171676.21875,Southeast Asia,2312.8575245825
VNM,Viet Nam,1998,75.29966,181628.796875,Southeast Asia,2412.079906801704
VNM,Viet Nam,1999,76.287452,191310.546875,Southeast Asia,2507.7590332286886
VNM,Viet Nam,2000,77.154011,201180.140625,Southeast Asia,2607.5136991257655
VNM,Viet Nam,2001,77.969361,214137.21875,Southeast Asia,2746.4277762902275
VNM,Viet Nam,2002,78.772224,228494.140625,Southeast Asia,2900.6942932701763
VNM,Viet Nam,2003,79.563777,242600.28125,Southeast Asia,3049.129772333458
VNM,Viet Nam,2004,80.338971,266627.5,Southeast Asia,3318.7816159607023
VNM,Viet Nam,2005,81.088313,295776.84375,Southeast Asia,3647.5890644068522
VNM,Viet Nam,2006,82.167897,337846.71875,Southeast Asia,4111.663205278334
VNM,Viet Nam,2007,83.633375,379719.59375,Southeast Asia,4540.287818708739
VNM,Viet Nam,2008,85.175788,431008.34375,Southeast Asia,5060.221382982685
VNM,Viet Nam,2009,86.460018,477561.53125,Southeast Asia,5523.495626036071
VNM,Viet Nam,2010,87.455152,567204.0,Southeast Asia,6485.6556421055675
VNM,Viet Nam,2011,88.468314,621426.4375,Southeast Asia,7024.282586644524
VNM,Viet Nam,2012,89.510356,686505.4375,Southeast Asia,7669.564374204924
VNM,Viet Nam,2013,90.573104,708027.375,Southeast Asia,7817.192342221152
VNM,Viet Nam,2014,91.679578,762052.1875,Southeast Asia,8312.125820430805
VNM,Viet Nam,2015,92.823254,808130.625,Southeast Asia,8706.122552006202
VNM,Viet Nam,2016,94.000117,881909.9375,Southeast Asia,9382.008934095262
VNM,Viet Nam,2017,95.176977,961448.875,Southeast Asia,10101.695864956922
VNM,Viet Nam,2018,96.237319,1041177.375,Southeast Asia,10818.85266359093
VNM,Viet Nam,2019,97.173776,1118330.25,Southeast Asia,11508.56019014842
VNM,Viet Nam,2020,98.079191,1173247.375,Southeast Asia,11962.245640871977
VNM,Viet Nam,2021,98.935098,1181427.0,Southeast Asia,11941.434575624517
VNM,Viet Nam,2022,99.680655,1280271.375,Southeast Asia,12843.729558157498
VNM,Viet Nam,2023,100.352192,1339399.25,Southeast Asia,13346.985484881086
ZAF,South Africa,1950,13.3208510352077,85477.7109375,Sub-Saharan Africa,6416.835584421595
ZAF,South Africa,1951,13.6446407711694,87011.1953125,Sub-Saharan Africa,6376.950245282478
ZAF,South Africa,1952,13.9764120263909,80891.015625,Sub-Saharan Africa,5787.68109241899
ZAF,South Africa,1953,14.3278530266302,90394.3671875,Sub-Saharan Africa,6308.995982823817
ZAF,South Africa,1954,14.6883342046778,97797.421875,Sub-Saharan Africa,6658.169708846523
ZAF,South Africa,1955,15.0577069932707,101596.703125,Sub-Saharan Africa,6747.156334653319
ZAF,South Africa,1956,15.4365675302323,107998.609375,Sub-Saharan Africa,6996.283931870621
ZAF,South Africa,1957,15.8248672275268,113955.5234375,Sub-Saharan Africa,7201.041360983956
ZAF,South Africa,1958,16.223141487933,113776.640625,Sub-Saharan Africa,7013.231112459241
ZAF,South Africa,1959,16.6316472674092,116566.15625,Sub-Saharan Africa,7008.6957939770045
ZAF,South Africa,1960,17.0643835265679,121114.9375,Sub-Saharan Africa,7097.527860378524
ZAF,South Africa,1961,17.5085529242966,125840.390625,Sub-Saharan Africa,7187.366721230938
ZAF,South Africa,1962,17.9853753508309,130931.796875,Sub-Saharan Africa,7279.90349497772
ZAF,South Africa,1963,18.4753128094809,140020.171875,Sub-Saharan Africa,7578.771375559412
ZAF,South Africa,1964,18.9787259729736,150107.984375,Sub-Saharan Africa,7909.276133116588
ZAF,South Africa,1965,19.495781161893,157396.9375,Sub-Saharan Africa,8073.384502676531
ZAF,South Africa,1966,20.0270576951271,165258.484375,Sub-Saharan Africa,8251.760537705446
ZAF,South Africa,1967,20.5726284547296,178013.265625,Sub-Saharan Africa,8652.91793008954
ZAF,South Africa,1968,21.1332035735308,186404.671875,Sub-Saharan Africa,8820.464499214433
ZAF,South Africa,1969,21.709199787376,200082.546875,Sub-Saharan Africa,9216.486505013829
ZAF,South Africa,1970,22.279984,209660.453125,Sub-Saharan Africa,9410.260488741824
ZAF,South Africa,1971,22.942143,212819.875,Sub-Saharan Africa,9276.37296132275
ZAF,South Africa,1972,23.609456,222976.140625,Sub-Saharan Africa,9444.35740599021
ZAF,South Africa,1973,24.294263,255539.453125,Sub-Saharan Africa,10518.510198271913
ZAF,South Africa,1974,24.989108,271243.03125,Sub-Saharan Africa,10854.450316914072
ZAF,South Africa,1975,25.69094,268344.9375,Sub-Saharan Africa,10445.119466239848
ZAF,South Africa,1976,26.39545,266380.375,Sub-Saharan Africa,10091.905044240579
ZAF,South Africa,1977,27.118952,266191.5,Sub-Saharan Africa,9815.700105225305
ZAF,South Africa,1978,27.869507,279305.28125,Sub-Saharan Africa,10021.89530119783
ZAF,South Africa,1979,28.634162,295091.1875,Sub-Saharan Africa,10305.563944913072
ZAF,South Africa,1980,29.518857,336537.59375,Sub-Saharan Africa,11400.766423645739
ZAF,South Africa,1981,30.541044,334262.90625,Sub-Saharan Africa,10944.71119749541
ZAF,South Africa,1982,31.615339,335672.15625,Sub-Saharan Africa,10617.382791625294
ZAF,South Africa,1983,32.739304,343391.875,Sub-Saharan Africa,10488.673644375582
ZAF,South Africa,1984,33.892788,353190.59375,Sub-Saharan Africa,10420.818545526558
ZAF,South Africa,1985,35.042093,353830.125,Sub-Saharan Africa,10097.288566638985
ZAF,South Africa,1986,36.180515,347300.8125,Sub-Saharan Africa,9599.11191148053
ZAF,South Africa,1987,37.32619,361807.75,Sub-Saharan Africa,9693.133695134704
ZAF,South Africa,1988,38.480649,370338.3125,Sub-Saharan Africa,9624.014202567114
ZAF,South Africa,1989,39.628575,377703.90625,Sub-Saharan Africa,9531.099875531734
ZAF,South Africa,1990,40.746268,375975.84375,Sub-Saharan Africa,9227.246130860378
ZAF,South Africa,1991,41.687898,386607.53125,Sub-Saharan Africa,9273.855238515505
ZAF,South Africa,1992,42.443509,395050.65625,Sub-Saharan Africa,9307.68132884583
ZAF,South Africa,1993,43.297156,420158.625,Sub-Saharan Africa,9704.069823893282
ZAF,South Africa,1994,44.004139,430402.15625,Sub-Saharan Africa,9780.947111588752
ZAF,South Africa,1995,44.541554,454868.78125,Sub-Saharan Africa,10212.234203817856
ZAF,South Africa,1996,45.123018,474412.4375,Sub-Saharan Africa,10513.756803678336
ZAF,South Africa,1997,45.666838,486267.0625,Sub-Saharan Africa,10648.143900394418
ZAF,South Africa,1998,46.22388,493396.3125,Sub-Saharan Africa,10674.056623978775
ZAF,South Africa,1999,46.730335,500694.53125,Sub-Saharan Africa,10714.550436028332
ZAF,South Africa,2000,47.159719,526985.3125,Sub-Saharan Africa,11174.47948534214
ZAF,South Africa,2001,47.5668,547091.5,Sub-Saharan Africa,11501.540990775078
ZAF,South Africa,2002,48.019415,582009.4375,Sub-Saharan Africa,12120.294208082292
ZAF,South Africa,2003,48.500348,608501.6875,Sub-Saharan Africa,12546.336523193606
ZAF,South Africa,2004,48.991421,633409.4375,Sub-Saharan Africa,12928.986842410633
ZAF,South Africa,2005,49.490033,675963.125,Sub-Saharan Africa,13658.570908611035
ZAF,South Africa,2006,49.998277,724641.375,Sub-Saharan Africa,14493.326940046354
ZAF,South Africa,2007,50.528584,768697.625,Sub-Saharan Africa,15213.124218956937
ZAF,South Africa,2008,51.114599,776172.9375,Sub-Saharan Africa,15184.956014229907
ZAF,South Africa,2009,51.728516,776473.625,Sub-Saharan Africa,15010.552883442471
ZAF,South Africa,2010,52.344051,813904.625,Sub-Saharan Africa,15549.133272088551
ZAF,South Africa,2011,52.995205,846199.0625,Sub-Saharan Africa,15967.464650811333
ZAF,South Africa,2012,53.782567,846639.625,Sub-Saharan Africa,15741.896904995256
ZAF,South Africa,2013,54.678791,849409.0,Sub-Saharan Africa,15534.5241631257
ZAF,South Africa,2014,55.594838,847867.6875,Sub-Saharan Africa,15250.834753758973
ZAF,South Africa,2015,56.723537,867253.75,Sub-Saharan Africa,15289.133856374296
ZAF,South Africa,2016,57.259551,879700.8125,Sub-Saharan Africa,15363.389987113242
ZAF,South Africa,2017,57.635162,898489.3125,Sub-Saharan Africa,15589.25630329624
ZAF,South Africa,2018,58.613001,863399.3125,Sub-Saharan Africa,14730.508552189642
ZAF,South Africa,2019,59.587885,859812.5,Sub-Saharan Africa,14429.317301662913
ZAF,South Africa,2020,60.562381,801470.9375,Sub-Saharan Africa,13233.808253014358
ZAF,South Africa,2021,61.502603,823562.625,Sub-Saharan Africa,13390.69543121614
ZAF,South Africa,2022,62.37841,823578.375,Sub-Saharan Africa,13202.93952667277
ZAF,South Africa,2023,63.212384,813955.0625,Sub-Saharan Africa,12876.512654545666
ZMB,Zambia,1955,2.91630755980574,9172.5732421875,Sub-Saharan Africa,3145.269507444715
ZMB,Zambia,1956,2.98949481154881,9743.2890625,Sub-Saharan Africa,3259.1757727293584
ZMB,Zambia,1957,3.06573155231034,8252.7568359375,Sub-Saharan Africa,2691.937208174085
ZMB,Zambia,1958,3.14501778209033,7471.9150390625,Sub-Saharan Africa,2375.794210643956
ZMB,Zambia,1959,3.22532042742649,9584.5673828125,Sub-Saharan Africa,2971.6636217940386
ZMB,Zambia,1960,3.30765590387501,10175.986328125,Sub-Saharan Africa,3076.4948422245348
ZMB,Zambia,1961,3.39202445378581,9884.7587890625,Sub-Saharan Africa,2914.1177853332406
ZMB,Zambia,1962,3.47740966160271,9640.9482421875,Sub-Saharan Africa,2772.451100208902
ZMB,Zambia,1963,3.56584411608814,10195.357421875,Sub-Saharan Africa,2859.170813406077
ZMB,Zambia,1964,3.65834471749812,11920.4853515625,Sub-Saharan Africa,3258.43688117907
ZMB,Zambia,1965,3.75491122348274,12785.6728515625,Sub-Saharan Africa,3405.0532996898883
ZMB,Zambia,1966,3.85656004959817,16050.80859375,Sub-Saharan Africa,4161.949609840095
ZMB,Zambia,1967,3.96430809610042,17712.572265625,Sub-Saharan Africa,4468.01102140582
ZMB,Zambia,1968,4.0751051469213,18600.36328125,Sub-Saharan Africa,4564.38855210948
ZMB,Zambia,1969,4.19098524492274,21544.416015625,Sub-Saharan Africa,5140.656613316749
ZMB,Zambia,1970,4.321718,17836.689453125,Sub-Saharan Africa,4127.221964303317
ZMB,Zambia,1971,4.442525,14470.7333984375,Sub-Saharan Africa,3257.321770488067
ZMB,Zambia,1972,4.569309,15717.1298828125,Sub-Saharan Africa,3439.7170081542968
ZMB,Zambia,1973,4.702693,17468.72265625,Sub-Saharan Africa,3714.621102472562
ZMB,Zambia,1974,4.842746,16724.158203125,Sub-Saharan Africa,3453.4452567045637
ZMB,Zambia,1975,4.990086,14264.240234375,Sub-Saharan Africa,2858.5159122257614
ZMB,Zambia,1976,5.143842,15451.2587890625,Sub-Saharan Africa,3003.836196574953
ZMB,Zambia,1977,5.30248,12662.58984375,Sub-Saharan Africa,2388.0504676585297
ZMB,Zambia,1978,5.465374,11359.2666015625,Sub-Saharan Africa,2078.4060892379002
ZMB,Zambia,1979,5.631728,12294.0146484375,Sub-Saharan Africa,2182.99155222651
ZMB,Zambia,1980,5.802833,11159.01171875,Sub-Saharan Africa,1923.0282378882866
ZMB,Zambia,1981,5.983289,12031.6611328125,Sub-Saharan Africa,2010.8774844090767
ZMB,Zambia,1982,6.178637,11959.48046875,Sub-Saharan Africa,1935.6179152052466
ZMB,Zambia,1983,6.381038,12523.240234375,Sub-Saharan Africa,1962.5710165610985
ZMB,Zambia,1984,6.58049,14967.9228515625,Sub-Saharan Africa,2274.590927356853
ZMB,Zambia,1985,6.780953,16727.478515625,Sub-Saharan Africa,2466.8329828602264
ZMB,Zambia,1986,6.986471,14270.0830078125,Sub-Saharan Africa,2042.530915509776
ZMB,Zambia,1987,7.191282,15392.1357421875,Sub-Saharan Africa,2140.3882843403303
ZMB,Zambia,1988,7.39144,15653.0966796875,Sub-Saharan Africa,2117.7330370925692
ZMB,Zambia,1989,7.589216,12648.6630859375,Sub-Saharan Africa,1666.66268109084
ZMB,Zambia,1990,7.786169,12640.87890625,Sub-Saharan Africa,1623.5043069640537
ZMB,Zambia,1991,7.98165,13017.1611328125,Sub-Saharan Africa,1630.8859863327132
ZMB,Zambia,1992,8.17668,11125.0595703125,Sub-Saharan Africa,1360.583949758643
ZMB,Zambia,1993,8.373921,10552.326171875,Sub-Saharan Africa,1260.141595779922
ZMB,Zambia,1994,8.576269,10158.451171875,Sub-Saharan Africa,1184.4837390099356
ZMB,Zambia,1995,8.785763,10369.8603515625,Sub-Saharan Africa,1180.3027638649598
ZMB,Zambia,1996,9.004053,11527.517578125,Sub-Saharan Africa,1280.258743270947
ZMB,Zambia,1997,9.237063,12420.1884765625,Sub-Saharan Africa,1344.6036339215723
ZMB,Zambia,1998,9.482408,12049.091796875,Sub-Saharan Africa,1270.678481338812
ZMB,Zambia,1999,9.740005,12435.7177734375,Sub-Saharan Africa,1276.7670831213638
ZMB,Zambia,2000,10.017631,14944.25,Sub-Saharan Africa,1491.794816558925
ZMB,Zambia,2001,10.325185,15801.53125,Sub-Saharan Africa,1530.3872279286038
ZMB,Zambia,2002,10.647949,16746.203125,Sub-Saharan Africa,1572.7163160717616
ZMB,Zambia,2003,10.983595,18116.375,Sub-Saharan Africa,1649.4030415360364
ZMB,Zambia,2004,11.338198,19981.798828125,Sub-Saharan Africa,1762.343436595921
ZMB,Zambia,2005,11.718819,22444.01171875,Sub-Saharan Africa,1915.2110565706323
ZMB,Zambia,2006,12.129553,27088.9140625,Sub-Saharan Africa,2233.2986271217087
ZMB,Zambia,2007,12.565085,37393.0703125,Sub-Saharan Africa,2975.950446216639
ZMB,Zambia,2008,13.021324,39346.703125,Sub-Saharan Africa,3021.712932187234
ZMB,Zambia,2009,13.490389,44958.55078125,Sub-Saharan Africa,3332.6356105261307
ZMB,Zambia,2010,13.965594,52299.1796875,Sub-Saharan Africa,3744.8589503246335
ZMB,Zambia,2011,14.437796,59211.68359375,Sub-Saharan Africa,4101.158071062231
ZMB,Zambia,2012,14.913629,56966.11328125,Sub-Saharan Africa,3819.735175204506
ZMB,Zambia,2013,15.398997,57243.27734375,Sub-Saharan Africa,3717.338041156187
ZMB,Zambia,2014,15.895315,59759.28515625,Sub-Saharan Africa,3759.553375082532
ZMB,Zambia,2015,16.399089,57457.09765625,Sub-Saharan Africa,3503.6761893450303
ZMB,Zambia,2016,16.914423,58644.16796875,Sub-Saharan Africa,3467.1101679761705
ZMB,Zambia,2017,17.44132,61213.59375,Sub-Saharan Africa,3509.688128536143
ZMB,Zambia,2018,17.973569,62073.11328125,Sub-Saharan Africa,3453.577488213387
ZMB,Zambia,2019,18.513839,61915.67578125,Sub-Saharan Africa,3344.2915746026524
ZMB,Zambia,2020,19.059395,58458.2265625,Sub-Saharan Africa,3067.1606607922236
ZMB,Zambia,2021,19.603607,63948.85546875,Sub-Saharan Africa,3262.096381994905
ZMB,Zambia,2022,20.152938,69144.015625,Sub-Saharan Africa,3430.9645385203885
ZMB,Zambia,2023,20.723965,72941.609375,Sub-Saharan Africa,3519.674414379681
