country,year,gini_disp,gini_disp_se,gini_mkt,gini_mkt_se,abs_red,abs_red_se,rel_red,rel_red_se,region,iso3,abs_red_source
Argentina,1961,36.3,2.65,37.8,3.43,1.5,,0.03968253968253969,,Latin America & Caribbean,ARG,derived
Argentina,1962,36.1,2.53,37.8,3.32,1.6999999999999957,,0.04497354497354487,,Latin America & Caribbean,ARG,derived
Argentina,1963,36.0,2.39,37.7,3.24,1.7000000000000028,,0.045092838196286546,,Latin America & Caribbean,ARG,derived
Argentina,1964,35.9,2.34,37.7,3.19,1.8000000000000043,,0.047745358090185784,,Latin America & Caribbean,ARG,derived
Argentina,1965,35.9,2.26,37.7,3.11,1.8000000000000043,,0.047745358090185784,,Latin America & Caribbean,ARG,derived
Argentina,1966,35.9,2.25,37.7,3.07,1.8000000000000043,,0.047745358090185784,,Latin America & Caribbean,ARG,derived
Argentina,1967,35.8,2.22,37.8,3.01,2.0,,0.052910052910052914,,Latin America & Caribbean,ARG,derived
Argentina,1968,35.9,2.15,37.9,2.94,2.0,,0.052770448548812667,,Latin America & Caribbean,ARG,derived
Argentina,1969,35.9,2.02,37.9,2.85,2.0,,0.052770448548812667,,Latin America & Caribbean,ARG,derived
Argentina,1970,35.9,1.83,37.9,2.72,2.0,,0.052770448548812667,,Latin America & Caribbean,ARG,derived
Argentina,1971,35.7,1.8,37.9,2.71,2.1999999999999957,,0.05804749340369382,,Latin America & Caribbean,ARG,derived
Argentina,1972,35.5,1.71,37.8,2.66,2.299999999999997,,0.060846560846560774,,Latin America & Caribbean,ARG,derived
Argentina,1973,35.4,1.64,37.8,2.64,2.3999999999999986,,0.06349206349206346,,Latin America & Caribbean,ARG,derived
Argentina,1974,35.3,1.48,37.9,2.56,2.6000000000000014,,0.0686015831134565,,Latin America & Caribbean,ARG,derived
Argentina,1975,35.7,1.57,38.2,2.6,2.5,,0.06544502617801047,,Latin America & Caribbean,ARG,derived
Argentina,1976,36.1,1.62,38.6,2.65,2.5,,0.06476683937823834,,Latin America & Caribbean,ARG,derived
Argentina,1977,36.7,1.7,39.0,2.71,2.299999999999997,,0.058974358974358904,,Latin America & Caribbean,ARG,derived
Argentina,1978,37.2,1.65,39.4,2.7,2.1999999999999957,,0.055837563451776547,,Latin America & Caribbean,ARG,derived
Argentina,1979,37.7,1.61,39.9,2.7,2.1999999999999957,,0.055137844611528715,,Latin America & Caribbean,ARG,derived
Argentina,1980,38.2,1.49,40.3,2.67,2.0999999999999943,,0.052109181141439066,,Latin America & Caribbean,ARG,derived
Argentina,1981,38.7,1.61,40.8,2.74,2.0999999999999943,,0.05147058823529398,,Latin America & Caribbean,ARG,derived
Argentina,1982,39.2,1.71,41.3,2.8,2.0999999999999943,,0.05084745762711851,,Latin America & Caribbean,ARG,derived
Argentina,1983,39.6,1.73,41.7,2.82,2.1000000000000014,,0.05035971223021586,,Latin America & Caribbean,ARG,derived
Argentina,1984,40.1,1.68,42.1,2.8,2.0,,0.047505938242280284,,Latin America & Caribbean,ARG,derived
Argentina,1985,40.5,1.55,42.6,2.75,2.1,3.2,4.9,4.2,Latin America & Caribbean,ARG,survey
Argentina,1986,41.0,1.32,43.0,2.64,2.0,3.0,4.7,4.0,Latin America & Caribbean,ARG,survey
Argentina,1987,41.6,1.25,43.5,2.61,1.9,2.9,4.4,3.9,Latin America & Caribbean,ARG,survey
Argentina,1988,42.1,1.27,44.0,2.63,1.9,2.9,4.3,3.9,Latin America & Caribbean,ARG,survey
Argentina,1989,42.5,1.33,44.4,2.65,1.9,3.0,4.3,4.0,Latin America & Caribbean,ARG,survey
Argentina,1990,42.7,1.29,44.7,2.64,2.0,2.9,4.5,3.9,Latin America & Caribbean,ARG,survey
Argentina,1991,42.8,1.2,45.0,2.57,2.2,2.8,4.9,3.8,Latin America & Caribbean,ARG,survey
Argentina,1992,42.8,1.09,45.2,2.55,2.4,2.8,5.3,3.8,Latin America & Caribbean,ARG,survey
Argentina,1993,43.0,1.13,45.5,2.56,2.5,2.8,5.5,3.8,Latin America & Caribbean,ARG,survey
Argentina,1994,43.6,1.15,46.0,2.58,2.4,2.8,5.2,3.8,Latin America & Caribbean,ARG,survey
Argentina,1995,44.3,1.16,46.5,2.6,2.2,2.8,4.7,3.8,Latin America & Caribbean,ARG,survey
Argentina,1996,44.9,1.17,47.0,2.61,2.1,2.9,4.5,3.9,Latin America & Caribbean,ARG,survey
Argentina,1997,45.5,1.15,47.5,2.61,2.0,2.9,4.2,3.9,Latin America & Caribbean,ARG,survey
Argentina,1998,46.0,1.07,47.9,2.6,1.9,2.8,4.0,3.8,Latin America & Caribbean,ARG,survey
Argentina,1999,46.4,1.12,48.2,2.62,1.8,2.8,3.7,3.8,Latin America & Caribbean,ARG,survey
Argentina,2000,46.8,1.12,48.5,2.62,1.7,2.8,3.5,3.8,Latin America & Caribbean,ARG,survey
Argentina,2001,47.2,1.11,48.7,2.61,1.5,2.8,3.1,3.8,Latin America & Caribbean,ARG,survey
Argentina,2002,47.1,1.1,48.5,2.61,1.4,2.8,2.9,3.8,Latin America & Caribbean,ARG,survey
Argentina,2003,46.5,1.1,48.0,2.6,1.5,2.8,3.1,3.8,Latin America & Caribbean,ARG,survey
Argentina,2004,45.5,1.11,47.3,2.57,1.8,2.8,3.8,3.8,Latin America & Caribbean,ARG,survey
Argentina,2005,44.5,1.1,46.5,2.53,2.0,2.8,4.3,3.8,Latin America & Caribbean,ARG,survey
Argentina,2006,43.5,1.08,45.6,2.5,2.1,2.7,4.6,3.7,Latin America & Caribbean,ARG,survey
Argentina,2007,42.4,1.1,44.7,2.48,2.3,2.7,5.1,3.7,Latin America & Caribbean,ARG,survey
Argentina,2008,41.5,1.11,44.0,2.45,2.5,2.7,5.7,3.6,Latin America & Caribbean,ARG,survey
Argentina,2009,41.0,1.07,43.4,2.4,2.4,2.6,5.5,3.5,Latin America & Caribbean,ARG,survey
Argentina,2010,40.3,1.08,42.8,2.37,2.5,2.6,5.8,3.5,Latin America & Caribbean,ARG,survey
Argentina,2011,39.6,1.07,42.2,2.31,2.6,2.5,6.2,3.4,Latin America & Caribbean,ARG,survey
Argentina,2012,39.0,1.06,41.7,2.27,2.7,2.5,6.5,3.4,Latin America & Caribbean,ARG,survey
Argentina,2013,38.6,1.08,41.2,2.31,2.6,2.6,6.3,3.5,Latin America & Caribbean,ARG,survey
Argentina,2014,38.2,1.1,40.8,2.33,2.6,2.6,6.4,3.5,Latin America & Caribbean,ARG,survey
Argentina,2015,38.0,1.17,40.6,2.35,2.6,2.6,6.4,3.5,Latin America & Caribbean,ARG,survey
Argentina,2016,37.9,1.23,40.4,2.36,2.5,2.7,6.2,3.6,Latin America & Caribbean,ARG,survey
Argentina,2017,37.9,1.13,40.3,2.32,2.4,2.6,6.0,3.5,Latin America & Caribbean,ARG,survey
Argentina,2018,38.0,1.12,40.2,2.31,2.2,2.6,5.5,3.5,Latin America & Caribbean,ARG,survey
Argentina,2019,38.1,1.14,40.1,2.33,2.0,2.6,5.0,3.5,Latin America & Caribbean,ARG,survey
Argentina,2020,38.1,1.14,40.0,2.36,1.9,2.6,4.8,3.5,Latin America & Caribbean,ARG,survey
Argentina,2021,38.0,1.13,39.9,2.38,1.9,2.6,4.8,3.5,Latin America & Caribbean,ARG,survey
Argentina,2022,37.9,1.16,39.8,2.41,1.9,2.7,4.8,3.6,Latin America & Caribbean,ARG,survey
Argentina,2023,38.1,1.24,39.9,2.49,1.8,2.8,4.5,3.7,Latin America & Caribbean,ARG,survey
Argentina,2024,38.4,1.41,40.0,2.63,1.6,3.0,4.0,4.0,Latin America & Caribbean,ARG,survey
Armenia,1988,30.0,1.79,44.0,3.12,14.0,,0.3181818181818182,,Eastern Europe & FSU,ARM,derived
Armenia,1989,30.0,1.69,44.2,2.99,14.200000000000003,,0.3212669683257919,,Eastern Europe & FSU,ARM,derived
Armenia,1990,31.0,1.71,44.9,2.92,13.899999999999999,,0.30957683741648107,,Eastern Europe & FSU,ARM,derived
Armenia,1991,32.4,1.83,45.7,2.9,13.300000000000004,,0.2910284463894968,,Eastern Europe & FSU,ARM,derived
Armenia,1992,33.7,1.91,46.6,2.87,12.899999999999999,,0.27682403433476394,,Eastern Europe & FSU,ARM,derived
Armenia,1993,35.1,1.93,47.4,2.82,12.3,3.4,25.9,4.4,Eastern Europe & FSU,ARM,survey
Armenia,1994,36.4,1.9,48.3,2.75,11.9,3.3,24.6,4.3,Eastern Europe & FSU,ARM,survey
Armenia,1995,37.8,1.81,49.1,2.67,11.3,3.2,23.0,4.2,Eastern Europe & FSU,ARM,survey
Armenia,1996,39.2,1.67,50.0,2.53,10.8,3.0,21.6,3.9,Eastern Europe & FSU,ARM,survey
Armenia,1997,39.7,1.65,50.3,2.46,10.6,3.0,21.1,3.9,Eastern Europe & FSU,ARM,survey
Armenia,1998,40.1,1.58,50.6,2.36,10.5,2.8,20.8,3.7,Eastern Europe & FSU,ARM,survey
Armenia,1999,40.4,1.45,50.8,2.28,10.4,2.7,20.5,3.5,Eastern Europe & FSU,ARM,survey
Armenia,2000,40.0,1.49,50.6,2.25,10.6,2.7,20.9,3.5,Eastern Europe & FSU,ARM,survey
Armenia,2001,39.6,1.37,50.4,2.19,10.8,2.6,21.4,3.4,Eastern Europe & FSU,ARM,survey
Armenia,2002,39.0,1.24,50.0,2.11,11.0,2.4,22.0,3.2,Eastern Europe & FSU,ARM,survey
Armenia,2003,38.8,1.23,49.8,2.06,11.0,2.4,22.1,3.2,Eastern Europe & FSU,ARM,survey
Armenia,2004,38.4,1.18,49.4,2.01,11.0,2.3,22.3,3.1,Eastern Europe & FSU,ARM,survey
Armenia,2005,37.7,1.14,48.9,1.98,11.2,2.3,22.9,3.0,Eastern Europe & FSU,ARM,survey
Armenia,2006,37.0,1.1,48.4,1.97,11.4,2.3,23.6,3.0,Eastern Europe & FSU,ARM,survey
Armenia,2007,36.6,1.08,47.9,1.94,11.3,2.2,23.6,2.9,Eastern Europe & FSU,ARM,survey
Armenia,2008,35.9,1.02,47.4,1.89,11.5,2.1,24.3,2.8,Eastern Europe & FSU,ARM,survey
Armenia,2009,35.6,1.09,47.1,1.93,11.5,2.2,24.4,2.9,Eastern Europe & FSU,ARM,survey
Armenia,2010,35.3,1.12,46.9,1.95,11.6,2.2,24.7,2.9,Eastern Europe & FSU,ARM,survey
Armenia,2011,35.0,1.09,46.7,1.95,11.7,2.2,25.1,2.9,Eastern Europe & FSU,ARM,survey
Armenia,2012,35.6,1.14,47.0,1.99,11.4,2.3,24.3,3.0,Eastern Europe & FSU,ARM,survey
Armenia,2013,36.1,1.17,47.2,2.02,11.1,2.3,23.5,3.1,Eastern Europe & FSU,ARM,survey
Armenia,2014,36.6,1.19,47.4,2.05,10.8,2.4,22.8,3.2,Eastern Europe & FSU,ARM,survey
Armenia,2015,36.8,1.2,47.5,2.07,10.7,2.4,22.5,3.2,Eastern Europe & FSU,ARM,survey
Armenia,2016,36.9,1.21,47.5,2.08,10.6,2.4,22.3,3.2,Eastern Europe & FSU,ARM,survey
Armenia,2017,36.8,1.21,47.3,2.1,10.5,2.4,22.2,3.2,Eastern Europe & FSU,ARM,survey
Armenia,2018,36.4,1.21,47.0,2.09,10.6,2.4,22.6,3.2,Eastern Europe & FSU,ARM,survey
Armenia,2019,35.5,1.23,46.5,2.12,11.0,2.5,23.7,3.3,Eastern Europe & FSU,ARM,survey
Armenia,2020,34.3,1.21,45.8,2.14,11.5,2.5,25.1,3.3,Eastern Europe & FSU,ARM,survey
Armenia,2021,34.0,1.24,45.5,2.21,11.5,2.5,25.3,3.3,Eastern Europe & FSU,ARM,survey
Armenia,2022,33.9,1.33,45.3,2.34,11.4,2.7,25.2,3.6,Eastern Europe & FSU,ARM,survey
Armenia,2023,33.9,1.56,45.2,2.5,11.3,2.9,25.0,3.8,Eastern Europe & FSU,ARM,survey
Armenia,2024,33.9,1.78,45.2,2.71,11.3,3.2,25.0,4.2,Eastern Europe & FSU,ARM,survey
Australia,1967,27.6,1.41,39.3,2.31,11.699999999999996,,0.2977099236641221,,Oceania,AUS,derived
Australia,1968,27.6,1.55,39.2,2.3,11.600000000000001,,0.29591836734693877,,Oceania,AUS,derived
Australia,1969,27.7,1.6,39.2,2.26,11.500000000000004,,0.2933673469387756,,Oceania,AUS,derived
Australia,1970,27.5,1.68,39.0,2.22,11.5,,0.2948717948717949,,Oceania,AUS,derived
Australia,1971,27.3,1.67,38.8,2.16,11.499999999999996,,0.29639175257731953,,Oceania,AUS,derived
Australia,1972,27.1,1.57,38.6,2.07,11.5,,0.2979274611398964,,Oceania,AUS,derived
Australia,1973,27.0,1.39,38.5,1.91,11.5,,0.2987012987012987,,Oceania,AUS,derived
Australia,1974,26.8,1.08,38.3,1.7,11.499999999999996,,0.30026109660574407,,Oceania,AUS,derived
Australia,1975,25.8,0.75,37.6,1.52,11.8,1.7,31.4,2.3,Oceania,AUS,survey
Australia,1976,26.1,1.2,38.1,1.65,12.0,2.0,31.5,2.6,Oceania,AUS,survey
Australia,1977,26.5,1.39,38.5,1.69,12.0,2.2,31.2,2.8,Oceania,AUS,survey
Australia,1978,26.9,1.42,38.9,1.64,12.0,2.2,30.8,2.7,Oceania,AUS,survey
Australia,1979,27.3,1.33,39.3,1.52,12.0,2.0,30.5,2.5,Oceania,AUS,survey
Australia,1980,27.7,1.08,39.8,1.25,12.1,1.7,30.4,2.1,Oceania,AUS,survey
Australia,1981,28.1,0.51,40.3,0.76,12.2,0.9,30.3,1.2,Oceania,AUS,survey
Australia,1982,28.1,0.89,40.5,1.12,12.4,1.4,30.6,1.8,Oceania,AUS,survey
Australia,1983,28.6,1.0,40.9,1.29,12.3,1.6,30.1,2.1,Oceania,AUS,survey
Australia,1984,29.1,0.76,41.3,1.21,12.2,1.4,29.5,1.9,Oceania,AUS,survey
Australia,1985,29.2,0.72,42.1,1.17,12.9,1.4,30.6,1.8,Oceania,AUS,survey
Australia,1986,29.2,0.99,42.3,1.28,13.1,1.6,31.0,2.0,Oceania,AUS,survey
Australia,1987,29.5,1.14,42.7,1.34,13.2,1.8,30.9,2.2,Oceania,AUS,survey
Australia,1988,29.8,1.06,43.1,1.2,13.3,1.6,30.9,2.0,Oceania,AUS,survey
Australia,1989,30.1,0.65,43.5,0.82,13.4,1.0,30.8,1.3,Oceania,AUS,survey
Australia,1990,29.8,0.99,43.6,1.2,13.8,1.6,31.7,2.0,Oceania,AUS,survey
Australia,1991,30.0,1.23,43.9,1.43,13.9,1.9,31.7,2.4,Oceania,AUS,survey
Australia,1992,30.1,1.27,44.3,1.5,14.2,2.0,32.1,2.5,Oceania,AUS,survey
Australia,1993,30.3,1.15,44.6,1.44,14.3,1.8,32.1,2.3,Oceania,AUS,survey
Australia,1994,30.5,0.76,45.0,1.28,14.5,1.5,32.2,2.0,Oceania,AUS,survey
Australia,1995,30.9,0.8,46.1,1.18,15.2,1.4,33.0,1.8,Oceania,AUS,survey
Australia,1996,31.0,1.2,46.5,1.44,15.5,1.9,33.3,2.4,Oceania,AUS,survey
Australia,1997,31.2,1.38,46.8,1.58,15.6,2.1,33.3,2.6,Oceania,AUS,survey
Australia,1998,31.4,1.39,47.2,1.6,15.8,2.1,33.5,2.6,Oceania,AUS,survey
Australia,1999,31.5,1.28,47.5,1.56,16.0,2.0,33.7,2.5,Oceania,AUS,survey
Australia,2000,31.7,0.99,47.8,1.41,16.1,1.7,33.7,2.2,Oceania,AUS,survey
Australia,2001,31.8,0.9,48.2,1.2,16.4,1.5,34.0,1.9,Oceania,AUS,survey
Australia,2002,31.7,0.99,48.2,1.19,16.5,1.5,34.2,1.9,Oceania,AUS,survey
Australia,2003,31.7,0.69,48.2,0.96,16.5,1.2,34.2,1.5,Oceania,AUS,survey
Australia,2004,31.7,0.66,48.2,0.96,16.5,1.2,34.2,1.5,Oceania,AUS,survey
Australia,2005,32.1,1.11,48.2,1.29,16.1,1.7,33.4,2.1,Oceania,AUS,survey
Australia,2006,32.4,1.25,48.2,1.38,15.8,1.9,32.8,2.3,Oceania,AUS,survey
Australia,2007,32.8,1.2,48.2,1.33,15.4,1.8,32.0,2.2,Oceania,AUS,survey
Australia,2008,33.1,0.94,48.2,1.13,15.1,1.5,31.3,1.9,Oceania,AUS,survey
Australia,2009,33.1,1.07,48.2,1.17,15.1,1.6,31.3,2.0,Oceania,AUS,survey
Australia,2010,33.0,0.89,48.2,0.97,15.2,1.3,31.5,1.6,Oceania,AUS,survey
Australia,2011,32.8,0.98,48.1,1.13,15.3,1.5,31.8,1.9,Oceania,AUS,survey
Australia,2012,32.5,0.64,48.0,1.0,15.5,1.2,32.3,1.6,Oceania,AUS,survey
Australia,2013,32.6,0.99,48.2,1.2,15.6,1.6,32.4,2.0,Oceania,AUS,survey
Australia,2014,32.7,0.95,48.4,1.14,15.7,1.5,32.4,1.9,Oceania,AUS,survey
Australia,2015,32.7,1.1,48.4,1.25,15.7,1.7,32.4,2.1,Oceania,AUS,survey
Australia,2016,32.7,0.98,48.3,1.17,15.6,1.5,32.3,1.9,Oceania,AUS,survey
Australia,2017,32.7,1.13,48.3,1.25,15.6,1.7,32.3,2.1,Oceania,AUS,survey
Australia,2018,32.7,1.01,48.2,1.09,15.5,1.5,32.2,1.9,Oceania,AUS,survey
Australia,2019,32.6,1.13,48.2,1.23,15.6,1.7,32.4,2.1,Oceania,AUS,survey
Australia,2020,32.6,0.95,48.1,1.11,15.5,1.5,32.2,1.9,Oceania,AUS,survey
Austria,1994,30.5,0.86,45.8,0.93,15.3,1.3,33.4,1.6,Western Europe,AUT,survey
Austria,1995,28.3,0.86,45.0,1.01,16.7,1.3,37.1,1.6,Western Europe,AUT,survey
Austria,1996,26.9,0.83,44.5,0.99,17.6,1.3,39.6,1.6,Western Europe,AUT,survey
Austria,1997,26.4,0.88,44.4,1.1,18.0,1.4,40.5,1.8,Western Europe,AUT,survey
Austria,1998,26.4,1.01,44.5,1.14,18.1,1.5,40.7,1.9,Western Europe,AUT,survey
Austria,1999,26.2,0.98,44.5,1.14,18.3,1.5,41.1,1.9,Western Europe,AUT,survey
Austria,2000,26.1,0.97,44.6,1.2,18.5,1.5,41.5,1.9,Western Europe,AUT,survey
Austria,2001,26.2,1.14,45.0,1.31,18.8,1.7,41.8,2.1,Western Europe,AUT,survey
Austria,2002,26.3,1.11,45.4,1.25,19.1,1.7,42.1,2.1,Western Europe,AUT,survey
Austria,2003,26.5,0.8,45.8,0.99,19.3,1.3,42.1,1.6,Western Europe,AUT,survey
Austria,2004,26.6,0.78,46.3,0.91,19.7,1.2,42.5,1.5,Western Europe,AUT,survey
Austria,2005,26.5,0.73,46.9,0.91,20.4,1.2,43.5,1.5,Western Europe,AUT,survey
Austria,2006,27.1,0.77,47.8,0.93,20.7,1.2,43.3,1.5,Western Europe,AUT,survey
Austria,2007,27.8,0.8,48.4,0.96,20.6,1.2,42.6,1.5,Western Europe,AUT,survey
Austria,2008,28.1,0.79,49.0,0.96,20.9,1.2,42.7,1.5,Western Europe,AUT,survey
Austria,2009,28.4,0.76,49.6,0.97,21.2,1.2,42.7,1.5,Western Europe,AUT,survey
Austria,2010,28.1,0.74,49.8,0.94,21.7,1.2,43.6,1.5,Western Europe,AUT,survey
Austria,2011,28.1,0.78,49.8,0.97,21.7,1.2,43.6,1.5,Western Europe,AUT,survey
Austria,2012,27.9,0.8,49.9,0.98,22.0,1.3,44.1,1.6,Western Europe,AUT,survey
Austria,2013,27.9,0.85,49.9,0.97,22.0,1.3,44.1,1.6,Western Europe,AUT,survey
Austria,2014,27.8,0.9,49.9,1.0,22.1,1.3,44.3,1.6,Western Europe,AUT,survey
Austria,2015,27.8,0.91,49.9,0.99,22.1,1.3,44.3,1.6,Western Europe,AUT,survey
Austria,2016,27.9,0.9,49.9,1.04,22.0,1.4,44.1,1.7,Western Europe,AUT,survey
Austria,2017,27.8,0.84,49.7,1.02,21.9,1.3,44.1,1.7,Western Europe,AUT,survey
Austria,2018,27.8,0.89,49.7,1.04,21.9,1.4,44.1,1.7,Western Europe,AUT,survey
Austria,2019,27.6,0.85,49.6,1.07,22.0,1.4,44.4,1.8,Western Europe,AUT,survey
Austria,2020,27.6,0.84,49.7,1.02,22.1,1.3,44.5,1.7,Western Europe,AUT,survey
Austria,2021,27.9,0.93,49.6,1.04,21.7,1.4,43.8,1.7,Western Europe,AUT,survey
Austria,2022,28.1,0.96,49.5,1.07,21.4,1.4,43.2,1.8,Western Europe,AUT,survey
Austria,2023,28.2,1.19,49.4,1.27,21.2,1.7,42.9,2.1,Western Europe,AUT,survey
Bangladesh,1964,28.1,2.34,34.8,2.74,6.699999999999996,,0.1925287356321838,,South Asia,BGD,derived
Bangladesh,1965,28.0,2.24,34.7,2.62,6.700000000000003,,0.19308357348703176,,South Asia,BGD,derived
Bangladesh,1966,27.9,2.14,34.7,2.45,6.800000000000004,,0.19596541786743527,,South Asia,BGD,derived
Bangladesh,1967,27.8,1.99,34.7,2.29,6.900000000000002,,0.19884726224783866,,South Asia,BGD,derived
Bangladesh,1968,27.6,2.04,34.6,2.27,7.0,,0.20231213872832368,,South Asia,BGD,derived
Bangladesh,1969,27.5,2.05,34.6,2.23,7.100000000000001,,0.20520231213872836,,South Asia,BGD,derived
Bangladesh,1970,27.7,2.12,34.8,2.22,7.099999999999998,,0.20402298850574707,,South Asia,BGD,derived
Bangladesh,1971,27.9,2.11,34.9,2.18,7.0,,0.2005730659025788,,South Asia,BGD,derived
Bangladesh,1972,28.2,2.05,35.1,2.1,6.900000000000002,,0.19658119658119663,,South Asia,BGD,derived
Bangladesh,1973,28.4,1.93,35.2,1.99,6.800000000000004,,0.1931818181818183,,South Asia,BGD,derived
Bangladesh,1974,28.6,1.75,35.4,1.81,6.799999999999997,,0.1920903954802259,,South Asia,BGD,derived
Bangladesh,1975,28.9,1.9,35.7,1.91,6.800000000000004,,0.19047619047619058,,South Asia,BGD,derived
Bangladesh,1976,29.3,1.95,36.1,1.94,6.800000000000001,,0.1883656509695291,,South Asia,BGD,derived
Bangladesh,1977,29.6,1.93,36.4,1.92,6.799999999999997,,0.18681318681318673,,South Asia,BGD,derived
Bangladesh,1978,29.4,1.97,36.3,1.93,6.899999999999999,,0.19008264462809915,,South Asia,BGD,derived
Bangladesh,1979,29.2,1.99,36.2,1.95,7.0000000000000036,,0.19337016574585644,,South Asia,BGD,derived
Bangladesh,1980,29.2,2.02,36.1,1.96,6.900000000000002,,0.19113573407202222,,South Asia,BGD,derived
Bangladesh,1981,29.1,1.98,35.9,1.93,6.799999999999997,,0.18941504178272972,,South Asia,BGD,derived
Bangladesh,1982,29.1,1.86,35.8,1.83,6.699999999999996,,0.1871508379888267,,South Asia,BGD,derived
Bangladesh,1983,28.9,1.82,35.5,1.79,6.600000000000001,,0.1859154929577465,,South Asia,BGD,derived
Bangladesh,1984,28.9,1.8,35.4,1.8,6.5,,0.18361581920903955,,South Asia,BGD,derived
Bangladesh,1985,29.0,1.84,35.3,1.82,6.299999999999997,,0.178470254957507,,South Asia,BGD,derived
Bangladesh,1986,29.2,1.83,35.4,1.84,6.199999999999999,,0.1751412429378531,,South Asia,BGD,derived
Bangladesh,1987,29.4,1.91,35.5,1.92,6.100000000000001,,0.171830985915493,,South Asia,BGD,derived
Bangladesh,1988,29.7,1.92,35.5,1.92,5.800000000000001,,0.16338028169014088,,South Asia,BGD,derived
Bangladesh,1989,29.9,1.9,35.8,1.94,5.899999999999999,,0.16480446927374298,,South Asia,BGD,derived
Bangladesh,1990,30.2,1.96,35.8,2.0,5.599999999999998,,0.15642458100558654,,South Asia,BGD,derived
Bangladesh,1991,30.5,1.96,35.9,2.02,5.399999999999999,,0.15041782729805012,,South Asia,BGD,derived
Bangladesh,1992,30.9,1.99,36.2,2.06,5.300000000000004,,0.14640883977900562,,South Asia,BGD,derived
Bangladesh,1993,31.3,2.02,36.5,2.11,5.199999999999999,,0.1424657534246575,,South Asia,BGD,derived
Bangladesh,1994,31.7,2.01,36.8,2.09,5.099999999999998,,0.13858695652173908,,South Asia,BGD,derived
Bangladesh,1995,32.2,1.94,37.1,2.04,4.899999999999999,,0.13207547169811315,,South Asia,BGD,derived
Bangladesh,1996,32.6,1.89,37.4,1.97,4.799999999999997,,0.12834224598930474,,South Asia,BGD,derived
Bangladesh,1997,32.8,1.98,37.5,2.06,4.700000000000003,,0.1253333333333334,,South Asia,BGD,derived
Bangladesh,1998,33.0,2.0,37.6,2.07,4.600000000000001,,0.12234042553191493,,South Asia,BGD,derived
Bangladesh,1999,33.3,1.96,37.8,2.04,4.5,,0.11904761904761905,,South Asia,BGD,derived
Bangladesh,2000,33.5,1.86,37.9,1.96,4.399999999999999,,0.11609498680738783,,South Asia,BGD,derived
Bangladesh,2001,33.6,2.01,37.9,2.1,4.299999999999997,,0.11345646437994716,,South Asia,BGD,derived
Bangladesh,2002,33.7,2.1,38.0,2.18,4.299999999999997,,0.11315789473684203,,South Asia,BGD,derived
Bangladesh,2003,33.8,2.15,38.1,2.25,4.300000000000004,,0.11286089238845155,,South Asia,BGD,derived
Bangladesh,2004,34.0,2.17,38.1,2.28,4.100000000000001,,0.10761154855643049,,South Asia,BGD,derived
Bangladesh,2005,34.1,2.15,38.2,2.27,4.100000000000001,,0.1073298429319372,,South Asia,BGD,derived
Bangladesh,2006,34.1,2.24,38.1,2.34,4.0,,0.10498687664041995,,South Asia,BGD,derived
Bangladesh,2007,34.1,2.28,38.0,2.4,3.8999999999999986,,0.10263157894736838,,South Asia,BGD,derived
Bangladesh,2008,34.1,2.3,37.9,2.42,3.799999999999997,,0.10026385224274399,,South Asia,BGD,derived
Bangladesh,2009,34.1,2.28,37.8,2.44,3.6999999999999957,,0.09788359788359778,,South Asia,BGD,derived
Bangladesh,2010,34.1,2.22,37.7,2.41,3.6000000000000014,,0.09549071618037139,,South Asia,BGD,derived
Bangladesh,2011,34.1,2.35,37.5,2.53,3.3999999999999986,,0.09066666666666663,,South Asia,BGD,derived
Bangladesh,2012,34.0,2.45,37.4,2.67,3.3999999999999986,,0.09090909090909087,,South Asia,BGD,derived
Bangladesh,2013,34.0,2.55,37.2,2.77,3.200000000000003,,0.08602150537634416,,South Asia,BGD,derived
Bangladesh,2014,33.9,2.65,37.1,2.85,3.200000000000003,,0.08625336927223727,,South Asia,BGD,derived
Bangladesh,2015,33.9,2.7,36.9,2.91,3.0,,0.08130081300813008,,South Asia,BGD,derived
Bangladesh,2016,33.8,2.74,36.8,2.96,3.0,,0.08152173913043478,,South Asia,BGD,derived
Bangladesh,2017,33.8,2.88,36.7,3.09,2.9000000000000057,,0.07901907356948244,,South Asia,BGD,derived
Bangladesh,2018,33.7,2.97,36.6,3.21,2.8999999999999986,,0.07923497267759559,,South Asia,BGD,derived
Bangladesh,2019,33.7,3.1,36.5,3.31,2.799999999999997,,0.07671232876712321,,South Asia,BGD,derived
Bangladesh,2020,33.6,3.17,36.4,3.39,2.799999999999997,,0.07692307692307684,,South Asia,BGD,derived
Bangladesh,2021,33.5,3.24,36.3,3.49,2.799999999999997,,0.07713498622589525,,South Asia,BGD,derived
Bangladesh,2022,33.5,3.3,36.3,3.55,2.799999999999997,,0.07713498622589525,,South Asia,BGD,derived
Barbados,1979,45.1,3.16,48.1,4.24,3.0,,0.06237006237006237,,Latin America & Caribbean,BRB,derived
Barbados,1980,45.1,3.25,48.1,4.26,3.0,,0.06237006237006237,,Latin America & Caribbean,BRB,derived
Barbados,1981,45.1,3.34,48.1,4.3,3.0,,0.06237006237006237,,Latin America & Caribbean,BRB,derived
Barbados,1982,45.1,3.4,48.1,4.33,3.0,,0.06237006237006237,,Latin America & Caribbean,BRB,derived
Barbados,1983,45.1,3.44,48.0,4.39,2.8999999999999986,,0.06041666666666664,,Latin America & Caribbean,BRB,derived
Barbados,1984,45.1,3.49,48.0,4.4,2.8999999999999986,,0.06041666666666664,,Latin America & Caribbean,BRB,derived
Barbados,1985,45.1,3.52,48.0,4.42,2.8999999999999986,,0.06041666666666664,,Latin America & Caribbean,BRB,derived
Barbados,1986,45.1,3.53,48.0,4.43,2.8999999999999986,,0.06041666666666664,,Latin America & Caribbean,BRB,derived
Barbados,1987,45.1,3.57,48.0,4.47,2.8999999999999986,,0.06041666666666664,,Latin America & Caribbean,BRB,derived
Barbados,1988,45.0,3.57,47.9,4.49,2.8999999999999986,,0.06054279749478077,,Latin America & Caribbean,BRB,derived
Barbados,1989,45.0,3.58,47.9,4.5,2.8999999999999986,,0.06054279749478077,,Latin America & Caribbean,BRB,derived
Barbados,1990,45.0,3.58,47.9,4.48,2.8999999999999986,,0.06054279749478077,,Latin America & Caribbean,BRB,derived
Barbados,1991,45.0,3.58,47.8,4.48,2.799999999999997,,0.05857740585774053,,Latin America & Caribbean,BRB,derived
Barbados,1992,45.0,3.54,47.8,4.43,2.799999999999997,,0.05857740585774053,,Latin America & Caribbean,BRB,derived
Barbados,1993,44.9,3.49,47.8,4.43,2.8999999999999986,,0.06066945606694558,,Latin America & Caribbean,BRB,derived
Barbados,1994,44.9,3.47,47.8,4.4,2.8999999999999986,,0.06066945606694558,,Latin America & Caribbean,BRB,derived
Barbados,1995,44.9,3.45,47.8,4.35,2.8999999999999986,,0.06066945606694558,,Latin America & Caribbean,BRB,derived
Barbados,1996,44.9,3.42,47.7,4.31,2.8000000000000043,,0.058700209643605956,,Latin America & Caribbean,BRB,derived
Barbados,1997,44.8,3.37,47.7,4.26,2.9000000000000057,,0.060796645702306196,,Latin America & Caribbean,BRB,derived
Barbados,1998,44.8,3.4,47.6,4.27,2.8000000000000043,,0.058823529411764795,,Latin America & Caribbean,BRB,derived
Barbados,1999,44.8,3.39,47.6,4.27,2.8000000000000043,,0.058823529411764795,,Latin America & Caribbean,BRB,derived
Barbados,2000,44.7,3.39,47.6,4.28,2.8999999999999986,,0.06092436974789913,,Latin America & Caribbean,BRB,derived
Barbados,2001,44.7,3.39,47.6,4.27,2.8999999999999986,,0.06092436974789913,,Latin America & Caribbean,BRB,derived
Barbados,2002,44.7,3.41,47.5,4.25,2.799999999999997,,0.058947368421052575,,Latin America & Caribbean,BRB,derived
Barbados,2003,44.6,3.41,47.5,4.22,2.8999999999999986,,0.06105263157894734,,Latin America & Caribbean,BRB,derived
Barbados,2004,44.6,3.4,47.4,4.19,2.799999999999997,,0.05907172995780585,,Latin America & Caribbean,BRB,derived
Barbados,2005,44.6,3.36,47.4,4.18,2.799999999999997,,0.05907172995780585,,Latin America & Caribbean,BRB,derived
Barbados,2006,44.6,3.32,47.4,4.15,2.799999999999997,,0.05907172995780585,,Latin America & Caribbean,BRB,derived
Barbados,2007,44.5,3.28,47.3,4.1,2.799999999999997,,0.05919661733615216,,Latin America & Caribbean,BRB,derived
Barbados,2008,44.5,3.24,47.3,4.06,2.799999999999997,,0.05919661733615216,,Latin America & Caribbean,BRB,derived
Barbados,2009,44.5,3.17,47.3,4.01,2.799999999999997,,0.05919661733615216,,Latin America & Caribbean,BRB,derived
Barbados,2010,44.4,3.1,47.3,3.97,2.8999999999999986,,0.06131078224101477,,Latin America & Caribbean,BRB,derived
Barbados,2011,44.1,3.18,47.1,4.02,3.0,,0.06369426751592357,,Latin America & Caribbean,BRB,derived
Barbados,2012,43.8,3.25,46.9,4.07,3.1000000000000014,,0.06609808102345419,,Latin America & Caribbean,BRB,derived
Barbados,2013,43.5,3.28,46.7,4.11,3.200000000000003,,0.06852248394004289,,Latin America & Caribbean,BRB,derived
Barbados,2014,43.2,3.3,46.5,4.13,3.299999999999997,,0.07096774193548382,,Latin America & Caribbean,BRB,derived
Barbados,2015,42.9,3.3,46.3,4.16,3.3999999999999986,,0.07343412526997838,,Latin America & Caribbean,BRB,derived
Barbados,2016,42.6,3.32,46.0,4.19,3.3999999999999986,,0.07391304347826085,,Latin America & Caribbean,BRB,derived
Barbados,2017,42.4,3.41,45.9,4.27,3.5,,0.07625272331154684,,Latin America & Caribbean,BRB,derived
Belarus,1988,21.8,1.41,30.6,2.42,8.8,,0.28758169934640526,,Eastern Europe & FSU,BLR,derived
Belarus,1989,21.7,1.37,30.7,2.35,9.0,,0.2931596091205212,,Eastern Europe & FSU,BLR,derived
Belarus,1990,21.7,1.41,30.8,2.29,9.100000000000001,,0.29545454545454547,,Eastern Europe & FSU,BLR,derived
Belarus,1991,21.9,1.49,31.0,2.24,9.100000000000001,,0.2935483870967742,,Eastern Europe & FSU,BLR,derived
Belarus,1992,22.0,1.48,31.2,2.16,9.2,,0.2948717948717949,,Eastern Europe & FSU,BLR,derived
Belarus,1993,22.2,1.35,31.4,2.04,9.2,,0.2929936305732484,,Eastern Europe & FSU,BLR,derived
Belarus,1994,23.0,1.29,31.8,1.94,8.8,,0.27672955974842767,,Eastern Europe & FSU,BLR,derived
Belarus,1995,23.9,1.05,32.1,1.78,8.200000000000003,,0.2554517133956387,,Eastern Europe & FSU,BLR,derived
Belarus,1996,24.1,1.04,32.4,1.7,8.299999999999997,,0.25617283950617276,,Eastern Europe & FSU,BLR,derived
Belarus,1997,24.5,1.0,32.8,1.62,8.299999999999997,,0.2530487804878048,,Eastern Europe & FSU,BLR,derived
Belarus,1998,25.2,0.93,33.3,1.53,8.099999999999998,,0.2432432432432432,,Eastern Europe & FSU,BLR,derived
Belarus,1999,25.4,0.91,33.5,1.49,8.100000000000001,,0.24179104477611946,,Eastern Europe & FSU,BLR,derived
Belarus,2000,25.5,0.9,33.6,1.45,8.100000000000001,,0.2410714285714286,,Eastern Europe & FSU,BLR,derived
Belarus,2001,25.4,0.87,33.7,1.43,8.300000000000004,,0.24629080118694371,,Eastern Europe & FSU,BLR,derived
Belarus,2002,25.2,0.89,33.6,1.43,8.400000000000002,,0.25000000000000006,,Eastern Europe & FSU,BLR,derived
Belarus,2003,24.8,0.94,33.4,1.48,8.599999999999998,,0.2574850299401197,,Eastern Europe & FSU,BLR,derived
Belarus,2004,24.5,0.94,33.3,1.53,8.799999999999997,,0.2642642642642642,,Eastern Europe & FSU,BLR,derived
Belarus,2005,24.6,0.95,33.3,1.56,8.699999999999996,,0.26126126126126115,,Eastern Europe & FSU,BLR,derived
Belarus,2006,25.0,0.99,33.5,1.58,8.5,,0.2537313432835821,,Eastern Europe & FSU,BLR,derived
Belarus,2007,25.3,1.04,33.6,1.62,8.3,,0.24702380952380953,,Eastern Europe & FSU,BLR,derived
Belarus,2008,25.3,1.01,33.6,1.6,8.3,,0.24702380952380953,,Eastern Europe & FSU,BLR,derived
Belarus,2009,25.3,1.05,33.6,1.62,8.3,,0.24702380952380953,,Eastern Europe & FSU,BLR,derived
Belarus,2010,25.4,1.04,33.7,1.65,8.300000000000004,,0.24629080118694371,,Eastern Europe & FSU,BLR,derived
Belarus,2011,25.4,1.07,33.7,1.66,8.300000000000004,,0.24629080118694371,,Eastern Europe & FSU,BLR,derived
Belarus,2012,25.4,1.08,33.6,1.68,8.200000000000003,,0.24404761904761912,,Eastern Europe & FSU,BLR,derived
Belarus,2013,25.3,1.08,33.6,1.68,8.3,,0.24702380952380953,,Eastern Europe & FSU,BLR,derived
Belarus,2014,25.1,1.06,33.5,1.7,8.399999999999999,,0.2507462686567164,,Eastern Europe & FSU,BLR,derived
Belarus,2015,24.9,1.05,33.4,1.71,8.5,,0.25449101796407186,,Eastern Europe & FSU,BLR,derived
Belarus,2016,24.7,1.03,33.3,1.74,8.599999999999998,,0.2582582582582582,,Eastern Europe & FSU,BLR,derived
Belarus,2017,24.6,1.04,33.2,1.76,8.600000000000001,,0.25903614457831325,,Eastern Europe & FSU,BLR,derived
Belarus,2018,24.5,1.06,33.1,1.81,8.600000000000001,,0.25981873111782483,,Eastern Europe & FSU,BLR,derived
Belarus,2019,24.5,1.07,33.1,1.86,8.600000000000001,,0.25981873111782483,,Eastern Europe & FSU,BLR,derived
Belarus,2020,24.5,1.11,33.1,1.94,8.600000000000001,,0.25981873111782483,,Eastern Europe & FSU,BLR,derived
Belarus,2021,24.9,1.22,33.2,2.1,8.300000000000004,,0.2500000000000001,,Eastern Europe & FSU,BLR,derived
Belarus,2022,25.0,1.33,33.2,2.25,8.200000000000003,,0.246987951807229,,Eastern Europe & FSU,BLR,derived
Belarus,2023,25.2,1.45,33.3,2.41,8.099999999999998,,0.2432432432432432,,Eastern Europe & FSU,BLR,derived
Belarus,2024,25.3,1.65,33.3,2.57,7.9999999999999964,,0.24024024024024015,,Eastern Europe & FSU,BLR,derived
Belgium,1974,39.9,1.16,48.9,0.94,9.0,,0.18404907975460122,,Western Europe,BEL,derived
Belgium,1975,37.5,1.45,48.2,1.34,10.7,2.0,22.2,2.4,Western Europe,BEL,survey
Belgium,1976,35.1,1.59,47.4,1.61,12.3,2.3,25.9,2.8,Western Europe,BEL,survey
Belgium,1977,32.7,1.66,46.7,1.76,14.0,2.4,30.0,3.0,Western Europe,BEL,survey
Belgium,1978,30.3,1.65,46.0,1.84,15.7,2.5,34.1,3.1,Western Europe,BEL,survey
Belgium,1979,27.8,1.56,45.3,1.86,17.5,2.4,38.6,3.0,Western Europe,BEL,survey
Belgium,1980,27.1,1.68,44.8,1.91,17.7,2.5,39.5,3.1,Western Europe,BEL,survey
Belgium,1981,26.3,1.69,44.4,1.89,18.1,2.5,40.8,3.1,Western Europe,BEL,survey
Belgium,1982,25.5,1.61,44.0,1.82,18.5,2.4,42.0,3.0,Western Europe,BEL,survey
Belgium,1983,24.8,1.46,43.6,1.66,18.8,2.2,43.1,2.8,Western Europe,BEL,survey
Belgium,1984,24.0,1.19,43.1,1.45,19.1,1.9,44.3,2.4,Western Europe,BEL,survey
Belgium,1985,23.2,0.69,42.7,1.09,19.5,1.3,45.7,1.7,Western Europe,BEL,survey
Belgium,1986,23.3,1.07,42.9,1.33,19.6,1.7,45.7,2.2,Western Europe,BEL,survey
Belgium,1987,23.3,1.13,43.2,1.39,19.9,1.8,46.1,2.3,Western Europe,BEL,survey
Belgium,1988,23.4,0.96,43.4,1.33,20.0,1.6,46.1,2.1,Western Europe,BEL,survey
Belgium,1989,23.4,1.22,43.9,1.49,20.5,1.9,46.7,2.4,Western Europe,BEL,survey
Belgium,1990,23.4,1.29,44.5,1.53,21.1,2.0,47.4,2.5,Western Europe,BEL,survey
Belgium,1991,23.4,1.16,45.0,1.46,21.6,1.9,48.0,2.4,Western Europe,BEL,survey
Belgium,1992,23.4,0.8,45.6,1.26,22.2,1.5,48.7,2.0,Western Europe,BEL,survey
Belgium,1993,24.0,1.15,46.1,1.44,22.1,1.8,47.9,2.3,Western Europe,BEL,survey
Belgium,1994,24.6,1.24,46.6,1.48,22.0,1.9,47.2,2.4,Western Europe,BEL,survey
Belgium,1995,25.2,1.12,47.1,1.39,21.9,1.8,46.5,2.3,Western Europe,BEL,survey
Belgium,1996,25.3,1.16,47.4,1.41,22.1,1.8,46.6,2.3,Western Europe,BEL,survey
Belgium,1997,25.3,0.95,47.8,1.27,22.5,1.6,47.1,2.0,Western Europe,BEL,survey
Belgium,1998,25.5,1.28,47.9,1.49,22.4,2.0,46.8,2.5,Western Europe,BEL,survey
Belgium,1999,25.7,1.46,48.1,1.62,22.4,2.2,46.6,2.7,Western Europe,BEL,survey
Belgium,2000,25.9,1.5,48.2,1.65,22.3,2.2,46.3,2.8,Western Europe,BEL,survey
Belgium,2001,26.0,1.43,48.3,1.59,22.3,2.1,46.2,2.6,Western Europe,BEL,survey
Belgium,2002,26.2,1.24,48.4,1.41,22.2,1.9,45.9,2.4,Western Europe,BEL,survey
Belgium,2003,26.3,0.83,48.5,1.11,22.2,1.4,45.8,1.8,Western Europe,BEL,survey
Belgium,2004,26.7,0.92,48.6,1.01,21.9,1.4,45.1,1.7,Western Europe,BEL,survey
Belgium,2005,26.9,0.82,48.4,0.93,21.5,1.2,44.4,1.5,Western Europe,BEL,survey
Belgium,2006,27.0,0.8,48.3,0.92,21.3,1.2,44.1,1.5,Western Europe,BEL,survey
Belgium,2007,26.9,0.86,48.2,0.95,21.3,1.3,44.2,1.6,Western Europe,BEL,survey
Belgium,2008,26.6,0.74,48.0,0.93,21.4,1.2,44.6,1.5,Western Europe,BEL,survey
Belgium,2009,26.6,0.71,48.2,0.94,21.6,1.2,44.8,1.5,Western Europe,BEL,survey
Belgium,2010,26.5,0.7,48.5,0.95,22.0,1.2,45.4,1.5,Western Europe,BEL,survey
Belgium,2011,26.7,0.74,48.8,0.95,22.1,1.2,45.3,1.5,Western Europe,BEL,survey
Belgium,2012,26.6,0.76,49.0,0.98,22.4,1.2,45.7,1.5,Western Europe,BEL,survey
Belgium,2013,26.4,0.74,49.3,0.97,22.9,1.2,46.5,1.5,Western Europe,BEL,survey
Belgium,2014,26.3,0.69,49.5,0.95,23.2,1.2,46.9,1.5,Western Europe,BEL,survey
Belgium,2015,26.4,0.73,49.5,0.96,23.1,1.2,46.7,1.5,Western Europe,BEL,survey
Belgium,2016,26.3,0.76,49.5,0.93,23.2,1.2,46.9,1.5,Western Europe,BEL,survey
Belgium,2017,26.1,0.74,49.2,0.92,23.1,1.2,47.0,1.5,Western Europe,BEL,survey
Belgium,2018,25.9,0.73,49.2,0.89,23.3,1.2,47.4,1.5,Western Europe,BEL,survey
Belgium,2019,25.8,0.69,49.1,0.89,23.3,1.1,47.5,1.4,Western Europe,BEL,survey
Belgium,2020,25.3,0.73,49.0,0.93,23.7,1.2,48.4,1.5,Western Europe,BEL,survey
Belgium,2021,25.3,0.78,48.6,1.01,23.3,1.3,47.9,1.6,Western Europe,BEL,survey
Belgium,2022,25.1,0.84,48.3,1.27,23.2,1.5,48.0,2.0,Western Europe,BEL,survey
Belgium,2023,25.2,0.97,48.1,1.54,22.9,1.8,47.6,2.4,Western Europe,BEL,survey
Bolivia,1992,48.7,1.72,47.5,2.77,-1.2,3.3,-2.5,4.3,Latin America & Caribbean,BOL,survey
Bolivia,1993,49.4,1.65,47.9,2.7,-1.5,3.2,-3.1,4.2,Latin America & Caribbean,BOL,survey
Bolivia,1994,50.2,1.68,48.4,2.66,-1.8,3.1,-3.7,4.1,Latin America & Caribbean,BOL,survey
Bolivia,1995,50.9,1.64,48.9,2.6,-2.0,3.1,-4.1,4.0,Latin America & Caribbean,BOL,survey
Bolivia,1996,51.6,1.51,49.5,2.52,-2.1,2.9,-4.2,3.8,Latin America & Caribbean,BOL,survey
Bolivia,1997,52.3,1.28,50.0,2.4,-2.3,2.7,-4.6,3.6,Latin America & Caribbean,BOL,survey
Bolivia,1998,53.1,1.35,50.5,2.4,-2.6,2.8,-5.1,3.7,Latin America & Caribbean,BOL,survey
Bolivia,1999,53.8,1.27,50.9,2.35,-2.9,2.7,-5.7,3.6,Latin America & Caribbean,BOL,survey
Bolivia,2000,54.5,1.23,51.3,2.32,-3.2,2.6,-6.2,3.5,Latin America & Caribbean,BOL,survey
Bolivia,2001,54.3,1.23,51.3,2.31,-3.0,2.6,-5.8,3.5,Latin America & Caribbean,BOL,survey
Bolivia,2002,54.2,1.28,51.1,2.3,-3.1,2.6,-6.1,3.5,Latin America & Caribbean,BOL,survey
Bolivia,2003,53.6,1.38,50.6,2.34,-3.0,2.7,-5.9,3.6,Latin America & Caribbean,BOL,survey
Bolivia,2004,53.1,1.33,50.2,2.29,-2.9,2.6,-5.8,3.5,Latin America & Caribbean,BOL,survey
Bolivia,2005,52.7,1.21,49.8,2.22,-2.9,2.5,-5.8,3.3,Latin America & Caribbean,BOL,survey
Bolivia,2006,51.7,1.15,49.0,2.18,-2.7,2.5,-5.5,3.3,Latin America & Caribbean,BOL,survey
Bolivia,2007,50.3,1.11,47.9,2.12,-2.4,2.4,-5.0,3.2,Latin America & Caribbean,BOL,survey
Bolivia,2008,48.6,1.1,46.6,2.08,-2.0,2.4,-4.3,3.2,Latin America & Caribbean,BOL,survey
Bolivia,2009,47.1,1.12,45.4,2.04,-1.7,2.3,-3.7,3.1,Latin America & Caribbean,BOL,survey
Bolivia,2010,46.0,1.23,44.5,2.07,-1.5,2.4,-3.4,3.2,Latin America & Caribbean,BOL,survey
Bolivia,2011,44.9,1.12,43.5,2.02,-1.4,2.3,-3.2,3.1,Latin America & Caribbean,BOL,survey
Bolivia,2012,44.4,1.09,42.9,1.96,-1.5,2.2,-3.5,2.9,Latin America & Caribbean,BOL,survey
Bolivia,2013,44.1,1.07,42.4,1.95,-1.7,2.2,-4.0,2.9,Latin America & Caribbean,BOL,survey
Bolivia,2014,43.7,1.09,41.9,1.92,-1.8,2.2,-4.3,2.9,Latin America & Caribbean,BOL,survey
Bolivia,2015,43.0,1.06,41.2,1.88,-1.8,2.2,-4.4,2.9,Latin America & Caribbean,BOL,survey
Bolivia,2016,42.2,1.08,40.6,1.85,-1.6,2.1,-3.9,2.8,Latin America & Caribbean,BOL,survey
Bolivia,2017,41.5,1.06,39.9,1.86,-1.6,2.1,-4.0,2.8,Latin America & Caribbean,BOL,survey
Bolivia,2018,40.5,1.06,39.2,1.85,-1.3,2.1,-3.3,2.8,Latin America & Caribbean,BOL,survey
Bolivia,2019,39.9,1.05,38.6,1.84,-1.3,2.1,-3.4,2.8,Latin America & Caribbean,BOL,survey
Bolivia,2020,39.7,1.05,38.3,1.86,-1.4,2.1,-3.7,2.8,Latin America & Caribbean,BOL,survey
Bolivia,2021,39.1,1.07,37.9,1.88,-1.2,2.2,-3.2,2.9,Latin America & Caribbean,BOL,survey
Bolivia,2022,39.0,1.11,37.7,1.94,-1.3,2.2,-3.4,2.9,Latin America & Caribbean,BOL,survey
Bolivia,2023,39.0,1.26,37.6,2.04,-1.4,2.4,-3.7,3.1,Latin America & Caribbean,BOL,survey
Bolivia,2024,38.9,1.58,37.6,2.26,-1.3,2.8,-3.5,3.6,Latin America & Caribbean,BOL,survey
Botswana,1985,55.7,3.5,58.8,3.31,3.0999999999999943,,0.052721088435374056,,Sub-Saharan Africa,BWA,derived
Botswana,1986,55.8,3.37,59.0,3.19,3.200000000000003,,0.05423728813559327,,Sub-Saharan Africa,BWA,derived
Botswana,1987,55.9,3.4,59.1,3.21,3.200000000000003,,0.05414551607445013,,Sub-Saharan Africa,BWA,derived
Botswana,1988,56.0,3.39,59.2,3.17,3.200000000000003,,0.0540540540540541,,Sub-Saharan Africa,BWA,derived
Botswana,1989,56.1,3.36,59.3,3.12,3.1999999999999957,,0.05396290050590212,,Sub-Saharan Africa,BWA,derived
Botswana,1990,56.2,3.34,59.5,3.07,3.299999999999997,,0.055462184873949535,,Sub-Saharan Africa,BWA,derived
Botswana,1991,56.3,3.3,59.6,3.02,3.3000000000000043,,0.055369127516778596,,Sub-Saharan Africa,BWA,derived
Botswana,1992,56.4,3.23,59.7,2.93,3.3000000000000043,,0.055276381909547805,,Sub-Saharan Africa,BWA,derived
Botswana,1993,56.5,3.15,59.8,2.85,3.299999999999997,,0.05518394648829427,,Sub-Saharan Africa,BWA,derived
Botswana,1994,56.5,3.1,59.8,2.78,3.299999999999997,,0.05518394648829427,,Sub-Saharan Africa,BWA,derived
Botswana,1995,56.6,3.13,60.0,2.81,3.3999999999999986,,0.05666666666666664,,Sub-Saharan Africa,BWA,derived
Botswana,1996,56.8,3.16,60.2,2.82,3.4000000000000057,,0.05647840531561471,,Sub-Saharan Africa,BWA,derived
Botswana,1997,56.9,3.16,60.3,2.82,3.3999999999999986,,0.05638474295190711,,Sub-Saharan Africa,BWA,derived
Botswana,1998,57.0,3.13,60.5,2.79,3.5,,0.05785123966942149,,Sub-Saharan Africa,BWA,derived
Botswana,1999,57.2,3.11,60.6,2.77,3.3999999999999986,,0.056105610561056084,,Sub-Saharan Africa,BWA,derived
Botswana,2000,57.3,3.09,60.8,2.71,3.5,,0.057565789473684216,,Sub-Saharan Africa,BWA,derived
Botswana,2001,57.4,3.03,60.9,2.64,3.5,,0.05747126436781609,,Sub-Saharan Africa,BWA,derived
Botswana,2002,57.6,2.95,61.1,2.54,3.5,,0.057283142389525366,,Sub-Saharan Africa,BWA,derived
Botswana,2003,57.4,2.92,61.0,2.5,3.6000000000000014,,0.05901639344262297,,Sub-Saharan Africa,BWA,derived
Botswana,2004,57.4,2.99,60.9,2.56,3.5,,0.05747126436781609,,Sub-Saharan Africa,BWA,derived
Botswana,2005,57.3,3.04,60.9,2.6,3.6000000000000014,,0.05911330049261086,,Sub-Saharan Africa,BWA,derived
Botswana,2006,57.4,3.09,61.0,2.65,3.6000000000000014,,0.05901639344262297,,Sub-Saharan Africa,BWA,derived
Botswana,2007,57.5,3.14,61.1,2.67,3.6000000000000014,,0.058919803600654685,,Sub-Saharan Africa,BWA,derived
Botswana,2008,57.5,3.16,61.1,2.71,3.6000000000000014,,0.058919803600654685,,Sub-Saharan Africa,BWA,derived
Botswana,2009,57.6,3.15,61.2,2.71,3.6000000000000014,,0.058823529411764726,,Sub-Saharan Africa,BWA,derived
Botswana,2010,57.7,3.18,61.3,2.79,3.5999999999999943,,0.05872756933115815,,Sub-Saharan Africa,BWA,derived
Botswana,2011,57.6,3.34,61.3,2.98,3.6999999999999957,,0.060358890701468125,,Sub-Saharan Africa,BWA,derived
Botswana,2012,57.6,3.48,61.3,3.16,3.6999999999999957,,0.060358890701468125,,Sub-Saharan Africa,BWA,derived
Botswana,2013,57.6,3.6,61.2,3.3,3.6000000000000014,,0.058823529411764726,,Sub-Saharan Africa,BWA,derived
Botswana,2014,57.6,3.72,61.2,3.45,3.6000000000000014,,0.058823529411764726,,Sub-Saharan Africa,BWA,derived
Botswana,2015,57.5,3.8,61.1,3.56,3.6000000000000014,,0.058919803600654685,,Sub-Saharan Africa,BWA,derived
Brazil,1960,28.9,0.42,49.1,0.56,20.200000000000003,,0.4114052953156823,,Latin America & Caribbean,BRA,derived
Brazil,1961,30.7,1.11,49.8,1.18,19.099999999999998,,0.38353413654618473,,Latin America & Caribbean,BRA,derived
Brazil,1962,32.4,1.47,50.5,1.54,18.1,,0.35841584158415846,,Latin America & Caribbean,BRA,derived
Brazil,1963,34.2,1.71,51.3,1.78,17.099999999999994,,0.33333333333333326,,Latin America & Caribbean,BRA,derived
Brazil,1964,36.0,1.87,52.0,1.98,16.0,,0.3076923076923077,,Latin America & Caribbean,BRA,derived
Brazil,1965,37.7,2.0,52.7,2.1,15.0,,0.2846299810246679,,Latin America & Caribbean,BRA,derived
Brazil,1966,39.5,2.08,53.4,2.2,13.899999999999999,,0.26029962546816476,,Latin America & Caribbean,BRA,derived
Brazil,1967,41.2,2.11,54.2,2.26,13.0,,0.23985239852398524,,Latin America & Caribbean,BRA,derived
Brazil,1968,43.0,2.1,54.9,2.28,11.899999999999999,,0.21675774134790526,,Latin America & Caribbean,BRA,derived
Brazil,1969,44.7,2.06,55.6,2.25,10.899999999999999,,0.19604316546762587,,Latin America & Caribbean,BRA,derived
Brazil,1970,46.5,2.0,56.3,2.19,9.799999999999997,,0.17406749555950263,,Latin America & Caribbean,BRA,derived
Brazil,1971,48.1,1.92,57.0,2.13,8.899999999999999,,0.15614035087719297,,Latin America & Caribbean,BRA,derived
Brazil,1972,49.7,1.84,57.7,2.04,8.0,,0.1386481802426343,,Latin America & Caribbean,BRA,derived
Brazil,1973,50.6,1.86,58.0,2.02,7.399999999999999,,0.1275862068965517,,Latin America & Caribbean,BRA,derived
Brazil,1974,51.5,1.83,58.3,1.95,6.799999999999997,,0.1166380789022298,,Latin America & Caribbean,BRA,derived
Brazil,1975,52.0,1.78,58.4,1.87,6.399999999999999,,0.10958904109589039,,Latin America & Caribbean,BRA,derived
Brazil,1976,52.6,1.65,58.6,1.73,6.0,,0.10238907849829351,,Latin America & Caribbean,BRA,derived
Brazil,1977,53.0,1.55,58.5,1.62,5.5,,0.09401709401709402,,Latin America & Caribbean,BRA,derived
Brazil,1978,53.1,1.45,58.2,1.5,5.100000000000001,,0.08762886597938147,,Latin America & Caribbean,BRA,derived
Brazil,1979,53.1,1.3,57.8,1.34,4.699999999999996,,0.08131487889273349,,Latin America & Caribbean,BRA,derived
Brazil,1980,53.3,1.05,57.4,1.06,4.100000000000001,,0.07142857142857145,,Latin America & Caribbean,BRA,derived
Brazil,1981,53.4,0.44,56.9,0.41,3.5,,0.061511423550087874,,Latin America & Caribbean,BRA,derived
Brazil,1982,53.9,0.42,57.4,0.46,3.5,,0.06097560975609756,,Latin America & Caribbean,BRA,derived
Brazil,1983,54.1,0.45,57.8,0.44,3.6999999999999957,,0.06401384083044975,,Latin America & Caribbean,BRA,derived
Brazil,1984,53.0,0.37,57.5,0.41,4.5,,0.0782608695652174,,Latin America & Caribbean,BRA,derived
Brazil,1985,53.7,0.42,58.2,0.37,4.5,0.6,7.7,0.7,Latin America & Caribbean,BRA,survey
Brazil,1986,53.8,0.52,57.8,0.57,4.0,0.8,6.9,1.0,Latin America & Caribbean,BRA,survey
Brazil,1987,54.6,0.51,58.6,0.55,4.0,0.8,6.8,1.0,Latin America & Caribbean,BRA,survey
Brazil,1988,56.7,0.52,60.3,0.49,3.6,0.7,6.0,0.9,Latin America & Caribbean,BRA,survey
Brazil,1989,57.8,0.57,61.3,0.62,3.5,0.8,5.7,1.0,Latin America & Caribbean,BRA,survey
Brazil,1990,56.9,0.54,60.5,0.58,3.6,0.8,6.0,1.0,Latin America & Caribbean,BRA,survey
Brazil,1991,55.8,0.86,60.1,0.9,4.3,1.2,7.2,1.5,Latin America & Caribbean,BRA,survey
Brazil,1992,54.8,0.52,59.7,0.55,4.9,0.8,8.2,1.0,Latin America & Caribbean,BRA,survey
Brazil,1993,56.0,0.49,61.1,0.53,5.1,0.7,8.3,0.9,Latin America & Caribbean,BRA,survey
Brazil,1994,56.3,0.82,61.5,0.86,5.2,1.2,8.5,1.5,Latin America & Caribbean,BRA,survey
Brazil,1995,56.7,0.4,61.8,0.43,5.1,0.6,8.3,0.7,Latin America & Caribbean,BRA,survey
Brazil,1996,56.4,0.44,61.7,0.5,5.3,0.7,8.6,0.9,Latin America & Caribbean,BRA,survey
Brazil,1997,56.1,0.43,61.6,0.47,5.5,0.6,8.9,0.8,Latin America & Caribbean,BRA,survey
Brazil,1998,55.7,0.45,61.6,0.48,5.9,0.7,9.6,0.8,Latin America & Caribbean,BRA,survey
Brazil,1999,54.9,0.44,61.2,0.49,6.3,0.7,10.3,0.9,Latin America & Caribbean,BRA,survey
Brazil,2000,54.3,0.83,61.2,0.87,6.9,1.2,11.3,1.5,Latin America & Caribbean,BRA,survey
Brazil,2001,53.6,0.43,61.1,0.47,7.5,0.6,12.3,0.8,Latin America & Caribbean,BRA,survey
Brazil,2002,52.9,0.4,60.6,0.46,7.7,0.6,12.7,0.8,Latin America & Caribbean,BRA,survey
Brazil,2003,52.0,0.38,60.2,0.47,8.2,0.6,13.6,0.8,Latin America & Caribbean,BRA,survey
Brazil,2004,51.3,0.42,59.6,0.44,8.3,0.6,13.9,0.7,Latin America & Caribbean,BRA,survey
Brazil,2005,50.1,0.38,58.7,0.45,8.6,0.6,14.7,0.8,Latin America & Caribbean,BRA,survey
Brazil,2006,49.3,0.4,58.3,0.45,9.0,0.6,15.4,0.8,Latin America & Caribbean,BRA,survey
Brazil,2007,48.4,0.41,57.9,0.42,9.5,0.6,16.4,0.7,Latin America & Caribbean,BRA,survey
Brazil,2008,47.7,0.4,57.1,0.43,9.4,0.6,16.5,0.7,Latin America & Caribbean,BRA,survey
Brazil,2009,47.2,0.39,56.7,0.41,9.5,0.6,16.8,0.7,Latin America & Caribbean,BRA,survey
Brazil,2010,46.7,0.81,56.7,0.83,10.0,1.2,17.6,1.5,Latin America & Caribbean,BRA,survey
Brazil,2011,46.2,0.37,56.7,0.43,10.5,0.6,18.5,0.7,Latin America & Caribbean,BRA,survey
Brazil,2012,45.3,0.38,56.1,0.45,10.8,0.6,19.3,0.8,Latin America & Caribbean,BRA,survey
Brazil,2013,45.2,0.4,56.2,0.44,11.0,0.6,19.6,0.7,Latin America & Caribbean,BRA,survey
Brazil,2014,44.6,0.38,55.6,0.44,11.0,0.6,19.8,0.7,Latin America & Caribbean,BRA,survey
Brazil,2015,44.8,0.38,56.1,0.46,11.3,0.6,20.1,0.8,Latin America & Caribbean,BRA,survey
Brazil,2016,46.2,0.5,57.6,0.55,11.4,0.7,19.8,0.9,Latin America & Caribbean,BRA,survey
Brazil,2017,47.1,0.6,58.8,0.59,11.7,0.8,19.9,1.0,Latin America & Caribbean,BRA,survey
Brazil,2018,47.4,0.51,59.3,0.55,11.9,0.8,20.1,1.0,Latin America & Caribbean,BRA,survey
Brazil,2019,47.2,0.56,59.6,0.56,12.4,0.8,20.8,1.0,Latin America & Caribbean,BRA,survey
Brazil,2020,45.8,0.55,60.8,0.61,15.0,0.8,24.7,1.0,Latin America & Caribbean,BRA,survey
Brazil,2021,46.4,0.55,60.4,0.58,14.0,0.8,23.2,1.0,Latin America & Caribbean,BRA,survey
Brazil,2022,45.5,0.47,58.8,0.48,13.3,0.7,22.6,0.8,Latin America & Caribbean,BRA,survey
Brazil,2023,45.3,0.61,57.8,0.75,12.5,1.0,21.6,1.2,Latin America & Caribbean,BRA,survey
Brazil,2024,45.2,1.15,57.6,1.29,12.4,1.7,21.5,2.1,Latin America & Caribbean,BRA,survey
Bulgaria,1989,27.5,1.76,40.7,3.03,13.200000000000003,,0.3243243243243244,,Eastern Europe & FSU,BGR,derived
Bulgaria,1990,27.8,1.62,40.9,2.91,13.099999999999998,,0.3202933985330073,,Eastern Europe & FSU,BGR,derived
Bulgaria,1991,28.4,1.58,41.2,2.78,12.800000000000004,,0.3106796116504855,,Eastern Europe & FSU,BGR,derived
Bulgaria,1992,29.1,1.44,41.6,2.65,12.5,,0.3004807692307692,,Eastern Europe & FSU,BGR,derived
Bulgaria,1993,30.0,1.43,42.0,2.56,12.0,2.9,28.6,3.9,Eastern Europe & FSU,BGR,survey
Bulgaria,1994,30.8,1.42,42.5,2.51,11.7,2.9,27.5,3.8,Eastern Europe & FSU,BGR,survey
Bulgaria,1995,31.6,1.45,42.8,2.47,11.2,2.9,26.2,3.8,Eastern Europe & FSU,BGR,survey
Bulgaria,1996,32.1,1.47,43.2,2.45,11.1,2.9,25.7,3.8,Eastern Europe & FSU,BGR,survey
Bulgaria,1997,32.2,1.5,43.4,2.42,11.2,2.8,25.8,3.7,Eastern Europe & FSU,BGR,survey
Bulgaria,1998,32.4,1.55,43.6,2.4,11.2,2.9,25.7,3.8,Eastern Europe & FSU,BGR,survey
Bulgaria,1999,32.5,1.56,43.8,2.36,11.3,2.8,25.8,3.7,Eastern Europe & FSU,BGR,survey
Bulgaria,2000,32.7,1.52,44.0,2.33,11.3,2.8,25.7,3.6,Eastern Europe & FSU,BGR,survey
Bulgaria,2001,33.0,1.46,44.3,2.27,11.3,2.7,25.5,3.5,Eastern Europe & FSU,BGR,survey
Bulgaria,2002,33.0,1.5,44.4,2.23,11.4,2.7,25.7,3.5,Eastern Europe & FSU,BGR,survey
Bulgaria,2003,33.0,1.43,44.5,2.17,11.5,2.6,25.8,3.4,Eastern Europe & FSU,BGR,survey
Bulgaria,2004,33.1,1.45,44.7,2.14,11.6,2.6,26.0,3.4,Eastern Europe & FSU,BGR,survey
Bulgaria,2005,33.1,1.4,44.8,2.08,11.7,2.5,26.1,3.3,Eastern Europe & FSU,BGR,survey
Bulgaria,2006,33.2,1.27,44.9,1.98,11.7,2.4,26.1,3.1,Eastern Europe & FSU,BGR,survey
Bulgaria,2007,33.2,1.18,45.0,1.92,11.8,2.3,26.2,3.0,Eastern Europe & FSU,BGR,survey
Bulgaria,2008,33.0,1.17,45.1,1.87,12.1,2.2,26.8,2.9,Eastern Europe & FSU,BGR,survey
Bulgaria,2009,33.1,1.17,45.3,1.86,12.2,2.2,26.9,2.9,Eastern Europe & FSU,BGR,survey
Bulgaria,2010,33.5,1.2,45.7,1.87,12.2,2.2,26.7,2.9,Eastern Europe & FSU,BGR,survey
Bulgaria,2011,34.0,1.21,46.1,1.89,12.1,2.2,26.2,2.9,Eastern Europe & FSU,BGR,survey
Bulgaria,2012,34.7,1.22,46.6,1.88,11.9,2.2,25.5,2.9,Eastern Europe & FSU,BGR,survey
Bulgaria,2013,35.4,1.2,47.1,1.87,11.7,2.2,24.8,2.9,Eastern Europe & FSU,BGR,survey
Bulgaria,2014,36.2,1.2,47.6,1.84,11.4,2.2,23.9,2.9,Eastern Europe & FSU,BGR,survey
Bulgaria,2015,37.0,1.21,48.2,1.83,11.2,2.2,23.2,2.9,Eastern Europe & FSU,BGR,survey
Bulgaria,2016,37.7,1.21,48.7,1.85,11.0,2.2,22.6,2.9,Eastern Europe & FSU,BGR,survey
Bulgaria,2017,38.1,1.2,49.1,1.88,11.0,2.2,22.4,2.9,Eastern Europe & FSU,BGR,survey
Bulgaria,2018,38.3,1.21,49.4,1.92,11.1,2.3,22.5,3.0,Eastern Europe & FSU,BGR,survey
Bulgaria,2019,38.4,1.22,49.5,1.96,11.1,2.3,22.4,3.0,Eastern Europe & FSU,BGR,survey
Bulgaria,2020,38.2,1.23,49.6,2.02,11.4,2.4,23.0,3.1,Eastern Europe & FSU,BGR,survey
Bulgaria,2021,38.0,1.26,49.6,2.11,11.6,2.5,23.4,3.3,Eastern Europe & FSU,BGR,survey
Bulgaria,2022,37.9,1.34,49.6,2.25,11.7,2.6,23.6,3.4,Eastern Europe & FSU,BGR,survey
Bulgaria,2023,37.8,1.51,49.6,2.42,11.8,2.9,23.8,3.8,Eastern Europe & FSU,BGR,survey
Canada,1969,29.3,0.51,43.9,0.58,14.599999999999998,,0.33257403189066054,,North America,CAN,derived
Canada,1970,30.5,0.85,42.5,0.9,12.0,,0.2823529411764706,,North America,CAN,derived
Canada,1971,31.7,0.54,41.1,0.62,9.400000000000002,,0.22871046228710468,,North America,CAN,derived
Canada,1972,31.1,0.83,40.3,0.88,9.199999999999996,,0.2282878411910669,,North America,CAN,derived
Canada,1973,30.5,0.45,39.5,0.57,9.0,,0.22784810126582278,,North America,CAN,derived
Canada,1974,30.1,0.78,39.9,0.87,9.799999999999997,,0.24561403508771923,,North America,CAN,derived
Canada,1975,30.1,0.48,40.2,0.56,10.1,0.7,25.1,0.9,North America,CAN,survey
Canada,1976,29.3,0.46,41.2,0.6,11.9,0.8,28.9,1.0,North America,CAN,survey
Canada,1977,29.7,0.4,39.8,0.45,10.1,0.6,25.4,0.8,North America,CAN,survey
Canada,1978,28.7,0.43,40.6,0.58,11.9,0.7,29.3,0.9,North America,CAN,survey
Canada,1979,29.7,0.43,39.6,0.53,9.9,0.7,25.0,0.9,North America,CAN,survey
Canada,1980,28.4,0.44,40.2,0.58,11.8,0.7,29.4,0.9,North America,CAN,survey
Canada,1981,29.4,0.41,39.5,0.52,10.1,0.7,25.6,0.9,North America,CAN,survey
Canada,1982,29.6,0.37,40.8,0.51,11.2,0.6,27.5,0.8,North America,CAN,survey
Canada,1983,29.6,0.46,42.3,0.62,12.7,0.8,30.0,1.0,North America,CAN,survey
Canada,1984,30.4,0.5,42.7,0.57,12.3,0.8,28.8,1.0,North America,CAN,survey
Canada,1985,30.2,0.53,42.2,0.62,12.0,0.8,28.4,1.0,North America,CAN,survey
Canada,1986,29.0,0.5,41.0,0.58,12.0,0.8,29.3,1.0,North America,CAN,survey
Canada,1987,28.9,0.48,41.0,0.59,12.1,0.8,29.5,1.0,North America,CAN,survey
Canada,1988,28.6,0.48,41.0,0.6,12.4,0.8,30.2,1.0,North America,CAN,survey
Canada,1989,28.4,0.44,40.8,0.58,12.4,0.7,30.4,0.9,North America,CAN,survey
Canada,1990,28.8,0.46,41.7,0.59,12.9,0.7,30.9,0.9,North America,CAN,survey
Canada,1991,29.1,0.48,43.0,0.59,13.9,0.8,32.3,1.0,North America,CAN,survey
Canada,1992,28.8,0.51,43.6,0.6,14.8,0.8,33.9,1.0,North America,CAN,survey
Canada,1993,28.8,0.53,44.1,0.63,15.3,0.8,34.7,1.0,North America,CAN,survey
Canada,1994,28.6,0.39,44.4,0.53,15.8,0.7,35.6,0.9,North America,CAN,survey
Canada,1995,28.9,0.44,44.7,0.58,15.8,0.7,35.3,0.9,North America,CAN,survey
Canada,1996,30.0,0.63,46.2,0.72,16.2,1.0,35.1,1.2,North America,CAN,survey
Canada,1997,30.6,0.64,46.9,0.83,16.3,1.0,34.8,1.3,North America,CAN,survey
Canada,1998,31.0,0.67,47.1,0.82,16.1,1.1,34.2,1.4,North America,CAN,survey
Canada,1999,31.2,0.71,46.9,0.8,15.7,1.1,33.5,1.4,North America,CAN,survey
Canada,2000,31.5,0.76,46.9,0.81,15.4,1.1,32.8,1.4,North America,CAN,survey
Canada,2001,31.7,0.79,47.0,0.81,15.3,1.1,32.6,1.4,North America,CAN,survey
Canada,2002,31.7,0.72,47.1,0.81,15.4,1.1,32.7,1.4,North America,CAN,survey
Canada,2003,31.8,0.72,47.1,0.8,15.3,1.1,32.5,1.4,North America,CAN,survey
Canada,2004,31.9,0.71,47.2,0.78,15.3,1.1,32.4,1.3,North America,CAN,survey
Canada,2005,31.9,0.71,47.1,0.75,15.2,1.0,32.3,1.2,North America,CAN,survey
Canada,2006,31.8,0.64,47.1,0.75,15.3,1.0,32.5,1.2,North America,CAN,survey
Canada,2007,31.8,0.63,47.2,0.74,15.4,1.0,32.6,1.2,North America,CAN,survey
Canada,2008,31.9,0.76,47.4,0.81,15.5,1.1,32.7,1.4,North America,CAN,survey
Canada,2009,31.9,0.73,47.8,0.83,15.9,1.1,33.3,1.4,North America,CAN,survey
Canada,2010,31.8,0.69,47.9,0.81,16.1,1.1,33.6,1.4,North America,CAN,survey
Canada,2011,31.6,0.67,47.7,0.77,16.1,1.0,33.8,1.3,North America,CAN,survey
Canada,2012,31.7,0.63,47.5,0.74,15.8,1.0,33.3,1.2,North America,CAN,survey
Canada,2013,31.8,0.66,47.6,0.76,15.8,1.0,33.2,1.3,North America,CAN,survey
Canada,2014,31.6,0.69,47.5,0.76,15.9,1.0,33.5,1.3,North America,CAN,survey
Canada,2015,31.6,0.66,47.9,0.76,16.3,1.0,34.0,1.3,North America,CAN,survey
Canada,2016,31.1,0.63,47.9,0.76,16.8,1.0,35.1,1.3,North America,CAN,survey
Canada,2017,31.1,0.57,48.2,0.68,17.1,0.9,35.5,1.1,North America,CAN,survey
Canada,2018,30.5,0.57,47.8,0.72,17.3,0.9,36.2,1.2,North America,CAN,survey
Canada,2019,29.8,0.56,47.5,0.71,17.7,0.9,37.3,1.1,North America,CAN,survey
Canada,2020,28.7,0.48,48.3,0.67,19.6,0.8,40.6,1.0,North America,CAN,survey
Canada,2021,29.2,0.58,48.0,0.68,18.8,0.9,39.2,1.1,North America,CAN,survey
Canada,2022,29.8,0.54,47.2,0.68,17.4,0.9,36.9,1.1,North America,CAN,survey
Canada,2023,30.3,0.65,46.4,0.87,16.1,1.1,34.7,1.4,North America,CAN,survey
Central African Republic,1992,52.3,4.4,53.7,4.63,1.4000000000000057,,0.026070763500931203,,Sub-Saharan Africa,CAF,derived
Central African Republic,1993,52.3,4.38,53.7,4.58,1.4000000000000057,,0.026070763500931203,,Sub-Saharan Africa,CAF,derived
Central African Republic,1994,52.2,4.32,53.7,4.54,1.5,,0.027932960893854747,,Sub-Saharan Africa,CAF,derived
Central African Republic,1995,52.2,4.29,53.6,4.48,1.3999999999999986,,0.026119402985074598,,Sub-Saharan Africa,CAF,derived
Central African Republic,1996,52.2,4.24,53.6,4.43,1.3999999999999986,,0.026119402985074598,,Sub-Saharan Africa,CAF,derived
Central African Republic,1997,52.1,4.2,53.6,4.39,1.5,,0.027985074626865673,,Sub-Saharan Africa,CAF,derived
Central African Republic,1998,52.1,4.13,53.6,4.35,1.5,,0.027985074626865673,,Sub-Saharan Africa,CAF,derived
Central African Republic,1999,52.1,4.08,53.6,4.28,1.5,,0.027985074626865673,,Sub-Saharan Africa,CAF,derived
Central African Republic,2000,52.0,4.0,53.6,4.19,1.6000000000000014,,0.029850746268656744,,Sub-Saharan Africa,CAF,derived
Central African Republic,2001,52.0,3.93,53.6,4.11,1.6000000000000014,,0.029850746268656744,,Sub-Saharan Africa,CAF,derived
Central African Republic,2002,51.9,3.83,53.5,4.04,1.6000000000000014,,0.029906542056074792,,Sub-Saharan Africa,CAF,derived
Central African Republic,2003,51.9,3.76,53.5,3.95,1.6000000000000014,,0.029906542056074792,,Sub-Saharan Africa,CAF,derived
Central African Republic,2004,51.9,3.66,53.5,3.85,1.6000000000000014,,0.029906542056074792,,Sub-Saharan Africa,CAF,derived
Central African Republic,2005,51.8,3.55,53.5,3.76,1.7000000000000028,,0.031775700934579494,,Sub-Saharan Africa,CAF,derived
Central African Republic,2006,52.0,3.52,53.6,3.74,1.6000000000000014,,0.029850746268656744,,Sub-Saharan Africa,CAF,derived
Central African Republic,2007,52.1,3.51,53.8,3.71,1.6999999999999957,,0.03159851301115234,,Sub-Saharan Africa,CAF,derived
Central African Republic,2008,52.3,3.48,53.9,3.68,1.6000000000000014,,0.02968460111317257,,Sub-Saharan Africa,CAF,derived
Central African Republic,2009,52.1,3.57,53.8,3.76,1.6999999999999957,,0.03159851301115234,,Sub-Saharan Africa,CAF,derived
Central African Republic,2010,52.0,3.64,53.6,3.84,1.6000000000000014,,0.029850746268656744,,Sub-Saharan Africa,CAF,derived
Central African Republic,2011,51.8,3.72,53.4,3.91,1.6000000000000014,,0.02996254681647943,,Sub-Saharan Africa,CAF,derived
Central African Republic,2012,51.7,3.78,53.3,3.99,1.5999999999999943,,0.030018761726078695,,Sub-Saharan Africa,CAF,derived
Central African Republic,2013,51.5,3.84,53.2,4.05,1.7000000000000028,,0.031954887218045167,,Sub-Saharan Africa,CAF,derived
Central African Republic,2014,51.3,3.93,53.0,4.1,1.7000000000000028,,0.03207547169811326,,Sub-Saharan Africa,CAF,derived
Central African Republic,2015,51.2,4.0,52.9,4.16,1.6999999999999957,,0.03213610586011334,,Sub-Saharan Africa,CAF,derived
Central African Republic,2016,51.0,4.08,52.8,4.2,1.7999999999999972,,0.03409090909090904,,Sub-Saharan Africa,CAF,derived
Central African Republic,2017,50.9,4.11,52.6,4.22,1.7000000000000028,,0.03231939163498104,,Sub-Saharan Africa,CAF,derived
Central African Republic,2018,50.7,4.15,52.5,4.28,1.7999999999999972,,0.03428571428571423,,Sub-Saharan Africa,CAF,derived
Central African Republic,2019,50.6,4.15,52.3,4.33,1.6999999999999957,,0.03250478011472267,,Sub-Saharan Africa,CAF,derived
Central African Republic,2020,50.4,4.18,52.2,4.37,1.8000000000000043,,0.03448275862068974,,Sub-Saharan Africa,CAF,derived
Central African Republic,2021,50.3,4.2,52.1,4.4,1.8000000000000043,,0.03454894433781198,,Sub-Saharan Africa,CAF,derived
Chile,1968,44.8,2.94,50.0,3.68,5.200000000000003,,0.10400000000000005,,Latin America & Caribbean,CHL,derived
Chile,1969,45.1,2.87,50.2,3.61,5.100000000000001,,0.10159362549800799,,Latin America & Caribbean,CHL,derived
Chile,1970,45.3,2.79,50.3,3.5,5.0,,0.09940357852882704,,Latin America & Caribbean,CHL,derived
Chile,1971,45.5,2.69,50.5,3.42,5.0,,0.09900990099009901,,Latin America & Caribbean,CHL,derived
Chile,1972,45.8,2.7,50.6,3.37,4.800000000000004,,0.09486166007905146,,Latin America & Caribbean,CHL,derived
Chile,1973,46.1,2.69,50.8,3.31,4.699999999999996,,0.09251968503937,,Latin America & Caribbean,CHL,derived
Chile,1974,46.4,2.66,50.9,3.25,4.5,,0.08840864440078586,,Latin America & Caribbean,CHL,derived
Chile,1975,46.7,2.63,51.1,3.16,4.399999999999999,,0.086105675146771,,Latin America & Caribbean,CHL,derived
Chile,1976,47.0,2.57,51.2,3.1,4.200000000000003,,0.08203125000000006,,Latin America & Caribbean,CHL,derived
Chile,1977,47.3,2.45,51.4,2.98,4.100000000000001,,0.07976653696498058,,Latin America & Caribbean,CHL,derived
Chile,1978,47.6,2.35,51.6,2.87,4.0,,0.07751937984496124,,Latin America & Caribbean,CHL,derived
Chile,1979,47.9,2.31,51.7,2.78,3.8000000000000043,,0.07350096711798847,,Latin America & Caribbean,CHL,derived
Chile,1980,48.2,2.23,51.9,2.68,3.6999999999999957,,0.07129094412331398,,Latin America & Caribbean,CHL,derived
Chile,1981,48.6,2.14,52.1,2.54,3.5,,0.0671785028790787,,Latin America & Caribbean,CHL,derived
Chile,1982,48.9,2.0,52.2,2.38,3.3000000000000043,,0.06321839080459778,,Latin America & Caribbean,CHL,derived
Chile,1983,49.2,1.82,52.4,2.2,3.1999999999999957,,0.06106870229007626,,Latin America & Caribbean,CHL,derived
Chile,1984,49.4,1.69,52.7,2.08,3.3000000000000043,,0.06261859582542702,,Latin America & Caribbean,CHL,derived
Chile,1985,49.7,1.48,53.0,1.9,3.3,2.4,6.2,3.1,Latin America & Caribbean,CHL,survey
Chile,1986,50.2,1.25,53.6,1.73,3.4,2.1,6.3,2.7,Latin America & Caribbean,CHL,survey
Chile,1987,50.7,0.76,54.2,1.49,3.5,1.7,6.5,2.3,Latin America & Caribbean,CHL,survey
Chile,1988,50.7,1.09,54.5,1.43,3.8,1.8,7.0,2.3,Latin America & Caribbean,CHL,survey
Chile,1989,50.6,1.11,54.8,1.29,4.2,1.7,7.7,2.1,Latin America & Caribbean,CHL,survey
Chile,1990,50.6,0.94,55.0,0.99,4.4,1.4,8.0,1.7,Latin America & Caribbean,CHL,survey
Chile,1991,50.5,1.09,54.9,1.1,4.4,1.5,8.0,1.9,Latin America & Caribbean,CHL,survey
Chile,1992,50.6,0.93,54.9,0.96,4.3,1.3,7.8,1.6,Latin America & Caribbean,CHL,survey
Chile,1993,50.7,1.06,54.9,1.07,4.2,1.5,7.7,1.8,Latin America & Caribbean,CHL,survey
Chile,1994,50.7,0.88,54.9,0.88,4.2,1.2,7.7,1.5,Latin America & Caribbean,CHL,survey
Chile,1995,50.7,1.12,54.9,1.14,4.2,1.6,7.7,2.0,Latin America & Caribbean,CHL,survey
Chile,1996,50.7,1.11,54.9,1.12,4.2,1.6,7.7,2.0,Latin America & Caribbean,CHL,survey
Chile,1997,50.8,1.15,55.0,1.18,4.2,1.6,7.6,2.0,Latin America & Caribbean,CHL,survey
Chile,1998,50.8,0.99,55.1,0.97,4.3,1.4,7.8,1.7,Latin America & Caribbean,CHL,survey
Chile,1999,50.8,1.21,55.3,1.2,4.5,1.7,8.1,2.1,Latin America & Caribbean,CHL,survey
Chile,2000,50.8,1.24,55.4,1.21,4.6,1.7,8.3,2.1,Latin America & Caribbean,CHL,survey
Chile,2001,50.5,1.31,55.1,1.32,4.6,1.9,8.3,2.3,Latin America & Caribbean,CHL,survey
Chile,2002,50.2,1.21,54.8,1.23,4.6,1.7,8.4,2.1,Latin America & Caribbean,CHL,survey
Chile,2003,49.9,0.91,54.5,0.95,4.6,1.3,8.4,1.6,Latin America & Caribbean,CHL,survey
Chile,2004,49.3,1.15,53.9,1.19,4.6,1.7,8.5,2.1,Latin America & Caribbean,CHL,survey
Chile,2005,48.6,1.13,53.3,1.15,4.7,1.6,8.8,2.0,Latin America & Caribbean,CHL,survey
Chile,2006,48.0,0.84,52.7,0.84,4.7,1.2,8.9,1.5,Latin America & Caribbean,CHL,survey
Chile,2007,47.8,1.17,52.8,1.19,5.0,1.7,9.5,2.1,Latin America & Caribbean,CHL,survey
Chile,2008,47.6,1.27,52.9,1.27,5.3,1.8,10.0,2.2,Latin America & Caribbean,CHL,survey
Chile,2009,47.4,1.19,53.0,1.16,5.6,1.7,10.6,2.1,Latin America & Caribbean,CHL,survey
Chile,2010,47.0,1.2,52.8,1.18,5.8,1.7,11.0,2.1,Latin America & Caribbean,CHL,survey
Chile,2011,46.7,0.99,52.6,0.99,5.9,1.4,11.2,1.7,Latin America & Caribbean,CHL,survey
Chile,2012,46.4,1.09,52.3,1.09,5.9,1.5,11.3,1.9,Latin America & Caribbean,CHL,survey
Chile,2013,46.1,0.9,52.1,0.87,6.0,1.3,11.5,1.6,Latin America & Caribbean,CHL,survey
Chile,2014,45.8,0.98,51.8,0.99,6.0,1.4,11.6,1.7,Latin America & Caribbean,CHL,survey
Chile,2015,45.5,0.64,51.5,0.7,6.0,0.9,11.7,1.1,Latin America & Caribbean,CHL,survey
Chile,2016,45.7,0.94,51.7,0.96,6.0,1.3,11.6,1.6,Latin America & Caribbean,CHL,survey
Chile,2017,45.9,0.8,51.9,0.77,6.0,1.1,11.6,1.3,Latin America & Caribbean,CHL,survey
Chile,2018,46.2,1.07,51.7,1.1,5.5,1.5,10.6,1.9,Latin America & Caribbean,CHL,survey
Chile,2019,46.5,1.02,51.6,1.12,5.1,1.5,9.9,1.9,Latin America & Caribbean,CHL,survey
Chile,2020,46.8,0.62,51.5,0.83,4.7,1.0,9.1,1.3,Latin America & Caribbean,CHL,survey
Chile,2021,45.2,0.92,50.2,1.08,5.0,1.4,10.0,1.8,Latin America & Caribbean,CHL,survey
Chile,2022,43.6,0.63,48.8,0.88,5.2,1.1,10.7,1.4,Latin America & Caribbean,CHL,survey
Chile,2023,43.5,1.23,48.8,1.39,5.3,1.9,10.9,2.4,Latin America & Caribbean,CHL,survey
Chile,2024,43.4,1.59,48.8,1.74,5.4,2.4,11.1,3.0,Latin America & Caribbean,CHL,survey
China,1978,28.4,1.49,31.0,2.07,2.6000000000000014,,0.08387096774193553,,East Asia,CHN,derived
China,1979,28.2,1.4,30.9,1.92,2.6999999999999993,,0.087378640776699,,East Asia,CHN,derived
China,1980,28.0,1.28,30.9,1.79,2.8999999999999986,,0.0938511326860841,,East Asia,CHN,derived
China,1981,27.6,1.11,30.8,1.63,3.1999999999999993,,0.10389610389610388,,East Asia,CHN,derived
China,1982,27.0,1.09,30.7,1.6,3.6999999999999993,,0.12052117263843647,,East Asia,CHN,derived
China,1983,26.9,1.07,30.7,1.55,3.8000000000000007,,0.12377850162866452,,East Asia,CHN,derived
China,1984,27.1,1.02,30.9,1.48,3.799999999999997,,0.12297734627831707,,East Asia,CHN,derived
China,1985,28.1,0.98,31.5,1.44,3.4,1.7,10.8,2.2,East Asia,CHN,survey
China,1986,29.2,1.0,32.2,1.44,3.0,1.8,9.3,2.3,East Asia,CHN,survey
China,1987,30.0,1.0,33.0,1.46,3.0,1.8,9.1,2.3,East Asia,CHN,survey
China,1988,31.2,1.03,33.9,1.45,2.7,1.8,8.0,2.3,East Asia,CHN,survey
China,1989,32.0,1.05,34.7,1.46,2.7,1.8,7.8,2.3,East Asia,CHN,survey
China,1990,32.6,0.99,35.5,1.42,2.9,1.7,8.2,2.2,East Asia,CHN,survey
China,1991,33.2,1.05,36.2,1.44,3.0,1.8,8.3,2.3,East Asia,CHN,survey
China,1992,34.2,1.11,37.1,1.46,2.9,1.8,7.8,2.3,East Asia,CHN,survey
China,1993,35.1,1.11,37.9,1.48,2.8,1.9,7.4,2.4,East Asia,CHN,survey
China,1994,35.8,1.11,38.6,1.48,2.8,1.9,7.3,2.4,East Asia,CHN,survey
China,1995,36.2,1.05,39.1,1.46,2.9,1.8,7.4,2.3,East Asia,CHN,survey
China,1996,36.2,1.07,39.4,1.46,3.2,1.8,8.1,2.3,East Asia,CHN,survey
China,1997,36.6,1.12,39.9,1.47,3.3,1.8,8.3,2.3,East Asia,CHN,survey
China,1998,37.2,1.1,40.4,1.47,3.2,1.8,7.9,2.3,East Asia,CHN,survey
China,1999,38.0,1.05,41.1,1.38,3.1,1.7,7.5,2.2,East Asia,CHN,survey
China,2000,39.0,0.99,41.7,1.25,2.7,1.6,6.5,2.0,East Asia,CHN,survey
China,2001,40.1,0.96,42.2,1.1,2.1,1.5,5.0,1.9,East Asia,CHN,survey
China,2002,41.2,0.65,42.7,0.7,1.5,1.0,3.5,1.2,East Asia,CHN,survey
China,2003,41.7,0.99,44.0,1.12,2.3,1.5,5.2,1.9,East Asia,CHN,survey
China,2004,42.2,1.12,45.0,1.33,2.8,1.7,6.2,2.2,East Asia,CHN,survey
China,2005,42.5,1.18,45.7,1.43,3.2,1.9,7.0,2.4,East Asia,CHN,survey
China,2006,42.8,1.23,46.4,1.51,3.6,1.9,7.8,2.4,East Asia,CHN,survey
China,2007,43.1,1.24,47.1,1.53,4.0,2.0,8.5,2.5,East Asia,CHN,survey
China,2008,43.3,1.25,47.7,1.54,4.4,2.0,9.2,2.5,East Asia,CHN,survey
China,2009,43.2,1.27,48.1,1.54,4.9,2.0,10.2,2.5,East Asia,CHN,survey
China,2010,43.1,1.24,48.5,1.5,5.4,1.9,11.1,2.4,East Asia,CHN,survey
China,2011,43.0,1.13,49.0,1.42,6.0,1.8,12.2,2.3,East Asia,CHN,survey
China,2012,42.1,1.1,49.0,1.33,6.9,1.7,14.1,2.2,East Asia,CHN,survey
China,2013,41.2,0.84,49.2,1.09,8.0,1.4,16.3,1.8,East Asia,CHN,survey
China,2014,41.6,1.07,48.9,1.27,7.3,1.7,14.9,2.1,East Asia,CHN,survey
China,2015,41.5,1.18,48.7,1.33,7.2,1.8,14.8,2.2,East Asia,CHN,survey
China,2016,41.5,1.19,48.7,1.3,7.2,1.8,14.8,2.2,East Asia,CHN,survey
China,2017,41.4,1.08,48.9,1.17,7.5,1.6,15.3,2.0,East Asia,CHN,survey
China,2018,41.3,0.76,49.2,0.84,7.9,1.1,16.1,1.4,East Asia,CHN,survey
China,2019,41.1,1.13,48.4,1.26,7.3,1.7,15.1,2.1,East Asia,CHN,survey
China,2020,41.0,1.35,47.9,1.53,6.9,2.0,14.4,2.5,East Asia,CHN,survey
China,2021,40.8,1.49,47.5,1.74,6.7,2.3,14.1,2.9,East Asia,CHN,survey
China,2022,40.8,1.66,47.3,1.95,6.5,2.6,13.7,3.2,East Asia,CHN,survey
China,2023,40.8,1.91,47.3,2.19,6.5,2.9,13.7,3.6,East Asia,CHN,survey
Colombia,1970,41.1,1.42,37.3,1.21,-3.8000000000000043,,-0.10187667560321728,,Latin America & Caribbean,COL,derived
Colombia,1971,42.7,1.52,39.2,1.48,-3.5,,-0.08928571428571427,,Latin America & Caribbean,COL,derived
Colombia,1972,44.0,1.63,40.9,1.69,-3.1000000000000014,,-0.07579462102689491,,Latin America & Caribbean,COL,derived
Colombia,1973,44.4,1.81,41.7,1.91,-2.6999999999999957,,-0.06474820143884881,,Latin America & Caribbean,COL,derived
Colombia,1974,44.8,1.9,42.5,2.05,-2.299999999999997,,-0.054117647058823465,,Latin America & Caribbean,COL,derived
Colombia,1975,45.3,2.07,43.2,2.22,-2.0999999999999943,,-0.04861111111111097,,Latin America & Caribbean,COL,derived
Colombia,1976,45.8,2.17,43.9,2.33,-1.8999999999999986,,-0.04328018223234621,,Latin America & Caribbean,COL,derived
Colombia,1977,46.3,2.26,44.6,2.44,-1.6999999999999957,,-0.03811659192825102,,Latin America & Caribbean,COL,derived
Colombia,1978,46.8,2.31,45.3,2.51,-1.5,,-0.033112582781456956,,Latin America & Caribbean,COL,derived
Colombia,1979,47.1,2.42,45.8,2.59,-1.3000000000000043,,-0.028384279475982627,,Latin America & Caribbean,COL,derived
Colombia,1980,47.3,2.5,46.3,2.67,-1.0,,-0.021598272138228944,,Latin America & Caribbean,COL,derived
Colombia,1981,47.6,2.56,46.8,2.72,-0.8000000000000043,,-0.017094017094017186,,Latin America & Caribbean,COL,derived
Colombia,1982,47.8,2.56,47.3,2.73,-0.5,,-0.010570824524312896,,Latin America & Caribbean,COL,derived
Colombia,1983,48.1,2.57,47.7,2.74,-0.3999999999999986,,-0.008385744234800808,,Latin America & Caribbean,COL,derived
Colombia,1984,48.3,2.59,48.2,2.72,-0.09999999999999432,,-0.00207468879668038,,Latin America & Caribbean,COL,derived
Colombia,1985,48.6,2.56,48.7,2.71,0.1,3.7,0.2,4.6,Latin America & Caribbean,COL,survey
Colombia,1986,48.8,2.52,49.2,2.7,0.4,3.7,0.8,4.6,Latin America & Caribbean,COL,survey
Colombia,1987,49.1,2.44,49.6,2.64,0.5,3.6,1.0,4.5,Latin America & Caribbean,COL,survey
Colombia,1988,49.3,2.32,50.1,2.55,0.8,3.4,1.6,4.2,Latin America & Caribbean,COL,survey
Colombia,1989,49.5,2.27,50.5,2.51,1.0,3.4,2.0,4.2,Latin America & Caribbean,COL,survey
Colombia,1990,49.8,2.19,50.9,2.45,1.1,3.3,2.2,4.1,Latin America & Caribbean,COL,survey
Colombia,1991,50.0,2.06,51.3,2.35,1.3,3.1,2.5,3.9,Latin America & Caribbean,COL,survey
Colombia,1992,50.2,1.99,51.7,2.29,1.5,3.0,2.9,3.8,Latin America & Caribbean,COL,survey
Colombia,1993,50.6,1.96,52.1,2.23,1.5,3.0,2.9,3.7,Latin America & Caribbean,COL,survey
Colombia,1994,51.0,1.9,52.4,2.14,1.4,2.9,2.7,3.6,Latin America & Caribbean,COL,survey
Colombia,1995,51.2,1.84,52.7,2.06,1.5,2.8,2.8,3.5,Latin America & Caribbean,COL,survey
Colombia,1996,51.4,1.74,53.0,1.95,1.6,2.6,3.0,3.2,Latin America & Caribbean,COL,survey
Colombia,1997,51.5,1.62,53.2,1.82,1.7,2.4,3.2,3.0,Latin America & Caribbean,COL,survey
Colombia,1998,51.6,1.55,53.2,1.7,1.6,2.3,3.0,2.9,Latin America & Caribbean,COL,survey
Colombia,1999,51.6,1.37,53.3,1.52,1.7,2.0,3.2,2.5,Latin America & Caribbean,COL,survey
Colombia,2000,51.6,1.16,53.2,1.27,1.6,1.7,3.0,2.1,Latin America & Caribbean,COL,survey
Colombia,2001,51.4,0.76,53.0,0.85,1.6,1.1,3.0,1.4,Latin America & Caribbean,COL,survey
Colombia,2002,51.8,0.62,53.2,0.69,1.4,0.9,2.6,1.1,Latin America & Caribbean,COL,survey
Colombia,2003,50.9,0.52,52.2,0.56,1.3,0.8,2.5,1.0,Latin America & Caribbean,COL,survey
Colombia,2004,51.2,0.51,52.5,0.6,1.3,0.8,2.5,1.0,Latin America & Caribbean,COL,survey
Colombia,2005,51.3,0.52,52.6,0.65,1.3,0.8,2.5,1.0,Latin America & Caribbean,COL,survey
Colombia,2006,51.5,0.65,52.7,0.64,1.2,0.9,2.3,1.1,Latin America & Caribbean,COL,survey
Colombia,2007,53.3,0.48,55.1,0.57,1.8,0.7,3.3,0.9,Latin America & Caribbean,COL,survey
Colombia,2008,52.5,0.5,54.6,0.55,2.1,0.7,3.8,0.9,Latin America & Caribbean,COL,survey
Colombia,2009,51.3,0.45,53.6,0.56,2.3,0.7,4.3,0.9,Latin America & Caribbean,COL,survey
Colombia,2010,50.9,0.47,53.5,0.47,2.6,0.7,4.9,0.8,Latin America & Caribbean,COL,survey
Colombia,2011,50.0,0.49,52.7,0.54,2.7,0.7,5.1,0.9,Latin America & Caribbean,COL,survey
Colombia,2012,49.2,0.43,51.9,0.48,2.7,0.6,5.2,0.8,Latin America & Caribbean,COL,survey
Colombia,2013,49.0,0.48,51.9,0.54,2.9,0.7,5.6,0.9,Latin America & Caribbean,COL,survey
Colombia,2014,48.6,0.52,51.7,0.55,3.1,0.8,6.0,1.0,Latin America & Caribbean,COL,survey
Colombia,2015,47.4,0.41,50.5,0.52,3.1,0.7,6.1,0.9,Latin America & Caribbean,COL,survey
Colombia,2016,46.9,0.48,50.0,0.45,3.1,0.7,6.2,0.8,Latin America & Caribbean,COL,survey
Colombia,2017,46.3,0.41,49.2,0.48,2.9,0.6,5.9,0.8,Latin America & Caribbean,COL,survey
Colombia,2018,46.7,0.46,49.7,0.47,3.0,0.7,6.0,0.8,Latin America & Caribbean,COL,survey
Colombia,2019,48.0,0.5,51.1,0.53,3.1,0.7,6.1,0.9,Latin America & Caribbean,COL,survey
Colombia,2020,49.4,0.56,52.8,0.67,3.4,0.9,6.4,1.1,Latin America & Caribbean,COL,survey
Colombia,2021,49.2,0.48,53.4,0.51,4.2,0.7,7.9,0.9,Latin America & Caribbean,COL,survey
Colombia,2022,51.1,0.47,55.4,0.58,4.3,0.7,7.8,0.9,Latin America & Caribbean,COL,survey
Colombia,2023,50.9,0.46,55.3,0.66,4.4,0.8,8.0,1.0,Latin America & Caribbean,COL,survey
Colombia,2024,50.9,1.1,55.2,1.26,4.3,1.7,7.8,2.1,Latin America & Caribbean,COL,survey
Costa Rica,1961,42.5,3.49,44.6,4.19,2.1000000000000014,,0.047085201793722005,,Latin America & Caribbean,CRI,derived
Costa Rica,1962,42.5,3.47,44.6,4.13,2.1000000000000014,,0.047085201793722005,,Latin America & Caribbean,CRI,derived
Costa Rica,1963,42.4,3.44,44.6,4.08,2.200000000000003,,0.049327354260089745,,Latin America & Caribbean,CRI,derived
Costa Rica,1964,42.3,3.38,44.5,4.01,2.200000000000003,,0.049438202247191074,,Latin America & Caribbean,CRI,derived
Costa Rica,1965,42.2,3.35,44.5,3.96,2.299999999999997,,0.0516853932584269,,Latin America & Caribbean,CRI,derived
Costa Rica,1966,42.1,3.3,44.5,3.9,2.3999999999999986,,0.05393258426966289,,Latin America & Caribbean,CRI,derived
Costa Rica,1967,42.0,3.26,44.5,3.82,2.5,,0.056179775280898875,,Latin America & Caribbean,CRI,derived
Costa Rica,1968,41.9,3.18,44.4,3.74,2.5,,0.05630630630630631,,Latin America & Caribbean,CRI,derived
Costa Rica,1969,41.8,3.06,44.4,3.65,2.6000000000000014,,0.05855855855855859,,Latin America & Caribbean,CRI,derived
Costa Rica,1970,41.7,2.96,44.4,3.55,2.6999999999999957,,0.06081081081081072,,Latin America & Caribbean,CRI,derived
Costa Rica,1971,41.6,2.86,44.3,3.43,2.6999999999999957,,0.06094808126410826,,Latin America & Caribbean,CRI,derived
Costa Rica,1972,41.4,2.84,44.3,3.37,2.8999999999999986,,0.06546275395033857,,Latin America & Caribbean,CRI,derived
Costa Rica,1973,41.3,2.79,44.2,3.32,2.9000000000000057,,0.06561085972850692,,Latin America & Caribbean,CRI,derived
Costa Rica,1974,41.1,2.74,44.1,3.25,3.0,,0.06802721088435373,,Latin America & Caribbean,CRI,derived
Costa Rica,1975,40.9,2.68,44.1,3.16,3.200000000000003,,0.07256235827664405,,Latin America & Caribbean,CRI,derived
Costa Rica,1976,40.8,2.61,44.0,3.06,3.200000000000003,,0.0727272727272728,,Latin America & Caribbean,CRI,derived
Costa Rica,1977,40.6,2.5,43.9,2.96,3.299999999999997,,0.0751708428246013,,Latin America & Caribbean,CRI,derived
Costa Rica,1978,40.4,2.4,43.8,2.84,3.3999999999999986,,0.07762557077625568,,Latin America & Caribbean,CRI,derived
Costa Rica,1979,40.3,2.24,43.8,2.69,3.5,,0.07990867579908677,,Latin America & Caribbean,CRI,derived
Costa Rica,1980,40.1,2.1,43.7,2.54,3.6000000000000014,,0.08237986270022886,,Latin America & Caribbean,CRI,derived
Costa Rica,1981,39.9,1.89,43.7,2.37,3.8000000000000043,,0.08695652173913053,,Latin America & Caribbean,CRI,derived
Costa Rica,1982,39.5,1.81,43.4,2.29,3.8999999999999986,,0.0898617511520737,,Latin America & Caribbean,CRI,derived
Costa Rica,1983,39.2,1.77,43.3,2.2,4.099999999999994,,0.0946882217090068,,Latin America & Caribbean,CRI,derived
Costa Rica,1984,39.1,1.74,43.3,2.15,4.199999999999996,,0.09699769053117774,,Latin America & Caribbean,CRI,derived
Costa Rica,1985,38.9,1.64,43.2,2.03,4.3,2.6,10.0,3.3,Latin America & Caribbean,CRI,survey
Costa Rica,1986,38.9,1.54,43.3,1.92,4.4,2.5,10.2,3.2,Latin America & Caribbean,CRI,survey
Costa Rica,1987,39.3,1.49,43.7,1.86,4.4,2.4,10.1,3.0,Latin America & Caribbean,CRI,survey
Costa Rica,1988,39.9,1.32,44.1,1.72,4.2,2.2,9.5,2.8,Latin America & Caribbean,CRI,survey
Costa Rica,1989,40.6,1.15,44.6,1.58,4.0,2.0,9.0,2.5,Latin America & Caribbean,CRI,survey
Costa Rica,1990,41.1,1.09,45.0,1.51,3.9,1.9,8.7,2.4,Latin America & Caribbean,CRI,survey
Costa Rica,1991,41.5,1.1,45.4,1.5,3.9,1.9,8.6,2.4,Latin America & Caribbean,CRI,survey
Costa Rica,1992,41.8,1.09,45.7,1.49,3.9,1.8,8.5,2.3,Latin America & Caribbean,CRI,survey
Costa Rica,1993,42.0,1.08,46.0,1.51,4.0,1.9,8.7,2.4,Latin America & Caribbean,CRI,survey
Costa Rica,1994,42.3,1.1,46.3,1.51,4.0,1.9,8.6,2.4,Latin America & Caribbean,CRI,survey
Costa Rica,1995,42.4,1.11,46.5,1.52,4.1,1.9,8.8,2.4,Latin America & Caribbean,CRI,survey
Costa Rica,1996,42.6,1.1,46.8,1.51,4.2,1.9,9.0,2.4,Latin America & Caribbean,CRI,survey
Costa Rica,1997,42.9,1.1,47.1,1.5,4.2,1.9,8.9,2.4,Latin America & Caribbean,CRI,survey
Costa Rica,1998,43.3,1.11,47.6,1.49,4.3,1.9,9.0,2.4,Latin America & Caribbean,CRI,survey
Costa Rica,1999,44.0,1.08,48.2,1.47,4.2,1.8,8.7,2.3,Latin America & Caribbean,CRI,survey
Costa Rica,2000,44.8,1.05,48.8,1.43,4.0,1.8,8.2,2.3,Latin America & Caribbean,CRI,survey
Costa Rica,2001,45.7,0.99,49.5,1.41,3.8,1.7,7.7,2.2,Latin America & Caribbean,CRI,survey
Costa Rica,2002,46.0,1.05,49.8,1.45,3.8,1.8,7.6,2.3,Latin America & Caribbean,CRI,survey
Costa Rica,2003,45.7,1.07,49.8,1.46,4.1,1.8,8.2,2.3,Latin America & Caribbean,CRI,survey
Costa Rica,2004,45.5,1.06,49.7,1.45,4.2,1.8,8.5,2.3,Latin America & Caribbean,CRI,survey
Costa Rica,2005,45.4,1.06,49.7,1.46,4.3,1.8,8.7,2.3,Latin America & Caribbean,CRI,survey
Costa Rica,2006,45.6,1.07,49.9,1.45,4.3,1.8,8.6,2.3,Latin America & Caribbean,CRI,survey
Costa Rica,2007,45.7,1.06,50.1,1.45,4.4,1.8,8.8,2.3,Latin America & Caribbean,CRI,survey
Costa Rica,2008,45.8,1.06,50.2,1.44,4.4,1.8,8.8,2.3,Latin America & Caribbean,CRI,survey
Costa Rica,2009,46.0,1.01,50.4,1.4,4.4,1.7,8.7,2.2,Latin America & Caribbean,CRI,survey
Costa Rica,2010,45.9,0.92,50.5,1.31,4.6,1.6,9.1,2.1,Latin America & Caribbean,CRI,survey
Costa Rica,2011,46.1,0.92,50.7,1.27,4.6,1.6,9.1,2.0,Latin America & Caribbean,CRI,survey
Costa Rica,2012,46.3,0.92,50.9,1.26,4.6,1.6,9.0,2.0,Latin America & Caribbean,CRI,survey
Costa Rica,2013,46.6,0.89,51.1,1.21,4.5,1.5,8.8,1.9,Latin America & Caribbean,CRI,survey
Costa Rica,2014,46.4,0.94,51.0,1.27,4.6,1.6,9.0,2.0,Latin America & Caribbean,CRI,survey
Costa Rica,2015,46.3,0.96,50.9,1.29,4.6,1.6,9.0,2.1,Latin America & Caribbean,CRI,survey
Costa Rica,2016,46.3,0.96,50.9,1.31,4.6,1.6,9.0,2.1,Latin America & Caribbean,CRI,survey
Costa Rica,2017,46.2,0.94,50.8,1.3,4.6,1.6,9.1,2.1,Latin America & Caribbean,CRI,survey
Costa Rica,2018,46.1,0.93,50.7,1.29,4.6,1.6,9.1,2.1,Latin America & Caribbean,CRI,survey
Costa Rica,2019,46.2,0.95,50.7,1.29,4.5,1.6,8.9,2.1,Latin America & Caribbean,CRI,survey
Costa Rica,2020,46.3,0.96,50.7,1.3,4.4,1.6,8.7,2.1,Latin America & Caribbean,CRI,survey
Costa Rica,2021,46.0,0.96,50.4,1.31,4.4,1.6,8.7,2.1,Latin America & Caribbean,CRI,survey
Costa Rica,2022,45.5,0.97,50.1,1.34,4.6,1.7,9.2,2.2,Latin America & Caribbean,CRI,survey
Costa Rica,2023,45.1,1.0,49.7,1.42,4.6,1.7,9.3,2.2,Latin America & Caribbean,CRI,survey
Costa Rica,2024,44.7,1.08,49.5,1.56,4.8,1.9,9.7,2.5,Latin America & Caribbean,CRI,survey
Costa Rica,2025,44.6,1.43,49.4,1.85,4.8,2.3,9.7,3.0,Latin America & Caribbean,CRI,survey
Croatia,1988,27.6,2.42,42.2,3.89,14.600000000000001,,0.3459715639810427,,Eastern Europe & FSU,HRV,derived
Croatia,1989,27.9,2.37,42.3,3.81,14.399999999999999,,0.3404255319148936,,Eastern Europe & FSU,HRV,derived
Croatia,1990,27.9,2.4,42.4,3.74,14.5,,0.3419811320754717,,Eastern Europe & FSU,HRV,derived
Croatia,1991,28.0,2.4,42.5,3.65,14.5,,0.3411764705882353,,Eastern Europe & FSU,HRV,derived
Croatia,1992,28.0,2.38,42.6,3.55,14.600000000000001,,0.3427230046948357,,Eastern Europe & FSU,HRV,derived
Croatia,1993,28.1,2.38,42.6,3.45,14.5,4.2,34.0,5.4,Eastern Europe & FSU,HRV,survey
Croatia,1994,28.1,2.31,42.8,3.34,14.7,4.1,34.3,5.3,Eastern Europe & FSU,HRV,survey
Croatia,1995,28.1,2.22,42.8,3.22,14.7,3.9,34.3,5.1,Eastern Europe & FSU,HRV,survey
Croatia,1996,28.2,2.09,42.9,3.08,14.7,3.7,34.3,4.8,Eastern Europe & FSU,HRV,survey
Croatia,1997,28.2,1.92,43.0,2.95,14.8,3.5,34.4,4.6,Eastern Europe & FSU,HRV,survey
Croatia,1998,28.3,1.68,43.1,2.81,14.8,3.3,34.3,4.3,Eastern Europe & FSU,HRV,survey
Croatia,1999,27.9,1.57,43.1,2.69,15.2,3.1,35.3,4.1,Eastern Europe & FSU,HRV,survey
Croatia,2000,27.5,1.43,43.0,2.56,15.5,2.9,36.0,3.9,Eastern Europe & FSU,HRV,survey
Croatia,2001,27.0,1.35,43.0,2.46,16.0,2.8,37.2,3.7,Eastern Europe & FSU,HRV,survey
Croatia,2002,26.6,1.36,43.0,2.39,16.4,2.7,38.1,3.6,Eastern Europe & FSU,HRV,survey
Croatia,2003,26.4,1.33,43.0,2.3,16.6,2.7,38.6,3.5,Eastern Europe & FSU,HRV,survey
Croatia,2004,26.4,1.29,43.1,2.24,16.7,2.6,38.7,3.4,Eastern Europe & FSU,HRV,survey
Croatia,2005,26.3,1.32,43.2,2.18,16.9,2.5,39.1,3.3,Eastern Europe & FSU,HRV,survey
Croatia,2006,26.4,1.29,43.4,2.11,17.0,2.5,39.2,3.3,Eastern Europe & FSU,HRV,survey
Croatia,2007,26.7,1.27,43.6,2.06,16.9,2.4,38.8,3.2,Eastern Europe & FSU,HRV,survey
Croatia,2008,27.4,1.21,43.9,1.98,16.5,2.3,37.6,3.0,Eastern Europe & FSU,HRV,survey
Croatia,2009,28.0,1.12,44.3,1.94,16.3,2.2,36.8,2.9,Eastern Europe & FSU,HRV,survey
Croatia,2010,28.6,1.13,44.6,1.89,16.0,2.2,35.9,2.9,Eastern Europe & FSU,HRV,survey
Croatia,2011,28.8,1.16,44.8,1.87,16.0,2.2,35.7,2.9,Eastern Europe & FSU,HRV,survey
Croatia,2012,29.0,1.14,45.0,1.87,16.0,2.2,35.6,2.9,Eastern Europe & FSU,HRV,survey
Croatia,2013,29.1,1.11,45.1,1.84,16.0,2.1,35.5,2.8,Eastern Europe & FSU,HRV,survey
Croatia,2014,29.1,1.09,45.2,1.81,16.1,2.1,35.6,2.8,Eastern Europe & FSU,HRV,survey
Croatia,2015,28.9,1.11,45.2,1.82,16.3,2.1,36.1,2.8,Eastern Europe & FSU,HRV,survey
Croatia,2016,28.8,1.13,45.1,1.86,16.3,2.2,36.1,2.9,Eastern Europe & FSU,HRV,survey
Croatia,2017,28.6,1.12,45.0,1.87,16.4,2.2,36.4,2.9,Eastern Europe & FSU,HRV,survey
Croatia,2018,28.4,1.13,44.9,1.9,16.5,2.2,36.7,2.9,Eastern Europe & FSU,HRV,survey
Croatia,2019,28.2,1.12,44.8,1.95,16.6,2.2,37.1,2.9,Eastern Europe & FSU,HRV,survey
Croatia,2020,28.1,1.14,44.8,2.02,16.7,2.3,37.3,3.1,Eastern Europe & FSU,HRV,survey
Croatia,2021,28.1,1.16,44.7,2.12,16.6,2.4,37.1,3.2,Eastern Europe & FSU,HRV,survey
Croatia,2022,28.2,1.25,44.8,2.24,16.6,2.6,37.1,3.4,Eastern Europe & FSU,HRV,survey
Croatia,2023,28.2,1.42,44.8,2.43,16.6,2.8,37.1,3.7,Eastern Europe & FSU,HRV,survey
Cyprus,1985,30.5,2.49,44.9,4.74,14.399999999999999,,0.32071269487750553,,Southern Europe,CYP,derived
Cyprus,1986,30.4,2.52,45.0,4.68,14.600000000000001,,0.3244444444444445,,Southern Europe,CYP,derived
Cyprus,1987,30.4,2.54,45.1,4.65,14.700000000000003,,0.3259423503325943,,Southern Europe,CYP,derived
Cyprus,1988,30.3,2.51,45.2,4.58,14.900000000000002,,0.32964601769911506,,Southern Europe,CYP,derived
Cyprus,1989,30.1,2.48,45.3,4.51,15.199999999999996,,0.33554083885209707,,Southern Europe,CYP,derived
Cyprus,1990,30.0,2.44,45.4,4.45,15.399999999999999,,0.33920704845814975,,Southern Europe,CYP,derived
Cyprus,1991,29.9,2.35,45.5,4.37,15.600000000000001,,0.3428571428571429,,Southern Europe,CYP,derived
Cyprus,1992,29.9,2.47,45.6,4.34,15.700000000000003,,0.34429824561403516,,Southern Europe,CYP,derived
Cyprus,1993,29.8,2.56,45.7,4.3,15.900000000000002,,0.3479212253829322,,Southern Europe,CYP,derived
Cyprus,1994,29.7,2.62,45.8,4.27,16.099999999999998,,0.35152838427947597,,Southern Europe,CYP,derived
Cyprus,1995,29.6,2.66,46.0,4.22,16.4,,0.3565217391304348,,Southern Europe,CYP,derived
Cyprus,1996,29.6,2.69,46.1,4.18,16.5,,0.35791757049891537,,Southern Europe,CYP,derived
Cyprus,1997,29.5,2.7,46.2,4.13,16.700000000000003,,0.3614718614718615,,Southern Europe,CYP,derived
Cyprus,1998,29.4,2.7,46.3,4.08,16.9,,0.3650107991360691,,Southern Europe,CYP,derived
Cyprus,1999,29.3,2.66,46.4,4.01,17.099999999999998,,0.36853448275862066,,Southern Europe,CYP,derived
Cyprus,2000,29.2,2.63,46.5,3.94,17.3,,0.3720430107526882,,Southern Europe,CYP,derived
Cyprus,2001,29.2,2.54,46.6,3.86,17.400000000000002,,0.3733905579399142,,Southern Europe,CYP,derived
Cyprus,2002,29.1,2.46,46.7,3.8,17.6,,0.37687366167023556,,Southern Europe,CYP,derived
Cyprus,2003,29.0,2.33,46.8,3.7,17.799999999999997,,0.3803418803418803,,Southern Europe,CYP,derived
Cyprus,2004,28.9,2.18,47.0,3.62,18.1,,0.38510638297872346,,Southern Europe,CYP,derived
Cyprus,2005,28.9,2.08,47.1,3.51,18.200000000000003,,0.386411889596603,,Southern Europe,CYP,derived
Cyprus,2006,28.9,1.99,47.2,3.43,18.300000000000004,,0.38771186440677974,,Southern Europe,CYP,derived
Cyprus,2007,29.0,1.93,47.4,3.36,18.4,,0.3881856540084388,,Southern Europe,CYP,derived
Cyprus,2008,29.2,1.87,47.5,3.3,18.3,,0.38526315789473686,,Southern Europe,CYP,derived
Cyprus,2009,29.4,1.83,47.7,3.26,18.300000000000004,,0.38364779874213845,,Southern Europe,CYP,derived
Cyprus,2010,29.6,1.78,47.9,3.19,18.299999999999997,,0.3820459290187891,,Southern Europe,CYP,derived
Cyprus,2011,29.9,1.73,48.0,3.16,18.1,,0.3770833333333334,,Southern Europe,CYP,derived
Cyprus,2012,30.2,1.69,48.2,3.11,18.000000000000004,,0.3734439834024897,,Southern Europe,CYP,derived
Cyprus,2013,30.5,1.6,48.4,3.07,17.9,,0.36983471074380164,,Southern Europe,CYP,derived
Cyprus,2014,30.5,1.56,48.4,3.04,17.9,,0.36983471074380164,,Southern Europe,CYP,derived
Cyprus,2015,30.4,1.51,48.5,3.03,18.1,,0.3731958762886598,,Southern Europe,CYP,derived
Cyprus,2016,30.2,1.49,48.4,3.04,18.2,,0.37603305785123964,,Southern Europe,CYP,derived
Cyprus,2017,29.9,1.5,48.4,3.05,18.5,,0.3822314049586777,,Southern Europe,CYP,derived
Cyprus,2018,29.8,1.51,48.4,3.09,18.599999999999998,,0.38429752066115697,,Southern Europe,CYP,derived
Cyprus,2019,29.6,1.53,48.4,3.14,18.799999999999997,,0.38842975206611563,,Southern Europe,CYP,derived
Cyprus,2020,29.5,1.57,48.3,3.21,18.799999999999997,,0.38923395445134573,,Southern Europe,CYP,derived
Cyprus,2021,29.4,1.63,48.3,3.3,18.9,,0.391304347826087,,Southern Europe,CYP,derived
Cyprus,2022,29.4,1.74,48.3,3.4,18.9,,0.391304347826087,,Southern Europe,CYP,derived
Cyprus,2023,29.4,1.93,48.3,3.55,18.9,,0.391304347826087,,Southern Europe,CYP,derived
Czech Republic,1988,33.2,0.71,36.2,1.71,3.0,,0.08287292817679558,,Eastern Europe & FSU,CZE,derived
Czech Republic,1989,25.0,0.8,36.3,1.42,11.299999999999997,,0.3112947658402203,,Eastern Europe & FSU,CZE,derived
Czech Republic,1990,23.1,0.91,37.2,1.3,14.100000000000001,,0.3790322580645161,,Eastern Europe & FSU,CZE,derived
Czech Republic,1991,22.3,0.93,38.3,1.14,15.999999999999996,,0.41775456919060044,,Eastern Europe & FSU,CZE,derived
Czech Republic,1992,21.2,0.62,39.4,0.69,18.2,,0.4619289340101523,,Eastern Europe & FSU,CZE,derived
Czech Republic,1993,21.6,0.78,39.8,1.05,18.2,1.3,45.7,1.7,Eastern Europe & FSU,CZE,survey
Czech Republic,1994,22.9,0.99,40.9,1.19,18.0,1.5,44.0,1.9,Eastern Europe & FSU,CZE,survey
Czech Republic,1995,24.0,0.93,41.8,1.12,17.8,1.5,42.6,1.9,Eastern Europe & FSU,CZE,survey
Czech Republic,1996,25.3,0.52,42.9,0.78,17.6,0.9,41.0,1.2,Eastern Europe & FSU,CZE,survey
Czech Republic,1997,25.0,0.98,43.2,1.15,18.2,1.5,42.1,1.9,Eastern Europe & FSU,CZE,survey
Czech Republic,1998,24.7,1.1,43.4,1.33,18.7,1.7,43.1,2.2,Eastern Europe & FSU,CZE,survey
Czech Republic,1999,24.8,1.16,44.0,1.41,19.2,1.8,43.6,2.3,Eastern Europe & FSU,CZE,survey
Czech Republic,2000,25.0,1.16,44.5,1.4,19.5,1.8,43.8,2.3,Eastern Europe & FSU,CZE,survey
Czech Republic,2001,25.3,1.07,45.1,1.33,19.8,1.7,43.9,2.2,Eastern Europe & FSU,CZE,survey
Czech Republic,2002,25.5,0.83,45.7,1.12,20.2,1.4,44.2,1.8,Eastern Europe & FSU,CZE,survey
Czech Republic,2003,25.7,1.0,45.9,1.19,20.2,1.6,44.0,2.0,Eastern Europe & FSU,CZE,survey
Czech Republic,2004,25.8,0.95,46.0,1.08,20.2,1.4,43.9,1.8,Eastern Europe & FSU,CZE,survey
Czech Republic,2005,25.8,0.9,45.9,0.98,20.1,1.3,43.8,1.6,Eastern Europe & FSU,CZE,survey
Czech Republic,2006,25.6,0.81,45.6,0.89,20.0,1.2,43.9,1.5,Eastern Europe & FSU,CZE,survey
Czech Republic,2007,25.4,0.72,45.1,0.84,19.7,1.1,43.7,1.4,Eastern Europe & FSU,CZE,survey
Czech Republic,2008,25.5,0.79,44.8,0.89,19.3,1.2,43.1,1.5,Eastern Europe & FSU,CZE,survey
Czech Republic,2009,25.5,0.78,44.8,0.81,19.3,1.1,43.1,1.4,Eastern Europe & FSU,CZE,survey
Czech Republic,2010,25.5,0.69,45.0,0.78,19.5,1.0,43.3,1.3,Eastern Europe & FSU,CZE,survey
Czech Republic,2011,25.5,0.71,45.3,0.86,19.8,1.1,43.7,1.4,Eastern Europe & FSU,CZE,survey
Czech Republic,2012,25.5,0.81,45.3,0.85,19.8,1.2,43.7,1.5,Eastern Europe & FSU,CZE,survey
Czech Republic,2013,25.7,0.86,45.5,0.88,19.8,1.2,43.5,1.5,Eastern Europe & FSU,CZE,survey
Czech Republic,2014,25.7,0.79,45.3,0.88,19.6,1.2,43.3,1.5,Eastern Europe & FSU,CZE,survey
Czech Republic,2015,25.6,0.81,45.0,0.91,19.4,1.2,43.1,1.5,Eastern Europe & FSU,CZE,survey
Czech Republic,2016,25.4,0.82,44.3,0.86,18.9,1.2,42.7,1.5,Eastern Europe & FSU,CZE,survey
Czech Republic,2017,25.1,0.7,43.6,0.8,18.5,1.1,42.4,1.4,Eastern Europe & FSU,CZE,survey
Czech Republic,2018,25.0,0.64,43.3,0.83,18.3,1.0,42.3,1.3,Eastern Europe & FSU,CZE,survey
Czech Republic,2019,25.0,0.7,43.3,0.84,18.3,1.1,42.3,1.4,Eastern Europe & FSU,CZE,survey
Czech Republic,2020,25.2,0.84,43.6,0.87,18.4,1.2,42.2,1.5,Eastern Europe & FSU,CZE,survey
Czech Republic,2021,25.2,0.75,43.4,0.89,18.2,1.2,41.9,1.5,Eastern Europe & FSU,CZE,survey
Czech Republic,2022,25.0,0.69,43.1,0.82,18.1,1.1,42.0,1.4,Eastern Europe & FSU,CZE,survey
Czech Republic,2023,24.6,0.79,42.9,0.95,18.3,1.2,42.7,1.5,Eastern Europe & FSU,CZE,survey
Côte d'Ivoire,1985,47.7,2.19,48.0,2.62,0.3,3.4,0.6,4.3,Sub-Saharan Africa,CIV,survey
Côte d'Ivoire,1986,47.4,2.05,47.9,2.48,0.5,3.2,1.0,4.0,Sub-Saharan Africa,CIV,survey
Côte d'Ivoire,1987,47.3,2.0,48.0,2.42,0.7,3.1,1.5,3.9,Sub-Saharan Africa,CIV,survey
Côte d'Ivoire,1988,47.2,2.02,48.0,2.43,0.8,3.2,1.7,4.0,Sub-Saharan Africa,CIV,survey
Côte d'Ivoire,1989,47.3,2.09,48.2,2.45,0.9,3.2,1.9,4.0,Sub-Saharan Africa,CIV,survey
Côte d'Ivoire,1990,47.5,2.12,48.4,2.47,0.9,3.3,1.9,4.1,Sub-Saharan Africa,CIV,survey
Côte d'Ivoire,1991,47.6,2.11,48.6,2.44,1.0,3.2,2.1,4.0,Sub-Saharan Africa,CIV,survey
Côte d'Ivoire,1992,47.8,2.04,48.8,2.39,1.0,3.1,2.0,3.9,Sub-Saharan Africa,CIV,survey
Côte d'Ivoire,1993,48.0,2.11,49.1,2.42,1.1,3.2,2.2,4.0,Sub-Saharan Africa,CIV,survey
Côte d'Ivoire,1994,48.1,2.13,49.4,2.4,1.3,3.2,2.6,4.0,Sub-Saharan Africa,CIV,survey
Côte d'Ivoire,1995,48.3,2.07,49.7,2.37,1.4,3.1,2.8,3.9,Sub-Saharan Africa,CIV,survey
Côte d'Ivoire,1996,48.6,2.08,50.0,2.39,1.4,3.2,2.8,4.0,Sub-Saharan Africa,CIV,survey
Côte d'Ivoire,1997,48.9,2.05,50.3,2.34,1.4,3.1,2.8,3.9,Sub-Saharan Africa,CIV,survey
Côte d'Ivoire,1998,49.2,2.0,50.6,2.28,1.4,3.0,2.8,3.8,Sub-Saharan Africa,CIV,survey
Côte d'Ivoire,1999,49.9,2.03,51.3,2.27,1.4,3.0,2.7,3.8,Sub-Saharan Africa,CIV,survey
Côte d'Ivoire,2000,50.6,2.05,51.9,2.22,1.3,3.0,2.5,3.7,Sub-Saharan Africa,CIV,survey
Côte d'Ivoire,2001,51.3,1.99,52.6,2.15,1.3,2.9,2.5,3.6,Sub-Saharan Africa,CIV,survey
Côte d'Ivoire,2002,52.1,1.92,53.3,2.03,1.2,2.8,2.3,3.5,Sub-Saharan Africa,CIV,survey
Côte d'Ivoire,2003,52.2,2.03,53.4,2.15,1.2,3.0,2.2,3.7,Sub-Saharan Africa,CIV,survey
Côte d'Ivoire,2004,52.3,2.11,53.6,2.21,1.3,3.1,2.4,3.8,Sub-Saharan Africa,CIV,survey
Côte d'Ivoire,2005,52.5,2.14,53.7,2.25,1.2,3.1,2.2,3.8,Sub-Saharan Africa,CIV,survey
Côte d'Ivoire,2006,52.6,2.15,53.9,2.25,1.3,3.1,2.4,3.8,Sub-Saharan Africa,CIV,survey
Côte d'Ivoire,2007,52.7,2.12,54.1,2.21,1.4,3.1,2.6,3.8,Sub-Saharan Africa,CIV,survey
Côte d'Ivoire,2008,52.8,2.05,54.2,2.12,1.4,2.9,2.6,3.6,Sub-Saharan Africa,CIV,survey
Côte d'Ivoire,2009,52.9,2.11,54.4,2.21,1.5,3.1,2.8,3.8,Sub-Saharan Africa,CIV,survey
Côte d'Ivoire,2010,52.9,2.12,54.5,2.24,1.6,3.1,2.9,3.8,Sub-Saharan Africa,CIV,survey
Côte d'Ivoire,2011,53.0,2.14,54.7,2.24,1.7,3.1,3.1,3.8,Sub-Saharan Africa,CIV,survey
Côte d'Ivoire,2012,53.0,2.14,54.8,2.18,1.8,3.1,3.3,3.8,Sub-Saharan Africa,CIV,survey
Côte d'Ivoire,2013,53.1,2.05,55.0,2.09,1.9,2.9,3.5,3.6,Sub-Saharan Africa,CIV,survey
Côte d'Ivoire,2014,53.1,1.96,55.1,1.98,2.0,2.8,3.6,3.4,Sub-Saharan Africa,CIV,survey
Côte d'Ivoire,2015,53.2,1.81,55.3,1.83,2.1,2.6,3.8,3.2,Sub-Saharan Africa,CIV,survey
Côte d'Ivoire,2016,52.2,1.98,54.7,2.06,2.5,2.9,4.6,3.6,Sub-Saharan Africa,CIV,survey
Côte d'Ivoire,2017,51.2,2.11,54.2,2.25,3.0,3.1,5.5,3.8,Sub-Saharan Africa,CIV,survey
Côte d'Ivoire,2018,50.3,2.18,53.6,2.41,3.3,3.2,6.2,4.0,Sub-Saharan Africa,CIV,survey
Côte d'Ivoire,2019,49.7,2.34,53.3,2.58,3.6,3.5,6.8,4.3,Sub-Saharan Africa,CIV,survey
Côte d'Ivoire,2020,49.2,2.5,53.0,2.77,3.8,3.7,7.2,4.6,Sub-Saharan Africa,CIV,survey
Côte d'Ivoire,2021,48.7,2.61,52.7,2.91,4.0,3.9,7.6,4.9,Sub-Saharan Africa,CIV,survey
Denmark,1976,24.3,1.45,42.7,2.39,18.4,2.8,43.1,3.7,Nordic,DNK,survey
Denmark,1977,24.0,1.52,42.6,2.33,18.6,2.8,43.7,3.6,Nordic,DNK,survey
Denmark,1978,23.7,1.51,42.6,2.23,18.9,2.7,44.4,3.5,Nordic,DNK,survey
Denmark,1979,23.4,1.41,42.5,2.1,19.1,2.5,44.9,3.3,Nordic,DNK,survey
Denmark,1980,23.1,1.2,42.5,1.95,19.4,2.3,45.6,3.0,Nordic,DNK,survey
Denmark,1981,23.1,1.19,42.3,1.85,19.2,2.2,45.4,2.9,Nordic,DNK,survey
Denmark,1982,22.9,1.16,42.1,1.74,19.2,2.1,45.6,2.7,Nordic,DNK,survey
Denmark,1983,22.6,1.06,41.8,1.61,19.2,1.9,45.9,2.5,Nordic,DNK,survey
Denmark,1984,22.4,0.99,41.7,1.45,19.3,1.8,46.3,2.3,Nordic,DNK,survey
Denmark,1985,22.3,0.73,41.5,1.2,19.2,1.4,46.3,1.8,Nordic,DNK,survey
Denmark,1986,22.8,0.74,41.6,1.09,18.8,1.3,45.2,1.7,Nordic,DNK,survey
Denmark,1987,24.3,0.62,41.6,0.81,17.3,1.0,41.6,1.3,Nordic,DNK,survey
Denmark,1988,23.0,0.81,41.6,1.07,18.6,1.3,44.7,1.7,Nordic,DNK,survey
Denmark,1989,22.5,0.81,41.7,1.14,19.2,1.4,46.0,1.8,Nordic,DNK,survey
Denmark,1990,22.6,0.73,42.2,1.08,19.6,1.3,46.4,1.7,Nordic,DNK,survey
Denmark,1991,22.7,0.84,42.8,1.08,20.1,1.4,47.0,1.8,Nordic,DNK,survey
Denmark,1992,23.4,0.67,43.8,0.89,20.4,1.1,46.6,1.4,Nordic,DNK,survey
Denmark,1993,22.8,0.74,43.6,0.99,20.8,1.2,47.7,1.6,Nordic,DNK,survey
Denmark,1994,22.2,0.74,43.6,0.92,21.4,1.2,49.1,1.5,Nordic,DNK,survey
Denmark,1995,22.0,0.36,44.2,0.4,22.2,0.5,50.2,0.6,Nordic,DNK,survey
Denmark,1996,22.1,0.81,43.6,0.97,21.5,1.3,49.3,1.6,Nordic,DNK,survey
Denmark,1997,22.3,0.9,43.3,1.1,21.0,1.4,48.5,1.8,Nordic,DNK,survey
Denmark,1998,22.5,0.91,43.3,1.12,20.8,1.4,48.0,1.8,Nordic,DNK,survey
Denmark,1999,22.6,0.83,43.4,0.97,20.8,1.3,47.9,1.6,Nordic,DNK,survey
Denmark,2000,22.6,0.26,43.7,0.41,21.1,0.5,48.3,0.6,Nordic,DNK,survey
Denmark,2001,22.8,0.89,43.8,0.99,21.0,1.3,47.9,1.6,Nordic,DNK,survey
Denmark,2002,23.0,0.95,44.0,1.11,21.0,1.5,47.7,1.9,Nordic,DNK,survey
Denmark,2003,23.1,0.83,44.3,0.99,21.2,1.3,47.9,1.6,Nordic,DNK,survey
Denmark,2004,23.1,0.32,44.8,0.45,21.7,0.6,48.4,0.8,Nordic,DNK,survey
Denmark,2005,23.7,0.72,44.7,0.87,21.0,1.1,47.0,1.4,Nordic,DNK,survey
Denmark,2006,24.3,0.69,44.7,0.87,20.4,1.1,45.6,1.4,Nordic,DNK,survey
Denmark,2007,24.1,0.39,44.4,0.39,20.3,0.6,45.7,0.7,Nordic,DNK,survey
Denmark,2008,24.4,0.73,45.2,0.88,20.8,1.1,46.0,1.4,Nordic,DNK,survey
Denmark,2009,24.7,0.7,46.1,0.87,21.4,1.1,46.4,1.4,Nordic,DNK,survey
Denmark,2010,25.1,0.38,46.9,0.49,21.8,0.6,46.5,0.8,Nordic,DNK,survey
Denmark,2011,25.6,0.59,47.1,0.81,21.5,1.0,45.6,1.3,Nordic,DNK,survey
Denmark,2012,25.7,0.63,47.4,0.81,21.7,1.0,45.8,1.3,Nordic,DNK,survey
Denmark,2013,25.3,0.34,48.1,0.44,22.8,0.6,47.4,0.7,Nordic,DNK,survey
Denmark,2014,26.5,0.59,48.8,0.75,22.3,1.0,45.7,1.2,Nordic,DNK,survey
Denmark,2015,27.4,0.23,50.0,0.29,22.6,0.4,45.2,0.5,Nordic,DNK,survey
Denmark,2016,27.5,0.23,50.0,0.23,22.5,0.3,45.0,0.4,Nordic,DNK,survey
Denmark,2017,27.7,0.23,49.8,0.23,22.1,0.3,44.4,0.4,Nordic,DNK,survey
Denmark,2018,27.8,0.26,49.6,0.23,21.8,0.3,44.0,0.4,Nordic,DNK,survey
Denmark,2019,28.0,0.28,50.0,0.26,22.0,0.4,44.0,0.5,Nordic,DNK,survey
Denmark,2020,28.0,0.26,49.9,0.23,21.9,0.3,43.9,0.4,Nordic,DNK,survey
Denmark,2021,28.5,0.28,49.8,0.23,21.3,0.4,42.8,0.5,Nordic,DNK,survey
Denmark,2022,28.8,0.29,49.1,0.26,20.3,0.4,41.3,0.5,Nordic,DNK,survey
Denmark,2023,28.8,0.92,49.5,1.08,20.7,1.4,41.8,1.8,Nordic,DNK,survey
Denmark,2024,28.8,1.32,49.7,1.52,20.9,2.0,42.1,2.5,Nordic,DNK,survey
Dominican Republic,1986,45.6,2.71,48.0,3.31,2.4,4.3,5.0,5.4,Latin America & Caribbean,DOM,survey
Dominican Republic,1987,45.8,2.62,48.1,3.22,2.3,4.2,4.8,5.3,Latin America & Caribbean,DOM,survey
Dominican Republic,1988,45.9,2.51,48.2,3.11,2.3,4.0,4.8,5.1,Latin America & Caribbean,DOM,survey
Dominican Republic,1989,46.1,2.37,48.4,3.0,2.3,3.8,4.8,4.8,Latin America & Caribbean,DOM,survey
Dominican Republic,1990,46.2,2.31,48.5,2.91,2.3,3.7,4.7,4.7,Latin America & Caribbean,DOM,survey
Dominican Republic,1991,46.3,2.21,48.6,2.81,2.3,3.6,4.7,4.6,Latin America & Caribbean,DOM,survey
Dominican Republic,1992,46.4,2.06,48.6,2.7,2.2,3.4,4.5,4.3,Latin America & Caribbean,DOM,survey
Dominican Republic,1993,46.4,1.95,48.7,2.61,2.3,3.3,4.7,4.2,Latin America & Caribbean,DOM,survey
Dominican Republic,1994,46.4,1.79,48.7,2.48,2.3,3.1,4.7,4.0,Latin America & Caribbean,DOM,survey
Dominican Republic,1995,46.4,1.55,48.8,2.31,2.4,2.8,4.9,3.6,Latin America & Caribbean,DOM,survey
Dominican Republic,1996,46.5,1.23,48.8,2.13,2.3,2.5,4.7,3.3,Latin America & Caribbean,DOM,survey
Dominican Republic,1997,47.0,1.22,49.1,2.08,2.1,2.4,4.3,3.2,Latin America & Caribbean,DOM,survey
Dominican Republic,1998,47.5,1.37,49.4,2.08,1.9,2.5,3.8,3.3,Latin America & Caribbean,DOM,survey
Dominican Republic,1999,48.0,1.35,49.7,2.03,1.7,2.4,3.4,3.1,Latin America & Caribbean,DOM,survey
Dominican Republic,2000,48.6,1.16,50.0,1.92,1.4,2.2,2.8,2.9,Latin America & Caribbean,DOM,survey
Dominican Republic,2001,48.5,1.09,50.1,1.86,1.6,2.2,3.2,2.9,Latin America & Caribbean,DOM,survey
Dominican Republic,2002,48.7,1.06,50.3,1.83,1.6,2.1,3.2,2.8,Latin America & Caribbean,DOM,survey
Dominican Republic,2003,49.3,1.06,50.6,1.8,1.3,2.1,2.6,2.8,Latin America & Caribbean,DOM,survey
Dominican Republic,2004,49.5,1.04,50.7,1.77,1.2,2.1,2.4,2.7,Latin America & Caribbean,DOM,survey
Dominican Republic,2005,49.3,1.0,50.6,1.73,1.3,2.0,2.6,2.6,Latin America & Caribbean,DOM,survey
Dominican Republic,2006,49.8,1.03,50.6,1.66,0.8,2.0,1.6,2.6,Latin America & Caribbean,DOM,survey
Dominican Republic,2007,48.9,1.12,50.2,1.58,1.3,1.9,2.6,2.5,Latin America & Caribbean,DOM,survey
Dominican Republic,2008,47.6,1.07,49.4,1.64,1.8,2.0,3.6,2.6,Latin America & Caribbean,DOM,survey
Dominican Republic,2009,47.0,1.07,48.9,1.69,1.9,2.0,3.9,2.6,Latin America & Caribbean,DOM,survey
Dominican Republic,2010,46.3,1.07,48.3,1.71,2.0,2.0,4.1,2.6,Latin America & Caribbean,DOM,survey
Dominican Republic,2011,45.8,1.06,47.7,1.74,1.9,2.0,4.0,2.7,Latin America & Caribbean,DOM,survey
Dominican Republic,2012,45.1,1.05,47.0,1.73,1.9,2.0,4.0,2.6,Latin America & Caribbean,DOM,survey
Dominican Republic,2013,44.7,1.06,46.4,1.72,1.7,2.0,3.7,2.6,Latin America & Caribbean,DOM,survey
Dominican Republic,2014,43.6,1.01,45.4,1.7,1.8,2.0,4.0,2.6,Latin America & Caribbean,DOM,survey
Dominican Republic,2015,43.0,1.02,44.6,1.69,1.6,2.0,3.6,2.6,Latin America & Caribbean,DOM,survey
Dominican Republic,2016,42.0,0.96,43.7,1.65,1.7,1.9,3.9,2.5,Latin America & Caribbean,DOM,survey
Dominican Republic,2017,41.1,1.05,42.8,1.67,1.7,2.0,4.0,2.6,Latin America & Caribbean,DOM,survey
Dominican Republic,2018,40.5,1.1,42.1,1.67,1.6,2.0,3.8,2.6,Latin America & Caribbean,DOM,survey
Dominican Republic,2019,39.6,1.05,41.2,1.64,1.6,1.9,3.9,2.5,Latin America & Caribbean,DOM,survey
Dominican Republic,2020,38.3,1.01,40.2,1.61,1.9,1.9,4.7,2.5,Latin America & Caribbean,DOM,survey
Dominican Republic,2021,37.3,0.98,39.5,1.62,2.2,1.9,5.6,2.5,Latin America & Caribbean,DOM,survey
Dominican Republic,2022,36.6,0.99,38.9,1.66,2.3,1.9,5.9,2.5,Latin America & Caribbean,DOM,survey
Dominican Republic,2023,36.7,1.02,38.8,1.72,2.1,2.0,5.4,2.6,Latin America & Caribbean,DOM,survey
Dominican Republic,2024,37.0,1.14,38.8,1.86,1.8,2.2,4.6,2.9,Latin America & Caribbean,DOM,survey
Ecuador,1994,50.6,2.6,49.7,3.49,-0.9,4.4,-1.8,5.6,Latin America & Caribbean,ECU,survey
Ecuador,1995,50.7,2.44,49.9,3.41,-0.8,4.2,-1.6,5.4,Latin America & Caribbean,ECU,survey
Ecuador,1996,50.9,2.28,50.0,3.28,-0.9,4.0,-1.8,5.2,Latin America & Caribbean,ECU,survey
Ecuador,1997,51.1,2.07,50.1,3.13,-1.0,3.8,-2.0,4.9,Latin America & Caribbean,ECU,survey
Ecuador,1998,51.2,1.83,50.3,2.98,-0.9,3.5,-1.8,4.6,Latin America & Caribbean,ECU,survey
Ecuador,1999,51.5,1.59,50.4,2.87,-1.1,3.3,-2.2,4.4,Latin America & Caribbean,ECU,survey
Ecuador,2000,51.2,1.57,50.2,2.82,-1.0,3.2,-2.0,4.3,Latin America & Caribbean,ECU,survey
Ecuador,2001,50.8,1.54,49.9,2.75,-0.9,3.2,-1.8,4.2,Latin America & Caribbean,ECU,survey
Ecuador,2002,50.4,1.45,49.6,2.7,-0.8,3.1,-1.6,4.1,Latin America & Caribbean,ECU,survey
Ecuador,2003,50.1,1.28,49.3,2.6,-0.8,2.9,-1.6,3.9,Latin America & Caribbean,ECU,survey
Ecuador,2004,49.6,1.19,48.9,2.54,-0.7,2.8,-1.4,3.8,Latin America & Caribbean,ECU,survey
Ecuador,2005,49.2,1.14,48.5,2.48,-0.7,2.7,-1.4,3.7,Latin America & Caribbean,ECU,survey
Ecuador,2006,48.6,1.05,48.0,2.43,-0.6,2.6,-1.2,3.6,Latin America & Caribbean,ECU,survey
Ecuador,2007,47.9,1.11,47.3,2.42,-0.6,2.7,-1.3,3.6,Latin America & Caribbean,ECU,survey
Ecuador,2008,46.8,1.11,46.4,2.41,-0.4,2.7,-0.9,3.6,Latin America & Caribbean,ECU,survey
Ecuador,2009,45.8,1.1,45.6,2.39,-0.2,2.6,-0.4,3.5,Latin America & Caribbean,ECU,survey
Ecuador,2010,45.0,1.12,44.8,2.35,-0.2,2.6,-0.4,3.5,Latin America & Caribbean,ECU,survey
Ecuador,2011,44.0,1.1,44.1,2.32,0.1,2.6,0.2,3.5,Latin America & Caribbean,ECU,survey
Ecuador,2012,43.4,1.08,43.6,2.29,0.2,2.5,0.5,3.4,Latin America & Caribbean,ECU,survey
Ecuador,2013,43.1,1.08,43.2,2.28,0.1,2.5,0.2,3.4,Latin America & Caribbean,ECU,survey
Ecuador,2014,42.6,1.06,42.7,2.26,0.1,2.5,0.2,3.4,Latin America & Caribbean,ECU,survey
Ecuador,2015,42.4,1.09,42.4,2.27,0.0,2.5,0.0,3.4,Latin America & Caribbean,ECU,survey
Ecuador,2016,42.1,1.1,42.1,2.28,0.0,2.5,0.0,3.4,Latin America & Caribbean,ECU,survey
Ecuador,2017,42.0,1.09,41.9,2.28,-0.1,2.5,-0.2,3.4,Latin America & Caribbean,ECU,survey
Ecuador,2018,42.0,1.1,41.8,2.32,-0.2,2.6,-0.5,3.5,Latin America & Caribbean,ECU,survey
Ecuador,2019,42.2,1.11,41.8,2.33,-0.4,2.6,-1.0,3.5,Latin America & Caribbean,ECU,survey
Ecuador,2020,42.3,1.13,41.8,2.33,-0.5,2.6,-1.2,3.5,Latin America & Caribbean,ECU,survey
Ecuador,2021,42.1,1.14,41.6,2.32,-0.5,2.6,-1.2,3.5,Latin America & Caribbean,ECU,survey
Ecuador,2022,41.8,1.15,41.5,2.35,-0.3,2.6,-0.7,3.5,Latin America & Caribbean,ECU,survey
Ecuador,2023,41.6,1.22,41.3,2.4,-0.3,2.7,-0.7,3.6,Latin America & Caribbean,ECU,survey
Ecuador,2024,41.5,1.33,41.3,2.53,-0.2,2.9,-0.5,3.8,Latin America & Caribbean,ECU,survey
Ecuador,2025,41.6,1.68,41.3,2.75,-0.3,3.2,-0.7,4.2,Latin America & Caribbean,ECU,survey
Egypt,1975,33.0,2.65,34.7,3.18,1.7000000000000028,,0.048991354466858865,,MENA,EGY,derived
Egypt,1976,32.9,2.72,34.8,3.22,1.8999999999999986,,0.05459770114942525,,MENA,EGY,derived
Egypt,1977,32.9,2.78,34.8,3.26,1.8999999999999986,,0.05459770114942525,,MENA,EGY,derived
Egypt,1978,32.8,2.84,34.8,3.26,2.0,,0.0574712643678161,,MENA,EGY,derived
Egypt,1979,32.8,2.86,34.8,3.25,2.0,,0.0574712643678161,,MENA,EGY,derived
Egypt,1980,32.8,2.87,34.8,3.25,2.0,,0.0574712643678161,,MENA,EGY,derived
Egypt,1981,32.7,2.86,34.8,3.23,2.0999999999999943,,0.06034482758620674,,MENA,EGY,derived
Egypt,1982,32.7,2.86,34.7,3.18,2.0,,0.05763688760806916,,MENA,EGY,derived
Egypt,1983,32.6,2.8,34.7,3.14,2.1000000000000014,,0.06051873198847266,,MENA,EGY,derived
Egypt,1984,32.6,2.77,34.7,3.08,2.1000000000000014,,0.06051873198847266,,MENA,EGY,derived
Egypt,1985,32.5,2.71,34.7,3.02,2.200000000000003,,0.06340057636887615,,MENA,EGY,derived
Egypt,1986,32.5,2.63,34.8,2.93,2.299999999999997,,0.06609195402298843,,MENA,EGY,derived
Egypt,1987,32.5,2.54,34.8,2.83,2.299999999999997,,0.06609195402298843,,MENA,EGY,derived
Egypt,1988,32.4,2.41,34.8,2.72,2.3999999999999986,,0.06896551724137928,,MENA,EGY,derived
Egypt,1989,32.4,2.27,34.8,2.6,2.3999999999999986,,0.06896551724137928,,MENA,EGY,derived
Egypt,1990,32.4,2.09,34.8,2.45,2.3999999999999986,,0.06896551724137928,,MENA,EGY,derived
Egypt,1991,32.3,2.0,34.8,2.32,2.5,,0.07183908045977012,,MENA,EGY,derived
Egypt,1992,32.4,1.98,34.8,2.28,2.3999999999999986,,0.06896551724137928,,MENA,EGY,derived
Egypt,1993,32.4,1.89,34.8,2.18,2.3999999999999986,,0.06896551724137928,,MENA,EGY,derived
Egypt,1994,32.3,1.77,34.9,2.03,2.6000000000000014,,0.0744985673352436,,MENA,EGY,derived
Egypt,1995,32.3,1.58,34.9,1.84,2.6000000000000014,,0.0744985673352436,,MENA,EGY,derived
Egypt,1996,32.5,1.48,35.0,1.71,2.5,,0.07142857142857142,,MENA,EGY,derived
Egypt,1997,32.6,1.4,35.1,1.62,2.5,,0.07122507122507123,,MENA,EGY,derived
Egypt,1998,32.6,1.22,35.1,1.45,2.5,,0.07122507122507123,,MENA,EGY,derived
Egypt,1999,32.7,0.89,35.1,1.21,2.3999999999999986,,0.06837606837606833,,MENA,EGY,derived
Egypt,2000,32.9,1.14,35.2,1.35,2.3000000000000043,,0.06534090909090921,,MENA,EGY,derived
Egypt,2001,32.7,1.34,35.0,1.5,2.299999999999997,,0.06571428571428563,,MENA,EGY,derived
Egypt,2002,32.5,1.36,34.8,1.52,2.299999999999997,,0.06609195402298843,,MENA,EGY,derived
Egypt,2003,32.2,1.22,34.6,1.42,2.3999999999999986,,0.06936416184971093,,MENA,EGY,derived
Egypt,2004,32.0,0.88,34.4,1.16,2.3999999999999986,,0.06976744186046507,,MENA,EGY,derived
Egypt,2005,31.8,1.08,34.2,1.29,2.400000000000002,,0.07017543859649128,,MENA,EGY,derived
Egypt,2006,31.5,1.18,34.0,1.37,2.5,,0.07352941176470588,,MENA,EGY,derived
Egypt,2007,31.2,1.14,33.6,1.32,2.400000000000002,,0.0714285714285715,,MENA,EGY,derived
Egypt,2008,30.8,0.81,33.3,1.07,2.4999999999999964,,0.07507507507507498,,MENA,EGY,derived
Egypt,2009,30.8,0.96,33.2,1.17,2.400000000000002,,0.07228915662650608,,MENA,EGY,derived
Egypt,2010,30.4,0.82,32.9,1.06,2.5,,0.07598784194528875,,MENA,EGY,derived
Egypt,2011,30.1,1.03,32.6,1.2,2.5,,0.07668711656441718,,MENA,EGY,derived
Egypt,2012,29.8,0.84,32.4,1.08,2.599999999999998,,0.08024691358024685,,MENA,EGY,derived
Egypt,2013,30.0,1.13,32.5,1.3,2.5,,0.07692307692307693,,MENA,EGY,derived
Egypt,2014,30.2,1.15,32.6,1.31,2.400000000000002,,0.07361963190184055,,MENA,EGY,derived
Egypt,2015,30.3,0.89,32.6,1.15,2.3000000000000007,,0.07055214723926383,,MENA,EGY,derived
Egypt,2016,30.1,1.05,32.5,1.25,2.3999999999999986,,0.0738461538461538,,MENA,EGY,derived
Egypt,2017,29.9,0.86,32.4,1.15,2.5,,0.0771604938271605,,MENA,EGY,derived
Egypt,2018,30.3,1.05,32.8,1.32,2.4999999999999964,,0.07621951219512185,,MENA,EGY,derived
Egypt,2019,30.2,0.94,32.7,1.3,2.5000000000000036,,0.07645259938837931,,MENA,EGY,derived
Egypt,2020,30.6,1.35,33.0,1.66,2.3999999999999986,,0.07272727272727268,,MENA,EGY,derived
Egypt,2021,30.9,1.62,33.2,1.94,2.3000000000000043,,0.06927710843373507,,MENA,EGY,derived
Egypt,2022,31.5,1.89,33.6,2.22,2.1000000000000014,,0.06250000000000004,,MENA,EGY,derived
Egypt,2023,32.0,2.13,33.9,2.44,1.8999999999999986,,0.05604719764011795,,MENA,EGY,derived
El Salvador,1989,47.3,2.73,45.6,3.61,-1.7,4.5,-3.7,5.8,Latin America & Caribbean,SLV,survey
El Salvador,1990,47.4,2.61,45.8,3.5,-1.6,4.4,-3.5,5.6,Latin America & Caribbean,SLV,survey
El Salvador,1991,47.6,2.46,45.9,3.38,-1.7,4.2,-3.7,5.4,Latin America & Caribbean,SLV,survey
El Salvador,1992,47.6,2.39,46.0,3.32,-1.6,4.1,-3.5,5.3,Latin America & Caribbean,SLV,survey
El Salvador,1993,47.7,2.28,46.0,3.22,-1.7,3.9,-3.7,5.1,Latin America & Caribbean,SLV,survey
El Salvador,1994,47.7,2.14,46.1,3.1,-1.6,3.8,-3.5,4.9,Latin America & Caribbean,SLV,survey
El Salvador,1995,47.7,1.96,46.1,2.98,-1.6,3.6,-3.5,4.7,Latin America & Caribbean,SLV,survey
El Salvador,1996,47.8,1.85,46.2,2.89,-1.6,3.4,-3.5,4.5,Latin America & Caribbean,SLV,survey
El Salvador,1997,47.9,1.73,46.2,2.8,-1.7,3.3,-3.7,4.3,Latin America & Caribbean,SLV,survey
El Salvador,1998,47.9,1.6,46.3,2.71,-1.6,3.1,-3.5,4.1,Latin America & Caribbean,SLV,survey
El Salvador,1999,47.9,1.43,46.2,2.61,-1.7,3.0,-3.7,4.0,Latin America & Caribbean,SLV,survey
El Salvador,2000,47.8,1.24,46.1,2.49,-1.7,2.8,-3.7,3.7,Latin America & Caribbean,SLV,survey
El Salvador,2001,47.5,1.15,45.9,2.42,-1.6,2.7,-3.5,3.6,Latin America & Caribbean,SLV,survey
El Salvador,2002,47.1,1.14,45.5,2.42,-1.6,2.7,-3.5,3.6,Latin America & Caribbean,SLV,survey
El Salvador,2003,46.4,1.13,45.0,2.38,-1.4,2.6,-3.1,3.5,Latin America & Caribbean,SLV,survey
El Salvador,2004,45.5,1.12,44.3,2.35,-1.2,2.6,-2.7,3.5,Latin America & Caribbean,SLV,survey
El Salvador,2005,44.8,1.12,43.7,2.32,-1.1,2.6,-2.5,3.5,Latin America & Caribbean,SLV,survey
El Salvador,2006,43.9,1.11,43.0,2.3,-0.9,2.6,-2.1,3.5,Latin America & Caribbean,SLV,survey
El Salvador,2007,43.3,1.12,42.4,2.27,-0.9,2.5,-2.1,3.4,Latin America & Caribbean,SLV,survey
El Salvador,2008,43.0,1.12,41.9,2.25,-1.1,2.5,-2.6,3.4,Latin America & Caribbean,SLV,survey
El Salvador,2009,42.3,1.09,41.4,2.23,-0.9,2.5,-2.2,3.4,Latin America & Caribbean,SLV,survey
El Salvador,2010,41.4,1.07,40.7,2.18,-0.7,2.4,-1.7,3.2,Latin America & Caribbean,SLV,survey
El Salvador,2011,40.6,1.07,40.0,2.16,-0.6,2.4,-1.5,3.2,Latin America & Caribbean,SLV,survey
El Salvador,2012,40.1,1.06,39.5,2.12,-0.6,2.4,-1.5,3.2,Latin America & Caribbean,SLV,survey
El Salvador,2013,39.9,1.06,39.1,2.11,-0.8,2.4,-2.0,3.2,Latin America & Caribbean,SLV,survey
El Salvador,2014,39.2,1.05,38.5,2.1,-0.7,2.3,-1.8,3.1,Latin America & Caribbean,SLV,survey
El Salvador,2015,38.5,1.08,38.0,2.11,-0.5,2.4,-1.3,3.2,Latin America & Caribbean,SLV,survey
El Salvador,2016,37.9,1.09,37.4,2.09,-0.5,2.4,-1.3,3.2,Latin America & Caribbean,SLV,survey
El Salvador,2017,37.3,1.08,37.0,2.09,-0.3,2.4,-0.8,3.2,Latin America & Caribbean,SLV,survey
El Salvador,2018,37.1,1.1,36.8,2.13,-0.3,2.4,-0.8,3.2,Latin America & Caribbean,SLV,survey
El Salvador,2019,37.1,1.13,36.6,2.15,-0.5,2.4,-1.4,3.2,Latin America & Caribbean,SLV,survey
El Salvador,2020,37.1,1.22,36.6,2.2,-0.5,2.5,-1.4,3.3,Latin America & Caribbean,SLV,survey
El Salvador,2021,37.1,1.2,36.5,2.23,-0.6,2.5,-1.6,3.4,Latin America & Caribbean,SLV,survey
El Salvador,2022,37.1,1.29,36.5,2.31,-0.6,2.6,-1.6,3.5,Latin America & Caribbean,SLV,survey
El Salvador,2023,37.2,1.58,36.5,2.51,-0.7,3.0,-1.9,3.9,Latin America & Caribbean,SLV,survey
Estonia,1988,26.6,1.52,42.6,2.41,16.0,,0.3755868544600939,,Eastern Europe & FSU,EST,derived
Estonia,1989,27.1,1.46,43.1,2.32,16.0,,0.37122969837587005,,Eastern Europe & FSU,EST,derived
Estonia,1990,27.7,1.5,43.7,2.22,16.000000000000004,,0.3661327231121282,,Eastern Europe & FSU,EST,derived
Estonia,1991,28.9,1.6,44.6,2.17,15.700000000000003,,0.352017937219731,,Eastern Europe & FSU,EST,derived
Estonia,1992,30.2,1.6,45.5,2.11,15.3,,0.3362637362637363,,Eastern Europe & FSU,EST,derived
Estonia,1993,31.4,1.49,46.4,2.01,15.0,2.5,32.3,3.2,Eastern Europe & FSU,EST,survey
Estonia,1994,32.3,1.37,47.0,1.88,14.7,2.3,31.3,3.0,Eastern Europe & FSU,EST,survey
Estonia,1995,32.8,1.2,47.6,1.71,14.8,2.1,31.1,2.7,Eastern Europe & FSU,EST,survey
Estonia,1996,33.1,1.1,48.1,1.58,15.0,1.9,31.2,2.5,Eastern Europe & FSU,EST,survey
Estonia,1997,33.8,1.1,48.6,1.49,14.8,1.9,30.5,2.4,Eastern Europe & FSU,EST,survey
Estonia,1998,34.4,1.05,49.1,1.4,14.7,1.8,29.9,2.3,Eastern Europe & FSU,EST,survey
Estonia,1999,34.7,1.06,49.2,1.3,14.5,1.7,29.5,2.1,Eastern Europe & FSU,EST,survey
Estonia,2000,35.0,0.98,49.2,1.14,14.2,1.5,28.9,1.9,Eastern Europe & FSU,EST,survey
Estonia,2001,34.8,0.97,49.4,1.17,14.6,1.5,29.6,1.9,Eastern Europe & FSU,EST,survey
Estonia,2002,34.5,0.94,49.3,1.17,14.8,1.5,30.0,1.9,Eastern Europe & FSU,EST,survey
Estonia,2003,34.5,0.87,49.4,1.11,14.9,1.4,30.2,1.8,Eastern Europe & FSU,EST,survey
Estonia,2004,34.0,0.93,49.1,1.07,15.1,1.4,30.8,1.8,Eastern Europe & FSU,EST,survey
Estonia,2005,33.3,0.82,48.5,1.07,15.2,1.3,31.3,1.7,Eastern Europe & FSU,EST,survey
Estonia,2006,32.7,0.82,47.8,1.07,15.1,1.3,31.6,1.7,Eastern Europe & FSU,EST,survey
Estonia,2007,31.9,0.85,47.0,1.07,15.1,1.4,32.1,1.8,Eastern Europe & FSU,EST,survey
Estonia,2008,31.4,0.85,46.8,1.12,15.4,1.4,32.9,1.8,Eastern Europe & FSU,EST,survey
Estonia,2009,31.4,0.86,47.0,1.12,15.6,1.4,33.2,1.8,Eastern Europe & FSU,EST,survey
Estonia,2010,31.8,0.89,47.6,1.08,15.8,1.4,33.2,1.8,Eastern Europe & FSU,EST,survey
Estonia,2011,32.2,0.87,47.8,1.12,15.6,1.4,32.6,1.8,Eastern Europe & FSU,EST,survey
Estonia,2012,32.6,0.86,48.1,1.1,15.5,1.4,32.2,1.8,Eastern Europe & FSU,EST,survey
Estonia,2013,33.4,0.85,48.5,1.04,15.1,1.3,31.1,1.7,Eastern Europe & FSU,EST,survey
Estonia,2014,32.9,0.89,47.9,1.13,15.0,1.4,31.3,1.8,Eastern Europe & FSU,EST,survey
Estonia,2015,32.1,0.88,47.0,1.09,14.9,1.4,31.7,1.8,Eastern Europe & FSU,EST,survey
Estonia,2016,31.3,0.75,46.1,0.96,14.8,1.2,32.1,1.5,Eastern Europe & FSU,EST,survey
Estonia,2017,30.6,0.86,45.5,1.13,14.9,1.4,32.7,1.8,Eastern Europe & FSU,EST,survey
Estonia,2018,30.2,0.9,45.2,1.19,15.0,1.5,33.2,1.9,Eastern Europe & FSU,EST,survey
Estonia,2019,30.4,0.92,45.1,1.21,14.7,1.5,32.6,1.9,Eastern Europe & FSU,EST,survey
Estonia,2020,30.6,0.93,45.2,1.25,14.6,1.6,32.3,2.0,Eastern Europe & FSU,EST,survey
Estonia,2021,30.9,0.94,45.4,1.32,14.5,1.6,31.9,2.1,Eastern Europe & FSU,EST,survey
Estonia,2022,31.0,0.96,45.4,1.4,14.4,1.7,31.7,2.2,Eastern Europe & FSU,EST,survey
Estonia,2023,30.8,1.05,45.3,1.57,14.5,1.9,32.0,2.5,Eastern Europe & FSU,EST,survey
Estonia,2024,30.7,1.42,45.3,1.91,14.6,2.4,32.2,3.1,Eastern Europe & FSU,EST,survey
Eswatini,1985,50.9,3.76,48.7,3.52,-2.1999999999999957,,-0.045174537987679585,,Sub-Saharan Africa,SWZ,derived
Eswatini,1986,51.4,3.8,49.0,3.53,-2.3999999999999986,,-0.048979591836734664,,Sub-Saharan Africa,SWZ,derived
Eswatini,1987,52.0,3.87,49.4,3.53,-2.6000000000000014,,-0.05263157894736845,,Sub-Saharan Africa,SWZ,derived
Eswatini,1988,52.6,3.88,49.8,3.52,-2.8000000000000043,,-0.05622489959839366,,Sub-Saharan Africa,SWZ,derived
Eswatini,1989,53.2,3.89,50.2,3.52,-3.0,,-0.0597609561752988,,Sub-Saharan Africa,SWZ,derived
Eswatini,1990,53.8,3.9,50.6,3.49,-3.1999999999999957,,-0.0632411067193675,,Sub-Saharan Africa,SWZ,derived
Eswatini,1991,54.3,3.9,51.0,3.45,-3.299999999999997,,-0.06470588235294113,,Sub-Saharan Africa,SWZ,derived
Eswatini,1992,54.9,3.92,51.3,3.41,-3.6000000000000014,,-0.07017543859649127,,Sub-Saharan Africa,SWZ,derived
Eswatini,1993,55.5,3.89,51.7,3.37,-3.799999999999997,,-0.07350096711798834,,Sub-Saharan Africa,SWZ,derived
Eswatini,1994,56.1,3.86,52.1,3.34,-4.0,,-0.07677543186180422,,Sub-Saharan Africa,SWZ,derived
Eswatini,1995,56.4,3.87,52.3,3.32,-4.100000000000001,,-0.0783938814531549,,Sub-Saharan Africa,SWZ,derived
Eswatini,1996,56.7,3.85,52.5,3.3,-4.200000000000003,,-0.08000000000000006,,Sub-Saharan Africa,SWZ,derived
Eswatini,1997,57.0,3.83,52.6,3.27,-4.399999999999999,,-0.0836501901140684,,Sub-Saharan Africa,SWZ,derived
Eswatini,1998,57.4,3.82,52.8,3.22,-4.600000000000001,,-0.08712121212121215,,Sub-Saharan Africa,SWZ,derived
Eswatini,1999,57.7,3.79,53.0,3.16,-4.700000000000003,,-0.08867924528301892,,Sub-Saharan Africa,SWZ,derived
Eswatini,2000,58.0,3.75,53.2,3.09,-4.799999999999997,,-0.09022556390977438,,Sub-Saharan Africa,SWZ,derived
Eswatini,2001,58.1,3.79,53.3,3.11,-4.800000000000004,,-0.09005628517823648,,Sub-Saharan Africa,SWZ,derived
Eswatini,2002,58.3,3.85,53.3,3.12,-5.0,,-0.09380863039399626,,Sub-Saharan Africa,SWZ,derived
Eswatini,2003,58.4,3.86,53.4,3.12,-5.0,,-0.09363295880149813,,Sub-Saharan Africa,SWZ,derived
Eswatini,2004,58.6,3.86,53.5,3.13,-5.100000000000001,,-0.09532710280373835,,Sub-Saharan Africa,SWZ,derived
Eswatini,2005,58.7,3.85,53.5,3.12,-5.200000000000003,,-0.09719626168224305,,Sub-Saharan Africa,SWZ,derived
Eswatini,2006,58.9,3.9,53.6,3.16,-5.299999999999997,,-0.09888059701492531,,Sub-Saharan Africa,SWZ,derived
Eswatini,2007,59.0,3.94,53.7,3.21,-5.299999999999997,,-0.09869646182495338,,Sub-Saharan Africa,SWZ,derived
Eswatini,2008,59.1,3.96,53.9,3.22,-5.200000000000003,,-0.09647495361781082,,Sub-Saharan Africa,SWZ,derived
Eswatini,2009,59.3,3.94,54.0,3.23,-5.299999999999997,,-0.0981481481481481,,Sub-Saharan Africa,SWZ,derived
Eswatini,2010,59.4,4.06,54.1,3.36,-5.299999999999997,,-0.09796672828096113,,Sub-Saharan Africa,SWZ,derived
Eswatini,2011,59.6,4.16,54.1,3.47,-5.5,,-0.10166358595194085,,Sub-Saharan Africa,SWZ,derived
Eswatini,2012,59.7,4.25,54.2,3.59,-5.5,,-0.1014760147601476,,Sub-Saharan Africa,SWZ,derived
Eswatini,2013,59.8,4.35,54.3,3.69,-5.5,,-0.10128913443830571,,Sub-Saharan Africa,SWZ,derived
Eswatini,2014,59.9,4.44,54.4,3.81,-5.5,,-0.10110294117647059,,Sub-Saharan Africa,SWZ,derived
Eswatini,2015,60.0,4.51,54.5,3.91,-5.5,,-0.10091743119266056,,Sub-Saharan Africa,SWZ,derived
Eswatini,2016,60.2,4.58,54.6,3.98,-5.600000000000001,,-0.10256410256410259,,Sub-Saharan Africa,SWZ,derived
Fiji,1977,42.0,2.87,42.8,3.21,0.7999999999999972,,0.018691588785046665,,Oceania,FJI,derived
Fiji,1978,42.0,2.97,42.8,3.29,0.7999999999999972,,0.018691588785046665,,Oceania,FJI,derived
Fiji,1979,42.0,3.06,42.8,3.34,0.7999999999999972,,0.018691588785046665,,Oceania,FJI,derived
Fiji,1980,42.0,3.1,42.8,3.4,0.7999999999999972,,0.018691588785046665,,Oceania,FJI,derived
Fiji,1981,42.0,3.15,42.8,3.42,0.7999999999999972,,0.018691588785046665,,Oceania,FJI,derived
Fiji,1982,42.0,3.2,42.8,3.45,0.7999999999999972,,0.018691588785046665,,Oceania,FJI,derived
Fiji,1983,42.0,3.22,42.8,3.48,0.7999999999999972,,0.018691588785046665,,Oceania,FJI,derived
Fiji,1984,42.0,3.22,42.8,3.49,0.7999999999999972,,0.018691588785046665,,Oceania,FJI,derived
Fiji,1985,42.0,3.25,42.8,3.47,0.7999999999999972,,0.018691588785046665,,Oceania,FJI,derived
Fiji,1986,42.0,3.24,42.8,3.44,0.7999999999999972,,0.018691588785046665,,Oceania,FJI,derived
Fiji,1987,42.0,3.23,42.8,3.43,0.7999999999999972,,0.018691588785046665,,Oceania,FJI,derived
Fiji,1988,42.1,3.21,42.8,3.38,0.6999999999999957,,0.01635514018691579,,Oceania,FJI,derived
Fiji,1989,42.1,3.16,42.8,3.33,0.6999999999999957,,0.01635514018691579,,Oceania,FJI,derived
Fiji,1990,42.1,3.14,42.8,3.27,0.6999999999999957,,0.01635514018691579,,Oceania,FJI,derived
Fiji,1991,42.1,3.09,42.8,3.23,0.6999999999999957,,0.01635514018691579,,Oceania,FJI,derived
Fiji,1992,41.9,3.09,42.7,3.21,0.8000000000000043,,0.018735362997658177,,Oceania,FJI,derived
Fiji,1993,41.8,3.1,42.6,3.19,0.8000000000000043,,0.018779342723004796,,Oceania,FJI,derived
Fiji,1994,41.6,3.1,42.5,3.16,0.8999999999999986,,0.021176470588235262,,Oceania,FJI,derived
Fiji,1995,41.4,3.08,42.4,3.11,1.0,,0.02358490566037736,,Oceania,FJI,derived
Fiji,1996,41.3,3.06,42.3,3.05,1.0,,0.023640661938534282,,Oceania,FJI,derived
Fiji,1997,41.1,3.01,42.2,2.99,1.1000000000000014,,0.026066350710900507,,Oceania,FJI,derived
Fiji,1998,40.9,2.93,42.1,2.94,1.2000000000000028,,0.028503562945368238,,Oceania,FJI,derived
Fiji,1999,40.7,2.85,42.0,2.84,1.2999999999999972,,0.030952380952380884,,Oceania,FJI,derived
Fiji,2000,40.6,2.73,41.9,2.75,1.2999999999999972,,0.03102625298329349,,Oceania,FJI,derived
Fiji,2001,40.4,2.6,41.8,2.62,1.3999999999999986,,0.033492822966507144,,Oceania,FJI,derived
Fiji,2002,40.2,2.44,41.7,2.48,1.5,,0.03597122302158273,,Oceania,FJI,derived
Fiji,2003,39.9,2.41,41.5,2.46,1.6000000000000014,,0.03855421686746991,,Oceania,FJI,derived
Fiji,2004,40.0,2.43,41.5,2.48,1.5,,0.03614457831325301,,Oceania,FJI,derived
Fiji,2005,40.0,2.41,41.5,2.48,1.5,,0.03614457831325301,,Oceania,FJI,derived
Fiji,2006,39.8,2.43,41.3,2.51,1.5,,0.036319612590799036,,Oceania,FJI,derived
Fiji,2007,39.5,2.4,41.1,2.49,1.6000000000000014,,0.03892944038929444,,Oceania,FJI,derived
Fiji,2008,39.3,2.36,41.0,2.48,1.7000000000000028,,0.04146341463414641,,Oceania,FJI,derived
Fiji,2009,38.9,2.43,40.6,2.56,1.7000000000000028,,0.04187192118226608,,Oceania,FJI,derived
Fiji,2010,38.7,2.54,40.4,2.68,1.6999999999999957,,0.04207920792079198,,Oceania,FJI,derived
Fiji,2011,38.5,2.64,40.2,2.78,1.7000000000000028,,0.04228855721393041,,Oceania,FJI,derived
Fiji,2012,38.3,2.71,40.1,2.85,1.8000000000000043,,0.044887780548628534,,Oceania,FJI,derived
Fiji,2013,38.1,2.77,39.9,2.93,1.7999999999999972,,0.045112781954887146,,Oceania,FJI,derived
Fiji,2014,37.9,2.9,39.7,3.04,1.8000000000000043,,0.045340050377833854,,Oceania,FJI,derived
Fiji,2015,37.7,3.02,39.5,3.14,1.7999999999999972,,0.04556962025316449,,Oceania,FJI,derived
Fiji,2016,37.5,3.11,39.4,3.26,1.8999999999999986,,0.04822335025380707,,Oceania,FJI,derived
Fiji,2017,37.3,3.18,39.2,3.35,1.9000000000000057,,0.048469387755102185,,Oceania,FJI,derived
Fiji,2018,37.1,3.25,39.1,3.43,2.0,,0.05115089514066496,,Oceania,FJI,derived
Fiji,2019,36.9,3.29,38.9,3.49,2.0,,0.05141388174807198,,Oceania,FJI,derived
Finland,1966,25.0,1.33,44.9,2.21,19.9,,0.44320712694877507,,Nordic,FIN,derived
Finland,1967,24.7,1.5,44.6,2.22,19.900000000000002,,0.4461883408071749,,Nordic,FIN,derived
Finland,1968,24.4,1.56,44.3,2.19,19.9,,0.4492099322799097,,Nordic,FIN,derived
Finland,1969,24.1,1.53,44.0,2.13,19.9,,0.4522727272727272,,Nordic,FIN,derived
Finland,1970,23.8,1.42,43.8,2.02,19.999999999999996,,0.45662100456621,,Nordic,FIN,derived
Finland,1971,23.5,1.18,43.5,1.86,20.0,,0.45977011494252873,,Nordic,FIN,derived
Finland,1972,23.0,1.4,42.9,1.92,19.9,,0.46386946386946387,,Nordic,FIN,derived
Finland,1973,22.6,1.49,42.4,1.95,19.799999999999997,,0.46698113207547165,,Nordic,FIN,derived
Finland,1974,22.1,1.48,41.9,1.91,19.799999999999997,,0.4725536992840095,,Nordic,FIN,derived
Finland,1975,21.7,1.34,41.3,1.81,19.6,2.3,47.5,2.9,Nordic,FIN,survey
Finland,1976,21.2,1.06,40.8,1.65,19.6,2.0,48.0,2.6,Nordic,FIN,survey
Finland,1977,21.3,1.29,40.6,1.75,19.3,2.2,47.5,2.8,Nordic,FIN,survey
Finland,1978,21.4,1.34,40.5,1.75,19.1,2.2,47.2,2.8,Nordic,FIN,survey
Finland,1979,21.4,1.27,40.3,1.7,18.9,2.1,46.9,2.7,Nordic,FIN,survey
Finland,1980,21.5,0.99,40.2,1.55,18.7,1.8,46.5,2.4,Nordic,FIN,survey
Finland,1981,20.9,0.94,39.7,1.48,18.8,1.8,47.4,2.3,Nordic,FIN,survey
Finland,1982,20.8,1.26,39.5,1.59,18.7,2.0,47.3,2.6,Nordic,FIN,survey
Finland,1983,20.7,1.39,39.4,1.61,18.7,2.1,47.5,2.6,Nordic,FIN,survey
Finland,1984,20.7,1.35,39.2,1.55,18.5,2.1,47.2,2.6,Nordic,FIN,survey
Finland,1985,20.6,1.14,39.0,1.4,18.4,1.8,47.2,2.3,Nordic,FIN,survey
Finland,1986,20.5,0.69,38.8,1.07,18.3,1.3,47.2,1.7,Nordic,FIN,survey
Finland,1987,20.7,0.48,39.0,0.82,18.3,1.0,46.9,1.3,Nordic,FIN,survey
Finland,1988,20.8,0.6,39.4,0.89,18.6,1.1,47.2,1.4,Nordic,FIN,survey
Finland,1989,21.0,0.6,39.9,0.9,18.9,1.1,47.4,1.4,Nordic,FIN,survey
Finland,1990,21.0,0.56,40.2,0.85,19.2,1.0,47.8,1.3,Nordic,FIN,survey
Finland,1991,21.0,0.41,40.6,0.76,19.6,0.9,48.3,1.2,Nordic,FIN,survey
Finland,1992,21.4,0.6,41.3,0.89,19.9,1.1,48.2,1.4,Nordic,FIN,survey
Finland,1993,21.9,0.64,42.4,0.91,20.5,1.1,48.3,1.4,Nordic,FIN,survey
Finland,1994,22.1,0.64,43.6,0.92,21.5,1.1,49.3,1.4,Nordic,FIN,survey
Finland,1995,22.1,0.61,45.5,0.83,23.4,1.0,51.4,1.3,Nordic,FIN,survey
Finland,1996,22.9,0.65,45.2,0.94,22.3,1.1,49.3,1.4,Nordic,FIN,survey
Finland,1997,23.6,0.68,45.6,0.99,22.0,1.2,48.2,1.6,Nordic,FIN,survey
Finland,1998,24.1,0.68,46.1,0.99,22.0,1.2,47.7,1.6,Nordic,FIN,survey
Finland,1999,24.6,0.66,46.7,0.99,22.1,1.2,47.3,1.6,Nordic,FIN,survey
Finland,2000,25.0,0.64,47.1,0.96,22.1,1.2,46.9,1.5,Nordic,FIN,survey
Finland,2001,24.9,0.67,47.3,0.98,22.4,1.2,47.4,1.5,Nordic,FIN,survey
Finland,2002,24.9,0.69,47.3,1.0,22.4,1.2,47.4,1.6,Nordic,FIN,survey
Finland,2003,25.1,0.69,47.5,1.0,22.4,1.2,47.2,1.6,Nordic,FIN,survey
Finland,2004,25.4,0.81,47.8,0.94,22.4,1.2,46.9,1.5,Nordic,FIN,survey
Finland,2005,25.4,0.69,47.9,0.99,22.5,1.2,47.0,1.6,Nordic,FIN,survey
Finland,2006,25.6,0.7,48.0,0.98,22.4,1.2,46.7,1.5,Nordic,FIN,survey
Finland,2007,25.7,0.77,47.8,0.91,22.1,1.2,46.2,1.5,Nordic,FIN,survey
Finland,2008,25.3,0.67,47.8,0.97,22.5,1.2,47.1,1.5,Nordic,FIN,survey
Finland,2009,25.1,0.68,47.8,0.96,22.7,1.2,47.5,1.5,Nordic,FIN,survey
Finland,2010,25.6,0.73,48.3,0.86,22.7,1.1,47.0,1.4,Nordic,FIN,survey
Finland,2011,25.5,0.56,48.4,0.84,22.9,1.0,47.3,1.3,Nordic,FIN,survey
Finland,2012,25.3,0.65,48.4,0.91,23.1,1.1,47.7,1.4,Nordic,FIN,survey
Finland,2013,25.6,0.66,48.8,0.84,23.2,1.1,47.5,1.4,Nordic,FIN,survey
Finland,2014,25.3,0.61,48.6,0.9,23.3,1.1,47.9,1.4,Nordic,FIN,survey
Finland,2015,25.5,0.62,49.0,0.9,23.5,1.1,48.0,1.4,Nordic,FIN,survey
Finland,2016,25.7,0.68,49.6,0.89,23.9,1.1,48.2,1.4,Nordic,FIN,survey
Finland,2017,25.9,0.62,49.5,0.97,23.6,1.2,47.7,1.5,Nordic,FIN,survey
Finland,2018,26.0,0.68,49.7,1.05,23.7,1.3,47.7,1.7,Nordic,FIN,survey
Finland,2019,26.2,0.69,49.8,1.06,23.6,1.3,47.4,1.7,Nordic,FIN,survey
Finland,2020,26.0,0.69,49.7,1.07,23.7,1.3,47.7,1.7,Nordic,FIN,survey
Finland,2021,26.3,0.69,50.0,1.09,23.7,1.3,47.4,1.7,Nordic,FIN,survey
Finland,2022,26.3,0.71,50.0,1.12,23.7,1.3,47.4,1.7,Nordic,FIN,survey
Finland,2023,26.2,0.76,49.9,1.27,23.7,1.5,47.5,2.0,Nordic,FIN,survey
France,1962,27.4,0.94,49.2,1.51,21.800000000000004,,0.443089430894309,,Western Europe,FRA,derived
France,1963,28.4,1.28,48.8,1.67,20.4,,0.4180327868852459,,Western Europe,FRA,derived
France,1964,29.3,1.44,48.5,1.74,19.2,,0.3958762886597938,,Western Europe,FRA,derived
France,1965,30.2,1.47,48.2,1.74,18.000000000000004,,0.3734439834024897,,Western Europe,FRA,derived
France,1966,30.9,1.54,48.0,1.74,17.1,,0.35625,,Western Europe,FRA,derived
France,1967,31.6,1.52,47.9,1.63,16.299999999999997,,0.3402922755741127,,Western Europe,FRA,derived
France,1968,32.3,1.39,47.8,1.47,15.5,,0.3242677824267783,,Western Europe,FRA,derived
France,1969,33.1,1.11,47.6,1.17,14.5,,0.30462184873949577,,Western Europe,FRA,derived
France,1970,33.7,0.51,47.5,0.58,13.799999999999997,,0.29052631578947363,,Western Europe,FRA,derived
France,1971,33.5,1.07,47.3,1.11,13.799999999999997,,0.2917547568710359,,Western Europe,FRA,derived
France,1972,33.2,1.26,47.1,1.3,13.899999999999999,,0.2951167728237791,,Western Europe,FRA,derived
France,1973,32.9,1.26,46.9,1.31,14.0,,0.2985074626865672,,Western Europe,FRA,derived
France,1974,32.6,1.09,46.7,1.15,14.100000000000001,,0.3019271948608137,,Western Europe,FRA,derived
France,1975,32.3,0.57,46.5,0.7,14.2,0.9,30.5,1.1,Western Europe,FRA,survey
France,1976,31.8,1.03,46.5,1.12,14.7,1.5,31.6,1.9,Western Europe,FRA,survey
France,1977,31.3,1.14,46.6,1.23,15.3,1.7,32.8,2.1,Western Europe,FRA,survey
France,1978,30.8,0.98,46.6,1.13,15.8,1.5,33.9,1.9,Western Europe,FRA,survey
France,1979,30.3,0.68,46.4,0.8,16.1,1.0,34.7,1.3,Western Europe,FRA,survey
France,1980,30.2,1.13,46.5,1.2,16.3,1.6,35.1,2.0,Western Europe,FRA,survey
France,1981,30.2,1.27,46.7,1.35,16.5,1.9,35.3,2.3,Western Europe,FRA,survey
France,1982,30.1,1.26,46.9,1.33,16.8,1.8,35.8,2.2,Western Europe,FRA,survey
France,1983,30.1,1.08,47.1,1.14,17.0,1.6,36.1,2.0,Western Europe,FRA,survey
France,1984,30.0,0.54,47.2,0.64,17.2,0.8,36.4,1.0,Western Europe,FRA,survey
France,1985,30.0,1.09,47.2,1.16,17.2,1.6,36.4,2.0,Western Europe,FRA,survey
France,1986,30.0,1.29,47.2,1.36,17.2,1.9,36.4,2.3,Western Europe,FRA,survey
France,1987,30.0,1.31,47.2,1.41,17.2,1.9,36.4,2.4,Western Europe,FRA,survey
France,1988,30.0,1.18,47.2,1.34,17.2,1.8,36.4,2.2,Western Europe,FRA,survey
France,1989,30.0,0.82,47.2,1.15,17.2,1.4,36.4,1.8,Western Europe,FRA,survey
France,1990,29.1,0.54,46.9,0.8,17.8,1.0,38.0,1.3,Western Europe,FRA,survey
France,1991,29.0,1.11,47.1,1.23,18.1,1.7,38.4,2.1,Western Europe,FRA,survey
France,1992,29.0,1.34,47.3,1.42,18.3,2.0,38.7,2.5,Western Europe,FRA,survey
France,1993,28.9,1.41,47.5,1.47,18.6,2.0,39.2,2.5,Western Europe,FRA,survey
France,1994,28.8,1.33,47.7,1.39,18.9,1.9,39.6,2.4,Western Europe,FRA,survey
France,1995,28.7,1.1,47.9,1.15,19.2,1.6,40.1,2.0,Western Europe,FRA,survey
France,1996,28.6,0.51,48.1,0.58,19.5,0.8,40.5,1.0,Western Europe,FRA,survey
France,1997,28.5,0.37,48.5,0.46,20.0,0.6,41.2,0.8,Western Europe,FRA,survey
France,1998,28.3,0.35,49.2,0.47,20.9,0.6,42.5,0.8,Western Europe,FRA,survey
France,1999,29.0,0.35,49.3,0.43,20.3,0.6,41.2,0.7,Western Europe,FRA,survey
France,2000,29.3,0.38,49.3,0.48,20.0,0.6,40.6,0.8,Western Europe,FRA,survey
France,2001,29.2,0.38,48.8,0.47,19.6,0.6,40.2,0.8,Western Europe,FRA,survey
France,2002,29.0,0.47,48.2,0.58,19.2,0.7,39.8,0.9,Western Europe,FRA,survey
France,2003,28.8,0.44,48.2,0.62,19.4,0.8,40.2,1.0,Western Europe,FRA,survey
France,2004,29.0,0.53,48.4,0.64,19.4,0.8,40.1,1.0,Western Europe,FRA,survey
France,2005,29.4,0.54,48.7,0.63,19.3,0.8,39.6,1.0,Western Europe,FRA,survey
France,2006,29.7,0.54,48.7,0.6,19.0,0.8,39.0,1.0,Western Europe,FRA,survey
France,2007,29.8,0.56,48.8,0.61,19.0,0.8,38.9,1.0,Western Europe,FRA,survey
France,2008,29.9,0.54,48.9,0.64,19.0,0.8,38.9,1.0,Western Europe,FRA,survey
France,2009,30.1,0.46,49.6,0.57,19.5,0.7,39.3,0.9,Western Europe,FRA,survey
France,2010,30.7,0.57,50.4,0.59,19.7,0.8,39.1,1.0,Western Europe,FRA,survey
France,2011,31.1,0.52,51.0,0.54,19.9,0.7,39.0,0.9,Western Europe,FRA,survey
France,2012,30.9,0.54,51.3,0.56,20.4,0.8,39.8,1.0,Western Europe,FRA,survey
France,2013,30.1,0.56,50.8,0.6,20.7,0.8,40.7,1.0,Western Europe,FRA,survey
France,2014,29.9,0.56,51.0,0.53,21.1,0.8,41.4,1.0,Western Europe,FRA,survey
France,2015,29.9,0.47,51.4,0.54,21.5,0.7,41.8,0.9,Western Europe,FRA,survey
France,2016,29.7,0.56,51.7,0.57,22.0,0.8,42.6,1.0,Western Europe,FRA,survey
France,2017,29.8,0.54,51.9,0.54,22.1,0.8,42.6,1.0,Western Europe,FRA,survey
France,2018,30.1,0.54,52.2,0.56,22.1,0.8,42.3,1.0,Western Europe,FRA,survey
France,2019,29.8,0.52,52.0,0.58,22.2,0.8,42.7,1.0,Western Europe,FRA,survey
France,2020,29.3,0.52,52.0,0.56,22.7,0.8,43.7,1.0,Western Europe,FRA,survey
France,2021,30.0,0.53,52.2,0.65,22.2,0.8,42.5,1.0,Western Europe,FRA,survey
France,2022,29.9,0.54,52.0,0.65,22.1,0.8,42.5,1.0,Western Europe,FRA,survey
France,2023,29.9,0.91,51.7,1.19,21.8,1.5,42.2,1.9,Western Europe,FRA,survey
Georgia,1988,30.6,1.89,43.0,2.8,12.399999999999999,,0.2883720930232558,,Eastern Europe & FSU,GEO,derived
Georgia,1989,30.7,1.76,43.3,2.64,12.599999999999998,,0.29099307159353344,,Eastern Europe & FSU,GEO,derived
Georgia,1990,31.2,1.74,43.8,2.57,12.599999999999998,,0.2876712328767123,,Eastern Europe & FSU,GEO,derived
Georgia,1991,32.2,1.84,44.6,2.55,12.399999999999999,,0.2780269058295964,,Eastern Europe & FSU,GEO,derived
Georgia,1992,33.1,1.88,45.4,2.49,12.299999999999997,,0.27092511013215853,,Eastern Europe & FSU,GEO,derived
Georgia,1993,34.0,1.87,46.2,2.41,12.2,3.1,26.4,3.9,Eastern Europe & FSU,GEO,survey
Georgia,1994,35.0,1.82,47.0,2.31,12.0,2.9,25.5,3.7,Eastern Europe & FSU,GEO,survey
Georgia,1995,35.9,1.7,47.8,2.16,11.9,2.7,24.9,3.5,Eastern Europe & FSU,GEO,survey
Georgia,1996,36.9,1.49,48.6,1.97,11.7,2.5,24.1,3.2,Eastern Europe & FSU,GEO,survey
Georgia,1997,37.9,1.4,49.4,1.84,11.5,2.3,23.3,2.9,Eastern Europe & FSU,GEO,survey
Georgia,1998,38.8,1.31,50.1,1.73,11.3,2.2,22.6,2.8,Eastern Europe & FSU,GEO,survey
Georgia,1999,39.1,1.3,50.4,1.67,11.3,2.1,22.4,2.7,Eastern Europe & FSU,GEO,survey
Georgia,2000,39.3,1.3,50.6,1.62,11.3,2.1,22.3,2.7,Eastern Europe & FSU,GEO,survey
Georgia,2001,39.4,1.25,50.7,1.58,11.3,2.0,22.3,2.5,Eastern Europe & FSU,GEO,survey
Georgia,2002,39.2,1.25,50.6,1.56,11.4,2.0,22.5,2.5,Eastern Europe & FSU,GEO,survey
Georgia,2003,39.3,1.3,50.6,1.58,11.3,2.0,22.3,2.5,Eastern Europe & FSU,GEO,survey
Georgia,2004,39.5,1.38,50.7,1.6,11.2,2.1,22.1,2.6,Eastern Europe & FSU,GEO,survey
Georgia,2005,39.9,1.38,50.9,1.56,11.0,2.1,21.6,2.6,Eastern Europe & FSU,GEO,survey
Georgia,2006,40.3,1.29,51.1,1.47,10.8,2.0,21.1,2.5,Eastern Europe & FSU,GEO,survey
Georgia,2007,40.9,1.24,51.6,1.42,10.7,1.9,20.7,2.4,Eastern Europe & FSU,GEO,survey
Georgia,2008,41.6,1.23,52.0,1.35,10.4,1.8,20.0,2.2,Eastern Europe & FSU,GEO,survey
Georgia,2009,42.3,1.23,52.6,1.27,10.3,1.8,19.6,2.2,Eastern Europe & FSU,GEO,survey
Georgia,2010,42.4,1.21,52.3,1.23,9.9,1.7,18.9,2.1,Eastern Europe & FSU,GEO,survey
Georgia,2011,42.0,1.25,51.6,1.26,9.6,1.8,18.6,2.2,Eastern Europe & FSU,GEO,survey
Georgia,2012,41.2,1.21,50.7,1.22,9.5,1.7,18.7,2.1,Eastern Europe & FSU,GEO,survey
Georgia,2013,40.5,1.14,49.9,1.16,9.4,1.6,18.8,2.0,Eastern Europe & FSU,GEO,survey
Georgia,2014,39.8,1.1,49.4,1.14,9.6,1.6,19.4,2.0,Eastern Europe & FSU,GEO,survey
Georgia,2015,39.4,1.11,49.0,1.17,9.6,1.6,19.6,2.0,Eastern Europe & FSU,GEO,survey
Georgia,2016,39.0,1.14,48.6,1.18,9.6,1.6,19.8,2.0,Eastern Europe & FSU,GEO,survey
Georgia,2017,38.6,1.13,48.4,1.18,9.8,1.6,20.2,2.0,Eastern Europe & FSU,GEO,survey
Georgia,2018,37.8,1.1,47.7,1.19,9.9,1.6,20.8,2.0,Eastern Europe & FSU,GEO,survey
Georgia,2019,37.2,1.09,47.3,1.18,10.1,1.6,21.4,2.0,Eastern Europe & FSU,GEO,survey
Georgia,2020,36.4,1.1,46.7,1.19,10.3,1.6,22.1,2.0,Eastern Europe & FSU,GEO,survey
Georgia,2021,35.7,1.06,46.2,1.18,10.5,1.6,22.7,2.0,Eastern Europe & FSU,GEO,survey
Georgia,2022,35.4,1.08,45.8,1.24,10.4,1.6,22.7,2.0,Eastern Europe & FSU,GEO,survey
Georgia,2023,35.5,1.19,45.6,1.38,10.1,1.8,22.1,2.3,Eastern Europe & FSU,GEO,survey
Georgia,2024,35.4,1.37,45.4,1.58,10.0,2.1,22.0,2.6,Eastern Europe & FSU,GEO,survey
Germany,1960,27.2,0.74,50.7,1.34,23.500000000000004,,0.4635108481262328,,Western Europe,DEU,derived
Germany,1961,27.6,1.23,50.0,1.61,22.4,,0.44799999999999995,,Western Europe,DEU,derived
Germany,1962,27.9,1.45,49.3,1.8,21.4,,0.4340770791075051,,Western Europe,DEU,derived
Germany,1963,28.3,1.57,48.6,1.91,20.3,,0.4176954732510288,,Western Europe,DEU,derived
Germany,1964,28.6,1.6,47.9,1.99,19.299999999999997,,0.4029227557411273,,Western Europe,DEU,derived
Germany,1965,28.7,1.7,47.0,2.02,18.3,,0.3893617021276596,,Western Europe,DEU,derived
Germany,1966,28.8,1.73,46.2,2.03,17.400000000000002,,0.37662337662337664,,Western Europe,DEU,derived
Germany,1967,29.0,1.7,45.4,2.02,16.4,,0.36123348017621143,,Western Europe,DEU,derived
Germany,1968,29.1,1.61,44.6,1.94,15.5,,0.3475336322869955,,Western Europe,DEU,derived
Germany,1969,28.9,1.59,43.6,1.85,14.700000000000003,,0.3371559633027523,,Western Europe,DEU,derived
Germany,1970,28.8,1.45,42.5,1.7,13.7,,0.32235294117647056,,Western Europe,DEU,derived
Germany,1971,28.3,1.34,41.2,1.49,12.900000000000002,,0.3131067961165049,,Western Europe,DEU,derived
Germany,1972,27.9,1.07,39.9,1.17,12.0,,0.3007518796992481,,Western Europe,DEU,derived
Germany,1973,27.4,0.46,38.5,0.52,11.100000000000001,,0.28831168831168835,,Western Europe,DEU,derived
Germany,1974,28.1,0.91,40.0,1.06,11.899999999999999,,0.2975,,Western Europe,DEU,derived
Germany,1975,27.9,1.1,40.5,1.26,12.6,1.7,31.1,2.1,Western Europe,DEU,survey
Germany,1976,27.4,1.18,40.9,1.27,13.5,1.7,33.0,2.1,Western Europe,DEU,survey
Germany,1977,26.9,1.02,41.2,1.11,14.3,1.5,34.7,1.9,Western Europe,DEU,survey
Germany,1978,26.4,0.46,41.6,0.6,15.2,0.8,36.5,1.0,Western Europe,DEU,survey
Germany,1979,26.5,1.03,41.8,1.11,15.3,1.5,36.6,1.9,Western Europe,DEU,survey
Germany,1980,26.7,1.15,42.0,1.26,15.3,1.7,36.4,2.1,Western Europe,DEU,survey
Germany,1981,26.5,1.19,41.9,1.27,15.4,1.7,36.8,2.1,Western Europe,DEU,survey
Germany,1982,26.2,1.06,41.9,1.11,15.7,1.5,37.5,1.9,Western Europe,DEU,survey
Germany,1983,26.0,0.5,41.9,0.61,15.9,0.8,37.9,1.0,Western Europe,DEU,survey
Germany,1984,25.7,0.72,42.9,0.89,17.2,1.1,40.1,1.4,Western Europe,DEU,survey
Germany,1985,25.4,0.76,43.3,0.95,17.9,1.2,41.3,1.5,Western Europe,DEU,survey
Germany,1986,25.0,0.72,43.3,0.96,18.3,1.2,42.3,1.5,Western Europe,DEU,survey
Germany,1987,25.2,0.76,43.5,0.96,18.3,1.2,42.1,1.5,Western Europe,DEU,survey
Germany,1988,25.3,0.81,43.6,0.99,18.3,1.3,42.0,1.6,Western Europe,DEU,survey
Germany,1989,25.6,0.84,43.7,1.0,18.1,1.3,41.4,1.6,Western Europe,DEU,survey
Germany,1990,25.8,0.77,43.8,0.98,18.0,1.2,41.1,1.5,Western Europe,DEU,survey
Germany,1991,26.2,0.68,44.1,0.91,17.9,1.1,40.6,1.4,Western Europe,DEU,survey
Germany,1992,26.1,0.74,44.6,0.91,18.5,1.2,41.5,1.5,Western Europe,DEU,survey
Germany,1993,25.8,0.73,44.9,0.94,19.1,1.2,42.5,1.5,Western Europe,DEU,survey
Germany,1994,25.8,0.73,45.5,0.91,19.7,1.2,43.3,1.5,Western Europe,DEU,survey
Germany,1995,25.6,0.73,46.0,0.9,20.4,1.2,44.3,1.5,Western Europe,DEU,survey
Germany,1996,25.3,0.72,46.4,0.94,21.1,1.2,45.5,1.5,Western Europe,DEU,survey
Germany,1997,25.2,0.67,46.7,0.89,21.5,1.1,46.0,1.4,Western Europe,DEU,survey
Germany,1998,25.4,0.66,47.0,0.85,21.6,1.1,46.0,1.4,Western Europe,DEU,survey
Germany,1999,25.9,0.58,47.3,0.71,21.4,0.9,45.2,1.1,Western Europe,DEU,survey
Germany,2000,26.1,0.64,48.1,0.77,22.0,1.0,45.7,1.3,Western Europe,DEU,survey
Germany,2001,26.7,0.6,49.2,0.77,22.5,1.0,45.7,1.3,Western Europe,DEU,survey
Germany,2002,26.9,0.6,49.9,0.78,23.0,1.0,46.1,1.3,Western Europe,DEU,survey
Germany,2003,27.0,0.58,50.4,0.8,23.4,1.0,46.4,1.3,Western Europe,DEU,survey
Germany,2004,27.3,0.58,50.8,0.82,23.5,1.0,46.3,1.3,Western Europe,DEU,survey
Germany,2005,28.2,0.68,51.6,0.81,23.4,1.1,45.3,1.4,Western Europe,DEU,survey
Germany,2006,28.5,0.69,51.8,0.79,23.3,1.0,45.0,1.3,Western Europe,DEU,survey
Germany,2007,28.6,0.72,51.7,0.84,23.1,1.1,44.7,1.4,Western Europe,DEU,survey
Germany,2008,28.5,0.72,51.5,0.84,23.0,1.1,44.7,1.4,Western Europe,DEU,survey
Germany,2009,28.5,0.69,51.6,0.82,23.1,1.1,44.8,1.4,Western Europe,DEU,survey
Germany,2010,28.6,0.72,51.7,0.79,23.1,1.1,44.7,1.4,Western Europe,DEU,survey
Germany,2011,28.7,0.71,51.8,0.79,23.1,1.1,44.6,1.4,Western Europe,DEU,survey
Germany,2012,28.9,0.68,52.0,0.83,23.1,1.1,44.4,1.4,Western Europe,DEU,survey
Germany,2013,29.1,0.74,52.2,0.86,23.1,1.1,44.3,1.4,Western Europe,DEU,survey
Germany,2014,29.0,0.73,52.1,0.84,23.1,1.1,44.3,1.4,Western Europe,DEU,survey
Germany,2015,29.2,0.78,52.2,0.88,23.0,1.2,44.1,1.5,Western Europe,DEU,survey
Germany,2016,29.4,0.76,52.2,0.87,22.8,1.2,43.7,1.5,Western Europe,DEU,survey
Germany,2017,29.6,0.82,52.3,0.87,22.7,1.2,43.4,1.5,Western Europe,DEU,survey
Germany,2018,30.0,0.79,52.3,0.83,22.3,1.1,42.6,1.4,Western Europe,DEU,survey
Germany,2019,30.3,0.84,52.3,0.89,22.0,1.2,42.1,1.5,Western Europe,DEU,survey
Germany,2020,30.6,0.85,52.1,0.94,21.5,1.3,41.3,1.6,Western Europe,DEU,survey
Germany,2021,31.0,0.82,51.7,0.95,20.7,1.3,40.0,1.6,Western Europe,DEU,survey
Germany,2022,31.0,0.98,51.6,1.14,20.6,1.5,39.9,1.9,Western Europe,DEU,survey
Germany,2023,30.9,1.37,51.7,1.58,20.8,2.1,40.2,2.6,Western Europe,DEU,survey
Ghana,1987,39.0,2.62,40.3,2.87,1.2999999999999972,,0.03225806451612896,,Sub-Saharan Africa,GHA,derived
Ghana,1988,39.1,2.51,40.5,2.76,1.3999999999999986,,0.03456790123456786,,Sub-Saharan Africa,GHA,derived
Ghana,1989,39.3,2.45,40.7,2.67,1.4000000000000057,,0.03439803439803454,,Sub-Saharan Africa,GHA,derived
Ghana,1990,39.5,2.38,40.8,2.56,1.2999999999999972,,0.03186274509803915,,Sub-Saharan Africa,GHA,derived
Ghana,1991,39.7,2.27,41.0,2.46,1.2999999999999972,,0.03170731707317066,,Sub-Saharan Africa,GHA,derived
Ghana,1992,39.9,2.3,41.3,2.5,1.3999999999999986,,0.03389830508474573,,Sub-Saharan Africa,GHA,derived
Ghana,1993,40.1,2.34,41.5,2.55,1.3999999999999986,,0.03373493975903611,,Sub-Saharan Africa,GHA,derived
Ghana,1994,40.3,2.35,41.7,2.56,1.4000000000000057,,0.03357314148681068,,Sub-Saharan Africa,GHA,derived
Ghana,1995,40.5,2.35,41.9,2.56,1.3999999999999986,,0.033412887828162256,,Sub-Saharan Africa,GHA,derived
Ghana,1996,40.7,2.35,42.1,2.53,1.3999999999999986,,0.033254156769596165,,Sub-Saharan Africa,GHA,derived
Ghana,1997,40.9,2.3,42.3,2.48,1.3999999999999986,,0.03309692671394796,,Sub-Saharan Africa,GHA,derived
Ghana,1998,41.2,2.22,42.5,2.42,1.2999999999999972,,0.03058823529411758,,Sub-Saharan Africa,GHA,derived
Ghana,1999,41.3,2.26,42.7,2.44,1.4000000000000057,,0.03278688524590177,,Sub-Saharan Africa,GHA,derived
Ghana,2000,41.6,2.31,43.0,2.51,1.3999999999999986,,0.032558139534883686,,Sub-Saharan Africa,GHA,derived
Ghana,2001,41.8,2.36,43.2,2.55,1.4000000000000057,,0.03240740740740754,,Sub-Saharan Africa,GHA,derived
Ghana,2002,42.1,2.38,43.5,2.58,1.3999999999999986,,0.032183908045976976,,Sub-Saharan Africa,GHA,derived
Ghana,2003,42.3,2.36,43.7,2.57,1.4000000000000057,,0.03203661327231134,,Sub-Saharan Africa,GHA,derived
Ghana,2004,42.6,2.34,44.0,2.54,1.3999999999999986,,0.03181818181818179,,Sub-Saharan Africa,GHA,derived
Ghana,2005,42.8,2.28,44.2,2.49,1.4000000000000057,,0.031674208144796503,,Sub-Saharan Africa,GHA,derived
Ghana,2006,42.9,2.4,44.3,2.6,1.3999999999999986,,0.031602708803611705,,Sub-Saharan Africa,GHA,derived
Ghana,2007,43.1,2.5,44.4,2.71,1.2999999999999972,,0.029279279279279216,,Sub-Saharan Africa,GHA,derived
Ghana,2008,43.2,2.56,44.5,2.77,1.2999999999999972,,0.02921348314606735,,Sub-Saharan Africa,GHA,derived
Ghana,2009,43.3,2.61,44.7,2.82,1.4000000000000057,,0.03131991051454151,,Sub-Saharan Africa,GHA,derived
Ghana,2010,43.4,2.64,44.8,2.85,1.3999999999999986,,0.03124999999999997,,Sub-Saharan Africa,GHA,derived
Ghana,2011,43.5,2.63,44.9,2.85,1.3999999999999986,,0.031180400890868567,,Sub-Saharan Africa,GHA,derived
Ghana,2012,43.6,2.61,45.0,2.84,1.3999999999999986,,0.03111111111111108,,Sub-Saharan Africa,GHA,derived
Ghana,2013,43.8,2.63,45.1,2.89,1.3000000000000043,,0.028824833702882576,,Sub-Saharan Africa,GHA,derived
Ghana,2014,43.8,2.79,45.1,3.04,1.3000000000000043,,0.028824833702882576,,Sub-Saharan Africa,GHA,derived
Ghana,2015,43.8,2.92,45.2,3.17,1.4000000000000057,,0.030973451327433753,,Sub-Saharan Africa,GHA,derived
Ghana,2016,43.9,3.03,45.3,3.3,1.3999999999999986,,0.030905077262693127,,Sub-Saharan Africa,GHA,derived
Greece,1974,39.8,1.76,54.7,3.18,14.900000000000006,,0.27239488117001837,,Southern Europe,GRC,derived
Greece,1975,39.3,1.95,54.3,3.19,15.0,3.7,27.6,4.9,Southern Europe,GRC,survey
Greece,1976,38.7,2.1,53.9,3.16,15.2,3.8,28.2,4.9,Southern Europe,GRC,survey
Greece,1977,38.1,2.19,53.5,3.14,15.4,3.8,28.8,4.9,Southern Europe,GRC,survey
Greece,1978,37.6,2.24,53.1,3.1,15.5,3.8,29.2,4.9,Southern Europe,GRC,survey
Greece,1979,37.0,2.24,52.8,3.06,15.8,3.8,29.9,4.9,Southern Europe,GRC,survey
Greece,1980,36.4,2.18,52.4,3.01,16.0,3.7,30.5,4.8,Southern Europe,GRC,survey
Greece,1981,35.9,2.11,52.0,2.95,16.1,3.6,31.0,4.7,Southern Europe,GRC,survey
Greece,1982,35.3,1.98,51.7,2.85,16.4,3.5,31.7,4.5,Southern Europe,GRC,survey
Greece,1983,35.0,1.95,51.4,2.75,16.4,3.4,31.9,4.4,Southern Europe,GRC,survey
Greece,1984,34.6,1.86,51.1,2.65,16.5,3.2,32.3,4.2,Southern Europe,GRC,survey
Greece,1985,34.3,1.68,50.8,2.54,16.5,3.0,32.5,3.9,Southern Europe,GRC,survey
Greece,1986,33.9,1.41,50.5,2.35,16.6,2.7,32.9,3.6,Southern Europe,GRC,survey
Greece,1987,33.7,1.54,50.1,2.34,16.4,2.8,32.7,3.6,Southern Europe,GRC,survey
Greece,1988,33.5,1.52,49.7,2.26,16.2,2.7,32.6,3.5,Southern Europe,GRC,survey
Greece,1989,33.6,1.66,49.5,2.26,15.9,2.8,32.1,3.6,Southern Europe,GRC,survey
Greece,1990,33.7,1.72,49.3,2.21,15.6,2.8,31.6,3.6,Southern Europe,GRC,survey
Greece,1991,33.7,1.7,49.1,2.13,15.4,2.7,31.4,3.4,Southern Europe,GRC,survey
Greece,1992,33.8,1.61,48.9,1.99,15.1,2.6,30.9,3.3,Southern Europe,GRC,survey
Greece,1993,33.9,1.41,48.7,1.83,14.8,2.3,30.4,2.9,Southern Europe,GRC,survey
Greece,1994,33.9,1.08,48.5,1.59,14.6,1.9,30.1,2.5,Southern Europe,GRC,survey
Greece,1995,34.3,1.02,48.0,1.37,13.7,1.7,28.5,2.2,Southern Europe,GRC,survey
Greece,1996,34.3,1.28,48.0,1.52,13.7,2.0,28.5,2.5,Southern Europe,GRC,survey
Greece,1997,34.2,1.37,47.9,1.58,13.7,2.1,28.6,2.6,Southern Europe,GRC,survey
Greece,1998,34.2,1.31,47.9,1.55,13.7,2.0,28.6,2.5,Southern Europe,GRC,survey
Greece,1999,34.1,1.05,47.8,1.41,13.7,1.8,28.7,2.3,Southern Europe,GRC,survey
Greece,2000,33.9,0.97,47.4,1.26,13.5,1.6,28.5,2.0,Southern Europe,GRC,survey
Greece,2001,33.7,1.1,47.0,1.24,13.3,1.7,28.3,2.1,Southern Europe,GRC,survey
Greece,2002,33.5,0.93,46.7,1.0,13.2,1.4,28.3,1.7,Southern Europe,GRC,survey
Greece,2003,33.0,0.84,46.4,0.94,13.4,1.3,28.9,1.6,Southern Europe,GRC,survey
Greece,2004,33.1,0.82,46.8,0.94,13.7,1.2,29.3,1.5,Southern Europe,GRC,survey
Greece,2005,33.2,0.89,47.6,0.96,14.4,1.3,30.3,1.6,Southern Europe,GRC,survey
Greece,2006,33.0,0.92,48.7,1.02,15.7,1.4,32.2,1.7,Southern Europe,GRC,survey
Greece,2007,32.7,0.91,49.5,1.05,16.8,1.4,33.9,1.8,Southern Europe,GRC,survey
Greece,2008,32.7,0.88,50.3,1.04,17.6,1.4,35.0,1.7,Southern Europe,GRC,survey
Greece,2009,32.6,0.99,51.2,1.11,18.6,1.5,36.3,1.9,Southern Europe,GRC,survey
Greece,2010,32.6,0.98,52.2,1.15,19.6,1.5,37.5,1.9,Southern Europe,GRC,survey
Greece,2011,32.8,0.99,53.3,1.13,20.5,1.5,38.5,1.9,Southern Europe,GRC,survey
Greece,2012,33.0,0.97,54.2,1.07,21.2,1.4,39.1,1.8,Southern Europe,GRC,survey
Greece,2013,33.3,0.93,54.7,1.02,21.4,1.4,39.1,1.7,Southern Europe,GRC,survey
Greece,2014,33.3,0.77,54.8,0.84,21.5,1.1,39.2,1.4,Southern Europe,GRC,survey
Greece,2015,33.3,0.8,54.6,0.82,21.3,1.1,39.0,1.4,Southern Europe,GRC,survey
Greece,2016,32.7,0.85,53.4,0.84,20.7,1.2,38.8,1.5,Southern Europe,GRC,survey
Greece,2017,31.9,0.73,52.5,0.81,20.6,1.1,39.2,1.4,Southern Europe,GRC,survey
Greece,2018,31.0,0.75,51.8,0.87,20.8,1.1,40.2,1.4,Southern Europe,GRC,survey
Greece,2019,31.0,0.77,51.6,0.9,20.6,1.2,39.9,1.5,Southern Europe,GRC,survey
Greece,2020,31.2,0.8,51.3,0.97,20.1,1.3,39.2,1.6,Southern Europe,GRC,survey
Greece,2021,31.1,0.85,50.7,1.03,19.6,1.3,38.7,1.7,Southern Europe,GRC,survey
Greece,2022,31.1,0.92,50.5,1.21,19.4,1.5,38.4,1.9,Southern Europe,GRC,survey
Greece,2023,31.1,1.07,50.3,1.43,19.2,1.8,38.2,2.3,Southern Europe,GRC,survey
Guatemala,1981,49.5,2.52,52.6,3.14,3.1000000000000014,,0.05893536121673006,,Latin America & Caribbean,GTM,derived
Guatemala,1982,49.6,2.5,52.7,3.08,3.1000000000000014,,0.05882352941176473,,Latin America & Caribbean,GTM,derived
Guatemala,1983,49.8,2.46,52.9,3.01,3.1000000000000014,,0.05860113421550097,,Latin America & Caribbean,GTM,derived
Guatemala,1984,49.9,2.4,53.0,2.93,3.1000000000000014,,0.05849056603773588,,Latin America & Caribbean,GTM,derived
Guatemala,1985,50.0,2.31,53.1,2.84,3.1,3.7,5.8,4.7,Latin America & Caribbean,GTM,survey
Guatemala,1986,50.1,2.18,53.3,2.72,3.2,3.5,6.0,4.4,Latin America & Caribbean,GTM,survey
Guatemala,1987,50.3,2.11,53.4,2.64,3.1,3.4,5.8,4.3,Latin America & Caribbean,GTM,survey
Guatemala,1988,50.5,2.08,53.5,2.6,3.0,3.3,5.6,4.2,Latin America & Caribbean,GTM,survey
Guatemala,1989,50.7,2.03,53.7,2.5,3.0,3.2,5.6,4.1,Latin America & Caribbean,GTM,survey
Guatemala,1990,50.6,2.13,53.6,2.58,3.0,3.3,5.6,4.2,Latin America & Caribbean,GTM,survey
Guatemala,1991,50.6,2.19,53.6,2.61,3.0,3.4,5.6,4.3,Latin America & Caribbean,GTM,survey
Guatemala,1992,50.6,2.21,53.6,2.61,3.0,3.4,5.6,4.3,Latin America & Caribbean,GTM,survey
Guatemala,1993,50.6,2.18,53.6,2.59,3.0,3.4,5.6,4.3,Latin America & Caribbean,GTM,survey
Guatemala,1994,50.5,2.16,53.5,2.55,3.0,3.3,5.6,4.2,Latin America & Caribbean,GTM,survey
Guatemala,1995,50.5,2.08,53.5,2.49,3.0,3.2,5.6,4.1,Latin America & Caribbean,GTM,survey
Guatemala,1996,50.5,1.97,53.5,2.39,3.0,3.1,5.6,3.9,Latin America & Caribbean,GTM,survey
Guatemala,1997,50.4,1.81,53.5,2.26,3.1,2.9,5.8,3.7,Latin America & Caribbean,GTM,survey
Guatemala,1998,50.4,1.59,53.4,2.11,3.0,2.6,5.6,3.3,Latin America & Caribbean,GTM,survey
Guatemala,1999,50.5,1.37,53.5,1.96,3.0,2.4,5.6,3.1,Latin America & Caribbean,GTM,survey
Guatemala,2000,50.6,1.0,53.5,1.76,2.9,2.0,5.4,2.7,Latin America & Caribbean,GTM,survey
Guatemala,2001,50.5,1.13,53.2,1.74,2.7,2.1,5.1,2.7,Latin America & Caribbean,GTM,survey
Guatemala,2002,50.4,1.02,53.0,1.66,2.6,1.9,4.9,2.5,Latin America & Caribbean,GTM,survey
Guatemala,2003,49.5,1.03,52.5,1.65,3.0,1.9,5.7,2.5,Latin America & Caribbean,GTM,survey
Guatemala,2004,48.4,1.07,51.9,1.64,3.5,2.0,6.7,2.6,Latin America & Caribbean,GTM,survey
Guatemala,2005,48.3,1.31,51.7,1.71,3.4,2.2,6.6,2.8,Latin America & Caribbean,GTM,survey
Guatemala,2006,48.2,1.39,51.4,1.67,3.2,2.2,6.2,2.8,Latin America & Caribbean,GTM,survey
Guatemala,2007,47.9,1.57,51.1,1.79,3.2,2.4,6.3,3.0,Latin America & Caribbean,GTM,survey
Guatemala,2008,47.6,1.68,50.8,1.84,3.2,2.5,6.3,3.1,Latin America & Caribbean,GTM,survey
Guatemala,2009,47.4,1.7,50.5,1.82,3.1,2.5,6.1,3.1,Latin America & Caribbean,GTM,survey
Guatemala,2010,47.1,1.66,50.2,1.72,3.1,2.4,6.2,3.0,Latin America & Caribbean,GTM,survey
Guatemala,2011,46.7,1.66,49.8,1.64,3.1,2.3,6.2,2.8,Latin America & Caribbean,GTM,survey
Guatemala,2012,45.9,1.71,48.8,1.68,2.9,2.4,5.9,2.9,Latin America & Caribbean,GTM,survey
Guatemala,2013,45.0,1.71,47.9,1.67,2.9,2.4,6.1,2.9,Latin America & Caribbean,GTM,survey
Guatemala,2014,44.1,1.62,46.9,1.57,2.8,2.3,6.0,2.8,Latin America & Caribbean,GTM,survey
Guatemala,2015,43.9,1.79,46.8,1.83,2.9,2.6,6.2,3.2,Latin America & Caribbean,GTM,survey
Guatemala,2016,43.7,1.91,46.7,2.02,3.0,2.8,6.4,3.5,Latin America & Caribbean,GTM,survey
Guatemala,2017,43.5,1.96,46.6,2.17,3.1,2.9,6.7,3.6,Latin America & Caribbean,GTM,survey
Guatemala,2018,43.2,1.95,46.4,2.28,3.2,3.0,6.9,3.8,Latin America & Caribbean,GTM,survey
Guatemala,2019,43.0,1.9,46.3,2.35,3.3,3.0,7.1,3.8,Latin America & Caribbean,GTM,survey
Guatemala,2020,42.8,1.79,46.2,2.38,3.4,3.0,7.4,3.8,Latin America & Caribbean,GTM,survey
Guatemala,2021,42.5,1.62,46.1,2.38,3.6,2.9,7.8,3.8,Latin America & Caribbean,GTM,survey
Guatemala,2022,42.3,1.35,45.9,2.36,3.6,2.7,7.8,3.6,Latin America & Caribbean,GTM,survey
Guatemala,2023,42.1,0.96,45.8,2.31,3.7,2.5,8.1,3.4,Latin America & Caribbean,GTM,survey
Guinea-Bissau,1991,43.7,3.3,45.3,3.54,1.5999999999999943,,0.035320088300220626,,Sub-Saharan Africa,GNB,derived
Guinea-Bissau,1992,43.5,3.2,45.1,3.44,1.6000000000000014,,0.0354767184035477,,Sub-Saharan Africa,GNB,derived
Guinea-Bissau,1993,43.4,3.1,45.0,3.35,1.6000000000000014,,0.03555555555555559,,Sub-Saharan Africa,GNB,derived
Guinea-Bissau,1994,43.1,3.08,44.8,3.31,1.6999999999999957,,0.03794642857142848,,Sub-Saharan Africa,GNB,derived
Guinea-Bissau,1995,42.9,3.05,44.6,3.29,1.7000000000000028,,0.03811659192825118,,Sub-Saharan Africa,GNB,derived
Guinea-Bissau,1996,42.6,3.0,44.4,3.24,1.7999999999999972,,0.04054054054054048,,Sub-Saharan Africa,GNB,derived
Guinea-Bissau,1997,42.4,2.93,44.2,3.16,1.8000000000000043,,0.04072398190045258,,Sub-Saharan Africa,GNB,derived
Guinea-Bissau,1998,42.2,2.85,44.0,3.07,1.7999999999999972,,0.040909090909090846,,Sub-Saharan Africa,GNB,derived
Guinea-Bissau,1999,41.9,2.76,43.7,2.99,1.8000000000000043,,0.04118993135011451,,Sub-Saharan Africa,GNB,derived
Guinea-Bissau,2000,41.7,2.64,43.5,2.88,1.7999999999999972,,0.04137931034482752,,Sub-Saharan Africa,GNB,derived
Guinea-Bissau,2001,41.5,2.52,43.3,2.76,1.7999999999999972,,0.04157043879907615,,Sub-Saharan Africa,GNB,derived
Guinea-Bissau,2002,41.3,2.37,43.1,2.6,1.8000000000000043,,0.04176334106728548,,Sub-Saharan Africa,GNB,derived
Guinea-Bissau,2003,41.5,2.44,43.3,2.64,1.7999999999999972,,0.04157043879907615,,Sub-Saharan Africa,GNB,derived
Guinea-Bissau,2004,41.7,2.47,43.5,2.67,1.7999999999999972,,0.04137931034482752,,Sub-Saharan Africa,GNB,derived
Guinea-Bissau,2005,41.9,2.5,43.6,2.7,1.7000000000000028,,0.03899082568807346,,Sub-Saharan Africa,GNB,derived
Guinea-Bissau,2006,42.1,2.53,43.9,2.75,1.7999999999999972,,0.041002277904327956,,Sub-Saharan Africa,GNB,derived
Guinea-Bissau,2007,42.4,2.56,44.1,2.79,1.7000000000000028,,0.03854875283446718,,Sub-Saharan Africa,GNB,derived
Guinea-Bissau,2008,42.6,2.54,44.4,2.81,1.7999999999999972,,0.04054054054054048,,Sub-Saharan Africa,GNB,derived
Guinea-Bissau,2009,42.9,2.53,44.6,2.79,1.7000000000000028,,0.03811659192825118,,Sub-Saharan Africa,GNB,derived
Guinea-Bissau,2010,43.2,2.51,44.8,2.78,1.5999999999999943,,0.03571428571428559,,Sub-Saharan Africa,GNB,derived
Guinea-Bissau,2011,42.8,2.62,44.5,2.9,1.7000000000000028,,0.0382022471910113,,Sub-Saharan Africa,GNB,derived
Guinea-Bissau,2012,42.5,2.71,44.2,3.0,1.7000000000000028,,0.038461538461538526,,Sub-Saharan Africa,GNB,derived
Guinea-Bissau,2013,42.2,2.81,43.9,3.09,1.6999999999999957,,0.0387243735763097,,Sub-Saharan Africa,GNB,derived
Guinea-Bissau,2014,41.8,2.88,43.6,3.15,1.8000000000000043,,0.04128440366972487,,Sub-Saharan Africa,GNB,derived
Guinea-Bissau,2015,41.5,2.92,43.3,3.23,1.7999999999999972,,0.04157043879907615,,Sub-Saharan Africa,GNB,derived
Guinea-Bissau,2016,41.1,2.95,43.0,3.27,1.8999999999999986,,0.04418604651162787,,Sub-Saharan Africa,GNB,derived
Guinea-Bissau,2017,40.8,3.0,42.7,3.29,1.9000000000000057,,0.04449648711943807,,Sub-Saharan Africa,GNB,derived
Guinea-Bissau,2018,40.5,3.03,42.4,3.31,1.8999999999999986,,0.04481132075471695,,Sub-Saharan Africa,GNB,derived
Guinea-Bissau,2019,40.3,3.14,42.2,3.39,1.9000000000000057,,0.04502369668246459,,Sub-Saharan Africa,GNB,derived
Guinea-Bissau,2020,40.1,3.22,42.0,3.5,1.8999999999999986,,0.0452380952380952,,Sub-Saharan Africa,GNB,derived
Guinea-Bissau,2021,40.0,3.3,41.9,3.54,1.8999999999999986,,0.04534606205250594,,Sub-Saharan Africa,GNB,derived
Honduras,1988,50.4,2.33,50.5,3.14,0.1,3.9,0.2,5.0,Latin America & Caribbean,HND,survey
Honduras,1989,50.6,2.11,50.5,2.99,-0.1,3.7,-0.2,4.8,Latin America & Caribbean,HND,survey
Honduras,1990,50.8,1.97,50.6,2.93,-0.2,3.5,-0.4,4.6,Latin America & Caribbean,HND,survey
Honduras,1991,50.8,1.89,50.5,2.95,-0.3,3.5,-0.6,4.6,Latin America & Caribbean,HND,survey
Honduras,1992,51.0,1.83,50.5,2.94,-0.5,3.5,-1.0,4.6,Latin America & Caribbean,HND,survey
Honduras,1993,51.2,1.8,50.6,2.94,-0.6,3.4,-1.2,4.5,Latin America & Caribbean,HND,survey
Honduras,1994,51.3,1.77,50.6,2.93,-0.7,3.4,-1.4,4.5,Latin America & Caribbean,HND,survey
Honduras,1995,51.5,1.77,50.6,2.94,-0.9,3.4,-1.8,4.5,Latin America & Caribbean,HND,survey
Honduras,1996,51.6,1.73,50.7,2.93,-0.9,3.4,-1.8,4.5,Latin America & Caribbean,HND,survey
Honduras,1997,51.8,1.68,50.7,2.93,-1.1,3.4,-2.2,4.5,Latin America & Caribbean,HND,survey
Honduras,1998,52.0,1.65,50.8,2.91,-1.2,3.3,-2.4,4.4,Latin America & Caribbean,HND,survey
Honduras,1999,52.1,1.58,50.8,2.89,-1.3,3.3,-2.6,4.4,Latin America & Caribbean,HND,survey
Honduras,2000,52.2,1.49,50.8,2.86,-1.4,3.2,-2.8,4.3,Latin America & Caribbean,HND,survey
Honduras,2001,52.4,1.29,50.8,2.8,-1.6,3.1,-3.1,4.2,Latin America & Caribbean,HND,survey
Honduras,2002,52.7,1.21,51.0,2.78,-1.7,3.0,-3.3,4.1,Latin America & Caribbean,HND,survey
Honduras,2003,53.1,1.2,51.1,2.8,-2.0,3.0,-3.9,4.1,Latin America & Caribbean,HND,survey
Honduras,2004,53.3,1.19,51.2,2.8,-2.1,3.0,-4.1,4.1,Latin America & Caribbean,HND,survey
Honduras,2005,53.3,1.2,51.0,2.81,-2.3,3.1,-4.5,4.2,Latin America & Caribbean,HND,survey
Honduras,2006,52.8,1.19,50.7,2.78,-2.1,3.0,-4.1,4.1,Latin America & Caribbean,HND,survey
Honduras,2007,52.0,1.2,50.1,2.75,-1.9,3.0,-3.8,4.1,Latin America & Caribbean,HND,survey
Honduras,2008,51.2,1.19,49.4,2.74,-1.8,3.0,-3.6,4.1,Latin America & Caribbean,HND,survey
Honduras,2009,50.1,1.17,48.7,2.69,-1.4,2.9,-2.9,4.0,Latin America & Caribbean,HND,survey
Honduras,2010,49.7,1.16,48.3,2.67,-1.4,2.9,-2.9,3.9,Latin America & Caribbean,HND,survey
Honduras,2011,49.2,1.16,47.9,2.63,-1.3,2.9,-2.7,3.9,Latin America & Caribbean,HND,survey
Honduras,2012,48.7,1.17,47.3,2.61,-1.4,2.9,-3.0,3.9,Latin America & Caribbean,HND,survey
Honduras,2013,47.8,1.14,46.6,2.62,-1.2,2.9,-2.6,3.9,Latin America & Caribbean,HND,survey
Honduras,2014,47.1,1.15,46.0,2.58,-1.1,2.8,-2.4,3.8,Latin America & Caribbean,HND,survey
Honduras,2015,46.6,1.15,45.5,2.56,-1.1,2.8,-2.4,3.8,Latin America & Caribbean,HND,survey
Honduras,2016,46.3,1.14,45.2,2.57,-1.1,2.8,-2.4,3.8,Latin America & Caribbean,HND,survey
Honduras,2017,46.1,1.17,44.9,2.6,-1.2,2.9,-2.7,3.9,Latin America & Caribbean,HND,survey
Honduras,2018,45.8,1.2,44.6,2.62,-1.2,2.9,-2.7,3.9,Latin America & Caribbean,HND,survey
Honduras,2019,45.5,1.26,44.4,2.66,-1.1,2.9,-2.5,3.9,Latin America & Caribbean,HND,survey
Honduras,2020,45.3,1.46,44.3,2.75,-1.0,3.1,-2.3,4.1,Latin America & Caribbean,HND,survey
Honduras,2021,45.1,1.56,44.1,2.8,-1.0,3.2,-2.3,4.3,Latin America & Caribbean,HND,survey
Honduras,2022,44.7,1.56,43.9,2.84,-0.8,3.2,-1.8,4.3,Latin America & Caribbean,HND,survey
Honduras,2023,44.4,1.52,43.6,2.86,-0.8,3.2,-1.8,4.3,Latin America & Caribbean,HND,survey
Honduras,2024,44.3,1.78,43.5,3.01,-0.8,3.5,-1.8,4.6,Latin America & Caribbean,HND,survey
Hong Kong,1964,36.6,3.79,43.0,5.09,6.399999999999999,,0.14883720930232555,,East Asia,HKG,derived
Hong Kong,1965,36.6,3.74,43.1,5.0,6.5,,0.15081206496519722,,East Asia,HKG,derived
Hong Kong,1966,36.6,3.66,43.2,4.94,6.600000000000001,,0.1527777777777778,,East Asia,HKG,derived
Hong Kong,1967,36.6,3.62,43.2,4.9,6.600000000000001,,0.1527777777777778,,East Asia,HKG,derived
Hong Kong,1968,36.6,3.55,43.3,4.86,6.699999999999996,,0.15473441108545025,,East Asia,HKG,derived
Hong Kong,1969,36.6,3.51,43.3,4.83,6.699999999999996,,0.15473441108545025,,East Asia,HKG,derived
Hong Kong,1970,36.6,3.44,43.4,4.74,6.799999999999997,,0.15668202764976952,,East Asia,HKG,derived
Hong Kong,1971,36.6,3.39,43.5,4.69,6.899999999999999,,0.15862068965517237,,East Asia,HKG,derived
Hong Kong,1972,36.6,3.33,43.6,4.63,7.0,,0.1605504587155963,,East Asia,HKG,derived
Hong Kong,1973,36.6,3.3,43.6,4.59,7.0,,0.1605504587155963,,East Asia,HKG,derived
Hong Kong,1974,36.6,3.26,43.7,4.51,7.100000000000001,,0.1624713958810069,,East Asia,HKG,derived
Hong Kong,1975,36.7,3.22,43.8,4.47,7.099999999999994,,0.16210045662100445,,East Asia,HKG,derived
Hong Kong,1976,36.8,3.2,43.9,4.43,7.100000000000001,,0.16173120728929388,,East Asia,HKG,derived
Hong Kong,1977,36.9,3.17,44.0,4.4,7.100000000000001,,0.1613636363636364,,East Asia,HKG,derived
Hong Kong,1978,36.9,3.15,44.1,4.33,7.200000000000003,,0.16326530612244905,,East Asia,HKG,derived
Hong Kong,1979,37.0,3.13,44.2,4.3,7.200000000000003,,0.16289592760181001,,East Asia,HKG,derived
Hong Kong,1980,37.1,3.1,44.2,4.26,7.100000000000001,,0.16063348416289594,,East Asia,HKG,derived
Hong Kong,1981,37.2,3.07,44.3,4.21,7.099999999999994,,0.1602708803611737,,East Asia,HKG,derived
Hong Kong,1982,37.3,3.1,44.4,4.18,7.100000000000001,,0.15990990990990994,,East Asia,HKG,derived
Hong Kong,1983,37.4,3.12,44.5,4.16,7.100000000000001,,0.15955056179775284,,East Asia,HKG,derived
Hong Kong,1984,37.5,3.1,44.6,4.11,7.100000000000001,,0.15919282511210764,,East Asia,HKG,derived
Hong Kong,1985,37.7,3.1,44.8,4.09,7.1,5.1,15.8,6.5,East Asia,HKG,survey
Hong Kong,1986,37.8,3.06,44.8,4.05,7.0,5.1,15.6,6.5,East Asia,HKG,survey
Hong Kong,1987,37.9,3.05,45.0,4.01,7.1,5.0,15.8,6.4,East Asia,HKG,survey
Hong Kong,1988,38.1,3.03,45.1,3.97,7.0,5.0,15.5,6.4,East Asia,HKG,survey
Hong Kong,1989,38.3,3.0,45.2,3.93,6.9,4.9,15.3,6.3,East Asia,HKG,survey
Hong Kong,1990,38.4,2.96,45.3,3.88,6.9,4.9,15.2,6.3,East Asia,HKG,survey
Hong Kong,1991,38.6,2.9,45.4,3.82,6.8,4.8,15.0,6.1,East Asia,HKG,survey
Hong Kong,1992,38.8,2.85,45.6,3.75,6.8,4.7,14.9,6.0,East Asia,HKG,survey
Hong Kong,1993,38.9,2.77,45.7,3.7,6.8,4.6,14.9,5.9,East Asia,HKG,survey
Hong Kong,1994,39.0,2.68,45.8,3.62,6.8,4.5,14.8,5.8,East Asia,HKG,survey
Hong Kong,1995,39.2,2.55,45.9,3.51,6.7,4.3,14.6,5.6,East Asia,HKG,survey
Hong Kong,1996,39.4,2.42,46.0,3.39,6.6,4.2,14.3,5.4,East Asia,HKG,survey
Hong Kong,1997,39.5,2.45,46.1,3.4,6.6,4.2,14.3,5.4,East Asia,HKG,survey
Hong Kong,1998,39.5,2.47,46.2,3.38,6.7,4.2,14.5,5.4,East Asia,HKG,survey
Hong Kong,1999,39.6,2.47,46.3,3.34,6.7,4.2,14.5,5.4,East Asia,HKG,survey
Hong Kong,2000,39.7,2.43,46.3,3.32,6.6,4.1,14.3,5.3,East Asia,HKG,survey
Hong Kong,2001,39.8,2.36,46.4,3.28,6.6,4.0,14.2,5.2,East Asia,HKG,survey
Hong Kong,2002,39.9,2.42,46.5,3.3,6.6,4.1,14.2,5.3,East Asia,HKG,survey
Hong Kong,2003,39.9,2.44,46.5,3.31,6.6,4.1,14.2,5.3,East Asia,HKG,survey
Hong Kong,2004,40.0,2.45,46.6,3.32,6.6,4.1,14.2,5.3,East Asia,HKG,survey
Hong Kong,2005,40.0,2.42,46.6,3.34,6.6,4.1,14.2,5.3,East Asia,HKG,survey
Hong Kong,2006,40.1,2.35,46.7,3.3,6.6,4.1,14.1,5.3,East Asia,HKG,survey
Hong Kong,2007,40.2,2.41,46.7,3.34,6.5,4.1,13.9,5.3,East Asia,HKG,survey
Hong Kong,2008,40.2,2.45,46.7,3.37,6.5,4.2,13.9,5.4,East Asia,HKG,survey
Hong Kong,2009,40.2,2.46,46.8,3.4,6.6,4.2,14.1,5.4,East Asia,HKG,survey
Hong Kong,2010,40.2,2.45,46.8,3.42,6.6,4.2,14.1,5.4,East Asia,HKG,survey
Hong Kong,2011,40.3,2.41,46.8,3.42,6.5,4.2,13.9,5.4,East Asia,HKG,survey
Hong Kong,2012,40.3,2.5,46.8,3.5,6.5,4.3,13.9,5.5,East Asia,HKG,survey
Hong Kong,2013,40.3,2.58,46.8,3.55,6.5,4.4,13.9,5.7,East Asia,HKG,survey
Hong Kong,2014,40.2,2.64,46.8,3.6,6.6,4.5,14.1,5.8,East Asia,HKG,survey
Hong Kong,2015,40.2,2.67,46.8,3.66,6.6,4.5,14.1,5.8,East Asia,HKG,survey
Hong Kong,2016,40.2,2.7,46.8,3.7,6.6,4.6,14.1,5.9,East Asia,HKG,survey
Hong Kong,2017,40.2,2.88,46.8,3.85,6.6,4.8,14.1,6.2,East Asia,HKG,survey
Hong Kong,2018,40.1,3.04,46.8,3.98,6.7,5.0,14.3,6.4,East Asia,HKG,survey
Hong Kong,2019,40.1,3.18,46.8,4.12,6.7,5.2,14.3,6.6,East Asia,HKG,survey
Hong Kong,2020,40.0,3.32,46.7,4.24,6.7,5.4,14.3,6.9,East Asia,HKG,survey
Hong Kong,2021,40.0,3.45,46.7,4.36,6.7,5.6,14.3,7.1,East Asia,HKG,survey
Hungary,1962,24.8,2.15,41.4,3.5,16.599999999999998,,0.4009661835748792,,Eastern Europe & FSU,HUN,derived
Hungary,1963,24.5,2.18,41.3,3.43,16.799999999999997,,0.4067796610169491,,Eastern Europe & FSU,HUN,derived
Hungary,1964,24.2,2.19,41.3,3.37,17.099999999999998,,0.41404358353510895,,Eastern Europe & FSU,HUN,derived
Hungary,1965,23.9,2.13,41.2,3.29,17.300000000000004,,0.4199029126213593,,Eastern Europe & FSU,HUN,derived
Hungary,1966,23.6,2.05,41.2,3.2,17.6,,0.4271844660194175,,Eastern Europe & FSU,HUN,derived
Hungary,1967,23.3,1.91,41.2,3.12,17.900000000000002,,0.43446601941747576,,Eastern Europe & FSU,HUN,derived
Hungary,1968,23.2,1.99,41.1,3.1,17.900000000000002,,0.43552311435523117,,Eastern Europe & FSU,HUN,derived
Hungary,1969,23.1,2.01,41.1,3.07,18.0,,0.437956204379562,,Eastern Europe & FSU,HUN,derived
Hungary,1970,22.9,1.96,41.1,3.04,18.200000000000003,,0.4428223844282239,,Eastern Europe & FSU,HUN,derived
Hungary,1971,22.7,1.91,41.1,2.98,18.400000000000002,,0.4476885644768857,,Eastern Europe & FSU,HUN,derived
Hungary,1972,22.6,1.83,41.1,2.92,18.5,,0.45012165450121655,,Eastern Europe & FSU,HUN,derived
Hungary,1973,22.5,1.93,41.0,2.9,18.5,,0.45121951219512196,,Eastern Europe & FSU,HUN,derived
Hungary,1974,22.3,1.96,40.9,2.86,18.599999999999998,,0.4547677261613692,,Eastern Europe & FSU,HUN,derived
Hungary,1975,22.1,1.95,40.9,2.83,18.799999999999997,,0.4596577017114914,,Eastern Europe & FSU,HUN,derived
Hungary,1976,22.0,1.91,40.8,2.77,18.799999999999997,,0.46078431372549017,,Eastern Europe & FSU,HUN,derived
Hungary,1977,21.8,1.81,40.7,2.7,18.900000000000002,,0.4643734643734644,,Eastern Europe & FSU,HUN,derived
Hungary,1978,21.7,1.89,40.7,2.67,19.000000000000004,,0.46683046683046686,,Eastern Europe & FSU,HUN,derived
Hungary,1979,21.7,1.9,40.7,2.64,19.000000000000004,,0.46683046683046686,,Eastern Europe & FSU,HUN,derived
Hungary,1980,21.7,1.88,40.7,2.59,19.000000000000004,,0.46683046683046686,,Eastern Europe & FSU,HUN,derived
Hungary,1981,21.6,1.78,40.7,2.5,19.1,,0.4692874692874693,,Eastern Europe & FSU,HUN,derived
Hungary,1982,21.6,1.65,40.7,2.4,19.1,,0.4692874692874693,,Eastern Europe & FSU,HUN,derived
Hungary,1983,21.7,1.66,40.8,2.33,19.099999999999998,,0.4681372549019608,,Eastern Europe & FSU,HUN,derived
Hungary,1984,21.8,1.63,40.9,2.23,19.099999999999998,,0.4669926650366748,,Eastern Europe & FSU,HUN,derived
Hungary,1985,21.9,1.52,41.1,2.06,19.200000000000003,,0.4671532846715329,,Eastern Europe & FSU,HUN,derived
Hungary,1986,22.0,1.29,41.2,1.88,19.200000000000003,,0.46601941747572817,,Eastern Europe & FSU,HUN,derived
Hungary,1987,22.2,0.92,41.3,1.62,19.099999999999998,,0.46246973365617433,,Eastern Europe & FSU,HUN,derived
Hungary,1988,22.5,1.0,41.7,1.51,19.200000000000003,,0.460431654676259,,Eastern Europe & FSU,HUN,derived
Hungary,1989,23.1,0.81,42.3,1.35,19.199999999999996,,0.4539007092198581,,Eastern Europe & FSU,HUN,derived
Hungary,1990,24.5,1.09,43.9,1.39,19.4,,0.4419134396355353,,Eastern Europe & FSU,HUN,derived
Hungary,1991,25.8,1.04,45.5,1.29,19.7,,0.4329670329670329,,Eastern Europe & FSU,HUN,derived
Hungary,1992,26.5,0.9,46.7,1.28,20.200000000000003,,0.4325481798715204,,Eastern Europe & FSU,HUN,derived
Hungary,1993,26.8,0.77,47.6,1.2,20.8,1.4,43.7,1.8,Eastern Europe & FSU,HUN,survey
Hungary,1994,28.1,0.89,48.8,1.2,20.7,1.5,42.4,1.9,Eastern Europe & FSU,HUN,survey
Hungary,1995,28.1,0.78,49.2,1.15,21.1,1.4,42.9,1.8,Eastern Europe & FSU,HUN,survey
Hungary,1996,28.1,0.78,49.4,1.2,21.3,1.4,43.1,1.8,Eastern Europe & FSU,HUN,survey
Hungary,1997,28.0,0.85,49.4,1.23,21.4,1.5,43.3,1.9,Eastern Europe & FSU,HUN,survey
Hungary,1998,28.0,0.85,49.6,1.23,21.6,1.5,43.5,1.9,Eastern Europe & FSU,HUN,survey
Hungary,1999,28.1,0.98,50.0,1.26,21.9,1.6,43.8,2.0,Eastern Europe & FSU,HUN,survey
Hungary,2000,28.0,0.91,50.0,1.27,22.0,1.6,44.0,2.0,Eastern Europe & FSU,HUN,survey
Hungary,2001,27.9,1.01,50.0,1.35,22.1,1.7,44.2,2.2,Eastern Europe & FSU,HUN,survey
Hungary,2002,27.7,0.98,50.1,1.35,22.4,1.7,44.7,2.2,Eastern Europe & FSU,HUN,survey
Hungary,2003,28.3,1.0,50.6,1.36,22.3,1.7,44.1,2.2,Eastern Europe & FSU,HUN,survey
Hungary,2004,28.3,0.91,50.8,1.29,22.5,1.6,44.3,2.1,Eastern Europe & FSU,HUN,survey
Hungary,2005,27.9,1.02,50.7,1.3,22.8,1.7,45.0,2.1,Eastern Europe & FSU,HUN,survey
Hungary,2006,27.4,0.91,50.3,1.29,22.9,1.6,45.5,2.1,Eastern Europe & FSU,HUN,survey
Hungary,2007,27.0,1.01,50.1,1.3,23.1,1.6,46.1,2.1,Eastern Europe & FSU,HUN,survey
Hungary,2008,26.6,0.94,49.8,1.31,23.2,1.6,46.6,2.1,Eastern Europe & FSU,HUN,survey
Hungary,2009,26.8,0.96,50.1,1.32,23.3,1.6,46.5,2.1,Eastern Europe & FSU,HUN,survey
Hungary,2010,26.8,0.94,50.0,1.3,23.2,1.6,46.4,2.1,Eastern Europe & FSU,HUN,survey
Hungary,2011,27.1,0.96,50.1,1.31,23.0,1.6,45.9,2.1,Eastern Europe & FSU,HUN,survey
Hungary,2012,27.5,1.01,50.4,1.31,22.9,1.7,45.4,2.1,Eastern Europe & FSU,HUN,survey
Hungary,2013,27.6,0.9,50.3,1.28,22.7,1.6,45.1,2.0,Eastern Europe & FSU,HUN,survey
Hungary,2014,27.4,0.84,49.9,1.25,22.5,1.5,45.1,2.0,Eastern Europe & FSU,HUN,survey
Hungary,2015,27.2,0.9,49.5,1.25,22.3,1.5,45.1,2.0,Eastern Europe & FSU,HUN,survey
Hungary,2016,27.2,0.9,49.4,1.3,22.2,1.6,44.9,2.1,Eastern Europe & FSU,HUN,survey
Hungary,2017,27.2,0.9,49.4,1.35,22.2,1.6,44.9,2.1,Eastern Europe & FSU,HUN,survey
Hungary,2018,27.0,0.94,49.0,1.4,22.0,1.7,44.9,2.2,Eastern Europe & FSU,HUN,survey
Hungary,2019,26.9,0.96,48.8,1.43,21.9,1.7,44.9,2.2,Eastern Europe & FSU,HUN,survey
Hungary,2020,26.4,0.96,48.4,1.45,22.0,1.7,45.5,2.2,Eastern Europe & FSU,HUN,survey
Hungary,2021,26.3,0.98,48.1,1.51,21.8,1.8,45.3,2.3,Eastern Europe & FSU,HUN,survey
Hungary,2022,26.4,1.08,48.1,1.67,21.7,2.0,45.1,2.6,Eastern Europe & FSU,HUN,survey
Hungary,2023,26.5,1.43,48.1,1.98,21.6,2.4,44.9,3.1,Eastern Europe & FSU,HUN,survey
India,1971,40.2,2.3,42.7,2.79,2.5,,0.058548009367681494,,South Asia,IND,derived
India,1972,40.3,2.15,42.8,2.65,2.5,,0.058411214953271035,,South Asia,IND,derived
India,1973,40.3,1.99,42.9,2.49,2.6000000000000014,,0.06060606060606064,,South Asia,IND,derived
India,1974,40.0,1.95,42.8,2.45,2.799999999999997,,0.06542056074766349,,South Asia,IND,derived
India,1975,39.7,1.89,42.7,2.36,3.0,,0.0702576112412178,,South Asia,IND,derived
India,1976,39.4,1.75,42.7,2.27,3.3000000000000043,,0.07728337236533968,,South Asia,IND,derived
India,1977,39.3,1.75,42.7,2.24,3.4000000000000057,,0.07962529274004697,,South Asia,IND,derived
India,1978,39.4,1.8,42.9,2.25,3.5,,0.08158508158508158,,South Asia,IND,derived
India,1979,39.2,1.84,42.9,2.25,3.6999999999999957,,0.08624708624708614,,South Asia,IND,derived
India,1980,38.9,1.82,42.9,2.23,4.0,,0.09324009324009325,,South Asia,IND,derived
India,1981,38.7,1.76,43.0,2.17,4.299999999999997,,0.09999999999999994,,South Asia,IND,derived
India,1982,38.5,1.6,43.0,2.06,4.5,,0.10465116279069768,,South Asia,IND,derived
India,1983,38.7,1.46,43.1,1.96,4.399999999999999,,0.10208816705336424,,South Asia,IND,derived
India,1984,38.9,1.61,43.3,2.02,4.399999999999999,,0.1016166281755196,,South Asia,IND,derived
India,1985,39.2,1.67,43.4,2.05,4.2,2.6,9.7,3.3,South Asia,IND,survey
India,1986,39.4,1.62,43.6,2.03,4.2,2.6,9.6,3.3,South Asia,IND,survey
India,1987,39.7,1.48,43.8,1.94,4.1,2.4,9.4,3.1,South Asia,IND,survey
India,1988,40.0,1.47,44.0,1.9,4.0,2.4,9.1,3.1,South Asia,IND,survey
India,1989,40.2,1.52,44.1,1.93,3.9,2.5,8.8,3.2,South Asia,IND,survey
India,1990,40.3,1.55,44.2,1.94,3.9,2.5,8.8,3.2,South Asia,IND,survey
India,1991,40.5,1.51,44.3,1.93,3.8,2.5,8.6,3.2,South Asia,IND,survey
India,1992,40.9,1.49,44.4,1.88,3.5,2.4,7.9,3.0,South Asia,IND,survey
India,1993,41.2,1.39,44.4,1.8,3.2,2.3,7.2,2.9,South Asia,IND,survey
India,1994,41.5,1.34,44.9,1.76,3.4,2.2,7.6,2.8,South Asia,IND,survey
India,1995,41.8,1.44,45.1,1.81,3.3,2.3,7.3,2.9,South Asia,IND,survey
India,1996,41.9,1.49,45.4,1.85,3.5,2.4,7.7,3.0,South Asia,IND,survey
India,1997,42.3,1.58,45.7,1.9,3.4,2.5,7.4,3.1,South Asia,IND,survey
India,1998,42.5,1.63,45.9,1.91,3.4,2.5,7.4,3.1,South Asia,IND,survey
India,1999,42.8,1.6,46.1,1.85,3.3,2.4,7.2,3.0,South Asia,IND,survey
India,2000,43.0,1.47,46.3,1.75,3.3,2.3,7.1,2.9,South Asia,IND,survey
India,2001,44.1,1.48,46.8,1.69,2.7,2.2,5.8,2.8,South Asia,IND,survey
India,2002,45.1,1.39,47.3,1.58,2.2,2.1,4.7,2.6,South Asia,IND,survey
India,2003,46.3,1.23,47.9,1.38,1.6,1.8,3.3,2.3,South Asia,IND,survey
India,2004,47.6,0.87,48.5,1.03,0.9,1.3,1.9,1.7,South Asia,IND,survey
India,2005,47.2,1.09,48.0,1.3,0.8,1.7,1.7,2.1,South Asia,IND,survey
India,2006,47.4,1.25,47.8,1.42,0.4,1.9,0.8,2.4,South Asia,IND,survey
India,2007,47.6,1.3,47.7,1.47,0.1,2.0,0.2,2.5,South Asia,IND,survey
India,2008,47.8,1.31,47.8,1.47,0.0,2.0,0.0,2.5,South Asia,IND,survey
India,2009,48.0,1.23,48.1,1.36,0.1,1.8,0.2,2.3,South Asia,IND,survey
India,2010,48.2,1.05,49.0,1.16,0.8,1.6,1.6,2.0,South Asia,IND,survey
India,2011,48.9,0.8,49.9,0.87,1.0,1.2,2.0,1.5,South Asia,IND,survey
India,2012,48.0,1.09,48.4,1.2,0.4,1.6,0.8,2.0,South Asia,IND,survey
India,2013,47.9,1.28,47.1,1.4,-0.8,1.9,-1.7,2.4,South Asia,IND,survey
India,2014,47.9,1.35,46.1,1.48,-1.8,2.0,-3.9,2.5,South Asia,IND,survey
India,2015,47.9,1.37,45.4,1.55,-2.5,2.1,-5.5,2.6,South Asia,IND,survey
India,2016,47.8,1.42,44.7,1.61,-3.1,2.1,-6.9,2.6,South Asia,IND,survey
India,2017,47.7,1.48,44.2,1.66,-3.5,2.2,-7.9,2.8,South Asia,IND,survey
India,2018,47.6,1.52,43.8,1.71,-3.8,2.3,-8.7,2.9,South Asia,IND,survey
India,2019,47.4,1.59,43.4,1.79,-4.0,2.4,-9.2,3.0,South Asia,IND,survey
India,2020,47.2,1.68,43.1,1.95,-4.1,2.6,-9.5,3.2,South Asia,IND,survey
India,2021,47.0,1.95,42.9,2.22,-4.1,3.0,-9.6,3.7,South Asia,IND,survey
India,2022,46.8,2.15,42.6,2.42,-4.2,3.2,-9.9,4.0,South Asia,IND,survey
Indonesia,1965,41.7,2.61,37.2,2.83,-4.5,,-0.12096774193548386,,Southeast Asia,IDN,derived
Indonesia,1966,41.7,2.6,37.2,2.83,-4.5,,-0.12096774193548386,,Southeast Asia,IDN,derived
Indonesia,1967,41.8,2.55,37.3,2.79,-4.5,,-0.12064343163538875,,Southeast Asia,IDN,derived
Indonesia,1968,41.8,2.49,37.3,2.73,-4.5,,-0.12064343163538875,,Southeast Asia,IDN,derived
Indonesia,1969,41.8,2.39,37.3,2.64,-4.5,,-0.12064343163538875,,Southeast Asia,IDN,derived
Indonesia,1970,41.9,2.25,37.4,2.53,-4.5,,-0.12032085561497327,,Southeast Asia,IDN,derived
Indonesia,1971,41.9,2.28,37.4,2.55,-4.5,,-0.12032085561497327,,Southeast Asia,IDN,derived
Indonesia,1972,42.0,2.27,37.5,2.54,-4.5,,-0.12,,Southeast Asia,IDN,derived
Indonesia,1973,42.1,2.23,37.6,2.48,-4.5,,-0.11968085106382978,,Southeast Asia,IDN,derived
Indonesia,1974,42.1,2.18,37.7,2.4,-4.399999999999999,,-0.11671087533156493,,Southeast Asia,IDN,derived
Indonesia,1975,42.2,2.1,37.7,2.31,-4.5,,-0.11936339522546419,,Southeast Asia,IDN,derived
Indonesia,1976,42.2,1.98,37.8,2.18,-4.400000000000006,,-0.11640211640211656,,Southeast Asia,IDN,derived
Indonesia,1977,42.3,1.93,37.9,2.1,-4.399999999999999,,-0.11609498680738783,,Southeast Asia,IDN,derived
Indonesia,1978,42.4,1.84,38.0,2.0,-4.399999999999999,,-0.11578947368421048,,Southeast Asia,IDN,derived
Indonesia,1979,42.2,1.81,38.0,1.95,-4.200000000000003,,-0.11052631578947376,,Southeast Asia,IDN,derived
Indonesia,1980,41.9,1.74,38.0,1.89,-3.8999999999999986,,-0.10263157894736838,,Southeast Asia,IDN,derived
Indonesia,1981,41.6,1.69,37.9,1.84,-3.700000000000003,,-0.0976253298153035,,Southeast Asia,IDN,derived
Indonesia,1982,41.4,1.69,37.9,1.84,-3.5,,-0.09234828496042216,,Southeast Asia,IDN,derived
Indonesia,1983,41.1,1.67,37.8,1.84,-3.3000000000000043,,-0.08730158730158742,,Southeast Asia,IDN,derived
Indonesia,1984,40.8,1.6,37.6,1.77,-3.1999999999999957,,-0.08510638297872329,,Southeast Asia,IDN,derived
Indonesia,1985,40.7,1.64,37.7,1.81,-3.0,,-0.07957559681697612,,Southeast Asia,IDN,derived
Indonesia,1986,40.7,1.64,37.7,1.8,-3.0,,-0.07957559681697612,,Southeast Asia,IDN,derived
Indonesia,1987,40.7,1.54,37.7,1.71,-3.0,,-0.07957559681697612,,Southeast Asia,IDN,derived
Indonesia,1988,40.9,1.61,37.9,1.78,-3.0,,-0.079155672823219,,Southeast Asia,IDN,derived
Indonesia,1989,41.2,1.59,38.2,1.74,-3.0,,-0.07853403141361257,,Southeast Asia,IDN,derived
Indonesia,1990,41.4,1.49,38.4,1.63,-3.0,,-0.078125,,Southeast Asia,IDN,derived
Indonesia,1991,41.7,1.57,38.5,1.71,-3.200000000000003,,-0.08311688311688319,,Southeast Asia,IDN,derived
Indonesia,1992,41.9,1.57,38.6,1.69,-3.299999999999997,,-0.08549222797927454,,Southeast Asia,IDN,derived
Indonesia,1993,42.1,1.47,38.7,1.61,-3.3999999999999986,,-0.08785529715762269,,Southeast Asia,IDN,derived
Indonesia,1994,42.2,1.54,38.8,1.66,-3.4000000000000057,,-0.08762886597938159,,Southeast Asia,IDN,derived
Indonesia,1995,42.2,1.54,38.8,1.64,-3.4000000000000057,,-0.08762886597938159,,Southeast Asia,IDN,derived
Indonesia,1996,42.4,1.43,38.9,1.53,-3.5,,-0.08997429305912596,,Southeast Asia,IDN,derived
Indonesia,1997,41.9,1.47,38.6,1.56,-3.299999999999997,,-0.08549222797927454,,Southeast Asia,IDN,derived
Indonesia,1998,41.5,1.39,38.4,1.49,-3.1000000000000014,,-0.08072916666666671,,Southeast Asia,IDN,derived
Indonesia,1999,41.1,1.34,38.1,1.42,-3.0,,-0.07874015748031496,,Southeast Asia,IDN,derived
Indonesia,2000,40.9,1.34,38.0,1.43,-2.8999999999999986,,-0.07631578947368417,,Southeast Asia,IDN,derived
Indonesia,2001,40.8,1.33,37.9,1.43,-2.8999999999999986,,-0.07651715039577833,,Southeast Asia,IDN,derived
Indonesia,2002,40.7,1.29,37.7,1.39,-3.0,,-0.07957559681697612,,Southeast Asia,IDN,derived
Indonesia,2003,40.8,1.36,37.8,1.45,-3.0,,-0.07936507936507937,,Southeast Asia,IDN,derived
Indonesia,2004,41.0,1.42,37.8,1.48,-3.200000000000003,,-0.08465608465608473,,Southeast Asia,IDN,derived
Indonesia,2005,41.3,1.48,37.9,1.55,-3.3999999999999986,,-0.08970976253298149,,Southeast Asia,IDN,derived
Indonesia,2006,41.7,1.56,38.1,1.61,-3.6000000000000014,,-0.094488188976378,,Southeast Asia,IDN,derived
Indonesia,2007,42.2,1.54,38.4,1.61,-3.8000000000000043,,-0.09895833333333345,,Southeast Asia,IDN,derived
Indonesia,2008,42.8,1.51,38.7,1.59,-4.099999999999994,,-0.10594315245478021,,Southeast Asia,IDN,derived
Indonesia,2009,43.5,1.54,39.1,1.6,-4.399999999999999,,-0.11253196930946288,,Southeast Asia,IDN,derived
Indonesia,2010,44.3,1.56,39.6,1.6,-4.699999999999996,,-0.11868686868686858,,Southeast Asia,IDN,derived
Indonesia,2011,45.1,1.55,40.1,1.64,-5.0,,-0.12468827930174563,,Southeast Asia,IDN,derived
Indonesia,2012,45.7,1.56,40.5,1.63,-5.200000000000003,,-0.12839506172839513,,Southeast Asia,IDN,derived
Indonesia,2013,46.1,1.59,40.7,1.67,-5.399999999999999,,-0.13267813267813264,,Southeast Asia,IDN,derived
Indonesia,2014,46.2,1.62,40.8,1.67,-5.400000000000006,,-0.13235294117647073,,Southeast Asia,IDN,derived
Indonesia,2015,46.3,1.61,40.8,1.67,-5.5,,-0.13480392156862747,,Southeast Asia,IDN,derived
Indonesia,2016,46.2,1.6,40.7,1.69,-5.5,,-0.13513513513513511,,Southeast Asia,IDN,derived
Indonesia,2017,46.0,1.61,40.5,1.68,-5.5,,-0.13580246913580246,,Southeast Asia,IDN,derived
Indonesia,2018,45.8,1.61,40.4,1.67,-5.399999999999999,,-0.13366336633663364,,Southeast Asia,IDN,derived
Indonesia,2019,45.6,1.62,40.3,1.69,-5.300000000000004,,-0.13151364764268,,Southeast Asia,IDN,derived
Indonesia,2020,45.5,1.63,40.1,1.7,-5.399999999999999,,-0.13466334164588525,,Southeast Asia,IDN,derived
Indonesia,2021,45.3,1.65,40.0,1.72,-5.299999999999997,,-0.13249999999999992,,Southeast Asia,IDN,derived
Indonesia,2022,45.3,1.71,40.0,1.77,-5.299999999999997,,-0.13249999999999992,,Southeast Asia,IDN,derived
Indonesia,2023,45.2,1.78,39.9,1.86,-5.300000000000004,,-0.13283208020050136,,Southeast Asia,IDN,derived
Indonesia,2024,45.0,1.9,39.8,1.98,-5.200000000000003,,-0.13065326633165839,,Southeast Asia,IDN,derived
Indonesia,2025,45.0,2.08,39.8,2.17,-5.200000000000003,,-0.13065326633165839,,Southeast Asia,IDN,derived
Iran,1969,43.9,2.13,46.6,3.05,2.700000000000003,,0.05793991416309019,,MENA,IRN,derived
Iran,1970,44.1,2.0,46.8,2.94,2.6999999999999957,,0.057692307692307605,,MENA,IRN,derived
Iran,1971,44.3,1.9,47.0,2.85,2.700000000000003,,0.05744680851063836,,MENA,IRN,derived
Iran,1972,44.5,1.82,47.3,2.79,2.799999999999997,,0.05919661733615216,,MENA,IRN,derived
Iran,1973,44.9,1.74,47.6,2.73,2.700000000000003,,0.05672268907563031,,MENA,IRN,derived
Iran,1974,45.3,1.71,48.0,2.68,2.700000000000003,,0.05625000000000006,,MENA,IRN,derived
Iran,1975,45.6,1.8,48.2,2.75,2.6000000000000014,,0.05394190871369297,,MENA,IRN,derived
Iran,1976,45.9,1.83,48.5,2.75,2.6000000000000014,,0.053608247422680444,,MENA,IRN,derived
Iran,1977,46.2,1.86,48.6,2.77,2.3999999999999986,,0.049382716049382686,,MENA,IRN,derived
Iran,1978,46.4,1.84,48.9,2.74,2.5,,0.05112474437627812,,MENA,IRN,derived
Iran,1979,46.5,1.81,49.0,2.71,2.5,,0.05102040816326531,,MENA,IRN,derived
Iran,1980,46.4,1.77,48.9,2.69,2.5,,0.05112474437627812,,MENA,IRN,derived
Iran,1981,46.0,1.73,48.6,2.65,2.6000000000000014,,0.0534979423868313,,MENA,IRN,derived
Iran,1982,45.6,1.65,48.3,2.61,2.6999999999999957,,0.05590062111801234,,MENA,IRN,derived
Iran,1983,45.1,1.59,48.0,2.54,2.8999999999999986,,0.06041666666666664,,MENA,IRN,derived
Iran,1984,44.7,1.4,47.7,2.44,3.0,,0.06289308176100629,,MENA,IRN,derived
Iran,1985,44.5,1.31,47.5,2.38,3.0,2.7,6.3,3.6,MENA,IRN,survey
Iran,1986,44.3,1.25,47.3,2.34,3.0,2.7,6.3,3.6,MENA,IRN,survey
Iran,1987,43.9,1.26,46.9,2.34,3.0,2.7,6.4,3.6,MENA,IRN,survey
Iran,1988,43.4,1.25,46.6,2.31,3.2,2.6,6.9,3.5,MENA,IRN,survey
Iran,1989,43.3,1.23,46.5,2.29,3.2,2.6,6.9,3.5,MENA,IRN,survey
Iran,1990,43.3,1.21,46.4,2.28,3.1,2.6,6.7,3.5,MENA,IRN,survey
Iran,1991,43.4,1.22,46.4,2.29,3.0,2.6,6.5,3.5,MENA,IRN,survey
Iran,1992,43.3,1.22,46.2,2.31,2.9,2.6,6.3,3.5,MENA,IRN,survey
Iran,1993,43.0,1.23,46.0,2.29,3.0,2.6,6.5,3.5,MENA,IRN,survey
Iran,1994,42.7,1.2,45.7,2.27,3.0,2.6,6.6,3.5,MENA,IRN,survey
Iran,1995,42.6,1.21,45.5,2.28,2.9,2.6,6.4,3.5,MENA,IRN,survey
Iran,1996,42.5,1.24,45.4,2.27,2.9,2.6,6.4,3.5,MENA,IRN,survey
Iran,1997,42.4,1.22,45.3,2.28,2.9,2.6,6.4,3.5,MENA,IRN,survey
Iran,1998,42.4,1.2,45.2,2.26,2.8,2.6,6.2,3.4,MENA,IRN,survey
Iran,1999,42.4,1.2,45.1,2.24,2.7,2.5,6.0,3.4,MENA,IRN,survey
Iran,2000,42.4,1.22,45.0,2.25,2.6,2.6,5.8,3.4,MENA,IRN,survey
Iran,2001,42.3,1.21,44.8,2.23,2.5,2.5,5.6,3.4,MENA,IRN,survey
Iran,2002,42.0,1.19,44.6,2.22,2.6,2.5,5.8,3.3,MENA,IRN,survey
Iran,2003,41.6,1.22,44.2,2.22,2.6,2.5,5.9,3.3,MENA,IRN,survey
Iran,2004,41.3,1.23,43.9,2.22,2.6,2.5,5.9,3.3,MENA,IRN,survey
Iran,2005,41.0,1.32,43.6,2.27,2.6,2.6,6.0,3.5,MENA,IRN,survey
Iran,2006,40.6,1.43,43.2,2.32,2.6,2.7,6.0,3.6,MENA,IRN,survey
Iran,2007,40.1,1.52,42.7,2.33,2.6,2.8,6.1,3.6,MENA,IRN,survey
Iran,2008,39.4,1.54,42.1,2.32,2.7,2.8,6.4,3.6,MENA,IRN,survey
Iran,2009,38.8,1.51,41.5,2.29,2.7,2.7,6.5,3.5,MENA,IRN,survey
Iran,2010,37.9,1.49,40.8,2.27,2.9,2.7,7.1,3.5,MENA,IRN,survey
Iran,2011,37.0,1.43,40.1,2.19,3.1,2.6,7.7,3.4,MENA,IRN,survey
Iran,2012,36.2,1.35,39.5,2.12,3.3,2.5,8.4,3.3,MENA,IRN,survey
Iran,2013,35.9,1.37,39.1,2.11,3.2,2.5,8.2,3.3,MENA,IRN,survey
Iran,2014,35.9,1.39,38.9,2.14,3.0,2.6,7.7,3.4,MENA,IRN,survey
Iran,2015,36.0,1.43,38.9,2.17,2.9,2.6,7.5,3.4,MENA,IRN,survey
Iran,2016,36.0,1.45,38.8,2.2,2.8,2.6,7.2,3.4,MENA,IRN,survey
Iran,2017,36.0,1.46,38.8,2.22,2.8,2.7,7.2,3.5,MENA,IRN,survey
Iran,2018,35.9,1.51,38.7,2.23,2.8,2.7,7.2,3.5,MENA,IRN,survey
Iran,2019,35.8,1.57,38.5,2.29,2.7,2.8,7.0,3.6,MENA,IRN,survey
Iran,2020,35.6,1.67,38.4,2.42,2.8,2.9,7.3,3.8,MENA,IRN,survey
Iran,2021,35.5,1.79,38.3,2.55,2.8,3.1,7.3,4.0,MENA,IRN,survey
Iran,2022,35.4,1.94,38.2,2.68,2.8,3.3,7.3,4.3,MENA,IRN,survey
Iran,2023,35.4,2.13,38.2,2.84,2.8,3.5,7.3,4.5,MENA,IRN,survey
Ireland,1966,30.9,0.53,48.5,0.62,17.6,,0.3628865979381444,,Western Europe,IRL,derived
Ireland,1967,30.8,1.12,48.5,1.21,17.7,,0.3649484536082474,,Western Europe,IRL,derived
Ireland,1968,30.7,1.41,48.4,1.51,17.7,,0.365702479338843,,Western Europe,IRL,derived
Ireland,1969,30.6,1.56,48.4,1.73,17.799999999999997,,0.36776859504132225,,Western Europe,IRL,derived
Ireland,1970,30.5,1.63,48.5,1.87,18.0,,0.3711340206185567,,Western Europe,IRL,derived
Ireland,1971,30.4,1.61,48.4,1.95,18.0,,0.37190082644628103,,Western Europe,IRL,derived
Ireland,1972,30.3,1.52,48.4,1.98,18.099999999999998,,0.3739669421487603,,Western Europe,IRL,derived
Ireland,1973,30.1,1.32,48.4,1.97,18.299999999999997,,0.37809917355371897,,Western Europe,IRL,derived
Ireland,1974,30.4,1.6,48.5,2.11,18.1,,0.3731958762886598,,Western Europe,IRL,derived
Ireland,1975,30.7,1.77,48.7,2.24,18.0,2.9,37.0,3.7,Western Europe,IRL,survey
Ireland,1976,31.0,1.86,48.8,2.31,17.8,3.0,36.5,3.8,Western Europe,IRL,survey
Ireland,1977,31.3,1.89,49.0,2.35,17.7,3.0,36.1,3.8,Western Europe,IRL,survey
Ireland,1978,31.6,1.91,49.1,2.37,17.5,3.0,35.6,3.8,Western Europe,IRL,survey
Ireland,1979,31.9,1.88,49.3,2.36,17.4,3.0,35.3,3.8,Western Europe,IRL,survey
Ireland,1980,32.2,1.76,49.4,2.34,17.2,2.9,34.8,3.7,Western Europe,IRL,survey
Ireland,1981,32.3,1.87,49.6,2.36,17.3,3.0,34.9,3.8,Western Europe,IRL,survey
Ireland,1982,32.4,1.92,49.7,2.36,17.3,3.0,34.8,3.8,Western Europe,IRL,survey
Ireland,1983,32.4,1.95,49.8,2.31,17.4,3.0,34.9,3.8,Western Europe,IRL,survey
Ireland,1984,32.5,1.89,50.0,2.25,17.5,2.9,35.0,3.7,Western Europe,IRL,survey
Ireland,1985,32.6,1.79,50.1,2.16,17.5,2.8,34.9,3.5,Western Europe,IRL,survey
Ireland,1986,32.7,1.6,50.2,2.03,17.5,2.6,34.9,3.3,Western Europe,IRL,survey
Ireland,1987,32.8,1.34,50.4,1.83,17.6,2.3,34.9,2.9,Western Europe,IRL,survey
Ireland,1988,32.8,1.57,50.3,1.96,17.5,2.5,34.8,3.2,Western Europe,IRL,survey
Ireland,1989,32.9,1.71,50.3,2.04,17.4,2.7,34.6,3.4,Western Europe,IRL,survey
Ireland,1990,32.9,1.78,50.2,2.09,17.3,2.7,34.5,3.4,Western Europe,IRL,survey
Ireland,1991,32.9,1.79,50.1,2.05,17.2,2.7,34.3,3.4,Western Europe,IRL,survey
Ireland,1992,33.0,1.73,50.1,1.97,17.1,2.6,34.1,3.3,Western Europe,IRL,survey
Ireland,1993,33.0,1.61,50.0,1.88,17.0,2.5,34.0,3.1,Western Europe,IRL,survey
Ireland,1994,33.1,1.39,50.0,1.69,16.9,2.2,33.8,2.8,Western Europe,IRL,survey
Ireland,1995,33.1,1.4,49.8,1.66,16.7,2.2,33.5,2.8,Western Europe,IRL,survey
Ireland,1996,32.8,1.47,49.6,1.68,16.8,2.2,33.9,2.8,Western Europe,IRL,survey
Ireland,1997,32.5,1.59,49.5,1.78,17.0,2.4,34.3,3.0,Western Europe,IRL,survey
Ireland,1998,32.3,1.61,49.3,1.79,17.0,2.4,34.5,3.0,Western Europe,IRL,survey
Ireland,1999,32.0,1.56,49.2,1.75,17.2,2.3,35.0,2.9,Western Europe,IRL,survey
Ireland,2000,31.7,1.41,49.0,1.66,17.3,2.2,35.3,2.8,Western Europe,IRL,survey
Ireland,2001,31.5,1.33,49.2,1.59,17.7,2.1,36.0,2.6,Western Europe,IRL,survey
Ireland,2002,31.3,1.07,49.4,1.4,18.1,1.8,36.6,2.3,Western Europe,IRL,survey
Ireland,2003,31.4,1.18,50.1,1.37,18.7,1.8,37.3,2.3,Western Europe,IRL,survey
Ireland,2004,31.4,1.19,50.7,1.29,19.3,1.8,38.1,2.2,Western Europe,IRL,survey
Ireland,2005,31.4,1.16,51.4,1.22,20.0,1.7,38.9,2.1,Western Europe,IRL,survey
Ireland,2006,31.1,1.13,52.0,1.21,20.9,1.7,40.2,2.1,Western Europe,IRL,survey
Ireland,2007,30.7,1.13,52.9,1.21,22.2,1.7,42.0,2.1,Western Europe,IRL,survey
Ireland,2008,30.4,1.02,54.0,1.22,23.6,1.6,43.7,2.0,Western Europe,IRL,survey
Ireland,2009,30.4,1.03,55.2,1.21,24.8,1.6,44.9,2.0,Western Europe,IRL,survey
Ireland,2010,30.3,0.91,56.0,1.16,25.7,1.5,45.9,1.9,Western Europe,IRL,survey
Ireland,2011,30.4,0.87,56.3,1.14,25.9,1.4,46.0,1.8,Western Europe,IRL,survey
Ireland,2012,30.5,0.87,56.4,1.1,25.9,1.4,45.9,1.8,Western Europe,IRL,survey
Ireland,2013,30.4,0.89,56.1,1.08,25.7,1.4,45.8,1.8,Western Europe,IRL,survey
Ireland,2014,30.0,0.89,55.3,1.04,25.3,1.4,45.8,1.7,Western Europe,IRL,survey
Ireland,2015,29.9,0.95,54.5,1.09,24.6,1.4,45.1,1.8,Western Europe,IRL,survey
Ireland,2016,29.7,1.05,53.7,1.13,24.0,1.5,44.7,1.9,Western Europe,IRL,survey
Ireland,2017,29.3,1.06,52.8,1.17,23.5,1.6,44.5,2.0,Western Europe,IRL,survey
Ireland,2018,28.8,0.98,51.8,1.14,23.0,1.5,44.4,1.9,Western Europe,IRL,survey
Ireland,2019,28.4,0.92,50.9,1.1,22.5,1.4,44.2,1.8,Western Europe,IRL,survey
Ireland,2020,28.2,0.93,50.3,1.16,22.1,1.5,43.9,1.9,Western Europe,IRL,survey
Ireland,2021,28.2,0.97,49.8,1.21,21.6,1.6,43.4,2.0,Western Europe,IRL,survey
Ireland,2022,28.1,1.07,49.4,1.3,21.3,1.7,43.1,2.1,Western Europe,IRL,survey
Ireland,2023,28.0,1.24,49.0,1.45,21.0,1.9,42.9,2.4,Western Europe,IRL,survey
Israel,1979,31.1,1.01,47.0,1.41,15.9,1.7,33.8,2.2,MENA,ISR,survey
Israel,1980,30.9,1.07,46.3,1.45,15.4,1.8,33.3,2.3,MENA,ISR,survey
Israel,1981,30.8,1.21,46.0,1.5,15.2,1.9,33.0,2.4,MENA,ISR,survey
Israel,1982,30.7,1.23,45.7,1.5,15.0,1.9,32.8,2.4,MENA,ISR,survey
Israel,1983,30.7,1.11,45.5,1.41,14.8,1.8,32.5,2.3,MENA,ISR,survey
Israel,1984,31.2,1.05,45.7,1.33,14.5,1.7,31.7,2.2,MENA,ISR,survey
Israel,1985,31.2,0.93,45.9,1.2,14.7,1.5,32.0,1.9,MENA,ISR,survey
Israel,1986,31.1,0.81,46.3,1.09,15.2,1.4,32.8,1.8,MENA,ISR,survey
Israel,1987,31.1,0.97,46.0,1.23,14.9,1.6,32.4,2.0,MENA,ISR,survey
Israel,1988,31.2,1.03,46.0,1.29,14.8,1.7,32.2,2.1,MENA,ISR,survey
Israel,1989,31.4,1.03,46.1,1.3,14.7,1.7,31.9,2.1,MENA,ISR,survey
Israel,1990,31.6,0.99,46.4,1.26,14.8,1.6,31.9,2.0,MENA,ISR,survey
Israel,1991,31.5,1.06,46.7,1.29,15.2,1.7,32.5,2.1,MENA,ISR,survey
Israel,1992,31.4,0.93,47.1,1.17,15.7,1.5,33.3,1.9,MENA,ISR,survey
Israel,1993,32.0,1.19,47.6,1.37,15.6,1.8,32.8,2.3,MENA,ISR,survey
Israel,1994,32.5,1.3,48.2,1.49,15.7,2.0,32.6,2.5,MENA,ISR,survey
Israel,1995,33.1,1.26,48.8,1.46,15.7,1.9,32.2,2.4,MENA,ISR,survey
Israel,1996,33.4,1.24,49.5,1.51,16.1,2.0,32.5,2.5,MENA,ISR,survey
Israel,1997,33.8,1.02,50.1,1.39,16.3,1.7,32.5,2.2,MENA,ISR,survey
Israel,1998,34.2,1.25,50.7,1.48,16.5,1.9,32.5,2.4,MENA,ISR,survey
Israel,1999,34.5,1.28,51.4,1.46,16.9,1.9,32.9,2.4,MENA,ISR,survey
Israel,2000,34.9,1.13,52.0,1.26,17.1,1.7,32.9,2.1,MENA,ISR,survey
Israel,2001,35.3,0.91,53.0,1.03,17.7,1.4,33.4,1.7,MENA,ISR,survey
Israel,2002,35.8,0.8,53.4,0.95,17.6,1.2,33.0,1.5,MENA,ISR,survey
Israel,2003,36.4,0.8,53.3,0.85,16.9,1.2,31.7,1.5,MENA,ISR,survey
Israel,2004,36.9,0.87,53.0,0.89,16.1,1.2,30.4,1.5,MENA,ISR,survey
Israel,2005,37.2,0.95,52.7,0.94,15.5,1.3,29.4,1.6,MENA,ISR,survey
Israel,2006,37.3,0.88,52.3,0.95,15.0,1.3,28.7,1.6,MENA,ISR,survey
Israel,2007,37.3,0.8,51.9,0.9,14.6,1.2,28.1,1.5,MENA,ISR,survey
Israel,2008,37.5,0.84,51.7,0.95,14.2,1.3,27.5,1.6,MENA,ISR,survey
Israel,2009,37.7,0.96,51.4,0.99,13.7,1.4,26.7,1.7,MENA,ISR,survey
Israel,2010,37.6,0.9,51.1,1.01,13.5,1.4,26.4,1.7,MENA,ISR,survey
Israel,2011,37.2,0.81,50.4,0.99,13.2,1.3,26.2,1.6,MENA,ISR,survey
Israel,2012,36.8,0.81,49.6,0.89,12.8,1.2,25.8,1.5,MENA,ISR,survey
Israel,2013,36.2,0.8,48.7,0.87,12.5,1.2,25.7,1.5,MENA,ISR,survey
Israel,2014,35.9,0.8,48.1,0.83,12.2,1.2,25.4,1.5,MENA,ISR,survey
Israel,2015,35.5,0.78,47.6,0.81,12.1,1.1,25.4,1.4,MENA,ISR,survey
Israel,2016,34.8,0.68,47.1,0.78,12.3,1.0,26.1,1.3,MENA,ISR,survey
Israel,2017,34.4,0.69,46.8,0.82,12.4,1.1,26.5,1.4,MENA,ISR,survey
Israel,2018,34.2,0.7,46.9,0.82,12.7,1.1,27.1,1.4,MENA,ISR,survey
Israel,2019,34.1,0.69,47.4,0.83,13.3,1.1,28.1,1.4,MENA,ISR,survey
Israel,2020,34.1,0.74,48.5,0.87,14.4,1.1,29.7,1.4,MENA,ISR,survey
Israel,2021,34.3,0.85,48.5,0.96,14.2,1.3,29.3,1.6,MENA,ISR,survey
Israel,2022,34.2,1.06,48.1,1.17,13.9,1.6,28.9,2.0,MENA,ISR,survey
Italy,1967,45.9,0.53,55.8,0.73,9.899999999999999,,0.17741935483870966,,Southern Europe,ITA,derived
Italy,1968,43.7,1.04,54.6,1.18,10.899999999999999,,0.1996336996336996,,Southern Europe,ITA,derived
Italy,1969,41.8,1.22,53.4,1.39,11.600000000000001,,0.2172284644194757,,Southern Europe,ITA,derived
Italy,1970,40.6,1.36,52.2,1.53,11.600000000000001,,0.22222222222222224,,Southern Europe,ITA,derived
Italy,1971,39.6,1.41,51.2,1.63,11.600000000000001,,0.22656250000000003,,Southern Europe,ITA,derived
Italy,1972,38.6,1.45,50.0,1.64,11.399999999999999,,0.22799999999999998,,Southern Europe,ITA,derived
Italy,1973,37.7,1.46,48.8,1.63,11.099999999999994,,0.22745901639344251,,Southern Europe,ITA,derived
Italy,1974,36.6,1.44,47.5,1.62,10.899999999999999,,0.22947368421052627,,Southern Europe,ITA,derived
Italy,1975,35.4,1.38,45.9,1.55,10.5,2.1,22.9,2.6,Southern Europe,ITA,survey
Italy,1976,34.2,1.29,44.3,1.47,10.1,2.0,22.8,2.5,Southern Europe,ITA,survey
Italy,1977,33.1,1.04,42.7,1.22,9.6,1.6,22.5,2.0,Southern Europe,ITA,survey
Italy,1978,32.4,1.02,41.7,1.11,9.3,1.5,22.3,1.9,Southern Europe,ITA,survey
Italy,1979,31.8,0.93,41.2,1.09,9.4,1.4,22.8,1.8,Southern Europe,ITA,survey
Italy,1980,30.9,0.93,40.9,1.09,10.0,1.4,24.4,1.8,Southern Europe,ITA,survey
Italy,1981,30.0,0.84,40.7,1.05,10.7,1.3,26.3,1.7,Southern Europe,ITA,survey
Italy,1982,29.3,0.81,40.4,1.03,11.1,1.3,27.5,1.7,Southern Europe,ITA,survey
Italy,1983,29.6,0.81,41.0,1.01,11.4,1.3,27.8,1.6,Southern Europe,ITA,survey
Italy,1984,30.3,0.86,41.7,1.01,11.4,1.3,27.3,1.6,Southern Europe,ITA,survey
Italy,1985,31.5,0.95,42.6,1.12,11.1,1.5,26.1,1.9,Southern Europe,ITA,survey
Italy,1986,31.3,0.85,43.0,0.99,11.7,1.3,27.2,1.6,Southern Europe,ITA,survey
Italy,1987,32.1,0.88,43.6,1.0,11.5,1.3,26.4,1.6,Southern Europe,ITA,survey
Italy,1988,32.6,0.94,43.9,1.16,11.3,1.5,25.7,1.9,Southern Europe,ITA,survey
Italy,1989,31.2,0.84,43.5,1.07,12.3,1.4,28.3,1.8,Southern Europe,ITA,survey
Italy,1990,31.0,1.05,43.7,1.21,12.7,1.6,29.1,2.0,Southern Europe,ITA,survey
Italy,1991,30.8,0.93,43.9,1.09,13.1,1.4,29.8,1.8,Southern Europe,ITA,survey
Italy,1992,31.8,1.11,45.1,1.21,13.3,1.6,29.5,2.0,Southern Europe,ITA,survey
Italy,1993,32.8,0.98,46.3,1.06,13.5,1.4,29.2,1.8,Southern Europe,ITA,survey
Italy,1994,33.2,1.14,46.8,1.2,13.6,1.7,29.1,2.1,Southern Europe,ITA,survey
Italy,1995,33.5,1.07,47.3,1.08,13.8,1.5,29.2,1.8,Southern Europe,ITA,survey
Italy,1996,33.6,1.27,47.5,1.32,13.9,1.8,29.3,2.2,Southern Europe,ITA,survey
Italy,1997,33.7,1.29,47.7,1.4,14.0,1.9,29.4,2.4,Southern Europe,ITA,survey
Italy,1998,33.9,1.17,47.9,1.32,14.0,1.8,29.2,2.2,Southern Europe,ITA,survey
Italy,1999,33.7,1.22,48.0,1.33,14.3,1.8,29.8,2.2,Southern Europe,ITA,survey
Italy,2000,33.5,1.04,48.1,1.17,14.6,1.6,30.4,2.0,Southern Europe,ITA,survey
Italy,2001,33.4,1.12,48.4,1.23,15.0,1.7,31.0,2.1,Southern Europe,ITA,survey
Italy,2002,33.0,0.99,48.6,1.1,15.6,1.5,32.1,1.9,Southern Europe,ITA,survey
Italy,2003,32.6,0.98,48.8,1.14,16.2,1.5,33.2,1.9,Southern Europe,ITA,survey
Italy,2004,32.6,1.01,48.9,1.14,16.3,1.5,33.3,1.9,Southern Europe,ITA,survey
Italy,2005,32.4,1.03,48.9,1.19,16.5,1.6,33.7,2.0,Southern Europe,ITA,survey
Italy,2006,32.3,1.03,48.8,1.14,16.5,1.5,33.8,1.9,Southern Europe,ITA,survey
Italy,2007,32.1,0.96,48.8,1.14,16.7,1.5,34.2,1.9,Southern Europe,ITA,survey
Italy,2008,32.2,0.94,48.8,1.09,16.6,1.4,34.0,1.8,Southern Europe,ITA,survey
Italy,2009,32.2,0.86,49.1,1.09,16.9,1.4,34.4,1.8,Southern Europe,ITA,survey
Italy,2010,32.5,0.85,49.4,1.05,16.9,1.4,34.2,1.8,Southern Europe,ITA,survey
Italy,2011,32.8,0.85,49.9,1.07,17.1,1.4,34.3,1.8,Southern Europe,ITA,survey
Italy,2012,33.0,0.84,50.4,1.05,17.4,1.3,34.5,1.7,Southern Europe,ITA,survey
Italy,2013,33.1,0.85,51.0,1.06,17.9,1.4,35.1,1.8,Southern Europe,ITA,survey
Italy,2014,33.2,0.94,51.8,1.09,18.6,1.4,35.9,1.8,Southern Europe,ITA,survey
Italy,2015,33.3,0.94,52.0,1.14,18.7,1.5,36.0,1.9,Southern Europe,ITA,survey
Italy,2016,33.4,1.01,52.3,1.16,18.9,1.5,36.1,1.9,Southern Europe,ITA,survey
Italy,2017,33.3,0.95,52.0,1.19,18.7,1.5,36.0,1.9,Southern Europe,ITA,survey
Italy,2018,33.2,0.94,51.9,1.19,18.7,1.5,36.0,1.9,Southern Europe,ITA,survey
Italy,2019,33.1,0.95,52.0,1.19,18.9,1.5,36.3,1.9,Southern Europe,ITA,survey
Italy,2020,33.2,0.96,52.6,1.17,19.4,1.5,36.9,1.9,Southern Europe,ITA,survey
Italy,2021,33.1,0.95,52.4,1.2,19.3,1.5,36.8,1.9,Southern Europe,ITA,survey
Italy,2022,32.9,0.97,52.6,1.22,19.7,1.6,37.5,2.0,Southern Europe,ITA,survey
Italy,2023,32.8,1.07,52.0,1.45,19.2,1.8,36.9,2.3,Southern Europe,ITA,survey
Italy,2024,32.9,1.43,51.9,1.79,19.0,2.3,36.6,2.9,Southern Europe,ITA,survey
Jamaica,1988,44.0,2.64,46.3,3.13,2.299999999999997,,0.049676025917926504,,Latin America & Caribbean,JAM,derived
Jamaica,1989,44.0,2.48,46.4,2.98,2.3999999999999986,,0.051724137931034454,,Latin America & Caribbean,JAM,derived
Jamaica,1990,44.0,2.32,46.4,2.81,2.3999999999999986,,0.051724137931034454,,Latin America & Caribbean,JAM,derived
Jamaica,1991,43.9,2.18,46.4,2.66,2.5,,0.05387931034482759,,Latin America & Caribbean,JAM,derived
Jamaica,1992,43.8,2.09,46.4,2.54,2.6000000000000014,,0.056034482758620725,,Latin America & Caribbean,JAM,derived
Jamaica,1993,43.7,1.96,46.3,2.42,2.5999999999999943,,0.05615550755939513,,Latin America & Caribbean,JAM,derived
Jamaica,1994,43.7,1.91,46.3,2.37,2.5999999999999943,,0.05615550755939513,,Latin America & Caribbean,JAM,derived
Jamaica,1995,43.8,1.88,46.4,2.32,2.6000000000000014,,0.056034482758620725,,Latin America & Caribbean,JAM,derived
Jamaica,1996,43.9,1.82,46.5,2.26,2.6000000000000014,,0.055913978494623685,,Latin America & Caribbean,JAM,derived
Jamaica,1997,44.0,1.81,46.7,2.23,2.700000000000003,,0.05781584582441119,,Latin America & Caribbean,JAM,derived
Jamaica,1998,44.2,1.77,46.8,2.2,2.5999999999999943,,0.055555555555555435,,Latin America & Caribbean,JAM,derived
Jamaica,1999,44.4,1.73,47.0,2.14,2.6000000000000014,,0.055319148936170244,,Latin America & Caribbean,JAM,derived
Jamaica,2000,44.5,1.72,47.1,2.15,2.6000000000000014,,0.055201698513800454,,Latin America & Caribbean,JAM,derived
Jamaica,2001,44.7,1.68,47.2,2.12,2.5,,0.05296610169491525,,Latin America & Caribbean,JAM,derived
Jamaica,2002,44.8,1.7,47.3,2.13,2.5,,0.052854122621564484,,Latin America & Caribbean,JAM,derived
Jamaica,2003,44.7,1.75,47.2,2.17,2.5,,0.05296610169491525,,Latin America & Caribbean,JAM,derived
Jamaica,2004,44.6,1.77,47.2,2.19,2.6000000000000014,,0.05508474576271189,,Latin America & Caribbean,JAM,derived
Jamaica,2005,44.4,1.8,47.0,2.23,2.6000000000000014,,0.055319148936170244,,Latin America & Caribbean,JAM,derived
Jamaica,2006,44.2,1.83,46.9,2.26,2.6999999999999957,,0.057569296375266435,,Latin America & Caribbean,JAM,derived
Jamaica,2007,44.0,1.88,46.7,2.31,2.700000000000003,,0.05781584582441119,,Latin America & Caribbean,JAM,derived
Jamaica,2008,43.8,1.93,46.6,2.33,2.8000000000000043,,0.060085836909871335,,Latin America & Caribbean,JAM,derived
Jamaica,2009,43.8,1.96,46.6,2.34,2.8000000000000043,,0.060085836909871335,,Latin America & Caribbean,JAM,derived
Jamaica,2010,43.7,2.0,46.5,2.36,2.799999999999997,,0.0602150537634408,,Latin America & Caribbean,JAM,derived
Jamaica,2011,43.6,2.03,46.5,2.4,2.8999999999999986,,0.06236559139784943,,Latin America & Caribbean,JAM,derived
Jamaica,2012,43.5,2.02,46.4,2.41,2.8999999999999986,,0.06249999999999997,,Latin America & Caribbean,JAM,derived
Jamaica,2013,43.4,2.03,46.3,2.41,2.8999999999999986,,0.06263498920086391,,Latin America & Caribbean,JAM,derived
Jamaica,2014,43.2,2.03,46.1,2.43,2.8999999999999986,,0.06290672451193055,,Latin America & Caribbean,JAM,derived
Jamaica,2015,43.1,2.03,46.0,2.43,2.8999999999999986,,0.06304347826086953,,Latin America & Caribbean,JAM,derived
Jamaica,2016,42.9,2.05,45.9,2.49,3.0,,0.06535947712418301,,Latin America & Caribbean,JAM,derived
Jamaica,2017,42.8,2.09,45.8,2.52,3.0,,0.06550218340611354,,Latin America & Caribbean,JAM,derived
Jamaica,2018,42.8,2.12,45.8,2.59,3.0,,0.06550218340611354,,Latin America & Caribbean,JAM,derived
Jamaica,2019,42.9,2.23,45.8,2.72,2.8999999999999986,,0.06331877729257639,,Latin America & Caribbean,JAM,derived
Jamaica,2020,43.0,2.37,45.9,2.87,2.8999999999999986,,0.06318082788671021,,Latin America & Caribbean,JAM,derived
Jamaica,2021,43.1,2.5,45.9,2.99,2.799999999999997,,0.06100217864923741,,Latin America & Caribbean,JAM,derived
Japan,1961,24.0,1.65,33.6,2.44,9.600000000000001,,0.28571428571428575,,East Asia,JPN,derived
Japan,1962,23.6,1.49,33.6,2.3,10.0,,0.2976190476190476,,East Asia,JPN,derived
Japan,1963,23.2,1.4,33.5,2.2,10.3,,0.3074626865671642,,East Asia,JPN,derived
Japan,1964,23.0,1.37,33.4,2.12,10.399999999999999,,0.311377245508982,,East Asia,JPN,derived
Japan,1965,22.9,1.36,33.4,2.08,10.5,,0.31437125748503,,East Asia,JPN,derived
Japan,1966,23.0,1.39,33.5,2.02,10.5,,0.31343283582089554,,East Asia,JPN,derived
Japan,1967,23.1,1.25,33.6,1.93,10.5,,0.3125,,East Asia,JPN,derived
Japan,1968,23.2,1.25,33.7,1.89,10.500000000000004,,0.311572700296736,,East Asia,JPN,derived
Japan,1969,23.6,1.21,33.9,1.85,10.299999999999997,,0.303834808259587,,East Asia,JPN,derived
Japan,1970,23.5,1.26,33.8,1.87,10.299999999999997,,0.30473372781065083,,East Asia,JPN,derived
Japan,1971,23.2,1.27,33.7,1.85,10.500000000000004,,0.311572700296736,,East Asia,JPN,derived
Japan,1972,22.9,1.21,33.6,1.8,10.700000000000003,,0.31845238095238104,,East Asia,JPN,derived
Japan,1973,22.7,1.24,33.5,1.83,10.8,,0.32238805970149254,,East Asia,JPN,derived
Japan,1974,22.7,1.23,33.6,1.82,10.900000000000002,,0.324404761904762,,East Asia,JPN,derived
Japan,1975,22.7,1.19,33.6,1.77,10.900000000000002,,0.324404761904762,,East Asia,JPN,derived
Japan,1976,22.7,1.22,33.7,1.78,11.000000000000004,,0.3264094955489615,,East Asia,JPN,derived
Japan,1977,22.6,1.19,33.8,1.76,11.199999999999996,,0.33136094674556205,,East Asia,JPN,derived
Japan,1978,22.7,1.12,34.0,1.7,11.3,,0.33235294117647063,,East Asia,JPN,derived
Japan,1979,23.0,1.07,34.2,1.64,11.200000000000003,,0.3274853801169591,,East Asia,JPN,derived
Japan,1980,23.1,1.13,34.5,1.64,11.399999999999999,,0.33043478260869563,,East Asia,JPN,derived
Japan,1981,23.5,1.09,34.9,1.61,11.399999999999999,,0.326647564469914,,East Asia,JPN,derived
Japan,1982,23.7,1.17,35.3,1.61,11.599999999999998,,0.32861189801699714,,East Asia,JPN,derived
Japan,1983,24.1,1.13,35.9,1.57,11.799999999999997,,0.3286908077994428,,East Asia,JPN,derived
Japan,1984,24.8,0.96,36.5,1.49,11.7,,0.3205479452054794,,East Asia,JPN,derived
Japan,1985,24.8,0.91,36.9,1.45,12.1,1.7,32.8,2.2,East Asia,JPN,survey
Japan,1986,25.2,1.02,37.3,1.49,12.1,1.8,32.4,2.3,East Asia,JPN,survey
Japan,1987,25.7,1.02,37.8,1.48,12.1,1.8,32.0,2.3,East Asia,JPN,survey
Japan,1988,25.7,1.11,38.1,1.53,12.4,1.9,32.5,2.4,East Asia,JPN,survey
Japan,1989,26.0,1.04,38.6,1.51,12.6,1.8,32.6,2.3,East Asia,JPN,survey
Japan,1990,26.2,1.0,39.1,1.51,12.9,1.8,33.0,2.3,East Asia,JPN,survey
Japan,1991,26.9,1.18,39.7,1.62,12.8,2.0,32.2,2.6,East Asia,JPN,survey
Japan,1992,27.7,1.15,40.3,1.64,12.6,2.0,31.3,2.6,East Asia,JPN,survey
Japan,1993,27.7,1.08,40.6,1.6,12.9,1.9,31.8,2.5,East Asia,JPN,survey
Japan,1994,27.9,1.12,41.0,1.62,13.1,2.0,32.0,2.6,East Asia,JPN,survey
Japan,1995,28.3,1.02,41.5,1.57,13.2,1.9,31.8,2.5,East Asia,JPN,survey
Japan,1996,28.7,1.16,41.9,1.64,13.2,2.0,31.5,2.6,East Asia,JPN,survey
Japan,1997,29.1,1.31,42.3,1.7,13.2,2.1,31.2,2.7,East Asia,JPN,survey
Japan,1998,29.4,1.28,42.6,1.69,13.2,2.1,31.0,2.7,East Asia,JPN,survey
Japan,1999,29.6,1.19,42.9,1.64,13.3,2.0,31.0,2.6,East Asia,JPN,survey
Japan,2000,29.8,1.19,43.2,1.63,13.4,2.0,31.0,2.6,East Asia,JPN,survey
Japan,2001,30.0,1.24,43.3,1.63,13.3,2.0,30.7,2.6,East Asia,JPN,survey
Japan,2002,30.3,1.1,43.4,1.53,13.1,1.9,30.2,2.4,East Asia,JPN,survey
Japan,2003,30.3,1.08,43.3,1.45,13.0,1.8,30.0,2.3,East Asia,JPN,survey
Japan,2004,30.7,0.98,43.0,1.34,12.3,1.7,28.6,2.2,East Asia,JPN,survey
Japan,2005,30.8,1.0,42.9,1.32,12.1,1.7,28.2,2.2,East Asia,JPN,survey
Japan,2006,30.8,0.99,43.0,1.3,12.2,1.6,28.4,2.1,East Asia,JPN,survey
Japan,2007,30.9,1.01,43.1,1.28,12.2,1.6,28.3,2.0,East Asia,JPN,survey
Japan,2008,31.1,0.94,43.6,1.19,12.5,1.5,28.7,1.9,East Asia,JPN,survey
Japan,2009,30.6,0.82,43.7,1.09,13.1,1.4,30.0,1.8,East Asia,JPN,survey
Japan,2010,30.1,0.79,43.8,1.08,13.7,1.3,31.3,1.7,East Asia,JPN,survey
Japan,2011,30.3,0.87,44.2,1.14,13.9,1.4,31.4,1.8,East Asia,JPN,survey
Japan,2012,30.1,0.94,44.3,1.14,14.2,1.5,32.1,1.9,East Asia,JPN,survey
Japan,2013,29.9,1.0,44.3,1.2,14.4,1.6,32.5,2.0,East Asia,JPN,survey
Japan,2014,29.7,1.0,44.4,1.22,14.7,1.6,33.1,2.0,East Asia,JPN,survey
Japan,2015,29.7,1.01,44.6,1.19,14.9,1.6,33.4,2.0,East Asia,JPN,survey
Japan,2016,29.9,1.01,44.9,1.19,15.0,1.6,33.4,2.0,East Asia,JPN,survey
Japan,2017,30.1,0.98,45.3,1.21,15.2,1.6,33.6,2.0,East Asia,JPN,survey
Japan,2018,30.5,0.98,45.7,1.25,15.2,1.6,33.3,2.0,East Asia,JPN,survey
Japan,2019,30.8,1.01,45.9,1.36,15.1,1.7,32.9,2.2,East Asia,JPN,survey
Japan,2020,31.1,1.03,46.1,1.53,15.0,1.8,32.5,2.4,East Asia,JPN,survey
Japan,2021,31.5,1.09,46.4,1.77,14.9,2.1,32.1,2.7,East Asia,JPN,survey
Jordan,1986,39.8,2.45,45.1,2.95,5.3,3.8,11.8,4.8,MENA,JOR,survey
Jordan,1987,39.8,2.31,45.2,2.81,5.4,3.6,11.9,4.6,MENA,JOR,survey
Jordan,1988,40.1,2.36,45.4,2.8,5.3,3.7,11.7,4.6,MENA,JOR,survey
Jordan,1989,40.3,2.35,45.6,2.76,5.3,3.6,11.6,4.5,MENA,JOR,survey
Jordan,1990,40.5,2.31,45.8,2.69,5.3,3.5,11.6,4.4,MENA,JOR,survey
Jordan,1991,40.7,2.22,46.0,2.6,5.3,3.4,11.5,4.3,MENA,JOR,survey
Jordan,1992,41.0,2.12,46.2,2.48,5.2,3.3,11.3,4.1,MENA,JOR,survey
Jordan,1993,40.7,2.16,45.9,2.47,5.2,3.3,11.3,4.1,MENA,JOR,survey
Jordan,1994,40.4,2.16,45.7,2.45,5.3,3.3,11.6,4.1,MENA,JOR,survey
Jordan,1995,40.1,2.13,45.5,2.4,5.4,3.2,11.9,4.0,MENA,JOR,survey
Jordan,1996,39.9,2.05,45.2,2.31,5.3,3.1,11.7,3.9,MENA,JOR,survey
Jordan,1997,39.6,1.93,44.9,2.19,5.3,2.9,11.8,3.6,MENA,JOR,survey
Jordan,1998,39.3,1.9,44.7,2.09,5.4,2.8,12.1,3.5,MENA,JOR,survey
Jordan,1999,39.0,1.78,44.4,2.0,5.4,2.7,12.2,3.4,MENA,JOR,survey
Jordan,2000,38.7,1.63,44.1,1.82,5.4,2.4,12.2,3.0,MENA,JOR,survey
Jordan,2001,38.5,1.38,43.8,1.57,5.3,2.1,12.1,2.6,MENA,JOR,survey
Jordan,2002,38.2,0.95,43.5,1.22,5.3,1.5,12.2,1.9,MENA,JOR,survey
Jordan,2003,38.0,1.25,43.3,1.41,5.3,1.9,12.2,2.4,MENA,JOR,survey
Jordan,2004,37.9,1.32,43.1,1.44,5.2,2.0,12.1,2.5,MENA,JOR,survey
Jordan,2005,37.7,1.23,42.9,1.36,5.2,1.8,12.1,2.3,MENA,JOR,survey
Jordan,2006,37.5,0.88,42.7,1.09,5.2,1.4,12.2,1.8,MENA,JOR,survey
Jordan,2007,37.3,1.08,42.5,1.22,5.2,1.6,12.2,2.0,MENA,JOR,survey
Jordan,2008,37.1,0.89,42.3,1.09,5.2,1.4,12.3,1.8,MENA,JOR,survey
Jordan,2009,37.2,1.1,42.4,1.25,5.2,1.7,12.3,2.1,MENA,JOR,survey
Jordan,2010,37.4,0.95,42.5,1.18,5.1,1.5,12.0,1.9,MENA,JOR,survey
Jordan,2011,37.0,1.2,42.1,1.39,5.1,1.8,12.1,2.3,MENA,JOR,survey
Jordan,2012,36.6,1.19,41.8,1.4,5.2,1.8,12.4,2.3,MENA,JOR,survey
Jordan,2013,36.3,0.94,41.5,1.25,5.2,1.6,12.5,2.0,MENA,JOR,survey
Jordan,2014,36.5,1.37,41.6,1.62,5.1,2.1,12.3,2.7,MENA,JOR,survey
Jordan,2015,36.7,1.71,41.8,1.92,5.1,2.6,12.2,3.2,MENA,JOR,survey
Jordan,2016,36.8,1.98,41.9,2.19,5.1,3.0,12.2,3.7,MENA,JOR,survey
Jordan,2017,37.0,2.19,42.0,2.42,5.0,3.3,11.9,4.1,MENA,JOR,survey
Kazakhstan,1988,27.4,1.58,36.7,2.66,9.300000000000004,,0.2534059945504088,,Eastern Europe & FSU,KAZ,derived
Kazakhstan,1989,27.7,1.54,37.0,2.57,9.3,,0.2513513513513514,,Eastern Europe & FSU,KAZ,derived
Kazakhstan,1990,28.2,1.56,37.3,2.51,9.099999999999998,,0.24396782841823053,,Eastern Europe & FSU,KAZ,derived
Kazakhstan,1991,28.8,1.65,37.6,2.47,8.8,,0.23404255319148937,,Eastern Europe & FSU,KAZ,derived
Kazakhstan,1992,29.3,1.65,37.9,2.45,8.599999999999998,,0.2269129287598944,,Eastern Europe & FSU,KAZ,derived
Kazakhstan,1993,29.8,1.57,38.3,2.38,8.499999999999996,,0.22193211488250644,,Eastern Europe & FSU,KAZ,derived
Kazakhstan,1994,30.3,1.65,38.6,2.36,8.3,,0.2150259067357513,,Eastern Europe & FSU,KAZ,derived
Kazakhstan,1995,30.8,1.66,39.0,2.34,8.2,,0.21025641025641023,,Eastern Europe & FSU,KAZ,derived
Kazakhstan,1996,31.3,1.6,39.3,2.28,7.9999999999999964,,0.20356234096692105,,Eastern Europe & FSU,KAZ,derived
Kazakhstan,1997,31.4,1.69,39.4,2.25,8.0,,0.20304568527918782,,Eastern Europe & FSU,KAZ,derived
Kazakhstan,1998,31.4,1.7,39.5,2.21,8.100000000000001,,0.20506329113924054,,Eastern Europe & FSU,KAZ,derived
Kazakhstan,1999,31.5,1.65,39.7,2.15,8.200000000000003,,0.20654911838790938,,Eastern Europe & FSU,KAZ,derived
Kazakhstan,2000,31.6,1.53,39.8,2.05,8.199999999999996,,0.20603015075376876,,Eastern Europe & FSU,KAZ,derived
Kazakhstan,2001,31.7,1.29,39.9,1.89,8.2,,0.20551378446115287,,Eastern Europe & FSU,KAZ,derived
Kazakhstan,2002,31.3,1.13,39.7,1.78,8.400000000000002,,0.21158690176322423,,Eastern Europe & FSU,KAZ,derived
Kazakhstan,2003,30.9,1.13,39.5,1.75,8.600000000000001,,0.2177215189873418,,Eastern Europe & FSU,KAZ,derived
Kazakhstan,2004,30.6,1.17,39.2,1.74,8.600000000000001,,0.21938775510204084,,Eastern Europe & FSU,KAZ,derived
Kazakhstan,2005,30.3,1.21,38.9,1.76,8.599999999999998,,0.22107969151670948,,Eastern Europe & FSU,KAZ,derived
Kazakhstan,2006,29.6,1.22,38.4,1.74,8.799999999999997,,0.2291666666666666,,Eastern Europe & FSU,KAZ,derived
Kazakhstan,2007,29.0,1.22,37.9,1.74,8.899999999999999,,0.23482849604221634,,Eastern Europe & FSU,KAZ,derived
Kazakhstan,2008,28.3,1.2,37.3,1.72,8.999999999999996,,0.2412868632707774,,Eastern Europe & FSU,KAZ,derived
Kazakhstan,2009,27.7,1.19,36.9,1.7,9.2,,0.24932249322493225,,Eastern Europe & FSU,KAZ,derived
Kazakhstan,2010,27.4,1.19,36.5,1.72,9.100000000000001,,0.24931506849315072,,Eastern Europe & FSU,KAZ,derived
Kazakhstan,2011,27.3,1.18,36.3,1.7,8.999999999999996,,0.24793388429752058,,Eastern Europe & FSU,KAZ,derived
Kazakhstan,2012,27.1,1.17,36.0,1.71,8.899999999999999,,0.24722222222222218,,Eastern Europe & FSU,KAZ,derived
Kazakhstan,2013,26.9,1.14,35.8,1.74,8.899999999999999,,0.24860335195530725,,Eastern Europe & FSU,KAZ,derived
Kazakhstan,2014,26.7,1.16,35.7,1.74,9.000000000000004,,0.25210084033613456,,Eastern Europe & FSU,KAZ,derived
Kazakhstan,2015,26.7,1.16,35.6,1.74,8.900000000000002,,0.25000000000000006,,Eastern Europe & FSU,KAZ,derived
Kazakhstan,2016,26.8,1.15,35.6,1.77,8.8,,0.24719101123595508,,Eastern Europe & FSU,KAZ,derived
Kazakhstan,2017,27.0,1.15,35.6,1.77,8.600000000000001,,0.2415730337078652,,Eastern Europe & FSU,KAZ,derived
Kazakhstan,2018,27.2,1.17,35.7,1.78,8.500000000000004,,0.23809523809523817,,Eastern Europe & FSU,KAZ,derived
Kazakhstan,2019,27.4,1.19,35.8,1.84,8.399999999999999,,0.23463687150837986,,Eastern Europe & FSU,KAZ,derived
Kazakhstan,2020,27.5,1.22,35.8,1.92,8.299999999999997,,0.23184357541899436,,Eastern Europe & FSU,KAZ,derived
Kazakhstan,2021,27.7,1.28,35.9,2.02,8.2,,0.22841225626740946,,Eastern Europe & FSU,KAZ,derived
Kazakhstan,2022,27.7,1.43,35.9,2.19,8.2,,0.22841225626740946,,Eastern Europe & FSU,KAZ,derived
Kazakhstan,2023,27.8,1.58,36.0,2.38,8.2,,0.22777777777777775,,Eastern Europe & FSU,KAZ,derived
Kazakhstan,2024,27.9,1.79,36.0,2.58,8.100000000000001,,0.22500000000000003,,Eastern Europe & FSU,KAZ,derived
Kenya,1976,49.9,3.52,51.3,3.82,1.3999999999999986,,0.027290448343079896,,Sub-Saharan Africa,KEN,derived
Kenya,1977,49.8,3.53,51.2,3.79,1.4000000000000057,,0.02734375000000011,,Sub-Saharan Africa,KEN,derived
Kenya,1978,49.7,3.54,51.1,3.78,1.3999999999999986,,0.027397260273972573,,Sub-Saharan Africa,KEN,derived
Kenya,1979,49.6,3.53,51.0,3.77,1.3999999999999986,,0.027450980392156835,,Sub-Saharan Africa,KEN,derived
Kenya,1980,49.5,3.52,50.9,3.75,1.3999999999999986,,0.027504911591355572,,Sub-Saharan Africa,KEN,derived
Kenya,1981,49.4,3.49,50.9,3.72,1.5,,0.029469548133595286,,Sub-Saharan Africa,KEN,derived
Kenya,1982,49.3,3.47,50.8,3.68,1.5,,0.029527559055118113,,Sub-Saharan Africa,KEN,derived
Kenya,1983,49.2,3.41,50.7,3.63,1.5,,0.029585798816568046,,Sub-Saharan Africa,KEN,derived
Kenya,1984,49.1,3.38,50.6,3.56,1.5,,0.029644268774703556,,Sub-Saharan Africa,KEN,derived
Kenya,1985,49.0,3.32,50.5,3.5,1.5,,0.0297029702970297,,Sub-Saharan Africa,KEN,derived
Kenya,1986,48.9,3.25,50.5,3.42,1.6000000000000014,,0.03168316831683171,,Sub-Saharan Africa,KEN,derived
Kenya,1987,48.8,3.18,50.4,3.33,1.6000000000000014,,0.03174603174603177,,Sub-Saharan Africa,KEN,derived
Kenya,1988,48.7,3.09,50.3,3.23,1.5999999999999943,,0.03180914512922454,,Sub-Saharan Africa,KEN,derived
Kenya,1989,48.5,2.98,50.2,3.12,1.7000000000000028,,0.033864541832669376,,Sub-Saharan Africa,KEN,derived
Kenya,1990,48.5,2.87,50.2,2.99,1.7000000000000028,,0.033864541832669376,,Sub-Saharan Africa,KEN,derived
Kenya,1991,48.3,2.74,50.1,2.88,1.8000000000000043,,0.03592814371257493,,Sub-Saharan Africa,KEN,derived
Kenya,1992,48.2,2.59,50.0,2.73,1.7999999999999972,,0.03599999999999994,,Sub-Saharan Africa,KEN,derived
Kenya,1993,47.9,2.47,49.7,2.61,1.8000000000000043,,0.03621730382293771,,Sub-Saharan Africa,KEN,derived
Kenya,1994,47.6,2.33,49.4,2.48,1.7999999999999972,,0.036437246963562694,,Sub-Saharan Africa,KEN,derived
Kenya,1995,47.5,2.32,49.3,2.44,1.7999999999999972,,0.03651115618661252,,Sub-Saharan Africa,KEN,derived
Kenya,1996,47.3,2.24,49.2,2.38,1.9000000000000057,,0.0386178861788619,,Sub-Saharan Africa,KEN,derived
Kenya,1997,47.2,2.13,49.0,2.28,1.7999999999999972,,0.03673469387755096,,Sub-Saharan Africa,KEN,derived
Kenya,1998,47.0,2.2,48.9,2.35,1.8999999999999986,,0.038854805725971345,,Sub-Saharan Africa,KEN,derived
Kenya,1999,46.8,2.24,48.7,2.38,1.9000000000000057,,0.03901437371663256,,Sub-Saharan Africa,KEN,derived
Kenya,2000,46.7,2.26,48.6,2.39,1.8999999999999986,,0.039094650205761285,,Sub-Saharan Africa,KEN,derived
Kenya,2001,46.5,2.3,48.4,2.44,1.8999999999999986,,0.03925619834710741,,Sub-Saharan Africa,KEN,derived
Kenya,2002,46.4,2.31,48.3,2.47,1.8999999999999986,,0.03933747412008279,,Sub-Saharan Africa,KEN,derived
Kenya,2003,46.2,2.29,48.1,2.47,1.8999999999999986,,0.03950103950103947,,Sub-Saharan Africa,KEN,derived
Kenya,2004,46.1,2.27,48.0,2.42,1.8999999999999986,,0.039583333333333304,,Sub-Saharan Africa,KEN,derived
Kenya,2005,45.9,2.25,47.9,2.42,2.0,,0.04175365344467641,,Sub-Saharan Africa,KEN,derived
Kenya,2006,45.6,2.32,47.6,2.5,2.0,,0.04201680672268907,,Sub-Saharan Africa,KEN,derived
Kenya,2007,45.3,2.36,47.2,2.55,1.9000000000000057,,0.04025423728813571,,Sub-Saharan Africa,KEN,derived
Kenya,2008,45.0,2.44,47.0,2.64,2.0,,0.0425531914893617,,Sub-Saharan Africa,KEN,derived
Kenya,2009,44.7,2.49,46.7,2.69,2.0,,0.042826552462526764,,Sub-Saharan Africa,KEN,derived
Kenya,2010,44.4,2.55,46.4,2.77,2.0,,0.04310344827586207,,Sub-Saharan Africa,KEN,derived
Kenya,2011,44.2,2.58,46.1,2.78,1.8999999999999986,,0.04121475054229932,,Sub-Saharan Africa,KEN,derived
Kenya,2012,43.9,2.6,45.9,2.79,2.0,,0.04357298474945534,,Sub-Saharan Africa,KEN,derived
Kenya,2013,43.6,2.58,45.6,2.78,2.0,,0.043859649122807015,,Sub-Saharan Africa,KEN,derived
Kenya,2014,43.3,2.54,45.3,2.75,2.0,,0.04415011037527594,,Sub-Saharan Africa,KEN,derived
Kenya,2015,43.0,2.49,45.1,2.71,2.1000000000000014,,0.046563192904656346,,Sub-Saharan Africa,KEN,derived
Kenya,2016,42.8,2.56,44.8,2.78,2.0,,0.044642857142857144,,Sub-Saharan Africa,KEN,derived
Kenya,2017,42.6,2.61,44.6,2.83,2.0,,0.04484304932735426,,Sub-Saharan Africa,KEN,derived
Kenya,2018,42.3,2.65,44.4,2.89,2.1000000000000014,,0.04729729729729733,,Sub-Saharan Africa,KEN,derived
Kenya,2019,42.1,2.66,44.2,2.92,2.1000000000000014,,0.0475113122171946,,Sub-Saharan Africa,KEN,derived
Kenya,2020,41.8,2.65,43.9,2.92,2.1000000000000014,,0.04783599088838272,,Sub-Saharan Africa,KEN,derived
Kenya,2021,41.7,2.72,43.8,2.99,2.0999999999999943,,0.04794520547945193,,Sub-Saharan Africa,KEN,derived
Kenya,2022,41.7,2.86,43.8,3.13,2.0999999999999943,,0.04794520547945193,,Sub-Saharan Africa,KEN,derived
Korea,1965,30.0,2.34,34.8,3.29,4.799999999999997,,0.13793103448275856,,East Asia,KOR,derived
Korea,1966,30.0,2.36,34.9,3.24,4.899999999999999,,0.14040114613180513,,East Asia,KOR,derived
Korea,1967,30.1,2.34,35.0,3.2,4.899999999999999,,0.13999999999999996,,East Asia,KOR,derived
Korea,1968,30.1,2.29,35.1,3.14,5.0,,0.14245014245014245,,East Asia,KOR,derived
Korea,1969,30.2,2.23,35.1,3.07,4.900000000000002,,0.13960113960113965,,East Asia,KOR,derived
Korea,1970,30.2,2.12,35.2,2.98,5.0000000000000036,,0.14204545454545464,,East Asia,KOR,derived
Korea,1971,30.5,2.19,35.4,2.96,4.899999999999999,,0.13841807909604517,,East Asia,KOR,derived
Korea,1972,30.7,2.21,35.6,2.92,4.900000000000002,,0.1376404494382023,,East Asia,KOR,derived
Korea,1973,31.0,2.18,35.8,2.86,4.799999999999997,,0.13407821229050274,,East Asia,KOR,derived
Korea,1974,31.3,2.15,36.0,2.82,4.699999999999999,,0.13055555555555554,,East Asia,KOR,derived
Korea,1975,31.6,2.08,36.2,2.73,4.600000000000001,,0.12707182320441993,,East Asia,KOR,derived
Korea,1976,31.9,1.97,36.3,2.63,4.399999999999999,,0.12121212121212119,,East Asia,KOR,derived
Korea,1977,32.1,1.96,36.5,2.56,4.399999999999999,,0.12054794520547941,,East Asia,KOR,derived
Korea,1978,32.4,1.93,36.7,2.48,4.300000000000004,,0.11716621253406005,,East Asia,KOR,derived
Korea,1979,32.6,1.85,36.8,2.36,4.199999999999996,,0.11413043478260859,,East Asia,KOR,derived
Korea,1980,32.8,1.69,37.0,2.22,4.200000000000003,,0.11351351351351359,,East Asia,KOR,derived
Korea,1981,33.1,1.61,37.1,2.11,4.0,,0.10781671159029649,,East Asia,KOR,derived
Korea,1982,33.4,1.44,37.3,1.94,3.8999999999999986,,0.10455764075067021,,East Asia,KOR,derived
Korea,1983,33.6,1.35,37.4,1.84,3.799999999999997,,0.10160427807486624,,East Asia,KOR,derived
Korea,1984,33.7,1.32,37.3,1.76,3.5999999999999943,,0.09651474530831085,,East Asia,KOR,derived
Korea,1985,33.7,1.3,37.2,1.73,3.5,2.2,9.4,2.8,East Asia,KOR,survey
Korea,1986,33.8,1.35,37.0,1.71,3.2,2.2,8.6,2.8,East Asia,KOR,survey
Korea,1987,33.7,1.34,36.7,1.68,3.0,2.1,8.2,2.7,East Asia,KOR,survey
Korea,1988,33.4,1.27,36.2,1.57,2.8,2.0,7.7,2.5,East Asia,KOR,survey
Korea,1989,33.3,1.24,35.7,1.48,2.4,1.9,6.7,2.4,East Asia,KOR,survey
Korea,1990,32.7,1.1,35.0,1.3,2.3,1.7,6.6,2.1,East Asia,KOR,survey
Korea,1991,32.3,1.06,34.4,1.23,2.1,1.6,6.1,2.0,East Asia,KOR,survey
Korea,1992,32.0,1.06,34.0,1.2,2.0,1.6,5.9,2.0,East Asia,KOR,survey
Korea,1993,31.9,1.03,33.9,1.19,2.0,1.6,5.9,2.0,East Asia,KOR,survey
Korea,1994,32.0,1.05,33.9,1.19,1.9,1.6,5.6,2.0,East Asia,KOR,survey
Korea,1995,32.2,1.05,34.2,1.2,2.0,1.6,5.8,2.0,East Asia,KOR,survey
Korea,1996,32.6,1.07,34.6,1.2,2.0,1.6,5.8,2.0,East Asia,KOR,survey
Korea,1997,33.0,1.06,35.0,1.2,2.0,1.6,5.7,2.0,East Asia,KOR,survey
Korea,1998,33.6,1.07,35.6,1.23,2.0,1.6,5.6,2.0,East Asia,KOR,survey
Korea,1999,33.7,1.09,35.8,1.25,2.1,1.7,5.9,2.1,East Asia,KOR,survey
Korea,2000,33.3,1.13,35.5,1.26,2.2,1.7,6.2,2.1,East Asia,KOR,survey
Korea,2001,33.2,1.14,35.5,1.26,2.3,1.7,6.5,2.1,East Asia,KOR,survey
Korea,2002,32.9,1.16,35.2,1.25,2.3,1.7,6.5,2.1,East Asia,KOR,survey
Korea,2003,32.4,1.17,34.8,1.24,2.4,1.7,6.9,2.1,East Asia,KOR,survey
Korea,2004,32.0,1.12,34.6,1.18,2.6,1.6,7.5,2.0,East Asia,KOR,survey
Korea,2005,31.7,1.0,34.3,1.04,2.6,1.4,7.6,1.7,East Asia,KOR,survey
Korea,2006,31.2,0.68,33.8,0.7,2.6,1.0,7.7,1.2,East Asia,KOR,survey
Korea,2007,31.5,0.7,34.5,0.86,3.0,1.1,8.7,1.4,East Asia,KOR,survey
Korea,2008,31.6,0.65,34.7,0.71,3.1,1.0,8.9,1.2,East Asia,KOR,survey
Korea,2009,31.8,0.69,35.2,0.86,3.4,1.1,9.7,1.4,East Asia,KOR,survey
Korea,2010,31.7,0.68,35.3,0.7,3.6,1.0,10.2,1.2,East Asia,KOR,survey
Korea,2011,32.6,0.6,36.8,0.74,4.2,1.0,11.4,1.2,East Asia,KOR,survey
Korea,2012,31.7,0.7,35.6,0.74,3.9,1.0,11.0,1.2,East Asia,KOR,survey
Korea,2013,31.9,0.61,36.4,0.75,4.5,1.0,12.4,1.2,East Asia,KOR,survey
Korea,2014,31.3,0.64,35.7,0.71,4.4,1.0,12.3,1.2,East Asia,KOR,survey
Korea,2015,32.2,0.56,37.2,0.7,5.0,0.9,13.4,1.1,East Asia,KOR,survey
Korea,2016,34.1,0.68,38.9,0.74,4.8,1.0,12.3,1.2,East Asia,KOR,survey
Korea,2017,34.6,0.63,39.6,0.74,5.0,1.0,12.6,1.2,East Asia,KOR,survey
Korea,2018,34.2,0.66,39.7,0.76,5.5,1.0,13.9,1.3,East Asia,KOR,survey
Korea,2019,33.7,0.81,39.7,0.89,6.0,1.2,15.1,1.5,East Asia,KOR,survey
Korea,2020,33.2,0.82,39.5,0.88,6.3,1.2,15.9,1.5,East Asia,KOR,survey
Korea,2021,32.7,0.65,38.9,0.82,6.2,1.0,15.9,1.3,East Asia,KOR,survey
Korea,2022,31.5,0.74,37.3,0.92,5.8,1.2,15.5,1.5,East Asia,KOR,survey
Korea,2023,31.4,1.08,37.1,1.24,5.7,1.6,15.4,2.0,East Asia,KOR,survey
Korea,2024,31.4,1.35,37.0,1.52,5.6,2.0,15.1,2.5,East Asia,KOR,survey
Kyrgyzstan,1988,27.5,1.67,41.1,2.63,13.600000000000001,,0.3309002433090025,,Eastern Europe & FSU,KGZ,derived
Kyrgyzstan,1989,27.4,1.51,41.3,2.47,13.899999999999999,,0.3365617433414044,,Eastern Europe & FSU,KGZ,derived
Kyrgyzstan,1990,27.7,1.44,41.7,2.33,14.000000000000004,,0.3357314148681056,,Eastern Europe & FSU,KGZ,derived
Kyrgyzstan,1991,28.1,1.38,42.1,2.21,14.0,,0.332541567695962,,Eastern Europe & FSU,KGZ,derived
Kyrgyzstan,1992,28.8,1.34,42.7,2.14,13.900000000000002,,0.32552693208430916,,Eastern Europe & FSU,KGZ,derived
Kyrgyzstan,1993,31.0,1.37,43.7,2.05,12.700000000000003,,0.2906178489702518,,Eastern Europe & FSU,KGZ,derived
Kyrgyzstan,1994,33.3,1.37,44.8,1.96,11.5,,0.2566964285714286,,Eastern Europe & FSU,KGZ,derived
Kyrgyzstan,1995,34.5,1.35,45.3,1.91,10.799999999999997,,0.23841059602649,,Eastern Europe & FSU,KGZ,derived
Kyrgyzstan,1996,35.9,1.3,45.9,1.82,10.0,,0.2178649237472767,,Eastern Europe & FSU,KGZ,derived
Kyrgyzstan,1997,36.9,1.23,46.2,1.73,9.300000000000004,,0.20129870129870137,,Eastern Europe & FSU,KGZ,derived
Kyrgyzstan,1998,36.9,1.16,46.0,1.65,9.100000000000001,,0.19782608695652176,,Eastern Europe & FSU,KGZ,derived
Kyrgyzstan,1999,36.5,1.12,45.6,1.61,9.100000000000001,,0.19956140350877197,,Eastern Europe & FSU,KGZ,derived
Kyrgyzstan,2000,35.8,1.08,45.0,1.54,9.200000000000003,,0.2044444444444445,,Eastern Europe & FSU,KGZ,derived
Kyrgyzstan,2001,35.1,1.06,44.4,1.5,9.299999999999997,,0.2094594594594594,,Eastern Europe & FSU,KGZ,derived
Kyrgyzstan,2002,34.6,1.04,44.0,1.48,9.399999999999999,,0.2136363636363636,,Eastern Europe & FSU,KGZ,derived
Kyrgyzstan,2003,34.5,1.07,43.9,1.5,9.399999999999999,,0.21412300683371296,,Eastern Europe & FSU,KGZ,derived
Kyrgyzstan,2004,35.2,1.13,44.2,1.54,9.0,,0.20361990950226244,,Eastern Europe & FSU,KGZ,derived
Kyrgyzstan,2005,35.6,1.15,44.3,1.57,8.699999999999996,,0.1963882618510157,,Eastern Europe & FSU,KGZ,derived
Kyrgyzstan,2006,35.7,1.16,44.2,1.58,8.5,,0.1923076923076923,,Eastern Europe & FSU,KGZ,derived
Kyrgyzstan,2007,35.3,1.17,43.9,1.6,8.600000000000001,,0.19589977220956722,,Eastern Europe & FSU,KGZ,derived
Kyrgyzstan,2008,34.6,1.15,43.5,1.59,8.899999999999999,,0.20459770114942524,,Eastern Europe & FSU,KGZ,derived
Kyrgyzstan,2009,34.2,1.14,43.0,1.61,8.799999999999997,,0.20465116279069762,,Eastern Europe & FSU,KGZ,derived
Kyrgyzstan,2010,33.7,1.19,42.6,1.65,8.899999999999999,,0.2089201877934272,,Eastern Europe & FSU,KGZ,derived
Kyrgyzstan,2011,33.3,1.21,42.3,1.68,9.0,,0.2127659574468085,,Eastern Europe & FSU,KGZ,derived
Kyrgyzstan,2012,33.2,1.22,42.0,1.72,8.799999999999997,,0.20952380952380945,,Eastern Europe & FSU,KGZ,derived
Kyrgyzstan,2013,33.2,1.23,41.9,1.74,8.699999999999996,,0.20763723150357985,,Eastern Europe & FSU,KGZ,derived
Kyrgyzstan,2014,33.0,1.23,41.6,1.76,8.600000000000001,,0.20673076923076925,,Eastern Europe & FSU,KGZ,derived
Kyrgyzstan,2015,32.8,1.22,41.3,1.73,8.5,,0.20581113801452786,,Eastern Europe & FSU,KGZ,derived
Kyrgyzstan,2016,32.4,1.22,41.1,1.76,8.700000000000003,,0.2116788321167884,,Eastern Europe & FSU,KGZ,derived
Kyrgyzstan,2017,32.2,1.23,40.9,1.8,8.699999999999996,,0.21271393643031775,,Eastern Europe & FSU,KGZ,derived
Kyrgyzstan,2018,32.0,1.23,40.7,1.82,8.700000000000003,,0.2137592137592138,,Eastern Europe & FSU,KGZ,derived
Kyrgyzstan,2019,32.0,1.22,40.6,1.85,8.600000000000001,,0.2118226600985222,,Eastern Europe & FSU,KGZ,derived
Kyrgyzstan,2020,31.9,1.23,40.5,1.89,8.600000000000001,,0.21234567901234572,,Eastern Europe & FSU,KGZ,derived
Kyrgyzstan,2021,32.1,1.26,40.6,1.95,8.5,,0.20935960591133004,,Eastern Europe & FSU,KGZ,derived
Kyrgyzstan,2022,32.2,1.29,40.6,2.03,8.399999999999999,,0.2068965517241379,,Eastern Europe & FSU,KGZ,derived
Kyrgyzstan,2023,32.4,1.39,40.7,2.18,8.300000000000004,,0.203931203931204,,Eastern Europe & FSU,KGZ,derived
Kyrgyzstan,2024,32.4,1.55,40.7,2.36,8.300000000000004,,0.203931203931204,,Eastern Europe & FSU,KGZ,derived
Laos,1992,34.2,2.29,35.6,2.54,1.3999999999999986,,0.03932584269662917,,Southeast Asia,LAO,derived
Laos,1993,34.4,2.31,35.8,2.53,1.3999999999999986,,0.039106145251396614,,Southeast Asia,LAO,derived
Laos,1994,34.5,2.31,35.9,2.52,1.3999999999999986,,0.038997214484679625,,Southeast Asia,LAO,derived
Laos,1995,34.7,2.27,36.1,2.49,1.3999999999999986,,0.038781163434903,,Southeast Asia,LAO,derived
Laos,1996,34.8,2.21,36.2,2.44,1.4000000000000057,,0.03867403314917142,,Southeast Asia,LAO,derived
Laos,1997,35.0,2.1,36.4,2.34,1.3999999999999986,,0.03846153846153842,,Southeast Asia,LAO,derived
Laos,1998,35.0,2.15,36.4,2.4,1.3999999999999986,,0.03846153846153842,,Southeast Asia,LAO,derived
Laos,1999,35.0,2.17,36.4,2.4,1.3999999999999986,,0.03846153846153842,,Southeast Asia,LAO,derived
Laos,2000,35.1,2.14,36.5,2.39,1.3999999999999986,,0.038356164383561604,,Southeast Asia,LAO,derived
Laos,2001,35.1,2.12,36.5,2.35,1.3999999999999986,,0.038356164383561604,,Southeast Asia,LAO,derived
Laos,2002,35.1,2.06,36.5,2.27,1.3999999999999986,,0.038356164383561604,,Southeast Asia,LAO,derived
Laos,2003,35.3,2.12,36.7,2.29,1.4000000000000057,,0.03814713896457781,,Southeast Asia,LAO,derived
Laos,2004,35.4,2.17,36.8,2.36,1.3999999999999986,,0.03804347826086953,,Southeast Asia,LAO,derived
Laos,2005,35.6,2.19,37.0,2.39,1.3999999999999986,,0.0378378378378378,,Southeast Asia,LAO,derived
Laos,2006,35.8,2.18,37.1,2.37,1.3000000000000043,,0.03504043126684647,,Southeast Asia,LAO,derived
Laos,2007,36.0,2.16,37.3,2.33,1.2999999999999972,,0.034852546916890007,,Southeast Asia,LAO,derived
Laos,2008,36.1,2.21,37.5,2.4,1.3999999999999986,,0.037333333333333295,,Southeast Asia,LAO,derived
Laos,2009,36.2,2.32,37.6,2.48,1.3999999999999986,,0.03723404255319145,,Southeast Asia,LAO,derived
Laos,2010,36.3,2.39,37.7,2.54,1.4000000000000057,,0.037135278514589004,,Southeast Asia,LAO,derived
Laos,2011,36.4,2.42,37.8,2.61,1.3999999999999986,,0.037037037037037,,Southeast Asia,LAO,derived
Laos,2012,36.5,2.42,37.9,2.62,1.3999999999999986,,0.03693931398416883,,Southeast Asia,LAO,derived
Laos,2013,36.6,2.48,38.0,2.69,1.3999999999999986,,0.03684210526315786,,Southeast Asia,LAO,derived
Laos,2014,36.7,2.6,38.1,2.8,1.3999999999999986,,0.036745406824146946,,Southeast Asia,LAO,derived
Laos,2015,36.7,2.69,38.2,2.89,1.5,,0.03926701570680628,,Southeast Asia,LAO,derived
Laos,2016,36.8,2.78,38.2,2.96,1.4000000000000057,,0.03664921465968601,,Southeast Asia,LAO,derived
Laos,2017,36.9,2.84,38.3,3.03,1.3999999999999986,,0.03655352480417751,,Southeast Asia,LAO,derived
Laos,2018,36.9,2.89,38.4,3.08,1.5,,0.0390625,,Southeast Asia,LAO,derived
Laos,2019,36.9,3.01,38.4,3.23,1.5,,0.0390625,,Southeast Asia,LAO,derived
Laos,2020,36.9,3.1,38.3,3.32,1.3999999999999986,,0.03655352480417751,,Southeast Asia,LAO,derived
Laos,2021,36.8,3.19,38.3,3.41,1.5,,0.0391644908616188,,Southeast Asia,LAO,derived
Laos,2022,36.8,3.27,38.3,3.51,1.5,,0.0391644908616188,,Southeast Asia,LAO,derived
Laos,2023,36.8,3.35,38.3,3.58,1.5,,0.0391644908616188,,Southeast Asia,LAO,derived
Laos,2024,36.8,3.41,38.3,3.66,1.5,,0.0391644908616188,,Southeast Asia,LAO,derived
Latvia,1988,25.5,1.92,39.3,3.18,13.799999999999997,,0.3511450381679389,,Eastern Europe & FSU,LVA,derived
Latvia,1989,25.4,1.76,39.5,3.03,14.100000000000001,,0.3569620253164557,,Eastern Europe & FSU,LVA,derived
Latvia,1990,25.6,1.71,39.8,2.94,14.199999999999996,,0.3567839195979899,,Eastern Europe & FSU,LVA,derived
Latvia,1991,25.9,1.71,40.1,2.85,14.200000000000003,,0.35411471321695764,,Eastern Europe & FSU,LVA,derived
Latvia,1992,26.3,1.63,40.5,2.76,14.2,,0.35061728395061725,,Eastern Europe & FSU,LVA,derived
Latvia,1993,26.9,1.56,41.0,2.64,14.1,3.1,34.4,4.1,Eastern Europe & FSU,LVA,survey
Latvia,1994,27.9,1.53,41.6,2.58,13.7,3.0,32.9,4.0,Eastern Europe & FSU,LVA,survey
Latvia,1995,28.9,1.41,42.2,2.48,13.3,2.9,31.5,3.8,Eastern Europe & FSU,LVA,survey
Latvia,1996,29.8,1.37,42.9,2.4,13.1,2.8,30.5,3.7,Eastern Europe & FSU,LVA,survey
Latvia,1997,30.6,1.37,43.6,2.35,13.0,2.7,29.8,3.6,Eastern Europe & FSU,LVA,survey
Latvia,1998,31.3,1.4,44.2,2.32,12.9,2.7,29.2,3.6,Eastern Europe & FSU,LVA,survey
Latvia,1999,31.9,1.5,44.7,2.32,12.8,2.8,28.6,3.6,Eastern Europe & FSU,LVA,survey
Latvia,2000,32.5,1.52,45.2,2.28,12.7,2.7,28.1,3.5,Eastern Europe & FSU,LVA,survey
Latvia,2001,33.1,1.5,45.8,2.24,12.7,2.7,27.7,3.5,Eastern Europe & FSU,LVA,survey
Latvia,2002,33.7,1.4,46.3,2.13,12.6,2.5,27.2,3.3,Eastern Europe & FSU,LVA,survey
Latvia,2003,34.3,1.31,46.8,2.04,12.5,2.4,26.7,3.1,Eastern Europe & FSU,LVA,survey
Latvia,2004,34.8,1.22,47.1,1.95,12.3,2.3,26.1,3.0,Eastern Europe & FSU,LVA,survey
Latvia,2005,35.1,1.2,47.4,1.89,12.3,2.2,25.9,2.9,Eastern Europe & FSU,LVA,survey
Latvia,2006,35.0,1.14,47.5,1.83,12.5,2.2,26.3,2.9,Eastern Europe & FSU,LVA,survey
Latvia,2007,35.2,1.11,47.7,1.78,12.5,2.1,26.2,2.8,Eastern Europe & FSU,LVA,survey
Latvia,2008,35.3,1.12,47.8,1.77,12.5,2.1,26.2,2.7,Eastern Europe & FSU,LVA,survey
Latvia,2009,35.3,1.09,47.7,1.76,12.4,2.1,26.0,2.7,Eastern Europe & FSU,LVA,survey
Latvia,2010,35.2,1.11,47.7,1.78,12.5,2.1,26.2,2.8,Eastern Europe & FSU,LVA,survey
Latvia,2011,35.2,1.11,47.6,1.78,12.4,2.1,26.1,2.8,Eastern Europe & FSU,LVA,survey
Latvia,2012,35.0,1.12,47.4,1.78,12.4,2.1,26.2,2.8,Eastern Europe & FSU,LVA,survey
Latvia,2013,34.9,1.12,47.3,1.8,12.4,2.1,26.2,2.8,Eastern Europe & FSU,LVA,survey
Latvia,2014,34.6,1.15,47.1,1.8,12.5,2.1,26.5,2.8,Eastern Europe & FSU,LVA,survey
Latvia,2015,34.4,1.16,46.9,1.82,12.5,2.2,26.7,2.9,Eastern Europe & FSU,LVA,survey
Latvia,2016,34.4,1.17,46.8,1.82,12.4,2.2,26.5,2.9,Eastern Europe & FSU,LVA,survey
Latvia,2017,34.4,1.18,46.7,1.85,12.3,2.2,26.3,2.9,Eastern Europe & FSU,LVA,survey
Latvia,2018,34.3,1.19,46.6,1.87,12.3,2.2,26.4,2.9,Eastern Europe & FSU,LVA,survey
Latvia,2019,34.2,1.18,46.5,1.92,12.3,2.3,26.5,3.0,Eastern Europe & FSU,LVA,survey
Latvia,2020,34.2,1.19,46.5,2.0,12.3,2.3,26.5,3.0,Eastern Europe & FSU,LVA,survey
Latvia,2021,34.0,1.22,46.3,2.1,12.3,2.4,26.6,3.2,Eastern Europe & FSU,LVA,survey
Latvia,2022,33.9,1.3,46.3,2.24,12.4,2.6,26.8,3.4,Eastern Europe & FSU,LVA,survey
Latvia,2023,33.8,1.49,46.2,2.41,12.4,2.8,26.8,3.7,Eastern Europe & FSU,LVA,survey
Lesotho,1986,53.5,3.75,59.0,3.43,5.5,,0.09322033898305085,,Sub-Saharan Africa,LSO,derived
Lesotho,1987,53.7,3.66,59.1,3.31,5.399999999999999,,0.09137055837563449,,Sub-Saharan Africa,LSO,derived
Lesotho,1988,53.6,3.75,59.1,3.35,5.5,,0.09306260575296108,,Sub-Saharan Africa,LSO,derived
Lesotho,1989,53.5,3.82,59.1,3.39,5.600000000000001,,0.09475465313028766,,Sub-Saharan Africa,LSO,derived
Lesotho,1990,53.4,3.86,59.1,3.4,5.700000000000003,,0.09644670050761425,,Sub-Saharan Africa,LSO,derived
Lesotho,1991,53.2,3.9,59.1,3.42,5.899999999999999,,0.09983079526226732,,Sub-Saharan Africa,LSO,derived
Lesotho,1992,53.1,3.94,59.1,3.43,6.0,,0.10152284263959391,,Sub-Saharan Africa,LSO,derived
Lesotho,1993,53.0,3.96,59.1,3.42,6.100000000000001,,0.1032148900169205,,Sub-Saharan Africa,LSO,derived
Lesotho,1994,53.0,3.99,59.1,3.38,6.100000000000001,,0.1032148900169205,,Sub-Saharan Africa,LSO,derived
Lesotho,1995,52.7,4.02,59.0,3.4,6.299999999999997,,0.1067796610169491,,Sub-Saharan Africa,LSO,derived
Lesotho,1996,52.4,4.05,58.8,3.41,6.399999999999999,,0.10884353741496597,,Sub-Saharan Africa,LSO,derived
Lesotho,1997,52.1,4.07,58.7,3.4,6.600000000000001,,0.11243611584327089,,Sub-Saharan Africa,LSO,derived
Lesotho,1998,51.8,4.1,58.5,3.37,6.700000000000003,,0.11452991452991458,,Sub-Saharan Africa,LSO,derived
Lesotho,1999,51.6,4.1,58.4,3.35,6.799999999999997,,0.11643835616438351,,Sub-Saharan Africa,LSO,derived
Lesotho,2000,51.3,4.07,58.2,3.34,6.900000000000006,,0.11855670103092793,,Sub-Saharan Africa,LSO,derived
Lesotho,2001,51.0,4.06,58.1,3.29,7.100000000000001,,0.12220309810671258,,Sub-Saharan Africa,LSO,derived
Lesotho,2002,50.7,4.01,57.9,3.22,7.199999999999996,,0.12435233160621754,,Sub-Saharan Africa,LSO,derived
Lesotho,2003,50.6,4.05,57.8,3.26,7.199999999999996,,0.12456747404844284,,Sub-Saharan Africa,LSO,derived
Lesotho,2004,50.5,4.09,57.7,3.31,7.200000000000003,,0.12478336221837093,,Sub-Saharan Africa,LSO,derived
Lesotho,2005,50.3,4.1,57.6,3.34,7.300000000000004,,0.1267361111111112,,Sub-Saharan Africa,LSO,derived
Lesotho,2006,50.2,4.17,57.5,3.42,7.299999999999997,,0.12695652173913038,,Sub-Saharan Africa,LSO,derived
Lesotho,2007,50.1,4.22,57.5,3.49,7.399999999999999,,0.12869565217391302,,Sub-Saharan Africa,LSO,derived
Lesotho,2008,50.0,4.25,57.4,3.53,7.399999999999999,,0.12891986062717767,,Sub-Saharan Africa,LSO,derived
Lesotho,2009,49.9,4.3,57.3,3.59,7.399999999999999,,0.12914485165794065,,Sub-Saharan Africa,LSO,derived
Lesotho,2010,49.7,4.31,57.2,3.63,7.5,,0.13111888111888112,,Sub-Saharan Africa,LSO,derived
Lesotho,2011,49.5,4.39,57.0,3.71,7.5,,0.13157894736842105,,Sub-Saharan Africa,LSO,derived
Lesotho,2012,49.3,4.47,56.9,3.84,7.600000000000001,,0.13356766256590513,,Sub-Saharan Africa,LSO,derived
Lesotho,2013,49.1,4.53,56.7,3.92,7.600000000000001,,0.1340388007054674,,Sub-Saharan Africa,LSO,derived
Lesotho,2014,48.9,4.59,56.5,4.01,7.600000000000001,,0.1345132743362832,,Sub-Saharan Africa,LSO,derived
Lesotho,2015,48.7,4.64,56.3,4.08,7.599999999999994,,0.1349911190053285,,Sub-Saharan Africa,LSO,derived
Lesotho,2016,48.4,4.66,56.2,4.14,7.800000000000004,,0.1387900355871887,,Sub-Saharan Africa,LSO,derived
Lesotho,2017,48.2,4.68,56.0,4.18,7.799999999999997,,0.13928571428571423,,Sub-Saharan Africa,LSO,derived
Lithuania,1988,25.4,1.47,40.3,2.49,14.899999999999999,,0.369727047146402,,Eastern Europe & FSU,LTU,derived
Lithuania,1989,26.1,1.45,40.8,2.41,14.699999999999996,,0.36029411764705876,,Eastern Europe & FSU,LTU,derived
Lithuania,1990,26.7,1.48,41.5,2.36,14.8,,0.3566265060240964,,Eastern Europe & FSU,LTU,derived
Lithuania,1991,27.7,1.59,42.2,2.34,14.500000000000004,,0.3436018957345972,,Eastern Europe & FSU,LTU,derived
Lithuania,1992,28.7,1.62,43.1,2.29,14.400000000000002,,0.3341067285382831,,Eastern Europe & FSU,LTU,derived
Lithuania,1993,29.6,1.57,43.9,2.24,14.3,2.7,32.6,3.5,Eastern Europe & FSU,LTU,survey
Lithuania,1994,30.5,1.57,44.6,2.21,14.1,2.7,31.6,3.5,Eastern Europe & FSU,LTU,survey
Lithuania,1995,30.9,1.56,45.1,2.16,14.2,2.7,31.5,3.5,Eastern Europe & FSU,LTU,survey
Lithuania,1996,31.3,1.41,45.6,2.06,14.3,2.5,31.4,3.2,Eastern Europe & FSU,LTU,survey
Lithuania,1997,31.4,1.4,46.0,2.03,14.6,2.5,31.7,3.2,Eastern Europe & FSU,LTU,survey
Lithuania,1998,31.5,1.35,46.3,1.95,14.8,2.4,32.0,3.1,Eastern Europe & FSU,LTU,survey
Lithuania,1999,31.7,1.35,46.7,1.91,15.0,2.3,32.1,3.0,Eastern Europe & FSU,LTU,survey
Lithuania,2000,31.9,1.34,47.1,1.86,15.2,2.3,32.3,3.0,Eastern Europe & FSU,LTU,survey
Lithuania,2001,32.1,1.32,47.5,1.76,15.4,2.2,32.4,2.8,Eastern Europe & FSU,LTU,survey
Lithuania,2002,32.3,1.25,47.9,1.65,15.6,2.1,32.6,2.7,Eastern Europe & FSU,LTU,survey
Lithuania,2003,32.8,1.15,48.5,1.52,15.7,1.9,32.4,2.4,Eastern Europe & FSU,LTU,survey
Lithuania,2004,33.4,0.95,49.2,1.31,15.8,1.6,32.1,2.1,Eastern Europe & FSU,LTU,survey
Lithuania,2005,33.5,0.93,49.3,1.25,15.8,1.6,32.0,2.0,Eastern Europe & FSU,LTU,survey
Lithuania,2006,33.1,0.93,49.2,1.2,16.1,1.5,32.7,1.9,Eastern Europe & FSU,LTU,survey
Lithuania,2007,33.2,0.93,49.6,1.17,16.4,1.5,33.1,1.9,Eastern Europe & FSU,LTU,survey
Lithuania,2008,33.8,0.93,50.4,1.15,16.6,1.5,32.9,1.9,Eastern Europe & FSU,LTU,survey
Lithuania,2009,33.9,0.98,51.1,1.13,17.2,1.5,33.7,1.9,Eastern Europe & FSU,LTU,survey
Lithuania,2010,33.5,0.9,51.5,1.07,18.0,1.4,35.0,1.8,Eastern Europe & FSU,LTU,survey
Lithuania,2011,33.4,0.88,51.5,1.05,18.1,1.4,35.1,1.8,Eastern Europe & FSU,LTU,survey
Lithuania,2012,34.2,0.96,51.6,1.07,17.4,1.4,33.7,1.8,Eastern Europe & FSU,LTU,survey
Lithuania,2013,34.9,1.02,51.5,1.1,16.6,1.5,32.2,1.9,Eastern Europe & FSU,LTU,survey
Lithuania,2014,35.6,1.11,51.4,1.21,15.8,1.6,30.7,2.0,Eastern Europe & FSU,LTU,survey
Lithuania,2015,36.0,1.06,51.3,1.18,15.3,1.6,29.8,2.0,Eastern Europe & FSU,LTU,survey
Lithuania,2016,36.3,1.07,51.2,1.15,14.9,1.6,29.1,2.0,Eastern Europe & FSU,LTU,survey
Lithuania,2017,36.3,1.0,51.0,1.11,14.7,1.5,28.8,1.9,Eastern Europe & FSU,LTU,survey
Lithuania,2018,36.0,0.98,50.8,1.08,14.8,1.5,29.1,1.8,Eastern Europe & FSU,LTU,survey
Lithuania,2019,35.9,1.02,50.7,1.1,14.8,1.5,29.2,1.9,Eastern Europe & FSU,LTU,survey
Lithuania,2020,35.8,1.02,50.8,1.1,15.0,1.5,29.5,1.9,Eastern Europe & FSU,LTU,survey
Lithuania,2021,35.8,1.05,51.0,1.15,15.2,1.6,29.8,2.0,Eastern Europe & FSU,LTU,survey
Lithuania,2022,35.5,1.04,51.0,1.29,15.5,1.7,30.4,2.1,Eastern Europe & FSU,LTU,survey
Lithuania,2023,35.4,1.18,50.9,1.5,15.5,1.9,30.5,2.4,Eastern Europe & FSU,LTU,survey
Luxembourg,1985,46.9,0.58,56.4,0.63,9.5,0.9,16.8,1.1,Western Europe,LUX,survey
Luxembourg,1986,38.7,0.94,50.6,1.02,11.9,1.4,23.5,1.7,Western Europe,LUX,survey
Luxembourg,1987,34.2,1.07,47.1,1.17,12.9,1.6,27.4,2.0,Western Europe,LUX,survey
Luxembourg,1988,30.9,1.11,44.7,1.23,13.8,1.7,30.9,2.1,Western Europe,LUX,survey
Luxembourg,1989,28.7,1.12,43.0,1.23,14.3,1.7,33.3,2.1,Western Europe,LUX,survey
Luxembourg,1990,26.6,0.98,41.4,1.13,14.8,1.5,35.7,1.9,Western Europe,LUX,survey
Luxembourg,1991,25.4,0.89,40.7,1.1,15.3,1.4,37.6,1.8,Western Europe,LUX,survey
Luxembourg,1992,24.9,0.92,40.6,1.1,15.7,1.4,38.7,1.8,Western Europe,LUX,survey
Luxembourg,1993,24.7,0.85,40.9,1.08,16.2,1.4,39.6,1.8,Western Europe,LUX,survey
Luxembourg,1994,25.1,0.8,41.5,1.03,16.4,1.3,39.5,1.7,Western Europe,LUX,survey
Luxembourg,1995,25.3,0.82,41.7,1.06,16.4,1.3,39.3,1.7,Western Europe,LUX,survey
Luxembourg,1996,25.6,0.82,41.8,1.01,16.2,1.3,38.8,1.6,Western Europe,LUX,survey
Luxembourg,1997,25.8,0.85,42.0,1.01,16.2,1.3,38.6,1.6,Western Europe,LUX,survey
Luxembourg,1998,26.1,0.85,42.3,1.07,16.2,1.4,38.3,1.8,Western Europe,LUX,survey
Luxembourg,1999,26.1,0.91,42.6,1.07,16.5,1.4,38.7,1.8,Western Europe,LUX,survey
Luxembourg,2000,26.1,0.87,43.0,1.11,16.9,1.4,39.3,1.8,Western Europe,LUX,survey
Luxembourg,2001,26.3,0.91,43.5,1.13,17.2,1.5,39.5,1.9,Western Europe,LUX,survey
Luxembourg,2002,26.6,0.91,44.3,1.16,17.7,1.5,40.0,1.9,Western Europe,LUX,survey
Luxembourg,2003,26.7,0.94,44.8,1.15,18.1,1.5,40.4,1.9,Western Europe,LUX,survey
Luxembourg,2004,26.8,0.97,45.3,1.15,18.5,1.5,40.8,1.9,Western Europe,LUX,survey
Luxembourg,2005,27.2,0.97,45.7,1.15,18.5,1.5,40.5,1.9,Western Europe,LUX,survey
Luxembourg,2006,27.4,0.96,46.0,1.16,18.6,1.5,40.4,1.9,Western Europe,LUX,survey
Luxembourg,2007,27.6,0.98,46.4,1.18,18.8,1.5,40.5,1.9,Western Europe,LUX,survey
Luxembourg,2008,27.8,1.05,46.8,1.15,19.0,1.6,40.6,2.0,Western Europe,LUX,survey
Luxembourg,2009,27.8,1.06,47.0,1.11,19.2,1.5,40.9,1.9,Western Europe,LUX,survey
Luxembourg,2010,27.7,1.07,47.1,1.13,19.4,1.6,41.2,2.0,Western Europe,LUX,survey
Luxembourg,2011,27.9,1.11,47.3,1.16,19.4,1.6,41.0,2.0,Western Europe,LUX,survey
Luxembourg,2012,28.1,1.11,47.5,1.13,19.4,1.6,40.8,2.0,Western Europe,LUX,survey
Luxembourg,2013,28.2,1.01,47.4,1.08,19.2,1.5,40.5,1.8,Western Europe,LUX,survey
Luxembourg,2014,28.3,1.04,47.3,1.12,19.0,1.5,40.2,1.9,Western Europe,LUX,survey
Luxembourg,2015,28.6,1.03,47.1,1.17,18.5,1.6,39.3,2.0,Western Europe,LUX,survey
Luxembourg,2016,28.9,0.98,47.3,1.16,18.4,1.5,38.9,1.9,Western Europe,LUX,survey
Luxembourg,2017,29.3,1.0,47.4,1.14,18.1,1.5,38.2,1.9,Western Europe,LUX,survey
Luxembourg,2018,29.6,1.01,47.2,1.14,17.6,1.5,37.3,1.9,Western Europe,LUX,survey
Luxembourg,2019,29.3,1.0,46.8,1.18,17.5,1.5,37.4,1.9,Western Europe,LUX,survey
Luxembourg,2020,28.8,0.92,46.0,1.16,17.2,1.5,37.4,1.9,Western Europe,LUX,survey
Luxembourg,2021,28.8,1.02,45.7,1.21,16.9,1.6,37.0,2.0,Western Europe,LUX,survey
Luxembourg,2022,28.8,1.11,45.6,1.25,16.8,1.7,36.8,2.1,Western Europe,LUX,survey
Luxembourg,2023,28.8,1.27,45.7,1.48,16.9,2.0,37.0,2.5,Western Europe,LUX,survey
Madagascar,1962,41.1,3.98,42.8,4.21,1.6999999999999957,,0.0397196261682242,,Sub-Saharan Africa,MDG,derived
Madagascar,1963,41.3,3.98,43.0,4.21,1.7000000000000028,,0.0395348837209303,,Sub-Saharan Africa,MDG,derived
Madagascar,1964,41.5,3.99,43.2,4.22,1.7000000000000028,,0.039351851851851916,,Sub-Saharan Africa,MDG,derived
Madagascar,1965,41.6,3.98,43.4,4.23,1.7999999999999972,,0.04147465437788012,,Sub-Saharan Africa,MDG,derived
Madagascar,1966,41.8,3.98,43.6,4.2,1.8000000000000043,,0.04128440366972487,,Sub-Saharan Africa,MDG,derived
Madagascar,1967,42.0,3.98,43.7,4.18,1.7000000000000028,,0.03890160183066368,,Sub-Saharan Africa,MDG,derived
Madagascar,1968,42.2,3.95,43.9,4.18,1.6999999999999957,,0.0387243735763097,,Sub-Saharan Africa,MDG,derived
Madagascar,1969,42.3,3.91,44.1,4.15,1.8000000000000043,,0.04081632653061234,,Sub-Saharan Africa,MDG,derived
Madagascar,1970,42.5,3.87,44.3,4.1,1.7999999999999972,,0.04063205417607217,,Sub-Saharan Africa,MDG,derived
Madagascar,1971,42.7,3.83,44.5,4.06,1.7999999999999972,,0.040449438202247126,,Sub-Saharan Africa,MDG,derived
Madagascar,1972,42.9,3.78,44.6,3.99,1.7000000000000028,,0.03811659192825118,,Sub-Saharan Africa,MDG,derived
Madagascar,1973,43.0,3.73,44.8,3.92,1.7999999999999972,,0.04017857142857137,,Sub-Saharan Africa,MDG,derived
Madagascar,1974,43.2,3.67,45.0,3.88,1.7999999999999972,,0.03999999999999994,,Sub-Saharan Africa,MDG,derived
Madagascar,1975,43.4,3.58,45.1,3.8,1.7000000000000028,,0.037694013303769466,,Sub-Saharan Africa,MDG,derived
Madagascar,1976,43.6,3.5,45.3,3.74,1.6999999999999957,,0.037527593818984455,,Sub-Saharan Africa,MDG,derived
Madagascar,1977,43.7,3.41,45.5,3.66,1.7999999999999972,,0.039560439560439496,,Sub-Saharan Africa,MDG,derived
Madagascar,1978,43.9,3.32,45.7,3.59,1.8000000000000043,,0.03938730853391694,,Sub-Saharan Africa,MDG,derived
Madagascar,1979,44.1,3.24,45.9,3.48,1.7999999999999972,,0.03921568627450974,,Sub-Saharan Africa,MDG,derived
Madagascar,1980,44.2,3.14,46.0,3.38,1.7999999999999972,,0.039130434782608636,,Sub-Saharan Africa,MDG,derived
Madagascar,1981,44.2,3.17,46.0,3.41,1.7999999999999972,,0.039130434782608636,,Sub-Saharan Africa,MDG,derived
Madagascar,1982,44.2,3.2,46.0,3.4,1.7999999999999972,,0.039130434782608636,,Sub-Saharan Africa,MDG,derived
Madagascar,1983,44.2,3.24,46.0,3.41,1.7999999999999972,,0.039130434782608636,,Sub-Saharan Africa,MDG,derived
Madagascar,1984,44.2,3.25,46.0,3.4,1.7999999999999972,,0.039130434782608636,,Sub-Saharan Africa,MDG,derived
Madagascar,1985,44.2,3.24,46.0,3.39,1.7999999999999972,,0.039130434782608636,,Sub-Saharan Africa,MDG,derived
Madagascar,1986,44.2,3.24,46.0,3.37,1.7999999999999972,,0.039130434782608636,,Sub-Saharan Africa,MDG,derived
Madagascar,1987,44.2,3.22,46.0,3.38,1.7999999999999972,,0.039130434782608636,,Sub-Saharan Africa,MDG,derived
Madagascar,1988,44.2,3.15,46.0,3.33,1.7999999999999972,,0.039130434782608636,,Sub-Saharan Africa,MDG,derived
Madagascar,1989,44.1,3.13,45.9,3.26,1.7999999999999972,,0.03921568627450974,,Sub-Saharan Africa,MDG,derived
Madagascar,1990,44.1,3.07,45.9,3.19,1.7999999999999972,,0.03921568627450974,,Sub-Saharan Africa,MDG,derived
Madagascar,1991,44.1,3.0,45.9,3.12,1.7999999999999972,,0.03921568627450974,,Sub-Saharan Africa,MDG,derived
Madagascar,1992,44.1,2.89,45.9,3.03,1.7999999999999972,,0.03921568627450974,,Sub-Saharan Africa,MDG,derived
Madagascar,1993,44.1,2.79,45.9,2.92,1.7999999999999972,,0.03921568627450974,,Sub-Saharan Africa,MDG,derived
Madagascar,1994,44.0,2.75,45.8,2.87,1.7999999999999972,,0.03930131004366806,,Sub-Saharan Africa,MDG,derived
Madagascar,1995,44.0,2.68,45.7,2.81,1.7000000000000028,,0.03719912472647709,,Sub-Saharan Africa,MDG,derived
Madagascar,1996,43.9,2.59,45.7,2.74,1.8000000000000043,,0.03938730853391694,,Sub-Saharan Africa,MDG,derived
Madagascar,1997,43.8,2.47,45.6,2.63,1.8000000000000043,,0.03947368421052641,,Sub-Saharan Africa,MDG,derived
Madagascar,1998,43.8,2.42,45.6,2.6,1.8000000000000043,,0.03947368421052641,,Sub-Saharan Africa,MDG,derived
Madagascar,1999,43.9,2.32,45.6,2.51,1.7000000000000028,,0.037280701754386025,,Sub-Saharan Africa,MDG,derived
Madagascar,2000,44.0,2.29,45.7,2.48,1.7000000000000028,,0.03719912472647709,,Sub-Saharan Africa,MDG,derived
Madagascar,2001,44.2,2.2,45.8,2.4,1.5999999999999943,,0.03493449781659377,,Sub-Saharan Africa,MDG,derived
Madagascar,2002,43.9,2.26,45.6,2.46,1.7000000000000028,,0.037280701754386025,,Sub-Saharan Africa,MDG,derived
Madagascar,2003,43.7,2.29,45.4,2.49,1.6999999999999957,,0.037444933920704755,,Sub-Saharan Africa,MDG,derived
Madagascar,2004,43.5,2.3,45.2,2.51,1.7000000000000028,,0.03761061946902661,,Sub-Saharan Africa,MDG,derived
Madagascar,2005,43.3,2.27,45.0,2.48,1.7000000000000028,,0.03777777777777784,,Sub-Saharan Africa,MDG,derived
Madagascar,2006,43.2,2.37,44.9,2.56,1.6999999999999957,,0.0378619153674832,,Sub-Saharan Africa,MDG,derived
Madagascar,2007,43.2,2.4,44.8,2.63,1.5999999999999943,,0.03571428571428559,,Sub-Saharan Africa,MDG,derived
Madagascar,2008,43.1,2.43,44.7,2.68,1.6000000000000014,,0.035794183445190184,,Sub-Saharan Africa,MDG,derived
Madagascar,2009,43.0,2.46,44.7,2.69,1.7000000000000028,,0.0380313199105146,,Sub-Saharan Africa,MDG,derived
Madagascar,2010,42.9,2.48,44.6,2.68,1.7000000000000028,,0.03811659192825118,,Sub-Saharan Africa,MDG,derived
Madagascar,2011,42.8,2.57,44.5,2.8,1.7000000000000028,,0.0382022471910113,,Sub-Saharan Africa,MDG,derived
Madagascar,2012,42.7,2.65,44.4,2.89,1.6999999999999957,,0.038288288288288196,,Sub-Saharan Africa,MDG,derived
Madagascar,2013,42.6,2.8,44.3,3.03,1.6999999999999957,,0.03837471783295702,,Sub-Saharan Africa,MDG,derived
Madagascar,2014,42.5,2.93,44.2,3.15,1.7000000000000028,,0.038461538461538526,,Sub-Saharan Africa,MDG,derived
Madagascar,2015,42.4,3.05,44.1,3.27,1.7000000000000028,,0.03854875283446718,,Sub-Saharan Africa,MDG,derived
Madagascar,2016,42.3,3.16,44.0,3.38,1.7000000000000028,,0.0386363636363637,,Sub-Saharan Africa,MDG,derived
Madagascar,2017,42.2,3.26,43.9,3.47,1.6999999999999957,,0.0387243735763097,,Sub-Saharan Africa,MDG,derived
Madagascar,2018,42.0,3.34,43.8,3.57,1.7999999999999972,,0.04109589041095884,,Sub-Saharan Africa,MDG,derived
Madagascar,2019,41.9,3.38,43.7,3.65,1.8000000000000043,,0.04118993135011451,,Sub-Saharan Africa,MDG,derived
Madagascar,2020,41.8,3.46,43.6,3.74,1.8000000000000043,,0.04128440366972487,,Sub-Saharan Africa,MDG,derived
Madagascar,2021,41.7,3.52,43.5,3.8,1.7999999999999972,,0.04137931034482752,,Sub-Saharan Africa,MDG,derived
Malawi,1969,46.5,4.1,47.9,4.52,1.3999999999999986,,0.029227557411273457,,Sub-Saharan Africa,MWI,derived
Malawi,1970,46.7,4.09,48.1,4.51,1.3999999999999986,,0.029106029106029076,,Sub-Saharan Africa,MWI,derived
Malawi,1971,46.9,4.08,48.3,4.51,1.3999999999999986,,0.028985507246376784,,Sub-Saharan Africa,MWI,derived
Malawi,1972,47.1,4.08,48.5,4.51,1.3999999999999986,,0.02886597938144327,,Sub-Saharan Africa,MWI,derived
Malawi,1973,47.3,4.06,48.7,4.48,1.4000000000000057,,0.028747433264887177,,Sub-Saharan Africa,MWI,derived
Malawi,1974,47.5,4.06,48.9,4.45,1.3999999999999986,,0.02862985685071572,,Sub-Saharan Africa,MWI,derived
Malawi,1975,47.7,4.05,49.1,4.42,1.3999999999999986,,0.028513238289205673,,Sub-Saharan Africa,MWI,derived
Malawi,1976,47.9,4.0,49.3,4.39,1.3999999999999986,,0.028397565922920864,,Sub-Saharan Africa,MWI,derived
Malawi,1977,48.1,3.99,49.5,4.35,1.3999999999999986,,0.028282828282828253,,Sub-Saharan Africa,MWI,derived
Malawi,1978,48.3,3.96,49.7,4.33,1.4000000000000057,,0.028169014084507154,,Sub-Saharan Africa,MWI,derived
Malawi,1979,48.5,3.91,49.9,4.28,1.3999999999999986,,0.02805611222444887,,Sub-Saharan Africa,MWI,derived
Malawi,1980,48.7,3.87,50.0,4.24,1.2999999999999972,,0.025999999999999943,,Sub-Saharan Africa,MWI,derived
Malawi,1981,48.9,3.81,50.2,4.16,1.3000000000000043,,0.025896414342629567,,Sub-Saharan Africa,MWI,derived
Malawi,1982,49.1,3.77,50.4,4.1,1.2999999999999972,,0.025793650793650737,,Sub-Saharan Africa,MWI,derived
Malawi,1983,49.3,3.73,50.6,4.01,1.3000000000000043,,0.025691699604743167,,Sub-Saharan Africa,MWI,derived
Malawi,1984,49.5,3.65,50.8,3.96,1.2999999999999972,,0.025590551181102306,,Sub-Saharan Africa,MWI,derived
Malawi,1985,49.6,3.6,51.0,3.87,1.3999999999999986,,0.027450980392156835,,Sub-Saharan Africa,MWI,derived
Malawi,1986,49.7,3.59,51.0,3.87,1.2999999999999972,,0.025490196078431317,,Sub-Saharan Africa,MWI,derived
Malawi,1987,49.7,3.56,51.1,3.83,1.3999999999999986,,0.027397260273972573,,Sub-Saharan Africa,MWI,derived
Malawi,1988,49.7,3.54,51.1,3.78,1.3999999999999986,,0.027397260273972573,,Sub-Saharan Africa,MWI,derived
Malawi,1989,49.7,3.51,51.1,3.73,1.3999999999999986,,0.027397260273972573,,Sub-Saharan Africa,MWI,derived
Malawi,1990,49.7,3.46,51.2,3.69,1.5,,0.029296875,,Sub-Saharan Africa,MWI,derived
Malawi,1991,49.8,3.4,51.2,3.64,1.4000000000000057,,0.02734375000000011,,Sub-Saharan Africa,MWI,derived
Malawi,1992,49.8,3.35,51.2,3.58,1.4000000000000057,,0.02734375000000011,,Sub-Saharan Africa,MWI,derived
Malawi,1993,49.8,3.26,51.3,3.5,1.5,,0.029239766081871347,,Sub-Saharan Africa,MWI,derived
Malawi,1994,49.8,3.14,51.3,3.44,1.5,,0.029239766081871347,,Sub-Saharan Africa,MWI,derived
Malawi,1995,49.8,3.06,51.3,3.36,1.5,,0.029239766081871347,,Sub-Saharan Africa,MWI,derived
Malawi,1996,49.8,2.96,51.4,3.25,1.6000000000000014,,0.03112840466926073,,Sub-Saharan Africa,MWI,derived
Malawi,1997,49.8,2.87,51.4,3.11,1.6000000000000014,,0.03112840466926073,,Sub-Saharan Africa,MWI,derived
Malawi,1998,49.2,2.82,50.9,3.07,1.6999999999999957,,0.033398821218074574,,Sub-Saharan Africa,MWI,derived
Malawi,1999,48.7,2.76,50.4,3.02,1.6999999999999957,,0.033730158730158645,,Sub-Saharan Africa,MWI,derived
Malawi,2000,48.1,2.71,49.8,2.94,1.6999999999999957,,0.034136546184738874,,Sub-Saharan Africa,MWI,derived
Malawi,2001,47.5,2.64,49.3,2.86,1.7999999999999972,,0.03651115618661252,,Sub-Saharan Africa,MWI,derived
Malawi,2002,46.9,2.53,48.7,2.72,1.8000000000000043,,0.03696098562628345,,Sub-Saharan Africa,MWI,derived
Malawi,2003,46.3,2.41,48.2,2.62,1.9000000000000057,,0.03941908713692958,,Sub-Saharan Africa,MWI,derived
Malawi,2004,45.7,2.25,47.6,2.49,1.8999999999999986,,0.03991596638655459,,Sub-Saharan Africa,MWI,derived
Malawi,2005,45.3,2.2,47.3,2.46,2.0,,0.042283298097251586,,Sub-Saharan Africa,MWI,derived
Malawi,2006,45.3,2.25,47.2,2.49,1.9000000000000057,,0.04025423728813571,,Sub-Saharan Africa,MWI,derived
Malawi,2007,45.2,2.28,47.1,2.5,1.8999999999999986,,0.040339702760084896,,Sub-Saharan Africa,MWI,derived
Malawi,2008,45.2,2.27,47.0,2.49,1.7999999999999972,,0.03829787234042547,,Sub-Saharan Africa,MWI,derived
Malawi,2009,45.1,2.24,47.0,2.47,1.8999999999999986,,0.040425531914893585,,Sub-Saharan Africa,MWI,derived
Malawi,2010,45.1,2.16,46.9,2.41,1.7999999999999972,,0.03837953091684429,,Sub-Saharan Africa,MWI,derived
Malawi,2011,44.9,2.25,46.7,2.47,1.8000000000000043,,0.03854389721627418,,Sub-Saharan Africa,MWI,derived
Malawi,2012,44.8,2.34,46.6,2.55,1.8000000000000043,,0.03862660944206018,,Sub-Saharan Africa,MWI,derived
Malawi,2013,44.6,2.39,46.4,2.64,1.7999999999999972,,0.0387931034482758,,Sub-Saharan Africa,MWI,derived
Malawi,2014,44.5,2.49,46.3,2.75,1.7999999999999972,,0.03887688984881204,,Sub-Saharan Africa,MWI,derived
Malawi,2015,44.5,2.6,46.2,2.85,1.7000000000000028,,0.036796536796536855,,Sub-Saharan Africa,MWI,derived
Malawi,2016,44.4,2.69,46.2,2.94,1.8000000000000043,,0.03896103896103905,,Sub-Saharan Africa,MWI,derived
Malawi,2017,44.3,2.84,46.1,3.09,1.8000000000000043,,0.039045553145336316,,Sub-Saharan Africa,MWI,derived
Malawi,2018,44.2,2.97,45.9,3.2,1.6999999999999957,,0.037037037037036945,,Sub-Saharan Africa,MWI,derived
Malawi,2019,44.0,3.06,45.8,3.29,1.7999999999999972,,0.03930131004366806,,Sub-Saharan Africa,MWI,derived
Malaysia,1970,46.0,2.85,48.2,3.1,2.200000000000003,,0.04564315352697101,,Southeast Asia,MYS,derived
Malaysia,1971,46.1,2.79,48.3,3.05,2.1999999999999957,,0.04554865424430633,,Southeast Asia,MYS,derived
Malaysia,1972,46.3,2.72,48.5,2.98,2.200000000000003,,0.0453608247422681,,Southeast Asia,MYS,derived
Malaysia,1973,46.5,2.63,48.7,2.89,2.200000000000003,,0.04517453798767973,,Southeast Asia,MYS,derived
Malaysia,1974,46.7,2.54,48.9,2.78,2.1999999999999957,,0.044989775051124656,,Southeast Asia,MYS,derived
Malaysia,1975,46.8,2.46,49.0,2.7,2.200000000000003,,0.04489795918367353,,Southeast Asia,MYS,derived
Malaysia,1976,46.8,2.36,49.0,2.61,2.200000000000003,,0.04489795918367353,,Southeast Asia,MYS,derived
Malaysia,1977,46.7,2.35,48.9,2.6,2.1999999999999957,,0.044989775051124656,,Southeast Asia,MYS,derived
Malaysia,1978,46.6,2.29,48.8,2.53,2.1999999999999957,,0.04508196721311467,,Southeast Asia,MYS,derived
Malaysia,1979,46.5,2.21,48.7,2.44,2.200000000000003,,0.04517453798767973,,Southeast Asia,MYS,derived
Malaysia,1980,46.2,2.21,48.5,2.41,2.299999999999997,,0.04742268041237108,,Southeast Asia,MYS,derived
Malaysia,1981,46.0,2.22,48.3,2.42,2.299999999999997,,0.04761904761904756,,Southeast Asia,MYS,derived
Malaysia,1982,45.7,2.2,48.1,2.38,2.3999999999999986,,0.049896049896049864,,Southeast Asia,MYS,derived
Malaysia,1983,45.5,2.14,47.9,2.32,2.3999999999999986,,0.050104384133611665,,Southeast Asia,MYS,derived
Malaysia,1984,45.2,2.09,47.7,2.23,2.5,,0.05241090146750524,,Southeast Asia,MYS,derived
Malaysia,1985,44.9,2.11,47.4,2.25,2.5,,0.052742616033755275,,Southeast Asia,MYS,derived
Malaysia,1986,44.6,2.07,47.1,2.23,2.5,,0.053078556263269634,,Southeast Asia,MYS,derived
Malaysia,1987,44.3,2.0,46.9,2.17,2.6000000000000014,,0.055437100213219646,,Southeast Asia,MYS,derived
Malaysia,1988,44.0,2.0,46.6,2.17,2.6000000000000014,,0.055793991416309044,,Southeast Asia,MYS,derived
Malaysia,1989,43.8,1.97,46.4,2.14,2.6000000000000014,,0.056034482758620725,,Southeast Asia,MYS,derived
Malaysia,1990,43.7,2.04,46.3,2.2,2.5999999999999943,,0.05615550755939513,,Southeast Asia,MYS,derived
Malaysia,1991,43.6,2.04,46.2,2.22,2.6000000000000014,,0.05627705627705631,,Southeast Asia,MYS,derived
Malaysia,1992,43.4,2.01,46.1,2.2,2.700000000000003,,0.0585683297180044,,Southeast Asia,MYS,derived
Malaysia,1993,43.4,2.03,46.0,2.23,2.6000000000000014,,0.05652173913043481,,Southeast Asia,MYS,derived
Malaysia,1994,43.3,2.04,46.0,2.23,2.700000000000003,,0.05869565217391311,,Southeast Asia,MYS,derived
Malaysia,1995,43.2,2.01,45.9,2.22,2.6999999999999957,,0.058823529411764615,,Southeast Asia,MYS,derived
Malaysia,1996,43.1,2.03,45.8,2.24,2.6999999999999957,,0.05895196506550209,,Southeast Asia,MYS,derived
Malaysia,1997,43.0,2.01,45.7,2.22,2.700000000000003,,0.05908096280087533,,Southeast Asia,MYS,derived
Malaysia,1998,42.8,2.05,45.5,2.27,2.700000000000003,,0.0593406593406594,,Southeast Asia,MYS,derived
Malaysia,1999,42.6,2.07,45.3,2.27,2.6999999999999957,,0.059602649006622425,,Southeast Asia,MYS,derived
Malaysia,2000,42.4,2.12,45.1,2.27,2.700000000000003,,0.05986696230598676,,Southeast Asia,MYS,derived
Malaysia,2001,42.3,2.11,45.0,2.26,2.700000000000003,,0.06000000000000006,,Southeast Asia,MYS,derived
Malaysia,2002,42.1,2.07,44.8,2.22,2.6999999999999957,,0.060267857142857054,,Southeast Asia,MYS,derived
Malaysia,2003,41.8,2.05,44.5,2.16,2.700000000000003,,0.06067415730337085,,Southeast Asia,MYS,derived
Malaysia,2004,41.6,2.01,44.3,2.14,2.6999999999999957,,0.06094808126410826,,Southeast Asia,MYS,derived
Malaysia,2005,41.3,1.98,44.1,2.1,2.8000000000000043,,0.06349206349206359,,Southeast Asia,MYS,derived
Malaysia,2006,41.1,1.94,43.9,2.1,2.799999999999997,,0.06378132118451019,,Southeast Asia,MYS,derived
Malaysia,2007,41.0,1.93,43.7,2.09,2.700000000000003,,0.06178489702517168,,Southeast Asia,MYS,derived
Malaysia,2008,40.7,1.92,43.5,2.08,2.799999999999997,,0.06436781609195395,,Southeast Asia,MYS,derived
Malaysia,2009,40.5,1.93,43.3,2.08,2.799999999999997,,0.06466512702078515,,Southeast Asia,MYS,derived
Malaysia,2010,40.3,1.99,43.0,2.11,2.700000000000003,,0.06279069767441867,,Southeast Asia,MYS,derived
Malaysia,2011,40.0,1.98,42.7,2.09,2.700000000000003,,0.06323185011709608,,Southeast Asia,MYS,derived
Malaysia,2012,39.8,1.99,42.4,2.07,2.6000000000000014,,0.06132075471698117,,Southeast Asia,MYS,derived
Malaysia,2013,39.4,1.99,42.2,2.08,2.8000000000000043,,0.06635071090047404,,Southeast Asia,MYS,derived
Malaysia,2014,39.3,2.01,41.9,2.13,2.6000000000000014,,0.06205250596658715,,Southeast Asia,MYS,derived
Malaysia,2015,39.1,2.05,41.7,2.17,2.6000000000000014,,0.06235011990407677,,Southeast Asia,MYS,derived
Malaysia,2016,38.9,2.12,41.6,2.23,2.700000000000003,,0.06490384615384621,,Southeast Asia,MYS,derived
Malaysia,2017,38.8,2.2,41.5,2.34,2.700000000000003,,0.06506024096385549,,Southeast Asia,MYS,derived
Malaysia,2018,38.7,2.23,41.4,2.38,2.6999999999999957,,0.06521739130434773,,Southeast Asia,MYS,derived
Malaysia,2019,38.7,2.32,41.3,2.46,2.5999999999999943,,0.06295399515738485,,Southeast Asia,MYS,derived
Malaysia,2020,38.6,2.43,41.2,2.58,2.6000000000000014,,0.06310679611650488,,Southeast Asia,MYS,derived
Malaysia,2021,38.6,2.53,41.2,2.69,2.6000000000000014,,0.06310679611650488,,Southeast Asia,MYS,derived
Malaysia,2022,38.5,2.68,41.2,2.84,2.700000000000003,,0.06553398058252434,,Southeast Asia,MYS,derived
Mali,1994,42.9,2.92,41.5,3.3,-1.4,4.4,-3.4,5.5,Sub-Saharan Africa,MLI,survey
Mali,1995,42.6,2.84,41.3,3.21,-1.3,4.3,-3.1,5.4,Sub-Saharan Africa,MLI,survey
Mali,1996,42.4,2.73,41.1,3.12,-1.3,4.1,-3.2,5.2,Sub-Saharan Africa,MLI,survey
Mali,1997,42.1,2.62,41.0,3.01,-1.1,4.0,-2.7,5.0,Sub-Saharan Africa,MLI,survey
Mali,1998,41.9,2.48,40.8,2.88,-1.1,3.8,-2.7,4.8,Sub-Saharan Africa,MLI,survey
Mali,1999,41.6,2.32,40.7,2.75,-0.9,3.6,-2.2,4.5,Sub-Saharan Africa,MLI,survey
Mali,2000,41.4,2.15,40.5,2.61,-0.9,3.4,-2.2,4.3,Sub-Saharan Africa,MLI,survey
Mali,2001,41.1,1.9,40.4,2.43,-0.7,3.1,-1.7,3.9,Sub-Saharan Africa,MLI,survey
Mali,2002,40.9,1.92,40.2,2.42,-0.7,3.1,-1.7,3.9,Sub-Saharan Africa,MLI,survey
Mali,2003,40.7,1.9,40.0,2.36,-0.7,3.0,-1.7,3.8,Sub-Saharan Africa,MLI,survey
Mali,2004,40.5,1.84,39.8,2.29,-0.7,2.9,-1.8,3.7,Sub-Saharan Africa,MLI,survey
Mali,2005,40.0,1.81,39.5,2.24,-0.5,2.9,-1.3,3.7,Sub-Saharan Africa,MLI,survey
Mali,2006,39.6,1.73,39.1,2.16,-0.5,2.8,-1.3,3.5,Sub-Saharan Africa,MLI,survey
Mali,2007,39.0,1.75,38.6,2.14,-0.4,2.8,-1.0,3.5,Sub-Saharan Africa,MLI,survey
Mali,2008,38.4,1.7,38.2,2.06,-0.2,2.7,-0.5,3.4,Sub-Saharan Africa,MLI,survey
Mali,2009,37.8,1.61,37.7,1.96,-0.1,2.5,-0.3,3.2,Sub-Saharan Africa,MLI,survey
Mali,2010,37.4,1.65,37.4,1.92,0.0,2.5,0.0,3.2,Sub-Saharan Africa,MLI,survey
Mali,2011,37.1,1.65,37.0,1.83,-0.1,2.5,-0.3,3.1,Sub-Saharan Africa,MLI,survey
Mali,2012,36.8,1.56,36.6,1.66,-0.2,2.3,-0.5,2.8,Sub-Saharan Africa,MLI,survey
Mali,2013,36.4,1.37,36.3,1.41,-0.1,2.0,-0.3,2.4,Sub-Saharan Africa,MLI,survey
Mali,2014,36.1,1.07,35.9,1.02,-0.2,1.5,-0.6,1.8,Sub-Saharan Africa,MLI,survey
Mali,2015,36.3,1.01,36.1,1.0,-0.2,1.4,-0.6,1.7,Sub-Saharan Africa,MLI,survey
Mali,2016,36.7,0.98,36.4,0.94,-0.3,1.4,-0.8,1.7,Sub-Saharan Africa,MLI,survey
Mali,2017,36.6,0.98,36.3,0.94,-0.3,1.4,-0.8,1.7,Sub-Saharan Africa,MLI,survey
Mali,2018,36.7,0.96,36.3,0.9,-0.4,1.3,-1.1,1.6,Sub-Saharan Africa,MLI,survey
Mali,2019,37.1,0.94,36.8,0.91,-0.3,1.3,-0.8,1.6,Sub-Saharan Africa,MLI,survey
Mali,2020,36.9,0.94,36.6,0.93,-0.3,1.3,-0.8,1.6,Sub-Saharan Africa,MLI,survey
Mali,2021,36.6,1.05,36.3,1.05,-0.3,1.5,-0.8,1.8,Sub-Saharan Africa,MLI,survey
Mali,2022,36.2,0.86,35.9,0.82,-0.3,1.2,-0.8,1.5,Sub-Saharan Africa,MLI,survey
Mali,2023,35.8,0.83,35.6,0.84,-0.2,1.2,-0.6,1.5,Sub-Saharan Africa,MLI,survey
Mali,2024,36.5,0.86,36.3,0.92,-0.2,1.3,-0.6,1.6,Sub-Saharan Africa,MLI,survey
Mauritania,1987,41.8,3.21,43.1,3.44,1.3000000000000043,,0.030162412993039543,,Sub-Saharan Africa,MRT,derived
Mauritania,1988,41.8,3.14,43.1,3.35,1.3000000000000043,,0.030162412993039543,,Sub-Saharan Africa,MRT,derived
Mauritania,1989,41.8,3.05,43.1,3.27,1.3000000000000043,,0.030162412993039543,,Sub-Saharan Africa,MRT,derived
Mauritania,1990,41.8,2.95,43.1,3.18,1.3000000000000043,,0.030162412993039543,,Sub-Saharan Africa,MRT,derived
Mauritania,1991,41.7,2.83,43.1,3.06,1.3999999999999986,,0.032482598607888595,,Sub-Saharan Africa,MRT,derived
Mauritania,1992,41.7,2.72,43.1,2.92,1.3999999999999986,,0.032482598607888595,,Sub-Saharan Africa,MRT,derived
Mauritania,1993,41.7,2.57,43.0,2.75,1.2999999999999972,,0.030232558139534817,,Sub-Saharan Africa,MRT,derived
Mauritania,1994,41.5,2.45,42.8,2.64,1.2999999999999972,,0.03037383177570087,,Sub-Saharan Africa,MRT,derived
Mauritania,1995,41.2,2.32,42.6,2.51,1.3999999999999986,,0.032863849765258184,,Sub-Saharan Africa,MRT,derived
Mauritania,1996,41.1,2.28,42.6,2.47,1.5,,0.035211267605633804,,Sub-Saharan Africa,MRT,derived
Mauritania,1997,41.1,2.23,42.5,2.42,1.3999999999999986,,0.0329411764705882,,Sub-Saharan Africa,MRT,derived
Mauritania,1998,41.0,2.15,42.4,2.34,1.3999999999999986,,0.03301886792452827,,Sub-Saharan Africa,MRT,derived
Mauritania,1999,40.9,2.01,42.4,2.2,1.5,,0.03537735849056604,,Sub-Saharan Africa,MRT,derived
Mauritania,2000,40.8,1.87,42.3,2.04,1.5,,0.03546099290780142,,Sub-Saharan Africa,MRT,derived
Mauritania,2001,40.7,1.95,42.2,2.1,1.5,,0.035545023696682464,,Sub-Saharan Africa,MRT,derived
Mauritania,2002,40.5,1.98,42.0,2.13,1.5,,0.03571428571428571,,Sub-Saharan Africa,MRT,derived
Mauritania,2003,40.4,1.95,41.9,2.12,1.5,,0.03579952267303103,,Sub-Saharan Africa,MRT,derived
Mauritania,2004,40.3,1.88,41.8,2.07,1.5,,0.03588516746411483,,Sub-Saharan Africa,MRT,derived
Mauritania,2005,39.8,1.97,41.4,2.14,1.6000000000000014,,0.038647342995169115,,Sub-Saharan Africa,MRT,derived
Mauritania,2006,39.4,2.04,41.0,2.2,1.6000000000000014,,0.039024390243902474,,Sub-Saharan Africa,MRT,derived
Mauritania,2007,38.9,2.05,40.6,2.23,1.7000000000000028,,0.04187192118226608,,Sub-Saharan Africa,MRT,derived
Mauritania,2008,38.5,2.03,40.1,2.21,1.6000000000000014,,0.03990024937655864,,Sub-Saharan Africa,MRT,derived
Mauritania,2009,38.1,2.16,39.8,2.34,1.6999999999999957,,0.04271356783919587,,Sub-Saharan Africa,MRT,derived
Mauritania,2010,37.7,2.25,39.4,2.42,1.6999999999999957,,0.043147208121827305,,Sub-Saharan Africa,MRT,derived
Mauritania,2011,37.3,2.32,39.0,2.48,1.7000000000000028,,0.043589743589743664,,Sub-Saharan Africa,MRT,derived
Mauritania,2012,36.9,2.33,38.7,2.51,1.8000000000000043,,0.04651162790697685,,Sub-Saharan Africa,MRT,derived
Mauritania,2013,36.5,2.32,38.3,2.52,1.7999999999999972,,0.04699738903394249,,Sub-Saharan Africa,MRT,derived
Mauritania,2014,36.1,2.28,37.9,2.48,1.7999999999999972,,0.047493403693931326,,Sub-Saharan Africa,MRT,derived
Mauritania,2015,36.0,2.46,37.8,2.65,1.7999999999999972,,0.04761904761904755,,Sub-Saharan Africa,MRT,derived
Mauritania,2016,36.0,2.63,37.7,2.79,1.7000000000000028,,0.045092838196286546,,Sub-Saharan Africa,MRT,derived
Mauritania,2017,35.9,2.77,37.7,2.93,1.8000000000000043,,0.047745358090185784,,Sub-Saharan Africa,MRT,derived
Mauritania,2018,35.8,2.87,37.6,3.06,1.8000000000000043,,0.047872340425532026,,Sub-Saharan Africa,MRT,derived
Mauritania,2019,35.7,2.97,37.5,3.16,1.7999999999999972,,0.047999999999999925,,Sub-Saharan Africa,MRT,derived
Mauritius,1987,37.5,3.04,38.9,3.6,1.3999999999999986,,0.03598971722365035,,Sub-Saharan Africa,MUS,derived
Mauritius,1988,37.5,3.0,38.9,3.55,1.3999999999999986,,0.03598971722365035,,Sub-Saharan Africa,MUS,derived
Mauritius,1989,37.5,2.94,38.9,3.49,1.3999999999999986,,0.03598971722365035,,Sub-Saharan Africa,MUS,derived
Mauritius,1990,37.5,2.88,38.9,3.46,1.3999999999999986,,0.03598971722365035,,Sub-Saharan Africa,MUS,derived
Mauritius,1991,37.4,2.79,38.9,3.36,1.5,,0.038560411311053984,,Sub-Saharan Africa,MUS,derived
Mauritius,1992,37.4,2.69,39.0,3.26,1.6000000000000014,,0.04102564102564106,,Sub-Saharan Africa,MUS,derived
Mauritius,1993,37.4,2.7,39.0,3.24,1.6000000000000014,,0.04102564102564106,,Sub-Saharan Africa,MUS,derived
Mauritius,1994,37.4,2.71,39.0,3.22,1.6000000000000014,,0.04102564102564106,,Sub-Saharan Africa,MUS,derived
Mauritius,1995,37.4,2.7,39.1,3.18,1.7000000000000028,,0.043478260869565286,,Sub-Saharan Africa,MUS,derived
Mauritius,1996,37.4,2.65,39.1,3.09,1.7000000000000028,,0.043478260869565286,,Sub-Saharan Africa,MUS,derived
Mauritius,1997,37.4,2.57,39.1,3.0,1.7000000000000028,,0.043478260869565286,,Sub-Saharan Africa,MUS,derived
Mauritius,1998,37.4,2.56,39.1,2.98,1.7000000000000028,,0.043478260869565286,,Sub-Saharan Africa,MUS,derived
Mauritius,1999,37.4,2.56,39.2,2.95,1.8000000000000043,,0.04591836734693888,,Sub-Saharan Africa,MUS,derived
Mauritius,2000,37.4,2.51,39.2,2.89,1.8000000000000043,,0.04591836734693888,,Sub-Saharan Africa,MUS,derived
Mauritius,2001,37.4,2.47,39.2,2.8,1.8000000000000043,,0.04591836734693888,,Sub-Saharan Africa,MUS,derived
Mauritius,2002,37.4,2.38,39.2,2.72,1.8000000000000043,,0.04591836734693888,,Sub-Saharan Africa,MUS,derived
Mauritius,2003,37.4,2.39,39.3,2.67,1.8999999999999986,,0.04834605597964373,,Sub-Saharan Africa,MUS,derived
Mauritius,2004,37.5,2.36,39.3,2.62,1.7999999999999972,,0.04580152671755718,,Sub-Saharan Africa,MUS,derived
Mauritius,2005,37.5,2.29,39.3,2.54,1.7999999999999972,,0.04580152671755718,,Sub-Saharan Africa,MUS,derived
Mauritius,2006,37.6,2.21,39.4,2.48,1.7999999999999972,,0.04568527918781719,,Sub-Saharan Africa,MUS,derived
Mauritius,2007,37.7,2.25,39.4,2.49,1.6999999999999957,,0.043147208121827305,,Sub-Saharan Africa,MUS,derived
Mauritius,2008,37.8,2.31,39.5,2.54,1.7000000000000028,,0.043037974683544374,,Sub-Saharan Africa,MUS,derived
Mauritius,2009,37.9,2.36,39.6,2.58,1.7000000000000028,,0.042929292929293,,Sub-Saharan Africa,MUS,derived
Mauritius,2010,38.0,2.39,39.7,2.6,1.7000000000000028,,0.04282115869017639,,Sub-Saharan Africa,MUS,derived
Mauritius,2011,38.1,2.39,39.8,2.62,1.6999999999999957,,0.04271356783919587,,Sub-Saharan Africa,MUS,derived
Mauritius,2012,38.2,2.35,39.9,2.6,1.6999999999999957,,0.04260651629072671,,Sub-Saharan Africa,MUS,derived
Mauritius,2013,38.2,2.54,39.9,2.79,1.6999999999999957,,0.04260651629072671,,Sub-Saharan Africa,MUS,derived
Mauritius,2014,38.2,2.69,39.9,2.92,1.6999999999999957,,0.04260651629072671,,Sub-Saharan Africa,MUS,derived
Mauritius,2015,38.2,2.83,39.9,3.05,1.6999999999999957,,0.04260651629072671,,Sub-Saharan Africa,MUS,derived
Mauritius,2016,38.2,2.94,39.9,3.18,1.6999999999999957,,0.04260651629072671,,Sub-Saharan Africa,MUS,derived
Mauritius,2017,38.2,3.07,39.9,3.28,1.6999999999999957,,0.04260651629072671,,Sub-Saharan Africa,MUS,derived
Mexico,1963,52.5,2.32,54.7,2.74,2.200000000000003,,0.040219378427787986,,Latin America & Caribbean,MEX,derived
Mexico,1964,52.4,2.27,54.6,2.71,2.200000000000003,,0.040293040293040344,,Latin America & Caribbean,MEX,derived
Mexico,1965,52.4,2.19,54.6,2.62,2.200000000000003,,0.040293040293040344,,Latin America & Caribbean,MEX,derived
Mexico,1966,52.3,2.08,54.5,2.5,2.200000000000003,,0.04036697247706427,,Latin America & Caribbean,MEX,derived
Mexico,1967,52.3,1.93,54.5,2.34,2.200000000000003,,0.04036697247706427,,Latin America & Caribbean,MEX,derived
Mexico,1968,52.2,1.77,54.4,2.18,2.1999999999999957,,0.04044117647058816,,Latin America & Caribbean,MEX,derived
Mexico,1969,51.9,1.96,54.0,2.32,2.1000000000000014,,0.03888888888888892,,Latin America & Caribbean,MEX,derived
Mexico,1970,51.6,2.09,53.7,2.39,2.1000000000000014,,0.03910614525139667,,Latin America & Caribbean,MEX,derived
Mexico,1971,51.2,2.12,53.3,2.43,2.0999999999999943,,0.03939962476547832,,Latin America & Caribbean,MEX,derived
Mexico,1972,50.9,2.17,52.9,2.46,2.0,,0.03780718336483932,,Latin America & Caribbean,MEX,derived
Mexico,1973,50.5,2.17,52.5,2.47,2.0,,0.0380952380952381,,Latin America & Caribbean,MEX,derived
Mexico,1974,50.2,2.15,52.1,2.43,1.8999999999999986,,0.03646833013435698,,Latin America & Caribbean,MEX,derived
Mexico,1975,49.8,2.07,51.8,2.38,2.0,,0.03861003861003861,,Latin America & Caribbean,MEX,derived
Mexico,1976,49.3,2.02,51.2,2.34,1.9000000000000057,,0.03710937500000011,,Latin America & Caribbean,MEX,derived
Mexico,1977,48.8,1.91,50.7,2.25,1.9000000000000057,,0.03747534516765297,,Latin America & Caribbean,MEX,derived
Mexico,1978,48.4,1.99,50.2,2.28,1.8000000000000043,,0.03585657370517937,,Latin America & Caribbean,MEX,derived
Mexico,1979,48.0,2.04,49.7,2.29,1.7000000000000028,,0.03420523138833004,,Latin America & Caribbean,MEX,derived
Mexico,1980,47.7,2.03,49.2,2.25,1.5,,0.03048780487804878,,Latin America & Caribbean,MEX,derived
Mexico,1981,47.3,2.0,48.7,2.17,1.4000000000000057,,0.028747433264887177,,Latin America & Caribbean,MEX,derived
Mexico,1982,46.9,1.92,48.1,2.07,1.2000000000000028,,0.024948024948025005,,Latin America & Caribbean,MEX,derived
Mexico,1983,46.6,1.79,47.6,1.93,1.0,,0.021008403361344536,,Latin America & Caribbean,MEX,derived
Mexico,1984,46.2,1.61,47.1,1.72,0.8999999999999986,,0.019108280254777038,,Latin America & Caribbean,MEX,derived
Mexico,1985,46.5,1.72,47.3,1.81,0.8,2.5,1.7,3.1,Latin America & Caribbean,MEX,survey
Mexico,1986,46.8,1.74,47.5,1.82,0.7,2.5,1.5,3.1,Latin America & Caribbean,MEX,survey
Mexico,1987,47.0,1.73,47.8,1.78,0.8,2.5,1.7,3.1,Latin America & Caribbean,MEX,survey
Mexico,1988,47.3,1.63,48.0,1.66,0.7,2.3,1.5,2.8,Latin America & Caribbean,MEX,survey
Mexico,1989,47.6,1.44,48.3,1.46,0.7,2.1,1.4,2.6,Latin America & Caribbean,MEX,survey
Mexico,1990,48.0,1.52,48.8,1.56,0.8,2.2,1.6,2.7,Latin America & Caribbean,MEX,survey
Mexico,1991,48.5,1.48,49.3,1.54,0.8,2.1,1.6,2.6,Latin America & Caribbean,MEX,survey
Mexico,1992,49.0,1.35,49.8,1.42,0.8,2.0,1.6,2.5,Latin America & Caribbean,MEX,survey
Mexico,1993,49.2,1.38,50.2,1.4,1.0,2.0,2.0,2.4,Latin America & Caribbean,MEX,survey
Mexico,1994,49.5,1.27,50.5,1.26,1.0,1.8,2.0,2.2,Latin America & Caribbean,MEX,survey
Mexico,1995,49.6,1.32,50.6,1.33,1.0,1.9,2.0,2.3,Latin America & Caribbean,MEX,survey
Mexico,1996,49.4,1.23,50.4,1.23,1.0,1.7,2.0,2.1,Latin America & Caribbean,MEX,survey
Mexico,1997,49.4,1.33,50.5,1.3,1.1,1.9,2.2,2.3,Latin America & Caribbean,MEX,survey
Mexico,1998,49.4,1.22,50.5,1.2,1.1,1.7,2.2,2.1,Latin America & Caribbean,MEX,survey
Mexico,1999,49.1,1.31,50.3,1.34,1.2,1.9,2.4,2.3,Latin America & Caribbean,MEX,survey
Mexico,2000,48.9,1.26,50.0,1.29,1.1,1.8,2.2,2.2,Latin America & Caribbean,MEX,survey
Mexico,2001,48.4,1.3,49.7,1.35,1.3,1.9,2.6,2.3,Latin America & Caribbean,MEX,survey
Mexico,2002,47.9,1.18,49.4,1.2,1.5,1.7,3.0,2.1,Latin America & Caribbean,MEX,survey
Mexico,2003,47.5,1.15,49.1,1.17,1.6,1.6,3.3,2.0,Latin America & Caribbean,MEX,survey
Mexico,2004,47.1,0.86,48.8,0.9,1.7,1.2,3.5,1.5,Latin America & Caribbean,MEX,survey
Mexico,2005,46.8,0.91,48.4,0.98,1.6,1.3,3.3,1.6,Latin America & Caribbean,MEX,survey
Mexico,2006,46.5,0.92,48.1,0.96,1.6,1.3,3.3,1.6,Latin America & Caribbean,MEX,survey
Mexico,2007,46.7,1.07,48.4,1.11,1.7,1.5,3.5,1.9,Latin America & Caribbean,MEX,survey
Mexico,2008,46.9,0.88,48.8,0.88,1.9,1.2,3.9,1.5,Latin America & Caribbean,MEX,survey
Mexico,2009,46.5,1.01,48.5,1.08,2.0,1.5,4.1,1.8,Latin America & Caribbean,MEX,survey
Mexico,2010,46.0,0.86,48.2,0.88,2.2,1.2,4.6,1.5,Latin America & Caribbean,MEX,survey
Mexico,2011,45.9,1.12,48.1,1.15,2.2,1.6,4.6,2.0,Latin America & Caribbean,MEX,survey
Mexico,2012,45.8,1.12,48.1,1.19,2.3,1.6,4.8,2.0,Latin America & Caribbean,MEX,survey
Mexico,2013,45.4,1.21,47.8,1.26,2.4,1.7,5.0,2.1,Latin America & Caribbean,MEX,survey
Mexico,2014,45.0,1.1,47.5,1.12,2.5,1.6,5.3,2.0,Latin America & Caribbean,MEX,survey
Mexico,2015,44.3,1.09,46.8,1.1,2.5,1.5,5.3,1.9,Latin America & Caribbean,MEX,survey
Mexico,2016,43.6,0.78,46.1,0.77,2.5,1.1,5.4,1.3,Latin America & Caribbean,MEX,survey
Mexico,2017,43.1,0.98,45.5,0.99,2.4,1.4,5.3,1.7,Latin America & Caribbean,MEX,survey
Mexico,2018,42.6,0.79,45.0,0.77,2.4,1.1,5.3,1.3,Latin America & Caribbean,MEX,survey
Mexico,2019,42.2,0.96,44.6,1.0,2.4,1.4,5.4,1.7,Latin America & Caribbean,MEX,survey
Mexico,2020,41.7,0.69,44.3,0.77,2.6,1.0,5.9,1.3,Latin America & Caribbean,MEX,survey
Mexico,2021,41.0,0.93,43.7,0.97,2.7,1.3,6.2,1.6,Latin America & Caribbean,MEX,survey
Mexico,2022,40.3,0.65,43.1,0.69,2.8,0.9,6.5,1.1,Latin America & Caribbean,MEX,survey
Mexico,2023,40.3,1.19,43.1,1.28,2.8,1.7,6.5,2.1,Latin America & Caribbean,MEX,survey
Mexico,2024,40.2,1.45,43.1,1.63,2.9,2.2,6.7,2.7,Latin America & Caribbean,MEX,survey
Moldova,1988,30.5,2.25,50.4,3.73,19.9,,0.3948412698412698,,Eastern Europe & FSU,MDA,derived
Moldova,1989,30.8,2.15,50.7,3.62,19.900000000000002,,0.39250493096646943,,Eastern Europe & FSU,MDA,derived
Moldova,1990,31.5,2.15,51.0,3.53,19.5,,0.38235294117647056,,Eastern Europe & FSU,MDA,derived
Moldova,1991,32.4,2.18,51.4,3.44,19.0,,0.36964980544747084,,Eastern Europe & FSU,MDA,derived
Moldova,1992,33.3,2.15,51.8,3.32,18.5,,0.35714285714285715,,Eastern Europe & FSU,MDA,derived
Moldova,1993,34.2,2.1,52.2,3.2,18.0,,0.3448275862068965,,Eastern Europe & FSU,MDA,derived
Moldova,1994,35.1,2.05,52.6,3.1,17.5,,0.33269961977186313,,Eastern Europe & FSU,MDA,derived
Moldova,1995,36.0,1.97,53.0,2.99,17.0,,0.32075471698113206,,Eastern Europe & FSU,MDA,derived
Moldova,1996,36.9,1.83,53.3,2.85,16.4,,0.3076923076923077,,Eastern Europe & FSU,MDA,derived
Moldova,1997,37.8,1.63,53.7,2.71,15.900000000000006,,0.2960893854748604,,Eastern Europe & FSU,MDA,derived
Moldova,1998,38.4,1.44,54.0,2.57,15.600000000000001,,0.2888888888888889,,Eastern Europe & FSU,MDA,derived
Moldova,1999,38.6,1.35,54.2,2.45,15.600000000000001,,0.2878228782287823,,Eastern Europe & FSU,MDA,derived
Moldova,2000,38.6,1.26,54.3,2.35,15.699999999999996,,0.28913443830570895,,Eastern Europe & FSU,MDA,derived
Moldova,2001,38.5,1.22,54.3,2.27,15.799999999999997,,0.29097605893186,,Eastern Europe & FSU,MDA,derived
Moldova,2002,38.2,1.2,54.3,2.21,16.099999999999994,,0.296500920810313,,Eastern Europe & FSU,MDA,derived
Moldova,2003,37.8,1.22,54.1,2.19,16.300000000000004,,0.301293900184843,,Eastern Europe & FSU,MDA,derived
Moldova,2004,37.6,1.26,54.0,2.19,16.4,,0.3037037037037037,,Eastern Europe & FSU,MDA,derived
Moldova,2005,37.6,1.26,53.8,2.2,16.199999999999996,,0.30111524163568765,,Eastern Europe & FSU,MDA,derived
Moldova,2006,37.4,1.3,53.6,2.17,16.200000000000003,,0.3022388059701493,,Eastern Europe & FSU,MDA,derived
Moldova,2007,37.1,1.24,53.3,2.13,16.199999999999996,,0.30393996247654775,,Eastern Europe & FSU,MDA,derived
Moldova,2008,36.6,1.22,53.0,2.13,16.4,,0.30943396226415093,,Eastern Europe & FSU,MDA,derived
Moldova,2009,36.2,1.2,52.5,2.14,16.299999999999997,,0.3104761904761904,,Eastern Europe & FSU,MDA,derived
Moldova,2010,35.5,1.22,52.0,2.14,16.5,,0.3173076923076923,,Eastern Europe & FSU,MDA,derived
Moldova,2011,34.8,1.21,51.4,2.13,16.6,,0.3229571984435798,,Eastern Europe & FSU,MDA,derived
Moldova,2012,34.0,1.2,50.8,2.13,16.799999999999997,,0.3307086614173228,,Eastern Europe & FSU,MDA,derived
Moldova,2013,33.1,1.17,50.2,2.13,17.1,,0.3406374501992032,,Eastern Europe & FSU,MDA,derived
Moldova,2014,32.3,1.12,49.6,2.15,17.300000000000004,,0.34879032258064524,,Eastern Europe & FSU,MDA,derived
Moldova,2015,31.7,1.1,49.1,2.16,17.400000000000002,,0.3543788187372709,,Eastern Europe & FSU,MDA,derived
Moldova,2016,31.3,1.12,48.7,2.21,17.400000000000002,,0.35728952772073924,,Eastern Europe & FSU,MDA,derived
Moldova,2017,30.9,1.16,48.3,2.28,17.4,,0.36024844720496896,,Eastern Europe & FSU,MDA,derived
Moldova,2018,30.8,1.24,48.1,2.35,17.3,,0.3596673596673597,,Eastern Europe & FSU,MDA,derived
Moldova,2019,30.9,1.28,47.9,2.45,17.0,,0.35490605427974947,,Eastern Europe & FSU,MDA,derived
Moldova,2020,31.0,1.29,47.8,2.53,16.799999999999997,,0.3514644351464435,,Eastern Europe & FSU,MDA,derived
Moldova,2021,31.2,1.34,47.7,2.63,16.500000000000004,,0.3459119496855346,,Eastern Europe & FSU,MDA,derived
Moldova,2022,31.4,1.41,47.7,2.74,16.300000000000004,,0.34171907756813424,,Eastern Europe & FSU,MDA,derived
Moldova,2023,31.6,1.55,47.7,2.87,16.1,,0.33752620545073375,,Eastern Europe & FSU,MDA,derived
Moldova,2024,31.7,1.76,47.7,3.04,16.000000000000004,,0.3354297693920336,,Eastern Europe & FSU,MDA,derived
Morocco,1984,39.9,2.61,41.4,2.87,1.5,,0.036231884057971016,,MENA,MAR,derived
Morocco,1985,40.0,2.53,41.6,2.78,1.6000000000000014,,0.03846153846153849,,MENA,MAR,derived
Morocco,1986,40.0,2.51,41.7,2.77,1.7000000000000028,,0.040767386091127164,,MENA,MAR,derived
Morocco,1987,40.1,2.5,41.7,2.74,1.6000000000000014,,0.03836930455635495,,MENA,MAR,derived
Morocco,1988,40.2,2.46,41.8,2.7,1.5999999999999943,,0.038277511961722355,,MENA,MAR,derived
Morocco,1989,40.2,2.39,41.8,2.61,1.5999999999999943,,0.038277511961722355,,MENA,MAR,derived
Morocco,1990,40.3,2.3,41.9,2.5,1.6000000000000014,,0.0381861575178998,,MENA,MAR,derived
Morocco,1991,40.3,2.26,42.0,2.45,1.7000000000000028,,0.04047619047619054,,MENA,MAR,derived
Morocco,1992,40.4,2.31,42.0,2.51,1.6000000000000014,,0.038095238095238126,,MENA,MAR,derived
Morocco,1993,40.4,2.34,42.1,2.52,1.7000000000000028,,0.04038004750593831,,MENA,MAR,derived
Morocco,1994,40.5,2.34,42.1,2.51,1.6000000000000014,,0.03800475059382426,,MENA,MAR,derived
Morocco,1995,40.5,2.29,42.1,2.45,1.6000000000000014,,0.03800475059382426,,MENA,MAR,derived
Morocco,1996,40.6,2.23,42.2,2.39,1.6000000000000014,,0.03791469194312799,,MENA,MAR,derived
Morocco,1997,40.6,2.16,42.2,2.29,1.6000000000000014,,0.03791469194312799,,MENA,MAR,derived
Morocco,1998,40.6,2.01,42.3,2.15,1.6999999999999957,,0.04018912529550818,,MENA,MAR,derived
Morocco,1999,40.7,2.0,42.4,2.17,1.6999999999999957,,0.04009433962264141,,MENA,MAR,derived
Morocco,2000,40.8,2.07,42.5,2.23,1.7000000000000028,,0.04000000000000007,,MENA,MAR,derived
Morocco,2001,40.9,2.15,42.5,2.3,1.6000000000000014,,0.03764705882352944,,MENA,MAR,derived
Morocco,2002,40.9,2.27,42.6,2.42,1.7000000000000028,,0.03990610328638504,,MENA,MAR,derived
Morocco,2003,40.9,2.35,42.6,2.52,1.7000000000000028,,0.03990610328638504,,MENA,MAR,derived
Morocco,2004,40.9,2.39,42.6,2.59,1.7000000000000028,,0.03990610328638504,,MENA,MAR,derived
Morocco,2005,41.0,2.42,42.6,2.61,1.6000000000000014,,0.037558685446009425,,MENA,MAR,derived
Morocco,2006,41.0,2.44,42.6,2.61,1.6000000000000014,,0.037558685446009425,,MENA,MAR,derived
Morocco,2007,41.0,2.49,42.6,2.66,1.6000000000000014,,0.037558685446009425,,MENA,MAR,derived
Morocco,2008,40.9,2.59,42.6,2.74,1.7000000000000028,,0.03990610328638504,,MENA,MAR,derived
Morocco,2009,40.9,2.66,42.6,2.81,1.7000000000000028,,0.03990610328638504,,MENA,MAR,derived
Morocco,2010,40.9,2.72,42.5,2.88,1.6000000000000014,,0.03764705882352944,,MENA,MAR,derived
Morocco,2011,40.9,2.76,42.5,2.91,1.6000000000000014,,0.03764705882352944,,MENA,MAR,derived
Morocco,2012,40.8,2.78,42.5,2.94,1.7000000000000028,,0.04000000000000007,,MENA,MAR,derived
Morocco,2013,40.8,2.76,42.4,2.95,1.6000000000000014,,0.03773584905660381,,MENA,MAR,derived
Morocco,2014,40.7,2.82,42.4,3.01,1.6999999999999957,,0.04009433962264141,,MENA,MAR,derived
Morocco,2015,40.7,2.97,42.4,3.11,1.6999999999999957,,0.04009433962264141,,MENA,MAR,derived
Morocco,2016,40.7,3.08,42.3,3.21,1.5999999999999943,,0.037825059101654714,,MENA,MAR,derived
Morocco,2017,40.7,3.2,42.3,3.32,1.5999999999999943,,0.037825059101654714,,MENA,MAR,derived
Morocco,2018,40.7,3.28,42.3,3.41,1.5999999999999943,,0.037825059101654714,,MENA,MAR,derived
Morocco,2019,40.7,3.34,42.3,3.52,1.5999999999999943,,0.037825059101654714,,MENA,MAR,derived
Morocco,2020,40.6,3.41,42.2,3.6,1.6000000000000014,,0.03791469194312799,,MENA,MAR,derived
Nepal,1977,38.5,3.41,39.3,3.82,0.7999999999999972,,0.02035623409669204,,South Asia,NPL,derived
Nepal,1978,38.2,3.37,39.1,3.77,0.8999999999999986,,0.023017902813299195,,South Asia,NPL,derived
Nepal,1979,37.9,3.31,38.9,3.72,1.0,,0.02570694087403599,,South Asia,NPL,derived
Nepal,1980,37.7,3.26,38.7,3.65,1.0,,0.025839793281653745,,South Asia,NPL,derived
Nepal,1981,37.4,3.21,38.5,3.56,1.1000000000000014,,0.02857142857142861,,South Asia,NPL,derived
Nepal,1982,37.1,3.15,38.3,3.48,1.1999999999999957,,0.03133159268929493,,South Asia,NPL,derived
Nepal,1983,36.8,3.06,38.1,3.4,1.3000000000000043,,0.034120734908136593,,South Asia,NPL,derived
Nepal,1984,36.4,2.95,37.9,3.29,1.5,,0.0395778364116095,,South Asia,NPL,derived
Nepal,1985,36.6,2.96,38.0,3.28,1.3999999999999986,,0.03684210526315786,,South Asia,NPL,derived
Nepal,1986,36.7,2.97,38.0,3.26,1.2999999999999972,,0.0342105263157894,,South Asia,NPL,derived
Nepal,1987,36.8,2.95,38.1,3.23,1.3000000000000043,,0.034120734908136593,,South Asia,NPL,derived
Nepal,1988,36.8,2.91,38.2,3.18,1.4000000000000057,,0.03664921465968601,,South Asia,NPL,derived
Nepal,1989,36.9,2.86,38.3,3.13,1.3999999999999986,,0.03655352480417751,,South Asia,NPL,derived
Nepal,1990,37.0,2.8,38.4,3.07,1.3999999999999986,,0.0364583333333333,,South Asia,NPL,derived
Nepal,1991,37.1,2.73,38.5,2.99,1.3999999999999986,,0.03636363636363633,,South Asia,NPL,derived
Nepal,1992,37.2,2.65,38.6,2.91,1.3999999999999986,,0.036269430051813434,,South Asia,NPL,derived
Nepal,1993,37.3,2.56,38.7,2.81,1.4000000000000057,,0.03617571059431539,,South Asia,NPL,derived
Nepal,1994,37.4,2.45,38.8,2.7,1.3999999999999986,,0.03608247422680409,,South Asia,NPL,derived
Nepal,1995,37.5,2.31,38.9,2.58,1.3999999999999986,,0.03598971722365035,,South Asia,NPL,derived
Nepal,1996,37.6,2.24,39.0,2.46,1.3999999999999986,,0.03589743589743586,,South Asia,NPL,derived
Nepal,1997,37.7,2.34,39.1,2.56,1.3999999999999986,,0.03580562659846544,,South Asia,NPL,derived
Nepal,1998,37.8,2.41,39.2,2.63,1.4000000000000057,,0.03571428571428586,,South Asia,NPL,derived
Nepal,1999,37.9,2.48,39.3,2.65,1.3999999999999986,,0.03562340966921116,,South Asia,NPL,derived
Nepal,2000,38.0,2.52,39.4,2.67,1.3999999999999986,,0.035532994923857836,,South Asia,NPL,derived
Nepal,2001,38.1,2.53,39.5,2.65,1.3999999999999986,,0.03544303797468351,,South Asia,NPL,derived
Nepal,2002,38.3,2.5,39.6,2.64,1.3000000000000043,,0.032828282828282936,,South Asia,NPL,derived
Nepal,2003,38.4,2.42,39.7,2.6,1.3000000000000043,,0.0327455919395467,,South Asia,NPL,derived
Nepal,2004,38.3,2.41,39.6,2.58,1.3000000000000043,,0.032828282828282936,,South Asia,NPL,derived
Nepal,2005,38.0,2.5,39.3,2.67,1.2999999999999972,,0.03307888040712461,,South Asia,NPL,derived
Nepal,2006,37.7,2.56,39.1,2.75,1.3999999999999986,,0.03580562659846544,,South Asia,NPL,derived
Nepal,2007,37.4,2.63,38.8,2.83,1.3999999999999986,,0.03608247422680409,,South Asia,NPL,derived
Nepal,2008,37.1,2.65,38.5,2.87,1.3999999999999986,,0.03636363636363633,,South Asia,NPL,derived
Nepal,2009,36.8,2.65,38.2,2.9,1.4000000000000057,,0.03664921465968601,,South Asia,NPL,derived
Nepal,2010,36.5,2.63,37.9,2.88,1.3999999999999986,,0.03693931398416883,,South Asia,NPL,derived
Nepal,2011,36.4,2.76,37.8,3.01,1.3999999999999986,,0.037037037037037,,South Asia,NPL,derived
Nepal,2012,36.3,2.88,37.7,3.14,1.4000000000000057,,0.037135278514589004,,South Asia,NPL,derived
Nepal,2013,36.1,2.97,37.5,3.27,1.3999999999999986,,0.037333333333333295,,South Asia,NPL,derived
Nepal,2014,36.0,3.08,37.4,3.4,1.3999999999999986,,0.037433155080213866,,South Asia,NPL,derived
Nepal,2015,35.8,3.19,37.3,3.5,1.5,,0.04021447721179625,,South Asia,NPL,derived
Nepal,2016,35.7,3.27,37.2,3.59,1.5,,0.04032258064516129,,South Asia,NPL,derived
Nepal,2017,35.5,3.35,37.0,3.67,1.5,,0.04054054054054054,,South Asia,NPL,derived
Nepal,2018,35.4,3.42,36.9,3.74,1.5,,0.04065040650406504,,South Asia,NPL,derived
Nepal,2019,35.3,3.47,36.8,3.79,1.5,,0.04076086956521739,,South Asia,NPL,derived
Nepal,2020,35.1,3.51,36.7,3.83,1.6000000000000014,,0.04359673024523164,,South Asia,NPL,derived
Nepal,2021,35.0,3.55,36.5,3.87,1.5,,0.0410958904109589,,South Asia,NPL,derived
Nepal,2022,34.8,3.59,36.4,3.91,1.6000000000000014,,0.043956043956043994,,South Asia,NPL,derived
Netherlands,1977,25.6,1.15,46.7,1.45,21.1,1.9,45.2,2.4,Western Europe,NLD,survey
Netherlands,1978,25.6,1.37,46.5,1.63,20.9,2.1,44.9,2.7,Western Europe,NLD,survey
Netherlands,1979,25.5,1.43,46.3,1.7,20.8,2.2,44.9,2.8,Western Europe,NLD,survey
Netherlands,1980,25.5,1.37,46.2,1.73,20.7,2.2,44.8,2.8,Western Europe,NLD,survey
Netherlands,1981,25.6,1.32,46.1,1.72,20.5,2.2,44.5,2.8,Western Europe,NLD,survey
Netherlands,1982,25.6,1.34,46.3,1.66,20.7,2.1,44.7,2.7,Western Europe,NLD,survey
Netherlands,1983,25.6,1.24,46.4,1.51,20.8,2.0,44.8,2.5,Western Europe,NLD,survey
Netherlands,1984,25.6,1.22,46.1,1.52,20.5,1.9,44.5,2.4,Western Europe,NLD,survey
Netherlands,1985,25.6,0.97,45.9,1.42,20.3,1.7,44.2,2.2,Western Europe,NLD,survey
Netherlands,1986,25.2,1.08,46.0,1.44,20.8,1.8,45.2,2.3,Western Europe,NLD,survey
Netherlands,1987,24.8,0.86,46.1,1.31,21.3,1.6,46.2,2.1,Western Europe,NLD,survey
Netherlands,1988,25.4,0.97,45.7,1.35,20.3,1.7,44.4,2.2,Western Europe,NLD,survey
Netherlands,1989,26.0,1.06,45.5,1.36,19.5,1.7,42.9,2.2,Western Europe,NLD,survey
Netherlands,1990,26.3,0.97,45.5,1.21,19.2,1.6,42.2,2.0,Western Europe,NLD,survey
Netherlands,1991,26.2,1.13,45.6,1.35,19.4,1.8,42.5,2.2,Western Europe,NLD,survey
Netherlands,1992,26.1,1.01,45.7,1.35,19.6,1.7,42.9,2.2,Western Europe,NLD,survey
Netherlands,1993,26.2,0.82,46.0,1.23,19.8,1.5,43.0,1.9,Western Europe,NLD,survey
Netherlands,1994,26.4,1.07,46.0,1.41,19.6,1.8,42.6,2.3,Western Europe,NLD,survey
Netherlands,1995,26.5,1.04,46.0,1.43,19.5,1.8,42.4,2.3,Western Europe,NLD,survey
Netherlands,1996,26.1,1.26,45.8,1.53,19.7,2.0,43.0,2.5,Western Europe,NLD,survey
Netherlands,1997,25.7,1.29,45.6,1.53,19.9,2.0,43.6,2.5,Western Europe,NLD,survey
Netherlands,1998,25.2,1.17,45.4,1.42,20.2,1.8,44.5,2.3,Western Europe,NLD,survey
Netherlands,1999,24.8,0.82,45.2,1.19,20.4,1.4,45.1,1.8,Western Europe,NLD,survey
Netherlands,2000,26.0,0.76,45.7,1.14,19.7,1.4,43.1,1.8,Western Europe,NLD,survey
Netherlands,2001,26.2,1.15,45.9,1.36,19.7,1.8,42.9,2.3,Western Europe,NLD,survey
Netherlands,2002,26.3,1.29,46.1,1.41,19.8,1.9,43.0,2.4,Western Europe,NLD,survey
Netherlands,2003,26.5,1.24,46.3,1.29,19.8,1.8,42.8,2.2,Western Europe,NLD,survey
Netherlands,2004,26.7,1.02,46.6,0.99,19.9,1.4,42.7,1.7,Western Europe,NLD,survey
Netherlands,2005,26.9,0.9,47.0,0.93,20.1,1.3,42.8,1.6,Western Europe,NLD,survey
Netherlands,2006,27.2,0.82,47.2,0.86,20.0,1.2,42.4,1.5,Western Europe,NLD,survey
Netherlands,2007,27.2,0.82,47.0,0.91,19.8,1.2,42.1,1.5,Western Europe,NLD,survey
Netherlands,2008,26.9,0.77,46.6,0.92,19.7,1.2,42.3,1.5,Western Europe,NLD,survey
Netherlands,2009,26.2,0.7,46.4,0.88,20.2,1.1,43.5,1.4,Western Europe,NLD,survey
Netherlands,2010,25.9,0.67,46.4,0.87,20.5,1.1,44.2,1.4,Western Europe,NLD,survey
Netherlands,2011,25.9,0.69,46.5,0.9,20.6,1.1,44.3,1.4,Western Europe,NLD,survey
Netherlands,2012,26.0,0.74,46.9,0.9,20.9,1.2,44.6,1.5,Western Europe,NLD,survey
Netherlands,2013,26.4,0.78,47.5,0.91,21.1,1.2,44.4,1.5,Western Europe,NLD,survey
Netherlands,2014,26.9,0.78,48.1,0.88,21.2,1.2,44.1,1.5,Western Europe,NLD,survey
Netherlands,2015,27.1,0.73,48.3,0.83,21.2,1.1,43.9,1.4,Western Europe,NLD,survey
Netherlands,2016,27.3,0.69,48.4,0.78,21.1,1.0,43.6,1.3,Western Europe,NLD,survey
Netherlands,2017,27.4,0.74,48.4,0.79,21.0,1.1,43.4,1.4,Western Europe,NLD,survey
Netherlands,2018,27.3,0.65,48.4,0.86,21.1,1.1,43.6,1.4,Western Europe,NLD,survey
Netherlands,2019,27.7,0.78,48.5,0.88,20.8,1.2,42.9,1.5,Western Europe,NLD,survey
Netherlands,2020,27.4,0.78,48.2,0.84,20.8,1.1,43.2,1.4,Western Europe,NLD,survey
Netherlands,2021,27.1,0.78,47.9,0.86,20.8,1.2,43.4,1.5,Western Europe,NLD,survey
Netherlands,2022,27.0,0.89,47.6,1.16,20.6,1.5,43.3,1.9,Western Europe,NLD,survey
Netherlands,2023,26.9,1.05,47.4,1.43,20.5,1.8,43.2,2.3,Western Europe,NLD,survey
New Zealand,1982,26.9,0.34,41.3,2.74,14.4,2.8,34.9,3.9,Oceania,NZL,survey
New Zealand,1983,26.8,0.94,41.5,2.6,14.7,2.8,35.4,3.8,Oceania,NZL,survey
New Zealand,1984,26.7,0.96,41.7,2.48,15.0,2.7,36.0,3.7,Oceania,NZL,survey
New Zealand,1985,26.7,0.83,41.9,2.35,15.2,2.5,36.3,3.4,Oceania,NZL,survey
New Zealand,1986,26.5,0.34,42.1,2.31,15.6,2.3,37.1,3.3,Oceania,NZL,survey
New Zealand,1987,27.2,0.95,42.5,2.25,15.3,2.4,36.0,3.3,Oceania,NZL,survey
New Zealand,1988,28.0,1.01,42.9,2.21,14.9,2.4,34.7,3.3,Oceania,NZL,survey
New Zealand,1989,29.2,1.03,43.4,2.16,14.2,2.4,32.7,3.2,Oceania,NZL,survey
New Zealand,1990,30.5,0.8,43.9,2.08,13.4,2.2,30.5,3.0,Oceania,NZL,survey
New Zealand,1991,31.5,0.34,44.3,2.11,12.8,2.1,28.9,3.0,Oceania,NZL,survey
New Zealand,1992,31.6,0.92,44.7,2.13,13.1,2.3,29.3,3.1,Oceania,NZL,survey
New Zealand,1993,32.0,1.07,45.1,2.14,13.1,2.4,29.0,3.2,Oceania,NZL,survey
New Zealand,1994,32.2,1.03,45.6,2.13,13.4,2.4,29.4,3.2,Oceania,NZL,survey
New Zealand,1995,32.7,0.85,46.0,2.14,13.3,2.3,28.9,3.1,Oceania,NZL,survey
New Zealand,1996,33.1,0.34,46.3,2.16,13.2,2.2,28.5,3.1,Oceania,NZL,survey
New Zealand,1997,33.0,0.98,46.5,2.19,13.5,2.4,29.0,3.2,Oceania,NZL,survey
New Zealand,1998,32.9,1.17,46.8,2.25,13.9,2.5,29.7,3.4,Oceania,NZL,survey
New Zealand,1999,32.9,1.3,47.0,2.24,14.1,2.6,30.0,3.4,Oceania,NZL,survey
New Zealand,2000,32.9,1.24,47.2,2.22,14.3,2.5,30.3,3.3,Oceania,NZL,survey
New Zealand,2001,32.8,1.33,47.3,2.23,14.5,2.6,30.7,3.4,Oceania,NZL,survey
New Zealand,2002,32.7,1.38,47.4,2.23,14.7,2.6,31.0,3.4,Oceania,NZL,survey
New Zealand,2003,32.6,1.28,47.5,2.19,14.9,2.5,31.4,3.3,Oceania,NZL,survey
New Zealand,2004,32.5,1.32,47.6,2.17,15.1,2.5,31.7,3.3,Oceania,NZL,survey
New Zealand,2005,32.4,1.35,47.6,2.14,15.2,2.5,31.9,3.3,Oceania,NZL,survey
New Zealand,2006,32.4,1.18,47.6,2.05,15.2,2.4,31.9,3.2,Oceania,NZL,survey
New Zealand,2007,32.3,1.0,47.6,1.96,15.3,2.2,32.1,2.9,Oceania,NZL,survey
New Zealand,2008,32.0,0.97,47.7,1.88,15.7,2.1,32.9,2.8,Oceania,NZL,survey
New Zealand,2009,32.0,1.0,47.7,1.86,15.7,2.1,32.9,2.8,Oceania,NZL,survey
New Zealand,2010,32.0,0.95,47.7,1.82,15.7,2.1,32.9,2.8,Oceania,NZL,survey
New Zealand,2011,32.1,0.95,47.8,1.81,15.7,2.0,32.8,2.7,Oceania,NZL,survey
New Zealand,2012,32.3,0.97,47.9,1.85,15.6,2.1,32.6,2.8,Oceania,NZL,survey
New Zealand,2013,32.7,1.01,48.0,1.92,15.3,2.2,31.9,2.9,Oceania,NZL,survey
New Zealand,2014,32.8,0.97,48.1,1.93,15.3,2.2,31.8,2.9,Oceania,NZL,survey
New Zealand,2015,32.7,1.04,48.1,2.02,15.4,2.3,32.0,3.1,Oceania,NZL,survey
New Zealand,2016,32.5,1.07,48.0,2.07,15.5,2.3,32.3,3.1,Oceania,NZL,survey
New Zealand,2017,32.4,1.07,48.0,2.1,15.6,2.4,32.5,3.2,Oceania,NZL,survey
New Zealand,2018,32.0,1.05,47.9,2.15,15.9,2.4,33.2,3.2,Oceania,NZL,survey
New Zealand,2019,31.6,1.07,47.8,2.19,16.2,2.4,33.9,3.2,Oceania,NZL,survey
New Zealand,2020,31.2,1.1,47.7,2.29,16.5,2.5,34.6,3.4,Oceania,NZL,survey
New Zealand,2021,30.9,1.15,47.6,2.42,16.7,2.7,35.1,3.6,Oceania,NZL,survey
New Zealand,2022,31.2,1.28,47.6,2.59,16.4,2.9,34.5,3.9,Oceania,NZL,survey
Niger,1992,39.4,3.1,40.8,3.36,1.3999999999999986,,0.03431372549019605,,Sub-Saharan Africa,NER,derived
Niger,1993,39.5,3.04,41.0,3.3,1.5,,0.036585365853658534,,Sub-Saharan Africa,NER,derived
Niger,1994,39.7,2.98,41.1,3.23,1.3999999999999986,,0.03406326034063257,,Sub-Saharan Africa,NER,derived
Niger,1995,39.7,2.97,41.1,3.22,1.3999999999999986,,0.03406326034063257,,Sub-Saharan Africa,NER,derived
Niger,1996,39.7,2.97,41.2,3.17,1.5,,0.03640776699029126,,Sub-Saharan Africa,NER,derived
Niger,1997,39.8,2.95,41.2,3.14,1.4000000000000057,,0.03398058252427198,,Sub-Saharan Africa,NER,derived
Niger,1998,39.8,2.93,41.3,3.11,1.5,,0.036319612590799036,,Sub-Saharan Africa,NER,derived
Niger,1999,39.8,2.9,41.3,3.07,1.5,,0.036319612590799036,,Sub-Saharan Africa,NER,derived
Niger,2000,39.9,2.82,41.3,3.0,1.3999999999999986,,0.03389830508474573,,Sub-Saharan Africa,NER,derived
Niger,2001,39.9,2.73,41.4,2.91,1.5,,0.036231884057971016,,Sub-Saharan Africa,NER,derived
Niger,2002,39.9,2.63,41.4,2.8,1.5,,0.036231884057971016,,Sub-Saharan Africa,NER,derived
Niger,2003,40.0,2.5,41.4,2.68,1.3999999999999986,,0.03381642512077292,,Sub-Saharan Africa,NER,derived
Niger,2004,40.0,2.37,41.5,2.55,1.5,,0.03614457831325301,,Sub-Saharan Africa,NER,derived
Niger,2005,40.1,2.21,41.5,2.38,1.3999999999999986,,0.03373493975903611,,Sub-Saharan Africa,NER,derived
Niger,2006,39.6,2.19,41.1,2.37,1.5,,0.0364963503649635,,Sub-Saharan Africa,NER,derived
Niger,2007,39.1,2.12,40.7,2.3,1.6000000000000014,,0.039312039312039346,,Sub-Saharan Africa,NER,derived
Niger,2008,38.7,2.17,40.3,2.36,1.5999999999999943,,0.03970223325062021,,Sub-Saharan Africa,NER,derived
Niger,2009,38.3,2.18,39.9,2.39,1.6000000000000014,,0.040100250626566455,,Sub-Saharan Africa,NER,derived
Niger,2010,37.8,2.18,39.5,2.39,1.7000000000000028,,0.043037974683544374,,Sub-Saharan Africa,NER,derived
Niger,2011,37.4,2.12,39.1,2.36,1.7000000000000028,,0.043478260869565286,,Sub-Saharan Africa,NER,derived
Niger,2012,37.3,2.2,39.0,2.44,1.7000000000000028,,0.043589743589743664,,Sub-Saharan Africa,NER,derived
Niger,2013,37.2,2.24,38.9,2.51,1.6999999999999957,,0.04370179948586107,,Sub-Saharan Africa,NER,derived
Niger,2014,37.1,2.25,38.8,2.51,1.6999999999999957,,0.043814432989690615,,Sub-Saharan Africa,NER,derived
Niger,2015,37.0,2.38,38.7,2.63,1.7000000000000028,,0.04392764857881144,,Sub-Saharan Africa,NER,derived
Niger,2016,37.0,2.48,38.7,2.74,1.7000000000000028,,0.04392764857881144,,Sub-Saharan Africa,NER,derived
Niger,2017,37.0,2.56,38.7,2.83,1.7000000000000028,,0.04392764857881144,,Sub-Saharan Africa,NER,derived
Niger,2018,36.9,2.62,38.6,2.89,1.7000000000000028,,0.044041450777202146,,Sub-Saharan Africa,NER,derived
Niger,2019,36.9,2.75,38.6,3.02,1.7000000000000028,,0.044041450777202146,,Sub-Saharan Africa,NER,derived
Niger,2020,36.8,2.87,38.5,3.15,1.7000000000000028,,0.04415584415584423,,Sub-Saharan Africa,NER,derived
Niger,2021,36.7,2.98,38.4,3.26,1.6999999999999957,,0.044270833333333225,,Sub-Saharan Africa,NER,derived
Nigeria,1985,42.2,3.55,43.6,3.66,1.3999999999999986,,0.03211009174311923,,Sub-Saharan Africa,NGA,derived
Nigeria,1986,42.4,3.52,43.8,3.63,1.3999999999999986,,0.031963470319634674,,Sub-Saharan Africa,NGA,derived
Nigeria,1987,42.5,3.46,43.9,3.61,1.3999999999999986,,0.03189066059225509,,Sub-Saharan Africa,NGA,derived
Nigeria,1988,42.7,3.42,44.1,3.54,1.3999999999999986,,0.03174603174603171,,Sub-Saharan Africa,NGA,derived
Nigeria,1989,42.8,3.36,44.2,3.45,1.4000000000000057,,0.031674208144796503,,Sub-Saharan Africa,NGA,derived
Nigeria,1990,43.0,3.31,44.4,3.36,1.3999999999999986,,0.0315315315315315,,Sub-Saharan Africa,NGA,derived
Nigeria,1991,43.1,3.22,44.5,3.28,1.3999999999999986,,0.03146067415730334,,Sub-Saharan Africa,NGA,derived
Nigeria,1992,43.3,3.1,44.7,3.19,1.4000000000000057,,0.03131991051454151,,Sub-Saharan Africa,NGA,derived
Nigeria,1993,43.3,3.04,44.7,3.16,1.4000000000000057,,0.03131991051454151,,Sub-Saharan Africa,NGA,derived
Nigeria,1994,43.4,3.0,44.8,3.11,1.3999999999999986,,0.03124999999999997,,Sub-Saharan Africa,NGA,derived
Nigeria,1995,43.4,2.93,44.9,3.04,1.5,,0.0334075723830735,,Sub-Saharan Africa,NGA,derived
Nigeria,1996,43.5,2.85,44.9,2.95,1.3999999999999986,,0.031180400890868567,,Sub-Saharan Africa,NGA,derived
Nigeria,1997,43.3,2.8,44.7,2.91,1.4000000000000057,,0.03131991051454151,,Sub-Saharan Africa,NGA,derived
Nigeria,1998,43.1,2.76,44.6,2.85,1.5,,0.033632286995515695,,Sub-Saharan Africa,NGA,derived
Nigeria,1999,42.9,2.68,44.5,2.79,1.6000000000000014,,0.03595505617977531,,Sub-Saharan Africa,NGA,derived
Nigeria,2000,42.8,2.59,44.3,2.71,1.5,,0.033860045146726865,,Sub-Saharan Africa,NGA,derived
Nigeria,2001,42.6,2.47,44.1,2.6,1.5,,0.03401360544217687,,Sub-Saharan Africa,NGA,derived
Nigeria,2002,42.4,2.32,44.0,2.44,1.6000000000000014,,0.0363636363636364,,Sub-Saharan Africa,NGA,derived
Nigeria,2003,42.2,2.15,43.8,2.28,1.5999999999999943,,0.03652968036529668,,Sub-Saharan Africa,NGA,derived
Nigeria,2004,42.1,2.13,43.7,2.28,1.6000000000000014,,0.03661327231121284,,Sub-Saharan Africa,NGA,derived
Nigeria,2005,41.9,2.18,43.5,2.32,1.6000000000000014,,0.03678160919540233,,Sub-Saharan Africa,NGA,derived
Nigeria,2006,41.8,2.22,43.3,2.39,1.5,,0.034642032332563515,,Sub-Saharan Africa,NGA,derived
Nigeria,2007,41.6,2.24,43.1,2.39,1.5,,0.03480278422273782,,Sub-Saharan Africa,NGA,derived
Nigeria,2008,41.4,2.22,42.9,2.37,1.5,,0.03496503496503497,,Sub-Saharan Africa,NGA,derived
Nigeria,2009,41.2,2.16,42.7,2.3,1.5,,0.0351288056206089,,Sub-Saharan Africa,NGA,derived
Nigeria,2010,40.9,2.12,42.5,2.26,1.6000000000000014,,0.03764705882352944,,Sub-Saharan Africa,NGA,derived
Nigeria,2011,40.6,2.2,42.1,2.35,1.5,,0.035629453681710214,,Sub-Saharan Africa,NGA,derived
Nigeria,2012,40.2,2.27,41.8,2.4,1.5999999999999943,,0.038277511961722355,,Sub-Saharan Africa,NGA,derived
Nigeria,2013,40.0,2.38,41.5,2.51,1.5,,0.03614457831325301,,Sub-Saharan Africa,NGA,derived
Nigeria,2014,39.7,2.46,41.3,2.59,1.5999999999999943,,0.03874092009685216,,Sub-Saharan Africa,NGA,derived
Nigeria,2015,39.4,2.52,41.1,2.66,1.7000000000000028,,0.04136253041362537,,Sub-Saharan Africa,NGA,derived
Nigeria,2016,39.2,2.6,40.9,2.77,1.6999999999999957,,0.04156479217603902,,Sub-Saharan Africa,NGA,derived
Nigeria,2017,39.0,2.69,40.7,2.86,1.7000000000000028,,0.04176904176904184,,Sub-Saharan Africa,NGA,derived
Nigeria,2018,38.9,2.73,40.5,2.93,1.6000000000000014,,0.03950617283950621,,Sub-Saharan Africa,NGA,derived
Nigeria,2019,38.7,2.87,40.4,3.07,1.6999999999999957,,0.04207920792079198,,Sub-Saharan Africa,NGA,derived
Nigeria,2020,38.6,2.98,40.3,3.19,1.6999999999999957,,0.04218362282878402,,Sub-Saharan Africa,NGA,derived
Nigeria,2021,38.5,3.07,40.2,3.31,1.7000000000000028,,0.04228855721393041,,Sub-Saharan Africa,NGA,derived
Nigeria,2022,38.4,3.17,40.1,3.4,1.7000000000000028,,0.04239401496259359,,Sub-Saharan Africa,NGA,derived
Norway,1970,26.1,1.44,43.5,2.21,17.4,,0.39999999999999997,,Nordic,NOR,derived
Norway,1971,26.4,1.57,43.4,2.15,17.0,,0.391705069124424,,Nordic,NOR,derived
Norway,1972,26.7,1.54,43.4,2.05,16.7,,0.3847926267281106,,Nordic,NOR,derived
Norway,1973,27.0,1.38,43.4,1.92,16.4,,0.3778801843317972,,Nordic,NOR,derived
Norway,1974,26.6,1.47,42.9,1.88,16.299999999999997,,0.3799533799533799,,Nordic,NOR,derived
Norway,1975,26.2,1.44,42.3,1.78,16.1,2.3,38.1,2.9,Nordic,NOR,survey
Norway,1976,25.8,1.21,41.7,1.64,15.9,2.0,38.1,2.6,Nordic,NOR,survey
Norway,1977,24.9,1.26,40.7,1.53,15.8,2.0,38.8,2.5,Nordic,NOR,survey
Norway,1978,24.1,1.14,39.6,1.32,15.5,1.7,39.1,2.2,Nordic,NOR,survey
Norway,1979,23.3,0.72,38.6,0.94,15.3,1.2,39.6,1.5,Nordic,NOR,survey
Norway,1980,23.8,1.08,38.9,1.27,15.1,1.7,38.8,2.1,Nordic,NOR,survey
Norway,1981,24.3,1.19,39.1,1.43,14.8,1.9,37.9,2.4,Nordic,NOR,survey
Norway,1982,24.9,1.06,39.4,1.45,14.5,1.8,36.8,2.3,Nordic,NOR,survey
Norway,1983,24.7,1.2,38.9,1.48,14.2,1.9,36.5,2.4,Nordic,NOR,survey
Norway,1984,24.5,1.17,38.4,1.41,13.9,1.8,36.2,2.3,Nordic,NOR,survey
Norway,1985,24.1,1.05,37.9,1.26,13.8,1.6,36.4,2.0,Nordic,NOR,survey
Norway,1986,23.3,0.71,37.2,0.93,13.9,1.2,37.4,1.5,Nordic,NOR,survey
Norway,1987,22.4,0.74,37.4,1.01,15.0,1.3,40.1,1.6,Nordic,NOR,survey
Norway,1988,22.0,0.73,37.6,1.04,15.6,1.3,41.5,1.7,Nordic,NOR,survey
Norway,1989,22.8,0.8,38.4,1.09,15.6,1.4,40.6,1.8,Nordic,NOR,survey
Norway,1990,22.8,0.78,38.8,1.04,16.0,1.3,41.2,1.7,Nordic,NOR,survey
Norway,1991,23.0,0.85,39.3,0.97,16.3,1.3,41.5,1.6,Nordic,NOR,survey
Norway,1992,23.0,0.81,39.8,1.08,16.8,1.4,42.2,1.8,Nordic,NOR,survey
Norway,1993,23.4,0.85,40.6,1.12,17.2,1.4,42.4,1.8,Nordic,NOR,survey
Norway,1994,24.0,0.79,41.4,1.07,17.4,1.3,42.0,1.7,Nordic,NOR,survey
Norway,1995,24.2,0.76,42.1,0.97,17.9,1.2,42.5,1.5,Nordic,NOR,survey
Norway,1996,24.5,0.85,42.4,1.1,17.9,1.4,42.2,1.8,Nordic,NOR,survey
Norway,1997,24.7,0.86,42.6,1.15,17.9,1.4,42.0,1.8,Nordic,NOR,survey
Norway,1998,24.4,0.82,42.6,1.12,18.2,1.4,42.7,1.8,Nordic,NOR,survey
Norway,1999,24.6,0.85,42.8,1.09,18.2,1.4,42.5,1.8,Nordic,NOR,survey
Norway,2000,24.9,0.83,43.2,0.95,18.3,1.3,42.4,1.6,Nordic,NOR,survey
Norway,2001,24.6,0.81,43.4,1.05,18.8,1.3,43.3,1.7,Nordic,NOR,survey
Norway,2002,25.9,0.84,44.8,1.08,18.9,1.4,42.2,1.8,Nordic,NOR,survey
Norway,2003,26.6,0.78,45.8,1.01,19.2,1.3,41.9,1.6,Nordic,NOR,survey
Norway,2004,26.4,0.81,46.0,0.86,19.6,1.2,42.6,1.5,Nordic,NOR,survey
Norway,2005,26.4,0.94,45.8,1.04,19.4,1.4,42.4,1.7,Nordic,NOR,survey
Norway,2006,25.4,0.83,45.0,0.95,19.6,1.3,43.6,1.6,Nordic,NOR,survey
Norway,2007,24.7,0.24,44.4,0.35,19.7,0.4,44.4,0.5,Nordic,NOR,survey
Norway,2008,24.6,0.62,44.2,0.82,19.6,1.0,44.3,1.3,Nordic,NOR,survey
Norway,2009,24.5,0.61,44.3,0.82,19.8,1.0,44.7,1.3,Nordic,NOR,survey
Norway,2010,24.7,0.23,45.1,0.29,20.4,0.4,45.2,0.5,Nordic,NOR,survey
Norway,2011,24.7,0.67,44.7,0.83,20.0,1.1,44.7,1.4,Nordic,NOR,survey
Norway,2012,24.8,0.7,44.8,0.84,20.0,1.1,44.6,1.4,Nordic,NOR,survey
Norway,2013,25.2,0.21,45.2,0.29,20.0,0.4,44.2,0.5,Nordic,NOR,survey
Norway,2014,25.4,0.69,45.5,0.84,20.1,1.1,44.2,1.4,Nordic,NOR,survey
Norway,2015,25.8,0.7,46.1,0.84,20.3,1.1,44.0,1.4,Nordic,NOR,survey
Norway,2016,26.0,0.21,46.6,0.29,20.6,0.4,44.2,0.5,Nordic,NOR,survey
Norway,2017,25.8,0.68,46.3,0.87,20.5,1.1,44.3,1.4,Nordic,NOR,survey
Norway,2018,25.9,0.68,46.4,0.84,20.5,1.1,44.2,1.4,Nordic,NOR,survey
Norway,2019,26.0,0.15,46.7,0.23,20.7,0.3,44.3,0.4,Nordic,NOR,survey
Norway,2020,26.3,0.15,47.9,0.23,21.6,0.3,45.1,0.4,Nordic,NOR,survey
Norway,2021,27.8,0.18,49.1,0.23,21.3,0.3,43.4,0.4,Nordic,NOR,survey
Norway,2022,26.1,0.15,47.4,0.23,21.3,0.3,44.9,0.4,Nordic,NOR,survey
Norway,2023,25.7,0.91,47.0,1.07,21.3,1.4,45.3,1.8,Nordic,NOR,survey
Pakistan,1964,33.9,2.0,35.2,2.31,1.3000000000000043,,0.0369318181818183,,South Asia,PAK,derived
Pakistan,1965,33.8,1.92,35.2,2.19,1.4000000000000057,,0.03977272727272743,,South Asia,PAK,derived
Pakistan,1966,33.7,1.79,35.1,2.05,1.3999999999999986,,0.039886039886039844,,South Asia,PAK,derived
Pakistan,1967,33.6,1.59,35.0,1.88,1.3999999999999986,,0.03999999999999996,,South Asia,PAK,derived
Pakistan,1968,33.2,1.59,34.7,1.88,1.5,,0.04322766570605187,,South Asia,PAK,derived
Pakistan,1969,32.8,1.49,34.5,1.8,1.7000000000000028,,0.049275362318840665,,South Asia,PAK,derived
Pakistan,1970,32.6,1.46,34.3,1.74,1.6999999999999957,,0.04956268221574332,,South Asia,PAK,derived
Pakistan,1971,32.4,1.44,34.2,1.73,1.8000000000000043,,0.05263157894736854,,South Asia,PAK,derived
Pakistan,1972,32.6,1.57,34.2,1.87,1.6000000000000014,,0.04678362573099419,,South Asia,PAK,derived
Pakistan,1973,32.7,1.8,34.3,2.05,1.5999999999999943,,0.04664723032069955,,South Asia,PAK,derived
Pakistan,1974,32.9,1.93,34.4,2.19,1.5,,0.0436046511627907,,South Asia,PAK,derived
Pakistan,1975,33.0,2.01,34.5,2.26,1.5,,0.043478260869565216,,South Asia,PAK,derived
Pakistan,1976,33.2,2.06,34.6,2.32,1.3999999999999986,,0.0404624277456647,,South Asia,PAK,derived
Pakistan,1977,33.4,2.06,34.7,2.34,1.3000000000000043,,0.03746397694524508,,South Asia,PAK,derived
Pakistan,1978,33.5,2.05,34.8,2.32,1.2999999999999972,,0.03735632183908038,,South Asia,PAK,derived
Pakistan,1979,33.7,1.98,34.9,2.26,1.1999999999999957,,0.03438395415472767,,South Asia,PAK,derived
Pakistan,1980,33.8,2.06,34.9,2.3,1.1000000000000014,,0.03151862464183385,,South Asia,PAK,derived
Pakistan,1981,33.8,2.08,34.9,2.31,1.1000000000000014,,0.03151862464183385,,South Asia,PAK,derived
Pakistan,1982,33.9,2.06,35.0,2.29,1.1000000000000014,,0.03142857142857147,,South Asia,PAK,derived
Pakistan,1983,33.9,2.02,35.0,2.25,1.1000000000000014,,0.03142857142857147,,South Asia,PAK,derived
Pakistan,1984,34.0,1.92,35.0,2.18,1.0,,0.02857142857142857,,South Asia,PAK,derived
Pakistan,1985,34.1,1.76,35.0,2.04,0.8999999999999986,,0.025714285714285672,,South Asia,PAK,derived
Pakistan,1986,34.1,1.62,35.0,1.91,0.8999999999999986,,0.025714285714285672,,South Asia,PAK,derived
Pakistan,1987,34.1,1.49,35.0,1.81,0.8999999999999986,,0.025714285714285672,,South Asia,PAK,derived
Pakistan,1988,34.2,1.55,35.0,1.83,0.7999999999999972,,0.022857142857142777,,South Asia,PAK,derived
Pakistan,1989,34.4,1.65,35.0,1.91,0.6000000000000014,,0.017142857142857182,,South Asia,PAK,derived
Pakistan,1990,34.6,1.68,35.0,1.91,0.3999999999999986,,0.011428571428571389,,South Asia,PAK,derived
Pakistan,1991,34.6,1.76,35.0,1.99,0.3999999999999986,,0.011428571428571389,,South Asia,PAK,derived
Pakistan,1992,34.4,1.83,34.8,2.07,0.3999999999999986,,0.011494252873563178,,South Asia,PAK,derived
Pakistan,1993,34.3,1.84,34.7,2.09,0.4000000000000057,,0.011527377521613995,,South Asia,PAK,derived
Pakistan,1994,34.2,1.91,34.6,2.14,0.3999999999999986,,0.011560693641618455,,South Asia,PAK,derived
Pakistan,1995,34.1,1.92,34.5,2.13,0.3999999999999986,,0.011594202898550683,,South Asia,PAK,derived
Pakistan,1996,34.1,1.89,34.4,2.1,0.29999999999999716,,0.008720930232558058,,South Asia,PAK,derived
Pakistan,1997,34.1,1.89,34.5,2.08,0.3999999999999986,,0.011594202898550683,,South Asia,PAK,derived
Pakistan,1998,34.2,1.86,34.5,2.04,0.29999999999999716,,0.00869565217391296,,South Asia,PAK,derived
Pakistan,1999,34.2,1.82,34.5,2.03,0.29999999999999716,,0.00869565217391296,,South Asia,PAK,derived
Pakistan,2000,34.0,1.8,34.4,2.01,0.3999999999999986,,0.011627906976744146,,South Asia,PAK,derived
Pakistan,2001,33.8,1.71,34.2,1.95,0.4000000000000057,,0.011695906432748704,,South Asia,PAK,derived
Pakistan,2002,34.1,1.7,34.4,1.96,0.29999999999999716,,0.008720930232558058,,South Asia,PAK,derived
Pakistan,2003,34.2,1.72,34.4,1.96,0.19999999999999574,,0.005813953488371969,,South Asia,PAK,derived
Pakistan,2004,34.2,1.66,34.4,1.91,0.19999999999999574,,0.005813953488371969,,South Asia,PAK,derived
Pakistan,2005,34.3,1.65,34.5,1.91,0.20000000000000284,,0.005797101449275445,,South Asia,PAK,derived
Pakistan,2006,34.2,1.71,34.4,1.95,0.19999999999999574,,0.005813953488371969,,South Asia,PAK,derived
Pakistan,2007,34.2,1.69,34.4,1.94,0.19999999999999574,,0.005813953488371969,,South Asia,PAK,derived
Pakistan,2008,34.3,1.75,34.4,1.99,0.10000000000000142,,0.002906976744186088,,South Asia,PAK,derived
Pakistan,2009,34.1,1.82,34.3,2.04,0.19999999999999574,,0.005830903790087339,,South Asia,PAK,derived
Pakistan,2010,34.0,1.83,34.2,2.04,0.20000000000000284,,0.005847953216374352,,South Asia,PAK,derived
Pakistan,2011,34.1,1.84,34.2,2.08,0.10000000000000142,,0.002923976608187176,,South Asia,PAK,derived
Pakistan,2012,34.0,1.94,34.1,2.19,0.10000000000000142,,0.0029325513196481355,,South Asia,PAK,derived
Pakistan,2013,33.9,1.99,34.0,2.26,0.10000000000000142,,0.002941176470588277,,South Asia,PAK,derived
Pakistan,2014,34.0,2.11,34.0,2.35,0.0,,0.0,,South Asia,PAK,derived
Pakistan,2015,34.0,2.18,34.0,2.43,0.0,,0.0,,South Asia,PAK,derived
Pakistan,2016,34.0,2.29,33.9,2.57,-0.10000000000000142,,-0.0029498525073746733,,South Asia,PAK,derived
Pakistan,2017,34.0,2.38,33.9,2.68,-0.10000000000000142,,-0.0029498525073746733,,South Asia,PAK,derived
Pakistan,2018,34.0,2.45,33.9,2.77,-0.10000000000000142,,-0.0029498525073746733,,South Asia,PAK,derived
Pakistan,2019,34.1,2.61,33.9,2.91,-0.20000000000000284,,-0.005899705014749347,,South Asia,PAK,derived
Pakistan,2020,34.2,2.73,33.9,3.06,-0.30000000000000426,,-0.00884955752212402,,South Asia,PAK,derived
Pakistan,2021,34.3,2.85,34.0,3.17,-0.29999999999999716,,-0.008823529411764622,,South Asia,PAK,derived
Pakistan,2022,34.4,2.95,34.0,3.28,-0.3999999999999986,,-0.0117647058823529,,South Asia,PAK,derived
Pakistan,2023,34.5,3.02,34.1,3.36,-0.3999999999999986,,-0.011730205278592334,,South Asia,PAK,derived
Pakistan,2024,34.6,3.07,34.1,3.46,-0.5,,-0.014662756598240468,,South Asia,PAK,derived
Panama,1970,31.4,0.62,35.2,0.76,3.8000000000000043,,0.10795454545454557,,Latin America & Caribbean,PAN,derived
Panama,1971,32.6,1.2,36.3,1.31,3.6999999999999957,,0.10192837465564727,,Latin America & Caribbean,PAN,derived
Panama,1972,33.7,1.52,37.3,1.65,3.5999999999999943,,0.09651474530831085,,Latin America & Caribbean,PAN,derived
Panama,1973,34.8,1.76,38.4,1.91,3.6000000000000014,,0.09375000000000004,,Latin America & Caribbean,PAN,derived
Panama,1974,36.0,1.94,39.5,2.09,3.5,,0.08860759493670886,,Latin America & Caribbean,PAN,derived
Panama,1975,37.1,2.05,40.5,2.23,3.3999999999999986,,0.08395061728395058,,Latin America & Caribbean,PAN,derived
Panama,1976,38.2,2.12,41.6,2.33,3.3999999999999986,,0.08173076923076919,,Latin America & Caribbean,PAN,derived
Panama,1977,39.3,2.18,42.6,2.39,3.3000000000000043,,0.07746478873239446,,Latin America & Caribbean,PAN,derived
Panama,1978,40.5,2.18,43.7,2.41,3.200000000000003,,0.07322654462242568,,Latin America & Caribbean,PAN,derived
Panama,1979,41.6,2.18,44.7,2.39,3.1000000000000014,,0.06935123042505596,,Latin America & Caribbean,PAN,derived
Panama,1980,42.6,2.21,45.7,2.41,3.1000000000000014,,0.0678336980306346,,Latin America & Caribbean,PAN,derived
Panama,1981,43.5,2.21,46.6,2.39,3.1000000000000014,,0.06652360515021462,,Latin America & Caribbean,PAN,derived
Panama,1982,44.5,2.19,47.6,2.36,3.1000000000000014,,0.0651260504201681,,Latin America & Caribbean,PAN,derived
Panama,1983,45.4,2.12,48.6,2.3,3.200000000000003,,0.06584362139917702,,Latin America & Caribbean,PAN,derived
Panama,1984,46.4,2.02,49.5,2.2,3.1000000000000014,,0.06262626262626265,,Latin America & Caribbean,PAN,derived
Panama,1985,47.4,1.89,50.5,2.06,3.1,2.8,6.1,3.5,Latin America & Caribbean,PAN,survey
Panama,1986,48.3,1.71,51.4,1.85,3.1,2.5,6.0,3.1,Latin America & Caribbean,PAN,survey
Panama,1987,49.3,1.52,52.3,1.64,3.0,2.2,5.7,2.7,Latin America & Caribbean,PAN,survey
Panama,1988,50.2,1.23,53.2,1.35,3.0,1.8,5.6,2.2,Latin America & Caribbean,PAN,survey
Panama,1989,51.2,0.7,54.2,0.87,3.0,1.1,5.5,1.4,Latin America & Caribbean,PAN,survey
Panama,1990,51.5,0.96,54.5,1.06,3.0,1.4,5.5,1.8,Latin America & Caribbean,PAN,survey
Panama,1991,51.8,0.71,54.9,0.86,3.1,1.1,5.6,1.4,Latin America & Caribbean,PAN,survey
Panama,1992,51.8,1.1,54.9,1.2,3.1,1.6,5.6,2.0,Latin America & Caribbean,PAN,survey
Panama,1993,51.7,1.22,54.9,1.3,3.2,1.8,5.8,2.2,Latin America & Caribbean,PAN,survey
Panama,1994,51.7,1.09,54.9,1.19,3.2,1.6,5.8,2.0,Latin America & Caribbean,PAN,survey
Panama,1995,51.7,0.67,54.9,0.81,3.2,1.1,5.8,1.4,Latin America & Caribbean,PAN,survey
Panama,1996,52.1,0.83,55.3,0.89,3.2,1.2,5.8,1.5,Latin America & Caribbean,PAN,survey
Panama,1997,52.3,0.88,55.5,0.95,3.2,1.3,5.8,1.6,Latin America & Caribbean,PAN,survey
Panama,1998,51.9,0.85,55.4,0.95,3.5,1.3,6.3,1.6,Latin America & Caribbean,PAN,survey
Panama,1999,51.7,0.78,55.2,0.96,3.5,1.2,6.3,1.5,Latin America & Caribbean,PAN,survey
Panama,2000,51.9,0.82,55.3,0.96,3.4,1.3,6.1,1.6,Latin America & Caribbean,PAN,survey
Panama,2001,51.9,0.77,55.0,0.9,3.1,1.2,5.6,1.5,Latin America & Caribbean,PAN,survey
Panama,2002,51.8,0.78,54.8,0.87,3.0,1.2,5.5,1.5,Latin America & Caribbean,PAN,survey
Panama,2003,51.5,0.83,54.5,0.87,3.0,1.2,5.5,1.5,Latin America & Caribbean,PAN,survey
Panama,2004,50.9,0.78,53.9,0.87,3.0,1.2,5.6,1.5,Latin America & Caribbean,PAN,survey
Panama,2005,50.3,0.77,53.2,0.86,2.9,1.2,5.5,1.5,Latin America & Caribbean,PAN,survey
Panama,2006,49.9,0.81,52.9,0.9,3.0,1.2,5.7,1.5,Latin America & Caribbean,PAN,survey
Panama,2007,49.0,0.86,52.3,0.9,3.3,1.2,6.3,1.5,Latin America & Caribbean,PAN,survey
Panama,2008,48.4,0.87,52.0,0.94,3.6,1.3,6.9,1.6,Latin America & Caribbean,PAN,survey
Panama,2009,47.9,0.87,51.9,0.94,4.0,1.3,7.7,1.6,Latin America & Caribbean,PAN,survey
Panama,2010,47.7,0.86,52.1,0.92,4.4,1.3,8.4,1.6,Latin America & Caribbean,PAN,survey
Panama,2011,47.6,0.91,52.3,1.0,4.7,1.4,9.0,1.7,Latin America & Caribbean,PAN,survey
Panama,2012,47.1,0.95,52.3,1.01,5.2,1.4,9.9,1.7,Latin America & Caribbean,PAN,survey
Panama,2013,46.6,0.95,52.0,1.05,5.4,1.4,10.4,1.8,Latin America & Caribbean,PAN,survey
Panama,2014,46.1,0.93,51.8,1.0,5.7,1.4,11.0,1.7,Latin America & Caribbean,PAN,survey
Panama,2015,46.0,0.99,52.0,1.0,6.0,1.4,11.5,1.7,Latin America & Caribbean,PAN,survey
Panama,2016,45.8,0.89,51.9,0.98,6.1,1.3,11.8,1.6,Latin America & Caribbean,PAN,survey
Panama,2017,45.6,0.97,51.8,1.06,6.2,1.4,12.0,1.8,Latin America & Caribbean,PAN,survey
Panama,2018,45.5,1.03,51.6,1.08,6.1,1.5,11.8,1.8,Latin America & Caribbean,PAN,survey
Panama,2019,45.6,1.0,51.5,1.08,5.9,1.5,11.5,1.8,Latin America & Caribbean,PAN,survey
Panama,2020,45.9,1.03,51.5,1.13,5.6,1.5,10.9,1.9,Latin America & Caribbean,PAN,survey
Panama,2021,46.2,0.73,51.4,0.86,5.2,1.1,10.1,1.4,Latin America & Caribbean,PAN,survey
Panama,2022,45.6,0.96,50.7,1.07,5.1,1.4,10.1,1.8,Latin America & Caribbean,PAN,survey
Panama,2023,45.0,0.72,50.1,0.88,5.1,1.1,10.2,1.4,Latin America & Caribbean,PAN,survey
Panama,2024,45.1,1.23,50.2,1.35,5.1,1.8,10.2,2.2,Latin America & Caribbean,PAN,survey
Paraguay,1990,37.3,0.36,47.2,0.6,9.9,0.7,21.0,0.9,Latin America & Caribbean,PRY,survey
Paraguay,1991,40.5,1.03,48.9,1.13,8.4,1.5,17.2,1.9,Latin America & Caribbean,PRY,survey
Paraguay,1992,43.8,1.26,50.6,1.34,6.8,1.8,13.4,2.2,Latin America & Caribbean,PRY,survey
Paraguay,1993,47.0,1.3,52.4,1.36,5.4,1.9,10.3,2.3,Latin America & Caribbean,PRY,survey
Paraguay,1994,50.2,1.15,54.1,1.24,3.9,1.7,7.2,2.1,Latin America & Caribbean,PRY,survey
Paraguay,1995,53.4,0.74,55.8,0.89,2.4,1.2,4.3,1.5,Latin America & Caribbean,PRY,survey
Paraguay,1996,53.4,1.11,55.3,1.2,1.9,1.6,3.4,2.0,Latin America & Caribbean,PRY,survey
Paraguay,1997,53.3,1.2,54.9,1.27,1.6,1.7,2.9,2.1,Latin America & Caribbean,PRY,survey
Paraguay,1998,53.2,1.27,54.5,1.3,1.3,1.8,2.4,2.2,Latin America & Caribbean,PRY,survey
Paraguay,1999,53.1,1.2,54.1,1.2,1.0,1.7,1.8,2.1,Latin America & Caribbean,PRY,survey
Paraguay,2000,53.0,1.1,54.0,1.11,1.0,1.6,1.9,1.9,Latin America & Caribbean,PRY,survey
Paraguay,2001,52.8,0.87,53.9,0.93,1.1,1.3,2.0,1.6,Latin America & Caribbean,PRY,survey
Paraguay,2002,52.7,1.1,53.6,1.14,0.9,1.6,1.7,2.0,Latin America & Caribbean,PRY,survey
Paraguay,2003,52.4,1.16,53.1,1.16,0.7,1.6,1.3,2.0,Latin America & Caribbean,PRY,survey
Paraguay,2004,51.7,1.22,52.4,1.24,0.7,1.7,1.3,2.1,Latin America & Caribbean,PRY,survey
Paraguay,2005,51.2,1.27,51.9,1.3,0.7,1.8,1.3,2.2,Latin America & Caribbean,PRY,survey
Paraguay,2006,50.7,1.26,51.4,1.29,0.7,1.8,1.4,2.2,Latin America & Caribbean,PRY,survey
Paraguay,2007,50.3,1.27,51.0,1.33,0.7,1.8,1.4,2.2,Latin America & Caribbean,PRY,survey
Paraguay,2008,49.9,1.28,50.6,1.34,0.7,1.9,1.4,2.3,Latin America & Caribbean,PRY,survey
Paraguay,2009,49.7,1.32,50.5,1.34,0.8,1.9,1.6,2.3,Latin America & Caribbean,PRY,survey
Paraguay,2010,49.5,1.28,50.4,1.31,0.9,1.8,1.8,2.2,Latin America & Caribbean,PRY,survey
Paraguay,2011,49.2,1.24,50.2,1.25,1.0,1.8,2.0,2.2,Latin America & Caribbean,PRY,survey
Paraguay,2012,48.6,1.15,49.7,1.23,1.1,1.7,2.2,2.1,Latin America & Caribbean,PRY,survey
Paraguay,2013,48.4,1.14,49.5,1.23,1.1,1.7,2.2,2.1,Latin America & Caribbean,PRY,survey
Paraguay,2014,48.3,1.21,49.4,1.28,1.1,1.8,2.2,2.2,Latin America & Caribbean,PRY,survey
Paraguay,2015,48.0,1.2,49.2,1.25,1.2,1.7,2.4,2.1,Latin America & Caribbean,PRY,survey
Paraguay,2016,47.7,1.2,48.9,1.2,1.2,1.7,2.5,2.1,Latin America & Caribbean,PRY,survey
Paraguay,2017,47.1,1.21,48.4,1.24,1.3,1.7,2.7,2.1,Latin America & Caribbean,PRY,survey
Paraguay,2018,46.4,1.17,47.8,1.24,1.4,1.7,2.9,2.1,Latin America & Caribbean,PRY,survey
Paraguay,2019,45.8,1.14,47.2,1.18,1.4,1.6,3.0,2.0,Latin America & Caribbean,PRY,survey
Paraguay,2020,45.3,1.08,46.7,1.1,1.4,1.5,3.0,1.9,Latin America & Caribbean,PRY,survey
Paraguay,2021,45.0,1.05,46.5,1.1,1.5,1.5,3.2,1.9,Latin America & Caribbean,PRY,survey
Paraguay,2022,45.1,0.98,46.8,1.03,1.7,1.4,3.6,1.7,Latin America & Caribbean,PRY,survey
Paraguay,2023,45.0,1.08,46.8,1.18,1.8,1.6,3.8,2.0,Latin America & Caribbean,PRY,survey
Paraguay,2024,45.0,1.31,46.9,1.46,1.9,2.0,4.1,2.5,Latin America & Caribbean,PRY,survey
Peru,1972,54.5,2.75,58.6,3.43,4.100000000000001,,0.06996587030716726,,Latin America & Caribbean,PER,derived
Peru,1973,54.5,2.79,58.6,3.44,4.100000000000001,,0.06996587030716726,,Latin America & Caribbean,PER,derived
Peru,1974,54.5,2.83,58.6,3.43,4.100000000000001,,0.06996587030716726,,Latin America & Caribbean,PER,derived
Peru,1975,54.5,2.87,58.6,3.42,4.100000000000001,,0.06996587030716726,,Latin America & Caribbean,PER,derived
Peru,1976,54.5,2.87,58.6,3.41,4.100000000000001,,0.06996587030716726,,Latin America & Caribbean,PER,derived
Peru,1977,54.4,2.84,58.6,3.37,4.200000000000003,,0.07167235494880551,,Latin America & Caribbean,PER,derived
Peru,1978,54.4,2.82,58.6,3.35,4.200000000000003,,0.07167235494880551,,Latin America & Caribbean,PER,derived
Peru,1979,54.4,2.8,58.6,3.29,4.200000000000003,,0.07167235494880551,,Latin America & Caribbean,PER,derived
Peru,1980,54.4,2.74,58.7,3.25,4.300000000000004,,0.07325383304940382,,Latin America & Caribbean,PER,derived
Peru,1981,54.4,2.68,58.7,3.2,4.300000000000004,,0.07325383304940382,,Latin America & Caribbean,PER,derived
Peru,1982,54.3,2.69,58.6,3.16,4.300000000000004,,0.07337883959044375,,Latin America & Caribbean,PER,derived
Peru,1983,54.3,2.67,58.6,3.12,4.300000000000004,,0.07337883959044375,,Latin America & Caribbean,PER,derived
Peru,1984,54.2,2.65,58.5,3.07,4.299999999999997,,0.07350427350427345,,Latin America & Caribbean,PER,derived
Peru,1985,54.1,2.58,58.5,3.0,4.4,4.0,7.5,5.0,Latin America & Caribbean,PER,survey
Peru,1986,54.0,2.59,58.4,3.0,4.4,4.0,7.5,5.0,Latin America & Caribbean,PER,survey
Peru,1987,53.8,2.58,58.3,2.95,4.5,3.9,7.7,4.9,Latin America & Caribbean,PER,survey
Peru,1988,53.7,2.58,58.2,2.92,4.5,3.9,7.7,4.9,Latin America & Caribbean,PER,survey
Peru,1989,53.5,2.51,58.1,2.84,4.6,3.8,7.9,4.7,Latin America & Caribbean,PER,survey
Peru,1990,53.4,2.44,58.0,2.76,4.6,3.7,7.9,4.6,Latin America & Caribbean,PER,survey
Peru,1991,53.2,2.35,57.9,2.65,4.7,3.5,8.1,4.4,Latin America & Caribbean,PER,survey
Peru,1992,53.1,2.22,57.8,2.53,4.7,3.4,8.1,4.2,Latin America & Caribbean,PER,survey
Peru,1993,53.0,2.05,57.7,2.35,4.7,3.1,8.1,3.9,Latin America & Caribbean,PER,survey
Peru,1994,52.8,1.84,57.7,2.18,4.9,2.9,8.5,3.6,Latin America & Caribbean,PER,survey
Peru,1995,52.6,1.66,57.5,2.02,4.9,2.6,8.5,3.3,Latin America & Caribbean,PER,survey
Peru,1996,52.3,1.42,57.4,1.85,5.1,2.3,8.9,3.0,Latin America & Caribbean,PER,survey
Peru,1997,52.1,1.07,57.2,1.6,5.1,1.9,8.9,2.5,Latin America & Caribbean,PER,survey
Peru,1998,52.1,0.99,57.2,1.45,5.1,1.8,8.9,2.3,Latin America & Caribbean,PER,survey
Peru,1999,51.7,0.95,57.0,1.37,5.3,1.7,9.3,2.2,Latin America & Caribbean,PER,survey
Peru,2000,50.6,0.92,56.6,1.3,6.0,1.6,10.6,2.1,Latin America & Caribbean,PER,survey
Peru,2001,50.9,0.87,56.6,1.23,5.7,1.5,10.1,1.9,Latin America & Caribbean,PER,survey
Peru,2002,51.8,0.87,56.9,1.15,5.1,1.4,9.0,1.8,Latin America & Caribbean,PER,survey
Peru,2003,52.4,0.83,57.1,0.97,4.7,1.3,8.2,1.6,Latin America & Caribbean,PER,survey
Peru,2004,52.3,0.98,56.3,1.06,4.0,1.4,7.1,1.8,Latin America & Caribbean,PER,survey
Peru,2005,51.7,1.02,55.4,1.1,3.7,1.5,6.7,1.9,Latin America & Caribbean,PER,survey
Peru,2006,51.0,0.97,54.5,1.01,3.5,1.4,6.4,1.7,Latin America & Caribbean,PER,survey
Peru,2007,50.4,0.9,53.6,0.9,3.2,1.3,6.0,1.6,Latin America & Caribbean,PER,survey
Peru,2008,49.4,0.8,52.7,0.84,3.3,1.2,6.3,1.5,Latin America & Caribbean,PER,survey
Peru,2009,48.6,0.85,51.8,0.86,3.2,1.2,6.2,1.5,Latin America & Caribbean,PER,survey
Peru,2010,47.9,0.87,51.1,0.9,3.2,1.3,6.3,1.6,Latin America & Caribbean,PER,survey
Peru,2011,47.1,0.83,50.4,0.8,3.3,1.2,6.5,1.4,Latin America & Caribbean,PER,survey
Peru,2012,46.5,0.79,49.8,0.77,3.3,1.1,6.6,1.3,Latin America & Caribbean,PER,survey
Peru,2013,45.8,0.7,49.4,0.7,3.6,1.0,7.3,1.2,Latin America & Caribbean,PER,survey
Peru,2014,45.3,0.69,49.1,0.71,3.8,1.0,7.7,1.2,Latin America & Caribbean,PER,survey
Peru,2015,45.1,0.75,49.2,0.76,4.1,1.1,8.3,1.3,Latin America & Caribbean,PER,survey
Peru,2016,45.0,0.7,49.2,0.71,4.2,1.0,8.5,1.2,Latin America & Caribbean,PER,survey
Peru,2017,44.6,0.69,48.7,0.72,4.1,1.0,8.4,1.2,Latin America & Caribbean,PER,survey
Peru,2018,44.3,0.67,48.4,0.71,4.1,1.0,8.5,1.2,Latin America & Caribbean,PER,survey
Peru,2019,44.0,0.61,48.1,0.68,4.1,0.9,8.5,1.1,Latin America & Caribbean,PER,survey
Peru,2020,44.6,0.61,48.6,0.69,4.0,0.9,8.2,1.1,Latin America & Caribbean,PER,survey
Peru,2021,43.5,0.63,48.2,0.68,4.7,0.9,9.8,1.1,Latin America & Caribbean,PER,survey
Peru,2022,42.3,0.62,46.3,0.72,4.0,1.0,8.6,1.2,Latin America & Caribbean,PER,survey
Peru,2023,42.0,0.63,45.7,0.73,3.7,1.0,8.1,1.2,Latin America & Caribbean,PER,survey
Peru,2024,41.7,0.7,45.3,0.8,3.6,1.1,7.9,1.4,Latin America & Caribbean,PER,survey
Philippines,1961,42.7,3.32,46.0,3.69,3.299999999999997,,0.07173913043478254,,Southeast Asia,PHL,derived
Philippines,1962,42.7,3.25,46.0,3.64,3.299999999999997,,0.07173913043478254,,Southeast Asia,PHL,derived
Philippines,1963,42.7,3.18,46.1,3.57,3.3999999999999986,,0.07375271149674617,,Southeast Asia,PHL,derived
Philippines,1964,42.8,3.12,46.2,3.48,3.4000000000000057,,0.07359307359307371,,Southeast Asia,PHL,derived
Philippines,1965,42.8,3.01,46.2,3.38,3.4000000000000057,,0.07359307359307371,,Southeast Asia,PHL,derived
Philippines,1966,42.8,3.01,46.2,3.35,3.4000000000000057,,0.07359307359307371,,Southeast Asia,PHL,derived
Philippines,1967,42.8,2.98,46.1,3.31,3.3000000000000043,,0.07158351409978317,,Southeast Asia,PHL,derived
Philippines,1968,42.7,2.95,46.1,3.26,3.3999999999999986,,0.07375271149674617,,Southeast Asia,PHL,derived
Philippines,1969,42.7,2.9,46.1,3.2,3.3999999999999986,,0.07375271149674617,,Southeast Asia,PHL,derived
Philippines,1970,42.7,2.84,46.1,3.12,3.3999999999999986,,0.07375271149674617,,Southeast Asia,PHL,derived
Philippines,1971,42.7,2.74,46.1,3.03,3.3999999999999986,,0.07375271149674617,,Southeast Asia,PHL,derived
Philippines,1972,42.6,2.84,46.0,3.09,3.3999999999999986,,0.07391304347826085,,Southeast Asia,PHL,derived
Philippines,1973,42.5,2.89,45.9,3.1,3.3999999999999986,,0.07407407407407404,,Southeast Asia,PHL,derived
Philippines,1974,42.5,2.93,45.9,3.1,3.3999999999999986,,0.07407407407407404,,Southeast Asia,PHL,derived
Philippines,1975,42.4,2.95,45.8,3.09,3.3999999999999986,,0.07423580786026199,,Southeast Asia,PHL,derived
Philippines,1976,42.3,2.93,45.7,3.09,3.4000000000000057,,0.07439824945295417,,Southeast Asia,PHL,derived
Philippines,1977,42.3,2.94,45.7,3.08,3.4000000000000057,,0.07439824945295417,,Southeast Asia,PHL,derived
Philippines,1978,42.2,2.92,45.6,3.05,3.3999999999999986,,0.0745614035087719,,Southeast Asia,PHL,derived
Philippines,1979,42.1,2.86,45.5,3.01,3.3999999999999986,,0.0747252747252747,,Southeast Asia,PHL,derived
Philippines,1980,42.1,2.84,45.4,2.95,3.299999999999997,,0.07268722466960346,,Southeast Asia,PHL,derived
Philippines,1981,42.0,2.76,45.4,2.85,3.3999999999999986,,0.07488986784140966,,Southeast Asia,PHL,derived
Philippines,1982,41.9,2.68,45.3,2.77,3.3999999999999986,,0.07505518763796906,,Southeast Asia,PHL,derived
Philippines,1983,41.9,2.54,45.2,2.67,3.3000000000000043,,0.07300884955752221,,Southeast Asia,PHL,derived
Philippines,1984,41.9,2.39,45.1,2.54,3.200000000000003,,0.0709534368070954,,Southeast Asia,PHL,derived
Philippines,1985,41.8,2.27,45.1,2.38,3.3000000000000043,,0.07317073170731717,,Southeast Asia,PHL,derived
Philippines,1986,41.8,2.25,45.1,2.36,3.3000000000000043,,0.07317073170731717,,Southeast Asia,PHL,derived
Philippines,1987,41.9,2.18,45.1,2.32,3.200000000000003,,0.0709534368070954,,Southeast Asia,PHL,derived
Philippines,1988,41.9,2.11,45.1,2.22,3.200000000000003,,0.0709534368070954,,Southeast Asia,PHL,derived
Philippines,1989,42.0,2.16,45.2,2.27,3.200000000000003,,0.0707964601769912,,Southeast Asia,PHL,derived
Philippines,1990,42.2,2.15,45.3,2.26,3.0999999999999943,,0.06843267108167758,,Southeast Asia,PHL,derived
Philippines,1991,42.4,2.12,45.4,2.24,3.0,,0.06607929515418502,,Southeast Asia,PHL,derived
Philippines,1992,42.5,2.15,45.4,2.24,2.8999999999999986,,0.06387665198237882,,Southeast Asia,PHL,derived
Philippines,1993,42.6,2.16,45.5,2.26,2.8999999999999986,,0.0637362637362637,,Southeast Asia,PHL,derived
Philippines,1994,42.7,2.11,45.6,2.2,2.8999999999999986,,0.06359649122807014,,Southeast Asia,PHL,derived
Philippines,1995,42.9,2.13,45.7,2.22,2.8000000000000043,,0.061269146608315186,,Southeast Asia,PHL,derived
Philippines,1996,43.1,2.11,45.8,2.18,2.6999999999999957,,0.05895196506550209,,Southeast Asia,PHL,derived
Philippines,1997,43.3,2.06,45.9,2.1,2.6000000000000014,,0.05664488017429197,,Southeast Asia,PHL,derived
Philippines,1998,43.2,2.1,45.8,2.12,2.5999999999999943,,0.05676855895196495,,Southeast Asia,PHL,derived
Philippines,1999,43.1,2.08,45.7,2.1,2.6000000000000014,,0.05689277899343548,,Southeast Asia,PHL,derived
Philippines,2000,43.0,2.03,45.7,2.05,2.700000000000003,,0.05908096280087533,,Southeast Asia,PHL,derived
Philippines,2001,42.9,2.09,45.6,2.07,2.700000000000003,,0.05921052631578953,,Southeast Asia,PHL,derived
Philippines,2002,42.8,2.08,45.5,2.07,2.700000000000003,,0.0593406593406594,,Southeast Asia,PHL,derived
Philippines,2003,42.7,2.03,45.3,2.01,2.5999999999999943,,0.057395143487858596,,Southeast Asia,PHL,derived
Philippines,2004,42.6,2.06,45.2,2.04,2.6000000000000014,,0.05752212389380534,,Southeast Asia,PHL,derived
Philippines,2005,42.5,2.07,45.1,2.04,2.6000000000000014,,0.057649667405765,,Southeast Asia,PHL,derived
Philippines,2006,42.4,2.03,45.0,1.99,2.6000000000000014,,0.05777777777777781,,Southeast Asia,PHL,derived
Philippines,2007,42.2,2.04,44.9,1.99,2.6999999999999957,,0.060133630289532204,,Southeast Asia,PHL,derived
Philippines,2008,42.1,2.02,44.7,1.96,2.6000000000000014,,0.05816554809843403,,Southeast Asia,PHL,derived
Philippines,2009,41.9,1.93,44.5,1.88,2.6000000000000014,,0.05842696629213486,,Southeast Asia,PHL,derived
Philippines,2010,41.7,2.04,44.2,1.96,2.5,,0.05656108597285067,,Southeast Asia,PHL,derived
Philippines,2011,41.4,2.04,44.0,2.01,2.6000000000000014,,0.059090909090909124,,Southeast Asia,PHL,derived
Philippines,2012,41.1,2.01,43.7,2.0,2.6000000000000014,,0.059496567505720854,,Southeast Asia,PHL,derived
Philippines,2013,40.8,2.04,43.4,2.06,2.6000000000000014,,0.05990783410138252,,Southeast Asia,PHL,derived
Philippines,2014,40.4,2.06,43.0,2.07,2.6000000000000014,,0.0604651162790698,,Southeast Asia,PHL,derived
Philippines,2015,40.0,2.01,42.7,2.02,2.700000000000003,,0.06323185011709608,,Southeast Asia,PHL,derived
Philippines,2016,39.6,2.08,42.3,2.08,2.6999999999999957,,0.06382978723404245,,Southeast Asia,PHL,derived
Philippines,2017,39.2,2.08,41.9,2.1,2.6999999999999957,,0.06443914081145574,,Southeast Asia,PHL,derived
Philippines,2018,38.8,2.02,41.5,2.07,2.700000000000003,,0.06506024096385549,,Southeast Asia,PHL,derived
Philippines,2019,38.4,2.1,41.3,2.14,2.8999999999999986,,0.07021791767554476,,Southeast Asia,PHL,derived
Philippines,2020,38.1,2.12,41.0,2.16,2.8999999999999986,,0.07073170731707314,,Southeast Asia,PHL,derived
Philippines,2021,37.8,2.07,40.7,2.16,2.9000000000000057,,0.07125307125307138,,Southeast Asia,PHL,derived
Philippines,2022,37.5,2.18,40.5,2.28,3.0,,0.07407407407407407,,Southeast Asia,PHL,derived
Philippines,2023,37.3,2.22,40.3,2.38,3.0,,0.07444168734491316,,Southeast Asia,PHL,derived
Poland,1983,29.1,1.22,41.1,1.51,12.0,,0.291970802919708,,Eastern Europe & FSU,POL,derived
Poland,1984,27.4,1.07,39.6,1.36,12.200000000000003,,0.3080808080808081,,Eastern Europe & FSU,POL,derived
Poland,1985,26.0,0.71,38.2,1.06,12.200000000000003,,0.31937172774869116,,Eastern Europe & FSU,POL,derived
Poland,1986,26.5,0.58,37.3,0.79,10.799999999999997,,0.28954423592493295,,Eastern Europe & FSU,POL,derived
Poland,1987,25.7,0.67,37.3,0.96,11.599999999999998,,0.3109919571045576,,Eastern Europe & FSU,POL,derived
Poland,1988,25.8,0.7,37.4,0.99,11.599999999999998,,0.3101604278074866,,Eastern Europe & FSU,POL,derived
Poland,1989,25.9,0.66,37.6,0.94,11.700000000000003,,0.3111702127659575,,Eastern Europe & FSU,POL,derived
Poland,1990,25.1,0.6,37.5,0.91,12.399999999999999,,0.3306666666666666,,Eastern Europe & FSU,POL,derived
Poland,1991,25.5,0.63,38.4,0.93,12.899999999999999,,0.3359375,,Eastern Europe & FSU,POL,derived
Poland,1992,26.6,0.73,40.0,0.87,13.399999999999999,,0.33499999999999996,,Eastern Europe & FSU,POL,derived
Poland,1993,28.0,0.68,41.9,0.94,13.9,1.2,33.2,1.5,Eastern Europe & FSU,POL,survey
Poland,1994,29.3,0.68,43.9,0.87,14.6,1.1,33.3,1.4,Eastern Europe & FSU,POL,survey
Poland,1995,30.8,0.59,46.4,0.57,15.6,0.8,33.6,1.0,Eastern Europe & FSU,POL,survey
Poland,1996,29.8,0.66,45.4,0.88,15.6,1.1,34.4,1.4,Eastern Europe & FSU,POL,survey
Poland,1997,29.8,0.69,45.4,0.95,15.6,1.2,34.4,1.5,Eastern Europe & FSU,POL,survey
Poland,1998,29.2,0.74,45.8,0.94,16.6,1.2,36.2,1.5,Eastern Europe & FSU,POL,survey
Poland,1999,29.1,0.54,46.6,0.64,17.5,0.8,37.6,1.0,Eastern Europe & FSU,POL,survey
Poland,2000,29.8,0.84,47.0,1.0,17.2,1.3,36.6,1.6,Eastern Europe & FSU,POL,survey
Poland,2001,30.2,0.89,47.5,1.1,17.3,1.4,36.4,1.8,Eastern Europe & FSU,POL,survey
Poland,2002,30.6,0.84,48.5,1.08,17.9,1.4,36.9,1.8,Eastern Europe & FSU,POL,survey
Poland,2003,31.2,0.83,49.8,1.01,18.6,1.3,37.3,1.6,Eastern Europe & FSU,POL,survey
Poland,2004,31.5,0.51,51.2,0.63,19.7,0.8,38.5,1.0,Eastern Europe & FSU,POL,survey
Poland,2005,31.3,0.43,51.1,0.56,19.8,0.7,38.7,0.9,Eastern Europe & FSU,POL,survey
Poland,2006,31.0,0.45,50.2,0.51,19.2,0.7,38.2,0.9,Eastern Europe & FSU,POL,survey
Poland,2007,31.1,0.53,49.2,0.54,18.1,0.8,36.8,1.0,Eastern Europe & FSU,POL,survey
Poland,2008,31.0,0.49,48.2,0.5,17.2,0.7,35.7,0.9,Eastern Europe & FSU,POL,survey
Poland,2009,31.0,0.46,48.1,0.51,17.1,0.7,35.6,0.9,Eastern Europe & FSU,POL,survey
Poland,2010,31.1,0.48,48.4,0.51,17.3,0.7,35.7,0.9,Eastern Europe & FSU,POL,survey
Poland,2011,31.3,0.52,48.6,0.55,17.3,0.8,35.6,1.0,Eastern Europe & FSU,POL,survey
Poland,2012,31.4,0.51,48.7,0.55,17.3,0.8,35.5,1.0,Eastern Europe & FSU,POL,survey
Poland,2013,31.4,0.49,48.6,0.56,17.2,0.7,35.4,0.9,Eastern Europe & FSU,POL,survey
Poland,2014,30.9,0.48,48.0,0.6,17.1,0.8,35.6,1.0,Eastern Europe & FSU,POL,survey
Poland,2015,30.2,0.51,47.4,0.57,17.2,0.8,36.3,1.0,Eastern Europe & FSU,POL,survey
Poland,2016,28.9,0.52,47.4,0.55,18.5,0.8,39.0,1.0,Eastern Europe & FSU,POL,survey
Poland,2017,28.6,0.56,47.5,0.54,18.9,0.8,39.8,1.0,Eastern Europe & FSU,POL,survey
Poland,2018,28.7,0.53,47.7,0.6,19.0,0.8,39.8,1.0,Eastern Europe & FSU,POL,survey
Poland,2019,28.7,0.5,47.7,0.61,19.0,0.8,39.8,1.0,Eastern Europe & FSU,POL,survey
Poland,2020,29.0,0.6,47.6,0.59,18.6,0.8,39.1,1.0,Eastern Europe & FSU,POL,survey
Poland,2021,29.4,0.76,47.2,0.82,17.8,1.1,37.7,1.4,Eastern Europe & FSU,POL,survey
Poland,2022,29.4,0.83,46.8,0.86,17.4,1.2,37.2,1.5,Eastern Europe & FSU,POL,survey
Poland,2023,29.2,0.88,46.4,0.94,17.2,1.3,37.1,1.6,Eastern Europe & FSU,POL,survey
Portugal,1968,30.3,2.87,48.6,5.22,18.3,,0.3765432098765432,,Southern Europe,PRT,derived
Portugal,1969,30.4,2.89,48.7,5.18,18.300000000000004,,0.375770020533881,,Southern Europe,PRT,derived
Portugal,1970,30.6,2.89,48.9,5.11,18.299999999999997,,0.3742331288343558,,Southern Europe,PRT,derived
Portugal,1971,30.8,2.87,49.0,5.05,18.2,,0.37142857142857144,,Southern Europe,PRT,derived
Portugal,1972,31.0,2.83,49.2,5.0,18.200000000000003,,0.3699186991869919,,Southern Europe,PRT,derived
Portugal,1973,31.2,2.78,49.3,4.94,18.099999999999998,,0.36713995943204863,,Southern Europe,PRT,derived
Portugal,1974,31.3,2.72,49.5,4.89,18.2,,0.36767676767676766,,Southern Europe,PRT,derived
Portugal,1975,31.7,2.77,49.7,4.85,18.0,5.6,36.2,7.4,Southern Europe,PRT,survey
Portugal,1976,32.1,2.81,49.8,4.78,17.7,5.5,35.5,7.3,Southern Europe,PRT,survey
Portugal,1977,32.4,2.82,50.0,4.7,17.6,5.5,35.2,7.2,Southern Europe,PRT,survey
Portugal,1978,32.8,2.81,50.2,4.64,17.4,5.4,34.7,7.1,Southern Europe,PRT,survey
Portugal,1979,33.1,2.78,50.4,4.57,17.3,5.3,34.3,7.0,Southern Europe,PRT,survey
Portugal,1980,33.5,2.74,50.6,4.51,17.1,5.3,33.8,7.0,Southern Europe,PRT,survey
Portugal,1981,33.5,2.77,50.7,4.46,17.2,5.3,33.9,6.9,Southern Europe,PRT,survey
Portugal,1982,33.5,2.8,50.8,4.38,17.3,5.2,34.1,6.8,Southern Europe,PRT,survey
Portugal,1983,33.5,2.82,50.9,4.34,17.4,5.2,34.2,6.8,Southern Europe,PRT,survey
Portugal,1984,33.5,2.8,51.0,4.29,17.5,5.1,34.3,6.7,Southern Europe,PRT,survey
Portugal,1985,33.5,2.78,51.1,4.2,17.6,5.0,34.4,6.5,Southern Europe,PRT,survey
Portugal,1986,33.4,2.73,51.2,4.13,17.8,5.0,34.8,6.5,Southern Europe,PRT,survey
Portugal,1987,33.4,2.68,51.3,4.06,17.9,4.9,34.9,6.4,Southern Europe,PRT,survey
Portugal,1988,33.4,2.6,51.4,3.97,18.0,4.7,35.0,6.2,Southern Europe,PRT,survey
Portugal,1989,33.4,2.51,51.6,3.89,18.2,4.6,35.3,6.0,Southern Europe,PRT,survey
Portugal,1990,33.3,2.39,51.7,3.8,18.4,4.5,35.6,5.9,Southern Europe,PRT,survey
Portugal,1991,33.0,2.31,51.7,3.7,18.7,4.4,36.2,5.7,Southern Europe,PRT,survey
Portugal,1992,32.7,2.24,51.8,3.61,19.1,4.2,36.9,5.5,Southern Europe,PRT,survey
Portugal,1993,32.4,2.11,51.8,3.49,19.4,4.1,37.5,5.4,Southern Europe,PRT,survey
Portugal,1994,32.0,1.95,51.9,3.36,19.9,3.9,38.3,5.1,Southern Europe,PRT,survey
Portugal,1995,31.7,1.84,51.9,3.25,20.2,3.7,38.9,4.9,Southern Europe,PRT,survey
Portugal,1996,31.5,1.75,51.9,3.13,20.4,3.6,39.3,4.8,Southern Europe,PRT,survey
Portugal,1997,31.4,1.7,52.0,3.03,20.6,3.5,39.6,4.6,Southern Europe,PRT,survey
Portugal,1998,31.3,1.66,52.0,2.94,20.7,3.4,39.8,4.5,Southern Europe,PRT,survey
Portugal,1999,31.4,1.63,52.1,2.79,20.7,3.2,39.7,4.2,Southern Europe,PRT,survey
Portugal,2000,31.6,1.58,52.2,2.66,20.6,3.1,39.5,4.1,Southern Europe,PRT,survey
Portugal,2001,31.9,1.55,52.2,2.55,20.3,3.0,38.9,3.9,Southern Europe,PRT,survey
Portugal,2002,32.4,1.5,52.3,2.43,19.9,2.9,38.0,3.8,Southern Europe,PRT,survey
Portugal,2003,32.9,1.35,52.4,2.25,19.5,2.6,37.2,3.4,Southern Europe,PRT,survey
Portugal,2004,33.4,1.25,52.5,2.1,19.1,2.4,36.4,3.2,Southern Europe,PRT,survey
Portugal,2005,33.6,1.19,52.5,1.99,18.9,2.3,36.0,3.0,Southern Europe,PRT,survey
Portugal,2006,33.7,1.13,52.4,1.87,18.7,2.2,35.7,2.9,Southern Europe,PRT,survey
Portugal,2007,33.5,1.11,52.3,1.82,18.8,2.1,35.9,2.8,Southern Europe,PRT,survey
Portugal,2008,33.3,1.08,52.1,1.8,18.8,2.1,36.1,2.8,Southern Europe,PRT,survey
Portugal,2009,33.1,1.09,51.9,1.79,18.8,2.1,36.2,2.8,Southern Europe,PRT,survey
Portugal,2010,33.1,1.07,51.8,1.79,18.7,2.1,36.1,2.8,Southern Europe,PRT,survey
Portugal,2011,33.1,1.08,51.7,1.76,18.6,2.1,36.0,2.7,Southern Europe,PRT,survey
Portugal,2012,33.1,1.09,51.6,1.75,18.5,2.1,35.9,2.7,Southern Europe,PRT,survey
Portugal,2013,33.2,1.1,51.5,1.76,18.3,2.1,35.5,2.7,Southern Europe,PRT,survey
Portugal,2014,33.0,1.13,51.2,1.77,18.2,2.1,35.5,2.7,Southern Europe,PRT,survey
Portugal,2015,32.7,1.13,51.0,1.8,18.3,2.1,35.9,2.8,Southern Europe,PRT,survey
Portugal,2016,32.4,1.12,50.7,1.81,18.3,2.1,36.1,2.8,Southern Europe,PRT,survey
Portugal,2017,32.0,1.13,50.5,1.86,18.5,2.2,36.6,2.9,Southern Europe,PRT,survey
Portugal,2018,31.7,1.13,50.3,1.87,18.6,2.2,37.0,2.9,Southern Europe,PRT,survey
Portugal,2019,31.6,1.14,50.1,1.91,18.5,2.2,36.9,2.9,Southern Europe,PRT,survey
Portugal,2020,31.6,1.15,50.0,2.01,18.4,2.3,36.8,3.1,Southern Europe,PRT,survey
Portugal,2021,31.6,1.19,49.9,2.08,18.3,2.4,36.7,3.2,Southern Europe,PRT,survey
Portugal,2022,31.7,1.27,49.9,2.21,18.2,2.5,36.5,3.3,Southern Europe,PRT,survey
Portugal,2023,31.6,1.41,49.9,2.4,18.3,2.8,36.7,3.7,Southern Europe,PRT,survey
Puerto Rico,1963,45.7,3.87,50.3,4.77,4.599999999999994,,0.09145129224652077,,North America,PRI,derived
Puerto Rico,1964,45.9,3.85,50.5,4.74,4.600000000000001,,0.09108910891089111,,North America,PRI,derived
Puerto Rico,1965,46.1,3.83,50.7,4.71,4.600000000000001,,0.09072978303747536,,North America,PRI,derived
Puerto Rico,1966,46.3,3.77,50.8,4.66,4.5,,0.08858267716535434,,North America,PRI,derived
Puerto Rico,1967,46.5,3.71,51.0,4.6,4.5,,0.08823529411764706,,North America,PRI,derived
Puerto Rico,1968,46.7,3.69,51.2,4.51,4.5,,0.087890625,,North America,PRI,derived
Puerto Rico,1969,46.9,3.63,51.4,4.45,4.5,,0.08754863813229573,,North America,PRI,derived
Puerto Rico,1970,47.0,3.63,51.5,4.45,4.5,,0.08737864077669903,,North America,PRI,derived
Puerto Rico,1971,47.1,3.64,51.6,4.43,4.5,,0.0872093023255814,,North America,PRI,derived
Puerto Rico,1972,47.2,3.63,51.8,4.41,4.599999999999994,,0.0888030888030887,,North America,PRI,derived
Puerto Rico,1973,47.3,3.64,51.9,4.38,4.600000000000001,,0.08863198458574184,,North America,PRI,derived
Puerto Rico,1974,47.4,3.64,52.0,4.35,4.600000000000001,,0.0884615384615385,,North America,PRI,derived
Puerto Rico,1975,47.5,3.62,52.1,4.32,4.600000000000001,,0.08829174664107488,,North America,PRI,derived
Puerto Rico,1976,47.6,3.59,52.2,4.26,4.600000000000001,,0.0881226053639847,,North America,PRI,derived
Puerto Rico,1977,47.7,3.54,52.3,4.18,4.599999999999994,,0.08795411089866147,,North America,PRI,derived
Puerto Rico,1978,47.7,3.5,52.4,4.15,4.699999999999996,,0.08969465648854955,,North America,PRI,derived
Puerto Rico,1979,47.8,3.45,52.6,4.11,4.800000000000004,,0.0912547528517111,,North America,PRI,derived
Puerto Rico,1980,47.9,3.47,52.7,4.12,4.800000000000004,,0.09108159392789382,,North America,PRI,derived
Puerto Rico,1981,48.0,3.47,52.8,4.09,4.799999999999997,,0.09090909090909086,,North America,PRI,derived
Puerto Rico,1982,48.1,3.51,52.9,4.05,4.799999999999997,,0.09073724007561432,,North America,PRI,derived
Puerto Rico,1983,48.2,3.5,53.0,4.02,4.799999999999997,,0.09056603773584901,,North America,PRI,derived
Puerto Rico,1984,48.2,3.5,53.1,3.99,4.899999999999999,,0.09227871939736344,,North America,PRI,derived
Puerto Rico,1985,48.3,3.48,53.2,3.98,4.900000000000006,,0.09210526315789484,,North America,PRI,derived
Puerto Rico,1986,48.4,3.47,53.3,3.95,4.899999999999999,,0.0919324577861163,,North America,PRI,derived
Puerto Rico,1987,48.5,3.41,53.4,3.91,4.899999999999999,,0.09176029962546814,,North America,PRI,derived
Puerto Rico,1988,48.6,3.37,53.5,3.86,4.899999999999999,,0.09158878504672895,,North America,PRI,derived
Puerto Rico,1989,48.7,3.32,53.6,3.79,4.899999999999999,,0.09141791044776117,,North America,PRI,derived
Puerto Rico,1990,48.8,3.35,53.7,3.77,4.900000000000006,,0.09124767225325894,,North America,PRI,derived
Puerto Rico,1991,48.9,3.33,53.8,3.75,4.899999999999999,,0.09107806691449812,,North America,PRI,derived
Puerto Rico,1992,49.0,3.31,53.9,3.74,4.899999999999999,,0.09090909090909088,,North America,PRI,derived
Puerto Rico,1993,49.2,3.29,54.1,3.69,4.899999999999999,,0.09057301293900182,,North America,PRI,derived
Puerto Rico,1994,49.3,3.27,54.2,3.65,4.900000000000006,,0.09040590405904068,,North America,PRI,derived
Puerto Rico,1995,49.4,3.21,54.3,3.59,4.899999999999999,,0.09023941068139961,,North America,PRI,derived
Puerto Rico,1996,49.5,3.14,54.4,3.54,4.899999999999999,,0.09007352941176468,,North America,PRI,derived
Puerto Rico,1997,49.7,3.05,54.6,3.49,4.899999999999999,,0.08974358974358972,,North America,PRI,derived
Puerto Rico,1998,49.8,2.99,54.7,3.4,4.900000000000006,,0.08957952468007323,,North America,PRI,derived
Puerto Rico,1999,49.9,2.88,54.8,3.31,4.899999999999999,,0.08941605839416056,,North America,PRI,derived
Puerto Rico,2000,49.9,2.83,54.9,3.24,5.0,,0.09107468123861567,,North America,PRI,derived
Puerto Rico,2001,50.0,2.75,55.0,3.18,5.0,,0.09090909090909091,,North America,PRI,derived
Puerto Rico,2002,50.1,2.66,55.1,3.11,5.0,,0.09074410163339383,,North America,PRI,derived
Puerto Rico,2003,50.1,2.56,55.2,3.01,5.100000000000001,,0.09239130434782611,,North America,PRI,derived
Puerto Rico,2004,50.2,2.44,55.3,2.92,5.099999999999994,,0.0922242314647377,,North America,PRI,derived
Puerto Rico,2005,50.3,2.31,55.4,2.8,5.100000000000001,,0.09205776173285202,,North America,PRI,derived
Puerto Rico,2006,50.3,2.12,55.5,2.65,5.200000000000003,,0.09369369369369375,,North America,PRI,derived
Puerto Rico,2007,50.4,2.0,55.6,2.54,5.200000000000003,,0.09352517985611515,,North America,PRI,derived
Puerto Rico,2008,50.5,1.9,55.6,2.47,5.100000000000001,,0.091726618705036,,North America,PRI,derived
Puerto Rico,2009,50.5,1.85,55.7,2.41,5.200000000000003,,0.09335727109515266,,North America,PRI,derived
Puerto Rico,2010,50.5,1.81,55.7,2.36,5.200000000000003,,0.09335727109515266,,North America,PRI,derived
Puerto Rico,2011,50.6,1.8,55.8,2.33,5.199999999999996,,0.09318996415770602,,North America,PRI,derived
Puerto Rico,2012,50.7,1.78,55.9,2.32,5.199999999999996,,0.09302325581395342,,North America,PRI,derived
Puerto Rico,2013,50.8,1.78,56.0,2.29,5.200000000000003,,0.0928571428571429,,North America,PRI,derived
Puerto Rico,2014,50.9,1.79,56.1,2.3,5.200000000000003,,0.09269162210338686,,North America,PRI,derived
Puerto Rico,2015,51.0,1.8,56.2,2.32,5.200000000000003,,0.09252669039145912,,North America,PRI,derived
Puerto Rico,2016,51.0,1.81,56.2,2.37,5.200000000000003,,0.09252669039145912,,North America,PRI,derived
Puerto Rico,2017,51.1,1.86,56.2,2.4,5.100000000000001,,0.09074733096085412,,North America,PRI,derived
Puerto Rico,2018,51.1,1.92,56.3,2.46,5.199999999999996,,0.09236234458259318,,North America,PRI,derived
Puerto Rico,2019,51.1,1.99,56.3,2.56,5.199999999999996,,0.09236234458259318,,North America,PRI,derived
Puerto Rico,2020,51.1,2.08,56.3,2.66,5.199999999999996,,0.09236234458259318,,North America,PRI,derived
Puerto Rico,2021,51.1,2.15,56.3,2.74,5.199999999999996,,0.09236234458259318,,North America,PRI,derived
Puerto Rico,2022,51.1,2.28,56.4,2.86,5.299999999999997,,0.09397163120567371,,North America,PRI,derived
Puerto Rico,2023,51.2,2.45,56.4,3.02,5.199999999999996,,0.09219858156028361,,North America,PRI,derived
Qatar,1988,38.3,3.98,39.7,4.27,1.4000000000000057,,0.03526448362720417,,MENA,QAT,derived
Qatar,1989,38.3,4.0,39.7,4.3,1.4000000000000057,,0.03526448362720417,,MENA,QAT,derived
Qatar,1990,38.3,4.02,39.7,4.33,1.4000000000000057,,0.03526448362720417,,MENA,QAT,derived
Qatar,1991,38.3,4.01,39.8,4.32,1.5,,0.03768844221105528,,MENA,QAT,derived
Qatar,1992,38.3,4.02,39.8,4.33,1.5,,0.03768844221105528,,MENA,QAT,derived
Qatar,1993,38.3,4.0,39.8,4.32,1.5,,0.03768844221105528,,MENA,QAT,derived
Qatar,1994,38.3,3.99,39.9,4.3,1.6000000000000014,,0.040100250626566455,,MENA,QAT,derived
Qatar,1995,38.3,3.98,39.9,4.32,1.6000000000000014,,0.040100250626566455,,MENA,QAT,derived
Qatar,1996,38.3,3.96,39.9,4.31,1.6000000000000014,,0.040100250626566455,,MENA,QAT,derived
Qatar,1997,38.3,3.93,39.9,4.29,1.6000000000000014,,0.040100250626566455,,MENA,QAT,derived
Qatar,1998,38.3,3.9,40.0,4.26,1.7000000000000028,,0.04250000000000007,,MENA,QAT,derived
Qatar,1999,38.3,3.84,40.0,4.22,1.7000000000000028,,0.04250000000000007,,MENA,QAT,derived
Qatar,2000,38.3,3.78,40.0,4.17,1.7000000000000028,,0.04250000000000007,,MENA,QAT,derived
Qatar,2001,38.3,3.76,40.0,4.13,1.7000000000000028,,0.04250000000000007,,MENA,QAT,derived
Qatar,2002,38.4,3.7,40.1,4.08,1.7000000000000028,,0.04239401496259359,,MENA,QAT,derived
Qatar,2003,38.4,3.63,40.1,4.04,1.7000000000000028,,0.04239401496259359,,MENA,QAT,derived
Qatar,2004,38.4,3.54,40.1,3.99,1.7000000000000028,,0.04239401496259359,,MENA,QAT,derived
Qatar,2005,38.4,3.47,40.1,3.93,1.7000000000000028,,0.04239401496259359,,MENA,QAT,derived
Qatar,2006,38.4,3.38,40.2,3.87,1.8000000000000043,,0.044776119402985176,,MENA,QAT,derived
Qatar,2007,38.4,3.3,40.2,3.8,1.8000000000000043,,0.044776119402985176,,MENA,QAT,derived
Qatar,2008,38.3,3.3,40.1,3.82,1.8000000000000043,,0.044887780548628534,,MENA,QAT,derived
Qatar,2009,38.2,3.29,40.0,3.82,1.7999999999999972,,0.04499999999999993,,MENA,QAT,derived
Qatar,2010,38.1,3.26,40.0,3.84,1.8999999999999986,,0.047499999999999966,,MENA,QAT,derived
Qatar,2011,38.0,3.23,39.9,3.82,1.8999999999999986,,0.04761904761904758,,MENA,QAT,derived
Qatar,2012,37.9,3.22,39.8,3.78,1.8999999999999986,,0.047738693467336654,,MENA,QAT,derived
Qatar,2013,37.8,3.19,39.7,3.73,1.9000000000000057,,0.04785894206549132,,MENA,QAT,derived
Qatar,2014,37.6,3.27,39.6,3.8,2.0,,0.050505050505050504,,MENA,QAT,derived
Qatar,2015,37.4,3.34,39.4,3.85,2.0,,0.050761421319796954,,MENA,QAT,derived
Qatar,2016,37.2,3.37,39.3,3.91,2.0999999999999943,,0.053435114503816654,,MENA,QAT,derived
Qatar,2017,37.0,3.43,39.1,3.97,2.1000000000000014,,0.053708439897698246,,MENA,QAT,derived
Romania,1989,21.1,0.97,31.5,1.53,10.399999999999999,,0.3301587301587301,,Eastern Europe & FSU,ROU,derived
Romania,1990,20.5,0.9,31.6,1.38,11.100000000000001,,0.35126582278481017,,Eastern Europe & FSU,ROU,derived
Romania,1991,21.5,0.91,32.5,1.31,11.0,,0.3384615384615385,,Eastern Europe & FSU,ROU,derived
Romania,1992,22.6,0.91,33.5,1.25,10.899999999999999,,0.3253731343283582,,Eastern Europe & FSU,ROU,derived
Romania,1993,24.2,0.99,34.7,1.22,10.5,1.6,30.3,2.0,Eastern Europe & FSU,ROU,survey
Romania,1994,25.8,0.88,35.9,1.04,10.1,1.4,28.1,1.7,Eastern Europe & FSU,ROU,survey
Romania,1995,27.4,0.59,37.1,0.64,9.7,0.9,26.1,1.1,Eastern Europe & FSU,ROU,survey
Romania,1996,27.7,0.87,37.6,0.95,9.9,1.3,26.3,1.6,Eastern Europe & FSU,ROU,survey
Romania,1997,28.1,0.66,38.0,0.73,9.9,1.0,26.1,1.2,Eastern Europe & FSU,ROU,survey
Romania,1998,28.6,0.93,39.6,1.08,11.0,1.4,27.8,1.8,Eastern Europe & FSU,ROU,survey
Romania,1999,29.1,1.0,41.0,1.22,11.9,1.6,29.0,2.0,Eastern Europe & FSU,ROU,survey
Romania,2000,29.6,1.03,42.3,1.3,12.7,1.7,30.0,2.1,Eastern Europe & FSU,ROU,survey
Romania,2001,30.3,1.04,43.5,1.35,13.2,1.7,30.3,2.2,Eastern Europe & FSU,ROU,survey
Romania,2002,30.8,1.02,44.5,1.36,13.7,1.7,30.8,2.2,Eastern Europe & FSU,ROU,survey
Romania,2003,31.3,1.05,45.2,1.37,13.9,1.7,30.8,2.2,Eastern Europe & FSU,ROU,survey
Romania,2004,31.8,1.09,45.8,1.35,14.0,1.7,30.6,2.2,Eastern Europe & FSU,ROU,survey
Romania,2005,32.2,1.03,46.3,1.23,14.1,1.6,30.5,2.0,Eastern Europe & FSU,ROU,survey
Romania,2006,32.5,0.86,46.7,0.99,14.2,1.3,30.4,1.6,Eastern Europe & FSU,ROU,survey
Romania,2007,31.8,0.84,46.6,0.92,14.8,1.2,31.8,1.5,Eastern Europe & FSU,ROU,survey
Romania,2008,31.2,0.87,46.3,0.87,15.1,1.2,32.6,1.5,Eastern Europe & FSU,ROU,survey
Romania,2009,30.7,0.79,46.1,0.86,15.4,1.2,33.4,1.5,Eastern Europe & FSU,ROU,survey
Romania,2010,30.7,0.81,46.1,0.86,15.4,1.2,33.4,1.5,Eastern Europe & FSU,ROU,survey
Romania,2011,30.8,0.82,46.4,0.88,15.6,1.2,33.6,1.5,Eastern Europe & FSU,ROU,survey
Romania,2012,30.9,0.86,46.3,0.87,15.4,1.2,33.3,1.5,Eastern Europe & FSU,ROU,survey
Romania,2013,31.0,0.83,46.5,0.78,15.5,1.1,33.3,1.3,Eastern Europe & FSU,ROU,survey
Romania,2014,31.2,0.82,47.0,0.94,15.8,1.2,33.6,1.5,Eastern Europe & FSU,ROU,survey
Romania,2015,31.2,0.9,47.2,1.01,16.0,1.4,33.9,1.7,Eastern Europe & FSU,ROU,survey
Romania,2016,31.2,0.86,47.3,0.98,16.1,1.3,34.0,1.6,Eastern Europe & FSU,ROU,survey
Romania,2017,31.7,0.88,47.5,0.98,15.8,1.3,33.3,1.6,Eastern Europe & FSU,ROU,survey
Romania,2018,31.7,0.88,47.5,0.99,15.8,1.3,33.3,1.6,Eastern Europe & FSU,ROU,survey
Romania,2019,31.3,0.89,47.2,1.03,15.9,1.4,33.7,1.7,Eastern Europe & FSU,ROU,survey
Romania,2020,30.8,0.87,46.6,1.02,15.8,1.3,33.9,1.7,Eastern Europe & FSU,ROU,survey
Romania,2021,29.7,0.89,45.5,1.06,15.8,1.4,34.7,1.8,Eastern Europe & FSU,ROU,survey
Romania,2022,28.8,0.9,44.1,1.16,15.3,1.5,34.7,1.9,Eastern Europe & FSU,ROU,survey
Romania,2023,27.7,0.99,42.9,1.32,15.2,1.7,35.4,2.2,Eastern Europe & FSU,ROU,survey
Russia,1988,23.7,1.31,34.3,1.93,10.599999999999998,,0.3090379008746355,,Eastern Europe & FSU,RUS,derived
Russia,1989,23.6,1.14,34.6,1.73,11.0,,0.3179190751445087,,Eastern Europe & FSU,RUS,derived
Russia,1990,23.8,1.08,35.4,1.59,11.599999999999998,,0.327683615819209,,Eastern Europe & FSU,RUS,derived
Russia,1991,25.3,1.01,36.8,1.44,11.499999999999996,,0.31249999999999994,,Eastern Europe & FSU,RUS,derived
Russia,1992,28.4,0.97,39.5,1.38,11.100000000000001,,0.28101265822784816,,Eastern Europe & FSU,RUS,derived
Russia,1993,32.7,1.02,42.9,1.35,10.2,1.7,23.8,2.2,Eastern Europe & FSU,RUS,survey
Russia,1994,35.4,0.98,45.6,1.32,10.2,1.6,22.4,2.1,Eastern Europe & FSU,RUS,survey
Russia,1995,36.9,0.95,47.2,1.27,10.3,1.6,21.8,2.0,Eastern Europe & FSU,RUS,survey
Russia,1996,37.2,0.99,47.9,1.27,10.7,1.6,22.3,2.0,Eastern Europe & FSU,RUS,survey
Russia,1997,36.7,1.05,47.7,1.29,11.0,1.7,23.1,2.1,Eastern Europe & FSU,RUS,survey
Russia,1998,36.7,1.05,48.0,1.29,11.3,1.7,23.5,2.1,Eastern Europe & FSU,RUS,survey
Russia,1999,36.6,1.12,48.1,1.3,11.5,1.7,23.9,2.1,Eastern Europe & FSU,RUS,survey
Russia,2000,36.9,1.17,48.5,1.28,11.6,1.7,23.9,2.1,Eastern Europe & FSU,RUS,survey
Russia,2001,36.5,1.06,48.4,1.26,11.9,1.6,24.6,2.0,Eastern Europe & FSU,RUS,survey
Russia,2002,36.1,1.04,48.2,1.25,12.1,1.6,25.1,2.0,Eastern Europe & FSU,RUS,survey
Russia,2003,36.6,1.03,48.6,1.23,12.0,1.6,24.7,2.0,Eastern Europe & FSU,RUS,survey
Russia,2004,36.9,0.98,48.7,1.16,11.8,1.5,24.2,1.9,Eastern Europe & FSU,RUS,survey
Russia,2005,36.1,1.0,48.5,1.22,12.4,1.6,25.6,2.0,Eastern Europe & FSU,RUS,survey
Russia,2006,35.9,0.99,48.2,1.17,12.3,1.5,25.5,1.9,Eastern Europe & FSU,RUS,survey
Russia,2007,35.6,0.9,47.6,1.05,12.0,1.4,25.2,1.8,Eastern Europe & FSU,RUS,survey
Russia,2008,35.9,0.95,48.0,1.13,12.1,1.5,25.2,1.9,Eastern Europe & FSU,RUS,survey
Russia,2009,35.2,0.98,47.5,1.12,12.3,1.5,25.9,1.9,Eastern Europe & FSU,RUS,survey
Russia,2010,35.1,0.96,46.9,0.96,11.8,1.4,25.2,1.7,Eastern Europe & FSU,RUS,survey
Russia,2011,35.3,0.98,46.7,0.95,11.4,1.4,24.4,1.7,Eastern Europe & FSU,RUS,survey
Russia,2012,35.1,1.05,46.4,1.08,11.3,1.5,24.4,1.8,Eastern Europe & FSU,RUS,survey
Russia,2013,34.6,0.95,45.8,0.97,11.2,1.4,24.5,1.7,Eastern Europe & FSU,RUS,survey
Russia,2014,34.0,0.78,45.0,0.81,11.0,1.1,24.4,1.4,Eastern Europe & FSU,RUS,survey
Russia,2015,33.3,0.74,44.4,0.72,11.1,1.0,25.0,1.2,Eastern Europe & FSU,RUS,survey
Russia,2016,32.9,0.68,44.2,0.73,11.3,1.0,25.6,1.2,Eastern Europe & FSU,RUS,survey
Russia,2017,32.1,0.66,43.7,0.69,11.6,1.0,26.5,1.2,Eastern Europe & FSU,RUS,survey
Russia,2018,31.9,0.8,43.5,0.73,11.6,1.1,26.7,1.3,Eastern Europe & FSU,RUS,survey
Russia,2019,31.5,0.9,43.4,0.84,11.9,1.2,27.4,1.5,Eastern Europe & FSU,RUS,survey
Russia,2020,30.9,0.76,43.1,0.75,12.2,1.1,28.3,1.3,Eastern Europe & FSU,RUS,survey
Russia,2021,31.0,0.73,43.0,0.79,12.0,1.1,27.9,1.4,Eastern Europe & FSU,RUS,survey
Russia,2022,30.8,1.15,42.7,1.2,11.9,1.7,27.9,2.1,Eastern Europe & FSU,RUS,survey
Russia,2023,30.6,1.46,42.6,1.57,12.0,2.1,28.2,2.6,Eastern Europe & FSU,RUS,survey
Rwanda,1986,42.6,3.45,45.1,3.83,2.5,,0.05543237250554323,,Sub-Saharan Africa,RWA,derived
Rwanda,1987,43.1,3.41,45.6,3.8,2.5,,0.05482456140350877,,Sub-Saharan Africa,RWA,derived
Rwanda,1988,43.6,3.38,46.1,3.76,2.5,,0.05422993492407809,,Sub-Saharan Africa,RWA,derived
Rwanda,1989,44.1,3.33,46.5,3.71,2.3999999999999986,,0.051612903225806424,,Sub-Saharan Africa,RWA,derived
Rwanda,1990,44.6,3.28,47.0,3.67,2.3999999999999986,,0.05106382978723401,,Sub-Saharan Africa,RWA,derived
Rwanda,1991,45.1,3.22,47.5,3.61,2.3999999999999986,,0.050526315789473655,,Sub-Saharan Africa,RWA,derived
Rwanda,1992,45.6,3.16,47.9,3.54,2.299999999999997,,0.04801670146137781,,Sub-Saharan Africa,RWA,derived
Rwanda,1993,46.0,3.1,48.4,3.46,2.3999999999999986,,0.049586776859504106,,Sub-Saharan Africa,RWA,derived
Rwanda,1994,46.5,3.03,48.9,3.38,2.3999999999999986,,0.04907975460122697,,Sub-Saharan Africa,RWA,derived
Rwanda,1995,47.0,2.92,49.4,3.27,2.3999999999999986,,0.04858299595141698,,Sub-Saharan Africa,RWA,derived
Rwanda,1996,47.5,2.83,49.8,3.17,2.299999999999997,,0.046184738955823236,,Sub-Saharan Africa,RWA,derived
Rwanda,1997,48.0,2.7,50.3,3.02,2.299999999999997,,0.04572564612326038,,Sub-Saharan Africa,RWA,derived
Rwanda,1998,48.5,2.57,50.8,2.87,2.299999999999997,,0.04527559055118105,,Sub-Saharan Africa,RWA,derived
Rwanda,1999,49.1,2.41,51.2,2.71,2.1000000000000014,,0.04101562500000003,,Sub-Saharan Africa,RWA,derived
Rwanda,2000,49.6,2.24,51.7,2.52,2.1000000000000014,,0.04061895551257256,,Sub-Saharan Africa,RWA,derived
Rwanda,2001,50.0,2.14,52.0,2.39,2.0,,0.038461538461538464,,Sub-Saharan Africa,RWA,derived
Rwanda,2002,50.2,2.15,52.2,2.41,2.0,,0.038314176245210725,,Sub-Saharan Africa,RWA,derived
Rwanda,2003,50.3,2.13,52.4,2.37,2.1000000000000014,,0.04007633587786262,,Sub-Saharan Africa,RWA,derived
Rwanda,2004,50.5,2.1,52.6,2.31,2.1000000000000014,,0.0399239543726236,,Sub-Saharan Africa,RWA,derived
Rwanda,2005,50.7,2.02,52.8,2.24,2.0999999999999943,,0.03977272727272717,,Sub-Saharan Africa,RWA,derived
Rwanda,2006,50.6,2.12,52.7,2.34,2.1000000000000014,,0.03984819734345354,,Sub-Saharan Africa,RWA,derived
Rwanda,2007,50.5,2.19,52.6,2.4,2.1000000000000014,,0.0399239543726236,,Sub-Saharan Africa,RWA,derived
Rwanda,2008,50.3,2.22,52.5,2.43,2.200000000000003,,0.04190476190476196,,Sub-Saharan Africa,RWA,derived
Rwanda,2009,50.2,2.23,52.3,2.46,2.0999999999999943,,0.040152963671128,,Sub-Saharan Africa,RWA,derived
Rwanda,2010,50.1,2.21,52.2,2.41,2.1000000000000014,,0.04022988505747129,,Sub-Saharan Africa,RWA,derived
Rwanda,2011,49.8,2.3,51.9,2.53,2.1000000000000014,,0.04046242774566477,,Sub-Saharan Africa,RWA,derived
Rwanda,2012,49.4,2.36,51.6,2.61,2.200000000000003,,0.04263565891472874,,Sub-Saharan Africa,RWA,derived
Rwanda,2013,49.1,2.39,51.3,2.66,2.1999999999999957,,0.04288499025341123,,Sub-Saharan Africa,RWA,derived
Rwanda,2014,48.9,2.48,51.0,2.76,2.1000000000000014,,0.04117647058823532,,Sub-Saharan Africa,RWA,derived
Rwanda,2015,48.6,2.59,50.8,2.88,2.1999999999999957,,0.043307086614173144,,Sub-Saharan Africa,RWA,derived
Rwanda,2016,48.3,2.67,50.5,2.98,2.200000000000003,,0.043564356435643624,,Sub-Saharan Africa,RWA,derived
Rwanda,2017,48.1,2.83,50.4,3.14,2.299999999999997,,0.04563492063492058,,Sub-Saharan Africa,RWA,derived
Rwanda,2018,47.9,2.96,50.2,3.27,2.3000000000000043,,0.04581673306772917,,Sub-Saharan Africa,RWA,derived
Rwanda,2019,47.7,3.11,50.0,3.36,2.299999999999997,,0.045999999999999944,,Sub-Saharan Africa,RWA,derived
Rwanda,2020,47.6,3.21,49.9,3.47,2.299999999999997,,0.04609218436873742,,Sub-Saharan Africa,RWA,derived
Rwanda,2021,47.4,3.32,49.7,3.56,2.3000000000000043,,0.046277665995975936,,Sub-Saharan Africa,RWA,derived
Rwanda,2022,47.2,3.38,49.5,3.66,2.299999999999997,,0.04646464646464641,,Sub-Saharan Africa,RWA,derived
Rwanda,2023,47.0,3.46,49.4,3.74,2.3999999999999986,,0.04858299595141698,,Sub-Saharan Africa,RWA,derived
Senegal,1991,42.9,3.12,44.2,3.37,1.3000000000000043,,0.029411764705882446,,Sub-Saharan Africa,SEN,derived
Senegal,1992,42.7,3.01,44.1,3.27,1.3999999999999986,,0.03174603174603171,,Sub-Saharan Africa,SEN,derived
Senegal,1993,42.6,2.89,43.9,3.16,1.2999999999999972,,0.029612756264236838,,Sub-Saharan Africa,SEN,derived
Senegal,1994,42.4,2.75,43.8,3.02,1.3999999999999986,,0.031963470319634674,,Sub-Saharan Africa,SEN,derived
Senegal,1995,42.2,2.72,43.6,2.96,1.3999999999999986,,0.03211009174311923,,Sub-Saharan Africa,SEN,derived
Senegal,1996,42.2,2.73,43.6,2.97,1.3999999999999986,,0.03211009174311923,,Sub-Saharan Africa,SEN,derived
Senegal,1997,42.1,2.72,43.5,2.95,1.3999999999999986,,0.032183908045976976,,Sub-Saharan Africa,SEN,derived
Senegal,1998,42.0,2.67,43.5,2.93,1.5,,0.034482758620689655,,Sub-Saharan Africa,SEN,derived
Senegal,1999,42.0,2.63,43.4,2.89,1.3999999999999986,,0.032258064516129004,,Sub-Saharan Africa,SEN,derived
Senegal,2000,41.9,2.57,43.3,2.82,1.3999999999999986,,0.03233256351039258,,Sub-Saharan Africa,SEN,derived
Senegal,2001,41.8,2.48,43.3,2.73,1.5,,0.034642032332563515,,Sub-Saharan Africa,SEN,derived
Senegal,2002,41.7,2.5,43.1,2.75,1.3999999999999986,,0.032482598607888595,,Sub-Saharan Africa,SEN,derived
Senegal,2003,41.5,2.52,43.0,2.75,1.5,,0.03488372093023256,,Sub-Saharan Africa,SEN,derived
Senegal,2004,41.4,2.48,42.9,2.72,1.5,,0.03496503496503497,,Sub-Saharan Africa,SEN,derived
Senegal,2005,41.3,2.41,42.7,2.68,1.4000000000000057,,0.03278688524590177,,Sub-Saharan Africa,SEN,derived
Senegal,2006,41.1,2.49,42.6,2.74,1.5,,0.035211267605633804,,Sub-Saharan Africa,SEN,derived
Senegal,2007,41.1,2.56,42.5,2.78,1.3999999999999986,,0.0329411764705882,,Sub-Saharan Africa,SEN,derived
Senegal,2008,41.0,2.58,42.4,2.82,1.3999999999999986,,0.03301886792452827,,Sub-Saharan Africa,SEN,derived
Senegal,2009,40.9,2.57,42.3,2.86,1.3999999999999986,,0.03309692671394796,,Sub-Saharan Africa,SEN,derived
Senegal,2010,40.7,2.57,42.2,2.86,1.5,,0.035545023696682464,,Sub-Saharan Africa,SEN,derived
Senegal,2011,40.6,2.55,42.1,2.82,1.5,,0.035629453681710214,,Sub-Saharan Africa,SEN,derived
Senegal,2012,40.6,2.65,42.0,2.95,1.3999999999999986,,0.0333333333333333,,Sub-Saharan Africa,SEN,derived
Senegal,2013,40.5,2.73,41.9,3.03,1.3999999999999986,,0.033412887828162256,,Sub-Saharan Africa,SEN,derived
Senegal,2014,40.4,2.82,41.8,3.1,1.3999999999999986,,0.033492822966507144,,Sub-Saharan Africa,SEN,derived
Senegal,2015,40.3,2.89,41.8,3.16,1.5,,0.03588516746411483,,Sub-Saharan Africa,SEN,derived
Senegal,2016,40.2,2.95,41.7,3.23,1.5,,0.03597122302158273,,Sub-Saharan Africa,SEN,derived
Senegal,2017,40.2,2.98,41.6,3.26,1.3999999999999986,,0.03365384615384612,,Sub-Saharan Africa,SEN,derived
Senegal,2018,40.1,3.0,41.5,3.27,1.3999999999999986,,0.03373493975903611,,Sub-Saharan Africa,SEN,derived
Senegal,2019,40.0,3.11,41.4,3.37,1.3999999999999986,,0.03381642512077292,,Sub-Saharan Africa,SEN,derived
Senegal,2020,39.9,3.18,41.4,3.46,1.5,,0.036231884057971016,,Sub-Saharan Africa,SEN,derived
Senegal,2021,39.9,3.27,41.3,3.55,1.3999999999999986,,0.03389830508474573,,Sub-Saharan Africa,SEN,derived
Sierra Leone,1969,42.5,3.96,44.2,4.55,1.7000000000000028,,0.038461538461538526,,Sub-Saharan Africa,SLE,derived
Sierra Leone,1970,42.6,4.0,44.3,4.57,1.6999999999999957,,0.03837471783295702,,Sub-Saharan Africa,SLE,derived
Sierra Leone,1971,42.8,4.0,44.5,4.58,1.7000000000000028,,0.0382022471910113,,Sub-Saharan Africa,SLE,derived
Sierra Leone,1972,42.9,4.0,44.6,4.59,1.7000000000000028,,0.03811659192825118,,Sub-Saharan Africa,SLE,derived
Sierra Leone,1973,43.0,4.04,44.7,4.59,1.7000000000000028,,0.0380313199105146,,Sub-Saharan Africa,SLE,derived
Sierra Leone,1974,43.2,4.06,44.9,4.55,1.6999999999999957,,0.0378619153674832,,Sub-Saharan Africa,SLE,derived
Sierra Leone,1975,43.3,4.04,45.0,4.56,1.7000000000000028,,0.03777777777777784,,Sub-Saharan Africa,SLE,derived
Sierra Leone,1976,43.4,4.04,45.2,4.54,1.8000000000000043,,0.03982300884955761,,Sub-Saharan Africa,SLE,derived
Sierra Leone,1977,43.6,4.06,45.3,4.53,1.6999999999999957,,0.037527593818984455,,Sub-Saharan Africa,SLE,derived
Sierra Leone,1978,43.7,4.04,45.4,4.51,1.6999999999999957,,0.037444933920704755,,Sub-Saharan Africa,SLE,derived
Sierra Leone,1979,43.8,4.03,45.5,4.49,1.7000000000000028,,0.037362637362637424,,Sub-Saharan Africa,SLE,derived
Sierra Leone,1980,44.0,4.0,45.7,4.44,1.7000000000000028,,0.03719912472647709,,Sub-Saharan Africa,SLE,derived
Sierra Leone,1981,44.1,3.98,45.8,4.41,1.6999999999999957,,0.03711790393013091,,Sub-Saharan Africa,SLE,derived
Sierra Leone,1982,44.2,3.94,45.9,4.36,1.6999999999999957,,0.037037037037036945,,Sub-Saharan Africa,SLE,derived
Sierra Leone,1983,44.3,3.92,46.0,4.31,1.7000000000000028,,0.0369565217391305,,Sub-Saharan Africa,SLE,derived
Sierra Leone,1984,44.5,3.89,46.2,4.27,1.7000000000000028,,0.036796536796536855,,Sub-Saharan Africa,SLE,derived
Sierra Leone,1985,44.6,3.86,46.3,4.21,1.6999999999999957,,0.03671706263498911,,Sub-Saharan Africa,SLE,derived
Sierra Leone,1986,44.7,3.81,46.5,4.14,1.7999999999999972,,0.03870967741935478,,Sub-Saharan Africa,SLE,derived
Sierra Leone,1987,44.9,3.78,46.6,4.08,1.7000000000000028,,0.03648068669527903,,Sub-Saharan Africa,SLE,derived
Sierra Leone,1988,45.0,3.7,46.7,4.03,1.7000000000000028,,0.03640256959314781,,Sub-Saharan Africa,SLE,derived
Sierra Leone,1989,45.2,3.64,46.9,3.94,1.6999999999999957,,0.03624733475479735,,Sub-Saharan Africa,SLE,derived
Sierra Leone,1990,45.0,3.63,46.7,3.94,1.7000000000000028,,0.03640256959314781,,Sub-Saharan Africa,SLE,derived
Sierra Leone,1991,44.8,3.6,46.5,3.9,1.7000000000000028,,0.0365591397849463,,Sub-Saharan Africa,SLE,derived
Sierra Leone,1992,44.6,3.59,46.3,3.85,1.6999999999999957,,0.03671706263498911,,Sub-Saharan Africa,SLE,derived
Sierra Leone,1993,44.3,3.55,46.1,3.83,1.8000000000000043,,0.039045553145336316,,Sub-Saharan Africa,SLE,derived
Sierra Leone,1994,44.1,3.53,45.9,3.76,1.7999999999999972,,0.03921568627450974,,Sub-Saharan Africa,SLE,derived
Sierra Leone,1995,43.9,3.48,45.7,3.72,1.8000000000000043,,0.03938730853391694,,Sub-Saharan Africa,SLE,derived
Sierra Leone,1996,43.7,3.43,45.4,3.66,1.6999999999999957,,0.037444933920704755,,Sub-Saharan Africa,SLE,derived
Sierra Leone,1997,43.5,3.34,45.2,3.6,1.7000000000000028,,0.03761061946902661,,Sub-Saharan Africa,SLE,derived
Sierra Leone,1998,43.3,3.28,45.0,3.53,1.7000000000000028,,0.03777777777777784,,Sub-Saharan Africa,SLE,derived
Sierra Leone,1999,43.1,3.19,44.8,3.46,1.6999999999999957,,0.03794642857142848,,Sub-Saharan Africa,SLE,derived
Sierra Leone,2000,42.9,3.11,44.6,3.37,1.7000000000000028,,0.03811659192825118,,Sub-Saharan Africa,SLE,derived
Sierra Leone,2001,42.7,3.01,44.4,3.27,1.6999999999999957,,0.038288288288288196,,Sub-Saharan Africa,SLE,derived
Sierra Leone,2002,42.5,2.9,44.2,3.17,1.7000000000000028,,0.038461538461538526,,Sub-Saharan Africa,SLE,derived
Sierra Leone,2003,42.2,2.77,44.0,3.03,1.7999999999999972,,0.040909090909090846,,Sub-Saharan Africa,SLE,derived
Sierra Leone,2004,41.9,2.77,43.7,3.02,1.8000000000000043,,0.04118993135011451,,Sub-Saharan Africa,SLE,derived
Sierra Leone,2005,41.7,2.76,43.5,3.01,1.7999999999999972,,0.04137931034482752,,Sub-Saharan Africa,SLE,derived
Sierra Leone,2006,41.3,2.82,43.1,3.06,1.8000000000000043,,0.04176334106728548,,Sub-Saharan Africa,SLE,derived
Sierra Leone,2007,41.0,2.85,42.8,3.09,1.7999999999999972,,0.042056074766355075,,Sub-Saharan Africa,SLE,derived
Sierra Leone,2008,40.6,2.85,42.5,3.13,1.8999999999999986,,0.044705882352941144,,Sub-Saharan Africa,SLE,derived
Sierra Leone,2009,40.3,2.87,42.1,3.12,1.8000000000000043,,0.04275534441805236,,Sub-Saharan Africa,SLE,derived
Sierra Leone,2010,39.9,2.87,41.8,3.13,1.8999999999999986,,0.04545454545454542,,Sub-Saharan Africa,SLE,derived
Sierra Leone,2011,39.6,2.86,41.5,3.08,1.8999999999999986,,0.045783132530120445,,Sub-Saharan Africa,SLE,derived
Sierra Leone,2012,39.5,2.99,41.4,3.21,1.8999999999999986,,0.04589371980676325,,Sub-Saharan Africa,SLE,derived
Sierra Leone,2013,39.4,3.1,41.4,3.33,2.0,,0.04830917874396135,,Sub-Saharan Africa,SLE,derived
Sierra Leone,2014,39.3,3.2,41.3,3.42,2.0,,0.04842615012106538,,Sub-Saharan Africa,SLE,derived
Sierra Leone,2015,39.3,3.29,41.2,3.51,1.9000000000000057,,0.046116504854369064,,Sub-Saharan Africa,SLE,derived
Sierra Leone,2016,39.2,3.37,41.2,3.6,2.0,,0.04854368932038835,,Sub-Saharan Africa,SLE,derived
Sierra Leone,2017,39.1,3.45,41.1,3.66,2.0,,0.048661800486618,,Sub-Saharan Africa,SLE,derived
Sierra Leone,2018,39.1,3.52,41.0,3.75,1.8999999999999986,,0.04634146341463411,,Sub-Saharan Africa,SLE,derived
Singapore,1973,36.1,3.55,42.3,4.47,6.199999999999996,,0.14657210401891244,,Southeast Asia,SGP,derived
Singapore,1974,36.1,3.54,42.4,4.41,6.299999999999997,,0.1485849056603773,,Southeast Asia,SGP,derived
Singapore,1975,36.0,3.49,42.4,4.32,6.399999999999999,,0.15094339622641506,,Southeast Asia,SGP,derived
Singapore,1976,36.0,3.45,42.5,4.27,6.5,,0.15294117647058825,,Southeast Asia,SGP,derived
Singapore,1977,36.0,3.35,42.5,4.2,6.5,,0.15294117647058825,,Southeast Asia,SGP,derived
Singapore,1978,36.0,3.27,42.6,4.09,6.600000000000001,,0.15492957746478875,,Southeast Asia,SGP,derived
Singapore,1979,36.1,3.2,42.7,4.04,6.600000000000001,,0.1545667447306792,,Southeast Asia,SGP,derived
Singapore,1980,36.1,3.14,42.7,3.98,6.600000000000001,,0.1545667447306792,,Southeast Asia,SGP,derived
Singapore,1981,36.2,3.06,42.8,3.89,6.599999999999994,,0.1542056074766354,,Southeast Asia,SGP,derived
Singapore,1982,36.3,3.0,42.9,3.79,6.600000000000001,,0.15384615384615388,,Southeast Asia,SGP,derived
Singapore,1983,36.3,2.89,43.0,3.7,6.700000000000003,,0.15581395348837215,,Southeast Asia,SGP,derived
Singapore,1984,36.4,2.86,43.0,3.64,6.600000000000001,,0.1534883720930233,,Southeast Asia,SGP,derived
Singapore,1985,36.5,2.81,43.1,3.56,6.6,4.5,15.3,5.7,Southeast Asia,SGP,survey
Singapore,1986,36.6,2.75,43.2,3.52,6.6,4.5,15.3,5.7,Southeast Asia,SGP,survey
Singapore,1987,36.7,2.69,43.3,3.45,6.6,4.4,15.2,5.6,Southeast Asia,SGP,survey
Singapore,1988,36.8,2.6,43.4,3.37,6.6,4.3,15.2,5.5,Southeast Asia,SGP,survey
Singapore,1989,37.0,2.63,43.5,3.33,6.5,4.2,14.9,5.4,Southeast Asia,SGP,survey
Singapore,1990,37.3,2.65,43.6,3.29,6.3,4.2,14.4,5.3,Southeast Asia,SGP,survey
Singapore,1991,37.5,2.63,43.7,3.24,6.2,4.2,14.2,5.3,Southeast Asia,SGP,survey
Singapore,1992,37.7,2.61,43.8,3.18,6.1,4.1,13.9,5.2,Southeast Asia,SGP,survey
Singapore,1993,37.9,2.55,43.9,3.09,6.0,4.0,13.7,5.1,Southeast Asia,SGP,survey
Singapore,1994,38.0,2.48,44.0,2.99,6.0,3.9,13.6,4.9,Southeast Asia,SGP,survey
Singapore,1995,38.1,2.41,44.0,2.91,5.9,3.8,13.4,4.8,Southeast Asia,SGP,survey
Singapore,1996,38.2,2.31,44.0,2.78,5.8,3.6,13.2,4.5,Southeast Asia,SGP,survey
Singapore,1997,38.3,2.2,44.1,2.64,5.8,3.4,13.2,4.3,Southeast Asia,SGP,survey
Singapore,1998,38.4,2.03,44.1,2.52,5.7,3.2,12.9,4.1,Southeast Asia,SGP,survey
Singapore,1999,38.4,1.83,44.1,2.34,5.7,3.0,12.9,3.8,Southeast Asia,SGP,survey
Singapore,2000,38.4,1.59,44.1,2.16,5.7,2.7,12.9,3.5,Southeast Asia,SGP,survey
Singapore,2001,38.5,1.5,44.1,2.03,5.6,2.5,12.7,3.2,Southeast Asia,SGP,survey
Singapore,2002,38.6,1.45,44.1,1.95,5.5,2.4,12.5,3.1,Southeast Asia,SGP,survey
Singapore,2003,38.7,1.41,44.2,1.9,5.5,2.4,12.4,3.1,Southeast Asia,SGP,survey
Singapore,2004,38.8,1.39,44.2,1.86,5.4,2.3,12.2,3.0,Southeast Asia,SGP,survey
Singapore,2005,38.9,1.39,44.2,1.85,5.3,2.3,12.0,3.0,Southeast Asia,SGP,survey
Singapore,2006,39.0,1.4,44.3,1.85,5.3,2.3,12.0,3.0,Southeast Asia,SGP,survey
Singapore,2007,39.1,1.41,44.3,1.84,5.2,2.3,11.7,2.9,Southeast Asia,SGP,survey
Singapore,2008,39.1,1.4,44.3,1.84,5.2,2.3,11.7,2.9,Southeast Asia,SGP,survey
Singapore,2009,39.0,1.4,44.2,1.84,5.2,2.3,11.8,2.9,Southeast Asia,SGP,survey
Singapore,2010,38.9,1.39,44.1,1.85,5.2,2.3,11.8,3.0,Southeast Asia,SGP,survey
Singapore,2011,38.8,1.38,44.0,1.83,5.2,2.3,11.8,2.9,Southeast Asia,SGP,survey
Singapore,2012,38.7,1.37,43.8,1.84,5.1,2.3,11.6,2.9,Southeast Asia,SGP,survey
Singapore,2013,38.4,1.38,43.6,1.84,5.2,2.3,11.9,2.9,Southeast Asia,SGP,survey
Singapore,2014,38.2,1.38,43.4,1.85,5.2,2.3,12.0,3.0,Southeast Asia,SGP,survey
Singapore,2015,37.9,1.37,43.1,1.84,5.2,2.3,12.1,2.9,Southeast Asia,SGP,survey
Singapore,2016,37.6,1.38,42.9,1.85,5.3,2.3,12.4,3.0,Southeast Asia,SGP,survey
Singapore,2017,37.4,1.37,42.6,1.85,5.2,2.3,12.2,3.0,Southeast Asia,SGP,survey
Singapore,2018,37.2,1.37,42.4,1.85,5.2,2.3,12.3,3.0,Southeast Asia,SGP,survey
Singapore,2019,36.9,1.36,42.2,1.9,5.3,2.3,12.6,3.0,Southeast Asia,SGP,survey
Singapore,2020,36.6,1.37,41.9,1.92,5.3,2.4,12.6,3.1,Southeast Asia,SGP,survey
Singapore,2021,36.3,1.41,41.7,2.0,5.4,2.4,12.9,3.1,Southeast Asia,SGP,survey
Singapore,2022,36.0,1.48,41.5,2.09,5.5,2.6,13.3,3.3,Southeast Asia,SGP,survey
Singapore,2023,35.9,1.57,41.4,2.21,5.5,2.7,13.3,3.5,Southeast Asia,SGP,survey
Singapore,2024,35.8,1.75,41.3,2.38,5.5,3.0,13.3,3.8,Southeast Asia,SGP,survey
Slovakia,1988,18.3,0.81,32.7,1.57,14.400000000000002,,0.44036697247706424,,Eastern Europe & FSU,SVK,derived
Slovakia,1989,17.6,0.77,32.9,1.39,15.299999999999997,,0.4650455927051671,,Eastern Europe & FSU,SVK,derived
Slovakia,1990,17.7,0.88,34.1,1.31,16.400000000000002,,0.4809384164222874,,Eastern Europe & FSU,SVK,derived
Slovakia,1991,18.1,0.84,35.9,1.12,17.799999999999997,,0.49582172701949856,,Eastern Europe & FSU,SVK,derived
Slovakia,1992,18.8,0.48,38.5,0.77,19.7,,0.5116883116883116,,Eastern Europe & FSU,SVK,derived
Slovakia,1993,19.2,0.83,38.5,1.11,19.3,1.4,50.1,1.8,Eastern Europe & FSU,SVK,survey
Slovakia,1994,20.7,1.13,39.7,1.29,19.0,1.7,47.9,2.1,Eastern Europe & FSU,SVK,survey
Slovakia,1995,22.2,1.16,40.8,1.28,18.6,1.7,45.6,2.1,Eastern Europe & FSU,SVK,survey
Slovakia,1996,23.7,0.96,41.9,1.08,18.2,1.4,43.4,1.8,Eastern Europe & FSU,SVK,survey
Slovakia,1997,24.4,1.13,42.2,1.37,17.8,1.8,42.2,2.3,Eastern Europe & FSU,SVK,survey
Slovakia,1998,25.0,1.22,42.4,1.51,17.4,1.9,41.0,2.4,Eastern Europe & FSU,SVK,survey
Slovakia,1999,25.4,1.27,42.7,1.6,17.3,2.0,40.5,2.6,Eastern Europe & FSU,SVK,survey
Slovakia,2000,25.8,1.3,43.0,1.63,17.2,2.1,40.0,2.7,Eastern Europe & FSU,SVK,survey
Slovakia,2001,26.1,1.29,43.2,1.6,17.1,2.1,39.6,2.6,Eastern Europe & FSU,SVK,survey
Slovakia,2002,26.5,1.23,43.5,1.55,17.0,2.0,39.1,2.5,Eastern Europe & FSU,SVK,survey
Slovakia,2003,26.8,1.12,43.8,1.42,17.0,1.8,38.8,2.3,Eastern Europe & FSU,SVK,survey
Slovakia,2004,26.8,0.87,43.9,1.17,17.1,1.5,39.0,1.9,Eastern Europe & FSU,SVK,survey
Slovakia,2005,26.6,0.75,43.6,1.1,17.0,1.3,39.0,1.7,Eastern Europe & FSU,SVK,survey
Slovakia,2006,25.4,0.7,42.5,1.03,17.1,1.2,40.2,1.6,Eastern Europe & FSU,SVK,survey
Slovakia,2007,25.0,0.7,42.0,0.93,17.0,1.2,40.5,1.5,Eastern Europe & FSU,SVK,survey
Slovakia,2008,24.9,0.7,41.8,1.0,16.9,1.2,40.4,1.6,Eastern Europe & FSU,SVK,survey
Slovakia,2009,25.3,0.74,42.0,1.03,16.7,1.3,39.8,1.7,Eastern Europe & FSU,SVK,survey
Slovakia,2010,25.6,0.77,42.0,1.0,16.4,1.3,39.0,1.6,Eastern Europe & FSU,SVK,survey
Slovakia,2011,25.2,0.76,41.6,1.04,16.4,1.3,39.4,1.7,Eastern Europe & FSU,SVK,survey
Slovakia,2012,24.9,0.77,41.1,1.03,16.2,1.3,39.4,1.7,Eastern Europe & FSU,SVK,survey
Slovakia,2013,25.3,0.84,41.0,0.99,15.7,1.3,38.3,1.6,Eastern Europe & FSU,SVK,survey
Slovakia,2014,24.8,0.82,40.2,0.94,15.4,1.2,38.3,1.5,Eastern Europe & FSU,SVK,survey
Slovakia,2015,24.4,0.81,39.8,0.92,15.4,1.2,38.7,1.5,Eastern Europe & FSU,SVK,survey
Slovakia,2016,23.5,0.75,39.2,0.92,15.7,1.2,40.1,1.5,Eastern Europe & FSU,SVK,survey
Slovakia,2017,22.8,0.72,38.5,0.93,15.7,1.2,40.8,1.5,Eastern Europe & FSU,SVK,survey
Slovakia,2018,22.9,0.75,38.1,0.94,15.2,1.2,39.9,1.5,Eastern Europe & FSU,SVK,survey
Slovakia,2019,22.4,0.75,37.5,1.0,15.1,1.2,40.3,1.6,Eastern Europe & FSU,SVK,survey
Slovakia,2020,22.5,0.77,37.3,1.06,14.8,1.3,39.7,1.7,Eastern Europe & FSU,SVK,survey
Slovakia,2021,22.3,0.77,37.0,1.08,14.7,1.3,39.7,1.7,Eastern Europe & FSU,SVK,survey
Slovakia,2022,22.4,0.78,37.1,1.14,14.7,1.4,39.6,1.8,Eastern Europe & FSU,SVK,survey
Slovakia,2023,22.3,0.89,37.0,1.28,14.7,1.6,39.7,2.0,Eastern Europe & FSU,SVK,survey
Slovenia,1987,21.3,1.22,35.7,2.06,14.400000000000002,,0.40336134453781514,,Eastern Europe & FSU,SVN,derived
Slovenia,1988,21.0,1.2,35.8,1.99,14.799999999999997,,0.41340782122905023,,Eastern Europe & FSU,SVN,derived
Slovenia,1989,21.5,1.21,36.2,1.89,14.700000000000003,,0.4060773480662984,,Eastern Europe & FSU,SVN,derived
Slovenia,1990,21.9,1.18,36.5,1.82,14.600000000000001,,0.4,,Eastern Europe & FSU,SVN,derived
Slovenia,1991,22.6,1.08,37.0,1.74,14.399999999999999,,0.38918918918918916,,Eastern Europe & FSU,SVN,derived
Slovenia,1992,23.1,1.05,37.4,1.67,14.299999999999997,,0.3823529411764705,,Eastern Europe & FSU,SVN,derived
Slovenia,1993,23.5,1.03,37.8,1.6,14.3,1.9,37.8,2.5,Eastern Europe & FSU,SVN,survey
Slovenia,1994,23.2,1.05,37.7,1.55,14.5,1.9,38.5,2.5,Eastern Europe & FSU,SVN,survey
Slovenia,1995,23.3,1.06,37.8,1.46,14.5,1.8,38.4,2.3,Eastern Europe & FSU,SVN,survey
Slovenia,1996,23.3,1.04,37.7,1.35,14.4,1.7,38.2,2.2,Eastern Europe & FSU,SVN,survey
Slovenia,1997,23.2,0.89,37.6,1.11,14.4,1.4,38.3,1.8,Eastern Europe & FSU,SVN,survey
Slovenia,1998,23.3,0.85,37.9,1.16,14.6,1.4,38.5,1.8,Eastern Europe & FSU,SVN,survey
Slovenia,1999,23.2,0.83,38.0,1.06,14.8,1.3,38.9,1.7,Eastern Europe & FSU,SVN,survey
Slovenia,2000,23.2,0.89,38.4,1.22,15.2,1.5,39.6,1.9,Eastern Europe & FSU,SVN,survey
Slovenia,2001,23.1,0.92,38.8,1.28,15.7,1.6,40.5,2.0,Eastern Europe & FSU,SVN,survey
Slovenia,2002,23.1,0.88,39.1,1.26,16.0,1.5,40.9,2.0,Eastern Europe & FSU,SVN,survey
Slovenia,2003,23.3,0.83,39.5,1.19,16.2,1.5,41.0,1.9,Eastern Europe & FSU,SVN,survey
Slovenia,2004,23.3,0.69,39.8,1.02,16.5,1.2,41.5,1.6,Eastern Europe & FSU,SVN,survey
Slovenia,2005,23.6,0.69,40.1,1.02,16.5,1.2,41.1,1.6,Eastern Europe & FSU,SVN,survey
Slovenia,2006,23.6,0.7,40.1,1.02,16.5,1.2,41.1,1.6,Eastern Europe & FSU,SVN,survey
Slovenia,2007,23.3,0.69,40.1,0.99,16.8,1.2,41.9,1.6,Eastern Europe & FSU,SVN,survey
Slovenia,2008,23.4,0.7,40.3,1.01,16.9,1.2,41.9,1.6,Eastern Europe & FSU,SVN,survey
Slovenia,2009,24.1,0.71,40.9,1.03,16.8,1.3,41.1,1.7,Eastern Europe & FSU,SVN,survey
Slovenia,2010,24.8,0.72,41.5,1.02,16.7,1.2,40.2,1.6,Eastern Europe & FSU,SVN,survey
Slovenia,2011,24.9,0.74,42.0,1.04,17.1,1.3,40.7,1.7,Eastern Europe & FSU,SVN,survey
Slovenia,2012,25.7,0.77,42.7,1.05,17.0,1.3,39.8,1.7,Eastern Europe & FSU,SVN,survey
Slovenia,2013,25.3,0.74,42.7,1.06,17.4,1.3,40.7,1.7,Eastern Europe & FSU,SVN,survey
Slovenia,2014,25.1,0.78,42.5,1.08,17.4,1.3,40.9,1.7,Eastern Europe & FSU,SVN,survey
Slovenia,2015,25.2,0.84,42.4,1.06,17.2,1.4,40.6,1.8,Eastern Europe & FSU,SVN,survey
Slovenia,2016,24.6,0.8,41.7,1.08,17.1,1.3,41.0,1.7,Eastern Europe & FSU,SVN,survey
Slovenia,2017,24.2,0.78,41.3,1.11,17.1,1.4,41.4,1.8,Eastern Europe & FSU,SVN,survey
Slovenia,2018,24.1,0.8,41.1,1.14,17.0,1.4,41.4,1.8,Eastern Europe & FSU,SVN,survey
Slovenia,2019,24.0,0.8,40.8,1.14,16.8,1.4,41.2,1.8,Eastern Europe & FSU,SVN,survey
Slovenia,2020,23.8,0.79,40.5,1.13,16.7,1.4,41.2,1.8,Eastern Europe & FSU,SVN,survey
Slovenia,2021,23.7,0.79,40.4,1.15,16.7,1.4,41.3,1.8,Eastern Europe & FSU,SVN,survey
Slovenia,2022,23.8,0.81,40.4,1.21,16.6,1.5,41.1,1.9,Eastern Europe & FSU,SVN,survey
Slovenia,2023,23.9,0.89,40.4,1.36,16.5,1.6,40.8,2.1,Eastern Europe & FSU,SVN,survey
South Africa,1975,59.2,3.86,64.1,4.44,4.8999999999999915,,0.07644305772230876,,Sub-Saharan Africa,ZAF,derived
South Africa,1976,59.4,3.82,64.2,4.38,4.800000000000004,,0.07476635514018698,,Sub-Saharan Africa,ZAF,derived
South Africa,1977,59.5,3.75,64.4,4.31,4.900000000000006,,0.07608695652173922,,Sub-Saharan Africa,ZAF,derived
South Africa,1978,59.6,3.71,64.5,4.23,4.899999999999999,,0.07596899224806199,,Sub-Saharan Africa,ZAF,derived
South Africa,1979,59.8,3.65,64.6,4.16,4.799999999999997,,0.07430340557275537,,Sub-Saharan Africa,ZAF,derived
South Africa,1980,59.9,3.58,64.7,4.08,4.800000000000004,,0.07418856259659976,,Sub-Saharan Africa,ZAF,derived
South Africa,1981,60.1,3.47,64.9,4.0,4.800000000000004,,0.07395993836671809,,Sub-Saharan Africa,ZAF,derived
South Africa,1982,60.2,3.38,65.0,3.9,4.799999999999997,,0.0738461538461538,,Sub-Saharan Africa,ZAF,derived
South Africa,1983,60.3,3.28,65.2,3.81,4.900000000000006,,0.07515337423312891,,Sub-Saharan Africa,ZAF,derived
South Africa,1984,60.4,3.19,65.3,3.7,4.899999999999999,,0.07503828483920366,,Sub-Saharan Africa,ZAF,derived
South Africa,1985,60.6,3.09,65.4,3.58,4.8,4.7,7.3,5.9,Sub-Saharan Africa,ZAF,survey
South Africa,1986,60.7,2.96,65.5,3.44,4.8,4.5,7.3,5.7,Sub-Saharan Africa,ZAF,survey
South Africa,1987,60.8,2.82,65.7,3.31,4.9,4.3,7.5,5.4,Sub-Saharan Africa,ZAF,survey
South Africa,1988,61.0,2.66,65.8,3.17,4.8,4.1,7.3,5.2,Sub-Saharan Africa,ZAF,survey
South Africa,1989,61.1,2.49,65.9,3.03,4.8,3.9,7.3,4.9,Sub-Saharan Africa,ZAF,survey
South Africa,1990,61.2,2.29,66.0,2.86,4.8,3.7,7.3,4.7,Sub-Saharan Africa,ZAF,survey
South Africa,1991,61.3,2.07,66.1,2.68,4.8,3.4,7.3,4.3,Sub-Saharan Africa,ZAF,survey
South Africa,1992,61.5,1.88,66.3,2.53,4.8,3.2,7.2,4.1,Sub-Saharan Africa,ZAF,survey
South Africa,1993,61.6,1.64,66.3,2.36,4.7,2.9,7.1,3.7,Sub-Saharan Africa,ZAF,survey
South Africa,1994,61.6,1.74,66.6,2.37,5.0,2.9,7.5,3.7,Sub-Saharan Africa,ZAF,survey
South Africa,1995,61.5,1.8,66.8,2.34,5.3,3.0,7.9,3.8,Sub-Saharan Africa,ZAF,survey
South Africa,1996,61.6,1.86,67.1,2.34,5.5,3.0,8.2,3.8,Sub-Saharan Africa,ZAF,survey
South Africa,1997,61.7,1.94,67.3,2.38,5.6,3.1,8.3,3.9,Sub-Saharan Africa,ZAF,survey
South Africa,1998,61.8,1.97,67.6,2.35,5.8,3.1,8.6,3.9,Sub-Saharan Africa,ZAF,survey
South Africa,1999,61.9,1.94,67.9,2.3,6.0,3.0,8.8,3.8,Sub-Saharan Africa,ZAF,survey
South Africa,2000,62.0,1.86,68.2,2.21,6.2,2.9,9.1,3.6,Sub-Saharan Africa,ZAF,survey
South Africa,2001,62.3,1.94,68.6,2.26,6.3,3.0,9.2,3.8,Sub-Saharan Africa,ZAF,survey
South Africa,2002,62.6,1.98,69.1,2.26,6.5,3.0,9.4,3.8,Sub-Saharan Africa,ZAF,survey
South Africa,2003,62.8,1.97,69.6,2.2,6.8,3.0,9.8,3.7,Sub-Saharan Africa,ZAF,survey
South Africa,2004,63.1,1.92,70.1,2.1,7.0,2.8,10.0,3.5,Sub-Saharan Africa,ZAF,survey
South Africa,2005,63.4,1.87,70.7,2.0,7.3,2.7,10.3,3.4,Sub-Saharan Africa,ZAF,survey
South Africa,2006,63.6,1.8,71.3,1.89,7.7,2.6,10.8,3.2,Sub-Saharan Africa,ZAF,survey
South Africa,2007,63.8,1.74,71.8,1.78,8.0,2.5,11.1,3.1,Sub-Saharan Africa,ZAF,survey
South Africa,2008,63.9,1.62,72.4,1.57,8.5,2.3,11.7,2.8,Sub-Saharan Africa,ZAF,survey
South Africa,2009,63.7,1.71,72.2,1.62,8.5,2.4,11.8,2.9,Sub-Saharan Africa,ZAF,survey
South Africa,2010,63.5,1.73,72.1,1.61,8.6,2.4,11.9,2.9,Sub-Saharan Africa,ZAF,survey
South Africa,2011,63.3,1.71,71.9,1.55,8.6,2.3,12.0,2.8,Sub-Saharan Africa,ZAF,survey
South Africa,2012,63.0,1.71,71.8,1.48,8.8,2.3,12.3,2.7,Sub-Saharan Africa,ZAF,survey
South Africa,2013,62.8,1.82,71.4,1.55,8.6,2.4,12.0,2.9,Sub-Saharan Africa,ZAF,survey
South Africa,2014,62.6,1.88,71.1,1.53,8.5,2.4,12.0,2.8,Sub-Saharan Africa,ZAF,survey
South Africa,2015,62.4,1.89,70.9,1.41,8.5,2.4,12.0,2.8,Sub-Saharan Africa,ZAF,survey
South Africa,2016,62.2,1.91,70.7,1.5,8.5,2.4,12.0,2.8,Sub-Saharan Africa,ZAF,survey
South Africa,2017,62.0,1.86,70.6,1.44,8.6,2.4,12.2,2.8,Sub-Saharan Africa,ZAF,survey
South Africa,2018,61.9,2.12,70.4,1.82,8.5,2.8,12.1,3.3,Sub-Saharan Africa,ZAF,survey
South Africa,2019,61.7,2.32,70.2,2.11,8.5,3.1,12.1,3.7,Sub-Saharan Africa,ZAF,survey
South Africa,2020,61.6,2.53,70.0,2.35,8.4,3.5,12.0,4.2,Sub-Saharan Africa,ZAF,survey
South Africa,2021,61.4,2.71,69.8,2.56,8.4,3.7,12.0,4.5,Sub-Saharan Africa,ZAF,survey
South Africa,2022,61.2,2.86,69.6,2.74,8.4,4.0,12.1,4.8,Sub-Saharan Africa,ZAF,survey
Spain,1974,32.1,1.03,47.6,1.74,15.5,,0.32563025210084034,,Southern Europe,ESP,derived
Spain,1975,32.1,1.31,46.9,1.82,14.8,2.2,31.6,2.9,Southern Europe,ESP,survey
Spain,1976,32.1,1.46,46.2,1.83,14.1,2.3,30.5,2.9,Southern Europe,ESP,survey
Spain,1977,32.1,1.5,45.4,1.76,13.3,2.3,29.3,2.9,Southern Europe,ESP,survey
Spain,1978,32.1,1.43,44.7,1.62,12.6,2.2,28.2,2.7,Southern Europe,ESP,survey
Spain,1979,32.1,1.24,44.0,1.39,11.9,1.9,27.0,2.4,Southern Europe,ESP,survey
Spain,1980,32.1,0.8,43.3,1.0,11.2,1.3,25.9,1.6,Southern Europe,ESP,survey
Spain,1981,32.3,1.05,43.9,1.28,11.6,1.7,26.4,2.1,Southern Europe,ESP,survey
Spain,1982,32.3,1.28,44.3,1.46,12.0,1.9,27.1,2.4,Southern Europe,ESP,survey
Spain,1983,32.4,1.34,44.7,1.49,12.3,2.0,27.5,2.5,Southern Europe,ESP,survey
Spain,1984,32.5,1.25,45.1,1.38,12.6,1.9,27.9,2.3,Southern Europe,ESP,survey
Spain,1985,32.5,0.98,45.5,1.11,13.0,1.5,28.6,1.9,Southern Europe,ESP,survey
Spain,1986,33.0,0.67,46.6,0.91,13.6,1.1,29.2,1.4,Southern Europe,ESP,survey
Spain,1987,32.1,0.66,46.0,0.88,13.9,1.1,30.2,1.4,Southern Europe,ESP,survey
Spain,1988,31.3,0.67,45.0,0.87,13.7,1.1,30.4,1.4,Southern Europe,ESP,survey
Spain,1989,30.6,0.63,44.1,0.82,13.5,1.0,30.6,1.3,Southern Europe,ESP,survey
Spain,1990,30.6,0.66,43.5,0.75,12.9,1.0,29.7,1.2,Southern Europe,ESP,survey
Spain,1991,31.0,0.59,44.4,0.8,13.4,1.0,30.2,1.3,Southern Europe,ESP,survey
Spain,1992,30.7,0.64,44.6,0.82,13.9,1.0,31.2,1.3,Southern Europe,ESP,survey
Spain,1993,32.6,0.79,46.7,0.89,14.1,1.2,30.2,1.5,Southern Europe,ESP,survey
Spain,1994,33.2,0.93,47.4,0.94,14.2,1.3,30.0,1.6,Southern Europe,ESP,survey
Spain,1995,33.5,1.1,47.7,1.1,14.2,1.6,29.8,1.9,Southern Europe,ESP,survey
Spain,1996,33.7,1.11,47.7,1.13,14.0,1.6,29.4,2.0,Southern Europe,ESP,survey
Spain,1997,33.4,1.13,47.3,1.17,13.9,1.6,29.4,2.0,Southern Europe,ESP,survey
Spain,1998,33.0,1.14,46.7,1.2,13.7,1.7,29.3,2.1,Southern Europe,ESP,survey
Spain,1999,32.5,1.11,46.1,1.18,13.6,1.6,29.5,2.0,Southern Europe,ESP,survey
Spain,2000,31.9,1.06,45.6,1.18,13.7,1.6,30.0,2.0,Southern Europe,ESP,survey
Spain,2001,30.9,0.84,45.2,1.16,14.3,1.4,31.6,1.8,Southern Europe,ESP,survey
Spain,2002,30.6,0.72,45.2,1.12,14.6,1.3,32.3,1.7,Southern Europe,ESP,survey
Spain,2003,31.7,0.78,46.1,1.03,14.4,1.3,31.2,1.7,Southern Europe,ESP,survey
Spain,2004,32.5,0.69,46.8,0.83,14.3,1.1,30.6,1.4,Southern Europe,ESP,survey
Spain,2005,32.4,0.79,46.6,0.91,14.2,1.2,30.5,1.5,Southern Europe,ESP,survey
Spain,2006,32.1,0.68,46.3,0.83,14.2,1.1,30.7,1.4,Southern Europe,ESP,survey
Spain,2007,32.4,0.7,46.3,0.77,13.9,1.0,30.0,1.3,Southern Europe,ESP,survey
Spain,2008,32.7,0.72,47.3,0.81,14.6,1.1,30.9,1.4,Southern Europe,ESP,survey
Spain,2009,33.1,0.76,48.7,0.82,15.6,1.1,32.0,1.4,Southern Europe,ESP,survey
Spain,2010,33.5,0.87,49.9,0.94,16.4,1.3,32.9,1.6,Southern Europe,ESP,survey
Spain,2011,33.7,0.84,50.7,0.96,17.0,1.3,33.5,1.6,Southern Europe,ESP,survey
Spain,2012,33.8,0.73,51.4,0.81,17.6,1.1,34.2,1.4,Southern Europe,ESP,survey
Spain,2013,34.2,0.73,52.2,0.79,18.0,1.1,34.5,1.4,Southern Europe,ESP,survey
Spain,2014,34.3,0.69,52.5,0.8,18.2,1.1,34.7,1.4,Southern Europe,ESP,survey
Spain,2015,34.2,0.71,52.4,0.81,18.2,1.1,34.7,1.4,Southern Europe,ESP,survey
Spain,2016,33.9,0.73,52.0,0.82,18.1,1.1,34.8,1.4,Southern Europe,ESP,survey
Spain,2017,33.3,0.65,51.4,0.85,18.1,1.1,35.2,1.4,Southern Europe,ESP,survey
Spain,2018,32.9,0.66,51.0,0.83,18.1,1.1,35.5,1.4,Southern Europe,ESP,survey
Spain,2019,32.4,0.71,50.5,0.77,18.1,1.0,35.8,1.3,Southern Europe,ESP,survey
Spain,2020,32.4,0.66,50.8,0.78,18.4,1.0,36.2,1.3,Southern Europe,ESP,survey
Spain,2021,31.9,0.59,50.0,0.68,18.1,0.9,36.2,1.1,Southern Europe,ESP,survey
Spain,2022,31.5,0.54,49.1,0.76,17.6,0.9,35.8,1.2,Southern Europe,ESP,survey
Spain,2023,31.4,0.95,48.7,1.17,17.3,1.5,35.5,1.9,Southern Europe,ESP,survey
Sri Lanka,1970,36.6,2.82,38.3,3.28,1.6999999999999957,,0.044386422976501194,,South Asia,LKA,derived
Sri Lanka,1971,36.8,2.79,38.5,3.2,1.7000000000000028,,0.04415584415584423,,South Asia,LKA,derived
Sri Lanka,1972,37.0,2.74,38.7,3.12,1.7000000000000028,,0.04392764857881144,,South Asia,LKA,derived
Sri Lanka,1973,37.2,2.65,38.8,3.02,1.5999999999999943,,0.04123711340206171,,South Asia,LKA,derived
Sri Lanka,1974,37.6,2.68,39.0,3.0,1.3999999999999986,,0.03589743589743586,,South Asia,LKA,derived
Sri Lanka,1975,38.0,2.69,39.3,2.95,1.2999999999999972,,0.03307888040712461,,South Asia,LKA,derived
Sri Lanka,1976,38.4,2.65,39.5,2.89,1.1000000000000014,,0.027848101265822822,,South Asia,LKA,derived
Sri Lanka,1977,38.7,2.6,39.7,2.83,1.0,,0.025188916876574305,,South Asia,LKA,derived
Sri Lanka,1978,39.1,2.52,40.0,2.72,0.8999999999999986,,0.022499999999999964,,South Asia,LKA,derived
Sri Lanka,1979,39.5,2.49,40.1,2.66,0.6000000000000014,,0.01496259351620951,,South Asia,LKA,derived
Sri Lanka,1980,39.8,2.44,40.3,2.57,0.5,,0.01240694789081886,,South Asia,LKA,derived
Sri Lanka,1981,40.2,2.35,40.5,2.45,0.29999999999999716,,0.0074074074074073374,,South Asia,LKA,derived
Sri Lanka,1982,40.4,2.35,40.5,2.43,0.10000000000000142,,0.002469135802469171,,South Asia,LKA,derived
Sri Lanka,1983,40.7,2.32,40.4,2.39,-0.30000000000000426,,-0.007425742574257531,,South Asia,LKA,derived
Sri Lanka,1984,40.9,2.24,40.4,2.31,-0.5,,-0.012376237623762377,,South Asia,LKA,derived
Sri Lanka,1985,41.1,2.15,40.4,2.22,-0.7000000000000028,,-0.017326732673267398,,South Asia,LKA,derived
Sri Lanka,1986,41.4,2.05,40.5,2.13,-0.8999999999999986,,-0.02222222222222219,,South Asia,LKA,derived
Sri Lanka,1987,41.6,2.16,40.5,2.22,-1.1000000000000014,,-0.02716049382716053,,South Asia,LKA,derived
Sri Lanka,1988,41.9,2.25,40.6,2.27,-1.2999999999999972,,-0.03201970443349746,,South Asia,LKA,derived
Sri Lanka,1989,42.2,2.25,40.6,2.28,-1.6000000000000014,,-0.03940886699507393,,South Asia,LKA,derived
Sri Lanka,1990,42.4,2.23,40.7,2.26,-1.6999999999999957,,-0.041769041769041663,,South Asia,LKA,derived
Sri Lanka,1991,42.7,2.25,40.9,2.26,-1.8000000000000043,,-0.04400977995110035,,South Asia,LKA,derived
Sri Lanka,1992,43.1,2.27,41.0,2.28,-2.1000000000000014,,-0.05121951219512198,,South Asia,LKA,derived
Sri Lanka,1993,43.4,2.29,41.2,2.26,-2.1999999999999957,,-0.05339805825242708,,South Asia,LKA,derived
Sri Lanka,1994,43.8,2.25,41.3,2.19,-2.5,,-0.060532687651331726,,South Asia,LKA,derived
Sri Lanka,1995,44.1,2.21,41.6,2.14,-2.5,,-0.06009615384615384,,South Asia,LKA,derived
Sri Lanka,1996,44.4,2.18,41.9,2.1,-2.5,,-0.05966587112171838,,South Asia,LKA,derived
Sri Lanka,1997,44.8,2.3,42.1,2.19,-2.6999999999999957,,-0.06413301662707828,,South Asia,LKA,derived
Sri Lanka,1998,45.3,2.33,42.4,2.24,-2.8999999999999986,,-0.06839622641509431,,South Asia,LKA,derived
Sri Lanka,1999,45.7,2.35,42.6,2.25,-3.1000000000000014,,-0.07276995305164323,,South Asia,LKA,derived
Sri Lanka,2000,46.1,2.32,42.9,2.22,-3.200000000000003,,-0.07459207459207466,,South Asia,LKA,derived
Sri Lanka,2001,46.5,2.27,43.1,2.14,-3.3999999999999986,,-0.07888631090487236,,South Asia,LKA,derived
Sri Lanka,2002,46.9,2.15,43.3,2.02,-3.6000000000000014,,-0.08314087759815246,,South Asia,LKA,derived
Sri Lanka,2003,47.1,2.18,43.5,2.01,-3.6000000000000014,,-0.0827586206896552,,South Asia,LKA,derived
Sri Lanka,2004,47.3,2.19,43.6,2.0,-3.6999999999999957,,-0.08486238532110081,,South Asia,LKA,derived
Sri Lanka,2005,47.6,2.15,43.7,1.95,-3.8999999999999986,,-0.0892448512585812,,South Asia,LKA,derived
Sri Lanka,2006,47.9,2.14,43.8,1.9,-4.100000000000001,,-0.0936073059360731,,South Asia,LKA,derived
Sri Lanka,2007,47.9,2.17,43.8,1.92,-4.100000000000001,,-0.0936073059360731,,South Asia,LKA,derived
Sri Lanka,2008,47.9,2.21,43.6,1.95,-4.299999999999997,,-0.09862385321100911,,South Asia,LKA,derived
Sri Lanka,2009,47.8,2.2,43.5,1.94,-4.299999999999997,,-0.09885057471264361,,South Asia,LKA,derived
Sri Lanka,2010,47.8,2.2,43.4,1.93,-4.399999999999999,,-0.10138248847926265,,South Asia,LKA,derived
Sri Lanka,2011,47.9,2.26,43.5,2.02,-4.399999999999999,,-0.10114942528735629,,South Asia,LKA,derived
Sri Lanka,2012,47.9,2.26,43.4,2.03,-4.5,,-0.10368663594470047,,South Asia,LKA,derived
Sri Lanka,2013,47.9,2.28,43.5,2.06,-4.399999999999999,,-0.10114942528735629,,South Asia,LKA,derived
Sri Lanka,2014,48.0,2.43,43.4,2.25,-4.600000000000001,,-0.10599078341013829,,South Asia,LKA,derived
Sri Lanka,2015,48.1,2.59,43.3,2.4,-4.800000000000004,,-0.11085450346420334,,South Asia,LKA,derived
Sri Lanka,2016,48.2,2.71,43.2,2.54,-5.0,,-0.11574074074074073,,South Asia,LKA,derived
Sri Lanka,2017,48.2,2.85,43.2,2.72,-5.0,,-0.11574074074074073,,South Asia,LKA,derived
Sri Lanka,2018,48.2,2.99,43.1,2.87,-5.100000000000001,,-0.11832946635730861,,South Asia,LKA,derived
Sri Lanka,2019,48.2,3.09,43.0,3.0,-5.200000000000003,,-0.1209302325581396,,South Asia,LKA,derived
Sudan,1968,42.6,4.28,43.5,4.77,0.8999999999999986,,0.02068965517241376,,Sub-Saharan Africa,SDN,derived
Sudan,1969,42.8,4.35,43.6,4.78,0.8000000000000043,,0.018348623853211107,,Sub-Saharan Africa,SDN,derived
Sudan,1970,42.9,4.39,43.7,4.81,0.8000000000000043,,0.018306636155606505,,Sub-Saharan Africa,SDN,derived
Sudan,1971,43.1,4.46,43.8,4.82,0.6999999999999957,,0.015981735159817254,,Sub-Saharan Africa,SDN,derived
Sudan,1972,43.2,4.49,43.9,4.84,0.6999999999999957,,0.015945330296127467,,Sub-Saharan Africa,SDN,derived
Sudan,1973,43.4,4.53,44.0,4.86,0.6000000000000014,,0.013636363636363669,,Sub-Saharan Africa,SDN,derived
Sudan,1974,43.6,4.58,44.1,4.85,0.5,,0.011337868480725623,,Sub-Saharan Africa,SDN,derived
Sudan,1975,43.7,4.58,44.2,4.86,0.5,,0.011312217194570135,,Sub-Saharan Africa,SDN,derived
Sudan,1976,43.9,4.6,44.3,4.87,0.3999999999999986,,0.009029345372460465,,Sub-Saharan Africa,SDN,derived
Sudan,1977,44.1,4.62,44.4,4.87,0.29999999999999716,,0.006756756756756693,,Sub-Saharan Africa,SDN,derived
Sudan,1978,44.2,4.61,44.5,4.86,0.29999999999999716,,0.006741573033707801,,Sub-Saharan Africa,SDN,derived
Sudan,1979,44.4,4.63,44.6,4.84,0.20000000000000284,,0.004484304932735489,,Sub-Saharan Africa,SDN,derived
Sudan,1980,44.6,4.63,44.7,4.81,0.10000000000000142,,0.0022371364653244164,,Sub-Saharan Africa,SDN,derived
Sudan,1981,44.8,4.62,44.8,4.8,0.0,,0.0,,Sub-Saharan Africa,SDN,derived
Sudan,1982,44.9,4.61,44.9,4.76,0.0,,0.0,,Sub-Saharan Africa,SDN,derived
Sudan,1983,45.1,4.58,45.0,4.74,-0.10000000000000142,,-0.002222222222222254,,Sub-Saharan Africa,SDN,derived
Sudan,1984,45.2,4.57,45.1,4.7,-0.10000000000000142,,-0.0022172949002217607,,Sub-Saharan Africa,SDN,derived
Sudan,1985,45.4,4.55,45.2,4.67,-0.19999999999999574,,-0.004424778761061852,,Sub-Saharan Africa,SDN,derived
Sudan,1986,45.6,4.53,45.3,4.63,-0.30000000000000426,,-0.006622516556291485,,Sub-Saharan Africa,SDN,derived
Sudan,1987,45.7,4.49,45.4,4.59,-0.30000000000000426,,-0.006607929515418596,,Sub-Saharan Africa,SDN,derived
Sudan,1988,45.9,4.43,45.5,4.54,-0.3999999999999986,,-0.00879120879120876,,Sub-Saharan Africa,SDN,derived
Sudan,1989,46.0,4.4,45.6,4.49,-0.3999999999999986,,-0.008771929824561372,,Sub-Saharan Africa,SDN,derived
Sudan,1990,46.2,4.35,45.8,4.4,-0.4000000000000057,,-0.008733624454148596,,Sub-Saharan Africa,SDN,derived
Sudan,1991,46.4,4.29,45.8,4.34,-0.6000000000000014,,-0.01310043668122274,,Sub-Saharan Africa,SDN,derived
Sudan,1992,46.6,4.24,45.9,4.28,-0.7000000000000028,,-0.01525054466230943,,Sub-Saharan Africa,SDN,derived
Sudan,1993,46.7,4.19,46.0,4.19,-0.7000000000000028,,-0.015217391304347887,,Sub-Saharan Africa,SDN,derived
Sudan,1994,46.9,4.11,46.2,4.11,-0.6999999999999957,,-0.015151515151515058,,Sub-Saharan Africa,SDN,derived
Sudan,1995,47.0,4.05,46.3,4.03,-0.7000000000000028,,-0.015118790496760322,,Sub-Saharan Africa,SDN,derived
Sudan,1996,47.2,3.98,46.4,3.95,-0.8000000000000043,,-0.01724137931034492,,Sub-Saharan Africa,SDN,derived
Sudan,1997,47.4,3.89,46.4,3.84,-1.0,,-0.021551724137931036,,Sub-Saharan Africa,SDN,derived
Sudan,1998,47.5,3.8,46.5,3.72,-1.0,,-0.021505376344086023,,Sub-Saharan Africa,SDN,derived
Sudan,1999,47.7,3.72,46.6,3.59,-1.1000000000000014,,-0.023605150214592304,,Sub-Saharan Africa,SDN,derived
Sudan,2000,47.9,3.62,46.7,3.47,-1.1999999999999957,,-0.025695931477515966,,Sub-Saharan Africa,SDN,derived
Sudan,2001,48.1,3.51,46.8,3.33,-1.3000000000000043,,-0.02777777777777787,,Sub-Saharan Africa,SDN,derived
Sudan,2002,48.2,3.39,46.9,3.18,-1.3000000000000043,,-0.0277185501066099,,Sub-Saharan Africa,SDN,derived
Sudan,2003,48.4,3.27,47.0,3.04,-1.3999999999999986,,-0.02978723404255316,,Sub-Saharan Africa,SDN,derived
Sudan,2004,48.6,3.13,47.1,2.89,-1.5,,-0.03184713375796178,,Sub-Saharan Africa,SDN,derived
Sudan,2005,48.7,2.98,47.1,2.7,-1.6000000000000014,,-0.033970276008492596,,Sub-Saharan Africa,SDN,derived
Sudan,2006,48.9,2.79,47.2,2.47,-1.6999999999999957,,-0.036016949152542284,,Sub-Saharan Africa,SDN,derived
Sudan,2007,49.1,2.59,47.3,2.24,-1.8000000000000043,,-0.03805496828752652,,Sub-Saharan Africa,SDN,derived
Sudan,2008,49.2,2.37,47.4,1.95,-1.8000000000000043,,-0.03797468354430389,,Sub-Saharan Africa,SDN,derived
Sudan,2009,49.4,2.12,47.5,1.63,-1.8999999999999986,,-0.03999999999999997,,Sub-Saharan Africa,SDN,derived
Sudan,2010,49.2,2.37,47.2,1.94,-2.0,,-0.0423728813559322,,Sub-Saharan Africa,SDN,derived
Sudan,2011,48.9,2.6,47.0,2.19,-1.8999999999999986,,-0.040425531914893585,,Sub-Saharan Africa,SDN,derived
Sudan,2012,48.7,2.81,46.7,2.39,-2.0,,-0.042826552462526764,,Sub-Saharan Africa,SDN,derived
Sudan,2013,48.5,2.94,46.4,2.57,-2.1000000000000014,,-0.04525862068965521,,Sub-Saharan Africa,SDN,derived
Sudan,2014,48.3,3.07,46.2,2.76,-2.0999999999999943,,-0.04545454545454533,,Sub-Saharan Africa,SDN,derived
Sweden,1960,45.5,1.69,51.7,1.63,6.200000000000003,,0.11992263056092849,,Nordic,SWE,derived
Sweden,1961,44.9,1.71,53.3,1.77,8.399999999999999,,0.15759849906191367,,Nordic,SWE,derived
Sweden,1962,44.3,1.67,54.6,1.88,10.300000000000004,,0.18864468864468872,,Nordic,SWE,derived
Sweden,1963,43.5,1.67,55.5,1.98,12.0,,0.21621621621621623,,Nordic,SWE,derived
Sweden,1964,42.7,1.66,56.1,2.05,13.399999999999999,,0.2388591800356506,,Nordic,SWE,derived
Sweden,1965,41.7,1.64,56.5,2.07,14.799999999999997,,0.2619469026548672,,Nordic,SWE,derived
Sweden,1966,40.7,1.6,56.5,2.07,15.799999999999997,,0.279646017699115,,Nordic,SWE,derived
Sweden,1967,39.4,1.58,56.2,2.08,16.800000000000004,,0.29893238434163705,,Nordic,SWE,derived
Sweden,1968,37.8,1.56,55.7,2.06,17.900000000000006,,0.3213644524236985,,Nordic,SWE,derived
Sweden,1969,35.9,1.51,54.8,2.02,18.9,,0.3448905109489051,,Nordic,SWE,derived
Sweden,1970,33.7,1.44,53.7,1.96,20.0,,0.37243947858473,,Nordic,SWE,derived
Sweden,1971,31.1,1.3,52.2,1.88,21.1,,0.4042145593869732,,Nordic,SWE,derived
Sweden,1972,28.6,1.18,50.5,1.76,21.9,,0.43366336633663366,,Nordic,SWE,derived
Sweden,1973,26.8,1.14,48.7,1.63,21.900000000000002,,0.44969199178644764,,Nordic,SWE,derived
Sweden,1974,24.8,1.0,46.5,1.43,21.7,,0.4666666666666667,,Nordic,SWE,derived
Sweden,1975,22.5,0.58,44.1,1.09,21.6,1.2,49.0,1.6,Nordic,SWE,survey
Sweden,1976,22.5,0.97,44.2,1.37,21.7,1.7,49.1,2.2,Nordic,SWE,survey
Sweden,1977,22.1,1.04,44.1,1.46,22.0,1.8,49.9,2.3,Nordic,SWE,survey
Sweden,1978,21.4,0.96,43.6,1.46,22.2,1.7,50.9,2.2,Nordic,SWE,survey
Sweden,1979,21.0,0.9,43.1,1.39,22.1,1.7,51.3,2.2,Nordic,SWE,survey
Sweden,1980,20.3,0.79,42.6,1.31,22.3,1.5,52.3,2.0,Nordic,SWE,survey
Sweden,1981,20.0,0.52,42.1,1.12,22.1,1.2,52.5,1.6,Nordic,SWE,survey
Sweden,1982,20.1,0.76,42.0,1.2,21.9,1.4,52.1,1.8,Nordic,SWE,survey
Sweden,1983,20.5,0.57,41.8,1.14,21.3,1.3,51.0,1.7,Nordic,SWE,survey
Sweden,1984,20.4,0.82,42.3,1.28,21.9,1.5,51.8,2.0,Nordic,SWE,survey
Sweden,1985,20.4,0.89,42.7,1.31,22.3,1.6,52.2,2.1,Nordic,SWE,survey
Sweden,1986,20.7,0.87,43.0,1.24,22.3,1.5,51.9,1.9,Nordic,SWE,survey
Sweden,1987,21.1,0.55,43.3,1.01,22.2,1.2,51.3,1.6,Nordic,SWE,survey
Sweden,1988,21.0,0.77,43.8,1.19,22.8,1.4,52.1,1.8,Nordic,SWE,survey
Sweden,1989,21.7,0.79,44.4,1.22,22.7,1.5,51.1,1.9,Nordic,SWE,survey
Sweden,1990,22.4,0.73,44.7,1.14,22.3,1.4,49.9,1.8,Nordic,SWE,survey
Sweden,1991,22.3,0.55,44.8,0.99,22.5,1.1,50.2,1.5,Nordic,SWE,survey
Sweden,1992,22.9,0.56,46.0,0.91,23.1,1.1,50.2,1.4,Nordic,SWE,survey
Sweden,1993,23.3,0.78,47.0,1.11,23.7,1.4,50.4,1.8,Nordic,SWE,survey
Sweden,1994,23.6,0.79,48.0,1.08,24.4,1.3,50.8,1.7,Nordic,SWE,survey
Sweden,1995,22.8,0.53,48.7,0.8,25.9,1.0,53.2,1.3,Nordic,SWE,survey
Sweden,1996,24.2,0.78,48.8,1.14,24.6,1.4,50.4,1.8,Nordic,SWE,survey
Sweden,1997,24.9,0.93,48.8,1.26,23.9,1.6,49.0,2.0,Nordic,SWE,survey
Sweden,1998,25.3,0.84,48.6,1.24,23.3,1.5,47.9,1.9,Nordic,SWE,survey
Sweden,1999,25.2,0.93,48.4,1.15,23.2,1.5,47.9,1.9,Nordic,SWE,survey
Sweden,2000,25.1,0.68,48.0,0.81,22.9,1.1,47.7,1.4,Nordic,SWE,survey
Sweden,2001,24.8,0.64,47.5,0.73,22.7,1.0,47.8,1.2,Nordic,SWE,survey
Sweden,2002,24.5,0.45,47.3,0.72,22.8,0.8,48.2,1.1,Nordic,SWE,survey
Sweden,2003,24.1,0.47,47.1,0.72,23.0,0.9,48.8,1.2,Nordic,SWE,survey
Sweden,2004,24.1,0.5,47.3,0.69,23.2,0.9,49.0,1.1,Nordic,SWE,survey
Sweden,2005,24.5,0.54,47.4,0.64,22.9,0.8,48.3,1.0,Nordic,SWE,survey
Sweden,2006,25.3,0.65,47.3,0.67,22.0,0.9,46.5,1.1,Nordic,SWE,survey
Sweden,2007,25.9,0.57,46.9,0.71,21.0,0.9,44.8,1.1,Nordic,SWE,survey
Sweden,2008,26.2,0.52,46.5,0.65,20.3,0.8,43.7,1.0,Nordic,SWE,survey
Sweden,2009,26.8,0.57,47.2,0.68,20.4,0.9,43.2,1.1,Nordic,SWE,survey
Sweden,2010,27.0,0.55,47.4,0.62,20.4,0.8,43.0,1.0,Nordic,SWE,survey
Sweden,2011,27.4,0.59,47.2,0.7,19.8,0.9,41.9,1.1,Nordic,SWE,survey
Sweden,2012,27.4,0.62,47.4,0.74,20.0,1.0,42.2,1.2,Nordic,SWE,survey
Sweden,2013,27.8,0.88,48.1,0.94,20.3,1.3,42.2,1.6,Nordic,SWE,survey
Sweden,2014,28.0,0.97,48.5,1.02,20.5,1.4,42.3,1.7,Nordic,SWE,survey
Sweden,2015,28.3,1.08,48.8,1.06,20.5,1.5,42.0,1.8,Nordic,SWE,survey
Sweden,2016,28.4,1.11,48.9,1.05,20.5,1.5,41.9,1.8,Nordic,SWE,survey
Sweden,2017,28.5,1.09,49.0,1.04,20.5,1.5,41.8,1.8,Nordic,SWE,survey
Sweden,2018,28.5,1.06,48.9,1.07,20.4,1.5,41.7,1.8,Nordic,SWE,survey
Sweden,2019,28.4,1.0,49.0,1.02,20.6,1.4,42.0,1.7,Nordic,SWE,survey
Sweden,2020,28.3,0.83,49.0,0.93,20.7,1.2,42.2,1.5,Nordic,SWE,survey
Sweden,2021,28.6,0.8,49.1,0.99,20.5,1.3,41.8,1.6,Nordic,SWE,survey
Sweden,2022,28.9,0.82,49.4,1.15,20.5,1.4,41.5,1.8,Nordic,SWE,survey
Sweden,2023,28.6,0.93,49.2,1.33,20.6,1.6,41.9,2.1,Nordic,SWE,survey
Switzerland,1980,30.7,1.51,40.8,1.8,10.1,2.3,24.8,2.9,Western Europe,CHE,survey
Switzerland,1981,30.9,1.47,40.6,1.58,9.7,2.2,23.9,2.7,Western Europe,CHE,survey
Switzerland,1982,31.0,1.34,40.5,1.27,9.5,1.8,23.5,2.2,Western Europe,CHE,survey
Switzerland,1983,31.0,1.58,40.5,1.59,9.5,2.2,23.5,2.7,Western Europe,CHE,survey
Switzerland,1984,31.0,1.77,40.4,1.79,9.4,2.5,23.3,3.1,Western Europe,CHE,survey
Switzerland,1985,30.9,1.9,40.4,1.92,9.5,2.7,23.5,3.3,Western Europe,CHE,survey
Switzerland,1986,30.8,2.02,40.4,2.01,9.6,2.8,23.8,3.4,Western Europe,CHE,survey
Switzerland,1987,30.8,2.06,40.4,2.06,9.6,2.9,23.8,3.6,Western Europe,CHE,survey
Switzerland,1988,30.7,2.04,40.4,2.04,9.7,2.9,24.0,3.5,Western Europe,CHE,survey
Switzerland,1989,30.7,1.98,40.4,1.99,9.7,2.8,24.0,3.4,Western Europe,CHE,survey
Switzerland,1990,30.6,1.89,40.4,1.89,9.8,2.7,24.3,3.3,Western Europe,CHE,survey
Switzerland,1991,30.6,1.74,40.3,1.74,9.7,2.5,24.1,3.0,Western Europe,CHE,survey
Switzerland,1992,30.5,1.5,40.3,1.5,9.8,2.1,24.3,2.6,Western Europe,CHE,survey
Switzerland,1993,30.2,1.7,40.2,1.72,10.0,2.4,24.9,3.0,Western Europe,CHE,survey
Switzerland,1994,29.9,1.82,40.1,1.86,10.2,2.6,25.4,3.2,Western Europe,CHE,survey
Switzerland,1995,29.6,1.86,40.0,1.93,10.4,2.7,26.0,3.3,Western Europe,CHE,survey
Switzerland,1996,29.4,1.85,39.8,1.95,10.4,2.7,26.1,3.3,Western Europe,CHE,survey
Switzerland,1997,29.0,1.77,39.7,1.91,10.7,2.6,27.0,3.2,Western Europe,CHE,survey
Switzerland,1998,28.7,1.65,39.6,1.77,10.9,2.4,27.5,3.0,Western Europe,CHE,survey
Switzerland,1999,28.4,1.44,39.4,1.58,11.0,2.1,27.9,2.6,Western Europe,CHE,survey
Switzerland,2000,28.1,1.09,39.3,1.3,11.2,1.7,28.5,2.1,Western Europe,CHE,survey
Switzerland,2001,27.7,1.02,39.3,1.23,11.6,1.6,29.5,2.0,Western Europe,CHE,survey
Switzerland,2002,27.5,0.92,39.4,1.13,11.9,1.5,30.2,1.9,Western Europe,CHE,survey
Switzerland,2003,27.4,0.94,39.4,1.11,12.0,1.5,30.5,1.9,Western Europe,CHE,survey
Switzerland,2004,27.6,0.86,39.7,1.07,12.1,1.4,30.5,1.8,Western Europe,CHE,survey
Switzerland,2005,28.4,0.94,39.9,1.06,11.5,1.4,28.8,1.8,Western Europe,CHE,survey
Switzerland,2006,29.4,0.88,40.2,0.89,10.8,1.3,26.9,1.6,Western Europe,CHE,survey
Switzerland,2007,30.1,0.81,40.8,0.89,10.7,1.2,26.2,1.5,Western Europe,CHE,survey
Switzerland,2008,30.1,0.79,41.2,0.9,11.1,1.2,26.9,1.5,Western Europe,CHE,survey
Switzerland,2009,29.8,0.82,41.4,0.92,11.6,1.2,28.0,1.5,Western Europe,CHE,survey
Switzerland,2010,29.6,0.83,41.4,0.93,11.8,1.2,28.5,1.5,Western Europe,CHE,survey
Switzerland,2011,29.2,0.8,41.5,0.83,12.3,1.2,29.6,1.5,Western Europe,CHE,survey
Switzerland,2012,29.2,0.85,41.8,0.9,12.6,1.2,30.1,1.5,Western Europe,CHE,survey
Switzerland,2013,29.5,0.89,42.4,0.98,12.9,1.3,30.4,1.6,Western Europe,CHE,survey
Switzerland,2014,29.7,0.88,42.8,0.93,13.1,1.3,30.6,1.6,Western Europe,CHE,survey
Switzerland,2015,29.9,0.96,43.2,0.95,13.3,1.4,30.8,1.7,Western Europe,CHE,survey
Switzerland,2016,30.1,0.95,43.5,0.91,13.4,1.3,30.8,1.6,Western Europe,CHE,survey
Switzerland,2017,30.2,1.01,43.7,0.99,13.5,1.4,30.9,1.7,Western Europe,CHE,survey
Switzerland,2018,30.4,1.01,43.9,0.98,13.5,1.4,30.8,1.7,Western Europe,CHE,survey
Switzerland,2019,30.7,1.02,44.3,1.0,13.6,1.4,30.7,1.7,Western Europe,CHE,survey
Switzerland,2020,30.9,1.05,44.6,1.03,13.7,1.5,30.7,1.8,Western Europe,CHE,survey
Switzerland,2021,30.9,1.11,44.6,1.07,13.7,1.5,30.7,1.8,Western Europe,CHE,survey
Switzerland,2022,31.0,1.27,44.6,1.23,13.6,1.8,30.5,2.2,Western Europe,CHE,survey
Switzerland,2023,31.0,1.54,44.6,1.62,13.6,2.2,30.5,2.7,Western Europe,CHE,survey
Taiwan,1964,27.8,1.67,29.6,2.34,1.8000000000000007,,0.060810810810810835,,East Asia,TWN,derived
Taiwan,1965,27.7,1.66,29.5,2.27,1.8000000000000007,,0.061016949152542396,,East Asia,TWN,derived
Taiwan,1966,27.5,1.57,29.3,2.15,1.8000000000000007,,0.061433447098976135,,East Asia,TWN,derived
Taiwan,1967,27.3,1.52,29.1,2.08,1.8000000000000007,,0.06185567010309281,,East Asia,TWN,derived
Taiwan,1968,27.2,1.39,29.0,1.93,1.8000000000000007,,0.062068965517241406,,East Asia,TWN,derived
Taiwan,1969,26.7,1.39,28.7,1.89,2.0,,0.06968641114982578,,East Asia,TWN,derived
Taiwan,1970,26.3,1.28,28.4,1.8,2.099999999999998,,0.07394366197183092,,East Asia,TWN,derived
Taiwan,1971,26.0,1.29,28.2,1.76,2.1999999999999993,,0.0780141843971631,,East Asia,TWN,derived
Taiwan,1972,25.9,1.28,28.1,1.71,2.200000000000003,,0.07829181494661931,,East Asia,TWN,derived
Taiwan,1973,25.9,1.42,27.9,1.74,2.0,,0.07168458781362008,,East Asia,TWN,derived
Taiwan,1974,25.9,1.41,27.8,1.7,1.9000000000000021,,0.06834532374100727,,East Asia,TWN,derived
Taiwan,1975,25.9,1.43,27.7,1.62,1.8000000000000007,,0.06498194945848378,,East Asia,TWN,derived
Taiwan,1976,25.9,1.31,27.6,1.44,1.7000000000000028,,0.061594202898550825,,East Asia,TWN,derived
Taiwan,1977,25.9,1.27,27.5,1.36,1.6000000000000014,,0.05818181818181823,,East Asia,TWN,derived
Taiwan,1978,26.0,1.22,27.5,1.29,1.5,,0.05454545454545454,,East Asia,TWN,derived
Taiwan,1979,26.1,1.14,27.4,1.2,1.2999999999999972,,0.047445255474452455,,East Asia,TWN,derived
Taiwan,1980,26.3,0.96,27.4,1.01,1.0999999999999979,,0.04014598540145978,,East Asia,TWN,derived
Taiwan,1981,26.7,0.56,27.4,0.51,0.6999999999999993,,0.02554744525547443,,East Asia,TWN,derived
Taiwan,1982,27.0,0.84,28.2,0.88,1.1999999999999993,,0.04255319148936168,,East Asia,TWN,derived
Taiwan,1983,27.2,0.91,28.7,0.96,1.5,,0.05226480836236934,,East Asia,TWN,derived
Taiwan,1984,27.3,0.91,28.8,0.96,1.5,,0.05208333333333333,,East Asia,TWN,derived
Taiwan,1985,27.2,0.83,28.6,0.88,1.4,1.2,4.9,1.5,East Asia,TWN,survey
Taiwan,1986,27.0,0.46,27.9,0.53,0.9,0.7,3.2,0.9,East Asia,TWN,survey
Taiwan,1987,27.5,0.84,28.8,0.88,1.3,1.2,4.5,1.5,East Asia,TWN,survey
Taiwan,1988,27.8,0.91,29.4,0.97,1.6,1.3,5.4,1.6,East Asia,TWN,survey
Taiwan,1989,27.9,0.92,29.5,1.0,1.6,1.4,5.4,1.7,East Asia,TWN,survey
Taiwan,1990,27.8,0.85,29.4,0.92,1.6,1.3,5.4,1.6,East Asia,TWN,survey
Taiwan,1991,27.4,0.47,28.7,0.6,1.3,0.8,4.5,1.0,East Asia,TWN,survey
Taiwan,1992,28.1,0.83,29.7,0.89,1.6,1.2,5.4,1.5,East Asia,TWN,survey
Taiwan,1993,28.5,0.91,30.4,0.96,1.9,1.3,6.2,1.6,East Asia,TWN,survey
Taiwan,1994,28.8,0.85,30.8,0.91,2.0,1.2,6.5,1.5,East Asia,TWN,survey
Taiwan,1995,29.1,0.56,31.1,0.61,2.0,0.8,6.4,1.0,East Asia,TWN,survey
Taiwan,1996,28.9,0.79,30.7,0.83,1.8,1.1,5.9,1.4,East Asia,TWN,survey
Taiwan,1997,28.9,0.63,30.3,0.57,1.4,0.8,4.6,1.0,East Asia,TWN,survey
Taiwan,1998,29.0,0.84,30.7,0.89,1.7,1.2,5.5,1.5,East Asia,TWN,survey
Taiwan,1999,29.1,0.84,30.9,0.89,1.8,1.2,5.8,1.5,East Asia,TWN,survey
Taiwan,2000,29.2,0.59,30.9,0.6,1.7,0.8,5.5,1.0,East Asia,TWN,survey
Taiwan,2001,30.0,0.89,31.9,0.92,1.9,1.3,6.0,1.6,East Asia,TWN,survey
Taiwan,2002,30.4,0.98,32.4,1.02,2.0,1.4,6.2,1.7,East Asia,TWN,survey
Taiwan,2003,30.5,0.96,32.5,1.02,2.0,1.4,6.2,1.7,East Asia,TWN,survey
Taiwan,2004,30.5,0.89,32.5,0.93,2.0,1.3,6.2,1.6,East Asia,TWN,survey
Taiwan,2005,30.5,0.6,32.4,0.64,1.9,0.9,5.9,1.1,East Asia,TWN,survey
Taiwan,2006,30.5,0.81,32.5,0.84,2.0,1.2,6.2,1.5,East Asia,TWN,survey
Taiwan,2007,30.7,0.54,32.8,0.58,2.1,0.8,6.4,1.0,East Asia,TWN,survey
Taiwan,2008,30.7,0.85,32.8,0.89,2.1,1.2,6.4,1.5,East Asia,TWN,survey
Taiwan,2009,30.9,0.87,32.8,0.92,1.9,1.3,5.8,1.6,East Asia,TWN,survey
Taiwan,2010,31.3,0.63,32.8,0.71,1.5,0.9,4.6,1.1,East Asia,TWN,survey
Taiwan,2011,30.8,0.88,32.7,0.92,1.9,1.3,5.8,1.6,East Asia,TWN,survey
Taiwan,2012,30.5,0.86,32.7,0.91,2.2,1.3,6.7,1.6,East Asia,TWN,survey
Taiwan,2013,30.6,0.55,33.0,0.63,2.4,0.8,7.3,1.0,East Asia,TWN,survey
Taiwan,2014,30.1,0.84,32.7,0.88,2.6,1.2,8.0,1.5,East Asia,TWN,survey
Taiwan,2015,30.0,0.84,32.8,0.89,2.8,1.2,8.5,1.5,East Asia,TWN,survey
Taiwan,2016,30.3,0.57,33.5,0.63,3.2,0.8,9.6,1.0,East Asia,TWN,survey
Taiwan,2017,30.6,0.61,34.0,0.65,3.4,0.9,10.0,1.1,East Asia,TWN,survey
Taiwan,2018,30.7,0.56,34.3,0.65,3.6,0.9,10.5,1.1,East Asia,TWN,survey
Taiwan,2019,30.5,0.59,34.6,0.6,4.1,0.8,11.8,1.0,East Asia,TWN,survey
Taiwan,2020,30.4,0.63,35.1,0.65,4.7,0.9,13.4,1.1,East Asia,TWN,survey
Taiwan,2021,30.4,0.67,35.2,0.63,4.8,0.9,13.6,1.1,East Asia,TWN,survey
Taiwan,2022,29.7,0.91,33.5,0.95,3.8,1.3,11.3,1.6,East Asia,TWN,survey
Taiwan,2023,29.2,1.03,32.5,1.13,3.3,1.5,10.2,1.9,East Asia,TWN,survey
Taiwan,2024,29.0,1.25,32.1,1.36,3.1,1.8,9.7,2.3,East Asia,TWN,survey
Tajikistan,1988,31.6,1.97,38.8,3.08,7.199999999999996,,0.18556701030927825,,Eastern Europe & FSU,TJK,derived
Tajikistan,1989,31.7,1.86,38.9,2.98,7.199999999999999,,0.18508997429305912,,Eastern Europe & FSU,TJK,derived
Tajikistan,1990,32.5,1.92,39.1,2.93,6.600000000000001,,0.1687979539641944,,Eastern Europe & FSU,TJK,derived
Tajikistan,1991,33.4,2.06,39.3,2.92,5.899999999999999,,0.1501272264631043,,Eastern Europe & FSU,TJK,derived
Tajikistan,1992,34.3,2.19,39.4,2.9,5.100000000000001,,0.12944162436548226,,Eastern Europe & FSU,TJK,derived
Tajikistan,1993,35.2,2.26,39.6,2.89,4.399999999999999,,0.11111111111111108,,Eastern Europe & FSU,TJK,derived
Tajikistan,1994,36.1,2.31,39.7,2.83,3.6000000000000014,,0.09068010075566754,,Eastern Europe & FSU,TJK,derived
Tajikistan,1995,37.0,2.32,39.9,2.77,2.8999999999999986,,0.0726817042606516,,Eastern Europe & FSU,TJK,derived
Tajikistan,1996,37.9,2.29,40.1,2.71,2.200000000000003,,0.054862842892768146,,Eastern Europe & FSU,TJK,derived
Tajikistan,1997,38.8,2.26,40.2,2.64,1.4000000000000057,,0.03482587064676631,,Eastern Europe & FSU,TJK,derived
Tajikistan,1998,39.7,2.18,40.4,2.52,0.6999999999999957,,0.01732673267326722,,Eastern Europe & FSU,TJK,derived
Tajikistan,1999,40.6,2.06,40.5,2.4,-0.10000000000000142,,-0.002469135802469171,,Eastern Europe & FSU,TJK,derived
Tajikistan,2000,41.3,2.13,40.6,2.38,-0.6999999999999957,,-0.017241379310344723,,Eastern Europe & FSU,TJK,derived
Tajikistan,2001,42.0,2.14,40.7,2.34,-1.2999999999999972,,-0.03194103194103187,,Eastern Europe & FSU,TJK,derived
Tajikistan,2002,42.7,2.13,40.7,2.29,-2.0,,-0.04914004914004914,,Eastern Europe & FSU,TJK,derived
Tajikistan,2003,43.4,2.07,40.8,2.2,-2.6000000000000014,,-0.06372549019607847,,Eastern Europe & FSU,TJK,derived
Tajikistan,2004,43.6,2.14,40.8,2.26,-2.8000000000000043,,-0.06862745098039226,,Eastern Europe & FSU,TJK,derived
Tajikistan,2005,43.7,2.26,40.8,2.33,-2.9000000000000057,,-0.07107843137254917,,Eastern Europe & FSU,TJK,derived
Tajikistan,2006,43.8,2.31,40.8,2.38,-3.0,,-0.07352941176470588,,Eastern Europe & FSU,TJK,derived
Tajikistan,2007,43.9,2.31,40.8,2.41,-3.1000000000000014,,-0.07598039215686278,,Eastern Europe & FSU,TJK,derived
Tajikistan,2008,44.0,2.35,40.8,2.44,-3.200000000000003,,-0.07843137254901968,,Eastern Europe & FSU,TJK,derived
Tajikistan,2009,44.0,2.37,40.8,2.45,-3.200000000000003,,-0.07843137254901968,,Eastern Europe & FSU,TJK,derived
Tajikistan,2010,44.2,2.44,40.9,2.53,-3.3000000000000043,,-0.08068459657701722,,Eastern Europe & FSU,TJK,derived
Tajikistan,2011,44.4,2.51,41.0,2.57,-3.3999999999999986,,-0.08292682926829265,,Eastern Europe & FSU,TJK,derived
Tajikistan,2012,44.5,2.55,41.1,2.61,-3.3999999999999986,,-0.08272506082725058,,Eastern Europe & FSU,TJK,derived
Tajikistan,2013,45.0,2.65,41.3,2.66,-3.700000000000003,,-0.08958837772397102,,Eastern Europe & FSU,TJK,derived
Tajikistan,2014,45.4,2.71,41.6,2.71,-3.799999999999997,,-0.09134615384615377,,Eastern Europe & FSU,TJK,derived
Tajikistan,2015,45.8,2.72,41.8,2.76,-4.0,,-0.09569377990430622,,Eastern Europe & FSU,TJK,derived
Tajikistan,2016,46.1,2.8,42.0,2.83,-4.100000000000001,,-0.09761904761904765,,Eastern Europe & FSU,TJK,derived
Tajikistan,2017,46.5,2.87,42.2,2.89,-4.299999999999997,,-0.10189573459715633,,Eastern Europe & FSU,TJK,derived
Tajikistan,2018,46.8,2.9,42.4,2.94,-4.399999999999999,,-0.10377358490566034,,Eastern Europe & FSU,TJK,derived
Tajikistan,2019,47.2,2.89,42.6,2.95,-4.600000000000001,,-0.10798122065727703,,Eastern Europe & FSU,TJK,derived
Tajikistan,2020,47.5,2.87,42.8,2.98,-4.700000000000003,,-0.1098130841121496,,Eastern Europe & FSU,TJK,derived
Tajikistan,2021,47.8,2.81,43.0,2.98,-4.799999999999997,,-0.11162790697674412,,Eastern Europe & FSU,TJK,derived
Tajikistan,2022,48.3,2.84,43.2,3.01,-5.099999999999994,,-0.11805555555555541,,Eastern Europe & FSU,TJK,derived
Tajikistan,2023,48.6,2.89,43.4,3.11,-5.200000000000003,,-0.11981566820276504,,Eastern Europe & FSU,TJK,derived
Tajikistan,2024,48.6,3.04,43.4,3.26,-5.200000000000003,,-0.11981566820276504,,Eastern Europe & FSU,TJK,derived
Tanzania,1969,38.9,2.81,37.3,3.18,-1.6000000000000014,,-0.04289544235924937,,Sub-Saharan Africa,TZA,derived
Tanzania,1970,38.8,2.86,37.2,3.18,-1.5999999999999943,,-0.04301075268817189,,Sub-Saharan Africa,TZA,derived
Tanzania,1971,38.7,2.87,37.1,3.18,-1.6000000000000014,,-0.043126684636118635,,Sub-Saharan Africa,TZA,derived
Tanzania,1972,38.6,2.86,37.0,3.16,-1.6000000000000014,,-0.04324324324324328,,Sub-Saharan Africa,TZA,derived
Tanzania,1973,38.5,2.83,36.9,3.13,-1.6000000000000014,,-0.043360433604336085,,Sub-Saharan Africa,TZA,derived
Tanzania,1974,38.4,2.79,36.8,3.09,-1.6000000000000014,,-0.04347826086956526,,Sub-Saharan Africa,TZA,derived
Tanzania,1975,38.3,2.73,36.7,3.04,-1.5999999999999943,,-0.043596730245231446,,Sub-Saharan Africa,TZA,derived
Tanzania,1976,38.2,2.66,36.7,2.98,-1.5,,-0.04087193460490463,,Sub-Saharan Africa,TZA,derived
Tanzania,1977,38.1,2.55,36.6,2.89,-1.5,,-0.040983606557377046,,Sub-Saharan Africa,TZA,derived
Tanzania,1978,38.3,2.66,36.7,2.96,-1.5999999999999943,,-0.043596730245231446,,Sub-Saharan Africa,TZA,derived
Tanzania,1979,38.5,2.75,36.7,3.01,-1.7999999999999972,,-0.04904632152588548,,Sub-Saharan Africa,TZA,derived
Tanzania,1980,38.7,2.8,36.8,3.05,-1.9000000000000057,,-0.051630434782608856,,Sub-Saharan Africa,TZA,derived
Tanzania,1981,39.0,2.87,36.9,3.08,-2.1000000000000014,,-0.056910569105691096,,Sub-Saharan Africa,TZA,derived
Tanzania,1982,39.2,2.9,37.0,3.09,-2.200000000000003,,-0.05945945945945954,,Sub-Saharan Africa,TZA,derived
Tanzania,1983,39.4,2.91,37.1,3.09,-2.299999999999997,,-0.06199460916442041,,Sub-Saharan Africa,TZA,derived
Tanzania,1984,39.7,2.93,37.1,3.06,-2.6000000000000014,,-0.07008086253369276,,Sub-Saharan Africa,TZA,derived
Tanzania,1985,39.9,2.91,37.2,3.05,-2.6999999999999957,,-0.0725806451612902,,Sub-Saharan Africa,TZA,derived
Tanzania,1986,40.1,2.86,37.3,3.01,-2.8000000000000043,,-0.07506702412868645,,Sub-Saharan Africa,TZA,derived
Tanzania,1987,40.3,2.82,37.4,2.96,-2.8999999999999986,,-0.07754010695187162,,Sub-Saharan Africa,TZA,derived
Tanzania,1988,40.6,2.76,37.5,2.89,-3.1000000000000014,,-0.08266666666666671,,Sub-Saharan Africa,TZA,derived
Tanzania,1989,40.8,2.67,37.5,2.77,-3.299999999999997,,-0.08799999999999993,,Sub-Saharan Africa,TZA,derived
Tanzania,1990,41.0,2.59,37.7,2.67,-3.299999999999997,,-0.08753315649867366,,Sub-Saharan Africa,TZA,derived
Tanzania,1991,41.3,2.45,37.7,2.57,-3.5999999999999943,,-0.0954907161803712,,Sub-Saharan Africa,TZA,derived
Tanzania,1992,41.4,2.47,37.8,2.56,-3.6000000000000014,,-0.09523809523809529,,Sub-Saharan Africa,TZA,derived
Tanzania,1993,41.7,2.51,38.0,2.63,-3.700000000000003,,-0.09736842105263166,,Sub-Saharan Africa,TZA,derived
Tanzania,1994,41.9,2.54,38.1,2.64,-3.799999999999997,,-0.09973753280839887,,Sub-Saharan Africa,TZA,derived
Tanzania,1995,42.1,2.56,38.2,2.65,-3.8999999999999986,,-0.10209424083769629,,Sub-Saharan Africa,TZA,derived
Tanzania,1996,42.3,2.55,38.4,2.63,-3.8999999999999986,,-0.10156249999999997,,Sub-Saharan Africa,TZA,derived
Tanzania,1997,42.5,2.52,38.5,2.58,-4.0,,-0.1038961038961039,,Sub-Saharan Africa,TZA,derived
Tanzania,1998,42.7,2.44,38.7,2.53,-4.0,,-0.10335917312661498,,Sub-Saharan Africa,TZA,derived
Tanzania,1999,42.9,2.37,38.8,2.43,-4.100000000000001,,-0.10567010309278355,,Sub-Saharan Africa,TZA,derived
Tanzania,2000,43.1,2.23,38.9,2.32,-4.200000000000003,,-0.10796915167095124,,Sub-Saharan Africa,TZA,derived
Tanzania,2001,43.2,2.24,39.0,2.28,-4.200000000000003,,-0.10769230769230777,,Sub-Saharan Africa,TZA,derived
Tanzania,2002,43.4,2.34,39.1,2.34,-4.299999999999997,,-0.10997442455242959,,Sub-Saharan Africa,TZA,derived
Tanzania,2003,43.6,2.37,39.3,2.4,-4.300000000000004,,-0.10941475826972022,,Sub-Saharan Africa,TZA,derived
Tanzania,2004,43.9,2.4,39.5,2.38,-4.399999999999999,,-0.11139240506329111,,Sub-Saharan Africa,TZA,derived
Tanzania,2005,44.1,2.34,39.6,2.34,-4.5,,-0.11363636363636363,,Sub-Saharan Africa,TZA,derived
Tanzania,2006,44.3,2.3,39.8,2.29,-4.5,,-0.11306532663316583,,Sub-Saharan Africa,TZA,derived
Tanzania,2007,44.5,2.24,39.9,2.2,-4.600000000000001,,-0.11528822055137848,,Sub-Saharan Africa,TZA,derived
Tanzania,2008,44.6,2.27,40.0,2.23,-4.600000000000001,,-0.11500000000000003,,Sub-Saharan Africa,TZA,derived
Tanzania,2009,44.6,2.26,40.0,2.21,-4.600000000000001,,-0.11500000000000003,,Sub-Saharan Africa,TZA,derived
Tanzania,2010,44.7,2.2,40.0,2.16,-4.700000000000003,,-0.11750000000000008,,Sub-Saharan Africa,TZA,derived
Tanzania,2011,44.7,2.12,40.1,2.08,-4.600000000000001,,-0.11471321695760602,,Sub-Saharan Africa,TZA,derived
Tanzania,2012,44.7,2.18,40.1,2.16,-4.600000000000001,,-0.11471321695760602,,Sub-Saharan Africa,TZA,derived
Tanzania,2013,44.9,2.28,40.2,2.29,-4.699999999999996,,-0.11691542288557202,,Sub-Saharan Africa,TZA,derived
Tanzania,2014,45.1,2.43,40.2,2.44,-4.899999999999999,,-0.12189054726368155,,Sub-Saharan Africa,TZA,derived
Tanzania,2015,45.2,2.54,40.3,2.59,-4.900000000000006,,-0.12158808933002496,,Sub-Saharan Africa,TZA,derived
Tanzania,2016,45.3,2.7,40.4,2.78,-4.899999999999999,,-0.12128712871287126,,Sub-Saharan Africa,TZA,derived
Tanzania,2017,45.4,2.85,40.5,2.91,-4.899999999999999,,-0.12098765432098763,,Sub-Saharan Africa,TZA,derived
Tanzania,2018,45.5,2.97,40.6,3.05,-4.899999999999999,,-0.12068965517241376,,Sub-Saharan Africa,TZA,derived
Thailand,1962,40.8,3.31,43.0,3.61,2.200000000000003,,0.05116279069767449,,Southeast Asia,THA,derived
Thailand,1963,40.9,3.26,43.1,3.56,2.200000000000003,,0.0510440835266822,,Southeast Asia,THA,derived
Thailand,1964,41.0,3.21,43.2,3.49,2.200000000000003,,0.050925925925925986,,Southeast Asia,THA,derived
Thailand,1965,41.1,3.15,43.4,3.42,2.299999999999997,,0.05299539170506906,,Southeast Asia,THA,derived
Thailand,1966,41.2,3.08,43.5,3.35,2.299999999999997,,0.05287356321839074,,Southeast Asia,THA,derived
Thailand,1967,41.3,3.01,43.6,3.26,2.3000000000000043,,0.052752293577981745,,Southeast Asia,THA,derived
Thailand,1968,41.4,2.93,43.7,3.17,2.3000000000000043,,0.052631578947368515,,Southeast Asia,THA,derived
Thailand,1969,41.5,2.92,43.8,3.14,2.299999999999997,,0.0525114155251141,,Southeast Asia,THA,derived
Thailand,1970,41.6,2.87,43.9,3.11,2.299999999999997,,0.05239179954441907,,Southeast Asia,THA,derived
Thailand,1971,41.7,2.82,44.0,3.04,2.299999999999997,,0.05227272727272721,,Southeast Asia,THA,derived
Thailand,1972,41.8,2.78,44.1,2.99,2.3000000000000043,,0.052154195011337966,,Southeast Asia,THA,derived
Thailand,1973,41.9,2.68,44.2,2.91,2.3000000000000043,,0.05203619909502272,,Southeast Asia,THA,derived
Thailand,1974,41.9,2.57,44.3,2.82,2.3999999999999986,,0.05417607223476295,,Southeast Asia,THA,derived
Thailand,1975,42.0,2.44,44.4,2.7,2.3999999999999986,,0.05405405405405402,,Southeast Asia,THA,derived
Thailand,1976,42.2,2.45,44.6,2.69,2.3999999999999986,,0.05381165919282508,,Southeast Asia,THA,derived
Thailand,1977,42.4,2.43,44.8,2.68,2.3999999999999986,,0.05357142857142854,,Southeast Asia,THA,derived
Thailand,1978,42.7,2.39,45.0,2.63,2.299999999999997,,0.051111111111111045,,Southeast Asia,THA,derived
Thailand,1979,42.9,2.33,45.3,2.55,2.3999999999999986,,0.0529801324503311,,Southeast Asia,THA,derived
Thailand,1980,43.1,2.25,45.5,2.46,2.3999999999999986,,0.05274725274725272,,Southeast Asia,THA,derived
Thailand,1981,43.3,2.11,45.7,2.35,2.4000000000000057,,0.05251641137855592,,Southeast Asia,THA,derived
Thailand,1982,43.5,2.13,45.9,2.36,2.3999999999999986,,0.05228758169934638,,Southeast Asia,THA,derived
Thailand,1983,43.7,2.12,46.1,2.36,2.3999999999999986,,0.05206073752711494,,Southeast Asia,THA,derived
Thailand,1984,43.9,2.09,46.3,2.3,2.3999999999999986,,0.05183585313174943,,Southeast Asia,THA,derived
Thailand,1985,44.0,2.01,46.5,2.22,2.5,,0.053763440860215055,,Southeast Asia,THA,derived
Thailand,1986,44.2,1.89,46.7,2.06,2.5,,0.05353319057815845,,Southeast Asia,THA,derived
Thailand,1987,44.4,1.83,46.8,1.98,2.3999999999999986,,0.05128205128205125,,Southeast Asia,THA,derived
Thailand,1988,44.5,1.69,46.9,1.83,2.3999999999999986,,0.05117270788912577,,Southeast Asia,THA,derived
Thailand,1989,44.6,1.69,47.0,1.82,2.3999999999999986,,0.05106382978723401,,Southeast Asia,THA,derived
Thailand,1990,44.7,1.61,47.1,1.73,2.3999999999999986,,0.05095541401273882,,Southeast Asia,THA,derived
Thailand,1991,44.8,1.66,47.1,1.77,2.3000000000000043,,0.048832271762208154,,Southeast Asia,THA,derived
Thailand,1992,44.8,1.62,47.1,1.72,2.3000000000000043,,0.048832271762208154,,Southeast Asia,THA,derived
Thailand,1993,44.7,1.64,47.0,1.74,2.299999999999997,,0.048936170212765896,,Southeast Asia,THA,derived
Thailand,1994,44.5,1.59,46.9,1.69,2.3999999999999986,,0.05117270788912577,,Southeast Asia,THA,derived
Thailand,1995,44.4,1.61,46.8,1.7,2.3999999999999986,,0.05128205128205125,,Southeast Asia,THA,derived
Thailand,1996,44.2,1.54,46.6,1.65,2.3999999999999986,,0.051502145922746746,,Southeast Asia,THA,derived
Thailand,1997,44.1,1.53,46.5,1.67,2.3999999999999986,,0.051612903225806424,,Southeast Asia,THA,derived
Thailand,1998,44.0,1.45,46.4,1.56,2.3999999999999986,,0.051724137931034454,,Southeast Asia,THA,derived
Thailand,1999,43.9,1.45,46.3,1.53,2.3999999999999986,,0.05183585313174943,,Southeast Asia,THA,derived
Thailand,2000,43.8,1.42,46.2,1.52,2.4000000000000057,,0.05194805194805207,,Southeast Asia,THA,derived
Thailand,2001,43.5,1.44,45.9,1.55,2.3999999999999986,,0.05228758169934638,,Southeast Asia,THA,derived
Thailand,2002,43.3,1.39,45.7,1.54,2.4000000000000057,,0.05251641137855592,,Southeast Asia,THA,derived
Thailand,2003,43.2,1.48,45.6,1.59,2.3999999999999986,,0.05263157894736839,,Southeast Asia,THA,derived
Thailand,2004,43.0,1.44,45.3,1.55,2.299999999999997,,0.05077262693156727,,Southeast Asia,THA,derived
Thailand,2005,42.8,1.49,45.1,1.58,2.3000000000000043,,0.05099778270509987,,Southeast Asia,THA,derived
Thailand,2006,42.6,1.41,44.9,1.51,2.299999999999997,,0.05122494432071263,,Southeast Asia,THA,derived
Thailand,2007,42.3,1.37,44.5,1.46,2.200000000000003,,0.049438202247191074,,Southeast Asia,THA,derived
Thailand,2008,41.9,1.4,44.0,1.47,2.1000000000000014,,0.04772727272727276,,Southeast Asia,THA,derived
Thailand,2009,41.5,1.36,43.6,1.43,2.1000000000000014,,0.04816513761467893,,Southeast Asia,THA,derived
Thailand,2010,41.0,1.39,43.1,1.45,2.1000000000000014,,0.04872389791183298,,Southeast Asia,THA,derived
Thailand,2011,40.6,1.36,42.7,1.45,2.1000000000000014,,0.049180327868852486,,Southeast Asia,THA,derived
Thailand,2012,40.2,1.38,42.2,1.46,2.0,,0.04739336492890995,,Southeast Asia,THA,derived
Thailand,2013,39.7,1.33,41.7,1.43,2.0,,0.047961630695443645,,Southeast Asia,THA,derived
Thailand,2014,39.2,1.4,41.2,1.5,2.0,,0.04854368932038835,,Southeast Asia,THA,derived
Thailand,2015,38.8,1.42,40.8,1.55,2.0,,0.04901960784313726,,Southeast Asia,THA,derived
Thailand,2016,38.4,1.45,40.4,1.57,2.0,,0.04950495049504951,,Southeast Asia,THA,derived
Thailand,2017,38.1,1.45,40.1,1.59,2.0,,0.04987531172069825,,Southeast Asia,THA,derived
Thailand,2018,37.8,1.49,39.7,1.62,1.9000000000000057,,0.04785894206549132,,Southeast Asia,THA,derived
Thailand,2019,37.4,1.51,39.4,1.64,2.0,,0.050761421319796954,,Southeast Asia,THA,derived
Thailand,2020,37.2,1.57,39.1,1.69,1.8999999999999986,,0.048593350383631675,,Southeast Asia,THA,derived
Thailand,2021,36.9,1.62,38.9,1.78,2.0,,0.05141388174807198,,Southeast Asia,THA,derived
Thailand,2022,36.7,1.77,38.6,1.91,1.8999999999999986,,0.0492227979274611,,Southeast Asia,THA,derived
Thailand,2023,36.6,1.96,38.5,2.12,1.8999999999999986,,0.04935064935064931,,Southeast Asia,THA,derived
Thailand,2024,36.5,2.18,38.4,2.34,1.8999999999999986,,0.04947916666666663,,Southeast Asia,THA,derived
Tonga,1984,35.1,2.95,38.5,3.29,3.3999999999999986,,0.08831168831168827,,Oceania,TON,derived
Tonga,1985,35.2,3.0,38.6,3.31,3.3999999999999986,,0.08808290155440411,,Oceania,TON,derived
Tonga,1986,35.2,3.01,38.7,3.29,3.5,,0.0904392764857881,,Oceania,TON,derived
Tonga,1987,35.2,3.02,38.9,3.29,3.6999999999999957,,0.09511568123393306,,Oceania,TON,derived
Tonga,1988,35.3,3.03,39.0,3.28,3.700000000000003,,0.09487179487179495,,Oceania,TON,derived
Tonga,1989,35.4,3.0,39.1,3.27,3.700000000000003,,0.09462915601023025,,Oceania,TON,derived
Tonga,1990,35.5,2.94,39.3,3.21,3.799999999999997,,0.09669211195928747,,Oceania,TON,derived
Tonga,1991,35.6,2.88,39.4,3.16,3.799999999999997,,0.09644670050761414,,Oceania,TON,derived
Tonga,1992,35.6,2.82,39.5,3.11,3.8999999999999986,,0.09873417721518983,,Oceania,TON,derived
Tonga,1993,35.7,2.84,39.6,3.09,3.8999999999999986,,0.09848484848484844,,Oceania,TON,derived
Tonga,1994,35.8,2.86,39.6,3.11,3.8000000000000043,,0.09595959595959606,,Oceania,TON,derived
Tonga,1995,36.0,2.82,39.7,3.11,3.700000000000003,,0.093198992443325,,Oceania,TON,derived
Tonga,1996,36.1,2.8,39.7,3.09,3.6000000000000014,,0.09068010075566754,,Oceania,TON,derived
Tonga,1997,36.2,2.75,39.8,3.04,3.5999999999999943,,0.09045226130653253,,Oceania,TON,derived
Tonga,1998,36.3,2.68,39.9,2.96,3.6000000000000014,,0.09022556390977447,,Oceania,TON,derived
Tonga,1999,36.4,2.59,39.9,2.88,3.5,,0.08771929824561404,,Oceania,TON,derived
Tonga,2000,36.5,2.47,40.0,2.78,3.5,,0.0875,,Oceania,TON,derived
Tonga,2001,36.5,2.38,40.0,2.72,3.5,,0.0875,,Oceania,TON,derived
Tonga,2002,36.5,2.48,40.0,2.8,3.5,,0.0875,,Oceania,TON,derived
Tonga,2003,36.5,2.54,40.0,2.86,3.5,,0.0875,,Oceania,TON,derived
Tonga,2004,36.6,2.58,40.0,2.89,3.3999999999999986,,0.08499999999999996,,Oceania,TON,derived
Tonga,2005,36.6,2.61,40.1,2.92,3.5,,0.08728179551122194,,Oceania,TON,derived
Tonga,2006,36.4,2.68,39.8,2.95,3.3999999999999986,,0.08542713567839193,,Oceania,TON,derived
Tonga,2007,36.3,2.73,39.6,2.98,3.3000000000000043,,0.08333333333333344,,Oceania,TON,derived
Tonga,2008,36.2,2.77,39.4,3.02,3.1999999999999957,,0.08121827411167502,,Oceania,TON,derived
Tonga,2009,36.1,2.77,39.1,3.03,3.0,,0.07672634271099744,,Oceania,TON,derived
Tonga,2010,35.9,2.86,38.9,3.13,3.0,,0.07712082262210797,,Oceania,TON,derived
Tonga,2011,35.7,2.93,38.6,3.18,2.8999999999999986,,0.07512953367875644,,Oceania,TON,derived
Tonga,2012,35.5,2.98,38.4,3.23,2.8999999999999986,,0.0755208333333333,,Oceania,TON,derived
Tonga,2013,35.3,3.0,38.1,3.27,2.8000000000000043,,0.07349081364829407,,Oceania,TON,derived
Tonga,2014,35.0,3.01,37.8,3.28,2.799999999999997,,0.074074074074074,,Oceania,TON,derived
Tonga,2015,34.8,2.99,37.6,3.3,2.8000000000000043,,0.07446808510638309,,Oceania,TON,derived
Tonga,2016,34.6,3.09,37.3,3.4,2.6999999999999957,,0.07238605898123314,,Oceania,TON,derived
Tonga,2017,34.4,3.17,37.1,3.5,2.700000000000003,,0.07277628032345021,,Oceania,TON,derived
Tonga,2018,34.2,3.25,36.9,3.57,2.6999999999999957,,0.07317073170731696,,Oceania,TON,derived
Tonga,2019,34.0,3.32,36.6,3.65,2.6000000000000014,,0.07103825136612026,,Oceania,TON,derived
Tonga,2020,33.8,3.35,36.4,3.7,2.6000000000000014,,0.07142857142857147,,Oceania,TON,derived
Tonga,2021,33.5,3.38,36.2,3.75,2.700000000000003,,0.0745856353591161,,Oceania,TON,derived
Trinidad and Tobago,1972,42.3,3.49,45.3,4.39,3.0,,0.06622516556291391,,Latin America & Caribbean,TTO,derived
Trinidad and Tobago,1973,42.3,3.45,45.3,4.36,3.0,,0.06622516556291391,,Latin America & Caribbean,TTO,derived
Trinidad and Tobago,1974,42.4,3.41,45.4,4.31,3.0,,0.06607929515418502,,Latin America & Caribbean,TTO,derived
Trinidad and Tobago,1975,42.4,3.34,45.5,4.25,3.1000000000000014,,0.06813186813186817,,Latin America & Caribbean,TTO,derived
Trinidad and Tobago,1976,42.4,3.29,45.5,4.16,3.1000000000000014,,0.06813186813186817,,Latin America & Caribbean,TTO,derived
Trinidad and Tobago,1977,42.4,3.31,45.5,4.19,3.1000000000000014,,0.06813186813186817,,Latin America & Caribbean,TTO,derived
Trinidad and Tobago,1978,42.5,3.34,45.5,4.17,3.0,,0.06593406593406594,,Latin America & Caribbean,TTO,derived
Trinidad and Tobago,1979,42.4,3.33,45.5,4.16,3.1000000000000014,,0.06813186813186817,,Latin America & Caribbean,TTO,derived
Trinidad and Tobago,1980,42.4,3.33,45.5,4.16,3.1000000000000014,,0.06813186813186817,,Latin America & Caribbean,TTO,derived
Trinidad and Tobago,1981,42.4,3.32,45.5,4.14,3.1000000000000014,,0.06813186813186817,,Latin America & Caribbean,TTO,derived
Trinidad and Tobago,1982,42.4,3.3,45.6,4.11,3.200000000000003,,0.0701754385964913,,Latin America & Caribbean,TTO,derived
Trinidad and Tobago,1983,42.4,3.29,45.6,4.07,3.200000000000003,,0.0701754385964913,,Latin America & Caribbean,TTO,derived
Trinidad and Tobago,1984,42.4,3.24,45.6,4.04,3.200000000000003,,0.0701754385964913,,Latin America & Caribbean,TTO,derived
Trinidad and Tobago,1985,42.4,3.22,45.6,3.99,3.200000000000003,,0.0701754385964913,,Latin America & Caribbean,TTO,derived
Trinidad and Tobago,1986,42.4,3.16,45.6,3.94,3.200000000000003,,0.0701754385964913,,Latin America & Caribbean,TTO,derived
Trinidad and Tobago,1987,42.4,3.09,45.6,3.88,3.200000000000003,,0.0701754385964913,,Latin America & Caribbean,TTO,derived
Trinidad and Tobago,1988,42.3,3.03,45.6,3.82,3.3000000000000043,,0.07236842105263167,,Latin America & Caribbean,TTO,derived
Trinidad and Tobago,1989,42.4,3.04,45.7,3.8,3.3000000000000043,,0.07221006564551431,,Latin America & Caribbean,TTO,derived
Trinidad and Tobago,1990,42.4,3.02,45.7,3.78,3.3000000000000043,,0.07221006564551431,,Latin America & Caribbean,TTO,derived
Trinidad and Tobago,1991,42.5,2.98,45.8,3.76,3.299999999999997,,0.07205240174672484,,Latin America & Caribbean,TTO,derived
Trinidad and Tobago,1992,42.5,2.93,45.8,3.73,3.299999999999997,,0.07205240174672484,,Latin America & Caribbean,TTO,derived
Trinidad and Tobago,1993,42.6,3.04,45.9,3.81,3.299999999999997,,0.07189542483660125,,Latin America & Caribbean,TTO,derived
Trinidad and Tobago,1994,42.6,3.14,45.9,3.86,3.299999999999997,,0.07189542483660125,,Latin America & Caribbean,TTO,derived
Trinidad and Tobago,1995,42.7,3.22,45.9,3.91,3.1999999999999957,,0.06971677559912845,,Latin America & Caribbean,TTO,derived
Trinidad and Tobago,1996,42.8,3.29,45.9,3.97,3.1000000000000014,,0.0675381263616558,,Latin America & Caribbean,TTO,derived
Trinidad and Tobago,1997,42.8,3.35,46.0,4.02,3.200000000000003,,0.0695652173913044,,Latin America & Caribbean,TTO,derived
Trinidad and Tobago,1998,42.9,3.4,46.0,4.07,3.1000000000000014,,0.06739130434782611,,Latin America & Caribbean,TTO,derived
Trinidad and Tobago,1999,42.9,3.45,46.0,4.11,3.1000000000000014,,0.06739130434782611,,Latin America & Caribbean,TTO,derived
Trinidad and Tobago,2000,43.0,3.48,46.1,4.15,3.1000000000000014,,0.06724511930585686,,Latin America & Caribbean,TTO,derived
Trinidad and Tobago,2001,43.1,3.52,46.1,4.16,3.0,,0.0650759219088937,,Latin America & Caribbean,TTO,derived
Trinidad and Tobago,2002,43.1,3.53,46.1,4.2,3.0,,0.0650759219088937,,Latin America & Caribbean,TTO,derived
Trinidad and Tobago,2003,43.2,3.54,46.1,4.25,2.8999999999999986,,0.06290672451193055,,Latin America & Caribbean,TTO,derived
Trinidad and Tobago,2004,43.3,3.53,46.2,4.28,2.9000000000000057,,0.0627705627705629,,Latin America & Caribbean,TTO,derived
Trinidad and Tobago,2005,43.3,3.5,46.2,4.31,2.9000000000000057,,0.0627705627705629,,Latin America & Caribbean,TTO,derived
Tunisia,1985,42.0,2.93,43.6,3.05,1.6000000000000014,,0.03669724770642205,,MENA,TUN,derived
Tunisia,1986,41.9,2.91,43.5,3.0,1.6000000000000014,,0.03678160919540233,,MENA,TUN,derived
Tunisia,1987,41.9,2.87,43.5,2.95,1.6000000000000014,,0.03678160919540233,,MENA,TUN,derived
Tunisia,1988,41.8,2.82,43.5,2.9,1.7000000000000028,,0.039080459770115004,,MENA,TUN,derived
Tunisia,1989,41.7,2.74,43.4,2.84,1.6999999999999957,,0.039170506912442296,,MENA,TUN,derived
Tunisia,1990,41.7,2.66,43.4,2.73,1.6999999999999957,,0.039170506912442296,,MENA,TUN,derived
Tunisia,1991,41.6,2.71,43.3,2.72,1.6999999999999957,,0.039260969976905216,,MENA,TUN,derived
Tunisia,1992,41.6,2.72,43.3,2.74,1.6999999999999957,,0.039260969976905216,,MENA,TUN,derived
Tunisia,1993,41.5,2.73,43.2,2.73,1.7000000000000028,,0.039351851851851916,,MENA,TUN,derived
Tunisia,1994,41.5,2.72,43.2,2.72,1.7000000000000028,,0.039351851851851916,,MENA,TUN,derived
Tunisia,1995,41.5,2.68,43.2,2.68,1.7000000000000028,,0.039351851851851916,,MENA,TUN,derived
Tunisia,1996,41.4,2.68,43.1,2.7,1.7000000000000028,,0.03944315545243626,,MENA,TUN,derived
Tunisia,1997,41.3,2.66,43.0,2.73,1.7000000000000028,,0.0395348837209303,,MENA,TUN,derived
Tunisia,1998,41.2,2.63,42.9,2.72,1.6999999999999957,,0.03962703962703953,,MENA,TUN,derived
Tunisia,1999,41.1,2.55,42.8,2.68,1.6999999999999957,,0.0397196261682242,,MENA,TUN,derived
Tunisia,2000,41.1,2.48,42.7,2.6,1.6000000000000014,,0.03747072599531619,,MENA,TUN,derived
Tunisia,2001,40.9,2.46,42.6,2.59,1.7000000000000028,,0.03990610328638504,,MENA,TUN,derived
Tunisia,2002,40.8,2.41,42.5,2.55,1.7000000000000028,,0.04000000000000007,,MENA,TUN,derived
Tunisia,2003,40.7,2.31,42.4,2.49,1.6999999999999957,,0.04009433962264141,,MENA,TUN,derived
Tunisia,2004,40.6,2.23,42.3,2.35,1.6999999999999957,,0.04018912529550818,,MENA,TUN,derived
Tunisia,2005,40.5,2.07,42.2,2.21,1.7000000000000028,,0.04028436018957352,,MENA,TUN,derived
Tunisia,2006,40.2,2.13,42.0,2.28,1.7999999999999972,,0.04285714285714279,,MENA,TUN,derived
Tunisia,2007,40.0,2.16,41.7,2.3,1.7000000000000028,,0.040767386091127164,,MENA,TUN,derived
Tunisia,2008,39.8,2.14,41.5,2.28,1.7000000000000028,,0.04096385542168682,,MENA,TUN,derived
Tunisia,2009,39.5,2.09,41.3,2.22,1.7999999999999972,,0.04358353510895877,,MENA,TUN,derived
Tunisia,2010,39.3,1.99,41.0,2.15,1.7000000000000028,,0.04146341463414641,,MENA,TUN,derived
Tunisia,2011,39.0,2.13,40.7,2.29,1.7000000000000028,,0.04176904176904184,,MENA,TUN,derived
Tunisia,2012,38.6,2.24,40.4,2.4,1.7999999999999972,,0.04455445544554448,,MENA,TUN,derived
Tunisia,2013,38.4,2.39,40.2,2.54,1.8000000000000043,,0.044776119402985176,,MENA,TUN,derived
Tunisia,2014,38.1,2.5,40.0,2.64,1.8999999999999986,,0.047499999999999966,,MENA,TUN,derived
Tunisia,2015,37.9,2.56,39.8,2.72,1.8999999999999986,,0.047738693467336654,,MENA,TUN,derived
Tunisia,2016,37.8,2.72,39.7,2.88,1.9000000000000057,,0.04785894206549132,,MENA,TUN,derived
Tunisia,2017,37.7,2.85,39.7,3.01,2.0,,0.05037783375314861,,MENA,TUN,derived
Tunisia,2018,37.7,2.96,39.6,3.14,1.8999999999999986,,0.04797979797979794,,MENA,TUN,derived
Tunisia,2019,37.6,3.06,39.5,3.24,1.8999999999999986,,0.048101265822784775,,MENA,TUN,derived
Tunisia,2020,37.5,3.12,39.4,3.33,1.8999999999999986,,0.04822335025380707,,MENA,TUN,derived
Tunisia,2021,37.4,3.21,39.3,3.44,1.8999999999999986,,0.04834605597964373,,MENA,TUN,derived
Turkey,1987,40.6,2.06,45.2,2.62,4.6,3.3,10.2,4.2,MENA,TUR,survey
Turkey,1988,40.9,2.18,45.4,2.68,4.5,3.5,9.9,4.4,MENA,TUR,survey
Turkey,1989,41.1,2.25,45.6,2.72,4.5,3.5,9.9,4.4,MENA,TUR,survey
Turkey,1990,41.3,2.29,45.7,2.73,4.4,3.6,9.6,4.5,MENA,TUR,survey
Turkey,1991,41.5,2.28,45.9,2.71,4.4,3.5,9.6,4.4,MENA,TUR,survey
Turkey,1992,41.7,2.27,46.1,2.68,4.4,3.5,9.5,4.4,MENA,TUR,survey
Turkey,1993,41.9,2.21,46.3,2.63,4.4,3.4,9.5,4.3,MENA,TUR,survey
Turkey,1994,42.1,2.12,46.5,2.55,4.4,3.3,9.5,4.2,MENA,TUR,survey
Turkey,1995,42.0,2.19,46.3,2.6,4.3,3.4,9.3,4.3,MENA,TUR,survey
Turkey,1996,41.8,2.24,46.2,2.64,4.4,3.5,9.5,4.4,MENA,TUR,survey
Turkey,1997,41.6,2.24,46.0,2.63,4.4,3.5,9.6,4.4,MENA,TUR,survey
Turkey,1998,41.5,2.24,45.9,2.62,4.4,3.4,9.6,4.3,MENA,TUR,survey
Turkey,1999,41.3,2.2,45.7,2.58,4.4,3.4,9.6,4.3,MENA,TUR,survey
Turkey,2000,41.1,2.1,45.6,2.5,4.5,3.3,9.9,4.1,MENA,TUR,survey
Turkey,2001,41.0,1.99,45.5,2.37,4.5,3.1,9.9,3.9,MENA,TUR,survey
Turkey,2002,40.8,1.84,45.3,2.24,4.5,2.9,9.9,3.7,MENA,TUR,survey
Turkey,2003,40.8,1.74,45.3,2.16,4.5,2.8,9.9,3.5,MENA,TUR,survey
Turkey,2004,40.6,1.64,45.2,2.04,4.6,2.6,10.2,3.3,MENA,TUR,survey
Turkey,2005,40.4,1.58,45.1,1.94,4.7,2.5,10.4,3.2,MENA,TUR,survey
Turkey,2006,40.0,1.46,44.9,1.81,4.9,2.3,10.9,2.9,MENA,TUR,survey
Turkey,2007,39.6,1.36,44.7,1.7,5.1,2.2,11.4,2.8,MENA,TUR,survey
Turkey,2008,39.3,1.31,44.5,1.65,5.2,2.1,11.7,2.7,MENA,TUR,survey
Turkey,2009,39.2,1.25,44.4,1.6,5.2,2.0,11.7,2.6,MENA,TUR,survey
Turkey,2010,39.0,1.19,44.4,1.54,5.4,1.9,12.2,2.4,MENA,TUR,survey
Turkey,2011,38.8,1.17,44.3,1.48,5.5,1.9,12.4,2.4,MENA,TUR,survey
Turkey,2012,38.7,1.16,44.3,1.48,5.6,1.9,12.6,2.4,MENA,TUR,survey
Turkey,2013,38.8,1.15,44.4,1.46,5.6,1.9,12.6,2.4,MENA,TUR,survey
Turkey,2014,38.9,1.13,44.6,1.42,5.7,1.8,12.8,2.3,MENA,TUR,survey
Turkey,2015,39.3,1.14,45.0,1.41,5.7,1.8,12.7,2.3,MENA,TUR,survey
Turkey,2016,39.6,1.16,45.5,1.41,5.9,1.8,13.0,2.3,MENA,TUR,survey
Turkey,2017,39.9,1.12,45.9,1.38,6.0,1.8,13.1,2.3,MENA,TUR,survey
Turkey,2018,40.0,1.11,46.2,1.38,6.2,1.8,13.4,2.3,MENA,TUR,survey
Turkey,2019,40.1,1.1,46.5,1.38,6.4,1.8,13.8,2.3,MENA,TUR,survey
Turkey,2020,40.3,1.12,46.7,1.4,6.4,1.8,13.7,2.3,MENA,TUR,survey
Turkey,2021,40.5,1.16,47.0,1.44,6.5,1.8,13.8,2.3,MENA,TUR,survey
Turkey,2022,40.7,1.22,47.2,1.52,6.5,1.9,13.8,2.4,MENA,TUR,survey
Turkey,2023,40.6,1.37,47.1,1.7,6.5,2.2,13.8,2.8,MENA,TUR,survey
Turkey,2024,40.5,1.56,47.0,1.91,6.5,2.5,13.8,3.1,MENA,TUR,survey
Turkey,2025,40.4,1.8,46.9,2.13,6.5,2.8,13.9,3.5,MENA,TUR,survey
Uganda,1989,42.7,2.92,44.1,3.05,1.3999999999999986,,0.03174603174603171,,Sub-Saharan Africa,UGA,derived
Uganda,1990,42.7,2.8,44.1,2.94,1.3999999999999986,,0.03174603174603171,,Sub-Saharan Africa,UGA,derived
Uganda,1991,42.7,2.68,44.1,2.79,1.3999999999999986,,0.03174603174603171,,Sub-Saharan Africa,UGA,derived
Uganda,1992,42.7,2.56,44.2,2.66,1.5,,0.033936651583710405,,Sub-Saharan Africa,UGA,derived
Uganda,1993,42.7,2.49,44.2,2.56,1.5,,0.033936651583710405,,Sub-Saharan Africa,UGA,derived
Uganda,1994,42.7,2.42,44.3,2.51,1.5999999999999943,,0.03611738148984186,,Sub-Saharan Africa,UGA,derived
Uganda,1995,42.8,2.36,44.3,2.43,1.5,,0.033860045146726865,,Sub-Saharan Africa,UGA,derived
Uganda,1996,42.9,2.29,44.4,2.35,1.5,,0.033783783783783786,,Sub-Saharan Africa,UGA,derived
Uganda,1997,43.0,2.23,44.6,2.29,1.6000000000000014,,0.03587443946188344,,Sub-Saharan Africa,UGA,derived
Uganda,1998,43.1,2.16,44.8,2.22,1.6999999999999957,,0.03794642857142848,,Sub-Saharan Africa,UGA,derived
Uganda,1999,43.4,2.09,45.1,2.16,1.7000000000000028,,0.037694013303769466,,Sub-Saharan Africa,UGA,derived
Uganda,2000,43.7,2.05,45.3,2.12,1.5999999999999943,,0.035320088300220626,,Sub-Saharan Africa,UGA,derived
Uganda,2001,44.0,2.0,45.6,2.08,1.6000000000000014,,0.03508771929824565,,Sub-Saharan Africa,UGA,derived
Uganda,2002,44.3,1.91,45.9,2.0,1.6000000000000014,,0.0348583877995643,,Sub-Saharan Africa,UGA,derived
Uganda,2003,44.4,1.92,46.0,2.01,1.6000000000000014,,0.0347826086956522,,Sub-Saharan Africa,UGA,derived
Uganda,2004,44.4,1.92,46.1,2.01,1.7000000000000028,,0.03687635574837316,,Sub-Saharan Africa,UGA,derived
Uganda,2005,44.5,1.88,46.1,2.0,1.6000000000000014,,0.03470715835141001,,Sub-Saharan Africa,UGA,derived
Uganda,2006,44.5,1.96,46.1,2.08,1.6000000000000014,,0.03470715835141001,,Sub-Saharan Africa,UGA,derived
Uganda,2007,44.4,1.98,46.1,2.12,1.7000000000000028,,0.03687635574837316,,Sub-Saharan Africa,UGA,derived
Uganda,2008,44.5,1.99,46.1,2.1,1.6000000000000014,,0.03470715835141001,,Sub-Saharan Africa,UGA,derived
Uganda,2009,44.4,1.9,46.1,2.04,1.7000000000000028,,0.03687635574837316,,Sub-Saharan Africa,UGA,derived
Uganda,2010,44.2,1.96,45.9,2.1,1.6999999999999957,,0.037037037037036945,,Sub-Saharan Africa,UGA,derived
Uganda,2011,44.1,1.99,45.8,2.12,1.6999999999999957,,0.03711790393013091,,Sub-Saharan Africa,UGA,derived
Uganda,2012,43.9,1.93,45.6,2.1,1.7000000000000028,,0.037280701754386025,,Sub-Saharan Africa,UGA,derived
Uganda,2013,43.8,2.06,45.5,2.22,1.7000000000000028,,0.037362637362637424,,Sub-Saharan Africa,UGA,derived
Uganda,2014,43.8,2.16,45.6,2.37,1.8000000000000043,,0.03947368421052641,,Sub-Saharan Africa,UGA,derived
Uganda,2015,43.8,2.25,45.5,2.48,1.7000000000000028,,0.037362637362637424,,Sub-Saharan Africa,UGA,derived
Uganda,2016,43.8,2.32,45.6,2.56,1.8000000000000043,,0.03947368421052641,,Sub-Saharan Africa,UGA,derived
Uganda,2017,43.8,2.48,45.6,2.72,1.8000000000000043,,0.03947368421052641,,Sub-Saharan Africa,UGA,derived
Uganda,2018,43.8,2.64,45.6,2.88,1.8000000000000043,,0.03947368421052641,,Sub-Saharan Africa,UGA,derived
Uganda,2019,43.9,2.78,45.6,3.0,1.7000000000000028,,0.037280701754386025,,Sub-Saharan Africa,UGA,derived
Ukraine,1980,28.4,2.26,35.0,3.18,6.600000000000001,,0.1885714285714286,,Eastern Europe & FSU,UKR,derived
Ukraine,1981,28.0,2.24,34.9,3.09,6.899999999999999,,0.19770773638968478,,Eastern Europe & FSU,UKR,derived
Ukraine,1982,27.5,2.19,34.8,2.99,7.299999999999997,,0.20977011494252867,,Eastern Europe & FSU,UKR,derived
Ukraine,1983,27.1,2.1,34.6,2.87,7.5,,0.21676300578034682,,Eastern Europe & FSU,UKR,derived
Ukraine,1984,26.7,1.97,34.5,2.73,7.800000000000001,,0.22608695652173916,,Eastern Europe & FSU,UKR,derived
Ukraine,1985,26.2,1.78,34.4,2.56,8.2,,0.2383720930232558,,Eastern Europe & FSU,UKR,derived
Ukraine,1986,25.5,1.71,34.2,2.45,8.700000000000003,,0.25438596491228077,,Eastern Europe & FSU,UKR,derived
Ukraine,1987,24.7,1.58,34.0,2.33,9.3,,0.2735294117647059,,Eastern Europe & FSU,UKR,derived
Ukraine,1988,23.9,1.31,33.7,2.13,9.800000000000004,,0.2908011869436203,,Eastern Europe & FSU,UKR,derived
Ukraine,1989,23.8,1.2,33.8,2.0,9.999999999999996,,0.2958579881656804,,Eastern Europe & FSU,UKR,derived
Ukraine,1990,24.0,1.21,34.1,1.97,10.100000000000001,,0.2961876832844575,,Eastern Europe & FSU,UKR,derived
Ukraine,1991,24.7,1.25,34.6,1.94,9.900000000000002,,0.28612716763005785,,Eastern Europe & FSU,UKR,derived
Ukraine,1992,26.4,1.26,35.3,1.92,8.899999999999999,,0.25212464589235123,,Eastern Europe & FSU,UKR,derived
Ukraine,1993,28.3,1.35,36.2,1.92,7.900000000000002,,0.21823204419889508,,Eastern Europe & FSU,UKR,derived
Ukraine,1994,30.1,1.4,37.1,1.93,7.0,,0.18867924528301885,,Eastern Europe & FSU,UKR,derived
Ukraine,1995,31.9,1.33,38.0,1.88,6.100000000000001,,0.1605263157894737,,Eastern Europe & FSU,UKR,derived
Ukraine,1996,31.9,1.34,38.0,1.85,6.100000000000001,,0.1605263157894737,,Eastern Europe & FSU,UKR,derived
Ukraine,1997,31.3,1.38,37.8,1.87,6.4999999999999964,,0.17195767195767186,,Eastern Europe & FSU,UKR,derived
Ukraine,1998,30.7,1.3,37.6,1.83,6.900000000000002,,0.1835106382978724,,Eastern Europe & FSU,UKR,derived
Ukraine,1999,30.3,1.17,37.4,1.77,7.099999999999998,,0.18983957219251332,,Eastern Europe & FSU,UKR,derived
Ukraine,2000,30.5,1.17,37.3,1.75,6.799999999999997,,0.18230563002680958,,Eastern Europe & FSU,UKR,derived
Ukraine,2001,30.3,1.14,37.0,1.74,6.699999999999999,,0.18108108108108106,,Eastern Europe & FSU,UKR,derived
Ukraine,2002,29.8,1.07,36.5,1.73,6.699999999999999,,0.1835616438356164,,Eastern Europe & FSU,UKR,derived
Ukraine,2003,29.5,1.17,36.1,1.76,6.600000000000001,,0.18282548476454297,,Eastern Europe & FSU,UKR,derived
Ukraine,2004,29.3,1.27,35.8,1.81,6.4999999999999964,,0.18156424581005579,,Eastern Europe & FSU,UKR,derived
Ukraine,2005,29.1,1.31,35.5,1.84,6.399999999999999,,0.18028169014084502,,Eastern Europe & FSU,UKR,derived
Ukraine,2006,28.7,1.29,35.1,1.87,6.400000000000002,,0.1823361823361824,,Eastern Europe & FSU,UKR,derived
Ukraine,2007,28.1,1.21,34.7,1.84,6.600000000000001,,0.19020172910662828,,Eastern Europe & FSU,UKR,derived
Ukraine,2008,27.4,1.17,34.3,1.82,6.899999999999999,,0.20116618075801745,,Eastern Europe & FSU,UKR,derived
Ukraine,2009,26.9,1.17,33.9,1.85,7.0,,0.20648967551622419,,Eastern Europe & FSU,UKR,derived
Ukraine,2010,26.7,1.25,33.6,1.92,6.900000000000002,,0.2053571428571429,,Eastern Europe & FSU,UKR,derived
Ukraine,2011,26.5,1.31,33.3,1.96,6.799999999999997,,0.20420420420420413,,Eastern Europe & FSU,UKR,derived
Ukraine,2012,26.4,1.33,33.1,2.0,6.700000000000003,,0.2024169184290031,,Eastern Europe & FSU,UKR,derived
Ukraine,2013,26.3,1.33,32.9,2.04,6.599999999999998,,0.20060790273556225,,Eastern Europe & FSU,UKR,derived
Ukraine,2014,26.4,1.33,32.8,2.09,6.399999999999999,,0.19512195121951217,,Eastern Europe & FSU,UKR,derived
Ukraine,2015,26.6,1.36,32.7,2.12,6.100000000000001,,0.1865443425076453,,Eastern Europe & FSU,UKR,derived
Ukraine,2016,26.7,1.36,32.7,2.2,6.0000000000000036,,0.18348623853211019,,Eastern Europe & FSU,UKR,derived
Ukraine,2017,26.9,1.42,32.7,2.28,5.800000000000004,,0.17737003058103987,,Eastern Europe & FSU,UKR,derived
Ukraine,2018,27.0,1.47,32.7,2.39,5.700000000000003,,0.17431192660550465,,Eastern Europe & FSU,UKR,derived
Ukraine,2019,27.1,1.58,32.7,2.55,5.600000000000001,,0.17125382262996944,,Eastern Europe & FSU,UKR,derived
Ukraine,2020,27.1,1.74,32.7,2.71,5.600000000000001,,0.17125382262996944,,Eastern Europe & FSU,UKR,derived
United Kingdom,1961,26.1,0.79,37.9,0.96,11.799999999999997,,0.31134564643799467,,Western Europe,GBR,derived
United Kingdom,1962,25.8,0.94,38.3,1.15,12.499999999999996,,0.32637075718015657,,Western Europe,GBR,derived
United Kingdom,1963,25.9,1.0,38.6,1.24,12.700000000000003,,0.32901554404145084,,Western Europe,GBR,derived
United Kingdom,1964,25.8,1.03,38.6,1.24,12.8,,0.3316062176165803,,Western Europe,GBR,derived
United Kingdom,1965,25.5,1.01,38.2,1.24,12.700000000000003,,0.33246073298429324,,Western Europe,GBR,derived
United Kingdom,1966,25.4,1.0,37.8,1.19,12.399999999999999,,0.328042328042328,,Western Europe,GBR,derived
United Kingdom,1967,25.2,0.94,36.9,1.1,11.7,,0.3170731707317073,,Western Europe,GBR,derived
United Kingdom,1968,25.0,0.74,35.7,0.84,10.700000000000003,,0.2997198879551821,,Western Europe,GBR,derived
United Kingdom,1969,25.2,0.71,35.6,0.77,10.400000000000002,,0.2921348314606742,,Western Europe,GBR,derived
United Kingdom,1970,25.5,0.66,35.8,0.78,10.299999999999997,,0.28770949720670386,,Western Europe,GBR,derived
United Kingdom,1971,25.9,0.7,36.3,0.78,10.399999999999999,,0.2865013774104683,,Western Europe,GBR,derived
United Kingdom,1972,25.8,0.59,36.4,0.76,10.599999999999998,,0.2912087912087912,,Western Europe,GBR,derived
United Kingdom,1973,25.9,0.62,36.8,0.79,10.899999999999999,,0.296195652173913,,Western Europe,GBR,derived
United Kingdom,1974,25.7,0.66,37.2,0.81,11.500000000000004,,0.3091397849462366,,Western Europe,GBR,derived
United Kingdom,1975,25.1,0.58,37.4,0.76,12.3,1.0,32.9,1.3,Western Europe,GBR,survey
United Kingdom,1976,24.9,0.62,38.1,0.77,13.2,1.0,34.6,1.3,Western Europe,GBR,survey
United Kingdom,1977,24.7,0.6,38.4,0.78,13.7,1.0,35.7,1.3,Western Europe,GBR,survey
United Kingdom,1978,25.1,0.64,39.0,0.78,13.9,1.0,35.6,1.3,Western Europe,GBR,survey
United Kingdom,1979,25.4,0.58,39.6,0.78,14.2,1.0,35.9,1.3,Western Europe,GBR,survey
United Kingdom,1980,26.1,0.65,40.8,0.83,14.7,1.1,36.0,1.4,Western Europe,GBR,survey
United Kingdom,1981,26.7,0.7,42.4,0.83,15.7,1.1,37.0,1.4,Western Europe,GBR,survey
United Kingdom,1982,27.1,0.66,44.0,0.86,16.9,1.1,38.4,1.4,Western Europe,GBR,survey
United Kingdom,1983,27.3,0.63,44.9,0.87,17.6,1.1,39.2,1.4,Western Europe,GBR,survey
United Kingdom,1984,27.6,0.7,45.6,0.85,18.0,1.1,39.5,1.4,Western Europe,GBR,survey
United Kingdom,1985,28.6,0.71,46.5,0.92,17.9,1.2,38.5,1.5,Western Europe,GBR,survey
United Kingdom,1986,29.7,0.8,47.4,0.91,17.7,1.2,37.3,1.5,Western Europe,GBR,survey
United Kingdom,1987,30.8,0.85,48.0,0.88,17.2,1.2,35.8,1.5,Western Europe,GBR,survey
United Kingdom,1988,31.5,0.87,48.1,0.91,16.6,1.3,34.5,1.6,Western Europe,GBR,survey
United Kingdom,1989,31.8,0.76,48.1,0.87,16.3,1.2,33.9,1.5,Western Europe,GBR,survey
United Kingdom,1990,32.5,0.85,48.9,0.92,16.4,1.3,33.5,1.6,Western Europe,GBR,survey
United Kingdom,1991,32.7,0.83,49.7,0.93,17.0,1.2,34.2,1.5,Western Europe,GBR,survey
United Kingdom,1992,32.7,0.75,50.9,0.88,18.2,1.2,35.8,1.5,Western Europe,GBR,survey
United Kingdom,1993,33.1,0.74,52.2,0.85,19.1,1.1,36.6,1.4,Western Europe,GBR,survey
United Kingdom,1994,33.7,0.66,53.6,0.63,19.9,0.9,37.1,1.1,Western Europe,GBR,survey
United Kingdom,1995,33.7,0.6,54.1,0.6,20.4,0.8,37.7,1.0,Western Europe,GBR,survey
United Kingdom,1996,33.6,0.65,53.8,0.67,20.2,0.9,37.5,1.1,Western Europe,GBR,survey
United Kingdom,1997,33.9,0.66,53.7,0.67,19.8,0.9,36.9,1.1,Western Europe,GBR,survey
United Kingdom,1998,34.4,0.69,54.0,0.72,19.6,1.0,36.3,1.2,Western Europe,GBR,survey
United Kingdom,1999,34.7,0.73,54.2,0.71,19.5,1.0,36.0,1.2,Western Europe,GBR,survey
United Kingdom,2000,35.0,0.82,54.5,0.72,19.5,1.1,35.8,1.3,Western Europe,GBR,survey
United Kingdom,2001,34.6,0.73,54.0,0.68,19.4,1.0,35.9,1.2,Western Europe,GBR,survey
United Kingdom,2002,33.7,0.71,53.3,0.66,19.6,1.0,36.8,1.2,Western Europe,GBR,survey
United Kingdom,2003,33.1,0.65,53.2,0.65,20.1,0.9,37.8,1.1,Western Europe,GBR,survey
United Kingdom,2004,32.9,0.6,53.3,0.66,20.4,0.9,38.3,1.1,Western Europe,GBR,survey
United Kingdom,2005,33.3,0.67,53.4,0.68,20.1,1.0,37.6,1.2,Western Europe,GBR,survey
United Kingdom,2006,33.4,0.69,53.4,0.72,20.0,1.0,37.5,1.2,Western Europe,GBR,survey
United Kingdom,2007,32.9,0.57,53.1,0.63,20.2,0.8,38.0,1.0,Western Europe,GBR,survey
United Kingdom,2008,32.9,0.65,53.4,0.62,20.5,0.9,38.4,1.1,Western Europe,GBR,survey
United Kingdom,2009,32.6,0.71,54.2,0.67,21.6,1.0,39.9,1.2,Western Europe,GBR,survey
United Kingdom,2010,32.0,0.55,54.3,0.65,22.3,0.9,41.1,1.1,Western Europe,GBR,survey
United Kingdom,2011,31.4,0.57,53.9,0.67,22.5,0.9,41.7,1.1,Western Europe,GBR,survey
United Kingdom,2012,31.1,0.66,54.0,0.71,22.9,1.0,42.4,1.2,Western Europe,GBR,survey
United Kingdom,2013,30.7,0.52,53.6,0.67,22.9,0.8,42.7,1.0,Western Europe,GBR,survey
United Kingdom,2014,31.1,0.64,53.6,0.7,22.5,0.9,42.0,1.1,Western Europe,GBR,survey
United Kingdom,2015,31.3,0.69,53.6,0.68,22.3,1.0,41.6,1.2,Western Europe,GBR,survey
United Kingdom,2016,31.2,0.63,53.2,0.67,22.0,0.9,41.4,1.1,Western Europe,GBR,survey
United Kingdom,2017,31.2,0.64,52.8,0.7,21.6,0.9,40.9,1.1,Western Europe,GBR,survey
United Kingdom,2018,31.4,0.66,52.8,0.71,21.4,1.0,40.5,1.2,Western Europe,GBR,survey
United Kingdom,2019,31.1,0.6,52.6,0.77,21.5,1.0,40.9,1.3,Western Europe,GBR,survey
United Kingdom,2020,30.9,0.75,52.9,0.85,22.0,1.1,41.6,1.4,Western Europe,GBR,survey
United Kingdom,2021,31.1,0.69,52.9,0.83,21.8,1.1,41.2,1.4,Western Europe,GBR,survey
United Kingdom,2022,32.2,0.64,52.8,0.85,20.6,1.1,39.0,1.4,Western Europe,GBR,survey
United Kingdom,2023,31.9,0.59,52.1,0.87,20.2,1.1,38.8,1.4,Western Europe,GBR,survey
United Kingdom,2024,31.6,0.73,51.7,1.04,20.1,1.3,38.9,1.7,Western Europe,GBR,survey
United States,1960,32.9,0.54,39.4,0.47,6.5,,0.1649746192893401,,North America,USA,derived
United States,1961,32.9,0.9,41.2,0.95,8.300000000000004,,0.20145631067961173,,North America,USA,derived
United States,1962,32.9,0.91,42.8,0.94,9.899999999999999,,0.23130841121495324,,North America,USA,derived
United States,1963,33.0,0.49,44.5,0.42,11.5,,0.25842696629213485,,North America,USA,derived
United States,1964,33.3,0.47,45.1,0.41,11.800000000000004,,0.26164079822616415,,North America,USA,derived
United States,1965,33.1,0.38,44.6,0.4,11.5,,0.25784753363228696,,North America,USA,derived
United States,1966,32.8,0.45,43.8,0.41,11.0,,0.25114155251141557,,North America,USA,derived
United States,1967,32.5,0.33,39.7,0.42,7.200000000000003,,0.18136020151133508,,North America,USA,derived
United States,1968,31.9,0.33,38.9,0.4,7.0,,0.17994858611825193,,North America,USA,derived
United States,1969,31.7,0.34,39.0,0.43,7.300000000000001,,0.1871794871794872,,North America,USA,derived
United States,1970,32.4,0.31,40.2,0.46,7.800000000000004,,0.19402985074626874,,North America,USA,derived
United States,1971,32.8,0.36,40.9,0.45,8.100000000000001,,0.19804400977995115,,North America,USA,derived
United States,1972,32.7,0.37,41.4,0.43,8.699999999999996,,0.2101449275362318,,North America,USA,derived
United States,1973,32.3,0.38,41.3,0.44,9.0,,0.21791767554479421,,North America,USA,derived
United States,1974,31.9,0.33,41.6,0.41,9.700000000000003,,0.23317307692307698,,North America,USA,derived
United States,1975,31.9,0.37,42.7,0.46,10.8,0.6,25.3,0.8,North America,USA,survey
United States,1976,31.8,0.33,42.8,0.48,11.0,0.6,25.7,0.8,North America,USA,survey
United States,1977,31.6,0.39,42.9,0.48,11.3,0.6,26.3,0.8,North America,USA,survey
United States,1978,31.1,0.38,42.7,0.4,11.6,0.6,27.2,0.7,North America,USA,survey
United States,1979,31.3,0.38,42.9,0.44,11.6,0.6,27.0,0.7,North America,USA,survey
United States,1980,31.1,0.29,43.4,0.45,12.3,0.5,28.3,0.7,North America,USA,survey
United States,1981,31.7,0.33,43.9,0.4,12.2,0.5,27.8,0.6,North America,USA,survey
United States,1982,32.9,0.3,45.0,0.4,12.1,0.5,26.9,0.6,North America,USA,survey
United States,1983,33.6,0.33,45.5,0.42,11.9,0.5,26.2,0.7,North America,USA,survey
United States,1984,33.8,0.34,45.2,0.39,11.4,0.5,25.2,0.6,North America,USA,survey
United States,1985,34.1,0.39,45.5,0.47,11.4,0.6,25.1,0.8,North America,USA,survey
United States,1986,34.2,0.36,45.9,0.43,11.7,0.6,25.5,0.7,North America,USA,survey
United States,1987,34.0,0.37,46.1,0.43,12.1,0.6,26.2,0.7,North America,USA,survey
United States,1988,34.4,0.41,46.3,0.44,11.9,0.6,25.7,0.7,North America,USA,survey
United States,1989,34.7,0.42,46.5,0.45,11.8,0.6,25.4,0.8,North America,USA,survey
United States,1990,34.6,0.4,46.6,0.47,12.0,0.6,25.8,0.8,North America,USA,survey
United States,1991,34.6,0.35,47.0,0.47,12.4,0.6,26.4,0.8,North America,USA,survey
United States,1992,35.2,0.4,47.9,0.46,12.7,0.6,26.5,0.8,North America,USA,survey
United States,1993,36.6,0.62,49.5,0.59,12.9,0.9,26.1,1.1,North America,USA,survey
United States,1994,36.8,0.59,49.7,0.58,12.9,0.8,26.0,1.0,North America,USA,survey
United States,1995,36.7,0.65,49.5,0.65,12.8,0.9,25.9,1.1,North America,USA,survey
United States,1996,36.8,0.64,49.5,0.62,12.7,0.9,25.7,1.1,North America,USA,survey
United States,1997,37.0,0.64,49.6,0.61,12.6,0.9,25.4,1.1,North America,USA,survey
United States,1998,36.8,0.61,49.3,0.6,12.5,0.9,25.4,1.1,North America,USA,survey
United States,1999,36.8,0.62,49.3,0.6,12.5,0.9,25.4,1.1,North America,USA,survey
United States,2000,37.0,0.56,49.3,0.56,12.3,0.8,24.9,1.0,North America,USA,survey
United States,2001,37.4,0.54,49.7,0.51,12.3,0.7,24.7,0.9,North America,USA,survey
United States,2002,37.4,0.52,49.8,0.51,12.4,0.7,24.9,0.9,North America,USA,survey
United States,2003,37.8,0.51,50.1,0.47,12.3,0.7,24.6,0.8,North America,USA,survey
United States,2004,37.9,0.57,50.2,0.55,12.3,0.8,24.5,1.0,North America,USA,survey
United States,2005,38.5,0.53,50.4,0.51,11.9,0.7,23.6,0.9,North America,USA,survey
United States,2006,38.8,0.57,50.2,0.57,11.4,0.8,22.7,1.0,North America,USA,survey
United States,2007,38.4,0.52,49.9,0.53,11.5,0.7,23.0,0.9,North America,USA,survey
United States,2008,38.2,0.55,50.7,0.54,12.5,0.8,24.7,1.0,North America,USA,survey
United States,2009,37.8,0.47,51.6,0.48,13.8,0.7,26.7,0.8,North America,USA,survey
United States,2010,37.4,0.41,51.9,0.48,14.5,0.6,27.9,0.8,North America,USA,survey
United States,2011,38.1,0.46,52.6,0.52,14.5,0.7,27.6,0.9,North America,USA,survey
United States,2012,38.3,0.45,52.6,0.53,14.3,0.7,27.2,0.9,North America,USA,survey
United States,2013,38.2,0.48,52.4,0.57,14.2,0.7,27.1,0.9,North America,USA,survey
United States,2014,38.6,0.45,52.5,0.48,13.9,0.7,26.5,0.8,North America,USA,survey
United States,2015,38.4,0.46,52.5,0.46,14.1,0.7,26.9,0.8,North America,USA,survey
United States,2016,38.5,0.44,52.4,0.5,13.9,0.7,26.5,0.9,North America,USA,survey
United States,2017,38.6,0.41,52.4,0.49,13.8,0.6,26.3,0.8,North America,USA,survey
United States,2018,39.0,0.44,52.4,0.54,13.4,0.7,25.6,0.9,North America,USA,survey
United States,2019,39.0,0.5,52.5,0.54,13.5,0.7,25.7,0.9,North America,USA,survey
United States,2020,37.8,0.44,53.5,0.53,15.7,0.7,29.3,0.9,North America,USA,survey
United States,2021,37.5,0.46,53.3,0.56,15.8,0.7,29.6,0.9,North America,USA,survey
United States,2022,39.0,0.5,53.0,0.53,14.0,0.7,26.4,0.9,North America,USA,survey
United States,2023,39.2,0.49,52.5,0.56,13.3,0.7,25.3,0.9,North America,USA,survey
United States,2024,39.4,0.52,52.5,0.62,13.1,0.8,25.0,1.0,North America,USA,survey
Uruguay,1981,40.3,2.44,48.5,3.03,8.200000000000003,,0.16907216494845367,,Latin America & Caribbean,URY,derived
Uruguay,1982,40.3,2.35,48.6,2.88,8.300000000000004,,0.1707818930041153,,Latin America & Caribbean,URY,derived
Uruguay,1983,40.3,2.21,48.6,2.74,8.300000000000004,,0.1707818930041153,,Latin America & Caribbean,URY,derived
Uruguay,1984,40.3,2.06,48.7,2.58,8.400000000000006,,0.1724845995893225,,Latin America & Caribbean,URY,derived
Uruguay,1985,40.2,1.87,48.8,2.38,8.6,3.0,17.6,3.8,Latin America & Caribbean,URY,survey
Uruguay,1986,40.2,1.61,48.8,2.18,8.6,2.7,17.6,3.5,Latin America & Caribbean,URY,survey
Uruguay,1987,40.3,1.5,48.9,2.07,8.6,2.6,17.6,3.3,Latin America & Caribbean,URY,survey
Uruguay,1988,40.4,1.26,49.0,1.92,8.6,2.3,17.6,3.0,Latin America & Caribbean,URY,survey
Uruguay,1989,40.4,0.82,49.2,1.71,8.8,1.9,17.9,2.6,Latin America & Caribbean,URY,survey
Uruguay,1990,40.5,1.03,49.3,1.63,8.8,1.9,17.8,2.5,Latin America & Caribbean,URY,survey
Uruguay,1991,40.0,1.05,49.0,1.63,9.0,1.9,18.4,2.5,Latin America & Caribbean,URY,survey
Uruguay,1992,39.5,0.75,48.7,1.53,9.2,1.7,18.9,2.3,Latin America & Caribbean,URY,survey
Uruguay,1993,39.3,1.08,48.6,1.58,9.3,1.9,19.1,2.5,Latin America & Caribbean,URY,survey
Uruguay,1994,39.1,1.04,48.5,1.52,9.4,1.8,19.4,2.4,Latin America & Caribbean,URY,survey
Uruguay,1995,38.9,0.71,48.3,1.43,9.4,1.6,19.5,2.1,Latin America & Caribbean,URY,survey
Uruguay,1996,38.8,0.68,48.4,1.4,9.6,1.6,19.8,2.1,Latin America & Caribbean,URY,survey
Uruguay,1997,39.4,0.69,48.8,1.37,9.4,1.5,19.3,2.0,Latin America & Caribbean,URY,survey
Uruguay,1998,40.1,0.72,49.2,1.38,9.1,1.6,18.5,2.1,Latin America & Caribbean,URY,survey
Uruguay,1999,40.6,0.95,49.8,1.37,9.2,1.7,18.5,2.2,Latin America & Caribbean,URY,survey
Uruguay,2000,41.0,0.69,50.4,1.24,9.4,1.4,18.7,1.9,Latin America & Caribbean,URY,survey
Uruguay,2001,42.4,0.67,51.1,1.17,8.7,1.3,17.0,1.7,Latin America & Caribbean,URY,survey
Uruguay,2002,43.0,0.66,51.6,1.11,8.6,1.3,16.7,1.7,Latin America & Caribbean,URY,survey
Uruguay,2003,42.9,0.65,52.0,1.01,9.1,1.2,17.5,1.6,Latin America & Caribbean,URY,survey
Uruguay,2004,43.1,0.67,52.3,0.72,9.2,1.0,17.6,1.2,Latin America & Caribbean,URY,survey
Uruguay,2005,42.8,0.63,52.5,0.68,9.7,0.9,18.5,1.1,Latin America & Caribbean,URY,survey
Uruguay,2006,43.0,0.5,53.3,0.52,10.3,0.7,19.3,0.9,Latin America & Caribbean,URY,survey
Uruguay,2007,42.9,0.54,53.0,0.55,10.1,0.8,19.1,1.0,Latin America & Caribbean,URY,survey
Uruguay,2008,42.6,0.57,52.2,0.6,9.6,0.8,18.4,1.0,Latin America & Caribbean,URY,survey
Uruguay,2009,41.8,0.62,51.6,0.6,9.8,0.9,19.0,1.1,Latin America & Caribbean,URY,survey
Uruguay,2010,40.5,0.56,50.4,0.56,9.9,0.8,19.6,1.0,Latin America & Caribbean,URY,survey
Uruguay,2011,38.4,0.51,48.2,0.49,9.8,0.7,20.3,0.9,Latin America & Caribbean,URY,survey
Uruguay,2012,36.4,0.43,46.2,0.43,9.8,0.6,21.2,0.7,Latin America & Caribbean,URY,survey
Uruguay,2013,37.2,0.46,46.7,0.48,9.5,0.7,20.3,0.8,Latin America & Caribbean,URY,survey
Uruguay,2014,36.8,0.35,46.5,0.4,9.7,0.5,20.9,0.6,Latin America & Caribbean,URY,survey
Uruguay,2015,36.9,0.41,46.7,0.45,9.8,0.6,21.0,0.8,Latin America & Caribbean,URY,survey
Uruguay,2016,36.6,0.46,46.5,0.48,9.9,0.7,21.3,0.8,Latin America & Caribbean,URY,survey
Uruguay,2017,36.6,0.47,46.7,0.5,10.1,0.7,21.6,0.9,Latin America & Caribbean,URY,survey
Uruguay,2018,36.7,0.43,46.9,0.51,10.2,0.7,21.7,0.9,Latin America & Caribbean,URY,survey
Uruguay,2019,36.8,0.42,47.2,0.53,10.4,0.7,22.0,0.9,Latin America & Caribbean,URY,survey
Uruguay,2020,37.3,0.56,47.3,0.67,10.0,0.9,21.1,1.1,Latin America & Caribbean,URY,survey
Uruguay,2021,37.8,0.56,47.9,0.69,10.1,0.9,21.1,1.1,Latin America & Caribbean,URY,survey
Uruguay,2022,38.2,0.64,49.0,0.72,10.8,1.0,22.0,1.2,Latin America & Caribbean,URY,survey
Uruguay,2023,38.5,0.66,49.7,0.72,11.2,1.0,22.5,1.2,Latin America & Caribbean,URY,survey
Uruguay,2024,38.4,0.71,49.6,0.8,11.2,1.1,22.6,1.4,Latin America & Caribbean,URY,survey
Uzbekistan,1988,29.9,1.9,39.9,3.01,10.0,,0.2506265664160401,,Eastern Europe & FSU,UZB,derived
Uzbekistan,1989,30.0,1.8,40.0,2.91,10.0,,0.25,,Eastern Europe & FSU,UZB,derived
Uzbekistan,1990,30.4,1.81,40.3,2.85,9.899999999999999,,0.2456575682382134,,Eastern Europe & FSU,UZB,derived
Uzbekistan,1991,30.9,1.9,40.7,2.81,9.800000000000004,,0.24078624078624086,,Eastern Europe & FSU,UZB,derived
Uzbekistan,1992,31.4,1.93,41.1,2.76,9.700000000000003,,0.2360097323600974,,Eastern Europe & FSU,UZB,derived
Uzbekistan,1993,32.0,1.93,41.5,2.7,9.5,,0.2289156626506024,,Eastern Europe & FSU,UZB,derived
Uzbekistan,1994,32.5,1.98,41.8,2.69,9.299999999999997,,0.2224880382775119,,Eastern Europe & FSU,UZB,derived
Uzbekistan,1995,33.0,1.99,42.2,2.68,9.200000000000003,,0.21800947867298584,,Eastern Europe & FSU,UZB,derived
Uzbekistan,1996,33.5,1.95,42.6,2.62,9.100000000000001,,0.21361502347417843,,Eastern Europe & FSU,UZB,derived
Uzbekistan,1997,34.1,1.88,42.9,2.55,8.799999999999997,,0.20512820512820507,,Eastern Europe & FSU,UZB,derived
Uzbekistan,1998,34.6,1.74,43.3,2.46,8.699999999999996,,0.20092378752886828,,Eastern Europe & FSU,UZB,derived
Uzbekistan,1999,34.3,1.72,43.2,2.4,8.900000000000006,,0.20601851851851863,,Eastern Europe & FSU,UZB,derived
Uzbekistan,2000,34.0,1.6,43.2,2.35,9.200000000000003,,0.21296296296296302,,Eastern Europe & FSU,UZB,derived
Uzbekistan,2001,33.7,1.49,43.1,2.29,9.399999999999999,,0.21809744779582363,,Eastern Europe & FSU,UZB,derived
Uzbekistan,2002,33.4,1.39,42.9,2.25,9.5,,0.22144522144522144,,Eastern Europe & FSU,UZB,derived
Uzbekistan,2003,33.4,1.48,42.9,2.31,9.5,,0.22144522144522144,,Eastern Europe & FSU,UZB,derived
Uzbekistan,2004,33.3,1.77,42.8,2.47,9.5,,0.22196261682242993,,Eastern Europe & FSU,UZB,derived
Uzbekistan,2005,33.1,1.96,42.6,2.61,9.5,,0.22300469483568075,,Eastern Europe & FSU,UZB,derived
Uzbekistan,2006,33.0,2.15,42.5,2.74,9.5,,0.2235294117647059,,Eastern Europe & FSU,UZB,derived
Uzbekistan,2007,32.8,2.26,42.4,2.86,9.600000000000001,,0.22641509433962267,,Eastern Europe & FSU,UZB,derived
Uzbekistan,2008,32.7,2.37,42.2,2.95,9.5,,0.22511848341232227,,Eastern Europe & FSU,UZB,derived
Uzbekistan,2009,32.6,2.46,42.0,3.04,9.399999999999999,,0.22380952380952376,,Eastern Europe & FSU,UZB,derived
Uzbekistan,2010,32.4,2.5,41.9,3.1,9.5,,0.22673031026252985,,Eastern Europe & FSU,UZB,derived
Uzbekistan,2011,32.3,2.55,41.8,3.12,9.5,,0.2272727272727273,,Eastern Europe & FSU,UZB,derived
Uzbekistan,2012,32.2,2.58,41.7,3.17,9.5,,0.22781774580335729,,Eastern Europe & FSU,UZB,derived
Uzbekistan,2013,32.0,2.56,41.5,3.2,9.5,,0.2289156626506024,,Eastern Europe & FSU,UZB,derived
Uzbekistan,2014,31.9,2.55,41.4,3.21,9.5,,0.22946859903381644,,Eastern Europe & FSU,UZB,derived
Uzbekistan,2015,31.8,2.54,41.3,3.21,9.499999999999996,,0.23002421307506046,,Eastern Europe & FSU,UZB,derived
Uzbekistan,2016,31.6,2.49,41.1,3.2,9.5,,0.23114355231143552,,Eastern Europe & FSU,UZB,derived
Uzbekistan,2017,31.5,2.41,41.0,3.16,9.5,,0.23170731707317074,,Eastern Europe & FSU,UZB,derived
Uzbekistan,2018,31.4,2.32,40.9,3.12,9.5,,0.23227383863080686,,Eastern Europe & FSU,UZB,derived
Uzbekistan,2019,31.3,2.19,40.8,3.09,9.499999999999996,,0.23284313725490188,,Eastern Europe & FSU,UZB,derived
Uzbekistan,2020,31.2,2.03,40.7,3.03,9.500000000000004,,0.2334152334152335,,Eastern Europe & FSU,UZB,derived
Uzbekistan,2021,31.0,1.82,40.5,2.97,9.5,,0.2345679012345679,,Eastern Europe & FSU,UZB,derived
Uzbekistan,2022,31.0,1.74,40.4,2.94,9.399999999999999,,0.23267326732673266,,Eastern Europe & FSU,UZB,derived
Uzbekistan,2023,31.1,1.75,40.4,2.97,9.299999999999997,,0.23019801980198012,,Eastern Europe & FSU,UZB,derived
Uzbekistan,2024,31.1,1.81,40.4,3.04,9.299999999999997,,0.23019801980198012,,Eastern Europe & FSU,UZB,derived
Uzbekistan,2025,31.0,1.96,40.4,3.18,9.399999999999999,,0.23267326732673266,,Eastern Europe & FSU,UZB,derived
Venezuela,1962,42.3,3.24,42.4,3.69,0.10000000000000142,,0.0023584905660377696,,Latin America & Caribbean,VEN,derived
Venezuela,1963,42.3,3.21,42.5,3.63,0.20000000000000284,,0.004705882352941244,,Latin America & Caribbean,VEN,derived
Venezuela,1964,42.4,3.15,42.5,3.55,0.10000000000000142,,0.002352941176470622,,Latin America & Caribbean,VEN,derived
Venezuela,1965,42.4,3.05,42.6,3.44,0.20000000000000284,,0.004694835680751241,,Latin America & Caribbean,VEN,derived
Venezuela,1966,42.5,2.93,42.7,3.33,0.20000000000000284,,0.004683840749414586,,Latin America & Caribbean,VEN,derived
Venezuela,1967,42.5,2.84,42.8,3.23,0.29999999999999716,,0.007009345794392457,,Latin America & Caribbean,VEN,derived
Venezuela,1968,42.6,2.69,42.8,3.13,0.19999999999999574,,0.004672897196261583,,Latin America & Caribbean,VEN,derived
Venezuela,1969,42.7,2.55,43.0,2.99,0.29999999999999716,,0.006976744186046446,,Latin America & Caribbean,VEN,derived
Venezuela,1970,42.7,2.37,43.0,2.84,0.29999999999999716,,0.006976744186046446,,Latin America & Caribbean,VEN,derived
Venezuela,1971,42.6,2.28,43.1,2.71,0.5,,0.01160092807424594,,Latin America & Caribbean,VEN,derived
Venezuela,1972,42.4,2.26,42.8,2.64,0.3999999999999986,,0.009345794392523333,,Latin America & Caribbean,VEN,derived
Venezuela,1973,42.1,2.24,42.6,2.55,0.5,,0.011737089201877934,,Latin America & Caribbean,VEN,derived
Venezuela,1974,41.8,2.18,42.4,2.47,0.6000000000000014,,0.014150943396226448,,Latin America & Caribbean,VEN,derived
Venezuela,1975,41.6,2.06,42.1,2.35,0.5,,0.011876484560570071,,Latin America & Caribbean,VEN,derived
Venezuela,1976,41.4,1.93,41.9,2.21,0.5,,0.011933174224343675,,Latin America & Caribbean,VEN,derived
Venezuela,1977,41.0,1.85,41.7,2.08,0.7000000000000028,,0.01678657074340534,,Latin America & Caribbean,VEN,derived
Venezuela,1978,40.8,1.8,41.5,2.0,0.7000000000000028,,0.016867469879518142,,Latin America & Caribbean,VEN,derived
Venezuela,1979,40.5,1.76,41.3,1.93,0.7999999999999972,,0.01937046004842608,,Latin America & Caribbean,VEN,derived
Venezuela,1980,40.4,1.73,41.2,1.88,0.8000000000000043,,0.019417475728155442,,Latin America & Caribbean,VEN,derived
Venezuela,1981,40.2,1.71,41.2,1.86,1.0,,0.024271844660194174,,Latin America & Caribbean,VEN,derived
Venezuela,1982,40.1,1.71,41.1,1.86,1.0,,0.024330900243309,,Latin America & Caribbean,VEN,derived
Venezuela,1983,40.1,1.71,41.1,1.88,1.0,,0.024330900243309,,Latin America & Caribbean,VEN,derived
Venezuela,1984,40.3,1.68,41.3,1.9,1.0,,0.02421307506053269,,Latin America & Caribbean,VEN,derived
Venezuela,1985,40.4,1.66,41.4,1.93,1.0,2.5,2.4,3.2,Latin America & Caribbean,VEN,survey
Venezuela,1986,40.5,1.66,41.5,1.95,1.0,2.6,2.4,3.2,Latin America & Caribbean,VEN,survey
Venezuela,1987,40.5,1.62,41.7,1.96,1.2,2.5,2.9,3.2,Latin America & Caribbean,VEN,survey
Venezuela,1988,40.4,1.54,41.6,1.93,1.2,2.5,2.9,3.2,Latin America & Caribbean,VEN,survey
Venezuela,1989,40.2,1.37,41.6,1.86,1.4,2.3,3.4,3.0,Latin America & Caribbean,VEN,survey
Venezuela,1990,40.4,1.42,41.8,1.91,1.4,2.4,3.3,3.1,Latin America & Caribbean,VEN,survey
Venezuela,1991,40.5,1.43,41.9,1.96,1.4,2.4,3.3,3.1,Latin America & Caribbean,VEN,survey
Venezuela,1992,40.6,1.35,42.1,1.93,1.5,2.4,3.6,3.1,Latin America & Caribbean,VEN,survey
Venezuela,1993,41.3,1.44,42.5,2.02,1.2,2.5,2.8,3.2,Latin America & Caribbean,VEN,survey
Venezuela,1994,41.9,1.43,42.9,2.01,1.0,2.5,2.3,3.2,Latin America & Caribbean,VEN,survey
Venezuela,1995,42.4,1.36,43.3,1.99,0.9,2.4,2.1,3.1,Latin America & Caribbean,VEN,survey
Venezuela,1996,42.8,1.43,43.5,2.03,0.7,2.5,1.6,3.2,Latin America & Caribbean,VEN,survey
Venezuela,1997,43.1,1.36,43.8,1.99,0.7,2.4,1.6,3.1,Latin America & Caribbean,VEN,survey
Venezuela,1998,43.2,1.22,43.9,1.93,0.7,2.3,1.6,3.0,Latin America & Caribbean,VEN,survey
Venezuela,1999,43.2,1.16,43.8,1.88,0.6,2.2,1.4,2.9,Latin America & Caribbean,VEN,survey
Venezuela,2000,42.9,1.19,43.6,1.87,0.7,2.2,1.6,2.9,Latin America & Caribbean,VEN,survey
Venezuela,2001,42.8,1.1,43.5,1.83,0.7,2.1,1.6,2.8,Latin America & Caribbean,VEN,survey
Venezuela,2002,42.8,1.08,43.4,1.81,0.6,2.1,1.4,2.8,Latin America & Caribbean,VEN,survey
Venezuela,2003,42.4,1.08,43.0,1.79,0.6,2.1,1.4,2.8,Latin America & Caribbean,VEN,survey
Venezuela,2004,42.0,1.05,42.6,1.77,0.6,2.1,1.4,2.7,Latin America & Caribbean,VEN,survey
Venezuela,2005,41.7,1.08,42.2,1.77,0.5,2.1,1.2,2.7,Latin America & Caribbean,VEN,survey
Venezuela,2006,40.5,1.1,41.3,1.77,0.8,2.1,1.9,2.7,Latin America & Caribbean,VEN,survey
Venezuela,2007,39.5,1.23,40.5,1.83,1.0,2.2,2.5,2.9,Latin America & Caribbean,VEN,survey
Venezuela,2008,38.6,1.28,39.7,1.86,1.1,2.3,2.8,3.0,Latin America & Caribbean,VEN,survey
Venezuela,2009,37.9,1.27,39.1,1.86,1.2,2.3,3.1,3.0,Latin America & Caribbean,VEN,survey
Venezuela,2010,37.3,1.31,38.6,1.89,1.3,2.3,3.4,3.0,Latin America & Caribbean,VEN,survey
Venezuela,2011,37.0,1.32,38.2,1.93,1.2,2.3,3.1,3.0,Latin America & Caribbean,VEN,survey
Venezuela,2012,36.9,1.31,38.0,1.98,1.1,2.4,2.9,3.1,Latin America & Caribbean,VEN,survey
Venezuela,2013,36.7,1.31,37.8,2.01,1.1,2.4,2.9,3.1,Latin America & Caribbean,VEN,survey
Venezuela,2014,36.4,1.43,37.5,2.13,1.1,2.6,2.9,3.4,Latin America & Caribbean,VEN,survey
Venezuela,2015,36.3,1.53,37.4,2.25,1.1,2.7,2.9,3.5,Latin America & Caribbean,VEN,survey
Venezuela,2016,36.2,1.63,37.3,2.34,1.1,2.9,2.9,3.7,Latin America & Caribbean,VEN,survey
Venezuela,2017,36.1,1.69,37.2,2.42,1.1,3.0,3.0,3.9,Latin America & Caribbean,VEN,survey
Venezuela,2018,36.1,1.8,37.1,2.52,1.0,3.1,2.7,4.0,Latin America & Caribbean,VEN,survey
Venezuela,2019,36.0,1.89,37.1,2.62,1.1,3.2,3.0,4.1,Latin America & Caribbean,VEN,survey
Venezuela,2020,36.0,2.04,37.1,2.78,1.1,3.4,3.0,4.4,Latin America & Caribbean,VEN,survey
Venezuela,2021,36.1,2.23,37.1,2.95,1.0,3.7,2.7,4.7,Latin America & Caribbean,VEN,survey
Vietnam,1992,35.9,1.99,37.4,2.65,1.5,3.3,4.0,4.2,Southeast Asia,VNM,survey
Vietnam,1993,35.9,1.86,37.4,2.49,1.5,3.1,4.0,4.0,Southeast Asia,VNM,survey
Vietnam,1994,35.9,1.91,37.5,2.47,1.6,3.1,4.3,4.0,Southeast Asia,VNM,survey
Vietnam,1995,36.0,1.9,37.6,2.43,1.6,3.1,4.3,3.9,Southeast Asia,VNM,survey
Vietnam,1996,36.1,1.85,37.7,2.32,1.6,3.0,4.2,3.8,Southeast Asia,VNM,survey
Vietnam,1997,36.2,1.74,37.7,2.21,1.5,2.8,4.0,3.6,Southeast Asia,VNM,survey
Vietnam,1998,36.2,1.67,37.8,2.12,1.6,2.7,4.2,3.4,Southeast Asia,VNM,survey
Vietnam,1999,36.3,1.63,37.9,2.05,1.6,2.6,4.2,3.3,Southeast Asia,VNM,survey
Vietnam,2000,36.5,1.62,38.0,1.98,1.5,2.6,3.9,3.3,Southeast Asia,VNM,survey
Vietnam,2001,36.7,1.54,38.2,1.86,1.5,2.4,3.9,3.0,Southeast Asia,VNM,survey
Vietnam,2002,36.9,1.34,38.3,1.66,1.4,2.1,3.7,2.7,Southeast Asia,VNM,survey
Vietnam,2003,37.0,1.35,38.4,1.58,1.4,2.1,3.6,2.6,Southeast Asia,VNM,survey
Vietnam,2004,37.2,1.19,38.5,1.38,1.3,1.8,3.4,2.3,Southeast Asia,VNM,survey
Vietnam,2005,37.3,1.08,38.6,1.16,1.3,1.6,3.4,2.0,Southeast Asia,VNM,survey
Vietnam,2006,37.6,1.13,39.0,1.23,1.4,1.7,3.6,2.1,Southeast Asia,VNM,survey
Vietnam,2007,38.0,1.08,39.4,1.16,1.4,1.6,3.6,2.0,Southeast Asia,VNM,survey
Vietnam,2008,38.0,1.08,39.3,1.21,1.3,1.6,3.3,2.0,Southeast Asia,VNM,survey
Vietnam,2009,38.1,1.09,39.3,1.17,1.2,1.6,3.1,2.0,Southeast Asia,VNM,survey
Vietnam,2010,37.7,1.12,38.9,1.23,1.2,1.7,3.1,2.1,Southeast Asia,VNM,survey
Vietnam,2011,37.0,1.03,38.3,1.16,1.3,1.6,3.4,2.0,Southeast Asia,VNM,survey
Vietnam,2012,36.5,1.07,37.8,1.23,1.3,1.6,3.4,2.0,Southeast Asia,VNM,survey
Vietnam,2013,36.0,0.99,37.3,1.14,1.3,1.5,3.5,1.9,Southeast Asia,VNM,survey
Vietnam,2014,36.1,1.23,37.4,1.43,1.3,1.9,3.5,2.4,Southeast Asia,VNM,survey
Vietnam,2015,36.1,1.41,37.5,1.66,1.4,2.2,3.7,2.8,Southeast Asia,VNM,survey
Vietnam,2016,36.1,1.46,37.5,1.77,1.4,2.3,3.7,2.9,Southeast Asia,VNM,survey
Vietnam,2017,36.0,1.55,37.4,1.88,1.4,2.4,3.7,3.0,Southeast Asia,VNM,survey
Vietnam,2018,35.9,1.54,37.4,1.95,1.5,2.5,4.0,3.2,Southeast Asia,VNM,survey
Vietnam,2019,35.7,1.57,37.3,2.03,1.6,2.6,4.3,3.3,Southeast Asia,VNM,survey
Vietnam,2020,35.4,1.6,37.1,2.11,1.7,2.6,4.6,3.3,Southeast Asia,VNM,survey
Vietnam,2021,35.1,1.67,36.9,2.23,1.8,2.8,4.9,3.6,Southeast Asia,VNM,survey
Vietnam,2022,34.9,1.73,36.8,2.34,1.9,2.9,5.2,3.7,Southeast Asia,VNM,survey
Vietnam,2023,34.8,1.94,36.8,2.53,2.0,3.2,5.4,4.1,Southeast Asia,VNM,survey
Zambia,1976,51.7,4.0,53.6,4.41,1.8999999999999986,,0.03544776119402982,,Sub-Saharan Africa,ZMB,derived
Zambia,1977,51.8,3.96,53.7,4.38,1.9000000000000057,,0.03538175046554945,,Sub-Saharan Africa,ZMB,derived
Zambia,1978,52.0,3.93,53.9,4.31,1.8999999999999986,,0.03525046382189237,,Sub-Saharan Africa,ZMB,derived
Zambia,1979,52.1,3.91,54.0,4.27,1.8999999999999986,,0.03518518518518516,,Sub-Saharan Africa,ZMB,derived
Zambia,1980,52.2,3.86,54.1,4.22,1.8999999999999986,,0.03512014787430681,,Sub-Saharan Africa,ZMB,derived
Zambia,1981,52.4,3.83,54.2,4.16,1.8000000000000043,,0.03321033210332111,,Sub-Saharan Africa,ZMB,derived
Zambia,1982,52.5,3.76,54.4,4.11,1.8999999999999986,,0.03492647058823527,,Sub-Saharan Africa,ZMB,derived
Zambia,1983,52.6,3.71,54.5,4.03,1.8999999999999986,,0.03486238532110089,,Sub-Saharan Africa,ZMB,derived
Zambia,1984,52.7,3.66,54.6,3.95,1.8999999999999986,,0.03479853479853477,,Sub-Saharan Africa,ZMB,derived
Zambia,1985,52.8,3.57,54.8,3.87,2.0,,0.03649635036496351,,Sub-Saharan Africa,ZMB,derived
Zambia,1986,53.0,3.48,54.9,3.78,1.8999999999999986,,0.03460837887067393,,Sub-Saharan Africa,ZMB,derived
Zambia,1987,53.1,3.4,55.0,3.66,1.8999999999999986,,0.03454545454545452,,Sub-Saharan Africa,ZMB,derived
Zambia,1988,53.2,3.3,55.2,3.54,2.0,,0.036231884057971016,,Sub-Saharan Africa,ZMB,derived
Zambia,1989,53.3,3.17,55.3,3.41,2.0,,0.03616636528028933,,Sub-Saharan Africa,ZMB,derived
Zambia,1990,53.4,3.04,55.4,3.27,2.0,,0.036101083032490974,,Sub-Saharan Africa,ZMB,derived
Zambia,1991,53.6,2.91,55.5,3.12,1.8999999999999986,,0.03423423423423421,,Sub-Saharan Africa,ZMB,derived
Zambia,1992,53.5,2.79,55.5,3.03,2.0,,0.036036036036036036,,Sub-Saharan Africa,ZMB,derived
Zambia,1993,53.5,2.68,55.5,2.91,2.0,,0.036036036036036036,,Sub-Saharan Africa,ZMB,derived
Zambia,1994,53.4,2.61,55.5,2.81,2.1000000000000014,,0.03783783783783786,,Sub-Saharan Africa,ZMB,derived
Zambia,1995,53.4,2.54,55.4,2.72,2.0,,0.036101083032490974,,Sub-Saharan Africa,ZMB,derived
Zambia,1996,53.3,2.43,55.4,2.6,2.1000000000000014,,0.03790613718411555,,Sub-Saharan Africa,ZMB,derived
Zambia,1997,53.4,2.4,55.4,2.54,2.0,,0.036101083032490974,,Sub-Saharan Africa,ZMB,derived
Zambia,1998,53.4,2.35,55.5,2.47,2.1000000000000014,,0.03783783783783786,,Sub-Saharan Africa,ZMB,derived
Zambia,1999,53.4,2.37,55.5,2.49,2.1000000000000014,,0.03783783783783786,,Sub-Saharan Africa,ZMB,derived
Zambia,2000,53.5,2.39,55.6,2.52,2.1000000000000014,,0.03776978417266189,,Sub-Saharan Africa,ZMB,derived
Zambia,2001,53.6,2.37,55.7,2.5,2.1000000000000014,,0.03770197486535011,,Sub-Saharan Africa,ZMB,derived
Zambia,2002,53.6,2.33,55.7,2.44,2.1000000000000014,,0.03770197486535011,,Sub-Saharan Africa,ZMB,derived
Zambia,2003,54.0,2.34,56.1,2.41,2.1000000000000014,,0.03743315508021393,,Sub-Saharan Africa,ZMB,derived
Zambia,2004,54.3,2.31,56.4,2.37,2.1000000000000014,,0.037234042553191515,,Sub-Saharan Africa,ZMB,derived
Zambia,2005,54.5,2.29,56.6,2.39,2.1000000000000014,,0.037102473498233236,,Sub-Saharan Africa,ZMB,derived
Zambia,2006,54.8,2.34,56.8,2.44,2.0,,0.035211267605633804,,Sub-Saharan Africa,ZMB,derived
Zambia,2007,54.9,2.45,56.9,2.56,2.0,,0.0351493848857645,,Sub-Saharan Africa,ZMB,derived
Zambia,2008,55.0,2.55,57.0,2.67,2.0,,0.03508771929824561,,Sub-Saharan Africa,ZMB,derived
Zambia,2009,55.1,2.61,57.1,2.75,2.0,,0.03502626970227671,,Sub-Saharan Africa,ZMB,derived
Zambia,2010,55.2,2.65,57.2,2.8,2.0,,0.03496503496503496,,Sub-Saharan Africa,ZMB,derived
Zambia,2011,55.2,2.79,57.2,2.95,2.0,,0.03496503496503496,,Sub-Saharan Africa,ZMB,derived
Zambia,2012,55.2,2.91,57.2,3.08,2.0,,0.03496503496503496,,Sub-Saharan Africa,ZMB,derived
Zambia,2013,55.2,3.01,57.2,3.16,2.0,,0.03496503496503496,,Sub-Saharan Africa,ZMB,derived
Zambia,2014,55.2,3.08,57.3,3.25,2.0999999999999943,,0.036649214659685764,,Sub-Saharan Africa,ZMB,derived
Zambia,2015,55.3,3.16,57.3,3.35,2.0,,0.034904013961605584,,Sub-Saharan Africa,ZMB,derived
Zambia,2016,55.2,3.27,57.3,3.5,2.0999999999999943,,0.036649214659685764,,Sub-Saharan Africa,ZMB,derived
Zambia,2017,55.2,3.39,57.2,3.6,2.0,,0.03496503496503496,,Sub-Saharan Africa,ZMB,derived
Zambia,2018,55.2,3.51,57.2,3.69,2.0,,0.03496503496503496,,Sub-Saharan Africa,ZMB,derived
Zambia,2019,55.1,3.6,57.2,3.8,2.1000000000000014,,0.03671328671328673,,Sub-Saharan Africa,ZMB,derived
Zambia,2020,55.1,3.69,57.2,3.91,2.1000000000000014,,0.03671328671328673,,Sub-Saharan Africa,ZMB,derived
Zambia,2021,55.0,3.77,57.1,3.97,2.1000000000000014,,0.036777583187390564,,Sub-Saharan Africa,ZMB,derived
Zambia,2022,55.0,3.85,57.1,4.05,2.1000000000000014,,0.036777583187390564,,Sub-Saharan Africa,ZMB,derived
