Country,Variable,Percentile,Year,Value,Data quality,iso3,region
Argentina,"sptinc_p0p50_999_j_AR
Pre-tax national income 
Bottom 50% | share | all ages | equal split
",p0p50,1960,0.1447,2.0,ARG,Latin America & Caribbean
Argentina,"sptinc_p0p50_999_j_AR
Pre-tax national income 
Bottom 50% | share | all ages | equal split
",p0p50,1961,0.142,3.0,ARG,Latin America & Caribbean
Argentina,"sptinc_p0p50_999_j_AR
Pre-tax national income 
Bottom 50% | share | all ages | equal split
",p0p50,1970,0.1454,3.0,ARG,Latin America & Caribbean
Argentina,"sptinc_p0p50_999_j_AR
Pre-tax national income 
Bottom 50% | share | all ages | equal split
",p0p50,1980,0.0817,1.0,ARG,Latin America & Caribbean
Argentina,"sptinc_p0p50_999_j_AR
Pre-tax national income 
Bottom 50% | share | all ages | equal split
",p0p50,1981,0.0817,1.0,ARG,Latin America & Caribbean
Argentina,"sptinc_p0p50_999_j_AR
Pre-tax national income 
Bottom 50% | share | all ages | equal split
",p0p50,1982,0.0817,1.0,ARG,Latin America & Caribbean
Argentina,"sptinc_p0p50_999_j_AR
Pre-tax national income 
Bottom 50% | share | all ages | equal split
",p0p50,1983,0.0817,1.0,ARG,Latin America & Caribbean
Argentina,"sptinc_p0p50_999_j_AR
Pre-tax national income 
Bottom 50% | share | all ages | equal split
",p0p50,1984,0.0817,1.0,ARG,Latin America & Caribbean
Argentina,"sptinc_p0p50_999_j_AR
Pre-tax national income 
Bottom 50% | share | all ages | equal split
",p0p50,1985,0.0817,1.0,ARG,Latin America & Caribbean
Argentina,"sptinc_p0p50_999_j_AR
Pre-tax national income 
Bottom 50% | share | all ages | equal split
",p0p50,1986,0.0817,1.0,ARG,Latin America & Caribbean
Argentina,"sptinc_p0p50_999_j_AR
Pre-tax national income 
Bottom 50% | share | all ages | equal split
",p0p50,1987,0.0817,1.0,ARG,Latin America & Caribbean
Argentina,"sptinc_p0p50_999_j_AR
Pre-tax national income 
Bottom 50% | share | all ages | equal split
",p0p50,1988,0.0817,1.0,ARG,Latin America & Caribbean
Argentina,"sptinc_p0p50_999_j_AR
Pre-tax national income 
Bottom 50% | share | all ages | equal split
",p0p50,1989,0.0817,1.0,ARG,Latin America & Caribbean
Argentina,"sptinc_p0p50_999_j_AR
Pre-tax national income 
Bottom 50% | share | all ages | equal split
",p0p50,1990,0.0817,1.0,ARG,Latin America & Caribbean
Argentina,"sptinc_p0p50_999_j_AR
Pre-tax national income 
Bottom 50% | share | all ages | equal split
",p0p50,1991,0.0817,1.0,ARG,Latin America & Caribbean
Argentina,"sptinc_p0p50_999_j_AR
Pre-tax national income 
Bottom 50% | share | all ages | equal split
",p0p50,1992,0.0817,1.0,ARG,Latin America & Caribbean
Argentina,"sptinc_p0p50_999_j_AR
Pre-tax national income 
Bottom 50% | share | all ages | equal split
",p0p50,1993,0.0817,1.0,ARG,Latin America & Caribbean
Argentina,"sptinc_p0p50_999_j_AR
Pre-tax national income 
Bottom 50% | share | all ages | equal split
",p0p50,1994,0.0817,1.0,ARG,Latin America & Caribbean
Argentina,"sptinc_p0p50_999_j_AR
Pre-tax national income 
Bottom 50% | share | all ages | equal split
",p0p50,1995,0.0817,1.0,ARG,Latin America & Caribbean
Argentina,"sptinc_p0p50_999_j_AR
Pre-tax national income 
Bottom 50% | share | all ages | equal split
",p0p50,1996,0.0817,1.0,ARG,Latin America & Caribbean
Argentina,"sptinc_p0p50_999_j_AR
Pre-tax national income 
Bottom 50% | share | all ages | equal split
",p0p50,1997,0.0817,1.0,ARG,Latin America & Caribbean
Argentina,"sptinc_p0p50_999_j_AR
Pre-tax national income 
Bottom 50% | share | all ages | equal split
",p0p50,1998,0.0817,1.0,ARG,Latin America & Caribbean
Argentina,"sptinc_p0p50_999_j_AR
Pre-tax national income 
Bottom 50% | share | all ages | equal split
",p0p50,1999,0.0817,1.0,ARG,Latin America & Caribbean
Argentina,"sptinc_p0p50_999_j_AR
Pre-tax national income 
Bottom 50% | share | all ages | equal split
",p0p50,2000,0.0817,4.0,ARG,Latin America & Caribbean
Argentina,"sptinc_p0p50_999_j_AR
Pre-tax national income 
Bottom 50% | share | all ages | equal split
",p0p50,2001,0.0703,4.0,ARG,Latin America & Caribbean
Argentina,"sptinc_p0p50_999_j_AR
Pre-tax national income 
Bottom 50% | share | all ages | equal split
",p0p50,2002,0.07,4.0,ARG,Latin America & Caribbean
Argentina,"sptinc_p0p50_999_j_AR
Pre-tax national income 
Bottom 50% | share | all ages | equal split
",p0p50,2003,0.0965,4.0,ARG,Latin America & Caribbean
Argentina,"sptinc_p0p50_999_j_AR
Pre-tax national income 
Bottom 50% | share | all ages | equal split
",p0p50,2004,0.1028,4.0,ARG,Latin America & Caribbean
Argentina,"sptinc_p0p50_999_j_AR
Pre-tax national income 
Bottom 50% | share | all ages | equal split
",p0p50,2005,0.1092,4.0,ARG,Latin America & Caribbean
Argentina,"sptinc_p0p50_999_j_AR
Pre-tax national income 
Bottom 50% | share | all ages | equal split
",p0p50,2006,0.1162,4.0,ARG,Latin America & Caribbean
Argentina,"sptinc_p0p50_999_j_AR
Pre-tax national income 
Bottom 50% | share | all ages | equal split
",p0p50,2007,0.1145,4.0,ARG,Latin America & Caribbean
Argentina,"sptinc_p0p50_999_j_AR
Pre-tax national income 
Bottom 50% | share | all ages | equal split
",p0p50,2008,0.1284,4.0,ARG,Latin America & Caribbean
Argentina,"sptinc_p0p50_999_j_AR
Pre-tax national income 
Bottom 50% | share | all ages | equal split
",p0p50,2009,0.1221,4.0,ARG,Latin America & Caribbean
Argentina,"sptinc_p0p50_999_j_AR
Pre-tax national income 
Bottom 50% | share | all ages | equal split
",p0p50,2010,0.1282,4.0,ARG,Latin America & Caribbean
Argentina,"sptinc_p0p50_999_j_AR
Pre-tax national income 
Bottom 50% | share | all ages | equal split
",p0p50,2011,0.1366,4.0,ARG,Latin America & Caribbean
Argentina,"sptinc_p0p50_999_j_AR
Pre-tax national income 
Bottom 50% | share | all ages | equal split
",p0p50,2012,0.1404,4.0,ARG,Latin America & Caribbean
Argentina,"sptinc_p0p50_999_j_AR
Pre-tax national income 
Bottom 50% | share | all ages | equal split
",p0p50,2013,0.1397,4.0,ARG,Latin America & Caribbean
Argentina,"sptinc_p0p50_999_j_AR
Pre-tax national income 
Bottom 50% | share | all ages | equal split
",p0p50,2014,0.1294,4.0,ARG,Latin America & Caribbean
Argentina,"sptinc_p0p50_999_j_AR
Pre-tax national income 
Bottom 50% | share | all ages | equal split
",p0p50,2015,0.1312,2.0,ARG,Latin America & Caribbean
Argentina,"sptinc_p0p50_999_j_AR
Pre-tax national income 
Bottom 50% | share | all ages | equal split
",p0p50,2016,0.1331,4.0,ARG,Latin America & Caribbean
Argentina,"sptinc_p0p50_999_j_AR
Pre-tax national income 
Bottom 50% | share | all ages | equal split
",p0p50,2017,0.1346,4.0,ARG,Latin America & Caribbean
Argentina,"sptinc_p0p50_999_j_AR
Pre-tax national income 
Bottom 50% | share | all ages | equal split
",p0p50,2018,0.1347,4.0,ARG,Latin America & Caribbean
Argentina,"sptinc_p0p50_999_j_AR
Pre-tax national income 
Bottom 50% | share | all ages | equal split
",p0p50,2019,0.1266,4.0,ARG,Latin America & Caribbean
Argentina,"sptinc_p0p50_999_j_AR
Pre-tax national income 
Bottom 50% | share | all ages | equal split
",p0p50,2020,0.1063,3.0,ARG,Latin America & Caribbean
Argentina,"sptinc_p0p50_999_j_AR
Pre-tax national income 
Bottom 50% | share | all ages | equal split
",p0p50,2021,0.1322,3.0,ARG,Latin America & Caribbean
Argentina,"sptinc_p0p50_999_j_AR
Pre-tax national income 
Bottom 50% | share | all ages | equal split
",p0p50,2022,0.1326,3.0,ARG,Latin America & Caribbean
Argentina,"sptinc_p0p50_999_j_AR
Pre-tax national income 
Bottom 50% | share | all ages | equal split
",p0p50,2023,0.1221,3.0,ARG,Latin America & Caribbean
Argentina,"sptinc_p0p50_999_j_AR
Pre-tax national income 
Bottom 50% | share | all ages | equal split
",p0p50,2024,0.1221,1.0,ARG,Latin America & Caribbean
Armenia,"sptinc_p0p50_999_j_AM
Pre-tax national income 
Bottom 50% | share | all ages | equal split
",p0p50,1980,0.2773,1.0,ARM,Eastern Europe & FSU
Armenia,"sptinc_p0p50_999_j_AM
Pre-tax national income 
Bottom 50% | share | all ages | equal split
",p0p50,1981,0.2771,1.0,ARM,Eastern Europe & FSU
Armenia,"sptinc_p0p50_999_j_AM
Pre-tax national income 
Bottom 50% | share | all ages | equal split
",p0p50,1982,0.2769,1.0,ARM,Eastern Europe & FSU
Armenia,"sptinc_p0p50_999_j_AM
Pre-tax national income 
Bottom 50% | share | all ages | equal split
",p0p50,1983,0.2767,1.0,ARM,Eastern Europe & FSU
Armenia,"sptinc_p0p50_999_j_AM
Pre-tax national income 
Bottom 50% | share | all ages | equal split
",p0p50,1984,0.2765,1.0,ARM,Eastern Europe & FSU
Armenia,"sptinc_p0p50_999_j_AM
Pre-tax national income 
Bottom 50% | share | all ages | equal split
",p0p50,1985,0.2762,1.0,ARM,Eastern Europe & FSU
Armenia,"sptinc_p0p50_999_j_AM
Pre-tax national income 
Bottom 50% | share | all ages | equal split
",p0p50,1986,0.2761,1.0,ARM,Eastern Europe & FSU
Armenia,"sptinc_p0p50_999_j_AM
Pre-tax national income 
Bottom 50% | share | all ages | equal split
",p0p50,1987,0.276,1.0,ARM,Eastern Europe & FSU
Armenia,"sptinc_p0p50_999_j_AM
Pre-tax national income 
Bottom 50% | share | all ages | equal split
",p0p50,1988,0.2758,1.0,ARM,Eastern Europe & FSU
Armenia,"sptinc_p0p50_999_j_AM
Pre-tax national income 
Bottom 50% | share | all ages | equal split
",p0p50,1989,0.2738,1.0,ARM,Eastern Europe & FSU
Armenia,"sptinc_p0p50_999_j_AM
Pre-tax national income 
Bottom 50% | share | all ages | equal split
",p0p50,1990,0.2837,1.0,ARM,Eastern Europe & FSU
Armenia,"sptinc_p0p50_999_j_AM
Pre-tax national income 
Bottom 50% | share | all ages | equal split
",p0p50,1991,0.2592,1.0,ARM,Eastern Europe & FSU
Armenia,"sptinc_p0p50_999_j_AM
Pre-tax national income 
Bottom 50% | share | all ages | equal split
",p0p50,1992,0.2347,1.0,ARM,Eastern Europe & FSU
Armenia,"sptinc_p0p50_999_j_AM
Pre-tax national income 
Bottom 50% | share | all ages | equal split
",p0p50,1993,0.2101,1.0,ARM,Eastern Europe & FSU
Armenia,"sptinc_p0p50_999_j_AM
Pre-tax national income 
Bottom 50% | share | all ages | equal split
",p0p50,1994,0.1855,1.0,ARM,Eastern Europe & FSU
Armenia,"sptinc_p0p50_999_j_AM
Pre-tax national income 
Bottom 50% | share | all ages | equal split
",p0p50,1995,0.1607,1.0,ARM,Eastern Europe & FSU
Armenia,"sptinc_p0p50_999_j_AM
Pre-tax national income 
Bottom 50% | share | all ages | equal split
",p0p50,1996,0.1348,3.0,ARM,Eastern Europe & FSU
Armenia,"sptinc_p0p50_999_j_AM
Pre-tax national income 
Bottom 50% | share | all ages | equal split
",p0p50,1997,0.1423,2.0,ARM,Eastern Europe & FSU
Armenia,"sptinc_p0p50_999_j_AM
Pre-tax national income 
Bottom 50% | share | all ages | equal split
",p0p50,1998,0.1512,2.0,ARM,Eastern Europe & FSU
Armenia,"sptinc_p0p50_999_j_AM
Pre-tax national income 
Bottom 50% | share | all ages | equal split
",p0p50,1999,0.1568,3.0,ARM,Eastern Europe & FSU
Armenia,"sptinc_p0p50_999_j_AM
Pre-tax national income 
Bottom 50% | share | all ages | equal split
",p0p50,2000,0.1648,1.0,ARM,Eastern Europe & FSU
Armenia,"sptinc_p0p50_999_j_AM
Pre-tax national income 
Bottom 50% | share | all ages | equal split
",p0p50,2001,0.1702,1.0,ARM,Eastern Europe & FSU
Armenia,"sptinc_p0p50_999_j_AM
Pre-tax national income 
Bottom 50% | share | all ages | equal split
",p0p50,2002,0.1684,1.0,ARM,Eastern Europe & FSU
Armenia,"sptinc_p0p50_999_j_AM
Pre-tax national income 
Bottom 50% | share | all ages | equal split
",p0p50,2003,0.1753,1.0,ARM,Eastern Europe & FSU
Armenia,"sptinc_p0p50_999_j_AM
Pre-tax national income 
Bottom 50% | share | all ages | equal split
",p0p50,2004,0.1614,1.0,ARM,Eastern Europe & FSU
Armenia,"sptinc_p0p50_999_j_AM
Pre-tax national income 
Bottom 50% | share | all ages | equal split
",p0p50,2005,0.1648,1.0,ARM,Eastern Europe & FSU
Armenia,"sptinc_p0p50_999_j_AM
Pre-tax national income 
Bottom 50% | share | all ages | equal split
",p0p50,2006,0.1932,1.0,ARM,Eastern Europe & FSU
Armenia,"sptinc_p0p50_999_j_AM
Pre-tax national income 
Bottom 50% | share | all ages | equal split
",p0p50,2007,0.1856,1.0,ARM,Eastern Europe & FSU
Armenia,"sptinc_p0p50_999_j_AM
Pre-tax national income 
Bottom 50% | share | all ages | equal split
",p0p50,2008,0.1933,1.0,ARM,Eastern Europe & FSU
Armenia,"sptinc_p0p50_999_j_AM
Pre-tax national income 
Bottom 50% | share | all ages | equal split
",p0p50,2009,0.1974,1.0,ARM,Eastern Europe & FSU
Armenia,"sptinc_p0p50_999_j_AM
Pre-tax national income 
Bottom 50% | share | all ages | equal split
",p0p50,2010,0.1878,1.0,ARM,Eastern Europe & FSU
Armenia,"sptinc_p0p50_999_j_AM
Pre-tax national income 
Bottom 50% | share | all ages | equal split
",p0p50,2011,0.1948,1.0,ARM,Eastern Europe & FSU
Armenia,"sptinc_p0p50_999_j_AM
Pre-tax national income 
Bottom 50% | share | all ages | equal split
",p0p50,2012,0.1963,1.0,ARM,Eastern Europe & FSU
Armenia,"sptinc_p0p50_999_j_AM
Pre-tax national income 
Bottom 50% | share | all ages | equal split
",p0p50,2013,0.1906,1.0,ARM,Eastern Europe & FSU
Armenia,"sptinc_p0p50_999_j_AM
Pre-tax national income 
Bottom 50% | share | all ages | equal split
",p0p50,2014,0.1857,1.0,ARM,Eastern Europe & FSU
Armenia,"sptinc_p0p50_999_j_AM
Pre-tax national income 
Bottom 50% | share | all ages | equal split
",p0p50,2015,0.1803,1.0,ARM,Eastern Europe & FSU
Armenia,"sptinc_p0p50_999_j_AM
Pre-tax national income 
Bottom 50% | share | all ages | equal split
",p0p50,2016,0.1736,1.0,ARM,Eastern Europe & FSU
Armenia,"sptinc_p0p50_999_j_AM
Pre-tax national income 
Bottom 50% | share | all ages | equal split
",p0p50,2017,0.1683,1.0,ARM,Eastern Europe & FSU
Armenia,"sptinc_p0p50_999_j_AM
Pre-tax national income 
Bottom 50% | share | all ages | equal split
",p0p50,2018,0.1674,1.0,ARM,Eastern Europe & FSU
Armenia,"sptinc_p0p50_999_j_AM
Pre-tax national income 
Bottom 50% | share | all ages | equal split
",p0p50,2019,0.1859,1.0,ARM,Eastern Europe & FSU
Armenia,"sptinc_p0p50_999_j_AM
Pre-tax national income 
Bottom 50% | share | all ages | equal split
",p0p50,2020,0.1859,1.0,ARM,Eastern Europe & FSU
Armenia,"sptinc_p0p50_999_j_AM
Pre-tax national income 
Bottom 50% | share | all ages | equal split
",p0p50,2021,0.1859,1.0,ARM,Eastern Europe & FSU
Armenia,"sptinc_p0p50_999_j_AM
Pre-tax national income 
Bottom 50% | share | all ages | equal split
",p0p50,2022,0.1859,1.0,ARM,Eastern Europe & FSU
Armenia,"sptinc_p0p50_999_j_AM
Pre-tax national income 
Bottom 50% | share | all ages | equal split
",p0p50,2023,0.1859,1.0,ARM,Eastern Europe & FSU
Armenia,"sptinc_p0p50_999_j_AM
Pre-tax national income 
Bottom 50% | share | all ages | equal split
",p0p50,2024,0.1859,1.0,ARM,Eastern Europe & FSU
Australia,"sptinc_p0p50_999_j_AU
Pre-tax national income 
Bottom 50% | share | all ages | equal split
",p0p50,1960,0.1809,4.0,AUS,Oceania
Australia,"sptinc_p0p50_999_j_AU
Pre-tax national income 
Bottom 50% | share | all ages | equal split
",p0p50,1961,0.1802,4.0,AUS,Oceania
Australia,"sptinc_p0p50_999_j_AU
Pre-tax national income 
Bottom 50% | share | all ages | equal split
",p0p50,1962,0.178,4.0,AUS,Oceania
Australia,"sptinc_p0p50_999_j_AU
Pre-tax national income 
Bottom 50% | share | all ages | equal split
",p0p50,1963,0.177,4.0,AUS,Oceania
Australia,"sptinc_p0p50_999_j_AU
Pre-tax national income 
Bottom 50% | share | all ages | equal split
",p0p50,1964,0.1803,4.0,AUS,Oceania
Australia,"sptinc_p0p50_999_j_AU
Pre-tax national income 
Bottom 50% | share | all ages | equal split
",p0p50,1965,0.1812,4.0,AUS,Oceania
Australia,"sptinc_p0p50_999_j_AU
Pre-tax national income 
Bottom 50% | share | all ages | equal split
",p0p50,1966,0.1842,4.0,AUS,Oceania
Australia,"sptinc_p0p50_999_j_AU
Pre-tax national income 
Bottom 50% | share | all ages | equal split
",p0p50,1967,0.1838,4.0,AUS,Oceania
Australia,"sptinc_p0p50_999_j_AU
Pre-tax national income 
Bottom 50% | share | all ages | equal split
",p0p50,1968,0.1853,4.0,AUS,Oceania
Australia,"sptinc_p0p50_999_j_AU
Pre-tax national income 
Bottom 50% | share | all ages | equal split
",p0p50,1969,0.1874,4.0,AUS,Oceania
Australia,"sptinc_p0p50_999_j_AU
Pre-tax national income 
Bottom 50% | share | all ages | equal split
",p0p50,1970,0.1885,4.0,AUS,Oceania
Australia,"sptinc_p0p50_999_j_AU
Pre-tax national income 
Bottom 50% | share | all ages | equal split
",p0p50,1971,0.1851,4.0,AUS,Oceania
Australia,"sptinc_p0p50_999_j_AU
Pre-tax national income 
Bottom 50% | share | all ages | equal split
",p0p50,1972,0.1881,4.0,AUS,Oceania
Australia,"sptinc_p0p50_999_j_AU
Pre-tax national income 
Bottom 50% | share | all ages | equal split
",p0p50,1973,0.1918,4.0,AUS,Oceania
Australia,"sptinc_p0p50_999_j_AU
Pre-tax national income 
Bottom 50% | share | all ages | equal split
",p0p50,1974,0.1951,4.0,AUS,Oceania
Australia,"sptinc_p0p50_999_j_AU
Pre-tax national income 
Bottom 50% | share | all ages | equal split
",p0p50,1975,0.1964,4.0,AUS,Oceania
Australia,"sptinc_p0p50_999_j_AU
Pre-tax national income 
Bottom 50% | share | all ages | equal split
",p0p50,1976,0.1987,4.0,AUS,Oceania
Australia,"sptinc_p0p50_999_j_AU
Pre-tax national income 
Bottom 50% | share | all ages | equal split
",p0p50,1977,0.1986,4.0,AUS,Oceania
Australia,"sptinc_p0p50_999_j_AU
Pre-tax national income 
Bottom 50% | share | all ages | equal split
",p0p50,1978,0.1991,4.0,AUS,Oceania
Australia,"sptinc_p0p50_999_j_AU
Pre-tax national income 
Bottom 50% | share | all ages | equal split
",p0p50,1979,0.1975,4.0,AUS,Oceania
Australia,"sptinc_p0p50_999_j_AU
Pre-tax national income 
Bottom 50% | share | all ages | equal split
",p0p50,1980,0.1955,4.0,AUS,Oceania
Australia,"sptinc_p0p50_999_j_AU
Pre-tax national income 
Bottom 50% | share | all ages | equal split
",p0p50,1981,0.195,4.0,AUS,Oceania
Australia,"sptinc_p0p50_999_j_AU
Pre-tax national income 
Bottom 50% | share | all ages | equal split
",p0p50,1982,0.1917,4.0,AUS,Oceania
Australia,"sptinc_p0p50_999_j_AU
Pre-tax national income 
Bottom 50% | share | all ages | equal split
",p0p50,1983,0.1945,4.0,AUS,Oceania
Australia,"sptinc_p0p50_999_j_AU
Pre-tax national income 
Bottom 50% | share | all ages | equal split
",p0p50,1984,0.1943,4.0,AUS,Oceania
Australia,"sptinc_p0p50_999_j_AU
Pre-tax national income 
Bottom 50% | share | all ages | equal split
",p0p50,1985,0.1927,4.0,AUS,Oceania
Australia,"sptinc_p0p50_999_j_AU
Pre-tax national income 
Bottom 50% | share | all ages | equal split
",p0p50,1986,0.1889,4.0,AUS,Oceania
Australia,"sptinc_p0p50_999_j_AU
Pre-tax national income 
Bottom 50% | share | all ages | equal split
",p0p50,1987,0.1826,4.0,AUS,Oceania
Australia,"sptinc_p0p50_999_j_AU
Pre-tax national income 
Bottom 50% | share | all ages | equal split
",p0p50,1988,0.1783,4.0,AUS,Oceania
Australia,"sptinc_p0p50_999_j_AU
Pre-tax national income 
Bottom 50% | share | all ages | equal split
",p0p50,1989,0.1865,4.0,AUS,Oceania
Australia,"sptinc_p0p50_999_j_AU
Pre-tax national income 
Bottom 50% | share | all ages | equal split
",p0p50,1990,0.1881,4.0,AUS,Oceania
Australia,"sptinc_p0p50_999_j_AU
Pre-tax national income 
Bottom 50% | share | all ages | equal split
",p0p50,1991,0.1876,5.0,AUS,Oceania
Australia,"sptinc_p0p50_999_j_AU
Pre-tax national income 
Bottom 50% | share | all ages | equal split
",p0p50,1992,0.1914,5.0,AUS,Oceania
Australia,"sptinc_p0p50_999_j_AU
Pre-tax national income 
Bottom 50% | share | all ages | equal split
",p0p50,1993,0.1878,5.0,AUS,Oceania
Australia,"sptinc_p0p50_999_j_AU
Pre-tax national income 
Bottom 50% | share | all ages | equal split
",p0p50,1994,0.1856,5.0,AUS,Oceania
Australia,"sptinc_p0p50_999_j_AU
Pre-tax national income 
Bottom 50% | share | all ages | equal split
",p0p50,1995,0.1847,5.0,AUS,Oceania
Australia,"sptinc_p0p50_999_j_AU
Pre-tax national income 
Bottom 50% | share | all ages | equal split
",p0p50,1996,0.1868,5.0,AUS,Oceania
Australia,"sptinc_p0p50_999_j_AU
Pre-tax national income 
Bottom 50% | share | all ages | equal split
",p0p50,1997,0.1854,5.0,AUS,Oceania
Australia,"sptinc_p0p50_999_j_AU
Pre-tax national income 
Bottom 50% | share | all ages | equal split
",p0p50,1998,0.182,5.0,AUS,Oceania
Australia,"sptinc_p0p50_999_j_AU
Pre-tax national income 
Bottom 50% | share | all ages | equal split
",p0p50,1999,0.1799,5.0,AUS,Oceania
Australia,"sptinc_p0p50_999_j_AU
Pre-tax national income 
Bottom 50% | share | all ages | equal split
",p0p50,2000,0.1796,5.0,AUS,Oceania
Australia,"sptinc_p0p50_999_j_AU
Pre-tax national income 
Bottom 50% | share | all ages | equal split
",p0p50,2001,0.1863,5.0,AUS,Oceania
Australia,"sptinc_p0p50_999_j_AU
Pre-tax national income 
Bottom 50% | share | all ages | equal split
",p0p50,2002,0.1768,5.0,AUS,Oceania
Australia,"sptinc_p0p50_999_j_AU
Pre-tax national income 
Bottom 50% | share | all ages | equal split
",p0p50,2003,0.1813,5.0,AUS,Oceania
Australia,"sptinc_p0p50_999_j_AU
Pre-tax national income 
Bottom 50% | share | all ages | equal split
",p0p50,2004,0.1807,5.0,AUS,Oceania
Australia,"sptinc_p0p50_999_j_AU
Pre-tax national income 
Bottom 50% | share | all ages | equal split
",p0p50,2005,0.1759,5.0,AUS,Oceania
Australia,"sptinc_p0p50_999_j_AU
Pre-tax national income 
Bottom 50% | share | all ages | equal split
",p0p50,2006,0.1758,5.0,AUS,Oceania
Australia,"sptinc_p0p50_999_j_AU
Pre-tax national income 
Bottom 50% | share | all ages | equal split
",p0p50,2007,0.1788,5.0,AUS,Oceania
Australia,"sptinc_p0p50_999_j_AU
Pre-tax national income 
Bottom 50% | share | all ages | equal split
",p0p50,2008,0.1728,5.0,AUS,Oceania
Australia,"sptinc_p0p50_999_j_AU
Pre-tax national income 
Bottom 50% | share | all ages | equal split
",p0p50,2009,0.1766,5.0,AUS,Oceania
Australia,"sptinc_p0p50_999_j_AU
Pre-tax national income 
Bottom 50% | share | all ages | equal split
",p0p50,2010,0.1765,5.0,AUS,Oceania
Australia,"sptinc_p0p50_999_j_AU
Pre-tax national income 
Bottom 50% | share | all ages | equal split
",p0p50,2011,0.1776,5.0,AUS,Oceania
Australia,"sptinc_p0p50_999_j_AU
Pre-tax national income 
Bottom 50% | share | all ages | equal split
",p0p50,2012,0.1765,5.0,AUS,Oceania
Australia,"sptinc_p0p50_999_j_AU
Pre-tax national income 
Bottom 50% | share | all ages | equal split
",p0p50,2013,0.1752,5.0,AUS,Oceania
Australia,"sptinc_p0p50_999_j_AU
Pre-tax national income 
Bottom 50% | share | all ages | equal split
",p0p50,2014,0.175,5.0,AUS,Oceania
Australia,"sptinc_p0p50_999_j_AU
Pre-tax national income 
Bottom 50% | share | all ages | equal split
",p0p50,2015,0.1717,5.0,AUS,Oceania
Australia,"sptinc_p0p50_999_j_AU
Pre-tax national income 
Bottom 50% | share | all ages | equal split
",p0p50,2016,0.1743,5.0,AUS,Oceania
Australia,"sptinc_p0p50_999_j_AU
Pre-tax national income 
Bottom 50% | share | all ages | equal split
",p0p50,2017,0.173,5.0,AUS,Oceania
Australia,"sptinc_p0p50_999_j_AU
Pre-tax national income 
Bottom 50% | share | all ages | equal split
",p0p50,2018,0.1782,5.0,AUS,Oceania
Australia,"sptinc_p0p50_999_j_AU
Pre-tax national income 
Bottom 50% | share | all ages | equal split
",p0p50,2019,0.1723,5.0,AUS,Oceania
Australia,"sptinc_p0p50_999_j_AU
Pre-tax national income 
Bottom 50% | share | all ages | equal split
",p0p50,2020,0.1773,5.0,AUS,Oceania
Australia,"sptinc_p0p50_999_j_AU
Pre-tax national income 
Bottom 50% | share | all ages | equal split
",p0p50,2021,0.1738,5.0,AUS,Oceania
Australia,"sptinc_p0p50_999_j_AU
Pre-tax national income 
Bottom 50% | share | all ages | equal split
",p0p50,2022,0.1723,5.0,AUS,Oceania
Australia,"sptinc_p0p50_999_j_AU
Pre-tax national income 
Bottom 50% | share | all ages | equal split
",p0p50,2023,0.1711,5.0,AUS,Oceania
Australia,"sptinc_p0p50_999_j_AU
Pre-tax national income 
Bottom 50% | share | all ages | equal split
",p0p50,2024,0.1711,5.0,AUS,Oceania
Austria,"sptinc_p0p50_999_j_AT
Pre-tax national income 
Bottom 50% | share | all ages | equal split
",p0p50,1980,0.2318,2.0,AUT,Western Europe
Austria,"sptinc_p0p50_999_j_AT
Pre-tax national income 
Bottom 50% | share | all ages | equal split
",p0p50,1981,0.2315,2.0,AUT,Western Europe
Austria,"sptinc_p0p50_999_j_AT
Pre-tax national income 
Bottom 50% | share | all ages | equal split
",p0p50,1982,0.2311,3.0,AUT,Western Europe
Austria,"sptinc_p0p50_999_j_AT
Pre-tax national income 
Bottom 50% | share | all ages | equal split
",p0p50,1983,0.2312,3.0,AUT,Western Europe
Austria,"sptinc_p0p50_999_j_AT
Pre-tax national income 
Bottom 50% | share | all ages | equal split
",p0p50,1984,0.2311,3.0,AUT,Western Europe
Austria,"sptinc_p0p50_999_j_AT
Pre-tax national income 
Bottom 50% | share | all ages | equal split
",p0p50,1985,0.2304,3.0,AUT,Western Europe
Austria,"sptinc_p0p50_999_j_AT
Pre-tax national income 
Bottom 50% | share | all ages | equal split
",p0p50,1986,0.2297,3.0,AUT,Western Europe
Austria,"sptinc_p0p50_999_j_AT
Pre-tax national income 
Bottom 50% | share | all ages | equal split
",p0p50,1987,0.2358,3.0,AUT,Western Europe
Austria,"sptinc_p0p50_999_j_AT
Pre-tax national income 
Bottom 50% | share | all ages | equal split
",p0p50,1988,0.2378,3.0,AUT,Western Europe
Austria,"sptinc_p0p50_999_j_AT
Pre-tax national income 
Bottom 50% | share | all ages | equal split
",p0p50,1989,0.2321,3.0,AUT,Western Europe
Austria,"sptinc_p0p50_999_j_AT
Pre-tax national income 
Bottom 50% | share | all ages | equal split
",p0p50,1990,0.234,3.0,AUT,Western Europe
Austria,"sptinc_p0p50_999_j_AT
Pre-tax national income 
Bottom 50% | share | all ages | equal split
",p0p50,1991,0.2347,3.0,AUT,Western Europe
Austria,"sptinc_p0p50_999_j_AT
Pre-tax national income 
Bottom 50% | share | all ages | equal split
",p0p50,1992,0.235,3.0,AUT,Western Europe
Austria,"sptinc_p0p50_999_j_AT
Pre-tax national income 
Bottom 50% | share | all ages | equal split
",p0p50,1993,0.2316,3.0,AUT,Western Europe
Austria,"sptinc_p0p50_999_j_AT
Pre-tax national income 
Bottom 50% | share | all ages | equal split
",p0p50,1994,0.2322,3.0,AUT,Western Europe
Austria,"sptinc_p0p50_999_j_AT
Pre-tax national income 
Bottom 50% | share | all ages | equal split
",p0p50,1995,0.2299,3.0,AUT,Western Europe
Austria,"sptinc_p0p50_999_j_AT
Pre-tax national income 
Bottom 50% | share | all ages | equal split
",p0p50,1996,0.2297,3.0,AUT,Western Europe
Austria,"sptinc_p0p50_999_j_AT
Pre-tax national income 
Bottom 50% | share | all ages | equal split
",p0p50,1997,0.2279,3.0,AUT,Western Europe
Austria,"sptinc_p0p50_999_j_AT
Pre-tax national income 
Bottom 50% | share | all ages | equal split
",p0p50,1998,0.228,3.0,AUT,Western Europe
Austria,"sptinc_p0p50_999_j_AT
Pre-tax national income 
Bottom 50% | share | all ages | equal split
",p0p50,1999,0.2344,3.0,AUT,Western Europe
Austria,"sptinc_p0p50_999_j_AT
Pre-tax national income 
Bottom 50% | share | all ages | equal split
",p0p50,2000,0.2291,3.0,AUT,Western Europe
Austria,"sptinc_p0p50_999_j_AT
Pre-tax national income 
Bottom 50% | share | all ages | equal split
",p0p50,2001,0.2331,3.0,AUT,Western Europe
Austria,"sptinc_p0p50_999_j_AT
Pre-tax national income 
Bottom 50% | share | all ages | equal split
",p0p50,2002,0.2292,3.0,AUT,Western Europe
Austria,"sptinc_p0p50_999_j_AT
Pre-tax national income 
Bottom 50% | share | all ages | equal split
",p0p50,2003,0.2287,5.0,AUT,Western Europe
Austria,"sptinc_p0p50_999_j_AT
Pre-tax national income 
Bottom 50% | share | all ages | equal split
",p0p50,2004,0.229,5.0,AUT,Western Europe
Austria,"sptinc_p0p50_999_j_AT
Pre-tax national income 
Bottom 50% | share | all ages | equal split
",p0p50,2005,0.2303,5.0,AUT,Western Europe
Austria,"sptinc_p0p50_999_j_AT
Pre-tax national income 
Bottom 50% | share | all ages | equal split
",p0p50,2006,0.2265,5.0,AUT,Western Europe
Austria,"sptinc_p0p50_999_j_AT
Pre-tax national income 
Bottom 50% | share | all ages | equal split
",p0p50,2007,0.226,5.0,AUT,Western Europe
Austria,"sptinc_p0p50_999_j_AT
Pre-tax national income 
Bottom 50% | share | all ages | equal split
",p0p50,2008,0.2252,5.0,AUT,Western Europe
Austria,"sptinc_p0p50_999_j_AT
Pre-tax national income 
Bottom 50% | share | all ages | equal split
",p0p50,2009,0.228,5.0,AUT,Western Europe
Austria,"sptinc_p0p50_999_j_AT
Pre-tax national income 
Bottom 50% | share | all ages | equal split
",p0p50,2010,0.2237,5.0,AUT,Western Europe
Austria,"sptinc_p0p50_999_j_AT
Pre-tax national income 
Bottom 50% | share | all ages | equal split
",p0p50,2011,0.2244,5.0,AUT,Western Europe
Austria,"sptinc_p0p50_999_j_AT
Pre-tax national income 
Bottom 50% | share | all ages | equal split
",p0p50,2012,0.228,5.0,AUT,Western Europe
Austria,"sptinc_p0p50_999_j_AT
Pre-tax national income 
Bottom 50% | share | all ages | equal split
",p0p50,2013,0.2304,5.0,AUT,Western Europe
Austria,"sptinc_p0p50_999_j_AT
Pre-tax national income 
Bottom 50% | share | all ages | equal split
",p0p50,2014,0.2318,5.0,AUT,Western Europe
Austria,"sptinc_p0p50_999_j_AT
Pre-tax national income 
Bottom 50% | share | all ages | equal split
",p0p50,2015,0.2306,5.0,AUT,Western Europe
Austria,"sptinc_p0p50_999_j_AT
Pre-tax national income 
Bottom 50% | share | all ages | equal split
",p0p50,2016,0.226,5.0,AUT,Western Europe
Austria,"sptinc_p0p50_999_j_AT
Pre-tax national income 
Bottom 50% | share | all ages | equal split
",p0p50,2017,0.2302,5.0,AUT,Western Europe
Austria,"sptinc_p0p50_999_j_AT
Pre-tax national income 
Bottom 50% | share | all ages | equal split
",p0p50,2018,0.2294,4.0,AUT,Western Europe
Austria,"sptinc_p0p50_999_j_AT
Pre-tax national income 
Bottom 50% | share | all ages | equal split
",p0p50,2019,0.2326,4.0,AUT,Western Europe
Austria,"sptinc_p0p50_999_j_AT
Pre-tax national income 
Bottom 50% | share | all ages | equal split
",p0p50,2020,0.2326,3.0,AUT,Western Europe
Austria,"sptinc_p0p50_999_j_AT
Pre-tax national income 
Bottom 50% | share | all ages | equal split
",p0p50,2021,0.2332,3.0,AUT,Western Europe
Austria,"sptinc_p0p50_999_j_AT
Pre-tax national income 
Bottom 50% | share | all ages | equal split
",p0p50,2022,0.2334,3.0,AUT,Western Europe
Austria,"sptinc_p0p50_999_j_AT
Pre-tax national income 
Bottom 50% | share | all ages | equal split
",p0p50,2023,0.2319,3.0,AUT,Western Europe
Austria,"sptinc_p0p50_999_j_AT
Pre-tax national income 
Bottom 50% | share | all ages | equal split
",p0p50,2024,0.2319,1.0,AUT,Western Europe
Bangladesh,"sptinc_p0p50_999_j_BD
Pre-tax national income 
Bottom 50% | share | all ages | equal split
",p0p50,1960,0.1735,0.0,BGD,South Asia
Bangladesh,"sptinc_p0p50_999_j_BD
Pre-tax national income 
Bottom 50% | share | all ages | equal split
",p0p50,1970,0.1571,0.0,BGD,South Asia
Bangladesh,"sptinc_p0p50_999_j_BD
Pre-tax national income 
Bottom 50% | share | all ages | equal split
",p0p50,1980,0.1997,1.0,BGD,South Asia
Bangladesh,"sptinc_p0p50_999_j_BD
Pre-tax national income 
Bottom 50% | share | all ages | equal split
",p0p50,1981,0.1997,1.0,BGD,South Asia
Bangladesh,"sptinc_p0p50_999_j_BD
Pre-tax national income 
Bottom 50% | share | all ages | equal split
",p0p50,1982,0.1997,1.0,BGD,South Asia
Bangladesh,"sptinc_p0p50_999_j_BD
Pre-tax national income 
Bottom 50% | share | all ages | equal split
",p0p50,1983,0.1997,3.0,BGD,South Asia
Bangladesh,"sptinc_p0p50_999_j_BD
Pre-tax national income 
Bottom 50% | share | all ages | equal split
",p0p50,1984,0.1947,2.0,BGD,South Asia
Bangladesh,"sptinc_p0p50_999_j_BD
Pre-tax national income 
Bottom 50% | share | all ages | equal split
",p0p50,1985,0.1898,3.0,BGD,South Asia
Bangladesh,"sptinc_p0p50_999_j_BD
Pre-tax national income 
Bottom 50% | share | all ages | equal split
",p0p50,1986,0.1869,2.0,BGD,South Asia
Bangladesh,"sptinc_p0p50_999_j_BD
Pre-tax national income 
Bottom 50% | share | all ages | equal split
",p0p50,1987,0.1841,2.0,BGD,South Asia
Bangladesh,"sptinc_p0p50_999_j_BD
Pre-tax national income 
Bottom 50% | share | all ages | equal split
",p0p50,1988,0.1814,3.0,BGD,South Asia
Bangladesh,"sptinc_p0p50_999_j_BD
Pre-tax national income 
Bottom 50% | share | all ages | equal split
",p0p50,1989,0.1838,2.0,BGD,South Asia
Bangladesh,"sptinc_p0p50_999_j_BD
Pre-tax national income 
Bottom 50% | share | all ages | equal split
",p0p50,1990,0.1862,2.0,BGD,South Asia
Bangladesh,"sptinc_p0p50_999_j_BD
Pre-tax national income 
Bottom 50% | share | all ages | equal split
",p0p50,1991,0.1886,3.0,BGD,South Asia
Bangladesh,"sptinc_p0p50_999_j_BD
Pre-tax national income 
Bottom 50% | share | all ages | equal split
",p0p50,1992,0.1812,2.0,BGD,South Asia
Bangladesh,"sptinc_p0p50_999_j_BD
Pre-tax national income 
Bottom 50% | share | all ages | equal split
",p0p50,1993,0.1745,2.0,BGD,South Asia
Bangladesh,"sptinc_p0p50_999_j_BD
Pre-tax national income 
Bottom 50% | share | all ages | equal split
",p0p50,1994,0.1683,2.0,BGD,South Asia
Bangladesh,"sptinc_p0p50_999_j_BD
Pre-tax national income 
Bottom 50% | share | all ages | equal split
",p0p50,1995,0.1625,3.0,BGD,South Asia
Bangladesh,"sptinc_p0p50_999_j_BD
Pre-tax national income 
Bottom 50% | share | all ages | equal split
",p0p50,1996,0.1619,2.0,BGD,South Asia
Bangladesh,"sptinc_p0p50_999_j_BD
Pre-tax national income 
Bottom 50% | share | all ages | equal split
",p0p50,1997,0.1611,2.0,BGD,South Asia
Bangladesh,"sptinc_p0p50_999_j_BD
Pre-tax national income 
Bottom 50% | share | all ages | equal split
",p0p50,1998,0.1608,2.0,BGD,South Asia
Bangladesh,"sptinc_p0p50_999_j_BD
Pre-tax national income 
Bottom 50% | share | all ages | equal split
",p0p50,1999,0.1592,2.0,BGD,South Asia
Bangladesh,"sptinc_p0p50_999_j_BD
Pre-tax national income 
Bottom 50% | share | all ages | equal split
",p0p50,2000,0.1585,3.0,BGD,South Asia
Bangladesh,"sptinc_p0p50_999_j_BD
Pre-tax national income 
Bottom 50% | share | all ages | equal split
",p0p50,2001,0.1582,2.0,BGD,South Asia
Bangladesh,"sptinc_p0p50_999_j_BD
Pre-tax national income 
Bottom 50% | share | all ages | equal split
",p0p50,2002,0.156,2.0,BGD,South Asia
Bangladesh,"sptinc_p0p50_999_j_BD
Pre-tax national income 
Bottom 50% | share | all ages | equal split
",p0p50,2003,0.153,2.0,BGD,South Asia
Bangladesh,"sptinc_p0p50_999_j_BD
Pre-tax national income 
Bottom 50% | share | all ages | equal split
",p0p50,2004,0.1526,2.0,BGD,South Asia
Bangladesh,"sptinc_p0p50_999_j_BD
Pre-tax national income 
Bottom 50% | share | all ages | equal split
",p0p50,2005,0.1516,3.0,BGD,South Asia
Bangladesh,"sptinc_p0p50_999_j_BD
Pre-tax national income 
Bottom 50% | share | all ages | equal split
",p0p50,2006,0.1528,2.0,BGD,South Asia
Bangladesh,"sptinc_p0p50_999_j_BD
Pre-tax national income 
Bottom 50% | share | all ages | equal split
",p0p50,2007,0.1533,2.0,BGD,South Asia
Bangladesh,"sptinc_p0p50_999_j_BD
Pre-tax national income 
Bottom 50% | share | all ages | equal split
",p0p50,2008,0.1595,2.0,BGD,South Asia
Bangladesh,"sptinc_p0p50_999_j_BD
Pre-tax national income 
Bottom 50% | share | all ages | equal split
",p0p50,2009,0.1622,2.0,BGD,South Asia
Bangladesh,"sptinc_p0p50_999_j_BD
Pre-tax national income 
Bottom 50% | share | all ages | equal split
",p0p50,2010,0.1606,3.0,BGD,South Asia
Bangladesh,"sptinc_p0p50_999_j_BD
Pre-tax national income 
Bottom 50% | share | all ages | equal split
",p0p50,2011,0.1635,2.0,BGD,South Asia
Bangladesh,"sptinc_p0p50_999_j_BD
Pre-tax national income 
Bottom 50% | share | all ages | equal split
",p0p50,2012,0.1644,2.0,BGD,South Asia
Bangladesh,"sptinc_p0p50_999_j_BD
Pre-tax national income 
Bottom 50% | share | all ages | equal split
",p0p50,2013,0.1656,2.0,BGD,South Asia
Bangladesh,"sptinc_p0p50_999_j_BD
Pre-tax national income 
Bottom 50% | share | all ages | equal split
",p0p50,2014,0.1674,2.0,BGD,South Asia
Bangladesh,"sptinc_p0p50_999_j_BD
Pre-tax national income 
Bottom 50% | share | all ages | equal split
",p0p50,2015,0.1702,2.0,BGD,South Asia
Bangladesh,"sptinc_p0p50_999_j_BD
Pre-tax national income 
Bottom 50% | share | all ages | equal split
",p0p50,2016,0.1709,3.0,BGD,South Asia
Bangladesh,"sptinc_p0p50_999_j_BD
Pre-tax national income 
Bottom 50% | share | all ages | equal split
",p0p50,2017,0.1708,1.0,BGD,South Asia
Bangladesh,"sptinc_p0p50_999_j_BD
Pre-tax national income 
Bottom 50% | share | all ages | equal split
",p0p50,2018,0.1708,1.0,BGD,South Asia
Bangladesh,"sptinc_p0p50_999_j_BD
Pre-tax national income 
Bottom 50% | share | all ages | equal split
",p0p50,2019,0.1708,1.0,BGD,South Asia
Bangladesh,"sptinc_p0p50_999_j_BD
Pre-tax national income 
Bottom 50% | share | all ages | equal split
",p0p50,2020,0.1708,1.0,BGD,South Asia
Bangladesh,"sptinc_p0p50_999_j_BD
Pre-tax national income 
Bottom 50% | share | all ages | equal split
",p0p50,2021,0.1708,1.0,BGD,South Asia
Bangladesh,"sptinc_p0p50_999_j_BD
Pre-tax national income 
Bottom 50% | share | all ages | equal split
",p0p50,2022,0.1708,1.0,BGD,South Asia
Bangladesh,"sptinc_p0p50_999_j_BD
Pre-tax national income 
Bottom 50% | share | all ages | equal split
",p0p50,2023,0.1708,1.0,BGD,South Asia
Bangladesh,"sptinc_p0p50_999_j_BD
Pre-tax national income 
Bottom 50% | share | all ages | equal split
",p0p50,2024,0.1708,1.0,BGD,South Asia
Barbados,"sptinc_p0p50_999_j_BB
Pre-tax national income 
Bottom 50% | share | all ages | equal split
",p0p50,1980,0.0819,0.0,BRB,Latin America & Caribbean
Barbados,"sptinc_p0p50_999_j_BB
Pre-tax national income 
Bottom 50% | share | all ages | equal split
",p0p50,1981,0.0816,0.0,BRB,Latin America & Caribbean
Barbados,"sptinc_p0p50_999_j_BB
Pre-tax national income 
Bottom 50% | share | all ages | equal split
",p0p50,1982,0.0813,0.0,BRB,Latin America & Caribbean
Barbados,"sptinc_p0p50_999_j_BB
Pre-tax national income 
Bottom 50% | share | all ages | equal split
",p0p50,1983,0.081,0.0,BRB,Latin America & Caribbean
Barbados,"sptinc_p0p50_999_j_BB
Pre-tax national income 
Bottom 50% | share | all ages | equal split
",p0p50,1984,0.0807,0.0,BRB,Latin America & Caribbean
Barbados,"sptinc_p0p50_999_j_BB
Pre-tax national income 
Bottom 50% | share | all ages | equal split
",p0p50,1985,0.0803,0.0,BRB,Latin America & Caribbean
Barbados,"sptinc_p0p50_999_j_BB
Pre-tax national income 
Bottom 50% | share | all ages | equal split
",p0p50,1986,0.08,0.0,BRB,Latin America & Caribbean
Barbados,"sptinc_p0p50_999_j_BB
Pre-tax national income 
Bottom 50% | share | all ages | equal split
",p0p50,1987,0.0796,0.0,BRB,Latin America & Caribbean
Barbados,"sptinc_p0p50_999_j_BB
Pre-tax national income 
Bottom 50% | share | all ages | equal split
",p0p50,1988,0.0793,0.0,BRB,Latin America & Caribbean
Barbados,"sptinc_p0p50_999_j_BB
Pre-tax national income 
Bottom 50% | share | all ages | equal split
",p0p50,1989,0.0789,0.0,BRB,Latin America & Caribbean
Barbados,"sptinc_p0p50_999_j_BB
Pre-tax national income 
Bottom 50% | share | all ages | equal split
",p0p50,1990,0.0785,0.0,BRB,Latin America & Caribbean
Barbados,"sptinc_p0p50_999_j_BB
Pre-tax national income 
Bottom 50% | share | all ages | equal split
",p0p50,1991,0.0789,0.0,BRB,Latin America & Caribbean
Barbados,"sptinc_p0p50_999_j_BB
Pre-tax national income 
Bottom 50% | share | all ages | equal split
",p0p50,1992,0.0793,0.0,BRB,Latin America & Caribbean
Barbados,"sptinc_p0p50_999_j_BB
Pre-tax national income 
Bottom 50% | share | all ages | equal split
",p0p50,1993,0.0797,0.0,BRB,Latin America & Caribbean
Barbados,"sptinc_p0p50_999_j_BB
Pre-tax national income 
Bottom 50% | share | all ages | equal split
",p0p50,1994,0.08,0.0,BRB,Latin America & Caribbean
Barbados,"sptinc_p0p50_999_j_BB
Pre-tax national income 
Bottom 50% | share | all ages | equal split
",p0p50,1995,0.0804,0.0,BRB,Latin America & Caribbean
Barbados,"sptinc_p0p50_999_j_BB
Pre-tax national income 
Bottom 50% | share | all ages | equal split
",p0p50,1996,0.0807,0.0,BRB,Latin America & Caribbean
Barbados,"sptinc_p0p50_999_j_BB
Pre-tax national income 
Bottom 50% | share | all ages | equal split
",p0p50,1997,0.0811,0.0,BRB,Latin America & Caribbean
Barbados,"sptinc_p0p50_999_j_BB
Pre-tax national income 
Bottom 50% | share | all ages | equal split
",p0p50,1998,0.0814,0.0,BRB,Latin America & Caribbean
Barbados,"sptinc_p0p50_999_j_BB
Pre-tax national income 
Bottom 50% | share | all ages | equal split
",p0p50,1999,0.0818,0.0,BRB,Latin America & Caribbean
Barbados,"sptinc_p0p50_999_j_BB
Pre-tax national income 
Bottom 50% | share | all ages | equal split
",p0p50,2000,0.0821,0.0,BRB,Latin America & Caribbean
Barbados,"sptinc_p0p50_999_j_BB
Pre-tax national income 
Bottom 50% | share | all ages | equal split
",p0p50,2001,0.0826,0.0,BRB,Latin America & Caribbean
Barbados,"sptinc_p0p50_999_j_BB
Pre-tax national income 
Bottom 50% | share | all ages | equal split
",p0p50,2002,0.083,0.0,BRB,Latin America & Caribbean
Barbados,"sptinc_p0p50_999_j_BB
Pre-tax national income 
Bottom 50% | share | all ages | equal split
",p0p50,2003,0.0835,0.0,BRB,Latin America & Caribbean
Barbados,"sptinc_p0p50_999_j_BB
Pre-tax national income 
Bottom 50% | share | all ages | equal split
",p0p50,2004,0.0839,0.0,BRB,Latin America & Caribbean
Barbados,"sptinc_p0p50_999_j_BB
Pre-tax national income 
Bottom 50% | share | all ages | equal split
",p0p50,2005,0.0843,0.0,BRB,Latin America & Caribbean
Barbados,"sptinc_p0p50_999_j_BB
Pre-tax national income 
Bottom 50% | share | all ages | equal split
",p0p50,2006,0.0846,0.0,BRB,Latin America & Caribbean
Barbados,"sptinc_p0p50_999_j_BB
Pre-tax national income 
Bottom 50% | share | all ages | equal split
",p0p50,2007,0.085,0.0,BRB,Latin America & Caribbean
Barbados,"sptinc_p0p50_999_j_BB
Pre-tax national income 
Bottom 50% | share | all ages | equal split
",p0p50,2008,0.0853,0.0,BRB,Latin America & Caribbean
Barbados,"sptinc_p0p50_999_j_BB
Pre-tax national income 
Bottom 50% | share | all ages | equal split
",p0p50,2009,0.0857,0.0,BRB,Latin America & Caribbean
Barbados,"sptinc_p0p50_999_j_BB
Pre-tax national income 
Bottom 50% | share | all ages | equal split
",p0p50,2010,0.086,0.0,BRB,Latin America & Caribbean
Barbados,"sptinc_p0p50_999_j_BB
Pre-tax national income 
Bottom 50% | share | all ages | equal split
",p0p50,2011,0.0917,0.0,BRB,Latin America & Caribbean
Barbados,"sptinc_p0p50_999_j_BB
Pre-tax national income 
Bottom 50% | share | all ages | equal split
",p0p50,2012,0.0974,0.0,BRB,Latin America & Caribbean
Barbados,"sptinc_p0p50_999_j_BB
Pre-tax national income 
Bottom 50% | share | all ages | equal split
",p0p50,2013,0.103,0.0,BRB,Latin America & Caribbean
Barbados,"sptinc_p0p50_999_j_BB
Pre-tax national income 
Bottom 50% | share | all ages | equal split
",p0p50,2014,0.1086,0.0,BRB,Latin America & Caribbean
Barbados,"sptinc_p0p50_999_j_BB
Pre-tax national income 
Bottom 50% | share | all ages | equal split
",p0p50,2015,0.1141,0.0,BRB,Latin America & Caribbean
Barbados,"sptinc_p0p50_999_j_BB
Pre-tax national income 
Bottom 50% | share | all ages | equal split
",p0p50,2016,0.1197,0.0,BRB,Latin America & Caribbean
Barbados,"sptinc_p0p50_999_j_BB
Pre-tax national income 
Bottom 50% | share | all ages | equal split
",p0p50,2017,0.1251,0.0,BRB,Latin America & Caribbean
Barbados,"sptinc_p0p50_999_j_BB
Pre-tax national income 
Bottom 50% | share | all ages | equal split
",p0p50,2018,0.1306,0.0,BRB,Latin America & Caribbean
Barbados,"sptinc_p0p50_999_j_BB
Pre-tax national income 
Bottom 50% | share | all ages | equal split
",p0p50,2019,0.136,0.0,BRB,Latin America & Caribbean
Barbados,"sptinc_p0p50_999_j_BB
Pre-tax national income 
Bottom 50% | share | all ages | equal split
",p0p50,2020,0.1413,0.0,BRB,Latin America & Caribbean
Barbados,"sptinc_p0p50_999_j_BB
Pre-tax national income 
Bottom 50% | share | all ages | equal split
",p0p50,2021,0.1413,0.0,BRB,Latin America & Caribbean
Barbados,"sptinc_p0p50_999_j_BB
Pre-tax national income 
Bottom 50% | share | all ages | equal split
",p0p50,2022,0.1413,0.0,BRB,Latin America & Caribbean
Barbados,"sptinc_p0p50_999_j_BB
Pre-tax national income 
Bottom 50% | share | all ages | equal split
",p0p50,2023,0.1413,0.0,BRB,Latin America & Caribbean
Barbados,"sptinc_p0p50_999_j_BB
Pre-tax national income 
Bottom 50% | share | all ages | equal split
",p0p50,2024,0.1413,0.0,BRB,Latin America & Caribbean
Belarus,"sptinc_p0p50_999_j_BY
Pre-tax national income 
Bottom 50% | share | all ages | equal split
",p0p50,1980,0.2773,1.0,BLR,Eastern Europe & FSU
Belarus,"sptinc_p0p50_999_j_BY
Pre-tax national income 
Bottom 50% | share | all ages | equal split
",p0p50,1981,0.2771,1.0,BLR,Eastern Europe & FSU
Belarus,"sptinc_p0p50_999_j_BY
Pre-tax national income 
Bottom 50% | share | all ages | equal split
",p0p50,1982,0.2769,1.0,BLR,Eastern Europe & FSU
Belarus,"sptinc_p0p50_999_j_BY
Pre-tax national income 
Bottom 50% | share | all ages | equal split
",p0p50,1983,0.2767,1.0,BLR,Eastern Europe & FSU
Belarus,"sptinc_p0p50_999_j_BY
Pre-tax national income 
Bottom 50% | share | all ages | equal split
",p0p50,1984,0.2765,1.0,BLR,Eastern Europe & FSU
Belarus,"sptinc_p0p50_999_j_BY
Pre-tax national income 
Bottom 50% | share | all ages | equal split
",p0p50,1985,0.2762,1.0,BLR,Eastern Europe & FSU
Belarus,"sptinc_p0p50_999_j_BY
Pre-tax national income 
Bottom 50% | share | all ages | equal split
",p0p50,1986,0.2761,1.0,BLR,Eastern Europe & FSU
Belarus,"sptinc_p0p50_999_j_BY
Pre-tax national income 
Bottom 50% | share | all ages | equal split
",p0p50,1987,0.276,1.0,BLR,Eastern Europe & FSU
Belarus,"sptinc_p0p50_999_j_BY
Pre-tax national income 
Bottom 50% | share | all ages | equal split
",p0p50,1988,0.2758,1.0,BLR,Eastern Europe & FSU
Belarus,"sptinc_p0p50_999_j_BY
Pre-tax national income 
Bottom 50% | share | all ages | equal split
",p0p50,1989,0.2738,1.0,BLR,Eastern Europe & FSU
Belarus,"sptinc_p0p50_999_j_BY
Pre-tax national income 
Bottom 50% | share | all ages | equal split
",p0p50,1990,0.2837,1.0,BLR,Eastern Europe & FSU
Belarus,"sptinc_p0p50_999_j_BY
Pre-tax national income 
Bottom 50% | share | all ages | equal split
",p0p50,1991,0.2737,1.0,BLR,Eastern Europe & FSU
Belarus,"sptinc_p0p50_999_j_BY
Pre-tax national income 
Bottom 50% | share | all ages | equal split
",p0p50,1992,0.2634,1.0,BLR,Eastern Europe & FSU
Belarus,"sptinc_p0p50_999_j_BY
Pre-tax national income 
Bottom 50% | share | all ages | equal split
",p0p50,1993,0.2516,1.0,BLR,Eastern Europe & FSU
Belarus,"sptinc_p0p50_999_j_BY
Pre-tax national income 
Bottom 50% | share | all ages | equal split
",p0p50,1994,0.2194,1.0,BLR,Eastern Europe & FSU
Belarus,"sptinc_p0p50_999_j_BY
Pre-tax national income 
Bottom 50% | share | all ages | equal split
",p0p50,1995,0.2065,1.0,BLR,Eastern Europe & FSU
Belarus,"sptinc_p0p50_999_j_BY
Pre-tax national income 
Bottom 50% | share | all ages | equal split
",p0p50,1996,0.2004,1.0,BLR,Eastern Europe & FSU
Belarus,"sptinc_p0p50_999_j_BY
Pre-tax national income 
Bottom 50% | share | all ages | equal split
",p0p50,1997,0.1865,1.0,BLR,Eastern Europe & FSU
Belarus,"sptinc_p0p50_999_j_BY
Pre-tax national income 
Bottom 50% | share | all ages | equal split
",p0p50,1998,0.1856,1.0,BLR,Eastern Europe & FSU
Belarus,"sptinc_p0p50_999_j_BY
Pre-tax national income 
Bottom 50% | share | all ages | equal split
",p0p50,1999,0.1848,1.0,BLR,Eastern Europe & FSU
Belarus,"sptinc_p0p50_999_j_BY
Pre-tax national income 
Bottom 50% | share | all ages | equal split
",p0p50,2000,0.1889,1.0,BLR,Eastern Europe & FSU
Belarus,"sptinc_p0p50_999_j_BY
Pre-tax national income 
Bottom 50% | share | all ages | equal split
",p0p50,2001,0.1986,1.0,BLR,Eastern Europe & FSU
Belarus,"sptinc_p0p50_999_j_BY
Pre-tax national income 
Bottom 50% | share | all ages | equal split
",p0p50,2002,0.2001,1.0,BLR,Eastern Europe & FSU
Belarus,"sptinc_p0p50_999_j_BY
Pre-tax national income 
Bottom 50% | share | all ages | equal split
",p0p50,2003,0.2057,1.0,BLR,Eastern Europe & FSU
Belarus,"sptinc_p0p50_999_j_BY
Pre-tax national income 
Bottom 50% | share | all ages | equal split
",p0p50,2004,0.2134,1.0,BLR,Eastern Europe & FSU
Belarus,"sptinc_p0p50_999_j_BY
Pre-tax national income 
Bottom 50% | share | all ages | equal split
",p0p50,2005,0.2114,1.0,BLR,Eastern Europe & FSU
Belarus,"sptinc_p0p50_999_j_BY
Pre-tax national income 
Bottom 50% | share | all ages | equal split
",p0p50,2006,0.2114,1.0,BLR,Eastern Europe & FSU
Belarus,"sptinc_p0p50_999_j_BY
Pre-tax national income 
Bottom 50% | share | all ages | equal split
",p0p50,2007,0.1991,1.0,BLR,Eastern Europe & FSU
Belarus,"sptinc_p0p50_999_j_BY
Pre-tax national income 
Bottom 50% | share | all ages | equal split
",p0p50,2008,0.2017,1.0,BLR,Eastern Europe & FSU
Belarus,"sptinc_p0p50_999_j_BY
Pre-tax national income 
Bottom 50% | share | all ages | equal split
",p0p50,2009,0.209,1.0,BLR,Eastern Europe & FSU
Belarus,"sptinc_p0p50_999_j_BY
Pre-tax national income 
Bottom 50% | share | all ages | equal split
",p0p50,2010,0.208,1.0,BLR,Eastern Europe & FSU
Belarus,"sptinc_p0p50_999_j_BY
Pre-tax national income 
Bottom 50% | share | all ages | equal split
",p0p50,2011,0.1927,1.0,BLR,Eastern Europe & FSU
Belarus,"sptinc_p0p50_999_j_BY
Pre-tax national income 
Bottom 50% | share | all ages | equal split
",p0p50,2012,0.2069,1.0,BLR,Eastern Europe & FSU
Belarus,"sptinc_p0p50_999_j_BY
Pre-tax national income 
Bottom 50% | share | all ages | equal split
",p0p50,2013,0.2275,1.0,BLR,Eastern Europe & FSU
Belarus,"sptinc_p0p50_999_j_BY
Pre-tax national income 
Bottom 50% | share | all ages | equal split
",p0p50,2014,0.221,1.0,BLR,Eastern Europe & FSU
Belarus,"sptinc_p0p50_999_j_BY
Pre-tax national income 
Bottom 50% | share | all ages | equal split
",p0p50,2015,0.2278,1.0,BLR,Eastern Europe & FSU
Belarus,"sptinc_p0p50_999_j_BY
Pre-tax national income 
Bottom 50% | share | all ages | equal split
",p0p50,2016,0.2277,1.0,BLR,Eastern Europe & FSU
Belarus,"sptinc_p0p50_999_j_BY
Pre-tax national income 
Bottom 50% | share | all ages | equal split
",p0p50,2017,0.2229,1.0,BLR,Eastern Europe & FSU
Belarus,"sptinc_p0p50_999_j_BY
Pre-tax national income 
Bottom 50% | share | all ages | equal split
",p0p50,2018,0.2265,1.0,BLR,Eastern Europe & FSU
Belarus,"sptinc_p0p50_999_j_BY
Pre-tax national income 
Bottom 50% | share | all ages | equal split
",p0p50,2019,0.2258,1.0,BLR,Eastern Europe & FSU
Belarus,"sptinc_p0p50_999_j_BY
Pre-tax national income 
Bottom 50% | share | all ages | equal split
",p0p50,2020,0.2258,1.0,BLR,Eastern Europe & FSU
Belarus,"sptinc_p0p50_999_j_BY
Pre-tax national income 
Bottom 50% | share | all ages | equal split
",p0p50,2021,0.2258,1.0,BLR,Eastern Europe & FSU
Belarus,"sptinc_p0p50_999_j_BY
Pre-tax national income 
Bottom 50% | share | all ages | equal split
",p0p50,2022,0.2258,1.0,BLR,Eastern Europe & FSU
Belarus,"sptinc_p0p50_999_j_BY
Pre-tax national income 
Bottom 50% | share | all ages | equal split
",p0p50,2023,0.2258,1.0,BLR,Eastern Europe & FSU
Belarus,"sptinc_p0p50_999_j_BY
Pre-tax national income 
Bottom 50% | share | all ages | equal split
",p0p50,2024,0.2258,1.0,BLR,Eastern Europe & FSU
Belgium,"sptinc_p0p50_999_j_BE
Pre-tax national income 
Bottom 50% | share | all ages | equal split
",p0p50,1980,0.225,2.0,BEL,Western Europe
Belgium,"sptinc_p0p50_999_j_BE
Pre-tax national income 
Bottom 50% | share | all ages | equal split
",p0p50,1981,0.2268,2.0,BEL,Western Europe
Belgium,"sptinc_p0p50_999_j_BE
Pre-tax national income 
Bottom 50% | share | all ages | equal split
",p0p50,1982,0.2282,2.0,BEL,Western Europe
Belgium,"sptinc_p0p50_999_j_BE
Pre-tax national income 
Bottom 50% | share | all ages | equal split
",p0p50,1983,0.2276,2.0,BEL,Western Europe
Belgium,"sptinc_p0p50_999_j_BE
Pre-tax national income 
Bottom 50% | share | all ages | equal split
",p0p50,1984,0.2261,2.0,BEL,Western Europe
Belgium,"sptinc_p0p50_999_j_BE
Pre-tax national income 
Bottom 50% | share | all ages | equal split
",p0p50,1985,0.2167,3.0,BEL,Western Europe
Belgium,"sptinc_p0p50_999_j_BE
Pre-tax national income 
Bottom 50% | share | all ages | equal split
",p0p50,1986,0.2134,3.0,BEL,Western Europe
Belgium,"sptinc_p0p50_999_j_BE
Pre-tax national income 
Bottom 50% | share | all ages | equal split
",p0p50,1987,0.2139,3.0,BEL,Western Europe
Belgium,"sptinc_p0p50_999_j_BE
Pre-tax national income 
Bottom 50% | share | all ages | equal split
",p0p50,1988,0.2068,3.0,BEL,Western Europe
Belgium,"sptinc_p0p50_999_j_BE
Pre-tax national income 
Bottom 50% | share | all ages | equal split
",p0p50,1989,0.2058,3.0,BEL,Western Europe
Belgium,"sptinc_p0p50_999_j_BE
Pre-tax national income 
Bottom 50% | share | all ages | equal split
",p0p50,1990,0.207,4.0,BEL,Western Europe
Belgium,"sptinc_p0p50_999_j_BE
Pre-tax national income 
Bottom 50% | share | all ages | equal split
",p0p50,1991,0.211,4.0,BEL,Western Europe
Belgium,"sptinc_p0p50_999_j_BE
Pre-tax national income 
Bottom 50% | share | all ages | equal split
",p0p50,1992,0.2109,4.0,BEL,Western Europe
Belgium,"sptinc_p0p50_999_j_BE
Pre-tax national income 
Bottom 50% | share | all ages | equal split
",p0p50,1993,0.2088,4.0,BEL,Western Europe
Belgium,"sptinc_p0p50_999_j_BE
Pre-tax national income 
Bottom 50% | share | all ages | equal split
",p0p50,1994,0.2094,4.0,BEL,Western Europe
Belgium,"sptinc_p0p50_999_j_BE
Pre-tax national income 
Bottom 50% | share | all ages | equal split
",p0p50,1995,0.2078,4.0,BEL,Western Europe
Belgium,"sptinc_p0p50_999_j_BE
Pre-tax national income 
Bottom 50% | share | all ages | equal split
",p0p50,1996,0.2055,4.0,BEL,Western Europe
Belgium,"sptinc_p0p50_999_j_BE
Pre-tax national income 
Bottom 50% | share | all ages | equal split
",p0p50,1997,0.2049,4.0,BEL,Western Europe
Belgium,"sptinc_p0p50_999_j_BE
Pre-tax national income 
Bottom 50% | share | all ages | equal split
",p0p50,1998,0.2015,4.0,BEL,Western Europe
Belgium,"sptinc_p0p50_999_j_BE
Pre-tax national income 
Bottom 50% | share | all ages | equal split
",p0p50,1999,0.1993,4.0,BEL,Western Europe
Belgium,"sptinc_p0p50_999_j_BE
Pre-tax national income 
Bottom 50% | share | all ages | equal split
",p0p50,2000,0.2,4.0,BEL,Western Europe
Belgium,"sptinc_p0p50_999_j_BE
Pre-tax national income 
Bottom 50% | share | all ages | equal split
",p0p50,2001,0.2029,4.0,BEL,Western Europe
Belgium,"sptinc_p0p50_999_j_BE
Pre-tax national income 
Bottom 50% | share | all ages | equal split
",p0p50,2002,0.2049,4.0,BEL,Western Europe
Belgium,"sptinc_p0p50_999_j_BE
Pre-tax national income 
Bottom 50% | share | all ages | equal split
",p0p50,2003,0.2014,4.0,BEL,Western Europe
Belgium,"sptinc_p0p50_999_j_BE
Pre-tax national income 
Bottom 50% | share | all ages | equal split
",p0p50,2004,0.2008,4.0,BEL,Western Europe
Belgium,"sptinc_p0p50_999_j_BE
Pre-tax national income 
Bottom 50% | share | all ages | equal split
",p0p50,2005,0.2023,4.0,BEL,Western Europe
Belgium,"sptinc_p0p50_999_j_BE
Pre-tax national income 
Bottom 50% | share | all ages | equal split
",p0p50,2006,0.2017,4.0,BEL,Western Europe
Belgium,"sptinc_p0p50_999_j_BE
Pre-tax national income 
Bottom 50% | share | all ages | equal split
",p0p50,2007,0.2003,4.0,BEL,Western Europe
Belgium,"sptinc_p0p50_999_j_BE
Pre-tax national income 
Bottom 50% | share | all ages | equal split
",p0p50,2008,0.21,4.0,BEL,Western Europe
Belgium,"sptinc_p0p50_999_j_BE
Pre-tax national income 
Bottom 50% | share | all ages | equal split
",p0p50,2009,0.2109,4.0,BEL,Western Europe
Belgium,"sptinc_p0p50_999_j_BE
Pre-tax national income 
Bottom 50% | share | all ages | equal split
",p0p50,2010,0.206,4.0,BEL,Western Europe
Belgium,"sptinc_p0p50_999_j_BE
Pre-tax national income 
Bottom 50% | share | all ages | equal split
",p0p50,2011,0.2115,4.0,BEL,Western Europe
Belgium,"sptinc_p0p50_999_j_BE
Pre-tax national income 
Bottom 50% | share | all ages | equal split
",p0p50,2012,0.2116,4.0,BEL,Western Europe
Belgium,"sptinc_p0p50_999_j_BE
Pre-tax national income 
Bottom 50% | share | all ages | equal split
",p0p50,2013,0.2107,4.0,BEL,Western Europe
Belgium,"sptinc_p0p50_999_j_BE
Pre-tax national income 
Bottom 50% | share | all ages | equal split
",p0p50,2014,0.2097,3.0,BEL,Western Europe
Belgium,"sptinc_p0p50_999_j_BE
Pre-tax national income 
Bottom 50% | share | all ages | equal split
",p0p50,2015,0.2096,3.0,BEL,Western Europe
Belgium,"sptinc_p0p50_999_j_BE
Pre-tax national income 
Bottom 50% | share | all ages | equal split
",p0p50,2016,0.2111,3.0,BEL,Western Europe
Belgium,"sptinc_p0p50_999_j_BE
Pre-tax national income 
Bottom 50% | share | all ages | equal split
",p0p50,2017,0.2115,3.0,BEL,Western Europe
Belgium,"sptinc_p0p50_999_j_BE
Pre-tax national income 
Bottom 50% | share | all ages | equal split
",p0p50,2018,0.2043,3.0,BEL,Western Europe
Belgium,"sptinc_p0p50_999_j_BE
Pre-tax national income 
Bottom 50% | share | all ages | equal split
",p0p50,2019,0.2038,3.0,BEL,Western Europe
Belgium,"sptinc_p0p50_999_j_BE
Pre-tax national income 
Bottom 50% | share | all ages | equal split
",p0p50,2020,0.2038,3.0,BEL,Western Europe
Belgium,"sptinc_p0p50_999_j_BE
Pre-tax national income 
Bottom 50% | share | all ages | equal split
",p0p50,2021,0.2033,3.0,BEL,Western Europe
Belgium,"sptinc_p0p50_999_j_BE
Pre-tax national income 
Bottom 50% | share | all ages | equal split
",p0p50,2022,0.2032,3.0,BEL,Western Europe
Belgium,"sptinc_p0p50_999_j_BE
Pre-tax national income 
Bottom 50% | share | all ages | equal split
",p0p50,2023,0.2033,3.0,BEL,Western Europe
Belgium,"sptinc_p0p50_999_j_BE
Pre-tax national income 
Bottom 50% | share | all ages | equal split
",p0p50,2024,0.2033,1.0,BEL,Western Europe
Bolivia,"sptinc_p0p50_999_j_BO
Pre-tax national income 
Bottom 50% | share | all ages | equal split
",p0p50,1980,0.0839,0.0,BOL,Latin America & Caribbean
Bolivia,"sptinc_p0p50_999_j_BO
Pre-tax national income 
Bottom 50% | share | all ages | equal split
",p0p50,1981,0.0839,0.0,BOL,Latin America & Caribbean
Bolivia,"sptinc_p0p50_999_j_BO
Pre-tax national income 
Bottom 50% | share | all ages | equal split
",p0p50,1982,0.0839,0.0,BOL,Latin America & Caribbean
Bolivia,"sptinc_p0p50_999_j_BO
Pre-tax national income 
Bottom 50% | share | all ages | equal split
",p0p50,1983,0.0839,0.0,BOL,Latin America & Caribbean
Bolivia,"sptinc_p0p50_999_j_BO
Pre-tax national income 
Bottom 50% | share | all ages | equal split
",p0p50,1984,0.0839,0.0,BOL,Latin America & Caribbean
Bolivia,"sptinc_p0p50_999_j_BO
Pre-tax national income 
Bottom 50% | share | all ages | equal split
",p0p50,1985,0.0839,0.0,BOL,Latin America & Caribbean
Bolivia,"sptinc_p0p50_999_j_BO
Pre-tax national income 
Bottom 50% | share | all ages | equal split
",p0p50,1986,0.0839,0.0,BOL,Latin America & Caribbean
Bolivia,"sptinc_p0p50_999_j_BO
Pre-tax national income 
Bottom 50% | share | all ages | equal split
",p0p50,1987,0.0839,0.0,BOL,Latin America & Caribbean
Bolivia,"sptinc_p0p50_999_j_BO
Pre-tax national income 
Bottom 50% | share | all ages | equal split
",p0p50,1988,0.0839,0.0,BOL,Latin America & Caribbean
Bolivia,"sptinc_p0p50_999_j_BO
Pre-tax national income 
Bottom 50% | share | all ages | equal split
",p0p50,1989,0.0839,0.0,BOL,Latin America & Caribbean
Bolivia,"sptinc_p0p50_999_j_BO
Pre-tax national income 
Bottom 50% | share | all ages | equal split
",p0p50,1990,0.0839,0.0,BOL,Latin America & Caribbean
Bolivia,"sptinc_p0p50_999_j_BO
Pre-tax national income 
Bottom 50% | share | all ages | equal split
",p0p50,1991,0.0839,0.0,BOL,Latin America & Caribbean
Bolivia,"sptinc_p0p50_999_j_BO
Pre-tax national income 
Bottom 50% | share | all ages | equal split
",p0p50,1992,0.0839,0.0,BOL,Latin America & Caribbean
Bolivia,"sptinc_p0p50_999_j_BO
Pre-tax national income 
Bottom 50% | share | all ages | equal split
",p0p50,1993,0.0839,0.0,BOL,Latin America & Caribbean
Bolivia,"sptinc_p0p50_999_j_BO
Pre-tax national income 
Bottom 50% | share | all ages | equal split
",p0p50,1994,0.0839,0.0,BOL,Latin America & Caribbean
Bolivia,"sptinc_p0p50_999_j_BO
Pre-tax national income 
Bottom 50% | share | all ages | equal split
",p0p50,1995,0.0839,0.0,BOL,Latin America & Caribbean
Bolivia,"sptinc_p0p50_999_j_BO
Pre-tax national income 
Bottom 50% | share | all ages | equal split
",p0p50,1996,0.0839,0.0,BOL,Latin America & Caribbean
Bolivia,"sptinc_p0p50_999_j_BO
Pre-tax national income 
Bottom 50% | share | all ages | equal split
",p0p50,1997,0.0839,0.0,BOL,Latin America & Caribbean
Bolivia,"sptinc_p0p50_999_j_BO
Pre-tax national income 
Bottom 50% | share | all ages | equal split
",p0p50,1998,0.0839,0.0,BOL,Latin America & Caribbean
Bolivia,"sptinc_p0p50_999_j_BO
Pre-tax national income 
Bottom 50% | share | all ages | equal split
",p0p50,1999,0.0839,0.0,BOL,Latin America & Caribbean
Bolivia,"sptinc_p0p50_999_j_BO
Pre-tax national income 
Bottom 50% | share | all ages | equal split
",p0p50,2000,0.0839,0.0,BOL,Latin America & Caribbean
Bolivia,"sptinc_p0p50_999_j_BO
Pre-tax national income 
Bottom 50% | share | all ages | equal split
",p0p50,2001,0.0802,0.0,BOL,Latin America & Caribbean
Bolivia,"sptinc_p0p50_999_j_BO
Pre-tax national income 
Bottom 50% | share | all ages | equal split
",p0p50,2002,0.081,0.0,BOL,Latin America & Caribbean
Bolivia,"sptinc_p0p50_999_j_BO
Pre-tax national income 
Bottom 50% | share | all ages | equal split
",p0p50,2003,0.0848,0.0,BOL,Latin America & Caribbean
Bolivia,"sptinc_p0p50_999_j_BO
Pre-tax national income 
Bottom 50% | share | all ages | equal split
",p0p50,2004,0.0872,0.0,BOL,Latin America & Caribbean
Bolivia,"sptinc_p0p50_999_j_BO
Pre-tax national income 
Bottom 50% | share | all ages | equal split
",p0p50,2005,0.087,0.0,BOL,Latin America & Caribbean
Bolivia,"sptinc_p0p50_999_j_BO
Pre-tax national income 
Bottom 50% | share | all ages | equal split
",p0p50,2006,0.0904,0.0,BOL,Latin America & Caribbean
Bolivia,"sptinc_p0p50_999_j_BO
Pre-tax national income 
Bottom 50% | share | all ages | equal split
",p0p50,2007,0.0892,0.0,BOL,Latin America & Caribbean
Bolivia,"sptinc_p0p50_999_j_BO
Pre-tax national income 
Bottom 50% | share | all ages | equal split
",p0p50,2008,0.0916,0.0,BOL,Latin America & Caribbean
Bolivia,"sptinc_p0p50_999_j_BO
Pre-tax national income 
Bottom 50% | share | all ages | equal split
",p0p50,2009,0.0933,0.0,BOL,Latin America & Caribbean
Bolivia,"sptinc_p0p50_999_j_BO
Pre-tax national income 
Bottom 50% | share | all ages | equal split
",p0p50,2010,0.0947,0.0,BOL,Latin America & Caribbean
Bolivia,"sptinc_p0p50_999_j_BO
Pre-tax national income 
Bottom 50% | share | all ages | equal split
",p0p50,2011,0.0978,0.0,BOL,Latin America & Caribbean
Bolivia,"sptinc_p0p50_999_j_BO
Pre-tax national income 
Bottom 50% | share | all ages | equal split
",p0p50,2012,0.1003,0.0,BOL,Latin America & Caribbean
Bolivia,"sptinc_p0p50_999_j_BO
Pre-tax national income 
Bottom 50% | share | all ages | equal split
",p0p50,2013,0.1009,0.0,BOL,Latin America & Caribbean
Bolivia,"sptinc_p0p50_999_j_BO
Pre-tax national income 
Bottom 50% | share | all ages | equal split
",p0p50,2014,0.1025,0.0,BOL,Latin America & Caribbean
Bolivia,"sptinc_p0p50_999_j_BO
Pre-tax national income 
Bottom 50% | share | all ages | equal split
",p0p50,2015,0.1031,0.0,BOL,Latin America & Caribbean
Bolivia,"sptinc_p0p50_999_j_BO
Pre-tax national income 
Bottom 50% | share | all ages | equal split
",p0p50,2016,0.1028,0.0,BOL,Latin America & Caribbean
Bolivia,"sptinc_p0p50_999_j_BO
Pre-tax national income 
Bottom 50% | share | all ages | equal split
",p0p50,2017,0.102,0.0,BOL,Latin America & Caribbean
Bolivia,"sptinc_p0p50_999_j_BO
Pre-tax national income 
Bottom 50% | share | all ages | equal split
",p0p50,2018,0.1011,0.0,BOL,Latin America & Caribbean
Bolivia,"sptinc_p0p50_999_j_BO
Pre-tax national income 
Bottom 50% | share | all ages | equal split
",p0p50,2019,0.1015,0.0,BOL,Latin America & Caribbean
Bolivia,"sptinc_p0p50_999_j_BO
Pre-tax national income 
Bottom 50% | share | all ages | equal split
",p0p50,2020,0.0869,0.0,BOL,Latin America & Caribbean
Bolivia,"sptinc_p0p50_999_j_BO
Pre-tax national income 
Bottom 50% | share | all ages | equal split
",p0p50,2021,0.0949,0.0,BOL,Latin America & Caribbean
Bolivia,"sptinc_p0p50_999_j_BO
Pre-tax national income 
Bottom 50% | share | all ages | equal split
",p0p50,2022,0.1014,0.0,BOL,Latin America & Caribbean
Bolivia,"sptinc_p0p50_999_j_BO
Pre-tax national income 
Bottom 50% | share | all ages | equal split
",p0p50,2023,0.1011,0.0,BOL,Latin America & Caribbean
Bolivia,"sptinc_p0p50_999_j_BO
Pre-tax national income 
Bottom 50% | share | all ages | equal split
",p0p50,2024,0.1011,0.0,BOL,Latin America & Caribbean
Botswana,"sptinc_p0p50_999_j_BW
Pre-tax national income 
Bottom 50% | share | all ages | equal split
",p0p50,1980,0.0794,1.0,BWA,Sub-Saharan Africa
Botswana,"sptinc_p0p50_999_j_BW
Pre-tax national income 
Bottom 50% | share | all ages | equal split
",p0p50,1981,0.0794,1.0,BWA,Sub-Saharan Africa
Botswana,"sptinc_p0p50_999_j_BW
Pre-tax national income 
Bottom 50% | share | all ages | equal split
",p0p50,1982,0.0794,1.0,BWA,Sub-Saharan Africa
Botswana,"sptinc_p0p50_999_j_BW
Pre-tax national income 
Bottom 50% | share | all ages | equal split
",p0p50,1983,0.0794,1.0,BWA,Sub-Saharan Africa
Botswana,"sptinc_p0p50_999_j_BW
Pre-tax national income 
Bottom 50% | share | all ages | equal split
",p0p50,1984,0.0794,1.0,BWA,Sub-Saharan Africa
Botswana,"sptinc_p0p50_999_j_BW
Pre-tax national income 
Bottom 50% | share | all ages | equal split
",p0p50,1985,0.0794,3.0,BWA,Sub-Saharan Africa
Botswana,"sptinc_p0p50_999_j_BW
Pre-tax national income 
Bottom 50% | share | all ages | equal split
",p0p50,1986,0.0773,2.0,BWA,Sub-Saharan Africa
Botswana,"sptinc_p0p50_999_j_BW
Pre-tax national income 
Bottom 50% | share | all ages | equal split
",p0p50,1987,0.0752,2.0,BWA,Sub-Saharan Africa
Botswana,"sptinc_p0p50_999_j_BW
Pre-tax national income 
Bottom 50% | share | all ages | equal split
",p0p50,1988,0.0731,2.0,BWA,Sub-Saharan Africa
Botswana,"sptinc_p0p50_999_j_BW
Pre-tax national income 
Bottom 50% | share | all ages | equal split
",p0p50,1989,0.071,2.0,BWA,Sub-Saharan Africa
Botswana,"sptinc_p0p50_999_j_BW
Pre-tax national income 
Bottom 50% | share | all ages | equal split
",p0p50,1990,0.0689,2.0,BWA,Sub-Saharan Africa
Botswana,"sptinc_p0p50_999_j_BW
Pre-tax national income 
Bottom 50% | share | all ages | equal split
",p0p50,1991,0.0668,2.0,BWA,Sub-Saharan Africa
Botswana,"sptinc_p0p50_999_j_BW
Pre-tax national income 
Bottom 50% | share | all ages | equal split
",p0p50,1992,0.0647,2.0,BWA,Sub-Saharan Africa
Botswana,"sptinc_p0p50_999_j_BW
Pre-tax national income 
Bottom 50% | share | all ages | equal split
",p0p50,1993,0.0627,3.0,BWA,Sub-Saharan Africa
Botswana,"sptinc_p0p50_999_j_BW
Pre-tax national income 
Bottom 50% | share | all ages | equal split
",p0p50,1994,0.0621,2.0,BWA,Sub-Saharan Africa
Botswana,"sptinc_p0p50_999_j_BW
Pre-tax national income 
Bottom 50% | share | all ages | equal split
",p0p50,1995,0.0616,2.0,BWA,Sub-Saharan Africa
Botswana,"sptinc_p0p50_999_j_BW
Pre-tax national income 
Bottom 50% | share | all ages | equal split
",p0p50,1996,0.0611,2.0,BWA,Sub-Saharan Africa
Botswana,"sptinc_p0p50_999_j_BW
Pre-tax national income 
Bottom 50% | share | all ages | equal split
",p0p50,1997,0.0605,2.0,BWA,Sub-Saharan Africa
Botswana,"sptinc_p0p50_999_j_BW
Pre-tax national income 
Bottom 50% | share | all ages | equal split
",p0p50,1998,0.06,2.0,BWA,Sub-Saharan Africa
Botswana,"sptinc_p0p50_999_j_BW
Pre-tax national income 
Bottom 50% | share | all ages | equal split
",p0p50,1999,0.0595,2.0,BWA,Sub-Saharan Africa
Botswana,"sptinc_p0p50_999_j_BW
Pre-tax national income 
Bottom 50% | share | all ages | equal split
",p0p50,2000,0.059,2.0,BWA,Sub-Saharan Africa
Botswana,"sptinc_p0p50_999_j_BW
Pre-tax national income 
Bottom 50% | share | all ages | equal split
",p0p50,2001,0.0584,2.0,BWA,Sub-Saharan Africa
Botswana,"sptinc_p0p50_999_j_BW
Pre-tax national income 
Bottom 50% | share | all ages | equal split
",p0p50,2002,0.0579,3.0,BWA,Sub-Saharan Africa
Botswana,"sptinc_p0p50_999_j_BW
Pre-tax national income 
Bottom 50% | share | all ages | equal split
",p0p50,2003,0.06,2.0,BWA,Sub-Saharan Africa
Botswana,"sptinc_p0p50_999_j_BW
Pre-tax national income 
Bottom 50% | share | all ages | equal split
",p0p50,2004,0.062,2.0,BWA,Sub-Saharan Africa
Botswana,"sptinc_p0p50_999_j_BW
Pre-tax national income 
Bottom 50% | share | all ages | equal split
",p0p50,2005,0.0641,2.0,BWA,Sub-Saharan Africa
Botswana,"sptinc_p0p50_999_j_BW
Pre-tax national income 
Bottom 50% | share | all ages | equal split
",p0p50,2006,0.0662,2.0,BWA,Sub-Saharan Africa
Botswana,"sptinc_p0p50_999_j_BW
Pre-tax national income 
Bottom 50% | share | all ages | equal split
",p0p50,2007,0.0682,2.0,BWA,Sub-Saharan Africa
Botswana,"sptinc_p0p50_999_j_BW
Pre-tax national income 
Bottom 50% | share | all ages | equal split
",p0p50,2008,0.0703,2.0,BWA,Sub-Saharan Africa
Botswana,"sptinc_p0p50_999_j_BW
Pre-tax national income 
Bottom 50% | share | all ages | equal split
",p0p50,2009,0.0724,3.0,BWA,Sub-Saharan Africa
Botswana,"sptinc_p0p50_999_j_BW
Pre-tax national income 
Bottom 50% | share | all ages | equal split
",p0p50,2010,0.073,2.0,BWA,Sub-Saharan Africa
Botswana,"sptinc_p0p50_999_j_BW
Pre-tax national income 
Bottom 50% | share | all ages | equal split
",p0p50,2011,0.0736,2.0,BWA,Sub-Saharan Africa
Botswana,"sptinc_p0p50_999_j_BW
Pre-tax national income 
Bottom 50% | share | all ages | equal split
",p0p50,2012,0.0743,2.0,BWA,Sub-Saharan Africa
Botswana,"sptinc_p0p50_999_j_BW
Pre-tax national income 
Bottom 50% | share | all ages | equal split
",p0p50,2013,0.0749,2.0,BWA,Sub-Saharan Africa
Botswana,"sptinc_p0p50_999_j_BW
Pre-tax national income 
Bottom 50% | share | all ages | equal split
",p0p50,2014,0.0755,2.0,BWA,Sub-Saharan Africa
Botswana,"sptinc_p0p50_999_j_BW
Pre-tax national income 
Bottom 50% | share | all ages | equal split
",p0p50,2015,0.0762,3.0,BWA,Sub-Saharan Africa
Botswana,"sptinc_p0p50_999_j_BW
Pre-tax national income 
Bottom 50% | share | all ages | equal split
",p0p50,2016,0.0762,1.0,BWA,Sub-Saharan Africa
Botswana,"sptinc_p0p50_999_j_BW
Pre-tax national income 
Bottom 50% | share | all ages | equal split
",p0p50,2017,0.0762,1.0,BWA,Sub-Saharan Africa
Botswana,"sptinc_p0p50_999_j_BW
Pre-tax national income 
Bottom 50% | share | all ages | equal split
",p0p50,2018,0.0762,1.0,BWA,Sub-Saharan Africa
Botswana,"sptinc_p0p50_999_j_BW
Pre-tax national income 
Bottom 50% | share | all ages | equal split
",p0p50,2019,0.0762,1.0,BWA,Sub-Saharan Africa
Botswana,"sptinc_p0p50_999_j_BW
Pre-tax national income 
Bottom 50% | share | all ages | equal split
",p0p50,2020,0.0762,1.0,BWA,Sub-Saharan Africa
Botswana,"sptinc_p0p50_999_j_BW
Pre-tax national income 
Bottom 50% | share | all ages | equal split
",p0p50,2021,0.0762,1.0,BWA,Sub-Saharan Africa
Botswana,"sptinc_p0p50_999_j_BW
Pre-tax national income 
Bottom 50% | share | all ages | equal split
",p0p50,2022,0.0762,1.0,BWA,Sub-Saharan Africa
Botswana,"sptinc_p0p50_999_j_BW
Pre-tax national income 
Bottom 50% | share | all ages | equal split
",p0p50,2023,0.0762,1.0,BWA,Sub-Saharan Africa
Botswana,"sptinc_p0p50_999_j_BW
Pre-tax national income 
Bottom 50% | share | all ages | equal split
",p0p50,2024,0.0762,1.0,BWA,Sub-Saharan Africa
Brazil,"sptinc_p0p50_999_j_BR
Pre-tax national income 
Bottom 50% | share | all ages | equal split
",p0p50,1960,0.0999,0.0,BRA,Latin America & Caribbean
Brazil,"sptinc_p0p50_999_j_BR
Pre-tax national income 
Bottom 50% | share | all ages | equal split
",p0p50,1970,0.0959,0.0,BRA,Latin America & Caribbean
Brazil,"sptinc_p0p50_999_j_BR
Pre-tax national income 
Bottom 50% | share | all ages | equal split
",p0p50,1980,0.0912,1.0,BRA,Latin America & Caribbean
Brazil,"sptinc_p0p50_999_j_BR
Pre-tax national income 
Bottom 50% | share | all ages | equal split
",p0p50,1981,0.0912,1.0,BRA,Latin America & Caribbean
Brazil,"sptinc_p0p50_999_j_BR
Pre-tax national income 
Bottom 50% | share | all ages | equal split
",p0p50,1982,0.0912,1.0,BRA,Latin America & Caribbean
Brazil,"sptinc_p0p50_999_j_BR
Pre-tax national income 
Bottom 50% | share | all ages | equal split
",p0p50,1983,0.0912,1.0,BRA,Latin America & Caribbean
Brazil,"sptinc_p0p50_999_j_BR
Pre-tax national income 
Bottom 50% | share | all ages | equal split
",p0p50,1984,0.0912,1.0,BRA,Latin America & Caribbean
Brazil,"sptinc_p0p50_999_j_BR
Pre-tax national income 
Bottom 50% | share | all ages | equal split
",p0p50,1985,0.0912,1.0,BRA,Latin America & Caribbean
Brazil,"sptinc_p0p50_999_j_BR
Pre-tax national income 
Bottom 50% | share | all ages | equal split
",p0p50,1986,0.0912,1.0,BRA,Latin America & Caribbean
Brazil,"sptinc_p0p50_999_j_BR
Pre-tax national income 
Bottom 50% | share | all ages | equal split
",p0p50,1987,0.0912,1.0,BRA,Latin America & Caribbean
Brazil,"sptinc_p0p50_999_j_BR
Pre-tax national income 
Bottom 50% | share | all ages | equal split
",p0p50,1988,0.0912,1.0,BRA,Latin America & Caribbean
Brazil,"sptinc_p0p50_999_j_BR
Pre-tax national income 
Bottom 50% | share | all ages | equal split
",p0p50,1989,0.0912,1.0,BRA,Latin America & Caribbean
Brazil,"sptinc_p0p50_999_j_BR
Pre-tax national income 
Bottom 50% | share | all ages | equal split
",p0p50,1990,0.0912,1.0,BRA,Latin America & Caribbean
Brazil,"sptinc_p0p50_999_j_BR
Pre-tax national income 
Bottom 50% | share | all ages | equal split
",p0p50,1991,0.0912,1.0,BRA,Latin America & Caribbean
Brazil,"sptinc_p0p50_999_j_BR
Pre-tax national income 
Bottom 50% | share | all ages | equal split
",p0p50,1992,0.0912,1.0,BRA,Latin America & Caribbean
Brazil,"sptinc_p0p50_999_j_BR
Pre-tax national income 
Bottom 50% | share | all ages | equal split
",p0p50,1993,0.0912,1.0,BRA,Latin America & Caribbean
Brazil,"sptinc_p0p50_999_j_BR
Pre-tax national income 
Bottom 50% | share | all ages | equal split
",p0p50,1994,0.0912,1.0,BRA,Latin America & Caribbean
Brazil,"sptinc_p0p50_999_j_BR
Pre-tax national income 
Bottom 50% | share | all ages | equal split
",p0p50,1995,0.0912,1.0,BRA,Latin America & Caribbean
Brazil,"sptinc_p0p50_999_j_BR
Pre-tax national income 
Bottom 50% | share | all ages | equal split
",p0p50,1996,0.0912,1.0,BRA,Latin America & Caribbean
Brazil,"sptinc_p0p50_999_j_BR
Pre-tax national income 
Bottom 50% | share | all ages | equal split
",p0p50,1997,0.0912,1.0,BRA,Latin America & Caribbean
Brazil,"sptinc_p0p50_999_j_BR
Pre-tax national income 
Bottom 50% | share | all ages | equal split
",p0p50,1998,0.0912,1.0,BRA,Latin America & Caribbean
Brazil,"sptinc_p0p50_999_j_BR
Pre-tax national income 
Bottom 50% | share | all ages | equal split
",p0p50,1999,0.0912,1.0,BRA,Latin America & Caribbean
Brazil,"sptinc_p0p50_999_j_BR
Pre-tax national income 
Bottom 50% | share | all ages | equal split
",p0p50,2000,0.0912,1.0,BRA,Latin America & Caribbean
Brazil,"sptinc_p0p50_999_j_BR
Pre-tax national income 
Bottom 50% | share | all ages | equal split
",p0p50,2001,0.0912,3.0,BRA,Latin America & Caribbean
Brazil,"sptinc_p0p50_999_j_BR
Pre-tax national income 
Bottom 50% | share | all ages | equal split
",p0p50,2002,0.0906,4.0,BRA,Latin America & Caribbean
Brazil,"sptinc_p0p50_999_j_BR
Pre-tax national income 
Bottom 50% | share | all ages | equal split
",p0p50,2003,0.0937,3.0,BRA,Latin America & Caribbean
Brazil,"sptinc_p0p50_999_j_BR
Pre-tax national income 
Bottom 50% | share | all ages | equal split
",p0p50,2004,0.0956,3.0,BRA,Latin America & Caribbean
Brazil,"sptinc_p0p50_999_j_BR
Pre-tax national income 
Bottom 50% | share | all ages | equal split
",p0p50,2005,0.0907,3.0,BRA,Latin America & Caribbean
Brazil,"sptinc_p0p50_999_j_BR
Pre-tax national income 
Bottom 50% | share | all ages | equal split
",p0p50,2006,0.0932,4.0,BRA,Latin America & Caribbean
Brazil,"sptinc_p0p50_999_j_BR
Pre-tax national income 
Bottom 50% | share | all ages | equal split
",p0p50,2007,0.0997,4.0,BRA,Latin America & Caribbean
Brazil,"sptinc_p0p50_999_j_BR
Pre-tax national income 
Bottom 50% | share | all ages | equal split
",p0p50,2008,0.1018,4.0,BRA,Latin America & Caribbean
Brazil,"sptinc_p0p50_999_j_BR
Pre-tax national income 
Bottom 50% | share | all ages | equal split
",p0p50,2009,0.1035,4.0,BRA,Latin America & Caribbean
Brazil,"sptinc_p0p50_999_j_BR
Pre-tax national income 
Bottom 50% | share | all ages | equal split
",p0p50,2010,0.1027,2.0,BRA,Latin America & Caribbean
Brazil,"sptinc_p0p50_999_j_BR
Pre-tax national income 
Bottom 50% | share | all ages | equal split
",p0p50,2011,0.102,4.0,BRA,Latin America & Caribbean
Brazil,"sptinc_p0p50_999_j_BR
Pre-tax national income 
Bottom 50% | share | all ages | equal split
",p0p50,2012,0.1059,4.0,BRA,Latin America & Caribbean
Brazil,"sptinc_p0p50_999_j_BR
Pre-tax national income 
Bottom 50% | share | all ages | equal split
",p0p50,2013,0.1082,4.0,BRA,Latin America & Caribbean
Brazil,"sptinc_p0p50_999_j_BR
Pre-tax national income 
Bottom 50% | share | all ages | equal split
",p0p50,2014,0.1072,4.0,BRA,Latin America & Caribbean
Brazil,"sptinc_p0p50_999_j_BR
Pre-tax national income 
Bottom 50% | share | all ages | equal split
",p0p50,2015,0.1033,4.0,BRA,Latin America & Caribbean
Brazil,"sptinc_p0p50_999_j_BR
Pre-tax national income 
Bottom 50% | share | all ages | equal split
",p0p50,2016,0.0963,4.0,BRA,Latin America & Caribbean
Brazil,"sptinc_p0p50_999_j_BR
Pre-tax national income 
Bottom 50% | share | all ages | equal split
",p0p50,2017,0.0964,4.0,BRA,Latin America & Caribbean
Brazil,"sptinc_p0p50_999_j_BR
Pre-tax national income 
Bottom 50% | share | all ages | equal split
",p0p50,2018,0.0964,4.0,BRA,Latin America & Caribbean
Brazil,"sptinc_p0p50_999_j_BR
Pre-tax national income 
Bottom 50% | share | all ages | equal split
",p0p50,2019,0.1003,4.0,BRA,Latin America & Caribbean
Brazil,"sptinc_p0p50_999_j_BR
Pre-tax national income 
Bottom 50% | share | all ages | equal split
",p0p50,2020,0.0819,4.0,BRA,Latin America & Caribbean
Brazil,"sptinc_p0p50_999_j_BR
Pre-tax national income 
Bottom 50% | share | all ages | equal split
",p0p50,2021,0.0823,4.0,BRA,Latin America & Caribbean
Brazil,"sptinc_p0p50_999_j_BR
Pre-tax national income 
Bottom 50% | share | all ages | equal split
",p0p50,2022,0.0906,4.0,BRA,Latin America & Caribbean
Brazil,"sptinc_p0p50_999_j_BR
Pre-tax national income 
Bottom 50% | share | all ages | equal split
",p0p50,2023,0.0926,4.0,BRA,Latin America & Caribbean
Brazil,"sptinc_p0p50_999_j_BR
Pre-tax national income 
Bottom 50% | share | all ages | equal split
",p0p50,2024,0.0926,1.0,BRA,Latin America & Caribbean
Bulgaria,"sptinc_p0p50_999_j_BG
Pre-tax national income 
Bottom 50% | share | all ages | equal split
",p0p50,1980,0.2666,2.0,BGR,Eastern Europe & FSU
Bulgaria,"sptinc_p0p50_999_j_BG
Pre-tax national income 
Bottom 50% | share | all ages | equal split
",p0p50,1981,0.2718,2.0,BGR,Eastern Europe & FSU
Bulgaria,"sptinc_p0p50_999_j_BG
Pre-tax national income 
Bottom 50% | share | all ages | equal split
",p0p50,1982,0.2582,2.0,BGR,Eastern Europe & FSU
Bulgaria,"sptinc_p0p50_999_j_BG
Pre-tax national income 
Bottom 50% | share | all ages | equal split
",p0p50,1983,0.2688,2.0,BGR,Eastern Europe & FSU
Bulgaria,"sptinc_p0p50_999_j_BG
Pre-tax national income 
Bottom 50% | share | all ages | equal split
",p0p50,1984,0.2653,2.0,BGR,Eastern Europe & FSU
Bulgaria,"sptinc_p0p50_999_j_BG
Pre-tax national income 
Bottom 50% | share | all ages | equal split
",p0p50,1985,0.2703,2.0,BGR,Eastern Europe & FSU
Bulgaria,"sptinc_p0p50_999_j_BG
Pre-tax national income 
Bottom 50% | share | all ages | equal split
",p0p50,1986,0.2752,2.0,BGR,Eastern Europe & FSU
Bulgaria,"sptinc_p0p50_999_j_BG
Pre-tax national income 
Bottom 50% | share | all ages | equal split
",p0p50,1987,0.2852,2.0,BGR,Eastern Europe & FSU
Bulgaria,"sptinc_p0p50_999_j_BG
Pre-tax national income 
Bottom 50% | share | all ages | equal split
",p0p50,1988,0.2841,2.0,BGR,Eastern Europe & FSU
Bulgaria,"sptinc_p0p50_999_j_BG
Pre-tax national income 
Bottom 50% | share | all ages | equal split
",p0p50,1989,0.2751,2.0,BGR,Eastern Europe & FSU
Bulgaria,"sptinc_p0p50_999_j_BG
Pre-tax national income 
Bottom 50% | share | all ages | equal split
",p0p50,1990,0.2598,2.0,BGR,Eastern Europe & FSU
Bulgaria,"sptinc_p0p50_999_j_BG
Pre-tax national income 
Bottom 50% | share | all ages | equal split
",p0p50,1991,0.2367,2.0,BGR,Eastern Europe & FSU
Bulgaria,"sptinc_p0p50_999_j_BG
Pre-tax national income 
Bottom 50% | share | all ages | equal split
",p0p50,1992,0.2145,2.0,BGR,Eastern Europe & FSU
Bulgaria,"sptinc_p0p50_999_j_BG
Pre-tax national income 
Bottom 50% | share | all ages | equal split
",p0p50,1993,0.2062,2.0,BGR,Eastern Europe & FSU
Bulgaria,"sptinc_p0p50_999_j_BG
Pre-tax national income 
Bottom 50% | share | all ages | equal split
",p0p50,1994,0.1855,2.0,BGR,Eastern Europe & FSU
Bulgaria,"sptinc_p0p50_999_j_BG
Pre-tax national income 
Bottom 50% | share | all ages | equal split
",p0p50,1995,0.1778,2.0,BGR,Eastern Europe & FSU
Bulgaria,"sptinc_p0p50_999_j_BG
Pre-tax national income 
Bottom 50% | share | all ages | equal split
",p0p50,1996,0.1856,2.0,BGR,Eastern Europe & FSU
Bulgaria,"sptinc_p0p50_999_j_BG
Pre-tax national income 
Bottom 50% | share | all ages | equal split
",p0p50,1997,0.1858,2.0,BGR,Eastern Europe & FSU
Bulgaria,"sptinc_p0p50_999_j_BG
Pre-tax national income 
Bottom 50% | share | all ages | equal split
",p0p50,1998,0.1953,2.0,BGR,Eastern Europe & FSU
Bulgaria,"sptinc_p0p50_999_j_BG
Pre-tax national income 
Bottom 50% | share | all ages | equal split
",p0p50,1999,0.1981,2.0,BGR,Eastern Europe & FSU
Bulgaria,"sptinc_p0p50_999_j_BG
Pre-tax national income 
Bottom 50% | share | all ages | equal split
",p0p50,2000,0.2019,2.0,BGR,Eastern Europe & FSU
Bulgaria,"sptinc_p0p50_999_j_BG
Pre-tax national income 
Bottom 50% | share | all ages | equal split
",p0p50,2001,0.1967,2.0,BGR,Eastern Europe & FSU
Bulgaria,"sptinc_p0p50_999_j_BG
Pre-tax national income 
Bottom 50% | share | all ages | equal split
",p0p50,2002,0.187,2.0,BGR,Eastern Europe & FSU
Bulgaria,"sptinc_p0p50_999_j_BG
Pre-tax national income 
Bottom 50% | share | all ages | equal split
",p0p50,2003,0.1934,2.0,BGR,Eastern Europe & FSU
Bulgaria,"sptinc_p0p50_999_j_BG
Pre-tax national income 
Bottom 50% | share | all ages | equal split
",p0p50,2004,0.1937,2.0,BGR,Eastern Europe & FSU
Bulgaria,"sptinc_p0p50_999_j_BG
Pre-tax national income 
Bottom 50% | share | all ages | equal split
",p0p50,2005,0.1907,2.0,BGR,Eastern Europe & FSU
Bulgaria,"sptinc_p0p50_999_j_BG
Pre-tax national income 
Bottom 50% | share | all ages | equal split
",p0p50,2006,0.1835,3.0,BGR,Eastern Europe & FSU
Bulgaria,"sptinc_p0p50_999_j_BG
Pre-tax national income 
Bottom 50% | share | all ages | equal split
",p0p50,2007,0.1887,3.0,BGR,Eastern Europe & FSU
Bulgaria,"sptinc_p0p50_999_j_BG
Pre-tax national income 
Bottom 50% | share | all ages | equal split
",p0p50,2008,0.1925,3.0,BGR,Eastern Europe & FSU
Bulgaria,"sptinc_p0p50_999_j_BG
Pre-tax national income 
Bottom 50% | share | all ages | equal split
",p0p50,2009,0.1969,3.0,BGR,Eastern Europe & FSU
Bulgaria,"sptinc_p0p50_999_j_BG
Pre-tax national income 
Bottom 50% | share | all ages | equal split
",p0p50,2010,0.1945,3.0,BGR,Eastern Europe & FSU
Bulgaria,"sptinc_p0p50_999_j_BG
Pre-tax national income 
Bottom 50% | share | all ages | equal split
",p0p50,2011,0.1948,3.0,BGR,Eastern Europe & FSU
Bulgaria,"sptinc_p0p50_999_j_BG
Pre-tax national income 
Bottom 50% | share | all ages | equal split
",p0p50,2012,0.1839,3.0,BGR,Eastern Europe & FSU
Bulgaria,"sptinc_p0p50_999_j_BG
Pre-tax national income 
Bottom 50% | share | all ages | equal split
",p0p50,2013,0.1963,3.0,BGR,Eastern Europe & FSU
Bulgaria,"sptinc_p0p50_999_j_BG
Pre-tax national income 
Bottom 50% | share | all ages | equal split
",p0p50,2014,0.1833,3.0,BGR,Eastern Europe & FSU
Bulgaria,"sptinc_p0p50_999_j_BG
Pre-tax national income 
Bottom 50% | share | all ages | equal split
",p0p50,2015,0.1794,3.0,BGR,Eastern Europe & FSU
Bulgaria,"sptinc_p0p50_999_j_BG
Pre-tax national income 
Bottom 50% | share | all ages | equal split
",p0p50,2016,0.1681,3.0,BGR,Eastern Europe & FSU
Bulgaria,"sptinc_p0p50_999_j_BG
Pre-tax national income 
Bottom 50% | share | all ages | equal split
",p0p50,2017,0.1616,3.0,BGR,Eastern Europe & FSU
Bulgaria,"sptinc_p0p50_999_j_BG
Pre-tax national income 
Bottom 50% | share | all ages | equal split
",p0p50,2018,0.1623,3.0,BGR,Eastern Europe & FSU
Bulgaria,"sptinc_p0p50_999_j_BG
Pre-tax national income 
Bottom 50% | share | all ages | equal split
",p0p50,2019,0.1676,3.0,BGR,Eastern Europe & FSU
Bulgaria,"sptinc_p0p50_999_j_BG
Pre-tax national income 
Bottom 50% | share | all ages | equal split
",p0p50,2020,0.1676,3.0,BGR,Eastern Europe & FSU
Bulgaria,"sptinc_p0p50_999_j_BG
Pre-tax national income 
Bottom 50% | share | all ages | equal split
",p0p50,2021,0.1617,3.0,BGR,Eastern Europe & FSU
Bulgaria,"sptinc_p0p50_999_j_BG
Pre-tax national income 
Bottom 50% | share | all ages | equal split
",p0p50,2022,0.1566,3.0,BGR,Eastern Europe & FSU
Bulgaria,"sptinc_p0p50_999_j_BG
Pre-tax national income 
Bottom 50% | share | all ages | equal split
",p0p50,2023,0.1605,3.0,BGR,Eastern Europe & FSU
Bulgaria,"sptinc_p0p50_999_j_BG
Pre-tax national income 
Bottom 50% | share | all ages | equal split
",p0p50,2024,0.1605,1.0,BGR,Eastern Europe & FSU
Canada,"sptinc_p0p50_999_j_CA
Pre-tax national income 
Bottom 50% | share | all ages | equal split
",p0p50,1960,0.2223,4.0,CAN,North America
Canada,"sptinc_p0p50_999_j_CA
Pre-tax national income 
Bottom 50% | share | all ages | equal split
",p0p50,1961,0.2208,4.0,CAN,North America
Canada,"sptinc_p0p50_999_j_CA
Pre-tax national income 
Bottom 50% | share | all ages | equal split
",p0p50,1962,0.2245,4.0,CAN,North America
Canada,"sptinc_p0p50_999_j_CA
Pre-tax national income 
Bottom 50% | share | all ages | equal split
",p0p50,1963,0.2255,4.0,CAN,North America
Canada,"sptinc_p0p50_999_j_CA
Pre-tax national income 
Bottom 50% | share | all ages | equal split
",p0p50,1964,0.2246,4.0,CAN,North America
Canada,"sptinc_p0p50_999_j_CA
Pre-tax national income 
Bottom 50% | share | all ages | equal split
",p0p50,1965,0.2265,4.0,CAN,North America
Canada,"sptinc_p0p50_999_j_CA
Pre-tax national income 
Bottom 50% | share | all ages | equal split
",p0p50,1966,0.2279,4.0,CAN,North America
Canada,"sptinc_p0p50_999_j_CA
Pre-tax national income 
Bottom 50% | share | all ages | equal split
",p0p50,1967,0.2267,4.0,CAN,North America
Canada,"sptinc_p0p50_999_j_CA
Pre-tax national income 
Bottom 50% | share | all ages | equal split
",p0p50,1968,0.2261,4.0,CAN,North America
Canada,"sptinc_p0p50_999_j_CA
Pre-tax national income 
Bottom 50% | share | all ages | equal split
",p0p50,1969,0.2259,4.0,CAN,North America
Canada,"sptinc_p0p50_999_j_CA
Pre-tax national income 
Bottom 50% | share | all ages | equal split
",p0p50,1970,0.2245,4.0,CAN,North America
Canada,"sptinc_p0p50_999_j_CA
Pre-tax national income 
Bottom 50% | share | all ages | equal split
",p0p50,1971,0.2249,4.0,CAN,North America
Canada,"sptinc_p0p50_999_j_CA
Pre-tax national income 
Bottom 50% | share | all ages | equal split
",p0p50,1972,0.2251,4.0,CAN,North America
Canada,"sptinc_p0p50_999_j_CA
Pre-tax national income 
Bottom 50% | share | all ages | equal split
",p0p50,1973,0.2254,4.0,CAN,North America
Canada,"sptinc_p0p50_999_j_CA
Pre-tax national income 
Bottom 50% | share | all ages | equal split
",p0p50,1974,0.2246,4.0,CAN,North America
Canada,"sptinc_p0p50_999_j_CA
Pre-tax national income 
Bottom 50% | share | all ages | equal split
",p0p50,1975,0.2207,4.0,CAN,North America
Canada,"sptinc_p0p50_999_j_CA
Pre-tax national income 
Bottom 50% | share | all ages | equal split
",p0p50,1976,0.2229,4.0,CAN,North America
Canada,"sptinc_p0p50_999_j_CA
Pre-tax national income 
Bottom 50% | share | all ages | equal split
",p0p50,1977,0.2247,4.0,CAN,North America
Canada,"sptinc_p0p50_999_j_CA
Pre-tax national income 
Bottom 50% | share | all ages | equal split
",p0p50,1978,0.2238,4.0,CAN,North America
Canada,"sptinc_p0p50_999_j_CA
Pre-tax national income 
Bottom 50% | share | all ages | equal split
",p0p50,1979,0.223,4.0,CAN,North America
Canada,"sptinc_p0p50_999_j_CA
Pre-tax national income 
Bottom 50% | share | all ages | equal split
",p0p50,1980,0.2197,4.0,CAN,North America
Canada,"sptinc_p0p50_999_j_CA
Pre-tax national income 
Bottom 50% | share | all ages | equal split
",p0p50,1981,0.2239,4.0,CAN,North America
Canada,"sptinc_p0p50_999_j_CA
Pre-tax national income 
Bottom 50% | share | all ages | equal split
",p0p50,1982,0.2245,5.0,CAN,North America
Canada,"sptinc_p0p50_999_j_CA
Pre-tax national income 
Bottom 50% | share | all ages | equal split
",p0p50,1983,0.2214,5.0,CAN,North America
Canada,"sptinc_p0p50_999_j_CA
Pre-tax national income 
Bottom 50% | share | all ages | equal split
",p0p50,1984,0.2217,5.0,CAN,North America
Canada,"sptinc_p0p50_999_j_CA
Pre-tax national income 
Bottom 50% | share | all ages | equal split
",p0p50,1985,0.2196,5.0,CAN,North America
Canada,"sptinc_p0p50_999_j_CA
Pre-tax national income 
Bottom 50% | share | all ages | equal split
",p0p50,1986,0.2111,5.0,CAN,North America
Canada,"sptinc_p0p50_999_j_CA
Pre-tax national income 
Bottom 50% | share | all ages | equal split
",p0p50,1987,0.2107,5.0,CAN,North America
Canada,"sptinc_p0p50_999_j_CA
Pre-tax national income 
Bottom 50% | share | all ages | equal split
",p0p50,1988,0.2093,5.0,CAN,North America
Canada,"sptinc_p0p50_999_j_CA
Pre-tax national income 
Bottom 50% | share | all ages | equal split
",p0p50,1989,0.2036,5.0,CAN,North America
Canada,"sptinc_p0p50_999_j_CA
Pre-tax national income 
Bottom 50% | share | all ages | equal split
",p0p50,1990,0.1986,5.0,CAN,North America
Canada,"sptinc_p0p50_999_j_CA
Pre-tax national income 
Bottom 50% | share | all ages | equal split
",p0p50,1991,0.1919,5.0,CAN,North America
Canada,"sptinc_p0p50_999_j_CA
Pre-tax national income 
Bottom 50% | share | all ages | equal split
",p0p50,1992,0.1899,5.0,CAN,North America
Canada,"sptinc_p0p50_999_j_CA
Pre-tax national income 
Bottom 50% | share | all ages | equal split
",p0p50,1993,0.1833,5.0,CAN,North America
Canada,"sptinc_p0p50_999_j_CA
Pre-tax national income 
Bottom 50% | share | all ages | equal split
",p0p50,1994,0.1821,5.0,CAN,North America
Canada,"sptinc_p0p50_999_j_CA
Pre-tax national income 
Bottom 50% | share | all ages | equal split
",p0p50,1995,0.1771,5.0,CAN,North America
Canada,"sptinc_p0p50_999_j_CA
Pre-tax national income 
Bottom 50% | share | all ages | equal split
",p0p50,1996,0.1752,5.0,CAN,North America
Canada,"sptinc_p0p50_999_j_CA
Pre-tax national income 
Bottom 50% | share | all ages | equal split
",p0p50,1997,0.1729,5.0,CAN,North America
Canada,"sptinc_p0p50_999_j_CA
Pre-tax national income 
Bottom 50% | share | all ages | equal split
",p0p50,1998,0.1721,5.0,CAN,North America
Canada,"sptinc_p0p50_999_j_CA
Pre-tax national income 
Bottom 50% | share | all ages | equal split
",p0p50,1999,0.1738,5.0,CAN,North America
Canada,"sptinc_p0p50_999_j_CA
Pre-tax national income 
Bottom 50% | share | all ages | equal split
",p0p50,2000,0.1702,5.0,CAN,North America
Canada,"sptinc_p0p50_999_j_CA
Pre-tax national income 
Bottom 50% | share | all ages | equal split
",p0p50,2001,0.1737,5.0,CAN,North America
Canada,"sptinc_p0p50_999_j_CA
Pre-tax national income 
Bottom 50% | share | all ages | equal split
",p0p50,2002,0.1724,5.0,CAN,North America
Canada,"sptinc_p0p50_999_j_CA
Pre-tax national income 
Bottom 50% | share | all ages | equal split
",p0p50,2003,0.1713,5.0,CAN,North America
Canada,"sptinc_p0p50_999_j_CA
Pre-tax national income 
Bottom 50% | share | all ages | equal split
",p0p50,2004,0.1701,5.0,CAN,North America
Canada,"sptinc_p0p50_999_j_CA
Pre-tax national income 
Bottom 50% | share | all ages | equal split
",p0p50,2005,0.1695,5.0,CAN,North America
Canada,"sptinc_p0p50_999_j_CA
Pre-tax national income 
Bottom 50% | share | all ages | equal split
",p0p50,2006,0.1675,5.0,CAN,North America
Canada,"sptinc_p0p50_999_j_CA
Pre-tax national income 
Bottom 50% | share | all ages | equal split
",p0p50,2007,0.1675,5.0,CAN,North America
Canada,"sptinc_p0p50_999_j_CA
Pre-tax national income 
Bottom 50% | share | all ages | equal split
",p0p50,2008,0.1703,5.0,CAN,North America
Canada,"sptinc_p0p50_999_j_CA
Pre-tax national income 
Bottom 50% | share | all ages | equal split
",p0p50,2009,0.1723,5.0,CAN,North America
Canada,"sptinc_p0p50_999_j_CA
Pre-tax national income 
Bottom 50% | share | all ages | equal split
",p0p50,2010,0.1705,5.0,CAN,North America
Canada,"sptinc_p0p50_999_j_CA
Pre-tax national income 
Bottom 50% | share | all ages | equal split
",p0p50,2011,0.1707,5.0,CAN,North America
Canada,"sptinc_p0p50_999_j_CA
Pre-tax national income 
Bottom 50% | share | all ages | equal split
",p0p50,2012,0.1721,5.0,CAN,North America
Canada,"sptinc_p0p50_999_j_CA
Pre-tax national income 
Bottom 50% | share | all ages | equal split
",p0p50,2013,0.1716,5.0,CAN,North America
Canada,"sptinc_p0p50_999_j_CA
Pre-tax national income 
Bottom 50% | share | all ages | equal split
",p0p50,2014,0.1735,5.0,CAN,North America
Canada,"sptinc_p0p50_999_j_CA
Pre-tax national income 
Bottom 50% | share | all ages | equal split
",p0p50,2015,0.1734,5.0,CAN,North America
Canada,"sptinc_p0p50_999_j_CA
Pre-tax national income 
Bottom 50% | share | all ages | equal split
",p0p50,2016,0.178,5.0,CAN,North America
Canada,"sptinc_p0p50_999_j_CA
Pre-tax national income 
Bottom 50% | share | all ages | equal split
",p0p50,2017,0.1762,5.0,CAN,North America
Canada,"sptinc_p0p50_999_j_CA
Pre-tax national income 
Bottom 50% | share | all ages | equal split
",p0p50,2018,0.1785,5.0,CAN,North America
Canada,"sptinc_p0p50_999_j_CA
Pre-tax national income 
Bottom 50% | share | all ages | equal split
",p0p50,2019,0.1791,5.0,CAN,North America
Canada,"sptinc_p0p50_999_j_CA
Pre-tax national income 
Bottom 50% | share | all ages | equal split
",p0p50,2020,0.1691,5.0,CAN,North America
Canada,"sptinc_p0p50_999_j_CA
Pre-tax national income 
Bottom 50% | share | all ages | equal split
",p0p50,2021,0.1743,5.0,CAN,North America
Canada,"sptinc_p0p50_999_j_CA
Pre-tax national income 
Bottom 50% | share | all ages | equal split
",p0p50,2022,0.1692,5.0,CAN,North America
Canada,"sptinc_p0p50_999_j_CA
Pre-tax national income 
Bottom 50% | share | all ages | equal split
",p0p50,2023,0.1692,5.0,CAN,North America
Canada,"sptinc_p0p50_999_j_CA
Pre-tax national income 
Bottom 50% | share | all ages | equal split
",p0p50,2024,0.1692,5.0,CAN,North America
Central African Republic,"sptinc_p0p50_999_j_CF
Pre-tax national income 
Bottom 50% | share | all ages | equal split
",p0p50,1980,0.0568,1.0,CAF,Sub-Saharan Africa
Central African Republic,"sptinc_p0p50_999_j_CF
Pre-tax national income 
Bottom 50% | share | all ages | equal split
",p0p50,1981,0.0568,1.0,CAF,Sub-Saharan Africa
Central African Republic,"sptinc_p0p50_999_j_CF
Pre-tax national income 
Bottom 50% | share | all ages | equal split
",p0p50,1982,0.0568,1.0,CAF,Sub-Saharan Africa
Central African Republic,"sptinc_p0p50_999_j_CF
Pre-tax national income 
Bottom 50% | share | all ages | equal split
",p0p50,1983,0.0568,1.0,CAF,Sub-Saharan Africa
Central African Republic,"sptinc_p0p50_999_j_CF
Pre-tax national income 
Bottom 50% | share | all ages | equal split
",p0p50,1984,0.0568,1.0,CAF,Sub-Saharan Africa
Central African Republic,"sptinc_p0p50_999_j_CF
Pre-tax national income 
Bottom 50% | share | all ages | equal split
",p0p50,1985,0.0568,1.0,CAF,Sub-Saharan Africa
Central African Republic,"sptinc_p0p50_999_j_CF
Pre-tax national income 
Bottom 50% | share | all ages | equal split
",p0p50,1986,0.0568,1.0,CAF,Sub-Saharan Africa
Central African Republic,"sptinc_p0p50_999_j_CF
Pre-tax national income 
Bottom 50% | share | all ages | equal split
",p0p50,1987,0.0568,1.0,CAF,Sub-Saharan Africa
Central African Republic,"sptinc_p0p50_999_j_CF
Pre-tax national income 
Bottom 50% | share | all ages | equal split
",p0p50,1988,0.0568,1.0,CAF,Sub-Saharan Africa
Central African Republic,"sptinc_p0p50_999_j_CF
Pre-tax national income 
Bottom 50% | share | all ages | equal split
",p0p50,1989,0.0568,1.0,CAF,Sub-Saharan Africa
Central African Republic,"sptinc_p0p50_999_j_CF
Pre-tax national income 
Bottom 50% | share | all ages | equal split
",p0p50,1990,0.0568,1.0,CAF,Sub-Saharan Africa
Central African Republic,"sptinc_p0p50_999_j_CF
Pre-tax national income 
Bottom 50% | share | all ages | equal split
",p0p50,1991,0.0568,1.0,CAF,Sub-Saharan Africa
Central African Republic,"sptinc_p0p50_999_j_CF
Pre-tax national income 
Bottom 50% | share | all ages | equal split
",p0p50,1992,0.0568,3.0,CAF,Sub-Saharan Africa
Central African Republic,"sptinc_p0p50_999_j_CF
Pre-tax national income 
Bottom 50% | share | all ages | equal split
",p0p50,1993,0.0581,2.0,CAF,Sub-Saharan Africa
Central African Republic,"sptinc_p0p50_999_j_CF
Pre-tax national income 
Bottom 50% | share | all ages | equal split
",p0p50,1994,0.0593,2.0,CAF,Sub-Saharan Africa
Central African Republic,"sptinc_p0p50_999_j_CF
Pre-tax national income 
Bottom 50% | share | all ages | equal split
",p0p50,1995,0.0605,2.0,CAF,Sub-Saharan Africa
Central African Republic,"sptinc_p0p50_999_j_CF
Pre-tax national income 
Bottom 50% | share | all ages | equal split
",p0p50,1996,0.0617,2.0,CAF,Sub-Saharan Africa
Central African Republic,"sptinc_p0p50_999_j_CF
Pre-tax national income 
Bottom 50% | share | all ages | equal split
",p0p50,1997,0.0629,2.0,CAF,Sub-Saharan Africa
Central African Republic,"sptinc_p0p50_999_j_CF
Pre-tax national income 
Bottom 50% | share | all ages | equal split
",p0p50,1998,0.0641,2.0,CAF,Sub-Saharan Africa
Central African Republic,"sptinc_p0p50_999_j_CF
Pre-tax national income 
Bottom 50% | share | all ages | equal split
",p0p50,1999,0.0654,2.0,CAF,Sub-Saharan Africa
Central African Republic,"sptinc_p0p50_999_j_CF
Pre-tax national income 
Bottom 50% | share | all ages | equal split
",p0p50,2000,0.0666,2.0,CAF,Sub-Saharan Africa
Central African Republic,"sptinc_p0p50_999_j_CF
Pre-tax national income 
Bottom 50% | share | all ages | equal split
",p0p50,2001,0.0678,2.0,CAF,Sub-Saharan Africa
Central African Republic,"sptinc_p0p50_999_j_CF
Pre-tax national income 
Bottom 50% | share | all ages | equal split
",p0p50,2002,0.069,2.0,CAF,Sub-Saharan Africa
Central African Republic,"sptinc_p0p50_999_j_CF
Pre-tax national income 
Bottom 50% | share | all ages | equal split
",p0p50,2003,0.0702,2.0,CAF,Sub-Saharan Africa
Central African Republic,"sptinc_p0p50_999_j_CF
Pre-tax national income 
Bottom 50% | share | all ages | equal split
",p0p50,2004,0.0715,2.0,CAF,Sub-Saharan Africa
Central African Republic,"sptinc_p0p50_999_j_CF
Pre-tax national income 
Bottom 50% | share | all ages | equal split
",p0p50,2005,0.0727,2.0,CAF,Sub-Saharan Africa
Central African Republic,"sptinc_p0p50_999_j_CF
Pre-tax national income 
Bottom 50% | share | all ages | equal split
",p0p50,2006,0.0739,2.0,CAF,Sub-Saharan Africa
Central African Republic,"sptinc_p0p50_999_j_CF
Pre-tax national income 
Bottom 50% | share | all ages | equal split
",p0p50,2007,0.0751,2.0,CAF,Sub-Saharan Africa
Central African Republic,"sptinc_p0p50_999_j_CF
Pre-tax national income 
Bottom 50% | share | all ages | equal split
",p0p50,2008,0.0763,3.0,CAF,Sub-Saharan Africa
Central African Republic,"sptinc_p0p50_999_j_CF
Pre-tax national income 
Bottom 50% | share | all ages | equal split
",p0p50,2009,0.0798,2.0,CAF,Sub-Saharan Africa
Central African Republic,"sptinc_p0p50_999_j_CF
Pre-tax national income 
Bottom 50% | share | all ages | equal split
",p0p50,2010,0.0832,2.0,CAF,Sub-Saharan Africa
Central African Republic,"sptinc_p0p50_999_j_CF
Pre-tax national income 
Bottom 50% | share | all ages | equal split
",p0p50,2011,0.0866,2.0,CAF,Sub-Saharan Africa
Central African Republic,"sptinc_p0p50_999_j_CF
Pre-tax national income 
Bottom 50% | share | all ages | equal split
",p0p50,2012,0.0901,2.0,CAF,Sub-Saharan Africa
Central African Republic,"sptinc_p0p50_999_j_CF
Pre-tax national income 
Bottom 50% | share | all ages | equal split
",p0p50,2013,0.0935,2.0,CAF,Sub-Saharan Africa
Central African Republic,"sptinc_p0p50_999_j_CF
Pre-tax national income 
Bottom 50% | share | all ages | equal split
",p0p50,2014,0.097,2.0,CAF,Sub-Saharan Africa
Central African Republic,"sptinc_p0p50_999_j_CF
Pre-tax national income 
Bottom 50% | share | all ages | equal split
",p0p50,2015,0.1005,2.0,CAF,Sub-Saharan Africa
Central African Republic,"sptinc_p0p50_999_j_CF
Pre-tax national income 
Bottom 50% | share | all ages | equal split
",p0p50,2016,0.1039,2.0,CAF,Sub-Saharan Africa
Central African Republic,"sptinc_p0p50_999_j_CF
Pre-tax national income 
Bottom 50% | share | all ages | equal split
",p0p50,2017,0.1074,2.0,CAF,Sub-Saharan Africa
Central African Republic,"sptinc_p0p50_999_j_CF
Pre-tax national income 
Bottom 50% | share | all ages | equal split
",p0p50,2018,0.1108,2.0,CAF,Sub-Saharan Africa
Central African Republic,"sptinc_p0p50_999_j_CF
Pre-tax national income 
Bottom 50% | share | all ages | equal split
",p0p50,2019,0.1143,2.0,CAF,Sub-Saharan Africa
Central African Republic,"sptinc_p0p50_999_j_CF
Pre-tax national income 
Bottom 50% | share | all ages | equal split
",p0p50,2020,0.1178,2.0,CAF,Sub-Saharan Africa
Central African Republic,"sptinc_p0p50_999_j_CF
Pre-tax national income 
Bottom 50% | share | all ages | equal split
",p0p50,2021,0.1213,3.0,CAF,Sub-Saharan Africa
Central African Republic,"sptinc_p0p50_999_j_CF
Pre-tax national income 
Bottom 50% | share | all ages | equal split
",p0p50,2022,0.1213,1.0,CAF,Sub-Saharan Africa
Central African Republic,"sptinc_p0p50_999_j_CF
Pre-tax national income 
Bottom 50% | share | all ages | equal split
",p0p50,2023,0.1213,1.0,CAF,Sub-Saharan Africa
Central African Republic,"sptinc_p0p50_999_j_CF
Pre-tax national income 
Bottom 50% | share | all ages | equal split
",p0p50,2024,0.1213,1.0,CAF,Sub-Saharan Africa
Chile,"sptinc_p0p50_999_j_CL
Pre-tax national income 
Bottom 50% | share | all ages | equal split
",p0p50,1960,0.0951,0.0,CHL,Latin America & Caribbean
Chile,"sptinc_p0p50_999_j_CL
Pre-tax national income 
Bottom 50% | share | all ages | equal split
",p0p50,1964,0.0953,3.0,CHL,Latin America & Caribbean
Chile,"sptinc_p0p50_999_j_CL
Pre-tax national income 
Bottom 50% | share | all ages | equal split
",p0p50,1965,0.0949,3.0,CHL,Latin America & Caribbean
Chile,"sptinc_p0p50_999_j_CL
Pre-tax national income 
Bottom 50% | share | all ages | equal split
",p0p50,1966,0.0942,3.0,CHL,Latin America & Caribbean
Chile,"sptinc_p0p50_999_j_CL
Pre-tax national income 
Bottom 50% | share | all ages | equal split
",p0p50,1967,0.0945,3.0,CHL,Latin America & Caribbean
Chile,"sptinc_p0p50_999_j_CL
Pre-tax national income 
Bottom 50% | share | all ages | equal split
",p0p50,1968,0.095,3.0,CHL,Latin America & Caribbean
Chile,"sptinc_p0p50_999_j_CL
Pre-tax national income 
Bottom 50% | share | all ages | equal split
",p0p50,1969,0.0956,3.0,CHL,Latin America & Caribbean
Chile,"sptinc_p0p50_999_j_CL
Pre-tax national income 
Bottom 50% | share | all ages | equal split
",p0p50,1970,0.0951,3.0,CHL,Latin America & Caribbean
Chile,"sptinc_p0p50_999_j_CL
Pre-tax national income 
Bottom 50% | share | all ages | equal split
",p0p50,1971,0.0927,3.0,CHL,Latin America & Caribbean
Chile,"sptinc_p0p50_999_j_CL
Pre-tax national income 
Bottom 50% | share | all ages | equal split
",p0p50,1972,0.0912,3.0,CHL,Latin America & Caribbean
Chile,"sptinc_p0p50_999_j_CL
Pre-tax national income 
Bottom 50% | share | all ages | equal split
",p0p50,1973,0.0902,3.0,CHL,Latin America & Caribbean
Chile,"sptinc_p0p50_999_j_CL
Pre-tax national income 
Bottom 50% | share | all ages | equal split
",p0p50,1974,0.0878,3.0,CHL,Latin America & Caribbean
Chile,"sptinc_p0p50_999_j_CL
Pre-tax national income 
Bottom 50% | share | all ages | equal split
",p0p50,1976,0.0841,3.0,CHL,Latin America & Caribbean
Chile,"sptinc_p0p50_999_j_CL
Pre-tax national income 
Bottom 50% | share | all ages | equal split
",p0p50,1978,0.0795,3.0,CHL,Latin America & Caribbean
Chile,"sptinc_p0p50_999_j_CL
Pre-tax national income 
Bottom 50% | share | all ages | equal split
",p0p50,1979,0.0781,3.0,CHL,Latin America & Caribbean
Chile,"sptinc_p0p50_999_j_CL
Pre-tax national income 
Bottom 50% | share | all ages | equal split
",p0p50,1980,0.0752,1.0,CHL,Latin America & Caribbean
Chile,"sptinc_p0p50_999_j_CL
Pre-tax national income 
Bottom 50% | share | all ages | equal split
",p0p50,1981,0.0752,1.0,CHL,Latin America & Caribbean
Chile,"sptinc_p0p50_999_j_CL
Pre-tax national income 
Bottom 50% | share | all ages | equal split
",p0p50,1982,0.0752,1.0,CHL,Latin America & Caribbean
Chile,"sptinc_p0p50_999_j_CL
Pre-tax national income 
Bottom 50% | share | all ages | equal split
",p0p50,1983,0.0752,1.0,CHL,Latin America & Caribbean
Chile,"sptinc_p0p50_999_j_CL
Pre-tax national income 
Bottom 50% | share | all ages | equal split
",p0p50,1984,0.0752,1.0,CHL,Latin America & Caribbean
Chile,"sptinc_p0p50_999_j_CL
Pre-tax national income 
Bottom 50% | share | all ages | equal split
",p0p50,1985,0.0752,1.0,CHL,Latin America & Caribbean
Chile,"sptinc_p0p50_999_j_CL
Pre-tax national income 
Bottom 50% | share | all ages | equal split
",p0p50,1986,0.0752,1.0,CHL,Latin America & Caribbean
Chile,"sptinc_p0p50_999_j_CL
Pre-tax national income 
Bottom 50% | share | all ages | equal split
",p0p50,1987,0.0752,1.0,CHL,Latin America & Caribbean
Chile,"sptinc_p0p50_999_j_CL
Pre-tax national income 
Bottom 50% | share | all ages | equal split
",p0p50,1988,0.0752,1.0,CHL,Latin America & Caribbean
Chile,"sptinc_p0p50_999_j_CL
Pre-tax national income 
Bottom 50% | share | all ages | equal split
",p0p50,1989,0.0752,1.0,CHL,Latin America & Caribbean
Chile,"sptinc_p0p50_999_j_CL
Pre-tax national income 
Bottom 50% | share | all ages | equal split
",p0p50,1990,0.0752,1.0,CHL,Latin America & Caribbean
Chile,"sptinc_p0p50_999_j_CL
Pre-tax national income 
Bottom 50% | share | all ages | equal split
",p0p50,1991,0.0752,1.0,CHL,Latin America & Caribbean
Chile,"sptinc_p0p50_999_j_CL
Pre-tax national income 
Bottom 50% | share | all ages | equal split
",p0p50,1992,0.0752,1.0,CHL,Latin America & Caribbean
Chile,"sptinc_p0p50_999_j_CL
Pre-tax national income 
Bottom 50% | share | all ages | equal split
",p0p50,1993,0.0752,1.0,CHL,Latin America & Caribbean
Chile,"sptinc_p0p50_999_j_CL
Pre-tax national income 
Bottom 50% | share | all ages | equal split
",p0p50,1994,0.0752,1.0,CHL,Latin America & Caribbean
Chile,"sptinc_p0p50_999_j_CL
Pre-tax national income 
Bottom 50% | share | all ages | equal split
",p0p50,1995,0.0752,1.0,CHL,Latin America & Caribbean
Chile,"sptinc_p0p50_999_j_CL
Pre-tax national income 
Bottom 50% | share | all ages | equal split
",p0p50,1996,0.0752,1.0,CHL,Latin America & Caribbean
Chile,"sptinc_p0p50_999_j_CL
Pre-tax national income 
Bottom 50% | share | all ages | equal split
",p0p50,1997,0.0752,1.0,CHL,Latin America & Caribbean
Chile,"sptinc_p0p50_999_j_CL
Pre-tax national income 
Bottom 50% | share | all ages | equal split
",p0p50,1998,0.0752,1.0,CHL,Latin America & Caribbean
Chile,"sptinc_p0p50_999_j_CL
Pre-tax national income 
Bottom 50% | share | all ages | equal split
",p0p50,1999,0.0752,1.0,CHL,Latin America & Caribbean
Chile,"sptinc_p0p50_999_j_CL
Pre-tax national income 
Bottom 50% | share | all ages | equal split
",p0p50,2000,0.0752,3.0,CHL,Latin America & Caribbean
Chile,"sptinc_p0p50_999_j_CL
Pre-tax national income 
Bottom 50% | share | all ages | equal split
",p0p50,2001,0.0778,2.0,CHL,Latin America & Caribbean
Chile,"sptinc_p0p50_999_j_CL
Pre-tax national income 
Bottom 50% | share | all ages | equal split
",p0p50,2002,0.0803,2.0,CHL,Latin America & Caribbean
Chile,"sptinc_p0p50_999_j_CL
Pre-tax national income 
Bottom 50% | share | all ages | equal split
",p0p50,2003,0.0828,3.0,CHL,Latin America & Caribbean
Chile,"sptinc_p0p50_999_j_CL
Pre-tax national income 
Bottom 50% | share | all ages | equal split
",p0p50,2004,0.0792,2.0,CHL,Latin America & Caribbean
Chile,"sptinc_p0p50_999_j_CL
Pre-tax national income 
Bottom 50% | share | all ages | equal split
",p0p50,2005,0.0756,2.0,CHL,Latin America & Caribbean
Chile,"sptinc_p0p50_999_j_CL
Pre-tax national income 
Bottom 50% | share | all ages | equal split
",p0p50,2006,0.072,4.0,CHL,Latin America & Caribbean
Chile,"sptinc_p0p50_999_j_CL
Pre-tax national income 
Bottom 50% | share | all ages | equal split
",p0p50,2007,0.0719,2.0,CHL,Latin America & Caribbean
Chile,"sptinc_p0p50_999_j_CL
Pre-tax national income 
Bottom 50% | share | all ages | equal split
",p0p50,2008,0.0718,2.0,CHL,Latin America & Caribbean
Chile,"sptinc_p0p50_999_j_CL
Pre-tax national income 
Bottom 50% | share | all ages | equal split
",p0p50,2009,0.0717,4.0,CHL,Latin America & Caribbean
Chile,"sptinc_p0p50_999_j_CL
Pre-tax national income 
Bottom 50% | share | all ages | equal split
",p0p50,2010,0.0683,2.0,CHL,Latin America & Caribbean
Chile,"sptinc_p0p50_999_j_CL
Pre-tax national income 
Bottom 50% | share | all ages | equal split
",p0p50,2011,0.0649,4.0,CHL,Latin America & Caribbean
Chile,"sptinc_p0p50_999_j_CL
Pre-tax national income 
Bottom 50% | share | all ages | equal split
",p0p50,2012,0.0682,2.0,CHL,Latin America & Caribbean
Chile,"sptinc_p0p50_999_j_CL
Pre-tax national income 
Bottom 50% | share | all ages | equal split
",p0p50,2013,0.0715,4.0,CHL,Latin America & Caribbean
Chile,"sptinc_p0p50_999_j_CL
Pre-tax national income 
Bottom 50% | share | all ages | equal split
",p0p50,2014,0.0727,2.0,CHL,Latin America & Caribbean
Chile,"sptinc_p0p50_999_j_CL
Pre-tax national income 
Bottom 50% | share | all ages | equal split
",p0p50,2015,0.074,4.0,CHL,Latin America & Caribbean
Chile,"sptinc_p0p50_999_j_CL
Pre-tax national income 
Bottom 50% | share | all ages | equal split
",p0p50,2016,0.077,2.0,CHL,Latin America & Caribbean
Chile,"sptinc_p0p50_999_j_CL
Pre-tax national income 
Bottom 50% | share | all ages | equal split
",p0p50,2017,0.08,4.0,CHL,Latin America & Caribbean
Chile,"sptinc_p0p50_999_j_CL
Pre-tax national income 
Bottom 50% | share | all ages | equal split
",p0p50,2018,0.0759,2.0,CHL,Latin America & Caribbean
Chile,"sptinc_p0p50_999_j_CL
Pre-tax national income 
Bottom 50% | share | all ages | equal split
",p0p50,2019,0.0718,2.0,CHL,Latin America & Caribbean
Chile,"sptinc_p0p50_999_j_CL
Pre-tax national income 
Bottom 50% | share | all ages | equal split
",p0p50,2020,0.0677,4.0,CHL,Latin America & Caribbean
Chile,"sptinc_p0p50_999_j_CL
Pre-tax national income 
Bottom 50% | share | all ages | equal split
",p0p50,2021,0.0748,2.0,CHL,Latin America & Caribbean
Chile,"sptinc_p0p50_999_j_CL
Pre-tax national income 
Bottom 50% | share | all ages | equal split
",p0p50,2022,0.0818,4.0,CHL,Latin America & Caribbean
Chile,"sptinc_p0p50_999_j_CL
Pre-tax national income 
Bottom 50% | share | all ages | equal split
",p0p50,2023,0.0818,1.0,CHL,Latin America & Caribbean
Chile,"sptinc_p0p50_999_j_CL
Pre-tax national income 
Bottom 50% | share | all ages | equal split
",p0p50,2024,0.0818,1.0,CHL,Latin America & Caribbean
China,"sptinc_p0p50_999_j_CN
Pre-tax national income 
Bottom 50% | share | all ages | equal split
",p0p50,1960,0.254,0.0,CHN,East Asia
China,"sptinc_p0p50_999_j_CN
Pre-tax national income 
Bottom 50% | share | all ages | equal split
",p0p50,1970,0.254,0.0,CHN,East Asia
China,"sptinc_p0p50_999_j_CN
Pre-tax national income 
Bottom 50% | share | all ages | equal split
",p0p50,1978,0.2473,3.0,CHN,East Asia
China,"sptinc_p0p50_999_j_CN
Pre-tax national income 
Bottom 50% | share | all ages | equal split
",p0p50,1979,0.2466,3.0,CHN,East Asia
China,"sptinc_p0p50_999_j_CN
Pre-tax national income 
Bottom 50% | share | all ages | equal split
",p0p50,1980,0.2454,3.0,CHN,East Asia
China,"sptinc_p0p50_999_j_CN
Pre-tax national income 
Bottom 50% | share | all ages | equal split
",p0p50,1981,0.2427,3.0,CHN,East Asia
China,"sptinc_p0p50_999_j_CN
Pre-tax national income 
Bottom 50% | share | all ages | equal split
",p0p50,1982,0.2376,3.0,CHN,East Asia
China,"sptinc_p0p50_999_j_CN
Pre-tax national income 
Bottom 50% | share | all ages | equal split
",p0p50,1983,0.2402,3.0,CHN,East Asia
China,"sptinc_p0p50_999_j_CN
Pre-tax national income 
Bottom 50% | share | all ages | equal split
",p0p50,1984,0.2375,3.0,CHN,East Asia
China,"sptinc_p0p50_999_j_CN
Pre-tax national income 
Bottom 50% | share | all ages | equal split
",p0p50,1985,0.2342,3.0,CHN,East Asia
China,"sptinc_p0p50_999_j_CN
Pre-tax national income 
Bottom 50% | share | all ages | equal split
",p0p50,1986,0.2213,3.0,CHN,East Asia
China,"sptinc_p0p50_999_j_CN
Pre-tax national income 
Bottom 50% | share | all ages | equal split
",p0p50,1987,0.2169,3.0,CHN,East Asia
China,"sptinc_p0p50_999_j_CN
Pre-tax national income 
Bottom 50% | share | all ages | equal split
",p0p50,1988,0.215,3.0,CHN,East Asia
China,"sptinc_p0p50_999_j_CN
Pre-tax national income 
Bottom 50% | share | all ages | equal split
",p0p50,1989,0.2089,3.0,CHN,East Asia
China,"sptinc_p0p50_999_j_CN
Pre-tax national income 
Bottom 50% | share | all ages | equal split
",p0p50,1990,0.2109,3.0,CHN,East Asia
China,"sptinc_p0p50_999_j_CN
Pre-tax national income 
Bottom 50% | share | all ages | equal split
",p0p50,1991,0.1992,3.0,CHN,East Asia
China,"sptinc_p0p50_999_j_CN
Pre-tax national income 
Bottom 50% | share | all ages | equal split
",p0p50,1992,0.1906,3.0,CHN,East Asia
China,"sptinc_p0p50_999_j_CN
Pre-tax national income 
Bottom 50% | share | all ages | equal split
",p0p50,1993,0.1817,3.0,CHN,East Asia
China,"sptinc_p0p50_999_j_CN
Pre-tax national income 
Bottom 50% | share | all ages | equal split
",p0p50,1994,0.178,3.0,CHN,East Asia
China,"sptinc_p0p50_999_j_CN
Pre-tax national income 
Bottom 50% | share | all ages | equal split
",p0p50,1995,0.1817,3.0,CHN,East Asia
China,"sptinc_p0p50_999_j_CN
Pre-tax national income 
Bottom 50% | share | all ages | equal split
",p0p50,1996,0.1873,3.0,CHN,East Asia
China,"sptinc_p0p50_999_j_CN
Pre-tax national income 
Bottom 50% | share | all ages | equal split
",p0p50,1997,0.1876,3.0,CHN,East Asia
China,"sptinc_p0p50_999_j_CN
Pre-tax national income 
Bottom 50% | share | all ages | equal split
",p0p50,1998,0.1882,3.0,CHN,East Asia
China,"sptinc_p0p50_999_j_CN
Pre-tax national income 
Bottom 50% | share | all ages | equal split
",p0p50,1999,0.1818,3.0,CHN,East Asia
China,"sptinc_p0p50_999_j_CN
Pre-tax national income 
Bottom 50% | share | all ages | equal split
",p0p50,2000,0.1707,3.0,CHN,East Asia
China,"sptinc_p0p50_999_j_CN
Pre-tax national income 
Bottom 50% | share | all ages | equal split
",p0p50,2001,0.1652,3.0,CHN,East Asia
China,"sptinc_p0p50_999_j_CN
Pre-tax national income 
Bottom 50% | share | all ages | equal split
",p0p50,2002,0.153,3.0,CHN,East Asia
China,"sptinc_p0p50_999_j_CN
Pre-tax national income 
Bottom 50% | share | all ages | equal split
",p0p50,2003,0.1489,3.0,CHN,East Asia
China,"sptinc_p0p50_999_j_CN
Pre-tax national income 
Bottom 50% | share | all ages | equal split
",p0p50,2004,0.1489,3.0,CHN,East Asia
China,"sptinc_p0p50_999_j_CN
Pre-tax national income 
Bottom 50% | share | all ages | equal split
",p0p50,2005,0.1417,3.0,CHN,East Asia
China,"sptinc_p0p50_999_j_CN
Pre-tax national income 
Bottom 50% | share | all ages | equal split
",p0p50,2006,0.1416,3.0,CHN,East Asia
China,"sptinc_p0p50_999_j_CN
Pre-tax national income 
Bottom 50% | share | all ages | equal split
",p0p50,2007,0.1401,3.0,CHN,East Asia
China,"sptinc_p0p50_999_j_CN
Pre-tax national income 
Bottom 50% | share | all ages | equal split
",p0p50,2008,0.1397,3.0,CHN,East Asia
China,"sptinc_p0p50_999_j_CN
Pre-tax national income 
Bottom 50% | share | all ages | equal split
",p0p50,2009,0.139,3.0,CHN,East Asia
China,"sptinc_p0p50_999_j_CN
Pre-tax national income 
Bottom 50% | share | all ages | equal split
",p0p50,2010,0.136,4.0,CHN,East Asia
China,"sptinc_p0p50_999_j_CN
Pre-tax national income 
Bottom 50% | share | all ages | equal split
",p0p50,2011,0.1385,4.0,CHN,East Asia
China,"sptinc_p0p50_999_j_CN
Pre-tax national income 
Bottom 50% | share | all ages | equal split
",p0p50,2012,0.1429,4.0,CHN,East Asia
China,"sptinc_p0p50_999_j_CN
Pre-tax national income 
Bottom 50% | share | all ages | equal split
",p0p50,2013,0.1379,4.0,CHN,East Asia
China,"sptinc_p0p50_999_j_CN
Pre-tax national income 
Bottom 50% | share | all ages | equal split
",p0p50,2014,0.1414,4.0,CHN,East Asia
China,"sptinc_p0p50_999_j_CN
Pre-tax national income 
Bottom 50% | share | all ages | equal split
",p0p50,2015,0.1412,4.0,CHN,East Asia
China,"sptinc_p0p50_999_j_CN
Pre-tax national income 
Bottom 50% | share | all ages | equal split
",p0p50,2016,0.1411,2.0,CHN,East Asia
China,"sptinc_p0p50_999_j_CN
Pre-tax national income 
Bottom 50% | share | all ages | equal split
",p0p50,2017,0.1386,2.0,CHN,East Asia
China,"sptinc_p0p50_999_j_CN
Pre-tax national income 
Bottom 50% | share | all ages | equal split
",p0p50,2018,0.1393,2.0,CHN,East Asia
China,"sptinc_p0p50_999_j_CN
Pre-tax national income 
Bottom 50% | share | all ages | equal split
",p0p50,2019,0.1398,2.0,CHN,East Asia
China,"sptinc_p0p50_999_j_CN
Pre-tax national income 
Bottom 50% | share | all ages | equal split
",p0p50,2020,0.1377,2.0,CHN,East Asia
China,"sptinc_p0p50_999_j_CN
Pre-tax national income 
Bottom 50% | share | all ages | equal split
",p0p50,2021,0.1374,2.0,CHN,East Asia
China,"sptinc_p0p50_999_j_CN
Pre-tax national income 
Bottom 50% | share | all ages | equal split
",p0p50,2022,0.1351,2.0,CHN,East Asia
China,"sptinc_p0p50_999_j_CN
Pre-tax national income 
Bottom 50% | share | all ages | equal split
",p0p50,2023,0.1351,1.0,CHN,East Asia
China,"sptinc_p0p50_999_j_CN
Pre-tax national income 
Bottom 50% | share | all ages | equal split
",p0p50,2024,0.1351,1.0,CHN,East Asia
Colombia,"sptinc_p0p50_999_j_CO
Pre-tax national income 
Bottom 50% | share | all ages | equal split
",p0p50,1960,0.1223,0.0,COL,Latin America & Caribbean
Colombia,"sptinc_p0p50_999_j_CO
Pre-tax national income 
Bottom 50% | share | all ages | equal split
",p0p50,1970,0.1207,0.0,COL,Latin America & Caribbean
Colombia,"sptinc_p0p50_999_j_CO
Pre-tax national income 
Bottom 50% | share | all ages | equal split
",p0p50,1980,0.0635,1.0,COL,Latin America & Caribbean
Colombia,"sptinc_p0p50_999_j_CO
Pre-tax national income 
Bottom 50% | share | all ages | equal split
",p0p50,1981,0.0635,1.0,COL,Latin America & Caribbean
Colombia,"sptinc_p0p50_999_j_CO
Pre-tax national income 
Bottom 50% | share | all ages | equal split
",p0p50,1982,0.0635,1.0,COL,Latin America & Caribbean
Colombia,"sptinc_p0p50_999_j_CO
Pre-tax national income 
Bottom 50% | share | all ages | equal split
",p0p50,1983,0.0635,1.0,COL,Latin America & Caribbean
Colombia,"sptinc_p0p50_999_j_CO
Pre-tax national income 
Bottom 50% | share | all ages | equal split
",p0p50,1984,0.0635,1.0,COL,Latin America & Caribbean
Colombia,"sptinc_p0p50_999_j_CO
Pre-tax national income 
Bottom 50% | share | all ages | equal split
",p0p50,1985,0.0635,1.0,COL,Latin America & Caribbean
Colombia,"sptinc_p0p50_999_j_CO
Pre-tax national income 
Bottom 50% | share | all ages | equal split
",p0p50,1986,0.0635,1.0,COL,Latin America & Caribbean
Colombia,"sptinc_p0p50_999_j_CO
Pre-tax national income 
Bottom 50% | share | all ages | equal split
",p0p50,1987,0.0635,1.0,COL,Latin America & Caribbean
Colombia,"sptinc_p0p50_999_j_CO
Pre-tax national income 
Bottom 50% | share | all ages | equal split
",p0p50,1988,0.0635,1.0,COL,Latin America & Caribbean
Colombia,"sptinc_p0p50_999_j_CO
Pre-tax national income 
Bottom 50% | share | all ages | equal split
",p0p50,1989,0.0635,1.0,COL,Latin America & Caribbean
Colombia,"sptinc_p0p50_999_j_CO
Pre-tax national income 
Bottom 50% | share | all ages | equal split
",p0p50,1990,0.0635,1.0,COL,Latin America & Caribbean
Colombia,"sptinc_p0p50_999_j_CO
Pre-tax national income 
Bottom 50% | share | all ages | equal split
",p0p50,1991,0.0635,1.0,COL,Latin America & Caribbean
Colombia,"sptinc_p0p50_999_j_CO
Pre-tax national income 
Bottom 50% | share | all ages | equal split
",p0p50,1992,0.0635,1.0,COL,Latin America & Caribbean
Colombia,"sptinc_p0p50_999_j_CO
Pre-tax national income 
Bottom 50% | share | all ages | equal split
",p0p50,1993,0.0635,1.0,COL,Latin America & Caribbean
Colombia,"sptinc_p0p50_999_j_CO
Pre-tax national income 
Bottom 50% | share | all ages | equal split
",p0p50,1994,0.0635,1.0,COL,Latin America & Caribbean
Colombia,"sptinc_p0p50_999_j_CO
Pre-tax national income 
Bottom 50% | share | all ages | equal split
",p0p50,1995,0.0635,1.0,COL,Latin America & Caribbean
Colombia,"sptinc_p0p50_999_j_CO
Pre-tax national income 
Bottom 50% | share | all ages | equal split
",p0p50,1996,0.0635,1.0,COL,Latin America & Caribbean
Colombia,"sptinc_p0p50_999_j_CO
Pre-tax national income 
Bottom 50% | share | all ages | equal split
",p0p50,1997,0.0635,1.0,COL,Latin America & Caribbean
Colombia,"sptinc_p0p50_999_j_CO
Pre-tax national income 
Bottom 50% | share | all ages | equal split
",p0p50,1998,0.0635,1.0,COL,Latin America & Caribbean
Colombia,"sptinc_p0p50_999_j_CO
Pre-tax national income 
Bottom 50% | share | all ages | equal split
",p0p50,1999,0.0635,1.0,COL,Latin America & Caribbean
Colombia,"sptinc_p0p50_999_j_CO
Pre-tax national income 
Bottom 50% | share | all ages | equal split
",p0p50,2000,0.0635,1.0,COL,Latin America & Caribbean
Colombia,"sptinc_p0p50_999_j_CO
Pre-tax national income 
Bottom 50% | share | all ages | equal split
",p0p50,2001,0.0635,1.0,COL,Latin America & Caribbean
Colombia,"sptinc_p0p50_999_j_CO
Pre-tax national income 
Bottom 50% | share | all ages | equal split
",p0p50,2002,0.0635,3.0,COL,Latin America & Caribbean
Colombia,"sptinc_p0p50_999_j_CO
Pre-tax national income 
Bottom 50% | share | all ages | equal split
",p0p50,2003,0.0751,3.0,COL,Latin America & Caribbean
Colombia,"sptinc_p0p50_999_j_CO
Pre-tax national income 
Bottom 50% | share | all ages | equal split
",p0p50,2004,0.0716,3.0,COL,Latin America & Caribbean
Colombia,"sptinc_p0p50_999_j_CO
Pre-tax national income 
Bottom 50% | share | all ages | equal split
",p0p50,2005,0.0776,3.0,COL,Latin America & Caribbean
Colombia,"sptinc_p0p50_999_j_CO
Pre-tax national income 
Bottom 50% | share | all ages | equal split
",p0p50,2006,0.0759,2.0,COL,Latin America & Caribbean
Colombia,"sptinc_p0p50_999_j_CO
Pre-tax national income 
Bottom 50% | share | all ages | equal split
",p0p50,2007,0.0742,2.0,COL,Latin America & Caribbean
Colombia,"sptinc_p0p50_999_j_CO
Pre-tax national income 
Bottom 50% | share | all ages | equal split
",p0p50,2008,0.0724,3.0,COL,Latin America & Caribbean
Colombia,"sptinc_p0p50_999_j_CO
Pre-tax national income 
Bottom 50% | share | all ages | equal split
",p0p50,2009,0.0776,3.0,COL,Latin America & Caribbean
Colombia,"sptinc_p0p50_999_j_CO
Pre-tax national income 
Bottom 50% | share | all ages | equal split
",p0p50,2010,0.0774,3.0,COL,Latin America & Caribbean
Colombia,"sptinc_p0p50_999_j_CO
Pre-tax national income 
Bottom 50% | share | all ages | equal split
",p0p50,2011,0.079,3.0,COL,Latin America & Caribbean
Colombia,"sptinc_p0p50_999_j_CO
Pre-tax national income 
Bottom 50% | share | all ages | equal split
",p0p50,2012,0.086,3.0,COL,Latin America & Caribbean
Colombia,"sptinc_p0p50_999_j_CO
Pre-tax national income 
Bottom 50% | share | all ages | equal split
",p0p50,2013,0.0856,3.0,COL,Latin America & Caribbean
Colombia,"sptinc_p0p50_999_j_CO
Pre-tax national income 
Bottom 50% | share | all ages | equal split
",p0p50,2014,0.0937,4.0,COL,Latin America & Caribbean
Colombia,"sptinc_p0p50_999_j_CO
Pre-tax national income 
Bottom 50% | share | all ages | equal split
",p0p50,2015,0.0944,4.0,COL,Latin America & Caribbean
Colombia,"sptinc_p0p50_999_j_CO
Pre-tax national income 
Bottom 50% | share | all ages | equal split
",p0p50,2016,0.095,4.0,COL,Latin America & Caribbean
Colombia,"sptinc_p0p50_999_j_CO
Pre-tax national income 
Bottom 50% | share | all ages | equal split
",p0p50,2017,0.0841,4.0,COL,Latin America & Caribbean
Colombia,"sptinc_p0p50_999_j_CO
Pre-tax national income 
Bottom 50% | share | all ages | equal split
",p0p50,2018,0.0807,4.0,COL,Latin America & Caribbean
Colombia,"sptinc_p0p50_999_j_CO
Pre-tax national income 
Bottom 50% | share | all ages | equal split
",p0p50,2019,0.0762,4.0,COL,Latin America & Caribbean
Colombia,"sptinc_p0p50_999_j_CO
Pre-tax national income 
Bottom 50% | share | all ages | equal split
",p0p50,2020,0.0561,4.0,COL,Latin America & Caribbean
Colombia,"sptinc_p0p50_999_j_CO
Pre-tax national income 
Bottom 50% | share | all ages | equal split
",p0p50,2021,0.0636,4.0,COL,Latin America & Caribbean
Colombia,"sptinc_p0p50_999_j_CO
Pre-tax national income 
Bottom 50% | share | all ages | equal split
",p0p50,2022,0.0584,4.0,COL,Latin America & Caribbean
Colombia,"sptinc_p0p50_999_j_CO
Pre-tax national income 
Bottom 50% | share | all ages | equal split
",p0p50,2023,0.0661,4.0,COL,Latin America & Caribbean
Colombia,"sptinc_p0p50_999_j_CO
Pre-tax national income 
Bottom 50% | share | all ages | equal split
",p0p50,2024,0.0661,1.0,COL,Latin America & Caribbean
Costa Rica,"sptinc_p0p50_999_j_CR
Pre-tax national income 
Bottom 50% | share | all ages | equal split
",p0p50,1980,0.0971,1.0,CRI,Latin America & Caribbean
Costa Rica,"sptinc_p0p50_999_j_CR
Pre-tax national income 
Bottom 50% | share | all ages | equal split
",p0p50,1981,0.0971,1.0,CRI,Latin America & Caribbean
Costa Rica,"sptinc_p0p50_999_j_CR
Pre-tax national income 
Bottom 50% | share | all ages | equal split
",p0p50,1982,0.0971,1.0,CRI,Latin America & Caribbean
Costa Rica,"sptinc_p0p50_999_j_CR
Pre-tax national income 
Bottom 50% | share | all ages | equal split
",p0p50,1983,0.0971,1.0,CRI,Latin America & Caribbean
Costa Rica,"sptinc_p0p50_999_j_CR
Pre-tax national income 
Bottom 50% | share | all ages | equal split
",p0p50,1984,0.0971,1.0,CRI,Latin America & Caribbean
Costa Rica,"sptinc_p0p50_999_j_CR
Pre-tax national income 
Bottom 50% | share | all ages | equal split
",p0p50,1985,0.0971,1.0,CRI,Latin America & Caribbean
Costa Rica,"sptinc_p0p50_999_j_CR
Pre-tax national income 
Bottom 50% | share | all ages | equal split
",p0p50,1986,0.0971,1.0,CRI,Latin America & Caribbean
Costa Rica,"sptinc_p0p50_999_j_CR
Pre-tax national income 
Bottom 50% | share | all ages | equal split
",p0p50,1987,0.0971,1.0,CRI,Latin America & Caribbean
Costa Rica,"sptinc_p0p50_999_j_CR
Pre-tax national income 
Bottom 50% | share | all ages | equal split
",p0p50,1988,0.0971,1.0,CRI,Latin America & Caribbean
Costa Rica,"sptinc_p0p50_999_j_CR
Pre-tax national income 
Bottom 50% | share | all ages | equal split
",p0p50,1989,0.0971,1.0,CRI,Latin America & Caribbean
Costa Rica,"sptinc_p0p50_999_j_CR
Pre-tax national income 
Bottom 50% | share | all ages | equal split
",p0p50,1990,0.0971,1.0,CRI,Latin America & Caribbean
Costa Rica,"sptinc_p0p50_999_j_CR
Pre-tax national income 
Bottom 50% | share | all ages | equal split
",p0p50,1991,0.0971,1.0,CRI,Latin America & Caribbean
Costa Rica,"sptinc_p0p50_999_j_CR
Pre-tax national income 
Bottom 50% | share | all ages | equal split
",p0p50,1992,0.0971,1.0,CRI,Latin America & Caribbean
Costa Rica,"sptinc_p0p50_999_j_CR
Pre-tax national income 
Bottom 50% | share | all ages | equal split
",p0p50,1993,0.0971,1.0,CRI,Latin America & Caribbean
Costa Rica,"sptinc_p0p50_999_j_CR
Pre-tax national income 
Bottom 50% | share | all ages | equal split
",p0p50,1994,0.0971,1.0,CRI,Latin America & Caribbean
Costa Rica,"sptinc_p0p50_999_j_CR
Pre-tax national income 
Bottom 50% | share | all ages | equal split
",p0p50,1995,0.0971,1.0,CRI,Latin America & Caribbean
Costa Rica,"sptinc_p0p50_999_j_CR
Pre-tax national income 
Bottom 50% | share | all ages | equal split
",p0p50,1996,0.0971,1.0,CRI,Latin America & Caribbean
Costa Rica,"sptinc_p0p50_999_j_CR
Pre-tax national income 
Bottom 50% | share | all ages | equal split
",p0p50,1997,0.0971,1.0,CRI,Latin America & Caribbean
Costa Rica,"sptinc_p0p50_999_j_CR
Pre-tax national income 
Bottom 50% | share | all ages | equal split
",p0p50,1998,0.0971,1.0,CRI,Latin America & Caribbean
Costa Rica,"sptinc_p0p50_999_j_CR
Pre-tax national income 
Bottom 50% | share | all ages | equal split
",p0p50,1999,0.0971,1.0,CRI,Latin America & Caribbean
Costa Rica,"sptinc_p0p50_999_j_CR
Pre-tax national income 
Bottom 50% | share | all ages | equal split
",p0p50,2000,0.0971,3.0,CRI,Latin America & Caribbean
Costa Rica,"sptinc_p0p50_999_j_CR
Pre-tax national income 
Bottom 50% | share | all ages | equal split
",p0p50,2001,0.0971,5.0,CRI,Latin America & Caribbean
Costa Rica,"sptinc_p0p50_999_j_CR
Pre-tax national income 
Bottom 50% | share | all ages | equal split
",p0p50,2002,0.0971,5.0,CRI,Latin America & Caribbean
Costa Rica,"sptinc_p0p50_999_j_CR
Pre-tax national income 
Bottom 50% | share | all ages | equal split
",p0p50,2003,0.0971,5.0,CRI,Latin America & Caribbean
Costa Rica,"sptinc_p0p50_999_j_CR
Pre-tax national income 
Bottom 50% | share | all ages | equal split
",p0p50,2004,0.0971,5.0,CRI,Latin America & Caribbean
Costa Rica,"sptinc_p0p50_999_j_CR
Pre-tax national income 
Bottom 50% | share | all ages | equal split
",p0p50,2005,0.0971,5.0,CRI,Latin America & Caribbean
Costa Rica,"sptinc_p0p50_999_j_CR
Pre-tax national income 
Bottom 50% | share | all ages | equal split
",p0p50,2006,0.0971,5.0,CRI,Latin America & Caribbean
Costa Rica,"sptinc_p0p50_999_j_CR
Pre-tax national income 
Bottom 50% | share | all ages | equal split
",p0p50,2007,0.0971,5.0,CRI,Latin America & Caribbean
Costa Rica,"sptinc_p0p50_999_j_CR
Pre-tax national income 
Bottom 50% | share | all ages | equal split
",p0p50,2008,0.0971,5.0,CRI,Latin America & Caribbean
Costa Rica,"sptinc_p0p50_999_j_CR
Pre-tax national income 
Bottom 50% | share | all ages | equal split
",p0p50,2009,0.0971,5.0,CRI,Latin America & Caribbean
Costa Rica,"sptinc_p0p50_999_j_CR
Pre-tax national income 
Bottom 50% | share | all ages | equal split
",p0p50,2010,0.0971,5.0,CRI,Latin America & Caribbean
Costa Rica,"sptinc_p0p50_999_j_CR
Pre-tax national income 
Bottom 50% | share | all ages | equal split
",p0p50,2011,0.0945,5.0,CRI,Latin America & Caribbean
Costa Rica,"sptinc_p0p50_999_j_CR
Pre-tax national income 
Bottom 50% | share | all ages | equal split
",p0p50,2012,0.0935,5.0,CRI,Latin America & Caribbean
Costa Rica,"sptinc_p0p50_999_j_CR
Pre-tax national income 
Bottom 50% | share | all ages | equal split
",p0p50,2013,0.0835,5.0,CRI,Latin America & Caribbean
Costa Rica,"sptinc_p0p50_999_j_CR
Pre-tax national income 
Bottom 50% | share | all ages | equal split
",p0p50,2014,0.0846,5.0,CRI,Latin America & Caribbean
Costa Rica,"sptinc_p0p50_999_j_CR
Pre-tax national income 
Bottom 50% | share | all ages | equal split
",p0p50,2015,0.0832,5.0,CRI,Latin America & Caribbean
Costa Rica,"sptinc_p0p50_999_j_CR
Pre-tax national income 
Bottom 50% | share | all ages | equal split
",p0p50,2016,0.0815,5.0,CRI,Latin America & Caribbean
Costa Rica,"sptinc_p0p50_999_j_CR
Pre-tax national income 
Bottom 50% | share | all ages | equal split
",p0p50,2017,0.0836,3.0,CRI,Latin America & Caribbean
Costa Rica,"sptinc_p0p50_999_j_CR
Pre-tax national income 
Bottom 50% | share | all ages | equal split
",p0p50,2018,0.0826,3.0,CRI,Latin America & Caribbean
Costa Rica,"sptinc_p0p50_999_j_CR
Pre-tax national income 
Bottom 50% | share | all ages | equal split
",p0p50,2019,0.0747,3.0,CRI,Latin America & Caribbean
Costa Rica,"sptinc_p0p50_999_j_CR
Pre-tax national income 
Bottom 50% | share | all ages | equal split
",p0p50,2020,0.0507,3.0,CRI,Latin America & Caribbean
Costa Rica,"sptinc_p0p50_999_j_CR
Pre-tax national income 
Bottom 50% | share | all ages | equal split
",p0p50,2021,0.0676,3.0,CRI,Latin America & Caribbean
Costa Rica,"sptinc_p0p50_999_j_CR
Pre-tax national income 
Bottom 50% | share | all ages | equal split
",p0p50,2022,0.0862,3.0,CRI,Latin America & Caribbean
Costa Rica,"sptinc_p0p50_999_j_CR
Pre-tax national income 
Bottom 50% | share | all ages | equal split
",p0p50,2023,0.0892,3.0,CRI,Latin America & Caribbean
Costa Rica,"sptinc_p0p50_999_j_CR
Pre-tax national income 
Bottom 50% | share | all ages | equal split
",p0p50,2024,0.0892,1.0,CRI,Latin America & Caribbean
Cote d’Ivoire,"sptinc_p0p50_999_j_CI
Pre-tax national income 
Bottom 50% | share | all ages | equal split
",p0p50,1960,0.105,0.0,CIV,Sub-Saharan Africa
Cote d’Ivoire,"sptinc_p0p50_999_j_CI
Pre-tax national income 
Bottom 50% | share | all ages | equal split
",p0p50,1970,0.1037,0.0,CIV,Sub-Saharan Africa
Cote d’Ivoire,"sptinc_p0p50_999_j_CI
Pre-tax national income 
Bottom 50% | share | all ages | equal split
",p0p50,1980,0.1131,1.0,CIV,Sub-Saharan Africa
Cote d’Ivoire,"sptinc_p0p50_999_j_CI
Pre-tax national income 
Bottom 50% | share | all ages | equal split
",p0p50,1981,0.1131,1.0,CIV,Sub-Saharan Africa
Cote d’Ivoire,"sptinc_p0p50_999_j_CI
Pre-tax national income 
Bottom 50% | share | all ages | equal split
",p0p50,1982,0.1131,1.0,CIV,Sub-Saharan Africa
Cote d’Ivoire,"sptinc_p0p50_999_j_CI
Pre-tax national income 
Bottom 50% | share | all ages | equal split
",p0p50,1983,0.1131,1.0,CIV,Sub-Saharan Africa
Cote d’Ivoire,"sptinc_p0p50_999_j_CI
Pre-tax national income 
Bottom 50% | share | all ages | equal split
",p0p50,1984,0.1131,1.0,CIV,Sub-Saharan Africa
Cote d’Ivoire,"sptinc_p0p50_999_j_CI
Pre-tax national income 
Bottom 50% | share | all ages | equal split
",p0p50,1985,0.1131,3.0,CIV,Sub-Saharan Africa
Cote d’Ivoire,"sptinc_p0p50_999_j_CI
Pre-tax national income 
Bottom 50% | share | all ages | equal split
",p0p50,1986,0.141,2.0,CIV,Sub-Saharan Africa
Cote d’Ivoire,"sptinc_p0p50_999_j_CI
Pre-tax national income 
Bottom 50% | share | all ages | equal split
",p0p50,1987,0.132,3.0,CIV,Sub-Saharan Africa
Cote d’Ivoire,"sptinc_p0p50_999_j_CI
Pre-tax national income 
Bottom 50% | share | all ages | equal split
",p0p50,1988,0.1471,3.0,CIV,Sub-Saharan Africa
Cote d’Ivoire,"sptinc_p0p50_999_j_CI
Pre-tax national income 
Bottom 50% | share | all ages | equal split
",p0p50,1989,0.1447,2.0,CIV,Sub-Saharan Africa
Cote d’Ivoire,"sptinc_p0p50_999_j_CI
Pre-tax national income 
Bottom 50% | share | all ages | equal split
",p0p50,1990,0.1422,2.0,CIV,Sub-Saharan Africa
Cote d’Ivoire,"sptinc_p0p50_999_j_CI
Pre-tax national income 
Bottom 50% | share | all ages | equal split
",p0p50,1991,0.1398,2.0,CIV,Sub-Saharan Africa
Cote d’Ivoire,"sptinc_p0p50_999_j_CI
Pre-tax national income 
Bottom 50% | share | all ages | equal split
",p0p50,1992,0.1374,3.0,CIV,Sub-Saharan Africa
Cote d’Ivoire,"sptinc_p0p50_999_j_CI
Pre-tax national income 
Bottom 50% | share | all ages | equal split
",p0p50,1993,0.1345,2.0,CIV,Sub-Saharan Africa
Cote d’Ivoire,"sptinc_p0p50_999_j_CI
Pre-tax national income 
Bottom 50% | share | all ages | equal split
",p0p50,1994,0.1317,2.0,CIV,Sub-Saharan Africa
Cote d’Ivoire,"sptinc_p0p50_999_j_CI
Pre-tax national income 
Bottom 50% | share | all ages | equal split
",p0p50,1995,0.1288,3.0,CIV,Sub-Saharan Africa
Cote d’Ivoire,"sptinc_p0p50_999_j_CI
Pre-tax national income 
Bottom 50% | share | all ages | equal split
",p0p50,1996,0.1325,2.0,CIV,Sub-Saharan Africa
Cote d’Ivoire,"sptinc_p0p50_999_j_CI
Pre-tax national income 
Bottom 50% | share | all ages | equal split
",p0p50,1997,0.1363,2.0,CIV,Sub-Saharan Africa
Cote d’Ivoire,"sptinc_p0p50_999_j_CI
Pre-tax national income 
Bottom 50% | share | all ages | equal split
",p0p50,1998,0.14,3.0,CIV,Sub-Saharan Africa
Cote d’Ivoire,"sptinc_p0p50_999_j_CI
Pre-tax national income 
Bottom 50% | share | all ages | equal split
",p0p50,1999,0.1377,2.0,CIV,Sub-Saharan Africa
Cote d’Ivoire,"sptinc_p0p50_999_j_CI
Pre-tax national income 
Bottom 50% | share | all ages | equal split
",p0p50,2000,0.1354,2.0,CIV,Sub-Saharan Africa
Cote d’Ivoire,"sptinc_p0p50_999_j_CI
Pre-tax national income 
Bottom 50% | share | all ages | equal split
",p0p50,2001,0.1331,2.0,CIV,Sub-Saharan Africa
Cote d’Ivoire,"sptinc_p0p50_999_j_CI
Pre-tax national income 
Bottom 50% | share | all ages | equal split
",p0p50,2002,0.1308,3.0,CIV,Sub-Saharan Africa
Cote d’Ivoire,"sptinc_p0p50_999_j_CI
Pre-tax national income 
Bottom 50% | share | all ages | equal split
",p0p50,2003,0.1295,2.0,CIV,Sub-Saharan Africa
Cote d’Ivoire,"sptinc_p0p50_999_j_CI
Pre-tax national income 
Bottom 50% | share | all ages | equal split
",p0p50,2004,0.1282,2.0,CIV,Sub-Saharan Africa
Cote d’Ivoire,"sptinc_p0p50_999_j_CI
Pre-tax national income 
Bottom 50% | share | all ages | equal split
",p0p50,2005,0.1269,2.0,CIV,Sub-Saharan Africa
Cote d’Ivoire,"sptinc_p0p50_999_j_CI
Pre-tax national income 
Bottom 50% | share | all ages | equal split
",p0p50,2006,0.1255,2.0,CIV,Sub-Saharan Africa
Cote d’Ivoire,"sptinc_p0p50_999_j_CI
Pre-tax national income 
Bottom 50% | share | all ages | equal split
",p0p50,2007,0.1242,2.0,CIV,Sub-Saharan Africa
Cote d’Ivoire,"sptinc_p0p50_999_j_CI
Pre-tax national income 
Bottom 50% | share | all ages | equal split
",p0p50,2008,0.1229,3.0,CIV,Sub-Saharan Africa
Cote d’Ivoire,"sptinc_p0p50_999_j_CI
Pre-tax national income 
Bottom 50% | share | all ages | equal split
",p0p50,2009,0.1238,2.0,CIV,Sub-Saharan Africa
Cote d’Ivoire,"sptinc_p0p50_999_j_CI
Pre-tax national income 
Bottom 50% | share | all ages | equal split
",p0p50,2010,0.1247,2.0,CIV,Sub-Saharan Africa
Cote d’Ivoire,"sptinc_p0p50_999_j_CI
Pre-tax national income 
Bottom 50% | share | all ages | equal split
",p0p50,2011,0.1256,2.0,CIV,Sub-Saharan Africa
Cote d’Ivoire,"sptinc_p0p50_999_j_CI
Pre-tax national income 
Bottom 50% | share | all ages | equal split
",p0p50,2012,0.1265,2.0,CIV,Sub-Saharan Africa
Cote d’Ivoire,"sptinc_p0p50_999_j_CI
Pre-tax national income 
Bottom 50% | share | all ages | equal split
",p0p50,2013,0.1274,2.0,CIV,Sub-Saharan Africa
Cote d’Ivoire,"sptinc_p0p50_999_j_CI
Pre-tax national income 
Bottom 50% | share | all ages | equal split
",p0p50,2014,0.1283,2.0,CIV,Sub-Saharan Africa
Cote d’Ivoire,"sptinc_p0p50_999_j_CI
Pre-tax national income 
Bottom 50% | share | all ages | equal split
",p0p50,2015,0.1292,3.0,CIV,Sub-Saharan Africa
Cote d’Ivoire,"sptinc_p0p50_999_j_CI
Pre-tax national income 
Bottom 50% | share | all ages | equal split
",p0p50,2016,0.1344,2.0,CIV,Sub-Saharan Africa
Cote d’Ivoire,"sptinc_p0p50_999_j_CI
Pre-tax national income 
Bottom 50% | share | all ages | equal split
",p0p50,2017,0.1396,2.0,CIV,Sub-Saharan Africa
Cote d’Ivoire,"sptinc_p0p50_999_j_CI
Pre-tax national income 
Bottom 50% | share | all ages | equal split
",p0p50,2018,0.1448,3.0,CIV,Sub-Saharan Africa
Cote d’Ivoire,"sptinc_p0p50_999_j_CI
Pre-tax national income 
Bottom 50% | share | all ages | equal split
",p0p50,2019,0.1476,2.0,CIV,Sub-Saharan Africa
Cote d’Ivoire,"sptinc_p0p50_999_j_CI
Pre-tax national income 
Bottom 50% | share | all ages | equal split
",p0p50,2020,0.1505,2.0,CIV,Sub-Saharan Africa
Cote d’Ivoire,"sptinc_p0p50_999_j_CI
Pre-tax national income 
Bottom 50% | share | all ages | equal split
",p0p50,2021,0.1533,3.0,CIV,Sub-Saharan Africa
Cote d’Ivoire,"sptinc_p0p50_999_j_CI
Pre-tax national income 
Bottom 50% | share | all ages | equal split
",p0p50,2022,0.1533,1.0,CIV,Sub-Saharan Africa
Cote d’Ivoire,"sptinc_p0p50_999_j_CI
Pre-tax national income 
Bottom 50% | share | all ages | equal split
",p0p50,2023,0.1533,1.0,CIV,Sub-Saharan Africa
Cote d’Ivoire,"sptinc_p0p50_999_j_CI
Pre-tax national income 
Bottom 50% | share | all ages | equal split
",p0p50,2024,0.1533,1.0,CIV,Sub-Saharan Africa
Croatia,"sptinc_p0p50_999_j_HR
Pre-tax national income 
Bottom 50% | share | all ages | equal split
",p0p50,1967,0.236,3.0,HRV,Eastern Europe & FSU
Croatia,"sptinc_p0p50_999_j_HR
Pre-tax national income 
Bottom 50% | share | all ages | equal split
",p0p50,1968,0.2355,3.0,HRV,Eastern Europe & FSU
Croatia,"sptinc_p0p50_999_j_HR
Pre-tax national income 
Bottom 50% | share | all ages | equal split
",p0p50,1970,0.2341,3.0,HRV,Eastern Europe & FSU
Croatia,"sptinc_p0p50_999_j_HR
Pre-tax national income 
Bottom 50% | share | all ages | equal split
",p0p50,1973,0.2327,3.0,HRV,Eastern Europe & FSU
Croatia,"sptinc_p0p50_999_j_HR
Pre-tax national income 
Bottom 50% | share | all ages | equal split
",p0p50,1974,0.2321,3.0,HRV,Eastern Europe & FSU
Croatia,"sptinc_p0p50_999_j_HR
Pre-tax national income 
Bottom 50% | share | all ages | equal split
",p0p50,1977,0.2302,3.0,HRV,Eastern Europe & FSU
Croatia,"sptinc_p0p50_999_j_HR
Pre-tax national income 
Bottom 50% | share | all ages | equal split
",p0p50,1978,0.2295,3.0,HRV,Eastern Europe & FSU
Croatia,"sptinc_p0p50_999_j_HR
Pre-tax national income 
Bottom 50% | share | all ages | equal split
",p0p50,1979,0.2286,3.0,HRV,Eastern Europe & FSU
Croatia,"sptinc_p0p50_999_j_HR
Pre-tax national income 
Bottom 50% | share | all ages | equal split
",p0p50,1980,0.2266,1.0,HRV,Eastern Europe & FSU
Croatia,"sptinc_p0p50_999_j_HR
Pre-tax national income 
Bottom 50% | share | all ages | equal split
",p0p50,1981,0.2266,1.0,HRV,Eastern Europe & FSU
Croatia,"sptinc_p0p50_999_j_HR
Pre-tax national income 
Bottom 50% | share | all ages | equal split
",p0p50,1982,0.2266,1.0,HRV,Eastern Europe & FSU
Croatia,"sptinc_p0p50_999_j_HR
Pre-tax national income 
Bottom 50% | share | all ages | equal split
",p0p50,1983,0.2266,4.0,HRV,Eastern Europe & FSU
Croatia,"sptinc_p0p50_999_j_HR
Pre-tax national income 
Bottom 50% | share | all ages | equal split
",p0p50,1984,0.2202,4.0,HRV,Eastern Europe & FSU
Croatia,"sptinc_p0p50_999_j_HR
Pre-tax national income 
Bottom 50% | share | all ages | equal split
",p0p50,1985,0.2191,4.0,HRV,Eastern Europe & FSU
Croatia,"sptinc_p0p50_999_j_HR
Pre-tax national income 
Bottom 50% | share | all ages | equal split
",p0p50,1986,0.2161,4.0,HRV,Eastern Europe & FSU
Croatia,"sptinc_p0p50_999_j_HR
Pre-tax national income 
Bottom 50% | share | all ages | equal split
",p0p50,1987,0.226,4.0,HRV,Eastern Europe & FSU
Croatia,"sptinc_p0p50_999_j_HR
Pre-tax national income 
Bottom 50% | share | all ages | equal split
",p0p50,1988,0.2221,4.0,HRV,Eastern Europe & FSU
Croatia,"sptinc_p0p50_999_j_HR
Pre-tax national income 
Bottom 50% | share | all ages | equal split
",p0p50,1989,0.2063,4.0,HRV,Eastern Europe & FSU
Croatia,"sptinc_p0p50_999_j_HR
Pre-tax national income 
Bottom 50% | share | all ages | equal split
",p0p50,1990,0.2089,4.0,HRV,Eastern Europe & FSU
Croatia,"sptinc_p0p50_999_j_HR
Pre-tax national income 
Bottom 50% | share | all ages | equal split
",p0p50,1991,0.2079,4.0,HRV,Eastern Europe & FSU
Croatia,"sptinc_p0p50_999_j_HR
Pre-tax national income 
Bottom 50% | share | all ages | equal split
",p0p50,1992,0.2038,4.0,HRV,Eastern Europe & FSU
Croatia,"sptinc_p0p50_999_j_HR
Pre-tax national income 
Bottom 50% | share | all ages | equal split
",p0p50,1993,0.1992,4.0,HRV,Eastern Europe & FSU
Croatia,"sptinc_p0p50_999_j_HR
Pre-tax national income 
Bottom 50% | share | all ages | equal split
",p0p50,1994,0.1967,4.0,HRV,Eastern Europe & FSU
Croatia,"sptinc_p0p50_999_j_HR
Pre-tax national income 
Bottom 50% | share | all ages | equal split
",p0p50,1995,0.1959,4.0,HRV,Eastern Europe & FSU
Croatia,"sptinc_p0p50_999_j_HR
Pre-tax national income 
Bottom 50% | share | all ages | equal split
",p0p50,1996,0.1967,4.0,HRV,Eastern Europe & FSU
Croatia,"sptinc_p0p50_999_j_HR
Pre-tax national income 
Bottom 50% | share | all ages | equal split
",p0p50,1997,0.1955,4.0,HRV,Eastern Europe & FSU
Croatia,"sptinc_p0p50_999_j_HR
Pre-tax national income 
Bottom 50% | share | all ages | equal split
",p0p50,1998,0.1877,4.0,HRV,Eastern Europe & FSU
Croatia,"sptinc_p0p50_999_j_HR
Pre-tax national income 
Bottom 50% | share | all ages | equal split
",p0p50,1999,0.1809,4.0,HRV,Eastern Europe & FSU
Croatia,"sptinc_p0p50_999_j_HR
Pre-tax national income 
Bottom 50% | share | all ages | equal split
",p0p50,2000,0.1916,4.0,HRV,Eastern Europe & FSU
Croatia,"sptinc_p0p50_999_j_HR
Pre-tax national income 
Bottom 50% | share | all ages | equal split
",p0p50,2001,0.1914,4.0,HRV,Eastern Europe & FSU
Croatia,"sptinc_p0p50_999_j_HR
Pre-tax national income 
Bottom 50% | share | all ages | equal split
",p0p50,2002,0.1986,4.0,HRV,Eastern Europe & FSU
Croatia,"sptinc_p0p50_999_j_HR
Pre-tax national income 
Bottom 50% | share | all ages | equal split
",p0p50,2003,0.2033,4.0,HRV,Eastern Europe & FSU
Croatia,"sptinc_p0p50_999_j_HR
Pre-tax national income 
Bottom 50% | share | all ages | equal split
",p0p50,2004,0.1994,4.0,HRV,Eastern Europe & FSU
Croatia,"sptinc_p0p50_999_j_HR
Pre-tax national income 
Bottom 50% | share | all ages | equal split
",p0p50,2005,0.1916,4.0,HRV,Eastern Europe & FSU
Croatia,"sptinc_p0p50_999_j_HR
Pre-tax national income 
Bottom 50% | share | all ages | equal split
",p0p50,2006,0.1945,4.0,HRV,Eastern Europe & FSU
Croatia,"sptinc_p0p50_999_j_HR
Pre-tax national income 
Bottom 50% | share | all ages | equal split
",p0p50,2007,0.1868,4.0,HRV,Eastern Europe & FSU
Croatia,"sptinc_p0p50_999_j_HR
Pre-tax national income 
Bottom 50% | share | all ages | equal split
",p0p50,2008,0.1882,4.0,HRV,Eastern Europe & FSU
Croatia,"sptinc_p0p50_999_j_HR
Pre-tax national income 
Bottom 50% | share | all ages | equal split
",p0p50,2009,0.1908,4.0,HRV,Eastern Europe & FSU
Croatia,"sptinc_p0p50_999_j_HR
Pre-tax national income 
Bottom 50% | share | all ages | equal split
",p0p50,2010,0.1922,4.0,HRV,Eastern Europe & FSU
Croatia,"sptinc_p0p50_999_j_HR
Pre-tax national income 
Bottom 50% | share | all ages | equal split
",p0p50,2011,0.189,4.0,HRV,Eastern Europe & FSU
Croatia,"sptinc_p0p50_999_j_HR
Pre-tax national income 
Bottom 50% | share | all ages | equal split
",p0p50,2012,0.1884,4.0,HRV,Eastern Europe & FSU
Croatia,"sptinc_p0p50_999_j_HR
Pre-tax national income 
Bottom 50% | share | all ages | equal split
",p0p50,2013,0.1946,4.0,HRV,Eastern Europe & FSU
Croatia,"sptinc_p0p50_999_j_HR
Pre-tax national income 
Bottom 50% | share | all ages | equal split
",p0p50,2014,0.1902,3.0,HRV,Eastern Europe & FSU
Croatia,"sptinc_p0p50_999_j_HR
Pre-tax national income 
Bottom 50% | share | all ages | equal split
",p0p50,2015,0.1912,3.0,HRV,Eastern Europe & FSU
Croatia,"sptinc_p0p50_999_j_HR
Pre-tax national income 
Bottom 50% | share | all ages | equal split
",p0p50,2016,0.1943,3.0,HRV,Eastern Europe & FSU
Croatia,"sptinc_p0p50_999_j_HR
Pre-tax national income 
Bottom 50% | share | all ages | equal split
",p0p50,2017,0.1916,3.0,HRV,Eastern Europe & FSU
Croatia,"sptinc_p0p50_999_j_HR
Pre-tax national income 
Bottom 50% | share | all ages | equal split
",p0p50,2018,0.1899,3.0,HRV,Eastern Europe & FSU
Croatia,"sptinc_p0p50_999_j_HR
Pre-tax national income 
Bottom 50% | share | all ages | equal split
",p0p50,2019,0.1904,3.0,HRV,Eastern Europe & FSU
Croatia,"sptinc_p0p50_999_j_HR
Pre-tax national income 
Bottom 50% | share | all ages | equal split
",p0p50,2020,0.1904,3.0,HRV,Eastern Europe & FSU
Croatia,"sptinc_p0p50_999_j_HR
Pre-tax national income 
Bottom 50% | share | all ages | equal split
",p0p50,2021,0.1897,3.0,HRV,Eastern Europe & FSU
Croatia,"sptinc_p0p50_999_j_HR
Pre-tax national income 
Bottom 50% | share | all ages | equal split
",p0p50,2022,0.1898,3.0,HRV,Eastern Europe & FSU
Croatia,"sptinc_p0p50_999_j_HR
Pre-tax national income 
Bottom 50% | share | all ages | equal split
",p0p50,2023,0.1896,3.0,HRV,Eastern Europe & FSU
Croatia,"sptinc_p0p50_999_j_HR
Pre-tax national income 
Bottom 50% | share | all ages | equal split
",p0p50,2024,0.1896,1.0,HRV,Eastern Europe & FSU
Cyprus,"sptinc_p0p50_999_j_CY
Pre-tax national income 
Bottom 50% | share | all ages | equal split
",p0p50,1980,0.1814,1.0,CYP,Southern Europe
Cyprus,"sptinc_p0p50_999_j_CY
Pre-tax national income 
Bottom 50% | share | all ages | equal split
",p0p50,1981,0.1817,1.0,CYP,Southern Europe
Cyprus,"sptinc_p0p50_999_j_CY
Pre-tax national income 
Bottom 50% | share | all ages | equal split
",p0p50,1982,0.1819,1.0,CYP,Southern Europe
Cyprus,"sptinc_p0p50_999_j_CY
Pre-tax national income 
Bottom 50% | share | all ages | equal split
",p0p50,1983,0.1822,1.0,CYP,Southern Europe
Cyprus,"sptinc_p0p50_999_j_CY
Pre-tax national income 
Bottom 50% | share | all ages | equal split
",p0p50,1984,0.1824,1.0,CYP,Southern Europe
Cyprus,"sptinc_p0p50_999_j_CY
Pre-tax national income 
Bottom 50% | share | all ages | equal split
",p0p50,1985,0.1822,1.0,CYP,Southern Europe
Cyprus,"sptinc_p0p50_999_j_CY
Pre-tax national income 
Bottom 50% | share | all ages | equal split
",p0p50,1986,0.1816,1.0,CYP,Southern Europe
Cyprus,"sptinc_p0p50_999_j_CY
Pre-tax national income 
Bottom 50% | share | all ages | equal split
",p0p50,1987,0.1817,1.0,CYP,Southern Europe
Cyprus,"sptinc_p0p50_999_j_CY
Pre-tax national income 
Bottom 50% | share | all ages | equal split
",p0p50,1988,0.1816,1.0,CYP,Southern Europe
Cyprus,"sptinc_p0p50_999_j_CY
Pre-tax national income 
Bottom 50% | share | all ages | equal split
",p0p50,1989,0.1812,1.0,CYP,Southern Europe
Cyprus,"sptinc_p0p50_999_j_CY
Pre-tax national income 
Bottom 50% | share | all ages | equal split
",p0p50,1990,0.1818,3.0,CYP,Southern Europe
Cyprus,"sptinc_p0p50_999_j_CY
Pre-tax national income 
Bottom 50% | share | all ages | equal split
",p0p50,1991,0.1835,3.0,CYP,Southern Europe
Cyprus,"sptinc_p0p50_999_j_CY
Pre-tax national income 
Bottom 50% | share | all ages | equal split
",p0p50,1992,0.1849,3.0,CYP,Southern Europe
Cyprus,"sptinc_p0p50_999_j_CY
Pre-tax national income 
Bottom 50% | share | all ages | equal split
",p0p50,1993,0.1859,3.0,CYP,Southern Europe
Cyprus,"sptinc_p0p50_999_j_CY
Pre-tax national income 
Bottom 50% | share | all ages | equal split
",p0p50,1994,0.1862,3.0,CYP,Southern Europe
Cyprus,"sptinc_p0p50_999_j_CY
Pre-tax national income 
Bottom 50% | share | all ages | equal split
",p0p50,1995,0.1868,3.0,CYP,Southern Europe
Cyprus,"sptinc_p0p50_999_j_CY
Pre-tax national income 
Bottom 50% | share | all ages | equal split
",p0p50,1996,0.1885,3.0,CYP,Southern Europe
Cyprus,"sptinc_p0p50_999_j_CY
Pre-tax national income 
Bottom 50% | share | all ages | equal split
",p0p50,1997,0.1923,3.0,CYP,Southern Europe
Cyprus,"sptinc_p0p50_999_j_CY
Pre-tax national income 
Bottom 50% | share | all ages | equal split
",p0p50,1998,0.1753,3.0,CYP,Southern Europe
Cyprus,"sptinc_p0p50_999_j_CY
Pre-tax national income 
Bottom 50% | share | all ages | equal split
",p0p50,1999,0.1897,3.0,CYP,Southern Europe
Cyprus,"sptinc_p0p50_999_j_CY
Pre-tax national income 
Bottom 50% | share | all ages | equal split
",p0p50,2000,0.1946,3.0,CYP,Southern Europe
Cyprus,"sptinc_p0p50_999_j_CY
Pre-tax national income 
Bottom 50% | share | all ages | equal split
",p0p50,2001,0.1902,3.0,CYP,Southern Europe
Cyprus,"sptinc_p0p50_999_j_CY
Pre-tax national income 
Bottom 50% | share | all ages | equal split
",p0p50,2002,0.1837,3.0,CYP,Southern Europe
Cyprus,"sptinc_p0p50_999_j_CY
Pre-tax national income 
Bottom 50% | share | all ages | equal split
",p0p50,2003,0.1889,3.0,CYP,Southern Europe
Cyprus,"sptinc_p0p50_999_j_CY
Pre-tax national income 
Bottom 50% | share | all ages | equal split
",p0p50,2004,0.2098,3.0,CYP,Southern Europe
Cyprus,"sptinc_p0p50_999_j_CY
Pre-tax national income 
Bottom 50% | share | all ages | equal split
",p0p50,2005,0.2145,3.0,CYP,Southern Europe
Cyprus,"sptinc_p0p50_999_j_CY
Pre-tax national income 
Bottom 50% | share | all ages | equal split
",p0p50,2006,0.2084,3.0,CYP,Southern Europe
Cyprus,"sptinc_p0p50_999_j_CY
Pre-tax national income 
Bottom 50% | share | all ages | equal split
",p0p50,2007,0.2104,3.0,CYP,Southern Europe
Cyprus,"sptinc_p0p50_999_j_CY
Pre-tax national income 
Bottom 50% | share | all ages | equal split
",p0p50,2008,0.1971,3.0,CYP,Southern Europe
Cyprus,"sptinc_p0p50_999_j_CY
Pre-tax national income 
Bottom 50% | share | all ages | equal split
",p0p50,2009,0.1927,3.0,CYP,Southern Europe
Cyprus,"sptinc_p0p50_999_j_CY
Pre-tax national income 
Bottom 50% | share | all ages | equal split
",p0p50,2010,0.1992,3.0,CYP,Southern Europe
Cyprus,"sptinc_p0p50_999_j_CY
Pre-tax national income 
Bottom 50% | share | all ages | equal split
",p0p50,2011,0.1816,3.0,CYP,Southern Europe
Cyprus,"sptinc_p0p50_999_j_CY
Pre-tax national income 
Bottom 50% | share | all ages | equal split
",p0p50,2012,0.1792,3.0,CYP,Southern Europe
Cyprus,"sptinc_p0p50_999_j_CY
Pre-tax national income 
Bottom 50% | share | all ages | equal split
",p0p50,2013,0.1691,3.0,CYP,Southern Europe
Cyprus,"sptinc_p0p50_999_j_CY
Pre-tax national income 
Bottom 50% | share | all ages | equal split
",p0p50,2014,0.1775,3.0,CYP,Southern Europe
Cyprus,"sptinc_p0p50_999_j_CY
Pre-tax national income 
Bottom 50% | share | all ages | equal split
",p0p50,2015,0.1754,3.0,CYP,Southern Europe
Cyprus,"sptinc_p0p50_999_j_CY
Pre-tax national income 
Bottom 50% | share | all ages | equal split
",p0p50,2016,0.1865,3.0,CYP,Southern Europe
Cyprus,"sptinc_p0p50_999_j_CY
Pre-tax national income 
Bottom 50% | share | all ages | equal split
",p0p50,2017,0.1939,3.0,CYP,Southern Europe
Cyprus,"sptinc_p0p50_999_j_CY
Pre-tax national income 
Bottom 50% | share | all ages | equal split
",p0p50,2018,0.1892,3.0,CYP,Southern Europe
Cyprus,"sptinc_p0p50_999_j_CY
Pre-tax national income 
Bottom 50% | share | all ages | equal split
",p0p50,2019,0.2034,3.0,CYP,Southern Europe
Cyprus,"sptinc_p0p50_999_j_CY
Pre-tax national income 
Bottom 50% | share | all ages | equal split
",p0p50,2020,0.2034,3.0,CYP,Southern Europe
Cyprus,"sptinc_p0p50_999_j_CY
Pre-tax national income 
Bottom 50% | share | all ages | equal split
",p0p50,2021,0.2062,3.0,CYP,Southern Europe
Cyprus,"sptinc_p0p50_999_j_CY
Pre-tax national income 
Bottom 50% | share | all ages | equal split
",p0p50,2022,0.2083,3.0,CYP,Southern Europe
Cyprus,"sptinc_p0p50_999_j_CY
Pre-tax national income 
Bottom 50% | share | all ages | equal split
",p0p50,2023,0.2124,3.0,CYP,Southern Europe
Cyprus,"sptinc_p0p50_999_j_CY
Pre-tax national income 
Bottom 50% | share | all ages | equal split
",p0p50,2024,0.2124,1.0,CYP,Southern Europe
Czech Republic,"sptinc_p0p50_999_j_CZ
Pre-tax national income 
Bottom 50% | share | all ages | equal split
",p0p50,1980,0.3092,4.0,CZE,Eastern Europe & FSU
Czech Republic,"sptinc_p0p50_999_j_CZ
Pre-tax national income 
Bottom 50% | share | all ages | equal split
",p0p50,1981,0.3205,4.0,CZE,Eastern Europe & FSU
Czech Republic,"sptinc_p0p50_999_j_CZ
Pre-tax national income 
Bottom 50% | share | all ages | equal split
",p0p50,1982,0.3116,4.0,CZE,Eastern Europe & FSU
Czech Republic,"sptinc_p0p50_999_j_CZ
Pre-tax national income 
Bottom 50% | share | all ages | equal split
",p0p50,1983,0.3118,4.0,CZE,Eastern Europe & FSU
Czech Republic,"sptinc_p0p50_999_j_CZ
Pre-tax national income 
Bottom 50% | share | all ages | equal split
",p0p50,1984,0.3129,4.0,CZE,Eastern Europe & FSU
Czech Republic,"sptinc_p0p50_999_j_CZ
Pre-tax national income 
Bottom 50% | share | all ages | equal split
",p0p50,1985,0.3138,4.0,CZE,Eastern Europe & FSU
Czech Republic,"sptinc_p0p50_999_j_CZ
Pre-tax national income 
Bottom 50% | share | all ages | equal split
",p0p50,1986,0.3126,4.0,CZE,Eastern Europe & FSU
Czech Republic,"sptinc_p0p50_999_j_CZ
Pre-tax national income 
Bottom 50% | share | all ages | equal split
",p0p50,1987,0.3103,4.0,CZE,Eastern Europe & FSU
Czech Republic,"sptinc_p0p50_999_j_CZ
Pre-tax national income 
Bottom 50% | share | all ages | equal split
",p0p50,1988,0.3088,4.0,CZE,Eastern Europe & FSU
Czech Republic,"sptinc_p0p50_999_j_CZ
Pre-tax national income 
Bottom 50% | share | all ages | equal split
",p0p50,1989,0.3075,4.0,CZE,Eastern Europe & FSU
Czech Republic,"sptinc_p0p50_999_j_CZ
Pre-tax national income 
Bottom 50% | share | all ages | equal split
",p0p50,1990,0.3004,4.0,CZE,Eastern Europe & FSU
Czech Republic,"sptinc_p0p50_999_j_CZ
Pre-tax national income 
Bottom 50% | share | all ages | equal split
",p0p50,1991,0.2913,4.0,CZE,Eastern Europe & FSU
Czech Republic,"sptinc_p0p50_999_j_CZ
Pre-tax national income 
Bottom 50% | share | all ages | equal split
",p0p50,1992,0.2766,4.0,CZE,Eastern Europe & FSU
Czech Republic,"sptinc_p0p50_999_j_CZ
Pre-tax national income 
Bottom 50% | share | all ages | equal split
",p0p50,1993,0.2647,4.0,CZE,Eastern Europe & FSU
Czech Republic,"sptinc_p0p50_999_j_CZ
Pre-tax national income 
Bottom 50% | share | all ages | equal split
",p0p50,1994,0.2522,4.0,CZE,Eastern Europe & FSU
Czech Republic,"sptinc_p0p50_999_j_CZ
Pre-tax national income 
Bottom 50% | share | all ages | equal split
",p0p50,1995,0.2535,4.0,CZE,Eastern Europe & FSU
Czech Republic,"sptinc_p0p50_999_j_CZ
Pre-tax national income 
Bottom 50% | share | all ages | equal split
",p0p50,1996,0.2497,4.0,CZE,Eastern Europe & FSU
Czech Republic,"sptinc_p0p50_999_j_CZ
Pre-tax national income 
Bottom 50% | share | all ages | equal split
",p0p50,1997,0.255,4.0,CZE,Eastern Europe & FSU
Czech Republic,"sptinc_p0p50_999_j_CZ
Pre-tax national income 
Bottom 50% | share | all ages | equal split
",p0p50,1998,0.2521,4.0,CZE,Eastern Europe & FSU
Czech Republic,"sptinc_p0p50_999_j_CZ
Pre-tax national income 
Bottom 50% | share | all ages | equal split
",p0p50,1999,0.253,4.0,CZE,Eastern Europe & FSU
Czech Republic,"sptinc_p0p50_999_j_CZ
Pre-tax national income 
Bottom 50% | share | all ages | equal split
",p0p50,2000,0.2528,4.0,CZE,Eastern Europe & FSU
Czech Republic,"sptinc_p0p50_999_j_CZ
Pre-tax national income 
Bottom 50% | share | all ages | equal split
",p0p50,2001,0.2523,4.0,CZE,Eastern Europe & FSU
Czech Republic,"sptinc_p0p50_999_j_CZ
Pre-tax national income 
Bottom 50% | share | all ages | equal split
",p0p50,2002,0.259,4.0,CZE,Eastern Europe & FSU
Czech Republic,"sptinc_p0p50_999_j_CZ
Pre-tax national income 
Bottom 50% | share | all ages | equal split
",p0p50,2003,0.2579,4.0,CZE,Eastern Europe & FSU
Czech Republic,"sptinc_p0p50_999_j_CZ
Pre-tax national income 
Bottom 50% | share | all ages | equal split
",p0p50,2004,0.2511,4.0,CZE,Eastern Europe & FSU
Czech Republic,"sptinc_p0p50_999_j_CZ
Pre-tax national income 
Bottom 50% | share | all ages | equal split
",p0p50,2005,0.252,4.0,CZE,Eastern Europe & FSU
Czech Republic,"sptinc_p0p50_999_j_CZ
Pre-tax national income 
Bottom 50% | share | all ages | equal split
",p0p50,2006,0.2462,4.0,CZE,Eastern Europe & FSU
Czech Republic,"sptinc_p0p50_999_j_CZ
Pre-tax national income 
Bottom 50% | share | all ages | equal split
",p0p50,2007,0.2486,4.0,CZE,Eastern Europe & FSU
Czech Republic,"sptinc_p0p50_999_j_CZ
Pre-tax national income 
Bottom 50% | share | all ages | equal split
",p0p50,2008,0.2417,4.0,CZE,Eastern Europe & FSU
Czech Republic,"sptinc_p0p50_999_j_CZ
Pre-tax national income 
Bottom 50% | share | all ages | equal split
",p0p50,2009,0.2544,4.0,CZE,Eastern Europe & FSU
Czech Republic,"sptinc_p0p50_999_j_CZ
Pre-tax national income 
Bottom 50% | share | all ages | equal split
",p0p50,2010,0.2504,4.0,CZE,Eastern Europe & FSU
Czech Republic,"sptinc_p0p50_999_j_CZ
Pre-tax national income 
Bottom 50% | share | all ages | equal split
",p0p50,2011,0.2601,4.0,CZE,Eastern Europe & FSU
Czech Republic,"sptinc_p0p50_999_j_CZ
Pre-tax national income 
Bottom 50% | share | all ages | equal split
",p0p50,2012,0.2529,4.0,CZE,Eastern Europe & FSU
Czech Republic,"sptinc_p0p50_999_j_CZ
Pre-tax national income 
Bottom 50% | share | all ages | equal split
",p0p50,2013,0.2608,4.0,CZE,Eastern Europe & FSU
Czech Republic,"sptinc_p0p50_999_j_CZ
Pre-tax national income 
Bottom 50% | share | all ages | equal split
",p0p50,2014,0.2503,4.0,CZE,Eastern Europe & FSU
Czech Republic,"sptinc_p0p50_999_j_CZ
Pre-tax national income 
Bottom 50% | share | all ages | equal split
",p0p50,2015,0.2451,4.0,CZE,Eastern Europe & FSU
Czech Republic,"sptinc_p0p50_999_j_CZ
Pre-tax national income 
Bottom 50% | share | all ages | equal split
",p0p50,2016,0.2536,3.0,CZE,Eastern Europe & FSU
Czech Republic,"sptinc_p0p50_999_j_CZ
Pre-tax national income 
Bottom 50% | share | all ages | equal split
",p0p50,2017,0.2513,3.0,CZE,Eastern Europe & FSU
Czech Republic,"sptinc_p0p50_999_j_CZ
Pre-tax national income 
Bottom 50% | share | all ages | equal split
",p0p50,2018,0.2534,3.0,CZE,Eastern Europe & FSU
Czech Republic,"sptinc_p0p50_999_j_CZ
Pre-tax national income 
Bottom 50% | share | all ages | equal split
",p0p50,2019,0.2532,3.0,CZE,Eastern Europe & FSU
Czech Republic,"sptinc_p0p50_999_j_CZ
Pre-tax national income 
Bottom 50% | share | all ages | equal split
",p0p50,2020,0.2532,3.0,CZE,Eastern Europe & FSU
Czech Republic,"sptinc_p0p50_999_j_CZ
Pre-tax national income 
Bottom 50% | share | all ages | equal split
",p0p50,2021,0.2531,3.0,CZE,Eastern Europe & FSU
Czech Republic,"sptinc_p0p50_999_j_CZ
Pre-tax national income 
Bottom 50% | share | all ages | equal split
",p0p50,2022,0.253,3.0,CZE,Eastern Europe & FSU
Czech Republic,"sptinc_p0p50_999_j_CZ
Pre-tax national income 
Bottom 50% | share | all ages | equal split
",p0p50,2023,0.2531,3.0,CZE,Eastern Europe & FSU
Czech Republic,"sptinc_p0p50_999_j_CZ
Pre-tax national income 
Bottom 50% | share | all ages | equal split
",p0p50,2024,0.2531,1.0,CZE,Eastern Europe & FSU
Denmark,"sptinc_p0p50_999_j_DK
Pre-tax national income 
Bottom 50% | share | all ages | equal split
",p0p50,1960,0.2274,3.0,DNK,Nordic
Denmark,"sptinc_p0p50_999_j_DK
Pre-tax national income 
Bottom 50% | share | all ages | equal split
",p0p50,1961,0.2298,3.0,DNK,Nordic
Denmark,"sptinc_p0p50_999_j_DK
Pre-tax national income 
Bottom 50% | share | all ages | equal split
",p0p50,1962,0.2317,3.0,DNK,Nordic
Denmark,"sptinc_p0p50_999_j_DK
Pre-tax national income 
Bottom 50% | share | all ages | equal split
",p0p50,1963,0.2347,3.0,DNK,Nordic
Denmark,"sptinc_p0p50_999_j_DK
Pre-tax national income 
Bottom 50% | share | all ages | equal split
",p0p50,1964,0.2369,3.0,DNK,Nordic
Denmark,"sptinc_p0p50_999_j_DK
Pre-tax national income 
Bottom 50% | share | all ages | equal split
",p0p50,1965,0.2385,3.0,DNK,Nordic
Denmark,"sptinc_p0p50_999_j_DK
Pre-tax national income 
Bottom 50% | share | all ages | equal split
",p0p50,1966,0.2413,3.0,DNK,Nordic
Denmark,"sptinc_p0p50_999_j_DK
Pre-tax national income 
Bottom 50% | share | all ages | equal split
",p0p50,1967,0.2432,3.0,DNK,Nordic
Denmark,"sptinc_p0p50_999_j_DK
Pre-tax national income 
Bottom 50% | share | all ages | equal split
",p0p50,1968,0.2445,3.0,DNK,Nordic
Denmark,"sptinc_p0p50_999_j_DK
Pre-tax national income 
Bottom 50% | share | all ages | equal split
",p0p50,1970,0.2356,3.0,DNK,Nordic
Denmark,"sptinc_p0p50_999_j_DK
Pre-tax national income 
Bottom 50% | share | all ages | equal split
",p0p50,1971,0.2506,3.0,DNK,Nordic
Denmark,"sptinc_p0p50_999_j_DK
Pre-tax national income 
Bottom 50% | share | all ages | equal split
",p0p50,1972,0.2523,3.0,DNK,Nordic
Denmark,"sptinc_p0p50_999_j_DK
Pre-tax national income 
Bottom 50% | share | all ages | equal split
",p0p50,1973,0.2547,3.0,DNK,Nordic
Denmark,"sptinc_p0p50_999_j_DK
Pre-tax national income 
Bottom 50% | share | all ages | equal split
",p0p50,1974,0.2567,3.0,DNK,Nordic
Denmark,"sptinc_p0p50_999_j_DK
Pre-tax national income 
Bottom 50% | share | all ages | equal split
",p0p50,1975,0.2586,3.0,DNK,Nordic
Denmark,"sptinc_p0p50_999_j_DK
Pre-tax national income 
Bottom 50% | share | all ages | equal split
",p0p50,1976,0.2607,3.0,DNK,Nordic
Denmark,"sptinc_p0p50_999_j_DK
Pre-tax national income 
Bottom 50% | share | all ages | equal split
",p0p50,1977,0.2627,3.0,DNK,Nordic
Denmark,"sptinc_p0p50_999_j_DK
Pre-tax national income 
Bottom 50% | share | all ages | equal split
",p0p50,1978,0.2647,3.0,DNK,Nordic
Denmark,"sptinc_p0p50_999_j_DK
Pre-tax national income 
Bottom 50% | share | all ages | equal split
",p0p50,1979,0.2667,3.0,DNK,Nordic
Denmark,"sptinc_p0p50_999_j_DK
Pre-tax national income 
Bottom 50% | share | all ages | equal split
",p0p50,1980,0.2509,4.0,DNK,Nordic
Denmark,"sptinc_p0p50_999_j_DK
Pre-tax national income 
Bottom 50% | share | all ages | equal split
",p0p50,1981,0.2464,4.0,DNK,Nordic
Denmark,"sptinc_p0p50_999_j_DK
Pre-tax national income 
Bottom 50% | share | all ages | equal split
",p0p50,1982,0.2472,4.0,DNK,Nordic
Denmark,"sptinc_p0p50_999_j_DK
Pre-tax national income 
Bottom 50% | share | all ages | equal split
",p0p50,1983,0.2461,4.0,DNK,Nordic
Denmark,"sptinc_p0p50_999_j_DK
Pre-tax national income 
Bottom 50% | share | all ages | equal split
",p0p50,1984,0.2465,4.0,DNK,Nordic
Denmark,"sptinc_p0p50_999_j_DK
Pre-tax national income 
Bottom 50% | share | all ages | equal split
",p0p50,1985,0.2434,4.0,DNK,Nordic
Denmark,"sptinc_p0p50_999_j_DK
Pre-tax national income 
Bottom 50% | share | all ages | equal split
",p0p50,1986,0.2497,4.0,DNK,Nordic
Denmark,"sptinc_p0p50_999_j_DK
Pre-tax national income 
Bottom 50% | share | all ages | equal split
",p0p50,1987,0.2484,4.0,DNK,Nordic
Denmark,"sptinc_p0p50_999_j_DK
Pre-tax national income 
Bottom 50% | share | all ages | equal split
",p0p50,1988,0.2495,4.0,DNK,Nordic
Denmark,"sptinc_p0p50_999_j_DK
Pre-tax national income 
Bottom 50% | share | all ages | equal split
",p0p50,1989,0.2484,4.0,DNK,Nordic
Denmark,"sptinc_p0p50_999_j_DK
Pre-tax national income 
Bottom 50% | share | all ages | equal split
",p0p50,1990,0.2477,4.0,DNK,Nordic
Denmark,"sptinc_p0p50_999_j_DK
Pre-tax national income 
Bottom 50% | share | all ages | equal split
",p0p50,1991,0.2496,4.0,DNK,Nordic
Denmark,"sptinc_p0p50_999_j_DK
Pre-tax national income 
Bottom 50% | share | all ages | equal split
",p0p50,1992,0.2481,4.0,DNK,Nordic
Denmark,"sptinc_p0p50_999_j_DK
Pre-tax national income 
Bottom 50% | share | all ages | equal split
",p0p50,1993,0.2492,4.0,DNK,Nordic
Denmark,"sptinc_p0p50_999_j_DK
Pre-tax national income 
Bottom 50% | share | all ages | equal split
",p0p50,1994,0.2475,4.0,DNK,Nordic
Denmark,"sptinc_p0p50_999_j_DK
Pre-tax national income 
Bottom 50% | share | all ages | equal split
",p0p50,1995,0.2482,4.0,DNK,Nordic
Denmark,"sptinc_p0p50_999_j_DK
Pre-tax national income 
Bottom 50% | share | all ages | equal split
",p0p50,1996,0.2474,4.0,DNK,Nordic
Denmark,"sptinc_p0p50_999_j_DK
Pre-tax national income 
Bottom 50% | share | all ages | equal split
",p0p50,1997,0.2424,4.0,DNK,Nordic
Denmark,"sptinc_p0p50_999_j_DK
Pre-tax national income 
Bottom 50% | share | all ages | equal split
",p0p50,1998,0.2432,4.0,DNK,Nordic
Denmark,"sptinc_p0p50_999_j_DK
Pre-tax national income 
Bottom 50% | share | all ages | equal split
",p0p50,1999,0.2375,4.0,DNK,Nordic
Denmark,"sptinc_p0p50_999_j_DK
Pre-tax national income 
Bottom 50% | share | all ages | equal split
",p0p50,2000,0.2351,4.0,DNK,Nordic
Denmark,"sptinc_p0p50_999_j_DK
Pre-tax national income 
Bottom 50% | share | all ages | equal split
",p0p50,2001,0.242,4.0,DNK,Nordic
Denmark,"sptinc_p0p50_999_j_DK
Pre-tax national income 
Bottom 50% | share | all ages | equal split
",p0p50,2002,0.2437,4.0,DNK,Nordic
Denmark,"sptinc_p0p50_999_j_DK
Pre-tax national income 
Bottom 50% | share | all ages | equal split
",p0p50,2003,0.2519,4.0,DNK,Nordic
Denmark,"sptinc_p0p50_999_j_DK
Pre-tax national income 
Bottom 50% | share | all ages | equal split
",p0p50,2004,0.246,4.0,DNK,Nordic
Denmark,"sptinc_p0p50_999_j_DK
Pre-tax national income 
Bottom 50% | share | all ages | equal split
",p0p50,2005,0.2406,4.0,DNK,Nordic
Denmark,"sptinc_p0p50_999_j_DK
Pre-tax national income 
Bottom 50% | share | all ages | equal split
",p0p50,2006,0.2386,4.0,DNK,Nordic
Denmark,"sptinc_p0p50_999_j_DK
Pre-tax national income 
Bottom 50% | share | all ages | equal split
",p0p50,2007,0.2419,4.0,DNK,Nordic
Denmark,"sptinc_p0p50_999_j_DK
Pre-tax national income 
Bottom 50% | share | all ages | equal split
",p0p50,2008,0.2365,4.0,DNK,Nordic
Denmark,"sptinc_p0p50_999_j_DK
Pre-tax national income 
Bottom 50% | share | all ages | equal split
",p0p50,2009,0.2406,4.0,DNK,Nordic
Denmark,"sptinc_p0p50_999_j_DK
Pre-tax national income 
Bottom 50% | share | all ages | equal split
",p0p50,2010,0.2298,4.0,DNK,Nordic
Denmark,"sptinc_p0p50_999_j_DK
Pre-tax national income 
Bottom 50% | share | all ages | equal split
",p0p50,2011,0.2279,3.0,DNK,Nordic
Denmark,"sptinc_p0p50_999_j_DK
Pre-tax national income 
Bottom 50% | share | all ages | equal split
",p0p50,2012,0.2271,3.0,DNK,Nordic
Denmark,"sptinc_p0p50_999_j_DK
Pre-tax national income 
Bottom 50% | share | all ages | equal split
",p0p50,2013,0.2213,3.0,DNK,Nordic
Denmark,"sptinc_p0p50_999_j_DK
Pre-tax national income 
Bottom 50% | share | all ages | equal split
",p0p50,2014,0.2189,3.0,DNK,Nordic
Denmark,"sptinc_p0p50_999_j_DK
Pre-tax national income 
Bottom 50% | share | all ages | equal split
",p0p50,2015,0.2195,3.0,DNK,Nordic
Denmark,"sptinc_p0p50_999_j_DK
Pre-tax national income 
Bottom 50% | share | all ages | equal split
",p0p50,2016,0.2181,3.0,DNK,Nordic
Denmark,"sptinc_p0p50_999_j_DK
Pre-tax national income 
Bottom 50% | share | all ages | equal split
",p0p50,2017,0.2166,3.0,DNK,Nordic
Denmark,"sptinc_p0p50_999_j_DK
Pre-tax national income 
Bottom 50% | share | all ages | equal split
",p0p50,2018,0.215,3.0,DNK,Nordic
Denmark,"sptinc_p0p50_999_j_DK
Pre-tax national income 
Bottom 50% | share | all ages | equal split
",p0p50,2019,0.2162,3.0,DNK,Nordic
Denmark,"sptinc_p0p50_999_j_DK
Pre-tax national income 
Bottom 50% | share | all ages | equal split
",p0p50,2020,0.2162,3.0,DNK,Nordic
Denmark,"sptinc_p0p50_999_j_DK
Pre-tax national income 
Bottom 50% | share | all ages | equal split
",p0p50,2021,0.2156,3.0,DNK,Nordic
Denmark,"sptinc_p0p50_999_j_DK
Pre-tax national income 
Bottom 50% | share | all ages | equal split
",p0p50,2022,0.2156,3.0,DNK,Nordic
Denmark,"sptinc_p0p50_999_j_DK
Pre-tax national income 
Bottom 50% | share | all ages | equal split
",p0p50,2023,0.2165,1.0,DNK,Nordic
Denmark,"sptinc_p0p50_999_j_DK
Pre-tax national income 
Bottom 50% | share | all ages | equal split
",p0p50,2024,0.2165,1.0,DNK,Nordic
Dominican Republic,"sptinc_p0p50_999_j_DO
Pre-tax national income 
Bottom 50% | share | all ages | equal split
",p0p50,1980,0.0836,1.0,DOM,Latin America & Caribbean
Dominican Republic,"sptinc_p0p50_999_j_DO
Pre-tax national income 
Bottom 50% | share | all ages | equal split
",p0p50,1981,0.0836,1.0,DOM,Latin America & Caribbean
Dominican Republic,"sptinc_p0p50_999_j_DO
Pre-tax national income 
Bottom 50% | share | all ages | equal split
",p0p50,1982,0.0836,1.0,DOM,Latin America & Caribbean
Dominican Republic,"sptinc_p0p50_999_j_DO
Pre-tax national income 
Bottom 50% | share | all ages | equal split
",p0p50,1983,0.0836,1.0,DOM,Latin America & Caribbean
Dominican Republic,"sptinc_p0p50_999_j_DO
Pre-tax national income 
Bottom 50% | share | all ages | equal split
",p0p50,1984,0.0836,1.0,DOM,Latin America & Caribbean
Dominican Republic,"sptinc_p0p50_999_j_DO
Pre-tax national income 
Bottom 50% | share | all ages | equal split
",p0p50,1985,0.0836,1.0,DOM,Latin America & Caribbean
Dominican Republic,"sptinc_p0p50_999_j_DO
Pre-tax national income 
Bottom 50% | share | all ages | equal split
",p0p50,1986,0.0836,1.0,DOM,Latin America & Caribbean
Dominican Republic,"sptinc_p0p50_999_j_DO
Pre-tax national income 
Bottom 50% | share | all ages | equal split
",p0p50,1987,0.0836,1.0,DOM,Latin America & Caribbean
Dominican Republic,"sptinc_p0p50_999_j_DO
Pre-tax national income 
Bottom 50% | share | all ages | equal split
",p0p50,1988,0.0836,1.0,DOM,Latin America & Caribbean
Dominican Republic,"sptinc_p0p50_999_j_DO
Pre-tax national income 
Bottom 50% | share | all ages | equal split
",p0p50,1989,0.0836,1.0,DOM,Latin America & Caribbean
Dominican Republic,"sptinc_p0p50_999_j_DO
Pre-tax national income 
Bottom 50% | share | all ages | equal split
",p0p50,1990,0.0836,1.0,DOM,Latin America & Caribbean
Dominican Republic,"sptinc_p0p50_999_j_DO
Pre-tax national income 
Bottom 50% | share | all ages | equal split
",p0p50,1991,0.0836,1.0,DOM,Latin America & Caribbean
Dominican Republic,"sptinc_p0p50_999_j_DO
Pre-tax national income 
Bottom 50% | share | all ages | equal split
",p0p50,1992,0.0836,1.0,DOM,Latin America & Caribbean
Dominican Republic,"sptinc_p0p50_999_j_DO
Pre-tax national income 
Bottom 50% | share | all ages | equal split
",p0p50,1993,0.0836,1.0,DOM,Latin America & Caribbean
Dominican Republic,"sptinc_p0p50_999_j_DO
Pre-tax national income 
Bottom 50% | share | all ages | equal split
",p0p50,1994,0.0836,1.0,DOM,Latin America & Caribbean
Dominican Republic,"sptinc_p0p50_999_j_DO
Pre-tax national income 
Bottom 50% | share | all ages | equal split
",p0p50,1995,0.0836,1.0,DOM,Latin America & Caribbean
Dominican Republic,"sptinc_p0p50_999_j_DO
Pre-tax national income 
Bottom 50% | share | all ages | equal split
",p0p50,1996,0.0836,1.0,DOM,Latin America & Caribbean
Dominican Republic,"sptinc_p0p50_999_j_DO
Pre-tax national income 
Bottom 50% | share | all ages | equal split
",p0p50,1997,0.0836,1.0,DOM,Latin America & Caribbean
Dominican Republic,"sptinc_p0p50_999_j_DO
Pre-tax national income 
Bottom 50% | share | all ages | equal split
",p0p50,1998,0.0836,1.0,DOM,Latin America & Caribbean
Dominican Republic,"sptinc_p0p50_999_j_DO
Pre-tax national income 
Bottom 50% | share | all ages | equal split
",p0p50,1999,0.0836,1.0,DOM,Latin America & Caribbean
Dominican Republic,"sptinc_p0p50_999_j_DO
Pre-tax national income 
Bottom 50% | share | all ages | equal split
",p0p50,2000,0.0836,1.0,DOM,Latin America & Caribbean
Dominican Republic,"sptinc_p0p50_999_j_DO
Pre-tax national income 
Bottom 50% | share | all ages | equal split
",p0p50,2001,0.0836,1.0,DOM,Latin America & Caribbean
Dominican Republic,"sptinc_p0p50_999_j_DO
Pre-tax national income 
Bottom 50% | share | all ages | equal split
",p0p50,2002,0.0836,1.0,DOM,Latin America & Caribbean
Dominican Republic,"sptinc_p0p50_999_j_DO
Pre-tax national income 
Bottom 50% | share | all ages | equal split
",p0p50,2003,0.0836,1.0,DOM,Latin America & Caribbean
Dominican Republic,"sptinc_p0p50_999_j_DO
Pre-tax national income 
Bottom 50% | share | all ages | equal split
",p0p50,2004,0.0836,1.0,DOM,Latin America & Caribbean
Dominican Republic,"sptinc_p0p50_999_j_DO
Pre-tax national income 
Bottom 50% | share | all ages | equal split
",p0p50,2005,0.0836,1.0,DOM,Latin America & Caribbean
Dominican Republic,"sptinc_p0p50_999_j_DO
Pre-tax national income 
Bottom 50% | share | all ages | equal split
",p0p50,2006,0.0836,1.0,DOM,Latin America & Caribbean
Dominican Republic,"sptinc_p0p50_999_j_DO
Pre-tax national income 
Bottom 50% | share | all ages | equal split
",p0p50,2007,0.0836,1.0,DOM,Latin America & Caribbean
Dominican Republic,"sptinc_p0p50_999_j_DO
Pre-tax national income 
Bottom 50% | share | all ages | equal split
",p0p50,2008,0.0836,1.0,DOM,Latin America & Caribbean
Dominican Republic,"sptinc_p0p50_999_j_DO
Pre-tax national income 
Bottom 50% | share | all ages | equal split
",p0p50,2009,0.0836,1.0,DOM,Latin America & Caribbean
Dominican Republic,"sptinc_p0p50_999_j_DO
Pre-tax national income 
Bottom 50% | share | all ages | equal split
",p0p50,2010,0.0836,1.0,DOM,Latin America & Caribbean
Dominican Republic,"sptinc_p0p50_999_j_DO
Pre-tax national income 
Bottom 50% | share | all ages | equal split
",p0p50,2011,0.0836,1.0,DOM,Latin America & Caribbean
Dominican Republic,"sptinc_p0p50_999_j_DO
Pre-tax national income 
Bottom 50% | share | all ages | equal split
",p0p50,2012,0.0836,4.0,DOM,Latin America & Caribbean
Dominican Republic,"sptinc_p0p50_999_j_DO
Pre-tax national income 
Bottom 50% | share | all ages | equal split
",p0p50,2013,0.0786,4.0,DOM,Latin America & Caribbean
Dominican Republic,"sptinc_p0p50_999_j_DO
Pre-tax national income 
Bottom 50% | share | all ages | equal split
",p0p50,2014,0.0827,4.0,DOM,Latin America & Caribbean
Dominican Republic,"sptinc_p0p50_999_j_DO
Pre-tax national income 
Bottom 50% | share | all ages | equal split
",p0p50,2015,0.0826,4.0,DOM,Latin America & Caribbean
Dominican Republic,"sptinc_p0p50_999_j_DO
Pre-tax national income 
Bottom 50% | share | all ages | equal split
",p0p50,2016,0.0877,4.0,DOM,Latin America & Caribbean
Dominican Republic,"sptinc_p0p50_999_j_DO
Pre-tax national income 
Bottom 50% | share | all ages | equal split
",p0p50,2017,0.0972,4.0,DOM,Latin America & Caribbean
Dominican Republic,"sptinc_p0p50_999_j_DO
Pre-tax national income 
Bottom 50% | share | all ages | equal split
",p0p50,2018,0.095,4.0,DOM,Latin America & Caribbean
Dominican Republic,"sptinc_p0p50_999_j_DO
Pre-tax national income 
Bottom 50% | share | all ages | equal split
",p0p50,2019,0.106,4.0,DOM,Latin America & Caribbean
Dominican Republic,"sptinc_p0p50_999_j_DO
Pre-tax national income 
Bottom 50% | share | all ages | equal split
",p0p50,2020,0.0976,4.0,DOM,Latin America & Caribbean
Dominican Republic,"sptinc_p0p50_999_j_DO
Pre-tax national income 
Bottom 50% | share | all ages | equal split
",p0p50,2021,0.1073,3.0,DOM,Latin America & Caribbean
Dominican Republic,"sptinc_p0p50_999_j_DO
Pre-tax national income 
Bottom 50% | share | all ages | equal split
",p0p50,2022,0.1152,3.0,DOM,Latin America & Caribbean
Dominican Republic,"sptinc_p0p50_999_j_DO
Pre-tax national income 
Bottom 50% | share | all ages | equal split
",p0p50,2023,0.1142,3.0,DOM,Latin America & Caribbean
Dominican Republic,"sptinc_p0p50_999_j_DO
Pre-tax national income 
Bottom 50% | share | all ages | equal split
",p0p50,2024,0.1142,1.0,DOM,Latin America & Caribbean
Ecuador,"sptinc_p0p50_999_j_EC
Pre-tax national income 
Bottom 50% | share | all ages | equal split
",p0p50,1980,0.089,1.0,ECU,Latin America & Caribbean
Ecuador,"sptinc_p0p50_999_j_EC
Pre-tax national income 
Bottom 50% | share | all ages | equal split
",p0p50,1981,0.089,1.0,ECU,Latin America & Caribbean
Ecuador,"sptinc_p0p50_999_j_EC
Pre-tax national income 
Bottom 50% | share | all ages | equal split
",p0p50,1982,0.089,1.0,ECU,Latin America & Caribbean
Ecuador,"sptinc_p0p50_999_j_EC
Pre-tax national income 
Bottom 50% | share | all ages | equal split
",p0p50,1983,0.089,1.0,ECU,Latin America & Caribbean
Ecuador,"sptinc_p0p50_999_j_EC
Pre-tax national income 
Bottom 50% | share | all ages | equal split
",p0p50,1984,0.089,1.0,ECU,Latin America & Caribbean
Ecuador,"sptinc_p0p50_999_j_EC
Pre-tax national income 
Bottom 50% | share | all ages | equal split
",p0p50,1985,0.089,1.0,ECU,Latin America & Caribbean
Ecuador,"sptinc_p0p50_999_j_EC
Pre-tax national income 
Bottom 50% | share | all ages | equal split
",p0p50,1986,0.089,1.0,ECU,Latin America & Caribbean
Ecuador,"sptinc_p0p50_999_j_EC
Pre-tax national income 
Bottom 50% | share | all ages | equal split
",p0p50,1987,0.089,1.0,ECU,Latin America & Caribbean
Ecuador,"sptinc_p0p50_999_j_EC
Pre-tax national income 
Bottom 50% | share | all ages | equal split
",p0p50,1988,0.089,1.0,ECU,Latin America & Caribbean
Ecuador,"sptinc_p0p50_999_j_EC
Pre-tax national income 
Bottom 50% | share | all ages | equal split
",p0p50,1989,0.089,1.0,ECU,Latin America & Caribbean
Ecuador,"sptinc_p0p50_999_j_EC
Pre-tax national income 
Bottom 50% | share | all ages | equal split
",p0p50,1990,0.089,1.0,ECU,Latin America & Caribbean
Ecuador,"sptinc_p0p50_999_j_EC
Pre-tax national income 
Bottom 50% | share | all ages | equal split
",p0p50,1991,0.089,1.0,ECU,Latin America & Caribbean
Ecuador,"sptinc_p0p50_999_j_EC
Pre-tax national income 
Bottom 50% | share | all ages | equal split
",p0p50,1992,0.089,1.0,ECU,Latin America & Caribbean
Ecuador,"sptinc_p0p50_999_j_EC
Pre-tax national income 
Bottom 50% | share | all ages | equal split
",p0p50,1993,0.089,1.0,ECU,Latin America & Caribbean
Ecuador,"sptinc_p0p50_999_j_EC
Pre-tax national income 
Bottom 50% | share | all ages | equal split
",p0p50,1994,0.089,1.0,ECU,Latin America & Caribbean
Ecuador,"sptinc_p0p50_999_j_EC
Pre-tax national income 
Bottom 50% | share | all ages | equal split
",p0p50,1995,0.089,1.0,ECU,Latin America & Caribbean
Ecuador,"sptinc_p0p50_999_j_EC
Pre-tax national income 
Bottom 50% | share | all ages | equal split
",p0p50,1996,0.089,1.0,ECU,Latin America & Caribbean
Ecuador,"sptinc_p0p50_999_j_EC
Pre-tax national income 
Bottom 50% | share | all ages | equal split
",p0p50,1997,0.089,1.0,ECU,Latin America & Caribbean
Ecuador,"sptinc_p0p50_999_j_EC
Pre-tax national income 
Bottom 50% | share | all ages | equal split
",p0p50,1998,0.089,1.0,ECU,Latin America & Caribbean
Ecuador,"sptinc_p0p50_999_j_EC
Pre-tax national income 
Bottom 50% | share | all ages | equal split
",p0p50,1999,0.089,1.0,ECU,Latin America & Caribbean
Ecuador,"sptinc_p0p50_999_j_EC
Pre-tax national income 
Bottom 50% | share | all ages | equal split
",p0p50,2000,0.089,1.0,ECU,Latin America & Caribbean
Ecuador,"sptinc_p0p50_999_j_EC
Pre-tax national income 
Bottom 50% | share | all ages | equal split
",p0p50,2001,0.089,3.0,ECU,Latin America & Caribbean
Ecuador,"sptinc_p0p50_999_j_EC
Pre-tax national income 
Bottom 50% | share | all ages | equal split
",p0p50,2002,0.0912,2.0,ECU,Latin America & Caribbean
Ecuador,"sptinc_p0p50_999_j_EC
Pre-tax national income 
Bottom 50% | share | all ages | equal split
",p0p50,2003,0.0934,3.0,ECU,Latin America & Caribbean
Ecuador,"sptinc_p0p50_999_j_EC
Pre-tax national income 
Bottom 50% | share | all ages | equal split
",p0p50,2004,0.0969,2.0,ECU,Latin America & Caribbean
Ecuador,"sptinc_p0p50_999_j_EC
Pre-tax national income 
Bottom 50% | share | all ages | equal split
",p0p50,2005,0.1004,3.0,ECU,Latin America & Caribbean
Ecuador,"sptinc_p0p50_999_j_EC
Pre-tax national income 
Bottom 50% | share | all ages | equal split
",p0p50,2006,0.1098,3.0,ECU,Latin America & Caribbean
Ecuador,"sptinc_p0p50_999_j_EC
Pre-tax national income 
Bottom 50% | share | all ages | equal split
",p0p50,2007,0.0921,3.0,ECU,Latin America & Caribbean
Ecuador,"sptinc_p0p50_999_j_EC
Pre-tax national income 
Bottom 50% | share | all ages | equal split
",p0p50,2008,0.1013,4.0,ECU,Latin America & Caribbean
Ecuador,"sptinc_p0p50_999_j_EC
Pre-tax national income 
Bottom 50% | share | all ages | equal split
",p0p50,2009,0.1017,4.0,ECU,Latin America & Caribbean
Ecuador,"sptinc_p0p50_999_j_EC
Pre-tax national income 
Bottom 50% | share | all ages | equal split
",p0p50,2010,0.0992,4.0,ECU,Latin America & Caribbean
Ecuador,"sptinc_p0p50_999_j_EC
Pre-tax national income 
Bottom 50% | share | all ages | equal split
",p0p50,2011,0.1131,4.0,ECU,Latin America & Caribbean
Ecuador,"sptinc_p0p50_999_j_EC
Pre-tax national income 
Bottom 50% | share | all ages | equal split
",p0p50,2012,0.1081,3.0,ECU,Latin America & Caribbean
Ecuador,"sptinc_p0p50_999_j_EC
Pre-tax national income 
Bottom 50% | share | all ages | equal split
",p0p50,2013,0.1209,3.0,ECU,Latin America & Caribbean
Ecuador,"sptinc_p0p50_999_j_EC
Pre-tax national income 
Bottom 50% | share | all ages | equal split
",p0p50,2014,0.1351,3.0,ECU,Latin America & Caribbean
Ecuador,"sptinc_p0p50_999_j_EC
Pre-tax national income 
Bottom 50% | share | all ages | equal split
",p0p50,2015,0.1366,3.0,ECU,Latin America & Caribbean
Ecuador,"sptinc_p0p50_999_j_EC
Pre-tax national income 
Bottom 50% | share | all ages | equal split
",p0p50,2016,0.1363,3.0,ECU,Latin America & Caribbean
Ecuador,"sptinc_p0p50_999_j_EC
Pre-tax national income 
Bottom 50% | share | all ages | equal split
",p0p50,2017,0.1312,3.0,ECU,Latin America & Caribbean
Ecuador,"sptinc_p0p50_999_j_EC
Pre-tax national income 
Bottom 50% | share | all ages | equal split
",p0p50,2018,0.126,3.0,ECU,Latin America & Caribbean
Ecuador,"sptinc_p0p50_999_j_EC
Pre-tax national income 
Bottom 50% | share | all ages | equal split
",p0p50,2019,0.1222,3.0,ECU,Latin America & Caribbean
Ecuador,"sptinc_p0p50_999_j_EC
Pre-tax national income 
Bottom 50% | share | all ages | equal split
",p0p50,2020,0.1051,3.0,ECU,Latin America & Caribbean
Ecuador,"sptinc_p0p50_999_j_EC
Pre-tax national income 
Bottom 50% | share | all ages | equal split
",p0p50,2021,0.0991,3.0,ECU,Latin America & Caribbean
Ecuador,"sptinc_p0p50_999_j_EC
Pre-tax national income 
Bottom 50% | share | all ages | equal split
",p0p50,2022,0.1073,3.0,ECU,Latin America & Caribbean
Ecuador,"sptinc_p0p50_999_j_EC
Pre-tax national income 
Bottom 50% | share | all ages | equal split
",p0p50,2023,0.1118,3.0,ECU,Latin America & Caribbean
Ecuador,"sptinc_p0p50_999_j_EC
Pre-tax national income 
Bottom 50% | share | all ages | equal split
",p0p50,2024,0.1118,1.0,ECU,Latin America & Caribbean
Egypt,"sptinc_p0p50_999_j_EG
Pre-tax national income 
Bottom 50% | share | all ages | equal split
",p0p50,1960,0.1529,0.0,EGY,MENA
Egypt,"sptinc_p0p50_999_j_EG
Pre-tax national income 
Bottom 50% | share | all ages | equal split
",p0p50,1970,0.1664,0.0,EGY,MENA
Egypt,"sptinc_p0p50_999_j_EG
Pre-tax national income 
Bottom 50% | share | all ages | equal split
",p0p50,1980,0.1704,1.0,EGY,MENA
Egypt,"sptinc_p0p50_999_j_EG
Pre-tax national income 
Bottom 50% | share | all ages | equal split
",p0p50,1981,0.1704,1.0,EGY,MENA
Egypt,"sptinc_p0p50_999_j_EG
Pre-tax national income 
Bottom 50% | share | all ages | equal split
",p0p50,1982,0.1704,1.0,EGY,MENA
Egypt,"sptinc_p0p50_999_j_EG
Pre-tax national income 
Bottom 50% | share | all ages | equal split
",p0p50,1983,0.1704,1.0,EGY,MENA
Egypt,"sptinc_p0p50_999_j_EG
Pre-tax national income 
Bottom 50% | share | all ages | equal split
",p0p50,1984,0.1704,1.0,EGY,MENA
Egypt,"sptinc_p0p50_999_j_EG
Pre-tax national income 
Bottom 50% | share | all ages | equal split
",p0p50,1985,0.1704,1.0,EGY,MENA
Egypt,"sptinc_p0p50_999_j_EG
Pre-tax national income 
Bottom 50% | share | all ages | equal split
",p0p50,1986,0.1704,1.0,EGY,MENA
Egypt,"sptinc_p0p50_999_j_EG
Pre-tax national income 
Bottom 50% | share | all ages | equal split
",p0p50,1987,0.1704,1.0,EGY,MENA
Egypt,"sptinc_p0p50_999_j_EG
Pre-tax national income 
Bottom 50% | share | all ages | equal split
",p0p50,1988,0.1704,1.0,EGY,MENA
Egypt,"sptinc_p0p50_999_j_EG
Pre-tax national income 
Bottom 50% | share | all ages | equal split
",p0p50,1989,0.1704,1.0,EGY,MENA
Egypt,"sptinc_p0p50_999_j_EG
Pre-tax national income 
Bottom 50% | share | all ages | equal split
",p0p50,1990,0.1704,3.0,EGY,MENA
Egypt,"sptinc_p0p50_999_j_EG
Pre-tax national income 
Bottom 50% | share | all ages | equal split
",p0p50,1991,0.1715,2.0,EGY,MENA
Egypt,"sptinc_p0p50_999_j_EG
Pre-tax national income 
Bottom 50% | share | all ages | equal split
",p0p50,1992,0.1726,2.0,EGY,MENA
Egypt,"sptinc_p0p50_999_j_EG
Pre-tax national income 
Bottom 50% | share | all ages | equal split
",p0p50,1993,0.1737,2.0,EGY,MENA
Egypt,"sptinc_p0p50_999_j_EG
Pre-tax national income 
Bottom 50% | share | all ages | equal split
",p0p50,1994,0.1747,2.0,EGY,MENA
Egypt,"sptinc_p0p50_999_j_EG
Pre-tax national income 
Bottom 50% | share | all ages | equal split
",p0p50,1995,0.1757,3.0,EGY,MENA
Egypt,"sptinc_p0p50_999_j_EG
Pre-tax national income 
Bottom 50% | share | all ages | equal split
",p0p50,1996,0.1681,2.0,EGY,MENA
Egypt,"sptinc_p0p50_999_j_EG
Pre-tax national income 
Bottom 50% | share | all ages | equal split
",p0p50,1997,0.1609,2.0,EGY,MENA
Egypt,"sptinc_p0p50_999_j_EG
Pre-tax national income 
Bottom 50% | share | all ages | equal split
",p0p50,1998,0.1541,2.0,EGY,MENA
Egypt,"sptinc_p0p50_999_j_EG
Pre-tax national income 
Bottom 50% | share | all ages | equal split
",p0p50,1999,0.1476,3.0,EGY,MENA
Egypt,"sptinc_p0p50_999_j_EG
Pre-tax national income 
Bottom 50% | share | all ages | equal split
",p0p50,2000,0.1478,2.0,EGY,MENA
Egypt,"sptinc_p0p50_999_j_EG
Pre-tax national income 
Bottom 50% | share | all ages | equal split
",p0p50,2001,0.148,2.0,EGY,MENA
Egypt,"sptinc_p0p50_999_j_EG
Pre-tax national income 
Bottom 50% | share | all ages | equal split
",p0p50,2002,0.1483,2.0,EGY,MENA
Egypt,"sptinc_p0p50_999_j_EG
Pre-tax national income 
Bottom 50% | share | all ages | equal split
",p0p50,2003,0.1485,2.0,EGY,MENA
Egypt,"sptinc_p0p50_999_j_EG
Pre-tax national income 
Bottom 50% | share | all ages | equal split
",p0p50,2004,0.1487,3.0,EGY,MENA
Egypt,"sptinc_p0p50_999_j_EG
Pre-tax national income 
Bottom 50% | share | all ages | equal split
",p0p50,2005,0.1485,2.0,EGY,MENA
Egypt,"sptinc_p0p50_999_j_EG
Pre-tax national income 
Bottom 50% | share | all ages | equal split
",p0p50,2006,0.1483,2.0,EGY,MENA
Egypt,"sptinc_p0p50_999_j_EG
Pre-tax national income 
Bottom 50% | share | all ages | equal split
",p0p50,2007,0.1481,2.0,EGY,MENA
Egypt,"sptinc_p0p50_999_j_EG
Pre-tax national income 
Bottom 50% | share | all ages | equal split
",p0p50,2008,0.1479,3.0,EGY,MENA
Egypt,"sptinc_p0p50_999_j_EG
Pre-tax national income 
Bottom 50% | share | all ages | equal split
",p0p50,2009,0.1539,2.0,EGY,MENA
Egypt,"sptinc_p0p50_999_j_EG
Pre-tax national income 
Bottom 50% | share | all ages | equal split
",p0p50,2010,0.1598,3.0,EGY,MENA
Egypt,"sptinc_p0p50_999_j_EG
Pre-tax national income 
Bottom 50% | share | all ages | equal split
",p0p50,2011,0.1545,2.0,EGY,MENA
Egypt,"sptinc_p0p50_999_j_EG
Pre-tax national income 
Bottom 50% | share | all ages | equal split
",p0p50,2012,0.1493,3.0,EGY,MENA
Egypt,"sptinc_p0p50_999_j_EG
Pre-tax national income 
Bottom 50% | share | all ages | equal split
",p0p50,2013,0.1478,2.0,EGY,MENA
Egypt,"sptinc_p0p50_999_j_EG
Pre-tax national income 
Bottom 50% | share | all ages | equal split
",p0p50,2014,0.1464,2.0,EGY,MENA
Egypt,"sptinc_p0p50_999_j_EG
Pre-tax national income 
Bottom 50% | share | all ages | equal split
",p0p50,2015,0.1451,3.0,EGY,MENA
Egypt,"sptinc_p0p50_999_j_EG
Pre-tax national income 
Bottom 50% | share | all ages | equal split
",p0p50,2016,0.1475,2.0,EGY,MENA
Egypt,"sptinc_p0p50_999_j_EG
Pre-tax national income 
Bottom 50% | share | all ages | equal split
",p0p50,2017,0.1498,3.0,EGY,MENA
Egypt,"sptinc_p0p50_999_j_EG
Pre-tax national income 
Bottom 50% | share | all ages | equal split
",p0p50,2018,0.1499,2.0,EGY,MENA
Egypt,"sptinc_p0p50_999_j_EG
Pre-tax national income 
Bottom 50% | share | all ages | equal split
",p0p50,2019,0.15,3.0,EGY,MENA
Egypt,"sptinc_p0p50_999_j_EG
Pre-tax national income 
Bottom 50% | share | all ages | equal split
",p0p50,2020,0.1557,1.0,EGY,MENA
Egypt,"sptinc_p0p50_999_j_EG
Pre-tax national income 
Bottom 50% | share | all ages | equal split
",p0p50,2021,0.1557,1.0,EGY,MENA
Egypt,"sptinc_p0p50_999_j_EG
Pre-tax national income 
Bottom 50% | share | all ages | equal split
",p0p50,2022,0.1557,1.0,EGY,MENA
Egypt,"sptinc_p0p50_999_j_EG
Pre-tax national income 
Bottom 50% | share | all ages | equal split
",p0p50,2023,0.1557,1.0,EGY,MENA
Egypt,"sptinc_p0p50_999_j_EG
Pre-tax national income 
Bottom 50% | share | all ages | equal split
",p0p50,2024,0.1557,1.0,EGY,MENA
El Salvador,"sptinc_p0p50_999_j_SV
Pre-tax national income 
Bottom 50% | share | all ages | equal split
",p0p50,1980,0.0708,1.0,SLV,Latin America & Caribbean
El Salvador,"sptinc_p0p50_999_j_SV
Pre-tax national income 
Bottom 50% | share | all ages | equal split
",p0p50,1981,0.0708,1.0,SLV,Latin America & Caribbean
El Salvador,"sptinc_p0p50_999_j_SV
Pre-tax national income 
Bottom 50% | share | all ages | equal split
",p0p50,1982,0.0708,1.0,SLV,Latin America & Caribbean
El Salvador,"sptinc_p0p50_999_j_SV
Pre-tax national income 
Bottom 50% | share | all ages | equal split
",p0p50,1983,0.0708,1.0,SLV,Latin America & Caribbean
El Salvador,"sptinc_p0p50_999_j_SV
Pre-tax national income 
Bottom 50% | share | all ages | equal split
",p0p50,1984,0.0708,1.0,SLV,Latin America & Caribbean
El Salvador,"sptinc_p0p50_999_j_SV
Pre-tax national income 
Bottom 50% | share | all ages | equal split
",p0p50,1985,0.0708,1.0,SLV,Latin America & Caribbean
El Salvador,"sptinc_p0p50_999_j_SV
Pre-tax national income 
Bottom 50% | share | all ages | equal split
",p0p50,1986,0.0708,1.0,SLV,Latin America & Caribbean
El Salvador,"sptinc_p0p50_999_j_SV
Pre-tax national income 
Bottom 50% | share | all ages | equal split
",p0p50,1987,0.0708,1.0,SLV,Latin America & Caribbean
El Salvador,"sptinc_p0p50_999_j_SV
Pre-tax national income 
Bottom 50% | share | all ages | equal split
",p0p50,1988,0.0708,1.0,SLV,Latin America & Caribbean
El Salvador,"sptinc_p0p50_999_j_SV
Pre-tax national income 
Bottom 50% | share | all ages | equal split
",p0p50,1989,0.0708,1.0,SLV,Latin America & Caribbean
El Salvador,"sptinc_p0p50_999_j_SV
Pre-tax national income 
Bottom 50% | share | all ages | equal split
",p0p50,1990,0.0708,1.0,SLV,Latin America & Caribbean
El Salvador,"sptinc_p0p50_999_j_SV
Pre-tax national income 
Bottom 50% | share | all ages | equal split
",p0p50,1991,0.0708,1.0,SLV,Latin America & Caribbean
El Salvador,"sptinc_p0p50_999_j_SV
Pre-tax national income 
Bottom 50% | share | all ages | equal split
",p0p50,1992,0.0708,1.0,SLV,Latin America & Caribbean
El Salvador,"sptinc_p0p50_999_j_SV
Pre-tax national income 
Bottom 50% | share | all ages | equal split
",p0p50,1993,0.0708,1.0,SLV,Latin America & Caribbean
El Salvador,"sptinc_p0p50_999_j_SV
Pre-tax national income 
Bottom 50% | share | all ages | equal split
",p0p50,1994,0.0708,1.0,SLV,Latin America & Caribbean
El Salvador,"sptinc_p0p50_999_j_SV
Pre-tax national income 
Bottom 50% | share | all ages | equal split
",p0p50,1995,0.0708,1.0,SLV,Latin America & Caribbean
El Salvador,"sptinc_p0p50_999_j_SV
Pre-tax national income 
Bottom 50% | share | all ages | equal split
",p0p50,1996,0.0708,1.0,SLV,Latin America & Caribbean
El Salvador,"sptinc_p0p50_999_j_SV
Pre-tax national income 
Bottom 50% | share | all ages | equal split
",p0p50,1997,0.0708,1.0,SLV,Latin America & Caribbean
El Salvador,"sptinc_p0p50_999_j_SV
Pre-tax national income 
Bottom 50% | share | all ages | equal split
",p0p50,1998,0.0708,1.0,SLV,Latin America & Caribbean
El Salvador,"sptinc_p0p50_999_j_SV
Pre-tax national income 
Bottom 50% | share | all ages | equal split
",p0p50,1999,0.0708,1.0,SLV,Latin America & Caribbean
El Salvador,"sptinc_p0p50_999_j_SV
Pre-tax national income 
Bottom 50% | share | all ages | equal split
",p0p50,2000,0.0708,3.0,SLV,Latin America & Caribbean
El Salvador,"sptinc_p0p50_999_j_SV
Pre-tax national income 
Bottom 50% | share | all ages | equal split
",p0p50,2001,0.0708,4.0,SLV,Latin America & Caribbean
El Salvador,"sptinc_p0p50_999_j_SV
Pre-tax national income 
Bottom 50% | share | all ages | equal split
",p0p50,2002,0.0692,4.0,SLV,Latin America & Caribbean
El Salvador,"sptinc_p0p50_999_j_SV
Pre-tax national income 
Bottom 50% | share | all ages | equal split
",p0p50,2003,0.0807,4.0,SLV,Latin America & Caribbean
El Salvador,"sptinc_p0p50_999_j_SV
Pre-tax national income 
Bottom 50% | share | all ages | equal split
",p0p50,2004,0.0823,4.0,SLV,Latin America & Caribbean
El Salvador,"sptinc_p0p50_999_j_SV
Pre-tax national income 
Bottom 50% | share | all ages | equal split
",p0p50,2005,0.0696,4.0,SLV,Latin America & Caribbean
El Salvador,"sptinc_p0p50_999_j_SV
Pre-tax national income 
Bottom 50% | share | all ages | equal split
",p0p50,2006,0.084,4.0,SLV,Latin America & Caribbean
El Salvador,"sptinc_p0p50_999_j_SV
Pre-tax national income 
Bottom 50% | share | all ages | equal split
",p0p50,2007,0.083,4.0,SLV,Latin America & Caribbean
El Salvador,"sptinc_p0p50_999_j_SV
Pre-tax national income 
Bottom 50% | share | all ages | equal split
",p0p50,2008,0.0836,2.0,SLV,Latin America & Caribbean
El Salvador,"sptinc_p0p50_999_j_SV
Pre-tax national income 
Bottom 50% | share | all ages | equal split
",p0p50,2009,0.0843,4.0,SLV,Latin America & Caribbean
El Salvador,"sptinc_p0p50_999_j_SV
Pre-tax national income 
Bottom 50% | share | all ages | equal split
",p0p50,2010,0.0873,4.0,SLV,Latin America & Caribbean
El Salvador,"sptinc_p0p50_999_j_SV
Pre-tax national income 
Bottom 50% | share | all ages | equal split
",p0p50,2011,0.0918,2.0,SLV,Latin America & Caribbean
El Salvador,"sptinc_p0p50_999_j_SV
Pre-tax national income 
Bottom 50% | share | all ages | equal split
",p0p50,2012,0.0963,4.0,SLV,Latin America & Caribbean
El Salvador,"sptinc_p0p50_999_j_SV
Pre-tax national income 
Bottom 50% | share | all ages | equal split
",p0p50,2013,0.0863,4.0,SLV,Latin America & Caribbean
El Salvador,"sptinc_p0p50_999_j_SV
Pre-tax national income 
Bottom 50% | share | all ages | equal split
",p0p50,2014,0.0838,4.0,SLV,Latin America & Caribbean
El Salvador,"sptinc_p0p50_999_j_SV
Pre-tax national income 
Bottom 50% | share | all ages | equal split
",p0p50,2015,0.0898,4.0,SLV,Latin America & Caribbean
El Salvador,"sptinc_p0p50_999_j_SV
Pre-tax national income 
Bottom 50% | share | all ages | equal split
",p0p50,2016,0.0857,4.0,SLV,Latin America & Caribbean
El Salvador,"sptinc_p0p50_999_j_SV
Pre-tax national income 
Bottom 50% | share | all ages | equal split
",p0p50,2017,0.0947,4.0,SLV,Latin America & Caribbean
El Salvador,"sptinc_p0p50_999_j_SV
Pre-tax national income 
Bottom 50% | share | all ages | equal split
",p0p50,2018,0.0959,3.0,SLV,Latin America & Caribbean
El Salvador,"sptinc_p0p50_999_j_SV
Pre-tax national income 
Bottom 50% | share | all ages | equal split
",p0p50,2019,0.0974,3.0,SLV,Latin America & Caribbean
El Salvador,"sptinc_p0p50_999_j_SV
Pre-tax national income 
Bottom 50% | share | all ages | equal split
",p0p50,2020,0.0872,3.0,SLV,Latin America & Caribbean
El Salvador,"sptinc_p0p50_999_j_SV
Pre-tax national income 
Bottom 50% | share | all ages | equal split
",p0p50,2021,0.1003,3.0,SLV,Latin America & Caribbean
El Salvador,"sptinc_p0p50_999_j_SV
Pre-tax national income 
Bottom 50% | share | all ages | equal split
",p0p50,2022,0.1054,3.0,SLV,Latin America & Caribbean
El Salvador,"sptinc_p0p50_999_j_SV
Pre-tax national income 
Bottom 50% | share | all ages | equal split
",p0p50,2023,0.105,3.0,SLV,Latin America & Caribbean
El Salvador,"sptinc_p0p50_999_j_SV
Pre-tax national income 
Bottom 50% | share | all ages | equal split
",p0p50,2024,0.105,1.0,SLV,Latin America & Caribbean
Estonia,"sptinc_p0p50_999_j_EE
Pre-tax national income 
Bottom 50% | share | all ages | equal split
",p0p50,1980,0.2458,2.0,EST,Eastern Europe & FSU
Estonia,"sptinc_p0p50_999_j_EE
Pre-tax national income 
Bottom 50% | share | all ages | equal split
",p0p50,1981,0.2458,2.0,EST,Eastern Europe & FSU
Estonia,"sptinc_p0p50_999_j_EE
Pre-tax national income 
Bottom 50% | share | all ages | equal split
",p0p50,1982,0.2457,2.0,EST,Eastern Europe & FSU
Estonia,"sptinc_p0p50_999_j_EE
Pre-tax national income 
Bottom 50% | share | all ages | equal split
",p0p50,1983,0.2457,2.0,EST,Eastern Europe & FSU
Estonia,"sptinc_p0p50_999_j_EE
Pre-tax national income 
Bottom 50% | share | all ages | equal split
",p0p50,1984,0.2457,2.0,EST,Eastern Europe & FSU
Estonia,"sptinc_p0p50_999_j_EE
Pre-tax national income 
Bottom 50% | share | all ages | equal split
",p0p50,1985,0.2454,2.0,EST,Eastern Europe & FSU
Estonia,"sptinc_p0p50_999_j_EE
Pre-tax national income 
Bottom 50% | share | all ages | equal split
",p0p50,1986,0.2454,2.0,EST,Eastern Europe & FSU
Estonia,"sptinc_p0p50_999_j_EE
Pre-tax national income 
Bottom 50% | share | all ages | equal split
",p0p50,1987,0.2453,2.0,EST,Eastern Europe & FSU
Estonia,"sptinc_p0p50_999_j_EE
Pre-tax national income 
Bottom 50% | share | all ages | equal split
",p0p50,1988,0.2454,2.0,EST,Eastern Europe & FSU
Estonia,"sptinc_p0p50_999_j_EE
Pre-tax national income 
Bottom 50% | share | all ages | equal split
",p0p50,1989,0.2183,2.0,EST,Eastern Europe & FSU
Estonia,"sptinc_p0p50_999_j_EE
Pre-tax national income 
Bottom 50% | share | all ages | equal split
",p0p50,1990,0.1917,2.0,EST,Eastern Europe & FSU
Estonia,"sptinc_p0p50_999_j_EE
Pre-tax national income 
Bottom 50% | share | all ages | equal split
",p0p50,1991,0.1733,2.0,EST,Eastern Europe & FSU
Estonia,"sptinc_p0p50_999_j_EE
Pre-tax national income 
Bottom 50% | share | all ages | equal split
",p0p50,1992,0.1684,2.0,EST,Eastern Europe & FSU
Estonia,"sptinc_p0p50_999_j_EE
Pre-tax national income 
Bottom 50% | share | all ages | equal split
",p0p50,1993,0.1519,2.0,EST,Eastern Europe & FSU
Estonia,"sptinc_p0p50_999_j_EE
Pre-tax national income 
Bottom 50% | share | all ages | equal split
",p0p50,1994,0.1474,2.0,EST,Eastern Europe & FSU
Estonia,"sptinc_p0p50_999_j_EE
Pre-tax national income 
Bottom 50% | share | all ages | equal split
",p0p50,1995,0.148,2.0,EST,Eastern Europe & FSU
Estonia,"sptinc_p0p50_999_j_EE
Pre-tax national income 
Bottom 50% | share | all ages | equal split
",p0p50,1996,0.1505,2.0,EST,Eastern Europe & FSU
Estonia,"sptinc_p0p50_999_j_EE
Pre-tax national income 
Bottom 50% | share | all ages | equal split
",p0p50,1997,0.1522,2.0,EST,Eastern Europe & FSU
Estonia,"sptinc_p0p50_999_j_EE
Pre-tax national income 
Bottom 50% | share | all ages | equal split
",p0p50,1998,0.1589,2.0,EST,Eastern Europe & FSU
Estonia,"sptinc_p0p50_999_j_EE
Pre-tax national income 
Bottom 50% | share | all ages | equal split
",p0p50,1999,0.1592,2.0,EST,Eastern Europe & FSU
Estonia,"sptinc_p0p50_999_j_EE
Pre-tax national income 
Bottom 50% | share | all ages | equal split
",p0p50,2000,0.1519,2.0,EST,Eastern Europe & FSU
Estonia,"sptinc_p0p50_999_j_EE
Pre-tax national income 
Bottom 50% | share | all ages | equal split
",p0p50,2001,0.1554,2.0,EST,Eastern Europe & FSU
Estonia,"sptinc_p0p50_999_j_EE
Pre-tax national income 
Bottom 50% | share | all ages | equal split
",p0p50,2002,0.1491,2.0,EST,Eastern Europe & FSU
Estonia,"sptinc_p0p50_999_j_EE
Pre-tax national income 
Bottom 50% | share | all ages | equal split
",p0p50,2003,0.1393,4.0,EST,Eastern Europe & FSU
Estonia,"sptinc_p0p50_999_j_EE
Pre-tax national income 
Bottom 50% | share | all ages | equal split
",p0p50,2004,0.1513,4.0,EST,Eastern Europe & FSU
Estonia,"sptinc_p0p50_999_j_EE
Pre-tax national income 
Bottom 50% | share | all ages | equal split
",p0p50,2005,0.1477,4.0,EST,Eastern Europe & FSU
Estonia,"sptinc_p0p50_999_j_EE
Pre-tax national income 
Bottom 50% | share | all ages | equal split
",p0p50,2006,0.158,4.0,EST,Eastern Europe & FSU
Estonia,"sptinc_p0p50_999_j_EE
Pre-tax national income 
Bottom 50% | share | all ages | equal split
",p0p50,2007,0.1651,4.0,EST,Eastern Europe & FSU
Estonia,"sptinc_p0p50_999_j_EE
Pre-tax national income 
Bottom 50% | share | all ages | equal split
",p0p50,2008,0.1764,4.0,EST,Eastern Europe & FSU
Estonia,"sptinc_p0p50_999_j_EE
Pre-tax national income 
Bottom 50% | share | all ages | equal split
",p0p50,2009,0.1899,4.0,EST,Eastern Europe & FSU
Estonia,"sptinc_p0p50_999_j_EE
Pre-tax national income 
Bottom 50% | share | all ages | equal split
",p0p50,2010,0.1805,4.0,EST,Eastern Europe & FSU
Estonia,"sptinc_p0p50_999_j_EE
Pre-tax national income 
Bottom 50% | share | all ages | equal split
",p0p50,2011,0.1738,4.0,EST,Eastern Europe & FSU
Estonia,"sptinc_p0p50_999_j_EE
Pre-tax national income 
Bottom 50% | share | all ages | equal split
",p0p50,2012,0.1682,4.0,EST,Eastern Europe & FSU
Estonia,"sptinc_p0p50_999_j_EE
Pre-tax national income 
Bottom 50% | share | all ages | equal split
",p0p50,2013,0.1585,4.0,EST,Eastern Europe & FSU
Estonia,"sptinc_p0p50_999_j_EE
Pre-tax national income 
Bottom 50% | share | all ages | equal split
",p0p50,2014,0.1615,4.0,EST,Eastern Europe & FSU
Estonia,"sptinc_p0p50_999_j_EE
Pre-tax national income 
Bottom 50% | share | all ages | equal split
",p0p50,2015,0.1726,4.0,EST,Eastern Europe & FSU
Estonia,"sptinc_p0p50_999_j_EE
Pre-tax national income 
Bottom 50% | share | all ages | equal split
",p0p50,2016,0.1779,4.0,EST,Eastern Europe & FSU
Estonia,"sptinc_p0p50_999_j_EE
Pre-tax national income 
Bottom 50% | share | all ages | equal split
",p0p50,2017,0.18,4.0,EST,Eastern Europe & FSU
Estonia,"sptinc_p0p50_999_j_EE
Pre-tax national income 
Bottom 50% | share | all ages | equal split
",p0p50,2018,0.1812,4.0,EST,Eastern Europe & FSU
Estonia,"sptinc_p0p50_999_j_EE
Pre-tax national income 
Bottom 50% | share | all ages | equal split
",p0p50,2019,0.1662,4.0,EST,Eastern Europe & FSU
Estonia,"sptinc_p0p50_999_j_EE
Pre-tax national income 
Bottom 50% | share | all ages | equal split
",p0p50,2020,0.1662,4.0,EST,Eastern Europe & FSU
Estonia,"sptinc_p0p50_999_j_EE
Pre-tax national income 
Bottom 50% | share | all ages | equal split
",p0p50,2021,0.1624,4.0,EST,Eastern Europe & FSU
Estonia,"sptinc_p0p50_999_j_EE
Pre-tax national income 
Bottom 50% | share | all ages | equal split
",p0p50,2022,0.1584,4.0,EST,Eastern Europe & FSU
Estonia,"sptinc_p0p50_999_j_EE
Pre-tax national income 
Bottom 50% | share | all ages | equal split
",p0p50,2023,0.1628,4.0,EST,Eastern Europe & FSU
Estonia,"sptinc_p0p50_999_j_EE
Pre-tax national income 
Bottom 50% | share | all ages | equal split
",p0p50,2024,0.1628,1.0,EST,Eastern Europe & FSU
Fiji,"sptinc_p0p50_999_j_FJ
Pre-tax national income 
Bottom 50% | share | all ages | equal split
",p0p50,1980,0.2121,0.0,FJI,Oceania
Fiji,"sptinc_p0p50_999_j_FJ
Pre-tax national income 
Bottom 50% | share | all ages | equal split
",p0p50,1981,0.2117,0.0,FJI,Oceania
Fiji,"sptinc_p0p50_999_j_FJ
Pre-tax national income 
Bottom 50% | share | all ages | equal split
",p0p50,1982,0.2113,0.0,FJI,Oceania
Fiji,"sptinc_p0p50_999_j_FJ
Pre-tax national income 
Bottom 50% | share | all ages | equal split
",p0p50,1983,0.2108,0.0,FJI,Oceania
Fiji,"sptinc_p0p50_999_j_FJ
Pre-tax national income 
Bottom 50% | share | all ages | equal split
",p0p50,1984,0.2104,0.0,FJI,Oceania
Fiji,"sptinc_p0p50_999_j_FJ
Pre-tax national income 
Bottom 50% | share | all ages | equal split
",p0p50,1985,0.21,0.0,FJI,Oceania
Fiji,"sptinc_p0p50_999_j_FJ
Pre-tax national income 
Bottom 50% | share | all ages | equal split
",p0p50,1986,0.2095,0.0,FJI,Oceania
Fiji,"sptinc_p0p50_999_j_FJ
Pre-tax national income 
Bottom 50% | share | all ages | equal split
",p0p50,1987,0.209,0.0,FJI,Oceania
Fiji,"sptinc_p0p50_999_j_FJ
Pre-tax national income 
Bottom 50% | share | all ages | equal split
",p0p50,1988,0.2086,0.0,FJI,Oceania
Fiji,"sptinc_p0p50_999_j_FJ
Pre-tax national income 
Bottom 50% | share | all ages | equal split
",p0p50,1989,0.2081,0.0,FJI,Oceania
Fiji,"sptinc_p0p50_999_j_FJ
Pre-tax national income 
Bottom 50% | share | all ages | equal split
",p0p50,1990,0.2076,0.0,FJI,Oceania
Fiji,"sptinc_p0p50_999_j_FJ
Pre-tax national income 
Bottom 50% | share | all ages | equal split
",p0p50,1991,0.2075,0.0,FJI,Oceania
Fiji,"sptinc_p0p50_999_j_FJ
Pre-tax national income 
Bottom 50% | share | all ages | equal split
",p0p50,1992,0.2075,0.0,FJI,Oceania
Fiji,"sptinc_p0p50_999_j_FJ
Pre-tax national income 
Bottom 50% | share | all ages | equal split
",p0p50,1993,0.2075,0.0,FJI,Oceania
Fiji,"sptinc_p0p50_999_j_FJ
Pre-tax national income 
Bottom 50% | share | all ages | equal split
",p0p50,1994,0.2074,0.0,FJI,Oceania
Fiji,"sptinc_p0p50_999_j_FJ
Pre-tax national income 
Bottom 50% | share | all ages | equal split
",p0p50,1995,0.2074,0.0,FJI,Oceania
Fiji,"sptinc_p0p50_999_j_FJ
Pre-tax national income 
Bottom 50% | share | all ages | equal split
",p0p50,1996,0.2073,0.0,FJI,Oceania
Fiji,"sptinc_p0p50_999_j_FJ
Pre-tax national income 
Bottom 50% | share | all ages | equal split
",p0p50,1997,0.2073,0.0,FJI,Oceania
Fiji,"sptinc_p0p50_999_j_FJ
Pre-tax national income 
Bottom 50% | share | all ages | equal split
",p0p50,1998,0.2073,0.0,FJI,Oceania
Fiji,"sptinc_p0p50_999_j_FJ
Pre-tax national income 
Bottom 50% | share | all ages | equal split
",p0p50,1999,0.2072,0.0,FJI,Oceania
Fiji,"sptinc_p0p50_999_j_FJ
Pre-tax national income 
Bottom 50% | share | all ages | equal split
",p0p50,2000,0.2072,0.0,FJI,Oceania
Fiji,"sptinc_p0p50_999_j_FJ
Pre-tax national income 
Bottom 50% | share | all ages | equal split
",p0p50,2001,0.2027,0.0,FJI,Oceania
Fiji,"sptinc_p0p50_999_j_FJ
Pre-tax national income 
Bottom 50% | share | all ages | equal split
",p0p50,2002,0.1983,0.0,FJI,Oceania
Fiji,"sptinc_p0p50_999_j_FJ
Pre-tax national income 
Bottom 50% | share | all ages | equal split
",p0p50,2003,0.194,0.0,FJI,Oceania
Fiji,"sptinc_p0p50_999_j_FJ
Pre-tax national income 
Bottom 50% | share | all ages | equal split
",p0p50,2004,0.1898,0.0,FJI,Oceania
Fiji,"sptinc_p0p50_999_j_FJ
Pre-tax national income 
Bottom 50% | share | all ages | equal split
",p0p50,2005,0.1857,0.0,FJI,Oceania
Fiji,"sptinc_p0p50_999_j_FJ
Pre-tax national income 
Bottom 50% | share | all ages | equal split
",p0p50,2006,0.1817,0.0,FJI,Oceania
Fiji,"sptinc_p0p50_999_j_FJ
Pre-tax national income 
Bottom 50% | share | all ages | equal split
",p0p50,2007,0.1778,0.0,FJI,Oceania
Fiji,"sptinc_p0p50_999_j_FJ
Pre-tax national income 
Bottom 50% | share | all ages | equal split
",p0p50,2008,0.1739,0.0,FJI,Oceania
Fiji,"sptinc_p0p50_999_j_FJ
Pre-tax national income 
Bottom 50% | share | all ages | equal split
",p0p50,2009,0.1702,0.0,FJI,Oceania
Fiji,"sptinc_p0p50_999_j_FJ
Pre-tax national income 
Bottom 50% | share | all ages | equal split
",p0p50,2010,0.1665,0.0,FJI,Oceania
Fiji,"sptinc_p0p50_999_j_FJ
Pre-tax national income 
Bottom 50% | share | all ages | equal split
",p0p50,2011,0.1655,0.0,FJI,Oceania
Fiji,"sptinc_p0p50_999_j_FJ
Pre-tax national income 
Bottom 50% | share | all ages | equal split
",p0p50,2012,0.1645,0.0,FJI,Oceania
Fiji,"sptinc_p0p50_999_j_FJ
Pre-tax national income 
Bottom 50% | share | all ages | equal split
",p0p50,2013,0.1636,0.0,FJI,Oceania
Fiji,"sptinc_p0p50_999_j_FJ
Pre-tax national income 
Bottom 50% | share | all ages | equal split
",p0p50,2014,0.1627,0.0,FJI,Oceania
Fiji,"sptinc_p0p50_999_j_FJ
Pre-tax national income 
Bottom 50% | share | all ages | equal split
",p0p50,2015,0.1619,0.0,FJI,Oceania
Fiji,"sptinc_p0p50_999_j_FJ
Pre-tax national income 
Bottom 50% | share | all ages | equal split
",p0p50,2016,0.1611,0.0,FJI,Oceania
Fiji,"sptinc_p0p50_999_j_FJ
Pre-tax national income 
Bottom 50% | share | all ages | equal split
",p0p50,2017,0.1603,0.0,FJI,Oceania
Fiji,"sptinc_p0p50_999_j_FJ
Pre-tax national income 
Bottom 50% | share | all ages | equal split
",p0p50,2018,0.1596,0.0,FJI,Oceania
Fiji,"sptinc_p0p50_999_j_FJ
Pre-tax national income 
Bottom 50% | share | all ages | equal split
",p0p50,2019,0.1589,0.0,FJI,Oceania
Fiji,"sptinc_p0p50_999_j_FJ
Pre-tax national income 
Bottom 50% | share | all ages | equal split
",p0p50,2020,0.1582,0.0,FJI,Oceania
Fiji,"sptinc_p0p50_999_j_FJ
Pre-tax national income 
Bottom 50% | share | all ages | equal split
",p0p50,2021,0.1582,0.0,FJI,Oceania
Fiji,"sptinc_p0p50_999_j_FJ
Pre-tax national income 
Bottom 50% | share | all ages | equal split
",p0p50,2022,0.1582,0.0,FJI,Oceania
Fiji,"sptinc_p0p50_999_j_FJ
Pre-tax national income 
Bottom 50% | share | all ages | equal split
",p0p50,2023,0.1582,0.0,FJI,Oceania
Fiji,"sptinc_p0p50_999_j_FJ
Pre-tax national income 
Bottom 50% | share | all ages | equal split
",p0p50,2024,0.1582,0.0,FJI,Oceania
Finland,"sptinc_p0p50_999_j_FI
Pre-tax national income 
Bottom 50% | share | all ages | equal split
",p0p50,1960,0.2274,3.0,FIN,Nordic
Finland,"sptinc_p0p50_999_j_FI
Pre-tax national income 
Bottom 50% | share | all ages | equal split
",p0p50,1961,0.2281,3.0,FIN,Nordic
Finland,"sptinc_p0p50_999_j_FI
Pre-tax national income 
Bottom 50% | share | all ages | equal split
",p0p50,1962,0.2301,3.0,FIN,Nordic
Finland,"sptinc_p0p50_999_j_FI
Pre-tax national income 
Bottom 50% | share | all ages | equal split
",p0p50,1963,0.2304,3.0,FIN,Nordic
Finland,"sptinc_p0p50_999_j_FI
Pre-tax national income 
Bottom 50% | share | all ages | equal split
",p0p50,1964,0.2326,3.0,FIN,Nordic
Finland,"sptinc_p0p50_999_j_FI
Pre-tax national income 
Bottom 50% | share | all ages | equal split
",p0p50,1965,0.234,3.0,FIN,Nordic
Finland,"sptinc_p0p50_999_j_FI
Pre-tax national income 
Bottom 50% | share | all ages | equal split
",p0p50,1966,0.235,3.0,FIN,Nordic
Finland,"sptinc_p0p50_999_j_FI
Pre-tax national income 
Bottom 50% | share | all ages | equal split
",p0p50,1967,0.2363,3.0,FIN,Nordic
Finland,"sptinc_p0p50_999_j_FI
Pre-tax national income 
Bottom 50% | share | all ages | equal split
",p0p50,1968,0.238,3.0,FIN,Nordic
Finland,"sptinc_p0p50_999_j_FI
Pre-tax national income 
Bottom 50% | share | all ages | equal split
",p0p50,1969,0.2412,3.0,FIN,Nordic
Finland,"sptinc_p0p50_999_j_FI
Pre-tax national income 
Bottom 50% | share | all ages | equal split
",p0p50,1970,0.2423,3.0,FIN,Nordic
Finland,"sptinc_p0p50_999_j_FI
Pre-tax national income 
Bottom 50% | share | all ages | equal split
",p0p50,1971,0.2433,3.0,FIN,Nordic
Finland,"sptinc_p0p50_999_j_FI
Pre-tax national income 
Bottom 50% | share | all ages | equal split
",p0p50,1972,0.244,3.0,FIN,Nordic
Finland,"sptinc_p0p50_999_j_FI
Pre-tax national income 
Bottom 50% | share | all ages | equal split
",p0p50,1973,0.2463,3.0,FIN,Nordic
Finland,"sptinc_p0p50_999_j_FI
Pre-tax national income 
Bottom 50% | share | all ages | equal split
",p0p50,1974,0.2474,3.0,FIN,Nordic
Finland,"sptinc_p0p50_999_j_FI
Pre-tax national income 
Bottom 50% | share | all ages | equal split
",p0p50,1975,0.2484,3.0,FIN,Nordic
Finland,"sptinc_p0p50_999_j_FI
Pre-tax national income 
Bottom 50% | share | all ages | equal split
",p0p50,1976,0.2501,3.0,FIN,Nordic
Finland,"sptinc_p0p50_999_j_FI
Pre-tax national income 
Bottom 50% | share | all ages | equal split
",p0p50,1977,0.2513,3.0,FIN,Nordic
Finland,"sptinc_p0p50_999_j_FI
Pre-tax national income 
Bottom 50% | share | all ages | equal split
",p0p50,1978,0.2525,3.0,FIN,Nordic
Finland,"sptinc_p0p50_999_j_FI
Pre-tax national income 
Bottom 50% | share | all ages | equal split
",p0p50,1979,0.2538,3.0,FIN,Nordic
Finland,"sptinc_p0p50_999_j_FI
Pre-tax national income 
Bottom 50% | share | all ages | equal split
",p0p50,1980,0.2351,4.0,FIN,Nordic
Finland,"sptinc_p0p50_999_j_FI
Pre-tax national income 
Bottom 50% | share | all ages | equal split
",p0p50,1981,0.2377,4.0,FIN,Nordic
Finland,"sptinc_p0p50_999_j_FI
Pre-tax national income 
Bottom 50% | share | all ages | equal split
",p0p50,1982,0.2353,4.0,FIN,Nordic
Finland,"sptinc_p0p50_999_j_FI
Pre-tax national income 
Bottom 50% | share | all ages | equal split
",p0p50,1983,0.233,4.0,FIN,Nordic
Finland,"sptinc_p0p50_999_j_FI
Pre-tax national income 
Bottom 50% | share | all ages | equal split
",p0p50,1984,0.2432,4.0,FIN,Nordic
Finland,"sptinc_p0p50_999_j_FI
Pre-tax national income 
Bottom 50% | share | all ages | equal split
",p0p50,1985,0.238,4.0,FIN,Nordic
Finland,"sptinc_p0p50_999_j_FI
Pre-tax national income 
Bottom 50% | share | all ages | equal split
",p0p50,1986,0.2389,4.0,FIN,Nordic
Finland,"sptinc_p0p50_999_j_FI
Pre-tax national income 
Bottom 50% | share | all ages | equal split
",p0p50,1987,0.2398,4.0,FIN,Nordic
Finland,"sptinc_p0p50_999_j_FI
Pre-tax national income 
Bottom 50% | share | all ages | equal split
",p0p50,1988,0.2368,4.0,FIN,Nordic
Finland,"sptinc_p0p50_999_j_FI
Pre-tax national income 
Bottom 50% | share | all ages | equal split
",p0p50,1989,0.24,4.0,FIN,Nordic
Finland,"sptinc_p0p50_999_j_FI
Pre-tax national income 
Bottom 50% | share | all ages | equal split
",p0p50,1990,0.2477,4.0,FIN,Nordic
Finland,"sptinc_p0p50_999_j_FI
Pre-tax national income 
Bottom 50% | share | all ages | equal split
",p0p50,1991,0.252,4.0,FIN,Nordic
Finland,"sptinc_p0p50_999_j_FI
Pre-tax national income 
Bottom 50% | share | all ages | equal split
",p0p50,1992,0.254,4.0,FIN,Nordic
Finland,"sptinc_p0p50_999_j_FI
Pre-tax national income 
Bottom 50% | share | all ages | equal split
",p0p50,1993,0.2529,4.0,FIN,Nordic
Finland,"sptinc_p0p50_999_j_FI
Pre-tax national income 
Bottom 50% | share | all ages | equal split
",p0p50,1994,0.2389,4.0,FIN,Nordic
Finland,"sptinc_p0p50_999_j_FI
Pre-tax national income 
Bottom 50% | share | all ages | equal split
",p0p50,1995,0.2355,4.0,FIN,Nordic
Finland,"sptinc_p0p50_999_j_FI
Pre-tax national income 
Bottom 50% | share | all ages | equal split
",p0p50,1996,0.2334,4.0,FIN,Nordic
Finland,"sptinc_p0p50_999_j_FI
Pre-tax national income 
Bottom 50% | share | all ages | equal split
",p0p50,1997,0.2293,4.0,FIN,Nordic
Finland,"sptinc_p0p50_999_j_FI
Pre-tax national income 
Bottom 50% | share | all ages | equal split
",p0p50,1998,0.2292,4.0,FIN,Nordic
Finland,"sptinc_p0p50_999_j_FI
Pre-tax national income 
Bottom 50% | share | all ages | equal split
",p0p50,1999,0.2306,4.0,FIN,Nordic
Finland,"sptinc_p0p50_999_j_FI
Pre-tax national income 
Bottom 50% | share | all ages | equal split
",p0p50,2000,0.2247,4.0,FIN,Nordic
Finland,"sptinc_p0p50_999_j_FI
Pre-tax national income 
Bottom 50% | share | all ages | equal split
",p0p50,2001,0.2273,4.0,FIN,Nordic
Finland,"sptinc_p0p50_999_j_FI
Pre-tax national income 
Bottom 50% | share | all ages | equal split
",p0p50,2002,0.2298,4.0,FIN,Nordic
Finland,"sptinc_p0p50_999_j_FI
Pre-tax national income 
Bottom 50% | share | all ages | equal split
",p0p50,2003,0.2289,4.0,FIN,Nordic
Finland,"sptinc_p0p50_999_j_FI
Pre-tax national income 
Bottom 50% | share | all ages | equal split
",p0p50,2004,0.2271,4.0,FIN,Nordic
Finland,"sptinc_p0p50_999_j_FI
Pre-tax national income 
Bottom 50% | share | all ages | equal split
",p0p50,2005,0.2277,4.0,FIN,Nordic
Finland,"sptinc_p0p50_999_j_FI
Pre-tax national income 
Bottom 50% | share | all ages | equal split
",p0p50,2006,0.2222,4.0,FIN,Nordic
Finland,"sptinc_p0p50_999_j_FI
Pre-tax national income 
Bottom 50% | share | all ages | equal split
",p0p50,2007,0.2229,4.0,FIN,Nordic
Finland,"sptinc_p0p50_999_j_FI
Pre-tax national income 
Bottom 50% | share | all ages | equal split
",p0p50,2008,0.2138,4.0,FIN,Nordic
Finland,"sptinc_p0p50_999_j_FI
Pre-tax national income 
Bottom 50% | share | all ages | equal split
",p0p50,2009,0.2166,4.0,FIN,Nordic
Finland,"sptinc_p0p50_999_j_FI
Pre-tax national income 
Bottom 50% | share | all ages | equal split
",p0p50,2010,0.2121,3.0,FIN,Nordic
Finland,"sptinc_p0p50_999_j_FI
Pre-tax national income 
Bottom 50% | share | all ages | equal split
",p0p50,2011,0.2128,3.0,FIN,Nordic
Finland,"sptinc_p0p50_999_j_FI
Pre-tax national income 
Bottom 50% | share | all ages | equal split
",p0p50,2012,0.2152,3.0,FIN,Nordic
Finland,"sptinc_p0p50_999_j_FI
Pre-tax national income 
Bottom 50% | share | all ages | equal split
",p0p50,2013,0.2185,3.0,FIN,Nordic
Finland,"sptinc_p0p50_999_j_FI
Pre-tax national income 
Bottom 50% | share | all ages | equal split
",p0p50,2014,0.2176,3.0,FIN,Nordic
Finland,"sptinc_p0p50_999_j_FI
Pre-tax national income 
Bottom 50% | share | all ages | equal split
",p0p50,2015,0.2137,3.0,FIN,Nordic
Finland,"sptinc_p0p50_999_j_FI
Pre-tax national income 
Bottom 50% | share | all ages | equal split
",p0p50,2016,0.2159,3.0,FIN,Nordic
Finland,"sptinc_p0p50_999_j_FI
Pre-tax national income 
Bottom 50% | share | all ages | equal split
",p0p50,2017,0.2155,3.0,FIN,Nordic
Finland,"sptinc_p0p50_999_j_FI
Pre-tax national income 
Bottom 50% | share | all ages | equal split
",p0p50,2018,0.2166,3.0,FIN,Nordic
Finland,"sptinc_p0p50_999_j_FI
Pre-tax national income 
Bottom 50% | share | all ages | equal split
",p0p50,2019,0.218,3.0,FIN,Nordic
Finland,"sptinc_p0p50_999_j_FI
Pre-tax national income 
Bottom 50% | share | all ages | equal split
",p0p50,2020,0.218,3.0,FIN,Nordic
Finland,"sptinc_p0p50_999_j_FI
Pre-tax national income 
Bottom 50% | share | all ages | equal split
",p0p50,2021,0.2188,3.0,FIN,Nordic
Finland,"sptinc_p0p50_999_j_FI
Pre-tax national income 
Bottom 50% | share | all ages | equal split
",p0p50,2022,0.2187,3.0,FIN,Nordic
Finland,"sptinc_p0p50_999_j_FI
Pre-tax national income 
Bottom 50% | share | all ages | equal split
",p0p50,2023,0.2266,3.0,FIN,Nordic
Finland,"sptinc_p0p50_999_j_FI
Pre-tax national income 
Bottom 50% | share | all ages | equal split
",p0p50,2024,0.2266,1.0,FIN,Nordic
France,"sptinc_p0p50_999_j_FR
Pre-tax national income 
Bottom 50% | share | all ages | equal split
",p0p50,1960,0.1809,3.0,FRA,Western Europe
France,"sptinc_p0p50_999_j_FR
Pre-tax national income 
Bottom 50% | share | all ages | equal split
",p0p50,1961,0.1794,3.0,FRA,Western Europe
France,"sptinc_p0p50_999_j_FR
Pre-tax national income 
Bottom 50% | share | all ages | equal split
",p0p50,1962,0.1806,3.0,FRA,Western Europe
France,"sptinc_p0p50_999_j_FR
Pre-tax national income 
Bottom 50% | share | all ages | equal split
",p0p50,1963,0.178,3.0,FRA,Western Europe
France,"sptinc_p0p50_999_j_FR
Pre-tax national income 
Bottom 50% | share | all ages | equal split
",p0p50,1964,0.1792,3.0,FRA,Western Europe
France,"sptinc_p0p50_999_j_FR
Pre-tax national income 
Bottom 50% | share | all ages | equal split
",p0p50,1965,0.1756,3.0,FRA,Western Europe
France,"sptinc_p0p50_999_j_FR
Pre-tax national income 
Bottom 50% | share | all ages | equal split
",p0p50,1966,0.1785,3.0,FRA,Western Europe
France,"sptinc_p0p50_999_j_FR
Pre-tax national income 
Bottom 50% | share | all ages | equal split
",p0p50,1967,0.1784,3.0,FRA,Western Europe
France,"sptinc_p0p50_999_j_FR
Pre-tax national income 
Bottom 50% | share | all ages | equal split
",p0p50,1968,0.1848,3.0,FRA,Western Europe
France,"sptinc_p0p50_999_j_FR
Pre-tax national income 
Bottom 50% | share | all ages | equal split
",p0p50,1969,0.1892,3.0,FRA,Western Europe
France,"sptinc_p0p50_999_j_FR
Pre-tax national income 
Bottom 50% | share | all ages | equal split
",p0p50,1970,0.1925,5.0,FRA,Western Europe
France,"sptinc_p0p50_999_j_FR
Pre-tax national income 
Bottom 50% | share | all ages | equal split
",p0p50,1971,0.1941,3.0,FRA,Western Europe
France,"sptinc_p0p50_999_j_FR
Pre-tax national income 
Bottom 50% | share | all ages | equal split
",p0p50,1972,0.1977,3.0,FRA,Western Europe
France,"sptinc_p0p50_999_j_FR
Pre-tax national income 
Bottom 50% | share | all ages | equal split
",p0p50,1973,0.1941,3.0,FRA,Western Europe
France,"sptinc_p0p50_999_j_FR
Pre-tax national income 
Bottom 50% | share | all ages | equal split
",p0p50,1974,0.1969,3.0,FRA,Western Europe
France,"sptinc_p0p50_999_j_FR
Pre-tax national income 
Bottom 50% | share | all ages | equal split
",p0p50,1975,0.2001,5.0,FRA,Western Europe
France,"sptinc_p0p50_999_j_FR
Pre-tax national income 
Bottom 50% | share | all ages | equal split
",p0p50,1976,0.2017,3.0,FRA,Western Europe
France,"sptinc_p0p50_999_j_FR
Pre-tax national income 
Bottom 50% | share | all ages | equal split
",p0p50,1977,0.2109,3.0,FRA,Western Europe
France,"sptinc_p0p50_999_j_FR
Pre-tax national income 
Bottom 50% | share | all ages | equal split
",p0p50,1978,0.2158,3.0,FRA,Western Europe
France,"sptinc_p0p50_999_j_FR
Pre-tax national income 
Bottom 50% | share | all ages | equal split
",p0p50,1979,0.2157,5.0,FRA,Western Europe
France,"sptinc_p0p50_999_j_FR
Pre-tax national income 
Bottom 50% | share | all ages | equal split
",p0p50,1980,0.2266,5.0,FRA,Western Europe
France,"sptinc_p0p50_999_j_FR
Pre-tax national income 
Bottom 50% | share | all ages | equal split
",p0p50,1981,0.2276,5.0,FRA,Western Europe
France,"sptinc_p0p50_999_j_FR
Pre-tax national income 
Bottom 50% | share | all ages | equal split
",p0p50,1982,0.2285,5.0,FRA,Western Europe
France,"sptinc_p0p50_999_j_FR
Pre-tax national income 
Bottom 50% | share | all ages | equal split
",p0p50,1983,0.2277,5.0,FRA,Western Europe
France,"sptinc_p0p50_999_j_FR
Pre-tax national income 
Bottom 50% | share | all ages | equal split
",p0p50,1984,0.2259,5.0,FRA,Western Europe
France,"sptinc_p0p50_999_j_FR
Pre-tax national income 
Bottom 50% | share | all ages | equal split
",p0p50,1985,0.2261,5.0,FRA,Western Europe
France,"sptinc_p0p50_999_j_FR
Pre-tax national income 
Bottom 50% | share | all ages | equal split
",p0p50,1986,0.2239,5.0,FRA,Western Europe
France,"sptinc_p0p50_999_j_FR
Pre-tax national income 
Bottom 50% | share | all ages | equal split
",p0p50,1987,0.223,5.0,FRA,Western Europe
France,"sptinc_p0p50_999_j_FR
Pre-tax national income 
Bottom 50% | share | all ages | equal split
",p0p50,1988,0.2225,5.0,FRA,Western Europe
France,"sptinc_p0p50_999_j_FR
Pre-tax national income 
Bottom 50% | share | all ages | equal split
",p0p50,1989,0.2176,5.0,FRA,Western Europe
France,"sptinc_p0p50_999_j_FR
Pre-tax national income 
Bottom 50% | share | all ages | equal split
",p0p50,1990,0.2153,5.0,FRA,Western Europe
France,"sptinc_p0p50_999_j_FR
Pre-tax national income 
Bottom 50% | share | all ages | equal split
",p0p50,1991,0.2194,5.0,FRA,Western Europe
France,"sptinc_p0p50_999_j_FR
Pre-tax national income 
Bottom 50% | share | all ages | equal split
",p0p50,1992,0.2168,5.0,FRA,Western Europe
France,"sptinc_p0p50_999_j_FR
Pre-tax national income 
Bottom 50% | share | all ages | equal split
",p0p50,1993,0.215,5.0,FRA,Western Europe
France,"sptinc_p0p50_999_j_FR
Pre-tax national income 
Bottom 50% | share | all ages | equal split
",p0p50,1994,0.2128,5.0,FRA,Western Europe
France,"sptinc_p0p50_999_j_FR
Pre-tax national income 
Bottom 50% | share | all ages | equal split
",p0p50,1995,0.2131,5.0,FRA,Western Europe
France,"sptinc_p0p50_999_j_FR
Pre-tax national income 
Bottom 50% | share | all ages | equal split
",p0p50,1996,0.2105,5.0,FRA,Western Europe
France,"sptinc_p0p50_999_j_FR
Pre-tax national income 
Bottom 50% | share | all ages | equal split
",p0p50,1997,0.2073,5.0,FRA,Western Europe
France,"sptinc_p0p50_999_j_FR
Pre-tax national income 
Bottom 50% | share | all ages | equal split
",p0p50,1998,0.2054,5.0,FRA,Western Europe
France,"sptinc_p0p50_999_j_FR
Pre-tax national income 
Bottom 50% | share | all ages | equal split
",p0p50,1999,0.2061,5.0,FRA,Western Europe
France,"sptinc_p0p50_999_j_FR
Pre-tax national income 
Bottom 50% | share | all ages | equal split
",p0p50,2000,0.2054,5.0,FRA,Western Europe
France,"sptinc_p0p50_999_j_FR
Pre-tax national income 
Bottom 50% | share | all ages | equal split
",p0p50,2001,0.2067,5.0,FRA,Western Europe
France,"sptinc_p0p50_999_j_FR
Pre-tax national income 
Bottom 50% | share | all ages | equal split
",p0p50,2002,0.2037,5.0,FRA,Western Europe
France,"sptinc_p0p50_999_j_FR
Pre-tax national income 
Bottom 50% | share | all ages | equal split
",p0p50,2003,0.2019,5.0,FRA,Western Europe
France,"sptinc_p0p50_999_j_FR
Pre-tax national income 
Bottom 50% | share | all ages | equal split
",p0p50,2004,0.1994,5.0,FRA,Western Europe
France,"sptinc_p0p50_999_j_FR
Pre-tax national income 
Bottom 50% | share | all ages | equal split
",p0p50,2005,0.2,5.0,FRA,Western Europe
France,"sptinc_p0p50_999_j_FR
Pre-tax national income 
Bottom 50% | share | all ages | equal split
",p0p50,2006,0.2021,5.0,FRA,Western Europe
France,"sptinc_p0p50_999_j_FR
Pre-tax national income 
Bottom 50% | share | all ages | equal split
",p0p50,2007,0.1985,5.0,FRA,Western Europe
France,"sptinc_p0p50_999_j_FR
Pre-tax national income 
Bottom 50% | share | all ages | equal split
",p0p50,2008,0.1979,5.0,FRA,Western Europe
France,"sptinc_p0p50_999_j_FR
Pre-tax national income 
Bottom 50% | share | all ages | equal split
",p0p50,2009,0.2032,5.0,FRA,Western Europe
France,"sptinc_p0p50_999_j_FR
Pre-tax national income 
Bottom 50% | share | all ages | equal split
",p0p50,2010,0.2023,5.0,FRA,Western Europe
France,"sptinc_p0p50_999_j_FR
Pre-tax national income 
Bottom 50% | share | all ages | equal split
",p0p50,2011,0.2043,5.0,FRA,Western Europe
France,"sptinc_p0p50_999_j_FR
Pre-tax national income 
Bottom 50% | share | all ages | equal split
",p0p50,2012,0.2082,5.0,FRA,Western Europe
France,"sptinc_p0p50_999_j_FR
Pre-tax national income 
Bottom 50% | share | all ages | equal split
",p0p50,2013,0.2092,5.0,FRA,Western Europe
France,"sptinc_p0p50_999_j_FR
Pre-tax national income 
Bottom 50% | share | all ages | equal split
",p0p50,2014,0.2112,5.0,FRA,Western Europe
France,"sptinc_p0p50_999_j_FR
Pre-tax national income 
Bottom 50% | share | all ages | equal split
",p0p50,2015,0.2055,5.0,FRA,Western Europe
France,"sptinc_p0p50_999_j_FR
Pre-tax national income 
Bottom 50% | share | all ages | equal split
",p0p50,2016,0.2065,5.0,FRA,Western Europe
France,"sptinc_p0p50_999_j_FR
Pre-tax national income 
Bottom 50% | share | all ages | equal split
",p0p50,2017,0.2059,5.0,FRA,Western Europe
France,"sptinc_p0p50_999_j_FR
Pre-tax national income 
Bottom 50% | share | all ages | equal split
",p0p50,2018,0.2034,5.0,FRA,Western Europe
France,"sptinc_p0p50_999_j_FR
Pre-tax national income 
Bottom 50% | share | all ages | equal split
",p0p50,2019,0.2048,4.0,FRA,Western Europe
France,"sptinc_p0p50_999_j_FR
Pre-tax national income 
Bottom 50% | share | all ages | equal split
",p0p50,2020,0.2055,4.0,FRA,Western Europe
France,"sptinc_p0p50_999_j_FR
Pre-tax national income 
Bottom 50% | share | all ages | equal split
",p0p50,2021,0.2026,4.0,FRA,Western Europe
France,"sptinc_p0p50_999_j_FR
Pre-tax national income 
Bottom 50% | share | all ages | equal split
",p0p50,2022,0.2034,4.0,FRA,Western Europe
France,"sptinc_p0p50_999_j_FR
Pre-tax national income 
Bottom 50% | share | all ages | equal split
",p0p50,2023,0.203,4.0,FRA,Western Europe
France,"sptinc_p0p50_999_j_FR
Pre-tax national income 
Bottom 50% | share | all ages | equal split
",p0p50,2024,0.203,4.0,FRA,Western Europe
Georgia,"sptinc_p0p50_999_j_GE
Pre-tax national income 
Bottom 50% | share | all ages | equal split
",p0p50,1980,0.2773,1.0,GEO,Eastern Europe & FSU
Georgia,"sptinc_p0p50_999_j_GE
Pre-tax national income 
Bottom 50% | share | all ages | equal split
",p0p50,1981,0.2771,1.0,GEO,Eastern Europe & FSU
Georgia,"sptinc_p0p50_999_j_GE
Pre-tax national income 
Bottom 50% | share | all ages | equal split
",p0p50,1982,0.2769,1.0,GEO,Eastern Europe & FSU
Georgia,"sptinc_p0p50_999_j_GE
Pre-tax national income 
Bottom 50% | share | all ages | equal split
",p0p50,1983,0.2767,1.0,GEO,Eastern Europe & FSU
Georgia,"sptinc_p0p50_999_j_GE
Pre-tax national income 
Bottom 50% | share | all ages | equal split
",p0p50,1984,0.2765,1.0,GEO,Eastern Europe & FSU
Georgia,"sptinc_p0p50_999_j_GE
Pre-tax national income 
Bottom 50% | share | all ages | equal split
",p0p50,1985,0.2762,1.0,GEO,Eastern Europe & FSU
Georgia,"sptinc_p0p50_999_j_GE
Pre-tax national income 
Bottom 50% | share | all ages | equal split
",p0p50,1986,0.2761,1.0,GEO,Eastern Europe & FSU
Georgia,"sptinc_p0p50_999_j_GE
Pre-tax national income 
Bottom 50% | share | all ages | equal split
",p0p50,1987,0.276,1.0,GEO,Eastern Europe & FSU
Georgia,"sptinc_p0p50_999_j_GE
Pre-tax national income 
Bottom 50% | share | all ages | equal split
",p0p50,1988,0.2758,1.0,GEO,Eastern Europe & FSU
Georgia,"sptinc_p0p50_999_j_GE
Pre-tax national income 
Bottom 50% | share | all ages | equal split
",p0p50,1989,0.2738,1.0,GEO,Eastern Europe & FSU
Georgia,"sptinc_p0p50_999_j_GE
Pre-tax national income 
Bottom 50% | share | all ages | equal split
",p0p50,1990,0.2837,1.0,GEO,Eastern Europe & FSU
Georgia,"sptinc_p0p50_999_j_GE
Pre-tax national income 
Bottom 50% | share | all ages | equal split
",p0p50,1991,0.2607,1.0,GEO,Eastern Europe & FSU
Georgia,"sptinc_p0p50_999_j_GE
Pre-tax national income 
Bottom 50% | share | all ages | equal split
",p0p50,1992,0.2377,1.0,GEO,Eastern Europe & FSU
Georgia,"sptinc_p0p50_999_j_GE
Pre-tax national income 
Bottom 50% | share | all ages | equal split
",p0p50,1993,0.2148,1.0,GEO,Eastern Europe & FSU
Georgia,"sptinc_p0p50_999_j_GE
Pre-tax national income 
Bottom 50% | share | all ages | equal split
",p0p50,1994,0.1919,1.0,GEO,Eastern Europe & FSU
Georgia,"sptinc_p0p50_999_j_GE
Pre-tax national income 
Bottom 50% | share | all ages | equal split
",p0p50,1995,0.1689,1.0,GEO,Eastern Europe & FSU
Georgia,"sptinc_p0p50_999_j_GE
Pre-tax national income 
Bottom 50% | share | all ages | equal split
",p0p50,1996,0.145,3.0,GEO,Eastern Europe & FSU
Georgia,"sptinc_p0p50_999_j_GE
Pre-tax national income 
Bottom 50% | share | all ages | equal split
",p0p50,1997,0.1327,3.0,GEO,Eastern Europe & FSU
Georgia,"sptinc_p0p50_999_j_GE
Pre-tax national income 
Bottom 50% | share | all ages | equal split
",p0p50,1998,0.1262,3.0,GEO,Eastern Europe & FSU
Georgia,"sptinc_p0p50_999_j_GE
Pre-tax national income 
Bottom 50% | share | all ages | equal split
",p0p50,1999,0.1336,3.0,GEO,Eastern Europe & FSU
Georgia,"sptinc_p0p50_999_j_GE
Pre-tax national income 
Bottom 50% | share | all ages | equal split
",p0p50,2000,0.1332,3.0,GEO,Eastern Europe & FSU
Georgia,"sptinc_p0p50_999_j_GE
Pre-tax national income 
Bottom 50% | share | all ages | equal split
",p0p50,2001,0.1359,3.0,GEO,Eastern Europe & FSU
Georgia,"sptinc_p0p50_999_j_GE
Pre-tax national income 
Bottom 50% | share | all ages | equal split
",p0p50,2002,0.146,3.0,GEO,Eastern Europe & FSU
Georgia,"sptinc_p0p50_999_j_GE
Pre-tax national income 
Bottom 50% | share | all ages | equal split
",p0p50,2003,0.1474,3.0,GEO,Eastern Europe & FSU
Georgia,"sptinc_p0p50_999_j_GE
Pre-tax national income 
Bottom 50% | share | all ages | equal split
",p0p50,2004,0.1493,3.0,GEO,Eastern Europe & FSU
Georgia,"sptinc_p0p50_999_j_GE
Pre-tax national income 
Bottom 50% | share | all ages | equal split
",p0p50,2005,0.1429,3.0,GEO,Eastern Europe & FSU
Georgia,"sptinc_p0p50_999_j_GE
Pre-tax national income 
Bottom 50% | share | all ages | equal split
",p0p50,2006,0.1431,3.0,GEO,Eastern Europe & FSU
Georgia,"sptinc_p0p50_999_j_GE
Pre-tax national income 
Bottom 50% | share | all ages | equal split
",p0p50,2007,0.1356,3.0,GEO,Eastern Europe & FSU
Georgia,"sptinc_p0p50_999_j_GE
Pre-tax national income 
Bottom 50% | share | all ages | equal split
",p0p50,2008,0.1379,3.0,GEO,Eastern Europe & FSU
Georgia,"sptinc_p0p50_999_j_GE
Pre-tax national income 
Bottom 50% | share | all ages | equal split
",p0p50,2009,0.148,3.0,GEO,Eastern Europe & FSU
Georgia,"sptinc_p0p50_999_j_GE
Pre-tax national income 
Bottom 50% | share | all ages | equal split
",p0p50,2010,0.1419,4.0,GEO,Eastern Europe & FSU
Georgia,"sptinc_p0p50_999_j_GE
Pre-tax national income 
Bottom 50% | share | all ages | equal split
",p0p50,2011,0.1276,4.0,GEO,Eastern Europe & FSU
Georgia,"sptinc_p0p50_999_j_GE
Pre-tax national income 
Bottom 50% | share | all ages | equal split
",p0p50,2012,0.1432,4.0,GEO,Eastern Europe & FSU
Georgia,"sptinc_p0p50_999_j_GE
Pre-tax national income 
Bottom 50% | share | all ages | equal split
",p0p50,2013,0.1262,4.0,GEO,Eastern Europe & FSU
Georgia,"sptinc_p0p50_999_j_GE
Pre-tax national income 
Bottom 50% | share | all ages | equal split
",p0p50,2014,0.1473,4.0,GEO,Eastern Europe & FSU
Georgia,"sptinc_p0p50_999_j_GE
Pre-tax national income 
Bottom 50% | share | all ages | equal split
",p0p50,2015,0.1447,4.0,GEO,Eastern Europe & FSU
Georgia,"sptinc_p0p50_999_j_GE
Pre-tax national income 
Bottom 50% | share | all ages | equal split
",p0p50,2016,0.1377,4.0,GEO,Eastern Europe & FSU
Georgia,"sptinc_p0p50_999_j_GE
Pre-tax national income 
Bottom 50% | share | all ages | equal split
",p0p50,2017,0.1371,4.0,GEO,Eastern Europe & FSU
Georgia,"sptinc_p0p50_999_j_GE
Pre-tax national income 
Bottom 50% | share | all ages | equal split
",p0p50,2018,0.1382,4.0,GEO,Eastern Europe & FSU
Georgia,"sptinc_p0p50_999_j_GE
Pre-tax national income 
Bottom 50% | share | all ages | equal split
",p0p50,2019,0.139,4.0,GEO,Eastern Europe & FSU
Georgia,"sptinc_p0p50_999_j_GE
Pre-tax national income 
Bottom 50% | share | all ages | equal split
",p0p50,2020,0.139,1.0,GEO,Eastern Europe & FSU
Georgia,"sptinc_p0p50_999_j_GE
Pre-tax national income 
Bottom 50% | share | all ages | equal split
",p0p50,2021,0.139,1.0,GEO,Eastern Europe & FSU
Georgia,"sptinc_p0p50_999_j_GE
Pre-tax national income 
Bottom 50% | share | all ages | equal split
",p0p50,2022,0.139,1.0,GEO,Eastern Europe & FSU
Georgia,"sptinc_p0p50_999_j_GE
Pre-tax national income 
Bottom 50% | share | all ages | equal split
",p0p50,2023,0.139,1.0,GEO,Eastern Europe & FSU
Georgia,"sptinc_p0p50_999_j_GE
Pre-tax national income 
Bottom 50% | share | all ages | equal split
",p0p50,2024,0.139,1.0,GEO,Eastern Europe & FSU
Germany,"sptinc_p0p50_999_j_DE
Pre-tax national income 
Bottom 50% | share | all ages | equal split
",p0p50,1960,0.2289,2.0,DEU,Western Europe
Germany,"sptinc_p0p50_999_j_DE
Pre-tax national income 
Bottom 50% | share | all ages | equal split
",p0p50,1961,0.229,3.0,DEU,Western Europe
Germany,"sptinc_p0p50_999_j_DE
Pre-tax national income 
Bottom 50% | share | all ages | equal split
",p0p50,1965,0.2327,3.0,DEU,Western Europe
Germany,"sptinc_p0p50_999_j_DE
Pre-tax national income 
Bottom 50% | share | all ages | equal split
",p0p50,1968,0.236,3.0,DEU,Western Europe
Germany,"sptinc_p0p50_999_j_DE
Pre-tax national income 
Bottom 50% | share | all ages | equal split
",p0p50,1970,0.2409,2.0,DEU,Western Europe
Germany,"sptinc_p0p50_999_j_DE
Pre-tax national income 
Bottom 50% | share | all ages | equal split
",p0p50,1971,0.2382,3.0,DEU,Western Europe
Germany,"sptinc_p0p50_999_j_DE
Pre-tax national income 
Bottom 50% | share | all ages | equal split
",p0p50,1974,0.2415,3.0,DEU,Western Europe
Germany,"sptinc_p0p50_999_j_DE
Pre-tax national income 
Bottom 50% | share | all ages | equal split
",p0p50,1977,0.2438,3.0,DEU,Western Europe
Germany,"sptinc_p0p50_999_j_DE
Pre-tax national income 
Bottom 50% | share | all ages | equal split
",p0p50,1980,0.2325,4.0,DEU,Western Europe
Germany,"sptinc_p0p50_999_j_DE
Pre-tax national income 
Bottom 50% | share | all ages | equal split
",p0p50,1981,0.2338,4.0,DEU,Western Europe
Germany,"sptinc_p0p50_999_j_DE
Pre-tax national income 
Bottom 50% | share | all ages | equal split
",p0p50,1982,0.236,4.0,DEU,Western Europe
Germany,"sptinc_p0p50_999_j_DE
Pre-tax national income 
Bottom 50% | share | all ages | equal split
",p0p50,1983,0.2342,4.0,DEU,Western Europe
Germany,"sptinc_p0p50_999_j_DE
Pre-tax national income 
Bottom 50% | share | all ages | equal split
",p0p50,1984,0.237,4.0,DEU,Western Europe
Germany,"sptinc_p0p50_999_j_DE
Pre-tax national income 
Bottom 50% | share | all ages | equal split
",p0p50,1985,0.2359,4.0,DEU,Western Europe
Germany,"sptinc_p0p50_999_j_DE
Pre-tax national income 
Bottom 50% | share | all ages | equal split
",p0p50,1986,0.2334,4.0,DEU,Western Europe
Germany,"sptinc_p0p50_999_j_DE
Pre-tax national income 
Bottom 50% | share | all ages | equal split
",p0p50,1987,0.2304,4.0,DEU,Western Europe
Germany,"sptinc_p0p50_999_j_DE
Pre-tax national income 
Bottom 50% | share | all ages | equal split
",p0p50,1988,0.2239,4.0,DEU,Western Europe
Germany,"sptinc_p0p50_999_j_DE
Pre-tax national income 
Bottom 50% | share | all ages | equal split
",p0p50,1989,0.2177,4.0,DEU,Western Europe
Germany,"sptinc_p0p50_999_j_DE
Pre-tax national income 
Bottom 50% | share | all ages | equal split
",p0p50,1990,0.2162,4.0,DEU,Western Europe
Germany,"sptinc_p0p50_999_j_DE
Pre-tax national income 
Bottom 50% | share | all ages | equal split
",p0p50,1991,0.221,4.0,DEU,Western Europe
Germany,"sptinc_p0p50_999_j_DE
Pre-tax national income 
Bottom 50% | share | all ages | equal split
",p0p50,1992,0.224,4.0,DEU,Western Europe
Germany,"sptinc_p0p50_999_j_DE
Pre-tax national income 
Bottom 50% | share | all ages | equal split
",p0p50,1993,0.2273,4.0,DEU,Western Europe
Germany,"sptinc_p0p50_999_j_DE
Pre-tax national income 
Bottom 50% | share | all ages | equal split
",p0p50,1994,0.229,4.0,DEU,Western Europe
Germany,"sptinc_p0p50_999_j_DE
Pre-tax national income 
Bottom 50% | share | all ages | equal split
",p0p50,1995,0.2309,4.0,DEU,Western Europe
Germany,"sptinc_p0p50_999_j_DE
Pre-tax national income 
Bottom 50% | share | all ages | equal split
",p0p50,1996,0.2248,4.0,DEU,Western Europe
Germany,"sptinc_p0p50_999_j_DE
Pre-tax national income 
Bottom 50% | share | all ages | equal split
",p0p50,1997,0.2201,4.0,DEU,Western Europe
Germany,"sptinc_p0p50_999_j_DE
Pre-tax national income 
Bottom 50% | share | all ages | equal split
",p0p50,1998,0.2151,4.0,DEU,Western Europe
Germany,"sptinc_p0p50_999_j_DE
Pre-tax national income 
Bottom 50% | share | all ages | equal split
",p0p50,1999,0.2155,4.0,DEU,Western Europe
Germany,"sptinc_p0p50_999_j_DE
Pre-tax national income 
Bottom 50% | share | all ages | equal split
",p0p50,2000,0.2162,4.0,DEU,Western Europe
Germany,"sptinc_p0p50_999_j_DE
Pre-tax national income 
Bottom 50% | share | all ages | equal split
",p0p50,2001,0.2153,4.0,DEU,Western Europe
Germany,"sptinc_p0p50_999_j_DE
Pre-tax national income 
Bottom 50% | share | all ages | equal split
",p0p50,2002,0.2096,4.0,DEU,Western Europe
Germany,"sptinc_p0p50_999_j_DE
Pre-tax national income 
Bottom 50% | share | all ages | equal split
",p0p50,2003,0.2149,4.0,DEU,Western Europe
Germany,"sptinc_p0p50_999_j_DE
Pre-tax national income 
Bottom 50% | share | all ages | equal split
",p0p50,2004,0.2105,4.0,DEU,Western Europe
Germany,"sptinc_p0p50_999_j_DE
Pre-tax national income 
Bottom 50% | share | all ages | equal split
",p0p50,2005,0.198,4.0,DEU,Western Europe
Germany,"sptinc_p0p50_999_j_DE
Pre-tax national income 
Bottom 50% | share | all ages | equal split
",p0p50,2006,0.1972,4.0,DEU,Western Europe
Germany,"sptinc_p0p50_999_j_DE
Pre-tax national income 
Bottom 50% | share | all ages | equal split
",p0p50,2007,0.191,4.0,DEU,Western Europe
Germany,"sptinc_p0p50_999_j_DE
Pre-tax national income 
Bottom 50% | share | all ages | equal split
",p0p50,2008,0.1909,4.0,DEU,Western Europe
Germany,"sptinc_p0p50_999_j_DE
Pre-tax national income 
Bottom 50% | share | all ages | equal split
",p0p50,2009,0.1911,4.0,DEU,Western Europe
Germany,"sptinc_p0p50_999_j_DE
Pre-tax national income 
Bottom 50% | share | all ages | equal split
",p0p50,2010,0.1931,4.0,DEU,Western Europe
Germany,"sptinc_p0p50_999_j_DE
Pre-tax national income 
Bottom 50% | share | all ages | equal split
",p0p50,2011,0.1908,4.0,DEU,Western Europe
Germany,"sptinc_p0p50_999_j_DE
Pre-tax national income 
Bottom 50% | share | all ages | equal split
",p0p50,2012,0.1897,4.0,DEU,Western Europe
Germany,"sptinc_p0p50_999_j_DE
Pre-tax national income 
Bottom 50% | share | all ages | equal split
",p0p50,2013,0.1827,4.0,DEU,Western Europe
Germany,"sptinc_p0p50_999_j_DE
Pre-tax national income 
Bottom 50% | share | all ages | equal split
",p0p50,2014,0.1814,3.0,DEU,Western Europe
Germany,"sptinc_p0p50_999_j_DE
Pre-tax national income 
Bottom 50% | share | all ages | equal split
",p0p50,2015,0.1824,3.0,DEU,Western Europe
Germany,"sptinc_p0p50_999_j_DE
Pre-tax national income 
Bottom 50% | share | all ages | equal split
",p0p50,2016,0.1843,3.0,DEU,Western Europe
Germany,"sptinc_p0p50_999_j_DE
Pre-tax national income 
Bottom 50% | share | all ages | equal split
",p0p50,2017,0.1858,3.0,DEU,Western Europe
Germany,"sptinc_p0p50_999_j_DE
Pre-tax national income 
Bottom 50% | share | all ages | equal split
",p0p50,2018,0.1885,3.0,DEU,Western Europe
Germany,"sptinc_p0p50_999_j_DE
Pre-tax national income 
Bottom 50% | share | all ages | equal split
",p0p50,2019,0.188,3.0,DEU,Western Europe
Germany,"sptinc_p0p50_999_j_DE
Pre-tax national income 
Bottom 50% | share | all ages | equal split
",p0p50,2020,0.188,3.0,DEU,Western Europe
Germany,"sptinc_p0p50_999_j_DE
Pre-tax national income 
Bottom 50% | share | all ages | equal split
",p0p50,2021,0.1882,3.0,DEU,Western Europe
Germany,"sptinc_p0p50_999_j_DE
Pre-tax national income 
Bottom 50% | share | all ages | equal split
",p0p50,2022,0.1878,3.0,DEU,Western Europe
Germany,"sptinc_p0p50_999_j_DE
Pre-tax national income 
Bottom 50% | share | all ages | equal split
",p0p50,2023,0.1877,3.0,DEU,Western Europe
Germany,"sptinc_p0p50_999_j_DE
Pre-tax national income 
Bottom 50% | share | all ages | equal split
",p0p50,2024,0.1877,1.0,DEU,Western Europe
Ghana,"sptinc_p0p50_999_j_GH
Pre-tax national income 
Bottom 50% | share | all ages | equal split
",p0p50,1980,0.1556,1.0,GHA,Sub-Saharan Africa
Ghana,"sptinc_p0p50_999_j_GH
Pre-tax national income 
Bottom 50% | share | all ages | equal split
",p0p50,1981,0.1556,1.0,GHA,Sub-Saharan Africa
Ghana,"sptinc_p0p50_999_j_GH
Pre-tax national income 
Bottom 50% | share | all ages | equal split
",p0p50,1982,0.1556,1.0,GHA,Sub-Saharan Africa
Ghana,"sptinc_p0p50_999_j_GH
Pre-tax national income 
Bottom 50% | share | all ages | equal split
",p0p50,1983,0.1556,1.0,GHA,Sub-Saharan Africa
Ghana,"sptinc_p0p50_999_j_GH
Pre-tax national income 
Bottom 50% | share | all ages | equal split
",p0p50,1984,0.1556,1.0,GHA,Sub-Saharan Africa
Ghana,"sptinc_p0p50_999_j_GH
Pre-tax national income 
Bottom 50% | share | all ages | equal split
",p0p50,1985,0.1556,1.0,GHA,Sub-Saharan Africa
Ghana,"sptinc_p0p50_999_j_GH
Pre-tax national income 
Bottom 50% | share | all ages | equal split
",p0p50,1986,0.1556,1.0,GHA,Sub-Saharan Africa
Ghana,"sptinc_p0p50_999_j_GH
Pre-tax national income 
Bottom 50% | share | all ages | equal split
",p0p50,1987,0.1556,3.0,GHA,Sub-Saharan Africa
Ghana,"sptinc_p0p50_999_j_GH
Pre-tax national income 
Bottom 50% | share | all ages | equal split
",p0p50,1988,0.1518,3.0,GHA,Sub-Saharan Africa
Ghana,"sptinc_p0p50_999_j_GH
Pre-tax national income 
Bottom 50% | share | all ages | equal split
",p0p50,1989,0.1481,2.0,GHA,Sub-Saharan Africa
Ghana,"sptinc_p0p50_999_j_GH
Pre-tax national income 
Bottom 50% | share | all ages | equal split
",p0p50,1990,0.1445,2.0,GHA,Sub-Saharan Africa
Ghana,"sptinc_p0p50_999_j_GH
Pre-tax national income 
Bottom 50% | share | all ages | equal split
",p0p50,1991,0.1408,3.0,GHA,Sub-Saharan Africa
Ghana,"sptinc_p0p50_999_j_GH
Pre-tax national income 
Bottom 50% | share | all ages | equal split
",p0p50,1992,0.1399,2.0,GHA,Sub-Saharan Africa
Ghana,"sptinc_p0p50_999_j_GH
Pre-tax national income 
Bottom 50% | share | all ages | equal split
",p0p50,1993,0.1389,2.0,GHA,Sub-Saharan Africa
Ghana,"sptinc_p0p50_999_j_GH
Pre-tax national income 
Bottom 50% | share | all ages | equal split
",p0p50,1994,0.1379,2.0,GHA,Sub-Saharan Africa
Ghana,"sptinc_p0p50_999_j_GH
Pre-tax national income 
Bottom 50% | share | all ages | equal split
",p0p50,1995,0.137,2.0,GHA,Sub-Saharan Africa
Ghana,"sptinc_p0p50_999_j_GH
Pre-tax national income 
Bottom 50% | share | all ages | equal split
",p0p50,1996,0.136,2.0,GHA,Sub-Saharan Africa
Ghana,"sptinc_p0p50_999_j_GH
Pre-tax national income 
Bottom 50% | share | all ages | equal split
",p0p50,1997,0.1351,2.0,GHA,Sub-Saharan Africa
Ghana,"sptinc_p0p50_999_j_GH
Pre-tax national income 
Bottom 50% | share | all ages | equal split
",p0p50,1998,0.1341,3.0,GHA,Sub-Saharan Africa
Ghana,"sptinc_p0p50_999_j_GH
Pre-tax national income 
Bottom 50% | share | all ages | equal split
",p0p50,1999,0.1327,2.0,GHA,Sub-Saharan Africa
Ghana,"sptinc_p0p50_999_j_GH
Pre-tax national income 
Bottom 50% | share | all ages | equal split
",p0p50,2000,0.1313,2.0,GHA,Sub-Saharan Africa
Ghana,"sptinc_p0p50_999_j_GH
Pre-tax national income 
Bottom 50% | share | all ages | equal split
",p0p50,2001,0.1299,2.0,GHA,Sub-Saharan Africa
Ghana,"sptinc_p0p50_999_j_GH
Pre-tax national income 
Bottom 50% | share | all ages | equal split
",p0p50,2002,0.1286,2.0,GHA,Sub-Saharan Africa
Ghana,"sptinc_p0p50_999_j_GH
Pre-tax national income 
Bottom 50% | share | all ages | equal split
",p0p50,2003,0.1272,2.0,GHA,Sub-Saharan Africa
Ghana,"sptinc_p0p50_999_j_GH
Pre-tax national income 
Bottom 50% | share | all ages | equal split
",p0p50,2004,0.1258,2.0,GHA,Sub-Saharan Africa
Ghana,"sptinc_p0p50_999_j_GH
Pre-tax national income 
Bottom 50% | share | all ages | equal split
",p0p50,2005,0.1244,3.0,GHA,Sub-Saharan Africa
Ghana,"sptinc_p0p50_999_j_GH
Pre-tax national income 
Bottom 50% | share | all ages | equal split
",p0p50,2006,0.1245,2.0,GHA,Sub-Saharan Africa
Ghana,"sptinc_p0p50_999_j_GH
Pre-tax national income 
Bottom 50% | share | all ages | equal split
",p0p50,2007,0.1246,2.0,GHA,Sub-Saharan Africa
Ghana,"sptinc_p0p50_999_j_GH
Pre-tax national income 
Bottom 50% | share | all ages | equal split
",p0p50,2008,0.1247,2.0,GHA,Sub-Saharan Africa
Ghana,"sptinc_p0p50_999_j_GH
Pre-tax national income 
Bottom 50% | share | all ages | equal split
",p0p50,2009,0.1247,2.0,GHA,Sub-Saharan Africa
Ghana,"sptinc_p0p50_999_j_GH
Pre-tax national income 
Bottom 50% | share | all ages | equal split
",p0p50,2010,0.1248,2.0,GHA,Sub-Saharan Africa
Ghana,"sptinc_p0p50_999_j_GH
Pre-tax national income 
Bottom 50% | share | all ages | equal split
",p0p50,2011,0.1249,2.0,GHA,Sub-Saharan Africa
Ghana,"sptinc_p0p50_999_j_GH
Pre-tax national income 
Bottom 50% | share | all ages | equal split
",p0p50,2012,0.125,3.0,GHA,Sub-Saharan Africa
Ghana,"sptinc_p0p50_999_j_GH
Pre-tax national income 
Bottom 50% | share | all ages | equal split
",p0p50,2013,0.1243,2.0,GHA,Sub-Saharan Africa
Ghana,"sptinc_p0p50_999_j_GH
Pre-tax national income 
Bottom 50% | share | all ages | equal split
",p0p50,2014,0.1235,2.0,GHA,Sub-Saharan Africa
Ghana,"sptinc_p0p50_999_j_GH
Pre-tax national income 
Bottom 50% | share | all ages | equal split
",p0p50,2015,0.1228,2.0,GHA,Sub-Saharan Africa
Ghana,"sptinc_p0p50_999_j_GH
Pre-tax national income 
Bottom 50% | share | all ages | equal split
",p0p50,2016,0.1221,3.0,GHA,Sub-Saharan Africa
Ghana,"sptinc_p0p50_999_j_GH
Pre-tax national income 
Bottom 50% | share | all ages | equal split
",p0p50,2017,0.1221,1.0,GHA,Sub-Saharan Africa
Ghana,"sptinc_p0p50_999_j_GH
Pre-tax national income 
Bottom 50% | share | all ages | equal split
",p0p50,2018,0.1221,1.0,GHA,Sub-Saharan Africa
Ghana,"sptinc_p0p50_999_j_GH
Pre-tax national income 
Bottom 50% | share | all ages | equal split
",p0p50,2019,0.1221,1.0,GHA,Sub-Saharan Africa
Ghana,"sptinc_p0p50_999_j_GH
Pre-tax national income 
Bottom 50% | share | all ages | equal split
",p0p50,2020,0.1221,1.0,GHA,Sub-Saharan Africa
Ghana,"sptinc_p0p50_999_j_GH
Pre-tax national income 
Bottom 50% | share | all ages | equal split
",p0p50,2021,0.1221,1.0,GHA,Sub-Saharan Africa
Ghana,"sptinc_p0p50_999_j_GH
Pre-tax national income 
Bottom 50% | share | all ages | equal split
",p0p50,2022,0.1221,1.0,GHA,Sub-Saharan Africa
Ghana,"sptinc_p0p50_999_j_GH
Pre-tax national income 
Bottom 50% | share | all ages | equal split
",p0p50,2023,0.1221,1.0,GHA,Sub-Saharan Africa
Ghana,"sptinc_p0p50_999_j_GH
Pre-tax national income 
Bottom 50% | share | all ages | equal split
",p0p50,2024,0.1221,1.0,GHA,Sub-Saharan Africa
Greece,"sptinc_p0p50_999_j_GR
Pre-tax national income 
Bottom 50% | share | all ages | equal split
",p0p50,1967,0.2098,3.0,GRC,Southern Europe
Greece,"sptinc_p0p50_999_j_GR
Pre-tax national income 
Bottom 50% | share | all ages | equal split
",p0p50,1968,0.2079,3.0,GRC,Southern Europe
Greece,"sptinc_p0p50_999_j_GR
Pre-tax national income 
Bottom 50% | share | all ages | equal split
",p0p50,1969,0.2046,3.0,GRC,Southern Europe
Greece,"sptinc_p0p50_999_j_GR
Pre-tax national income 
Bottom 50% | share | all ages | equal split
",p0p50,1970,0.2025,3.0,GRC,Southern Europe
Greece,"sptinc_p0p50_999_j_GR
Pre-tax national income 
Bottom 50% | share | all ages | equal split
",p0p50,1971,0.2006,3.0,GRC,Southern Europe
Greece,"sptinc_p0p50_999_j_GR
Pre-tax national income 
Bottom 50% | share | all ages | equal split
",p0p50,1972,0.1987,3.0,GRC,Southern Europe
Greece,"sptinc_p0p50_999_j_GR
Pre-tax national income 
Bottom 50% | share | all ages | equal split
",p0p50,1973,0.1954,3.0,GRC,Southern Europe
Greece,"sptinc_p0p50_999_j_GR
Pre-tax national income 
Bottom 50% | share | all ages | equal split
",p0p50,1974,0.1934,3.0,GRC,Southern Europe
Greece,"sptinc_p0p50_999_j_GR
Pre-tax national income 
Bottom 50% | share | all ages | equal split
",p0p50,1975,0.1914,3.0,GRC,Southern Europe
Greece,"sptinc_p0p50_999_j_GR
Pre-tax national income 
Bottom 50% | share | all ages | equal split
",p0p50,1976,0.1892,3.0,GRC,Southern Europe
Greece,"sptinc_p0p50_999_j_GR
Pre-tax national income 
Bottom 50% | share | all ages | equal split
",p0p50,1977,0.1865,3.0,GRC,Southern Europe
Greece,"sptinc_p0p50_999_j_GR
Pre-tax national income 
Bottom 50% | share | all ages | equal split
",p0p50,1978,0.1842,3.0,GRC,Southern Europe
Greece,"sptinc_p0p50_999_j_GR
Pre-tax national income 
Bottom 50% | share | all ages | equal split
",p0p50,1979,0.1819,3.0,GRC,Southern Europe
Greece,"sptinc_p0p50_999_j_GR
Pre-tax national income 
Bottom 50% | share | all ages | equal split
",p0p50,1980,0.1781,4.0,GRC,Southern Europe
Greece,"sptinc_p0p50_999_j_GR
Pre-tax national income 
Bottom 50% | share | all ages | equal split
",p0p50,1981,0.1697,4.0,GRC,Southern Europe
Greece,"sptinc_p0p50_999_j_GR
Pre-tax national income 
Bottom 50% | share | all ages | equal split
",p0p50,1982,0.1743,4.0,GRC,Southern Europe
Greece,"sptinc_p0p50_999_j_GR
Pre-tax national income 
Bottom 50% | share | all ages | equal split
",p0p50,1983,0.1818,4.0,GRC,Southern Europe
Greece,"sptinc_p0p50_999_j_GR
Pre-tax national income 
Bottom 50% | share | all ages | equal split
",p0p50,1984,0.1827,4.0,GRC,Southern Europe
Greece,"sptinc_p0p50_999_j_GR
Pre-tax national income 
Bottom 50% | share | all ages | equal split
",p0p50,1985,0.1776,4.0,GRC,Southern Europe
Greece,"sptinc_p0p50_999_j_GR
Pre-tax national income 
Bottom 50% | share | all ages | equal split
",p0p50,1986,0.1836,4.0,GRC,Southern Europe
Greece,"sptinc_p0p50_999_j_GR
Pre-tax national income 
Bottom 50% | share | all ages | equal split
",p0p50,1987,0.1903,4.0,GRC,Southern Europe
Greece,"sptinc_p0p50_999_j_GR
Pre-tax national income 
Bottom 50% | share | all ages | equal split
",p0p50,1988,0.179,4.0,GRC,Southern Europe
Greece,"sptinc_p0p50_999_j_GR
Pre-tax national income 
Bottom 50% | share | all ages | equal split
",p0p50,1989,0.1805,4.0,GRC,Southern Europe
Greece,"sptinc_p0p50_999_j_GR
Pre-tax national income 
Bottom 50% | share | all ages | equal split
",p0p50,1990,0.1781,4.0,GRC,Southern Europe
Greece,"sptinc_p0p50_999_j_GR
Pre-tax national income 
Bottom 50% | share | all ages | equal split
",p0p50,1991,0.1849,4.0,GRC,Southern Europe
Greece,"sptinc_p0p50_999_j_GR
Pre-tax national income 
Bottom 50% | share | all ages | equal split
",p0p50,1992,0.1907,4.0,GRC,Southern Europe
Greece,"sptinc_p0p50_999_j_GR
Pre-tax national income 
Bottom 50% | share | all ages | equal split
",p0p50,1993,0.1788,4.0,GRC,Southern Europe
Greece,"sptinc_p0p50_999_j_GR
Pre-tax national income 
Bottom 50% | share | all ages | equal split
",p0p50,1994,0.1716,4.0,GRC,Southern Europe
Greece,"sptinc_p0p50_999_j_GR
Pre-tax national income 
Bottom 50% | share | all ages | equal split
",p0p50,1995,0.1712,4.0,GRC,Southern Europe
Greece,"sptinc_p0p50_999_j_GR
Pre-tax national income 
Bottom 50% | share | all ages | equal split
",p0p50,1996,0.1703,4.0,GRC,Southern Europe
Greece,"sptinc_p0p50_999_j_GR
Pre-tax national income 
Bottom 50% | share | all ages | equal split
",p0p50,1997,0.1599,4.0,GRC,Southern Europe
Greece,"sptinc_p0p50_999_j_GR
Pre-tax national income 
Bottom 50% | share | all ages | equal split
",p0p50,1998,0.1566,4.0,GRC,Southern Europe
Greece,"sptinc_p0p50_999_j_GR
Pre-tax national income 
Bottom 50% | share | all ages | equal split
",p0p50,1999,0.1578,4.0,GRC,Southern Europe
Greece,"sptinc_p0p50_999_j_GR
Pre-tax national income 
Bottom 50% | share | all ages | equal split
",p0p50,2000,0.1515,4.0,GRC,Southern Europe
Greece,"sptinc_p0p50_999_j_GR
Pre-tax national income 
Bottom 50% | share | all ages | equal split
",p0p50,2001,0.1535,4.0,GRC,Southern Europe
Greece,"sptinc_p0p50_999_j_GR
Pre-tax national income 
Bottom 50% | share | all ages | equal split
",p0p50,2002,0.1683,4.0,GRC,Southern Europe
Greece,"sptinc_p0p50_999_j_GR
Pre-tax national income 
Bottom 50% | share | all ages | equal split
",p0p50,2003,0.1776,4.0,GRC,Southern Europe
Greece,"sptinc_p0p50_999_j_GR
Pre-tax national income 
Bottom 50% | share | all ages | equal split
",p0p50,2004,0.1773,4.0,GRC,Southern Europe
Greece,"sptinc_p0p50_999_j_GR
Pre-tax national income 
Bottom 50% | share | all ages | equal split
",p0p50,2005,0.1737,4.0,GRC,Southern Europe
Greece,"sptinc_p0p50_999_j_GR
Pre-tax national income 
Bottom 50% | share | all ages | equal split
",p0p50,2006,0.18,4.0,GRC,Southern Europe
Greece,"sptinc_p0p50_999_j_GR
Pre-tax national income 
Bottom 50% | share | all ages | equal split
",p0p50,2007,0.1859,4.0,GRC,Southern Europe
Greece,"sptinc_p0p50_999_j_GR
Pre-tax national income 
Bottom 50% | share | all ages | equal split
",p0p50,2008,0.1986,4.0,GRC,Southern Europe
Greece,"sptinc_p0p50_999_j_GR
Pre-tax national income 
Bottom 50% | share | all ages | equal split
",p0p50,2009,0.2015,4.0,GRC,Southern Europe
Greece,"sptinc_p0p50_999_j_GR
Pre-tax national income 
Bottom 50% | share | all ages | equal split
",p0p50,2010,0.1939,4.0,GRC,Southern Europe
Greece,"sptinc_p0p50_999_j_GR
Pre-tax national income 
Bottom 50% | share | all ages | equal split
",p0p50,2011,0.1962,4.0,GRC,Southern Europe
Greece,"sptinc_p0p50_999_j_GR
Pre-tax national income 
Bottom 50% | share | all ages | equal split
",p0p50,2012,0.1958,4.0,GRC,Southern Europe
Greece,"sptinc_p0p50_999_j_GR
Pre-tax national income 
Bottom 50% | share | all ages | equal split
",p0p50,2013,0.1975,4.0,GRC,Southern Europe
Greece,"sptinc_p0p50_999_j_GR
Pre-tax national income 
Bottom 50% | share | all ages | equal split
",p0p50,2014,0.186,4.0,GRC,Southern Europe
Greece,"sptinc_p0p50_999_j_GR
Pre-tax national income 
Bottom 50% | share | all ages | equal split
",p0p50,2015,0.1871,4.0,GRC,Southern Europe
Greece,"sptinc_p0p50_999_j_GR
Pre-tax national income 
Bottom 50% | share | all ages | equal split
",p0p50,2016,0.1943,4.0,GRC,Southern Europe
Greece,"sptinc_p0p50_999_j_GR
Pre-tax national income 
Bottom 50% | share | all ages | equal split
",p0p50,2017,0.2005,4.0,GRC,Southern Europe
Greece,"sptinc_p0p50_999_j_GR
Pre-tax national income 
Bottom 50% | share | all ages | equal split
",p0p50,2018,0.209,3.0,GRC,Southern Europe
Greece,"sptinc_p0p50_999_j_GR
Pre-tax national income 
Bottom 50% | share | all ages | equal split
",p0p50,2019,0.2106,3.0,GRC,Southern Europe
Greece,"sptinc_p0p50_999_j_GR
Pre-tax national income 
Bottom 50% | share | all ages | equal split
",p0p50,2020,0.2106,3.0,GRC,Southern Europe
Greece,"sptinc_p0p50_999_j_GR
Pre-tax national income 
Bottom 50% | share | all ages | equal split
",p0p50,2021,0.2095,3.0,GRC,Southern Europe
Greece,"sptinc_p0p50_999_j_GR
Pre-tax national income 
Bottom 50% | share | all ages | equal split
",p0p50,2022,0.2053,3.0,GRC,Southern Europe
Greece,"sptinc_p0p50_999_j_GR
Pre-tax national income 
Bottom 50% | share | all ages | equal split
",p0p50,2023,0.2091,3.0,GRC,Southern Europe
Greece,"sptinc_p0p50_999_j_GR
Pre-tax national income 
Bottom 50% | share | all ages | equal split
",p0p50,2024,0.2091,1.0,GRC,Southern Europe
Guatemala,"sptinc_p0p50_999_j_GT
Pre-tax national income 
Bottom 50% | share | all ages | equal split
",p0p50,1980,0.0839,0.0,GTM,Latin America & Caribbean
Guatemala,"sptinc_p0p50_999_j_GT
Pre-tax national income 
Bottom 50% | share | all ages | equal split
",p0p50,1981,0.0839,0.0,GTM,Latin America & Caribbean
Guatemala,"sptinc_p0p50_999_j_GT
Pre-tax national income 
Bottom 50% | share | all ages | equal split
",p0p50,1982,0.0839,0.0,GTM,Latin America & Caribbean
Guatemala,"sptinc_p0p50_999_j_GT
Pre-tax national income 
Bottom 50% | share | all ages | equal split
",p0p50,1983,0.0839,0.0,GTM,Latin America & Caribbean
Guatemala,"sptinc_p0p50_999_j_GT
Pre-tax national income 
Bottom 50% | share | all ages | equal split
",p0p50,1984,0.0839,0.0,GTM,Latin America & Caribbean
Guatemala,"sptinc_p0p50_999_j_GT
Pre-tax national income 
Bottom 50% | share | all ages | equal split
",p0p50,1985,0.0839,0.0,GTM,Latin America & Caribbean
Guatemala,"sptinc_p0p50_999_j_GT
Pre-tax national income 
Bottom 50% | share | all ages | equal split
",p0p50,1986,0.0839,0.0,GTM,Latin America & Caribbean
Guatemala,"sptinc_p0p50_999_j_GT
Pre-tax national income 
Bottom 50% | share | all ages | equal split
",p0p50,1987,0.0839,0.0,GTM,Latin America & Caribbean
Guatemala,"sptinc_p0p50_999_j_GT
Pre-tax national income 
Bottom 50% | share | all ages | equal split
",p0p50,1988,0.0839,0.0,GTM,Latin America & Caribbean
Guatemala,"sptinc_p0p50_999_j_GT
Pre-tax national income 
Bottom 50% | share | all ages | equal split
",p0p50,1989,0.0839,0.0,GTM,Latin America & Caribbean
Guatemala,"sptinc_p0p50_999_j_GT
Pre-tax national income 
Bottom 50% | share | all ages | equal split
",p0p50,1990,0.0839,0.0,GTM,Latin America & Caribbean
Guatemala,"sptinc_p0p50_999_j_GT
Pre-tax national income 
Bottom 50% | share | all ages | equal split
",p0p50,1991,0.0839,0.0,GTM,Latin America & Caribbean
Guatemala,"sptinc_p0p50_999_j_GT
Pre-tax national income 
Bottom 50% | share | all ages | equal split
",p0p50,1992,0.0839,0.0,GTM,Latin America & Caribbean
Guatemala,"sptinc_p0p50_999_j_GT
Pre-tax national income 
Bottom 50% | share | all ages | equal split
",p0p50,1993,0.0839,0.0,GTM,Latin America & Caribbean
Guatemala,"sptinc_p0p50_999_j_GT
Pre-tax national income 
Bottom 50% | share | all ages | equal split
",p0p50,1994,0.0839,0.0,GTM,Latin America & Caribbean
Guatemala,"sptinc_p0p50_999_j_GT
Pre-tax national income 
Bottom 50% | share | all ages | equal split
",p0p50,1995,0.0839,0.0,GTM,Latin America & Caribbean
Guatemala,"sptinc_p0p50_999_j_GT
Pre-tax national income 
Bottom 50% | share | all ages | equal split
",p0p50,1996,0.0839,0.0,GTM,Latin America & Caribbean
Guatemala,"sptinc_p0p50_999_j_GT
Pre-tax national income 
Bottom 50% | share | all ages | equal split
",p0p50,1997,0.0839,0.0,GTM,Latin America & Caribbean
Guatemala,"sptinc_p0p50_999_j_GT
Pre-tax national income 
Bottom 50% | share | all ages | equal split
",p0p50,1998,0.0839,0.0,GTM,Latin America & Caribbean
Guatemala,"sptinc_p0p50_999_j_GT
Pre-tax national income 
Bottom 50% | share | all ages | equal split
",p0p50,1999,0.0839,0.0,GTM,Latin America & Caribbean
Guatemala,"sptinc_p0p50_999_j_GT
Pre-tax national income 
Bottom 50% | share | all ages | equal split
",p0p50,2000,0.0839,0.0,GTM,Latin America & Caribbean
Guatemala,"sptinc_p0p50_999_j_GT
Pre-tax national income 
Bottom 50% | share | all ages | equal split
",p0p50,2001,0.0802,0.0,GTM,Latin America & Caribbean
Guatemala,"sptinc_p0p50_999_j_GT
Pre-tax national income 
Bottom 50% | share | all ages | equal split
",p0p50,2002,0.081,0.0,GTM,Latin America & Caribbean
Guatemala,"sptinc_p0p50_999_j_GT
Pre-tax national income 
Bottom 50% | share | all ages | equal split
",p0p50,2003,0.0848,0.0,GTM,Latin America & Caribbean
Guatemala,"sptinc_p0p50_999_j_GT
Pre-tax national income 
Bottom 50% | share | all ages | equal split
",p0p50,2004,0.0872,0.0,GTM,Latin America & Caribbean
Guatemala,"sptinc_p0p50_999_j_GT
Pre-tax national income 
Bottom 50% | share | all ages | equal split
",p0p50,2005,0.087,0.0,GTM,Latin America & Caribbean
Guatemala,"sptinc_p0p50_999_j_GT
Pre-tax national income 
Bottom 50% | share | all ages | equal split
",p0p50,2006,0.0904,0.0,GTM,Latin America & Caribbean
Guatemala,"sptinc_p0p50_999_j_GT
Pre-tax national income 
Bottom 50% | share | all ages | equal split
",p0p50,2007,0.0892,0.0,GTM,Latin America & Caribbean
Guatemala,"sptinc_p0p50_999_j_GT
Pre-tax national income 
Bottom 50% | share | all ages | equal split
",p0p50,2008,0.0916,0.0,GTM,Latin America & Caribbean
Guatemala,"sptinc_p0p50_999_j_GT
Pre-tax national income 
Bottom 50% | share | all ages | equal split
",p0p50,2009,0.0933,0.0,GTM,Latin America & Caribbean
Guatemala,"sptinc_p0p50_999_j_GT
Pre-tax national income 
Bottom 50% | share | all ages | equal split
",p0p50,2010,0.0947,0.0,GTM,Latin America & Caribbean
Guatemala,"sptinc_p0p50_999_j_GT
Pre-tax national income 
Bottom 50% | share | all ages | equal split
",p0p50,2011,0.0978,0.0,GTM,Latin America & Caribbean
Guatemala,"sptinc_p0p50_999_j_GT
Pre-tax national income 
Bottom 50% | share | all ages | equal split
",p0p50,2012,0.1003,0.0,GTM,Latin America & Caribbean
Guatemala,"sptinc_p0p50_999_j_GT
Pre-tax national income 
Bottom 50% | share | all ages | equal split
",p0p50,2013,0.1009,0.0,GTM,Latin America & Caribbean
Guatemala,"sptinc_p0p50_999_j_GT
Pre-tax national income 
Bottom 50% | share | all ages | equal split
",p0p50,2014,0.1025,0.0,GTM,Latin America & Caribbean
Guatemala,"sptinc_p0p50_999_j_GT
Pre-tax national income 
Bottom 50% | share | all ages | equal split
",p0p50,2015,0.1031,0.0,GTM,Latin America & Caribbean
Guatemala,"sptinc_p0p50_999_j_GT
Pre-tax national income 
Bottom 50% | share | all ages | equal split
",p0p50,2016,0.1028,0.0,GTM,Latin America & Caribbean
Guatemala,"sptinc_p0p50_999_j_GT
Pre-tax national income 
Bottom 50% | share | all ages | equal split
",p0p50,2017,0.102,0.0,GTM,Latin America & Caribbean
Guatemala,"sptinc_p0p50_999_j_GT
Pre-tax national income 
Bottom 50% | share | all ages | equal split
",p0p50,2018,0.1011,0.0,GTM,Latin America & Caribbean
Guatemala,"sptinc_p0p50_999_j_GT
Pre-tax national income 
Bottom 50% | share | all ages | equal split
",p0p50,2019,0.1015,0.0,GTM,Latin America & Caribbean
Guatemala,"sptinc_p0p50_999_j_GT
Pre-tax national income 
Bottom 50% | share | all ages | equal split
",p0p50,2020,0.0869,0.0,GTM,Latin America & Caribbean
Guatemala,"sptinc_p0p50_999_j_GT
Pre-tax national income 
Bottom 50% | share | all ages | equal split
",p0p50,2021,0.0949,0.0,GTM,Latin America & Caribbean
Guatemala,"sptinc_p0p50_999_j_GT
Pre-tax national income 
Bottom 50% | share | all ages | equal split
",p0p50,2022,0.1014,0.0,GTM,Latin America & Caribbean
Guatemala,"sptinc_p0p50_999_j_GT
Pre-tax national income 
Bottom 50% | share | all ages | equal split
",p0p50,2023,0.1011,0.0,GTM,Latin America & Caribbean
Guatemala,"sptinc_p0p50_999_j_GT
Pre-tax national income 
Bottom 50% | share | all ages | equal split
",p0p50,2024,0.1011,0.0,GTM,Latin America & Caribbean
Guinea-Bissau,"sptinc_p0p50_999_j_GW
Pre-tax national income 
Bottom 50% | share | all ages | equal split
",p0p50,1980,0.0771,1.0,GNB,Sub-Saharan Africa
Guinea-Bissau,"sptinc_p0p50_999_j_GW
Pre-tax national income 
Bottom 50% | share | all ages | equal split
",p0p50,1981,0.0771,1.0,GNB,Sub-Saharan Africa
Guinea-Bissau,"sptinc_p0p50_999_j_GW
Pre-tax national income 
Bottom 50% | share | all ages | equal split
",p0p50,1982,0.0771,1.0,GNB,Sub-Saharan Africa
Guinea-Bissau,"sptinc_p0p50_999_j_GW
Pre-tax national income 
Bottom 50% | share | all ages | equal split
",p0p50,1983,0.0771,1.0,GNB,Sub-Saharan Africa
Guinea-Bissau,"sptinc_p0p50_999_j_GW
Pre-tax national income 
Bottom 50% | share | all ages | equal split
",p0p50,1984,0.0771,1.0,GNB,Sub-Saharan Africa
Guinea-Bissau,"sptinc_p0p50_999_j_GW
Pre-tax national income 
Bottom 50% | share | all ages | equal split
",p0p50,1985,0.0771,1.0,GNB,Sub-Saharan Africa
Guinea-Bissau,"sptinc_p0p50_999_j_GW
Pre-tax national income 
Bottom 50% | share | all ages | equal split
",p0p50,1986,0.0771,1.0,GNB,Sub-Saharan Africa
Guinea-Bissau,"sptinc_p0p50_999_j_GW
Pre-tax national income 
Bottom 50% | share | all ages | equal split
",p0p50,1987,0.0771,1.0,GNB,Sub-Saharan Africa
Guinea-Bissau,"sptinc_p0p50_999_j_GW
Pre-tax national income 
Bottom 50% | share | all ages | equal split
",p0p50,1988,0.0771,1.0,GNB,Sub-Saharan Africa
Guinea-Bissau,"sptinc_p0p50_999_j_GW
Pre-tax national income 
Bottom 50% | share | all ages | equal split
",p0p50,1989,0.0771,1.0,GNB,Sub-Saharan Africa
Guinea-Bissau,"sptinc_p0p50_999_j_GW
Pre-tax national income 
Bottom 50% | share | all ages | equal split
",p0p50,1990,0.0771,1.0,GNB,Sub-Saharan Africa
Guinea-Bissau,"sptinc_p0p50_999_j_GW
Pre-tax national income 
Bottom 50% | share | all ages | equal split
",p0p50,1991,0.0771,3.0,GNB,Sub-Saharan Africa
Guinea-Bissau,"sptinc_p0p50_999_j_GW
Pre-tax national income 
Bottom 50% | share | all ages | equal split
",p0p50,1992,0.0972,2.0,GNB,Sub-Saharan Africa
Guinea-Bissau,"sptinc_p0p50_999_j_GW
Pre-tax national income 
Bottom 50% | share | all ages | equal split
",p0p50,1993,0.1174,3.0,GNB,Sub-Saharan Africa
Guinea-Bissau,"sptinc_p0p50_999_j_GW
Pre-tax national income 
Bottom 50% | share | all ages | equal split
",p0p50,1994,0.1213,2.0,GNB,Sub-Saharan Africa
Guinea-Bissau,"sptinc_p0p50_999_j_GW
Pre-tax national income 
Bottom 50% | share | all ages | equal split
",p0p50,1995,0.1252,2.0,GNB,Sub-Saharan Africa
Guinea-Bissau,"sptinc_p0p50_999_j_GW
Pre-tax national income 
Bottom 50% | share | all ages | equal split
",p0p50,1996,0.1292,2.0,GNB,Sub-Saharan Africa
Guinea-Bissau,"sptinc_p0p50_999_j_GW
Pre-tax national income 
Bottom 50% | share | all ages | equal split
",p0p50,1997,0.1331,2.0,GNB,Sub-Saharan Africa
Guinea-Bissau,"sptinc_p0p50_999_j_GW
Pre-tax national income 
Bottom 50% | share | all ages | equal split
",p0p50,1998,0.1371,2.0,GNB,Sub-Saharan Africa
Guinea-Bissau,"sptinc_p0p50_999_j_GW
Pre-tax national income 
Bottom 50% | share | all ages | equal split
",p0p50,1999,0.141,2.0,GNB,Sub-Saharan Africa
Guinea-Bissau,"sptinc_p0p50_999_j_GW
Pre-tax national income 
Bottom 50% | share | all ages | equal split
",p0p50,2000,0.145,2.0,GNB,Sub-Saharan Africa
Guinea-Bissau,"sptinc_p0p50_999_j_GW
Pre-tax national income 
Bottom 50% | share | all ages | equal split
",p0p50,2001,0.1489,2.0,GNB,Sub-Saharan Africa
Guinea-Bissau,"sptinc_p0p50_999_j_GW
Pre-tax national income 
Bottom 50% | share | all ages | equal split
",p0p50,2002,0.1529,3.0,GNB,Sub-Saharan Africa
Guinea-Bissau,"sptinc_p0p50_999_j_GW
Pre-tax national income 
Bottom 50% | share | all ages | equal split
",p0p50,2003,0.1457,2.0,GNB,Sub-Saharan Africa
Guinea-Bissau,"sptinc_p0p50_999_j_GW
Pre-tax national income 
Bottom 50% | share | all ages | equal split
",p0p50,2004,0.1386,2.0,GNB,Sub-Saharan Africa
Guinea-Bissau,"sptinc_p0p50_999_j_GW
Pre-tax national income 
Bottom 50% | share | all ages | equal split
",p0p50,2005,0.1314,2.0,GNB,Sub-Saharan Africa
Guinea-Bissau,"sptinc_p0p50_999_j_GW
Pre-tax national income 
Bottom 50% | share | all ages | equal split
",p0p50,2006,0.1243,2.0,GNB,Sub-Saharan Africa
Guinea-Bissau,"sptinc_p0p50_999_j_GW
Pre-tax national income 
Bottom 50% | share | all ages | equal split
",p0p50,2007,0.1172,2.0,GNB,Sub-Saharan Africa
Guinea-Bissau,"sptinc_p0p50_999_j_GW
Pre-tax national income 
Bottom 50% | share | all ages | equal split
",p0p50,2008,0.1101,2.0,GNB,Sub-Saharan Africa
Guinea-Bissau,"sptinc_p0p50_999_j_GW
Pre-tax national income 
Bottom 50% | share | all ages | equal split
",p0p50,2009,0.103,2.0,GNB,Sub-Saharan Africa
Guinea-Bissau,"sptinc_p0p50_999_j_GW
Pre-tax national income 
Bottom 50% | share | all ages | equal split
",p0p50,2010,0.0959,3.0,GNB,Sub-Saharan Africa
Guinea-Bissau,"sptinc_p0p50_999_j_GW
Pre-tax national income 
Bottom 50% | share | all ages | equal split
",p0p50,2011,0.1031,2.0,GNB,Sub-Saharan Africa
Guinea-Bissau,"sptinc_p0p50_999_j_GW
Pre-tax national income 
Bottom 50% | share | all ages | equal split
",p0p50,2012,0.1103,2.0,GNB,Sub-Saharan Africa
Guinea-Bissau,"sptinc_p0p50_999_j_GW
Pre-tax national income 
Bottom 50% | share | all ages | equal split
",p0p50,2013,0.1176,2.0,GNB,Sub-Saharan Africa
Guinea-Bissau,"sptinc_p0p50_999_j_GW
Pre-tax national income 
Bottom 50% | share | all ages | equal split
",p0p50,2014,0.1248,2.0,GNB,Sub-Saharan Africa
Guinea-Bissau,"sptinc_p0p50_999_j_GW
Pre-tax national income 
Bottom 50% | share | all ages | equal split
",p0p50,2015,0.1321,2.0,GNB,Sub-Saharan Africa
Guinea-Bissau,"sptinc_p0p50_999_j_GW
Pre-tax national income 
Bottom 50% | share | all ages | equal split
",p0p50,2016,0.1394,2.0,GNB,Sub-Saharan Africa
Guinea-Bissau,"sptinc_p0p50_999_j_GW
Pre-tax national income 
Bottom 50% | share | all ages | equal split
",p0p50,2017,0.1467,2.0,GNB,Sub-Saharan Africa
Guinea-Bissau,"sptinc_p0p50_999_j_GW
Pre-tax national income 
Bottom 50% | share | all ages | equal split
",p0p50,2018,0.154,3.0,GNB,Sub-Saharan Africa
Guinea-Bissau,"sptinc_p0p50_999_j_GW
Pre-tax national income 
Bottom 50% | share | all ages | equal split
",p0p50,2019,0.1562,2.0,GNB,Sub-Saharan Africa
Guinea-Bissau,"sptinc_p0p50_999_j_GW
Pre-tax national income 
Bottom 50% | share | all ages | equal split
",p0p50,2020,0.1583,2.0,GNB,Sub-Saharan Africa
Guinea-Bissau,"sptinc_p0p50_999_j_GW
Pre-tax national income 
Bottom 50% | share | all ages | equal split
",p0p50,2021,0.1605,3.0,GNB,Sub-Saharan Africa
Guinea-Bissau,"sptinc_p0p50_999_j_GW
Pre-tax national income 
Bottom 50% | share | all ages | equal split
",p0p50,2022,0.1605,1.0,GNB,Sub-Saharan Africa
Guinea-Bissau,"sptinc_p0p50_999_j_GW
Pre-tax national income 
Bottom 50% | share | all ages | equal split
",p0p50,2023,0.1605,1.0,GNB,Sub-Saharan Africa
Guinea-Bissau,"sptinc_p0p50_999_j_GW
Pre-tax national income 
Bottom 50% | share | all ages | equal split
",p0p50,2024,0.1605,1.0,GNB,Sub-Saharan Africa
Honduras,"sptinc_p0p50_999_j_HN
Pre-tax national income 
Bottom 50% | share | all ages | equal split
",p0p50,1980,0.0839,0.0,HND,Latin America & Caribbean
Honduras,"sptinc_p0p50_999_j_HN
Pre-tax national income 
Bottom 50% | share | all ages | equal split
",p0p50,1981,0.0839,0.0,HND,Latin America & Caribbean
Honduras,"sptinc_p0p50_999_j_HN
Pre-tax national income 
Bottom 50% | share | all ages | equal split
",p0p50,1982,0.0839,0.0,HND,Latin America & Caribbean
Honduras,"sptinc_p0p50_999_j_HN
Pre-tax national income 
Bottom 50% | share | all ages | equal split
",p0p50,1983,0.0839,0.0,HND,Latin America & Caribbean
Honduras,"sptinc_p0p50_999_j_HN
Pre-tax national income 
Bottom 50% | share | all ages | equal split
",p0p50,1984,0.0839,0.0,HND,Latin America & Caribbean
Honduras,"sptinc_p0p50_999_j_HN
Pre-tax national income 
Bottom 50% | share | all ages | equal split
",p0p50,1985,0.0839,0.0,HND,Latin America & Caribbean
Honduras,"sptinc_p0p50_999_j_HN
Pre-tax national income 
Bottom 50% | share | all ages | equal split
",p0p50,1986,0.0839,0.0,HND,Latin America & Caribbean
Honduras,"sptinc_p0p50_999_j_HN
Pre-tax national income 
Bottom 50% | share | all ages | equal split
",p0p50,1987,0.0839,0.0,HND,Latin America & Caribbean
Honduras,"sptinc_p0p50_999_j_HN
Pre-tax national income 
Bottom 50% | share | all ages | equal split
",p0p50,1988,0.0839,0.0,HND,Latin America & Caribbean
Honduras,"sptinc_p0p50_999_j_HN
Pre-tax national income 
Bottom 50% | share | all ages | equal split
",p0p50,1989,0.0839,0.0,HND,Latin America & Caribbean
Honduras,"sptinc_p0p50_999_j_HN
Pre-tax national income 
Bottom 50% | share | all ages | equal split
",p0p50,1990,0.0839,0.0,HND,Latin America & Caribbean
Honduras,"sptinc_p0p50_999_j_HN
Pre-tax national income 
Bottom 50% | share | all ages | equal split
",p0p50,1991,0.0839,0.0,HND,Latin America & Caribbean
Honduras,"sptinc_p0p50_999_j_HN
Pre-tax national income 
Bottom 50% | share | all ages | equal split
",p0p50,1992,0.0839,0.0,HND,Latin America & Caribbean
Honduras,"sptinc_p0p50_999_j_HN
Pre-tax national income 
Bottom 50% | share | all ages | equal split
",p0p50,1993,0.0839,0.0,HND,Latin America & Caribbean
Honduras,"sptinc_p0p50_999_j_HN
Pre-tax national income 
Bottom 50% | share | all ages | equal split
",p0p50,1994,0.0839,0.0,HND,Latin America & Caribbean
Honduras,"sptinc_p0p50_999_j_HN
Pre-tax national income 
Bottom 50% | share | all ages | equal split
",p0p50,1995,0.0839,0.0,HND,Latin America & Caribbean
Honduras,"sptinc_p0p50_999_j_HN
Pre-tax national income 
Bottom 50% | share | all ages | equal split
",p0p50,1996,0.0839,0.0,HND,Latin America & Caribbean
Honduras,"sptinc_p0p50_999_j_HN
Pre-tax national income 
Bottom 50% | share | all ages | equal split
",p0p50,1997,0.0839,0.0,HND,Latin America & Caribbean
Honduras,"sptinc_p0p50_999_j_HN
Pre-tax national income 
Bottom 50% | share | all ages | equal split
",p0p50,1998,0.0839,0.0,HND,Latin America & Caribbean
Honduras,"sptinc_p0p50_999_j_HN
Pre-tax national income 
Bottom 50% | share | all ages | equal split
",p0p50,1999,0.0839,0.0,HND,Latin America & Caribbean
Honduras,"sptinc_p0p50_999_j_HN
Pre-tax national income 
Bottom 50% | share | all ages | equal split
",p0p50,2000,0.0839,0.0,HND,Latin America & Caribbean
Honduras,"sptinc_p0p50_999_j_HN
Pre-tax national income 
Bottom 50% | share | all ages | equal split
",p0p50,2001,0.0802,0.0,HND,Latin America & Caribbean
Honduras,"sptinc_p0p50_999_j_HN
Pre-tax national income 
Bottom 50% | share | all ages | equal split
",p0p50,2002,0.081,0.0,HND,Latin America & Caribbean
Honduras,"sptinc_p0p50_999_j_HN
Pre-tax national income 
Bottom 50% | share | all ages | equal split
",p0p50,2003,0.0848,0.0,HND,Latin America & Caribbean
Honduras,"sptinc_p0p50_999_j_HN
Pre-tax national income 
Bottom 50% | share | all ages | equal split
",p0p50,2004,0.0872,0.0,HND,Latin America & Caribbean
Honduras,"sptinc_p0p50_999_j_HN
Pre-tax national income 
Bottom 50% | share | all ages | equal split
",p0p50,2005,0.087,0.0,HND,Latin America & Caribbean
Honduras,"sptinc_p0p50_999_j_HN
Pre-tax national income 
Bottom 50% | share | all ages | equal split
",p0p50,2006,0.0904,0.0,HND,Latin America & Caribbean
Honduras,"sptinc_p0p50_999_j_HN
Pre-tax national income 
Bottom 50% | share | all ages | equal split
",p0p50,2007,0.0892,0.0,HND,Latin America & Caribbean
Honduras,"sptinc_p0p50_999_j_HN
Pre-tax national income 
Bottom 50% | share | all ages | equal split
",p0p50,2008,0.0916,0.0,HND,Latin America & Caribbean
Honduras,"sptinc_p0p50_999_j_HN
Pre-tax national income 
Bottom 50% | share | all ages | equal split
",p0p50,2009,0.0933,0.0,HND,Latin America & Caribbean
Honduras,"sptinc_p0p50_999_j_HN
Pre-tax national income 
Bottom 50% | share | all ages | equal split
",p0p50,2010,0.0947,0.0,HND,Latin America & Caribbean
Honduras,"sptinc_p0p50_999_j_HN
Pre-tax national income 
Bottom 50% | share | all ages | equal split
",p0p50,2011,0.0978,0.0,HND,Latin America & Caribbean
Honduras,"sptinc_p0p50_999_j_HN
Pre-tax national income 
Bottom 50% | share | all ages | equal split
",p0p50,2012,0.1003,0.0,HND,Latin America & Caribbean
Honduras,"sptinc_p0p50_999_j_HN
Pre-tax national income 
Bottom 50% | share | all ages | equal split
",p0p50,2013,0.1009,0.0,HND,Latin America & Caribbean
Honduras,"sptinc_p0p50_999_j_HN
Pre-tax national income 
Bottom 50% | share | all ages | equal split
",p0p50,2014,0.1025,0.0,HND,Latin America & Caribbean
Honduras,"sptinc_p0p50_999_j_HN
Pre-tax national income 
Bottom 50% | share | all ages | equal split
",p0p50,2015,0.1031,0.0,HND,Latin America & Caribbean
Honduras,"sptinc_p0p50_999_j_HN
Pre-tax national income 
Bottom 50% | share | all ages | equal split
",p0p50,2016,0.1028,0.0,HND,Latin America & Caribbean
Honduras,"sptinc_p0p50_999_j_HN
Pre-tax national income 
Bottom 50% | share | all ages | equal split
",p0p50,2017,0.102,0.0,HND,Latin America & Caribbean
Honduras,"sptinc_p0p50_999_j_HN
Pre-tax national income 
Bottom 50% | share | all ages | equal split
",p0p50,2018,0.1011,0.0,HND,Latin America & Caribbean
Honduras,"sptinc_p0p50_999_j_HN
Pre-tax national income 
Bottom 50% | share | all ages | equal split
",p0p50,2019,0.1015,0.0,HND,Latin America & Caribbean
Honduras,"sptinc_p0p50_999_j_HN
Pre-tax national income 
Bottom 50% | share | all ages | equal split
",p0p50,2020,0.0869,0.0,HND,Latin America & Caribbean
Honduras,"sptinc_p0p50_999_j_HN
Pre-tax national income 
Bottom 50% | share | all ages | equal split
",p0p50,2021,0.0949,0.0,HND,Latin America & Caribbean
Honduras,"sptinc_p0p50_999_j_HN
Pre-tax national income 
Bottom 50% | share | all ages | equal split
",p0p50,2022,0.1014,0.0,HND,Latin America & Caribbean
Honduras,"sptinc_p0p50_999_j_HN
Pre-tax national income 
Bottom 50% | share | all ages | equal split
",p0p50,2023,0.1011,0.0,HND,Latin America & Caribbean
Honduras,"sptinc_p0p50_999_j_HN
Pre-tax national income 
Bottom 50% | share | all ages | equal split
",p0p50,2024,0.1011,0.0,HND,Latin America & Caribbean
Hong Kong,"sptinc_p0p50_999_j_HK
Pre-tax national income 
Bottom 50% | share | all ages | equal split
",p0p50,1980,0.1777,2.0,HKG,East Asia
Hong Kong,"sptinc_p0p50_999_j_HK
Pre-tax national income 
Bottom 50% | share | all ages | equal split
",p0p50,1981,0.1777,4.0,HKG,East Asia
Hong Kong,"sptinc_p0p50_999_j_HK
Pre-tax national income 
Bottom 50% | share | all ages | equal split
",p0p50,1982,0.1796,2.0,HKG,East Asia
Hong Kong,"sptinc_p0p50_999_j_HK
Pre-tax national income 
Bottom 50% | share | all ages | equal split
",p0p50,1983,0.1813,2.0,HKG,East Asia
Hong Kong,"sptinc_p0p50_999_j_HK
Pre-tax national income 
Bottom 50% | share | all ages | equal split
",p0p50,1984,0.1828,2.0,HKG,East Asia
Hong Kong,"sptinc_p0p50_999_j_HK
Pre-tax national income 
Bottom 50% | share | all ages | equal split
",p0p50,1985,0.1841,2.0,HKG,East Asia
Hong Kong,"sptinc_p0p50_999_j_HK
Pre-tax national income 
Bottom 50% | share | all ages | equal split
",p0p50,1986,0.1852,4.0,HKG,East Asia
Hong Kong,"sptinc_p0p50_999_j_HK
Pre-tax national income 
Bottom 50% | share | all ages | equal split
",p0p50,1987,0.1776,2.0,HKG,East Asia
Hong Kong,"sptinc_p0p50_999_j_HK
Pre-tax national income 
Bottom 50% | share | all ages | equal split
",p0p50,1988,0.1724,2.0,HKG,East Asia
Hong Kong,"sptinc_p0p50_999_j_HK
Pre-tax national income 
Bottom 50% | share | all ages | equal split
",p0p50,1989,0.1687,2.0,HKG,East Asia
Hong Kong,"sptinc_p0p50_999_j_HK
Pre-tax national income 
Bottom 50% | share | all ages | equal split
",p0p50,1990,0.1659,2.0,HKG,East Asia
Hong Kong,"sptinc_p0p50_999_j_HK
Pre-tax national income 
Bottom 50% | share | all ages | equal split
",p0p50,1991,0.1636,4.0,HKG,East Asia
Hong Kong,"sptinc_p0p50_999_j_HK
Pre-tax national income 
Bottom 50% | share | all ages | equal split
",p0p50,1992,0.1648,2.0,HKG,East Asia
Hong Kong,"sptinc_p0p50_999_j_HK
Pre-tax national income 
Bottom 50% | share | all ages | equal split
",p0p50,1993,0.1658,2.0,HKG,East Asia
Hong Kong,"sptinc_p0p50_999_j_HK
Pre-tax national income 
Bottom 50% | share | all ages | equal split
",p0p50,1994,0.1665,2.0,HKG,East Asia
Hong Kong,"sptinc_p0p50_999_j_HK
Pre-tax national income 
Bottom 50% | share | all ages | equal split
",p0p50,1995,0.1672,2.0,HKG,East Asia
Hong Kong,"sptinc_p0p50_999_j_HK
Pre-tax national income 
Bottom 50% | share | all ages | equal split
",p0p50,1996,0.1678,4.0,HKG,East Asia
Hong Kong,"sptinc_p0p50_999_j_HK
Pre-tax national income 
Bottom 50% | share | all ages | equal split
",p0p50,1997,0.1646,2.0,HKG,East Asia
Hong Kong,"sptinc_p0p50_999_j_HK
Pre-tax national income 
Bottom 50% | share | all ages | equal split
",p0p50,1998,0.1615,2.0,HKG,East Asia
Hong Kong,"sptinc_p0p50_999_j_HK
Pre-tax national income 
Bottom 50% | share | all ages | equal split
",p0p50,1999,0.1585,2.0,HKG,East Asia
Hong Kong,"sptinc_p0p50_999_j_HK
Pre-tax national income 
Bottom 50% | share | all ages | equal split
",p0p50,2000,0.1556,2.0,HKG,East Asia
Hong Kong,"sptinc_p0p50_999_j_HK
Pre-tax national income 
Bottom 50% | share | all ages | equal split
",p0p50,2001,0.153,4.0,HKG,East Asia
Hong Kong,"sptinc_p0p50_999_j_HK
Pre-tax national income 
Bottom 50% | share | all ages | equal split
",p0p50,2002,0.1474,2.0,HKG,East Asia
Hong Kong,"sptinc_p0p50_999_j_HK
Pre-tax national income 
Bottom 50% | share | all ages | equal split
",p0p50,2003,0.1423,2.0,HKG,East Asia
Hong Kong,"sptinc_p0p50_999_j_HK
Pre-tax national income 
Bottom 50% | share | all ages | equal split
",p0p50,2004,0.1376,2.0,HKG,East Asia
Hong Kong,"sptinc_p0p50_999_j_HK
Pre-tax national income 
Bottom 50% | share | all ages | equal split
",p0p50,2005,0.1331,2.0,HKG,East Asia
Hong Kong,"sptinc_p0p50_999_j_HK
Pre-tax national income 
Bottom 50% | share | all ages | equal split
",p0p50,2006,0.1289,4.0,HKG,East Asia
Hong Kong,"sptinc_p0p50_999_j_HK
Pre-tax national income 
Bottom 50% | share | all ages | equal split
",p0p50,2007,0.1285,2.0,HKG,East Asia
Hong Kong,"sptinc_p0p50_999_j_HK
Pre-tax national income 
Bottom 50% | share | all ages | equal split
",p0p50,2008,0.1281,2.0,HKG,East Asia
Hong Kong,"sptinc_p0p50_999_j_HK
Pre-tax national income 
Bottom 50% | share | all ages | equal split
",p0p50,2009,0.1277,2.0,HKG,East Asia
Hong Kong,"sptinc_p0p50_999_j_HK
Pre-tax national income 
Bottom 50% | share | all ages | equal split
",p0p50,2010,0.1273,2.0,HKG,East Asia
Hong Kong,"sptinc_p0p50_999_j_HK
Pre-tax national income 
Bottom 50% | share | all ages | equal split
",p0p50,2011,0.1269,4.0,HKG,East Asia
Hong Kong,"sptinc_p0p50_999_j_HK
Pre-tax national income 
Bottom 50% | share | all ages | equal split
",p0p50,2012,0.1289,2.0,HKG,East Asia
Hong Kong,"sptinc_p0p50_999_j_HK
Pre-tax national income 
Bottom 50% | share | all ages | equal split
",p0p50,2013,0.1307,2.0,HKG,East Asia
Hong Kong,"sptinc_p0p50_999_j_HK
Pre-tax national income 
Bottom 50% | share | all ages | equal split
",p0p50,2014,0.1325,2.0,HKG,East Asia
Hong Kong,"sptinc_p0p50_999_j_HK
Pre-tax national income 
Bottom 50% | share | all ages | equal split
",p0p50,2015,0.1343,2.0,HKG,East Asia
Hong Kong,"sptinc_p0p50_999_j_HK
Pre-tax national income 
Bottom 50% | share | all ages | equal split
",p0p50,2016,0.1359,4.0,HKG,East Asia
Hong Kong,"sptinc_p0p50_999_j_HK
Pre-tax national income 
Bottom 50% | share | all ages | equal split
",p0p50,2017,0.1359,2.0,HKG,East Asia
Hong Kong,"sptinc_p0p50_999_j_HK
Pre-tax national income 
Bottom 50% | share | all ages | equal split
",p0p50,2018,0.1359,2.0,HKG,East Asia
Hong Kong,"sptinc_p0p50_999_j_HK
Pre-tax national income 
Bottom 50% | share | all ages | equal split
",p0p50,2019,0.1359,2.0,HKG,East Asia
Hong Kong,"sptinc_p0p50_999_j_HK
Pre-tax national income 
Bottom 50% | share | all ages | equal split
",p0p50,2020,0.1359,2.0,HKG,East Asia
Hong Kong,"sptinc_p0p50_999_j_HK
Pre-tax national income 
Bottom 50% | share | all ages | equal split
",p0p50,2021,0.1359,1.0,HKG,East Asia
Hong Kong,"sptinc_p0p50_999_j_HK
Pre-tax national income 
Bottom 50% | share | all ages | equal split
",p0p50,2022,0.1359,1.0,HKG,East Asia
Hong Kong,"sptinc_p0p50_999_j_HK
Pre-tax national income 
Bottom 50% | share | all ages | equal split
",p0p50,2023,0.1359,1.0,HKG,East Asia
Hong Kong,"sptinc_p0p50_999_j_HK
Pre-tax national income 
Bottom 50% | share | all ages | equal split
",p0p50,2024,0.1359,1.0,HKG,East Asia
Hungary,"sptinc_p0p50_999_j_HU
Pre-tax national income 
Bottom 50% | share | all ages | equal split
",p0p50,1960,0.2406,3.0,HUN,Eastern Europe & FSU
Hungary,"sptinc_p0p50_999_j_HU
Pre-tax national income 
Bottom 50% | share | all ages | equal split
",p0p50,1961,0.2473,3.0,HUN,Eastern Europe & FSU
Hungary,"sptinc_p0p50_999_j_HU
Pre-tax national income 
Bottom 50% | share | all ages | equal split
",p0p50,1962,0.254,3.0,HUN,Eastern Europe & FSU
Hungary,"sptinc_p0p50_999_j_HU
Pre-tax national income 
Bottom 50% | share | all ages | equal split
",p0p50,1964,0.2675,3.0,HUN,Eastern Europe & FSU
Hungary,"sptinc_p0p50_999_j_HU
Pre-tax national income 
Bottom 50% | share | all ages | equal split
",p0p50,1966,0.2809,3.0,HUN,Eastern Europe & FSU
Hungary,"sptinc_p0p50_999_j_HU
Pre-tax national income 
Bottom 50% | share | all ages | equal split
",p0p50,1968,0.2944,3.0,HUN,Eastern Europe & FSU
Hungary,"sptinc_p0p50_999_j_HU
Pre-tax national income 
Bottom 50% | share | all ages | equal split
",p0p50,1970,0.3079,3.0,HUN,Eastern Europe & FSU
Hungary,"sptinc_p0p50_999_j_HU
Pre-tax national income 
Bottom 50% | share | all ages | equal split
",p0p50,1972,0.3213,3.0,HUN,Eastern Europe & FSU
Hungary,"sptinc_p0p50_999_j_HU
Pre-tax national income 
Bottom 50% | share | all ages | equal split
",p0p50,1974,0.3348,3.0,HUN,Eastern Europe & FSU
Hungary,"sptinc_p0p50_999_j_HU
Pre-tax national income 
Bottom 50% | share | all ages | equal split
",p0p50,1976,0.3482,3.0,HUN,Eastern Europe & FSU
Hungary,"sptinc_p0p50_999_j_HU
Pre-tax national income 
Bottom 50% | share | all ages | equal split
",p0p50,1978,0.3617,3.0,HUN,Eastern Europe & FSU
Hungary,"sptinc_p0p50_999_j_HU
Pre-tax national income 
Bottom 50% | share | all ages | equal split
",p0p50,1980,0.3347,4.0,HUN,Eastern Europe & FSU
Hungary,"sptinc_p0p50_999_j_HU
Pre-tax national income 
Bottom 50% | share | all ages | equal split
",p0p50,1981,0.3357,4.0,HUN,Eastern Europe & FSU
Hungary,"sptinc_p0p50_999_j_HU
Pre-tax national income 
Bottom 50% | share | all ages | equal split
",p0p50,1982,0.3386,4.0,HUN,Eastern Europe & FSU
Hungary,"sptinc_p0p50_999_j_HU
Pre-tax national income 
Bottom 50% | share | all ages | equal split
",p0p50,1983,0.351,4.0,HUN,Eastern Europe & FSU
Hungary,"sptinc_p0p50_999_j_HU
Pre-tax national income 
Bottom 50% | share | all ages | equal split
",p0p50,1984,0.3647,4.0,HUN,Eastern Europe & FSU
Hungary,"sptinc_p0p50_999_j_HU
Pre-tax national income 
Bottom 50% | share | all ages | equal split
",p0p50,1985,0.365,4.0,HUN,Eastern Europe & FSU
Hungary,"sptinc_p0p50_999_j_HU
Pre-tax national income 
Bottom 50% | share | all ages | equal split
",p0p50,1986,0.3611,4.0,HUN,Eastern Europe & FSU
Hungary,"sptinc_p0p50_999_j_HU
Pre-tax national income 
Bottom 50% | share | all ages | equal split
",p0p50,1987,0.3512,4.0,HUN,Eastern Europe & FSU
Hungary,"sptinc_p0p50_999_j_HU
Pre-tax national income 
Bottom 50% | share | all ages | equal split
",p0p50,1988,0.3426,4.0,HUN,Eastern Europe & FSU
Hungary,"sptinc_p0p50_999_j_HU
Pre-tax national income 
Bottom 50% | share | all ages | equal split
",p0p50,1989,0.326,4.0,HUN,Eastern Europe & FSU
Hungary,"sptinc_p0p50_999_j_HU
Pre-tax national income 
Bottom 50% | share | all ages | equal split
",p0p50,1990,0.3062,4.0,HUN,Eastern Europe & FSU
Hungary,"sptinc_p0p50_999_j_HU
Pre-tax national income 
Bottom 50% | share | all ages | equal split
",p0p50,1991,0.2857,4.0,HUN,Eastern Europe & FSU
Hungary,"sptinc_p0p50_999_j_HU
Pre-tax national income 
Bottom 50% | share | all ages | equal split
",p0p50,1992,0.2695,4.0,HUN,Eastern Europe & FSU
Hungary,"sptinc_p0p50_999_j_HU
Pre-tax national income 
Bottom 50% | share | all ages | equal split
",p0p50,1993,0.2721,4.0,HUN,Eastern Europe & FSU
Hungary,"sptinc_p0p50_999_j_HU
Pre-tax national income 
Bottom 50% | share | all ages | equal split
",p0p50,1994,0.2693,4.0,HUN,Eastern Europe & FSU
Hungary,"sptinc_p0p50_999_j_HU
Pre-tax national income 
Bottom 50% | share | all ages | equal split
",p0p50,1995,0.2804,4.0,HUN,Eastern Europe & FSU
Hungary,"sptinc_p0p50_999_j_HU
Pre-tax national income 
Bottom 50% | share | all ages | equal split
",p0p50,1996,0.2793,4.0,HUN,Eastern Europe & FSU
Hungary,"sptinc_p0p50_999_j_HU
Pre-tax national income 
Bottom 50% | share | all ages | equal split
",p0p50,1997,0.2747,4.0,HUN,Eastern Europe & FSU
Hungary,"sptinc_p0p50_999_j_HU
Pre-tax national income 
Bottom 50% | share | all ages | equal split
",p0p50,1998,0.2749,4.0,HUN,Eastern Europe & FSU
Hungary,"sptinc_p0p50_999_j_HU
Pre-tax national income 
Bottom 50% | share | all ages | equal split
",p0p50,1999,0.262,4.0,HUN,Eastern Europe & FSU
Hungary,"sptinc_p0p50_999_j_HU
Pre-tax national income 
Bottom 50% | share | all ages | equal split
",p0p50,2000,0.2644,4.0,HUN,Eastern Europe & FSU
Hungary,"sptinc_p0p50_999_j_HU
Pre-tax national income 
Bottom 50% | share | all ages | equal split
",p0p50,2001,0.2544,4.0,HUN,Eastern Europe & FSU
Hungary,"sptinc_p0p50_999_j_HU
Pre-tax national income 
Bottom 50% | share | all ages | equal split
",p0p50,2002,0.2455,4.0,HUN,Eastern Europe & FSU
Hungary,"sptinc_p0p50_999_j_HU
Pre-tax national income 
Bottom 50% | share | all ages | equal split
",p0p50,2003,0.2413,4.0,HUN,Eastern Europe & FSU
Hungary,"sptinc_p0p50_999_j_HU
Pre-tax national income 
Bottom 50% | share | all ages | equal split
",p0p50,2004,0.2491,4.0,HUN,Eastern Europe & FSU
Hungary,"sptinc_p0p50_999_j_HU
Pre-tax national income 
Bottom 50% | share | all ages | equal split
",p0p50,2005,0.2427,4.0,HUN,Eastern Europe & FSU
Hungary,"sptinc_p0p50_999_j_HU
Pre-tax national income 
Bottom 50% | share | all ages | equal split
",p0p50,2006,0.2305,4.0,HUN,Eastern Europe & FSU
Hungary,"sptinc_p0p50_999_j_HU
Pre-tax national income 
Bottom 50% | share | all ages | equal split
",p0p50,2007,0.2249,4.0,HUN,Eastern Europe & FSU
Hungary,"sptinc_p0p50_999_j_HU
Pre-tax national income 
Bottom 50% | share | all ages | equal split
",p0p50,2008,0.2313,4.0,HUN,Eastern Europe & FSU
Hungary,"sptinc_p0p50_999_j_HU
Pre-tax national income 
Bottom 50% | share | all ages | equal split
",p0p50,2009,0.2345,3.0,HUN,Eastern Europe & FSU
Hungary,"sptinc_p0p50_999_j_HU
Pre-tax national income 
Bottom 50% | share | all ages | equal split
",p0p50,2010,0.2304,3.0,HUN,Eastern Europe & FSU
Hungary,"sptinc_p0p50_999_j_HU
Pre-tax national income 
Bottom 50% | share | all ages | equal split
",p0p50,2011,0.2332,3.0,HUN,Eastern Europe & FSU
Hungary,"sptinc_p0p50_999_j_HU
Pre-tax national income 
Bottom 50% | share | all ages | equal split
",p0p50,2012,0.2365,3.0,HUN,Eastern Europe & FSU
Hungary,"sptinc_p0p50_999_j_HU
Pre-tax national income 
Bottom 50% | share | all ages | equal split
",p0p50,2013,0.231,3.0,HUN,Eastern Europe & FSU
Hungary,"sptinc_p0p50_999_j_HU
Pre-tax national income 
Bottom 50% | share | all ages | equal split
",p0p50,2014,0.2302,3.0,HUN,Eastern Europe & FSU
Hungary,"sptinc_p0p50_999_j_HU
Pre-tax national income 
Bottom 50% | share | all ages | equal split
",p0p50,2015,0.2302,3.0,HUN,Eastern Europe & FSU
Hungary,"sptinc_p0p50_999_j_HU
Pre-tax national income 
Bottom 50% | share | all ages | equal split
",p0p50,2016,0.2321,3.0,HUN,Eastern Europe & FSU
Hungary,"sptinc_p0p50_999_j_HU
Pre-tax national income 
Bottom 50% | share | all ages | equal split
",p0p50,2017,0.2317,3.0,HUN,Eastern Europe & FSU
Hungary,"sptinc_p0p50_999_j_HU
Pre-tax national income 
Bottom 50% | share | all ages | equal split
",p0p50,2018,0.2245,1.0,HUN,Eastern Europe & FSU
Hungary,"sptinc_p0p50_999_j_HU
Pre-tax national income 
Bottom 50% | share | all ages | equal split
",p0p50,2019,0.2236,1.0,HUN,Eastern Europe & FSU
Hungary,"sptinc_p0p50_999_j_HU
Pre-tax national income 
Bottom 50% | share | all ages | equal split
",p0p50,2020,0.2236,1.0,HUN,Eastern Europe & FSU
Hungary,"sptinc_p0p50_999_j_HU
Pre-tax national income 
Bottom 50% | share | all ages | equal split
",p0p50,2021,0.2241,1.0,HUN,Eastern Europe & FSU
Hungary,"sptinc_p0p50_999_j_HU
Pre-tax national income 
Bottom 50% | share | all ages | equal split
",p0p50,2022,0.2223,1.0,HUN,Eastern Europe & FSU
Hungary,"sptinc_p0p50_999_j_HU
Pre-tax national income 
Bottom 50% | share | all ages | equal split
",p0p50,2023,0.223,1.0,HUN,Eastern Europe & FSU
Hungary,"sptinc_p0p50_999_j_HU
Pre-tax national income 
Bottom 50% | share | all ages | equal split
",p0p50,2024,0.223,1.0,HUN,Eastern Europe & FSU
India,"sptinc_p0p50_999_j_IN
Pre-tax national income 
Bottom 50% | share | all ages | equal split
",p0p50,1960,0.1912,4.0,IND,South Asia
India,"sptinc_p0p50_999_j_IN
Pre-tax national income 
Bottom 50% | share | all ages | equal split
",p0p50,1961,0.1928,4.0,IND,South Asia
India,"sptinc_p0p50_999_j_IN
Pre-tax national income 
Bottom 50% | share | all ages | equal split
",p0p50,1962,0.1973,4.0,IND,South Asia
India,"sptinc_p0p50_999_j_IN
Pre-tax national income 
Bottom 50% | share | all ages | equal split
",p0p50,1963,0.2062,4.0,IND,South Asia
India,"sptinc_p0p50_999_j_IN
Pre-tax national income 
Bottom 50% | share | all ages | equal split
",p0p50,1964,0.204,4.0,IND,South Asia
India,"sptinc_p0p50_999_j_IN
Pre-tax national income 
Bottom 50% | share | all ages | equal split
",p0p50,1965,0.2035,4.0,IND,South Asia
India,"sptinc_p0p50_999_j_IN
Pre-tax national income 
Bottom 50% | share | all ages | equal split
",p0p50,1966,0.2028,4.0,IND,South Asia
India,"sptinc_p0p50_999_j_IN
Pre-tax national income 
Bottom 50% | share | all ages | equal split
",p0p50,1967,0.2021,4.0,IND,South Asia
India,"sptinc_p0p50_999_j_IN
Pre-tax national income 
Bottom 50% | share | all ages | equal split
",p0p50,1968,0.2034,4.0,IND,South Asia
India,"sptinc_p0p50_999_j_IN
Pre-tax national income 
Bottom 50% | share | all ages | equal split
",p0p50,1969,0.1992,4.0,IND,South Asia
India,"sptinc_p0p50_999_j_IN
Pre-tax national income 
Bottom 50% | share | all ages | equal split
",p0p50,1970,0.1985,4.0,IND,South Asia
India,"sptinc_p0p50_999_j_IN
Pre-tax national income 
Bottom 50% | share | all ages | equal split
",p0p50,1971,0.2059,4.0,IND,South Asia
India,"sptinc_p0p50_999_j_IN
Pre-tax national income 
Bottom 50% | share | all ages | equal split
",p0p50,1972,0.2075,4.0,IND,South Asia
India,"sptinc_p0p50_999_j_IN
Pre-tax national income 
Bottom 50% | share | all ages | equal split
",p0p50,1973,0.2083,4.0,IND,South Asia
India,"sptinc_p0p50_999_j_IN
Pre-tax national income 
Bottom 50% | share | all ages | equal split
",p0p50,1974,0.2076,4.0,IND,South Asia
India,"sptinc_p0p50_999_j_IN
Pre-tax national income 
Bottom 50% | share | all ages | equal split
",p0p50,1975,0.2066,4.0,IND,South Asia
India,"sptinc_p0p50_999_j_IN
Pre-tax national income 
Bottom 50% | share | all ages | equal split
",p0p50,1976,0.2053,4.0,IND,South Asia
India,"sptinc_p0p50_999_j_IN
Pre-tax national income 
Bottom 50% | share | all ages | equal split
",p0p50,1977,0.2054,4.0,IND,South Asia
India,"sptinc_p0p50_999_j_IN
Pre-tax national income 
Bottom 50% | share | all ages | equal split
",p0p50,1978,0.2063,4.0,IND,South Asia
India,"sptinc_p0p50_999_j_IN
Pre-tax national income 
Bottom 50% | share | all ages | equal split
",p0p50,1979,0.2103,4.0,IND,South Asia
India,"sptinc_p0p50_999_j_IN
Pre-tax national income 
Bottom 50% | share | all ages | equal split
",p0p50,1980,0.2121,4.0,IND,South Asia
India,"sptinc_p0p50_999_j_IN
Pre-tax national income 
Bottom 50% | share | all ages | equal split
",p0p50,1981,0.2139,4.0,IND,South Asia
India,"sptinc_p0p50_999_j_IN
Pre-tax national income 
Bottom 50% | share | all ages | equal split
",p0p50,1982,0.2154,4.0,IND,South Asia
India,"sptinc_p0p50_999_j_IN
Pre-tax national income 
Bottom 50% | share | all ages | equal split
",p0p50,1983,0.1983,4.0,IND,South Asia
India,"sptinc_p0p50_999_j_IN
Pre-tax national income 
Bottom 50% | share | all ages | equal split
",p0p50,1984,0.204,4.0,IND,South Asia
India,"sptinc_p0p50_999_j_IN
Pre-tax national income 
Bottom 50% | share | all ages | equal split
",p0p50,1985,0.1992,4.0,IND,South Asia
India,"sptinc_p0p50_999_j_IN
Pre-tax national income 
Bottom 50% | share | all ages | equal split
",p0p50,1986,0.198,4.0,IND,South Asia
India,"sptinc_p0p50_999_j_IN
Pre-tax national income 
Bottom 50% | share | all ages | equal split
",p0p50,1987,0.1996,4.0,IND,South Asia
India,"sptinc_p0p50_999_j_IN
Pre-tax national income 
Bottom 50% | share | all ages | equal split
",p0p50,1988,0.1965,4.0,IND,South Asia
India,"sptinc_p0p50_999_j_IN
Pre-tax national income 
Bottom 50% | share | all ages | equal split
",p0p50,1989,0.1965,4.0,IND,South Asia
India,"sptinc_p0p50_999_j_IN
Pre-tax national income 
Bottom 50% | share | all ages | equal split
",p0p50,1990,0.2027,4.0,IND,South Asia
India,"sptinc_p0p50_999_j_IN
Pre-tax national income 
Bottom 50% | share | all ages | equal split
",p0p50,1991,0.2011,4.0,IND,South Asia
India,"sptinc_p0p50_999_j_IN
Pre-tax national income 
Bottom 50% | share | all ages | equal split
",p0p50,1992,0.1982,4.0,IND,South Asia
India,"sptinc_p0p50_999_j_IN
Pre-tax national income 
Bottom 50% | share | all ages | equal split
",p0p50,1993,0.1933,4.0,IND,South Asia
India,"sptinc_p0p50_999_j_IN
Pre-tax national income 
Bottom 50% | share | all ages | equal split
",p0p50,1994,0.1887,4.0,IND,South Asia
India,"sptinc_p0p50_999_j_IN
Pre-tax national income 
Bottom 50% | share | all ages | equal split
",p0p50,1995,0.189,4.0,IND,South Asia
India,"sptinc_p0p50_999_j_IN
Pre-tax national income 
Bottom 50% | share | all ages | equal split
",p0p50,1996,0.1905,4.0,IND,South Asia
India,"sptinc_p0p50_999_j_IN
Pre-tax national income 
Bottom 50% | share | all ages | equal split
",p0p50,1997,0.1883,4.0,IND,South Asia
India,"sptinc_p0p50_999_j_IN
Pre-tax national income 
Bottom 50% | share | all ages | equal split
",p0p50,1998,0.187,4.0,IND,South Asia
India,"sptinc_p0p50_999_j_IN
Pre-tax national income 
Bottom 50% | share | all ages | equal split
",p0p50,1999,0.1864,4.0,IND,South Asia
India,"sptinc_p0p50_999_j_IN
Pre-tax national income 
Bottom 50% | share | all ages | equal split
",p0p50,2000,0.1854,4.0,IND,South Asia
India,"sptinc_p0p50_999_j_IN
Pre-tax national income 
Bottom 50% | share | all ages | equal split
",p0p50,2001,0.1814,4.0,IND,South Asia
India,"sptinc_p0p50_999_j_IN
Pre-tax national income 
Bottom 50% | share | all ages | equal split
",p0p50,2002,0.1773,4.0,IND,South Asia
India,"sptinc_p0p50_999_j_IN
Pre-tax national income 
Bottom 50% | share | all ages | equal split
",p0p50,2003,0.1732,4.0,IND,South Asia
India,"sptinc_p0p50_999_j_IN
Pre-tax national income 
Bottom 50% | share | all ages | equal split
",p0p50,2004,0.169,4.0,IND,South Asia
India,"sptinc_p0p50_999_j_IN
Pre-tax national income 
Bottom 50% | share | all ages | equal split
",p0p50,2005,0.1648,4.0,IND,South Asia
India,"sptinc_p0p50_999_j_IN
Pre-tax national income 
Bottom 50% | share | all ages | equal split
",p0p50,2006,0.1607,4.0,IND,South Asia
India,"sptinc_p0p50_999_j_IN
Pre-tax national income 
Bottom 50% | share | all ages | equal split
",p0p50,2007,0.1564,4.0,IND,South Asia
India,"sptinc_p0p50_999_j_IN
Pre-tax national income 
Bottom 50% | share | all ages | equal split
",p0p50,2008,0.1521,4.0,IND,South Asia
India,"sptinc_p0p50_999_j_IN
Pre-tax national income 
Bottom 50% | share | all ages | equal split
",p0p50,2009,0.1477,4.0,IND,South Asia
India,"sptinc_p0p50_999_j_IN
Pre-tax national income 
Bottom 50% | share | all ages | equal split
",p0p50,2010,0.1433,4.0,IND,South Asia
India,"sptinc_p0p50_999_j_IN
Pre-tax national income 
Bottom 50% | share | all ages | equal split
",p0p50,2011,0.1373,4.0,IND,South Asia
India,"sptinc_p0p50_999_j_IN
Pre-tax national income 
Bottom 50% | share | all ages | equal split
",p0p50,2012,0.1346,4.0,IND,South Asia
India,"sptinc_p0p50_999_j_IN
Pre-tax national income 
Bottom 50% | share | all ages | equal split
",p0p50,2013,0.1339,4.0,IND,South Asia
India,"sptinc_p0p50_999_j_IN
Pre-tax national income 
Bottom 50% | share | all ages | equal split
",p0p50,2014,0.1313,4.0,IND,South Asia
India,"sptinc_p0p50_999_j_IN
Pre-tax national income 
Bottom 50% | share | all ages | equal split
",p0p50,2015,0.1297,4.0,IND,South Asia
India,"sptinc_p0p50_999_j_IN
Pre-tax national income 
Bottom 50% | share | all ages | equal split
",p0p50,2016,0.1256,4.0,IND,South Asia
India,"sptinc_p0p50_999_j_IN
Pre-tax national income 
Bottom 50% | share | all ages | equal split
",p0p50,2017,0.1239,4.0,IND,South Asia
India,"sptinc_p0p50_999_j_IN
Pre-tax national income 
Bottom 50% | share | all ages | equal split
",p0p50,2018,0.1281,4.0,IND,South Asia
India,"sptinc_p0p50_999_j_IN
Pre-tax national income 
Bottom 50% | share | all ages | equal split
",p0p50,2019,0.1307,4.0,IND,South Asia
India,"sptinc_p0p50_999_j_IN
Pre-tax national income 
Bottom 50% | share | all ages | equal split
",p0p50,2020,0.1372,4.0,IND,South Asia
India,"sptinc_p0p50_999_j_IN
Pre-tax national income 
Bottom 50% | share | all ages | equal split
",p0p50,2021,0.1364,4.0,IND,South Asia
India,"sptinc_p0p50_999_j_IN
Pre-tax national income 
Bottom 50% | share | all ages | equal split
",p0p50,2022,0.1325,4.0,IND,South Asia
India,"sptinc_p0p50_999_j_IN
Pre-tax national income 
Bottom 50% | share | all ages | equal split
",p0p50,2023,0.1325,1.0,IND,South Asia
India,"sptinc_p0p50_999_j_IN
Pre-tax national income 
Bottom 50% | share | all ages | equal split
",p0p50,2024,0.1325,1.0,IND,South Asia
Indonesia,"sptinc_p0p50_999_j_ID
Pre-tax national income 
Bottom 50% | share | all ages | equal split
",p0p50,1960,0.1705,2.0,IDN,Southeast Asia
Indonesia,"sptinc_p0p50_999_j_ID
Pre-tax national income 
Bottom 50% | share | all ages | equal split
",p0p50,1970,0.1774,2.0,IDN,Southeast Asia
Indonesia,"sptinc_p0p50_999_j_ID
Pre-tax national income 
Bottom 50% | share | all ages | equal split
",p0p50,1980,0.1646,1.0,IDN,Southeast Asia
Indonesia,"sptinc_p0p50_999_j_ID
Pre-tax national income 
Bottom 50% | share | all ages | equal split
",p0p50,1981,0.1646,1.0,IDN,Southeast Asia
Indonesia,"sptinc_p0p50_999_j_ID
Pre-tax national income 
Bottom 50% | share | all ages | equal split
",p0p50,1982,0.1646,1.0,IDN,Southeast Asia
Indonesia,"sptinc_p0p50_999_j_ID
Pre-tax national income 
Bottom 50% | share | all ages | equal split
",p0p50,1983,0.1646,1.0,IDN,Southeast Asia
Indonesia,"sptinc_p0p50_999_j_ID
Pre-tax national income 
Bottom 50% | share | all ages | equal split
",p0p50,1984,0.1646,3.0,IDN,Southeast Asia
Indonesia,"sptinc_p0p50_999_j_ID
Pre-tax national income 
Bottom 50% | share | all ages | equal split
",p0p50,1985,0.159,2.0,IDN,Southeast Asia
Indonesia,"sptinc_p0p50_999_j_ID
Pre-tax national income 
Bottom 50% | share | all ages | equal split
",p0p50,1986,0.1539,2.0,IDN,Southeast Asia
Indonesia,"sptinc_p0p50_999_j_ID
Pre-tax national income 
Bottom 50% | share | all ages | equal split
",p0p50,1987,0.1493,3.0,IDN,Southeast Asia
Indonesia,"sptinc_p0p50_999_j_ID
Pre-tax national income 
Bottom 50% | share | all ages | equal split
",p0p50,1988,0.1473,2.0,IDN,Southeast Asia
Indonesia,"sptinc_p0p50_999_j_ID
Pre-tax national income 
Bottom 50% | share | all ages | equal split
",p0p50,1989,0.1454,2.0,IDN,Southeast Asia
Indonesia,"sptinc_p0p50_999_j_ID
Pre-tax national income 
Bottom 50% | share | all ages | equal split
",p0p50,1990,0.1438,3.0,IDN,Southeast Asia
Indonesia,"sptinc_p0p50_999_j_ID
Pre-tax national income 
Bottom 50% | share | all ages | equal split
",p0p50,1991,0.1419,2.0,IDN,Southeast Asia
Indonesia,"sptinc_p0p50_999_j_ID
Pre-tax national income 
Bottom 50% | share | all ages | equal split
",p0p50,1992,0.1404,3.0,IDN,Southeast Asia
Indonesia,"sptinc_p0p50_999_j_ID
Pre-tax national income 
Bottom 50% | share | all ages | equal split
",p0p50,1993,0.139,3.0,IDN,Southeast Asia
Indonesia,"sptinc_p0p50_999_j_ID
Pre-tax national income 
Bottom 50% | share | all ages | equal split
",p0p50,1994,0.1351,3.0,IDN,Southeast Asia
Indonesia,"sptinc_p0p50_999_j_ID
Pre-tax national income 
Bottom 50% | share | all ages | equal split
",p0p50,1995,0.1321,3.0,IDN,Southeast Asia
Indonesia,"sptinc_p0p50_999_j_ID
Pre-tax national income 
Bottom 50% | share | all ages | equal split
",p0p50,1996,0.1299,3.0,IDN,Southeast Asia
Indonesia,"sptinc_p0p50_999_j_ID
Pre-tax national income 
Bottom 50% | share | all ages | equal split
",p0p50,1997,0.1528,3.0,IDN,Southeast Asia
Indonesia,"sptinc_p0p50_999_j_ID
Pre-tax national income 
Bottom 50% | share | all ages | equal split
",p0p50,1998,0.178,3.0,IDN,Southeast Asia
Indonesia,"sptinc_p0p50_999_j_ID
Pre-tax national income 
Bottom 50% | share | all ages | equal split
",p0p50,1999,0.1818,3.0,IDN,Southeast Asia
Indonesia,"sptinc_p0p50_999_j_ID
Pre-tax national income 
Bottom 50% | share | all ages | equal split
",p0p50,2000,0.1801,3.0,IDN,Southeast Asia
Indonesia,"sptinc_p0p50_999_j_ID
Pre-tax national income 
Bottom 50% | share | all ages | equal split
",p0p50,2001,0.1752,3.0,IDN,Southeast Asia
Indonesia,"sptinc_p0p50_999_j_ID
Pre-tax national income 
Bottom 50% | share | all ages | equal split
",p0p50,2002,0.1735,3.0,IDN,Southeast Asia
Indonesia,"sptinc_p0p50_999_j_ID
Pre-tax national income 
Bottom 50% | share | all ages | equal split
",p0p50,2003,0.1719,3.0,IDN,Southeast Asia
Indonesia,"sptinc_p0p50_999_j_ID
Pre-tax national income 
Bottom 50% | share | all ages | equal split
",p0p50,2004,0.1649,3.0,IDN,Southeast Asia
Indonesia,"sptinc_p0p50_999_j_ID
Pre-tax national income 
Bottom 50% | share | all ages | equal split
",p0p50,2005,0.1604,3.0,IDN,Southeast Asia
Indonesia,"sptinc_p0p50_999_j_ID
Pre-tax national income 
Bottom 50% | share | all ages | equal split
",p0p50,2006,0.1655,3.0,IDN,Southeast Asia
Indonesia,"sptinc_p0p50_999_j_ID
Pre-tax national income 
Bottom 50% | share | all ages | equal split
",p0p50,2007,0.1587,3.0,IDN,Southeast Asia
Indonesia,"sptinc_p0p50_999_j_ID
Pre-tax national income 
Bottom 50% | share | all ages | equal split
",p0p50,2008,0.1342,3.0,IDN,Southeast Asia
Indonesia,"sptinc_p0p50_999_j_ID
Pre-tax national income 
Bottom 50% | share | all ages | equal split
",p0p50,2009,0.1299,3.0,IDN,Southeast Asia
Indonesia,"sptinc_p0p50_999_j_ID
Pre-tax national income 
Bottom 50% | share | all ages | equal split
",p0p50,2010,0.1491,3.0,IDN,Southeast Asia
Indonesia,"sptinc_p0p50_999_j_ID
Pre-tax national income 
Bottom 50% | share | all ages | equal split
",p0p50,2011,0.1428,3.0,IDN,Southeast Asia
Indonesia,"sptinc_p0p50_999_j_ID
Pre-tax national income 
Bottom 50% | share | all ages | equal split
",p0p50,2012,0.1479,3.0,IDN,Southeast Asia
Indonesia,"sptinc_p0p50_999_j_ID
Pre-tax national income 
Bottom 50% | share | all ages | equal split
",p0p50,2013,0.1518,3.0,IDN,Southeast Asia
Indonesia,"sptinc_p0p50_999_j_ID
Pre-tax national income 
Bottom 50% | share | all ages | equal split
",p0p50,2014,0.1514,3.0,IDN,Southeast Asia
Indonesia,"sptinc_p0p50_999_j_ID
Pre-tax national income 
Bottom 50% | share | all ages | equal split
",p0p50,2015,0.1475,3.0,IDN,Southeast Asia
Indonesia,"sptinc_p0p50_999_j_ID
Pre-tax national income 
Bottom 50% | share | all ages | equal split
",p0p50,2016,0.1514,3.0,IDN,Southeast Asia
Indonesia,"sptinc_p0p50_999_j_ID
Pre-tax national income 
Bottom 50% | share | all ages | equal split
",p0p50,2017,0.1535,3.0,IDN,Southeast Asia
Indonesia,"sptinc_p0p50_999_j_ID
Pre-tax national income 
Bottom 50% | share | all ages | equal split
",p0p50,2018,0.1245,3.0,IDN,Southeast Asia
Indonesia,"sptinc_p0p50_999_j_ID
Pre-tax national income 
Bottom 50% | share | all ages | equal split
",p0p50,2019,0.1245,1.0,IDN,Southeast Asia
Indonesia,"sptinc_p0p50_999_j_ID
Pre-tax national income 
Bottom 50% | share | all ages | equal split
",p0p50,2020,0.1245,1.0,IDN,Southeast Asia
Indonesia,"sptinc_p0p50_999_j_ID
Pre-tax national income 
Bottom 50% | share | all ages | equal split
",p0p50,2021,0.1245,1.0,IDN,Southeast Asia
Indonesia,"sptinc_p0p50_999_j_ID
Pre-tax national income 
Bottom 50% | share | all ages | equal split
",p0p50,2022,0.1245,1.0,IDN,Southeast Asia
Indonesia,"sptinc_p0p50_999_j_ID
Pre-tax national income 
Bottom 50% | share | all ages | equal split
",p0p50,2023,0.1245,1.0,IDN,Southeast Asia
Indonesia,"sptinc_p0p50_999_j_ID
Pre-tax national income 
Bottom 50% | share | all ages | equal split
",p0p50,2024,0.1245,1.0,IDN,Southeast Asia
Iran,"sptinc_p0p50_999_j_IR
Pre-tax national income 
Bottom 50% | share | all ages | equal split
",p0p50,1960,0.0975,0.0,IRN,MENA
Iran,"sptinc_p0p50_999_j_IR
Pre-tax national income 
Bottom 50% | share | all ages | equal split
",p0p50,1970,0.0822,0.0,IRN,MENA
Iran,"sptinc_p0p50_999_j_IR
Pre-tax national income 
Bottom 50% | share | all ages | equal split
",p0p50,1980,0.1109,1.0,IRN,MENA
Iran,"sptinc_p0p50_999_j_IR
Pre-tax national income 
Bottom 50% | share | all ages | equal split
",p0p50,1981,0.1109,1.0,IRN,MENA
Iran,"sptinc_p0p50_999_j_IR
Pre-tax national income 
Bottom 50% | share | all ages | equal split
",p0p50,1982,0.1109,1.0,IRN,MENA
Iran,"sptinc_p0p50_999_j_IR
Pre-tax national income 
Bottom 50% | share | all ages | equal split
",p0p50,1983,0.1109,1.0,IRN,MENA
Iran,"sptinc_p0p50_999_j_IR
Pre-tax national income 
Bottom 50% | share | all ages | equal split
",p0p50,1984,0.1109,1.0,IRN,MENA
Iran,"sptinc_p0p50_999_j_IR
Pre-tax national income 
Bottom 50% | share | all ages | equal split
",p0p50,1985,0.1109,1.0,IRN,MENA
Iran,"sptinc_p0p50_999_j_IR
Pre-tax national income 
Bottom 50% | share | all ages | equal split
",p0p50,1986,0.1109,1.0,IRN,MENA
Iran,"sptinc_p0p50_999_j_IR
Pre-tax national income 
Bottom 50% | share | all ages | equal split
",p0p50,1987,0.1147,1.0,IRN,MENA
Iran,"sptinc_p0p50_999_j_IR
Pre-tax national income 
Bottom 50% | share | all ages | equal split
",p0p50,1988,0.1187,1.0,IRN,MENA
Iran,"sptinc_p0p50_999_j_IR
Pre-tax national income 
Bottom 50% | share | all ages | equal split
",p0p50,1989,0.1227,1.0,IRN,MENA
Iran,"sptinc_p0p50_999_j_IR
Pre-tax national income 
Bottom 50% | share | all ages | equal split
",p0p50,1990,0.1269,1.0,IRN,MENA
Iran,"sptinc_p0p50_999_j_IR
Pre-tax national income 
Bottom 50% | share | all ages | equal split
",p0p50,1991,0.1272,1.0,IRN,MENA
Iran,"sptinc_p0p50_999_j_IR
Pre-tax national income 
Bottom 50% | share | all ages | equal split
",p0p50,1992,0.1275,1.0,IRN,MENA
Iran,"sptinc_p0p50_999_j_IR
Pre-tax national income 
Bottom 50% | share | all ages | equal split
",p0p50,1993,0.1278,1.0,IRN,MENA
Iran,"sptinc_p0p50_999_j_IR
Pre-tax national income 
Bottom 50% | share | all ages | equal split
",p0p50,1994,0.128,1.0,IRN,MENA
Iran,"sptinc_p0p50_999_j_IR
Pre-tax national income 
Bottom 50% | share | all ages | equal split
",p0p50,1995,0.1292,1.0,IRN,MENA
Iran,"sptinc_p0p50_999_j_IR
Pre-tax national income 
Bottom 50% | share | all ages | equal split
",p0p50,1996,0.1303,1.0,IRN,MENA
Iran,"sptinc_p0p50_999_j_IR
Pre-tax national income 
Bottom 50% | share | all ages | equal split
",p0p50,1997,0.1314,3.0,IRN,MENA
Iran,"sptinc_p0p50_999_j_IR
Pre-tax national income 
Bottom 50% | share | all ages | equal split
",p0p50,1998,0.1266,3.0,IRN,MENA
Iran,"sptinc_p0p50_999_j_IR
Pre-tax national income 
Bottom 50% | share | all ages | equal split
",p0p50,1999,0.1188,3.0,IRN,MENA
Iran,"sptinc_p0p50_999_j_IR
Pre-tax national income 
Bottom 50% | share | all ages | equal split
",p0p50,2000,0.1168,3.0,IRN,MENA
Iran,"sptinc_p0p50_999_j_IR
Pre-tax national income 
Bottom 50% | share | all ages | equal split
",p0p50,2001,0.1229,3.0,IRN,MENA
Iran,"sptinc_p0p50_999_j_IR
Pre-tax national income 
Bottom 50% | share | all ages | equal split
",p0p50,2002,0.1215,3.0,IRN,MENA
Iran,"sptinc_p0p50_999_j_IR
Pre-tax national income 
Bottom 50% | share | all ages | equal split
",p0p50,2003,0.1184,3.0,IRN,MENA
Iran,"sptinc_p0p50_999_j_IR
Pre-tax national income 
Bottom 50% | share | all ages | equal split
",p0p50,2004,0.1193,3.0,IRN,MENA
Iran,"sptinc_p0p50_999_j_IR
Pre-tax national income 
Bottom 50% | share | all ages | equal split
",p0p50,2005,0.1209,3.0,IRN,MENA
Iran,"sptinc_p0p50_999_j_IR
Pre-tax national income 
Bottom 50% | share | all ages | equal split
",p0p50,2006,0.1215,3.0,IRN,MENA
Iran,"sptinc_p0p50_999_j_IR
Pre-tax national income 
Bottom 50% | share | all ages | equal split
",p0p50,2007,0.1175,3.0,IRN,MENA
Iran,"sptinc_p0p50_999_j_IR
Pre-tax national income 
Bottom 50% | share | all ages | equal split
",p0p50,2008,0.1427,3.0,IRN,MENA
Iran,"sptinc_p0p50_999_j_IR
Pre-tax national income 
Bottom 50% | share | all ages | equal split
",p0p50,2009,0.1349,3.0,IRN,MENA
Iran,"sptinc_p0p50_999_j_IR
Pre-tax national income 
Bottom 50% | share | all ages | equal split
",p0p50,2010,0.1298,3.0,IRN,MENA
Iran,"sptinc_p0p50_999_j_IR
Pre-tax national income 
Bottom 50% | share | all ages | equal split
",p0p50,2011,0.1514,3.0,IRN,MENA
Iran,"sptinc_p0p50_999_j_IR
Pre-tax national income 
Bottom 50% | share | all ages | equal split
",p0p50,2012,0.1391,3.0,IRN,MENA
Iran,"sptinc_p0p50_999_j_IR
Pre-tax national income 
Bottom 50% | share | all ages | equal split
",p0p50,2013,0.1493,3.0,IRN,MENA
Iran,"sptinc_p0p50_999_j_IR
Pre-tax national income 
Bottom 50% | share | all ages | equal split
",p0p50,2014,0.1507,3.0,IRN,MENA
Iran,"sptinc_p0p50_999_j_IR
Pre-tax national income 
Bottom 50% | share | all ages | equal split
",p0p50,2015,0.1592,3.0,IRN,MENA
Iran,"sptinc_p0p50_999_j_IR
Pre-tax national income 
Bottom 50% | share | all ages | equal split
",p0p50,2016,0.161,3.0,IRN,MENA
Iran,"sptinc_p0p50_999_j_IR
Pre-tax national income 
Bottom 50% | share | all ages | equal split
",p0p50,2017,0.1471,3.0,IRN,MENA
Iran,"sptinc_p0p50_999_j_IR
Pre-tax national income 
Bottom 50% | share | all ages | equal split
",p0p50,2018,0.1477,3.0,IRN,MENA
Iran,"sptinc_p0p50_999_j_IR
Pre-tax national income 
Bottom 50% | share | all ages | equal split
",p0p50,2019,0.1524,3.0,IRN,MENA
Iran,"sptinc_p0p50_999_j_IR
Pre-tax national income 
Bottom 50% | share | all ages | equal split
",p0p50,2020,0.1621,3.0,IRN,MENA
Iran,"sptinc_p0p50_999_j_IR
Pre-tax national income 
Bottom 50% | share | all ages | equal split
",p0p50,2021,0.1668,3.0,IRN,MENA
Iran,"sptinc_p0p50_999_j_IR
Pre-tax national income 
Bottom 50% | share | all ages | equal split
",p0p50,2022,0.1737,3.0,IRN,MENA
Iran,"sptinc_p0p50_999_j_IR
Pre-tax national income 
Bottom 50% | share | all ages | equal split
",p0p50,2023,0.1652,3.0,IRN,MENA
Iran,"sptinc_p0p50_999_j_IR
Pre-tax national income 
Bottom 50% | share | all ages | equal split
",p0p50,2024,0.1652,1.0,IRN,MENA
Ireland,"sptinc_p0p50_999_j_IE
Pre-tax national income 
Bottom 50% | share | all ages | equal split
",p0p50,1964,0.2314,3.0,IRL,Western Europe
Ireland,"sptinc_p0p50_999_j_IE
Pre-tax national income 
Bottom 50% | share | all ages | equal split
",p0p50,1965,0.2316,3.0,IRL,Western Europe
Ireland,"sptinc_p0p50_999_j_IE
Pre-tax national income 
Bottom 50% | share | all ages | equal split
",p0p50,1966,0.2319,3.0,IRL,Western Europe
Ireland,"sptinc_p0p50_999_j_IE
Pre-tax national income 
Bottom 50% | share | all ages | equal split
",p0p50,1967,0.2331,3.0,IRL,Western Europe
Ireland,"sptinc_p0p50_999_j_IE
Pre-tax national income 
Bottom 50% | share | all ages | equal split
",p0p50,1968,0.2349,3.0,IRL,Western Europe
Ireland,"sptinc_p0p50_999_j_IE
Pre-tax national income 
Bottom 50% | share | all ages | equal split
",p0p50,1969,0.2363,3.0,IRL,Western Europe
Ireland,"sptinc_p0p50_999_j_IE
Pre-tax national income 
Bottom 50% | share | all ages | equal split
",p0p50,1970,0.2371,3.0,IRL,Western Europe
Ireland,"sptinc_p0p50_999_j_IE
Pre-tax national income 
Bottom 50% | share | all ages | equal split
",p0p50,1971,0.2384,3.0,IRL,Western Europe
Ireland,"sptinc_p0p50_999_j_IE
Pre-tax national income 
Bottom 50% | share | all ages | equal split
",p0p50,1972,0.2382,3.0,IRL,Western Europe
Ireland,"sptinc_p0p50_999_j_IE
Pre-tax national income 
Bottom 50% | share | all ages | equal split
",p0p50,1973,0.2415,3.0,IRL,Western Europe
Ireland,"sptinc_p0p50_999_j_IE
Pre-tax national income 
Bottom 50% | share | all ages | equal split
",p0p50,1975,0.2414,3.0,IRL,Western Europe
Ireland,"sptinc_p0p50_999_j_IE
Pre-tax national income 
Bottom 50% | share | all ages | equal split
",p0p50,1976,0.2439,3.0,IRL,Western Europe
Ireland,"sptinc_p0p50_999_j_IE
Pre-tax national income 
Bottom 50% | share | all ages | equal split
",p0p50,1977,0.2444,3.0,IRL,Western Europe
Ireland,"sptinc_p0p50_999_j_IE
Pre-tax national income 
Bottom 50% | share | all ages | equal split
",p0p50,1978,0.2443,3.0,IRL,Western Europe
Ireland,"sptinc_p0p50_999_j_IE
Pre-tax national income 
Bottom 50% | share | all ages | equal split
",p0p50,1979,0.2418,3.0,IRL,Western Europe
Ireland,"sptinc_p0p50_999_j_IE
Pre-tax national income 
Bottom 50% | share | all ages | equal split
",p0p50,1980,0.2303,4.0,IRL,Western Europe
Ireland,"sptinc_p0p50_999_j_IE
Pre-tax national income 
Bottom 50% | share | all ages | equal split
",p0p50,1981,0.2322,4.0,IRL,Western Europe
Ireland,"sptinc_p0p50_999_j_IE
Pre-tax national income 
Bottom 50% | share | all ages | equal split
",p0p50,1982,0.2201,4.0,IRL,Western Europe
Ireland,"sptinc_p0p50_999_j_IE
Pre-tax national income 
Bottom 50% | share | all ages | equal split
",p0p50,1983,0.2143,4.0,IRL,Western Europe
Ireland,"sptinc_p0p50_999_j_IE
Pre-tax national income 
Bottom 50% | share | all ages | equal split
",p0p50,1984,0.2233,4.0,IRL,Western Europe
Ireland,"sptinc_p0p50_999_j_IE
Pre-tax national income 
Bottom 50% | share | all ages | equal split
",p0p50,1985,0.2242,4.0,IRL,Western Europe
Ireland,"sptinc_p0p50_999_j_IE
Pre-tax national income 
Bottom 50% | share | all ages | equal split
",p0p50,1986,0.2258,4.0,IRL,Western Europe
Ireland,"sptinc_p0p50_999_j_IE
Pre-tax national income 
Bottom 50% | share | all ages | equal split
",p0p50,1987,0.2203,4.0,IRL,Western Europe
Ireland,"sptinc_p0p50_999_j_IE
Pre-tax national income 
Bottom 50% | share | all ages | equal split
",p0p50,1988,0.2285,4.0,IRL,Western Europe
Ireland,"sptinc_p0p50_999_j_IE
Pre-tax national income 
Bottom 50% | share | all ages | equal split
",p0p50,1989,0.2297,4.0,IRL,Western Europe
Ireland,"sptinc_p0p50_999_j_IE
Pre-tax national income 
Bottom 50% | share | all ages | equal split
",p0p50,1990,0.2256,4.0,IRL,Western Europe
Ireland,"sptinc_p0p50_999_j_IE
Pre-tax national income 
Bottom 50% | share | all ages | equal split
",p0p50,1991,0.2181,4.0,IRL,Western Europe
Ireland,"sptinc_p0p50_999_j_IE
Pre-tax national income 
Bottom 50% | share | all ages | equal split
",p0p50,1992,0.2244,4.0,IRL,Western Europe
Ireland,"sptinc_p0p50_999_j_IE
Pre-tax national income 
Bottom 50% | share | all ages | equal split
",p0p50,1993,0.2154,4.0,IRL,Western Europe
Ireland,"sptinc_p0p50_999_j_IE
Pre-tax national income 
Bottom 50% | share | all ages | equal split
",p0p50,1994,0.2082,4.0,IRL,Western Europe
Ireland,"sptinc_p0p50_999_j_IE
Pre-tax national income 
Bottom 50% | share | all ages | equal split
",p0p50,1995,0.2101,4.0,IRL,Western Europe
Ireland,"sptinc_p0p50_999_j_IE
Pre-tax national income 
Bottom 50% | share | all ages | equal split
",p0p50,1996,0.2249,4.0,IRL,Western Europe
Ireland,"sptinc_p0p50_999_j_IE
Pre-tax national income 
Bottom 50% | share | all ages | equal split
",p0p50,1997,0.2261,4.0,IRL,Western Europe
Ireland,"sptinc_p0p50_999_j_IE
Pre-tax national income 
Bottom 50% | share | all ages | equal split
",p0p50,1998,0.2183,4.0,IRL,Western Europe
Ireland,"sptinc_p0p50_999_j_IE
Pre-tax national income 
Bottom 50% | share | all ages | equal split
",p0p50,1999,0.2115,4.0,IRL,Western Europe
Ireland,"sptinc_p0p50_999_j_IE
Pre-tax national income 
Bottom 50% | share | all ages | equal split
",p0p50,2000,0.2064,4.0,IRL,Western Europe
Ireland,"sptinc_p0p50_999_j_IE
Pre-tax national income 
Bottom 50% | share | all ages | equal split
",p0p50,2001,0.2096,4.0,IRL,Western Europe
Ireland,"sptinc_p0p50_999_j_IE
Pre-tax national income 
Bottom 50% | share | all ages | equal split
",p0p50,2002,0.213,4.0,IRL,Western Europe
Ireland,"sptinc_p0p50_999_j_IE
Pre-tax national income 
Bottom 50% | share | all ages | equal split
",p0p50,2003,0.2056,4.0,IRL,Western Europe
Ireland,"sptinc_p0p50_999_j_IE
Pre-tax national income 
Bottom 50% | share | all ages | equal split
",p0p50,2004,0.1991,4.0,IRL,Western Europe
Ireland,"sptinc_p0p50_999_j_IE
Pre-tax national income 
Bottom 50% | share | all ages | equal split
",p0p50,2005,0.2027,4.0,IRL,Western Europe
Ireland,"sptinc_p0p50_999_j_IE
Pre-tax national income 
Bottom 50% | share | all ages | equal split
",p0p50,2006,0.1957,4.0,IRL,Western Europe
Ireland,"sptinc_p0p50_999_j_IE
Pre-tax national income 
Bottom 50% | share | all ages | equal split
",p0p50,2007,0.1866,4.0,IRL,Western Europe
Ireland,"sptinc_p0p50_999_j_IE
Pre-tax national income 
Bottom 50% | share | all ages | equal split
",p0p50,2008,0.1991,4.0,IRL,Western Europe
Ireland,"sptinc_p0p50_999_j_IE
Pre-tax national income 
Bottom 50% | share | all ages | equal split
",p0p50,2009,0.215,4.0,IRL,Western Europe
Ireland,"sptinc_p0p50_999_j_IE
Pre-tax national income 
Bottom 50% | share | all ages | equal split
",p0p50,2010,0.2083,4.0,IRL,Western Europe
Ireland,"sptinc_p0p50_999_j_IE
Pre-tax national income 
Bottom 50% | share | all ages | equal split
",p0p50,2011,0.2106,4.0,IRL,Western Europe
Ireland,"sptinc_p0p50_999_j_IE
Pre-tax national income 
Bottom 50% | share | all ages | equal split
",p0p50,2012,0.2078,4.0,IRL,Western Europe
Ireland,"sptinc_p0p50_999_j_IE
Pre-tax national income 
Bottom 50% | share | all ages | equal split
",p0p50,2013,0.1994,4.0,IRL,Western Europe
Ireland,"sptinc_p0p50_999_j_IE
Pre-tax national income 
Bottom 50% | share | all ages | equal split
",p0p50,2014,0.1946,4.0,IRL,Western Europe
Ireland,"sptinc_p0p50_999_j_IE
Pre-tax national income 
Bottom 50% | share | all ages | equal split
",p0p50,2015,0.1889,4.0,IRL,Western Europe
Ireland,"sptinc_p0p50_999_j_IE
Pre-tax national income 
Bottom 50% | share | all ages | equal split
",p0p50,2016,0.1902,3.0,IRL,Western Europe
Ireland,"sptinc_p0p50_999_j_IE
Pre-tax national income 
Bottom 50% | share | all ages | equal split
",p0p50,2017,0.1967,3.0,IRL,Western Europe
Ireland,"sptinc_p0p50_999_j_IE
Pre-tax national income 
Bottom 50% | share | all ages | equal split
",p0p50,2018,0.199,3.0,IRL,Western Europe
Ireland,"sptinc_p0p50_999_j_IE
Pre-tax national income 
Bottom 50% | share | all ages | equal split
",p0p50,2019,0.1967,3.0,IRL,Western Europe
Ireland,"sptinc_p0p50_999_j_IE
Pre-tax national income 
Bottom 50% | share | all ages | equal split
",p0p50,2020,0.1967,3.0,IRL,Western Europe
Ireland,"sptinc_p0p50_999_j_IE
Pre-tax national income 
Bottom 50% | share | all ages | equal split
",p0p50,2021,0.1957,3.0,IRL,Western Europe
Ireland,"sptinc_p0p50_999_j_IE
Pre-tax national income 
Bottom 50% | share | all ages | equal split
",p0p50,2022,0.1954,3.0,IRL,Western Europe
Ireland,"sptinc_p0p50_999_j_IE
Pre-tax national income 
Bottom 50% | share | all ages | equal split
",p0p50,2023,0.1953,3.0,IRL,Western Europe
Ireland,"sptinc_p0p50_999_j_IE
Pre-tax national income 
Bottom 50% | share | all ages | equal split
",p0p50,2024,0.1953,1.0,IRL,Western Europe
Israel,"sptinc_p0p50_999_j_IL
Pre-tax national income 
Bottom 50% | share | all ages | equal split
",p0p50,1979,0.1342,3.0,ISR,MENA
Israel,"sptinc_p0p50_999_j_IL
Pre-tax national income 
Bottom 50% | share | all ages | equal split
",p0p50,1980,0.1344,2.0,ISR,MENA
Israel,"sptinc_p0p50_999_j_IL
Pre-tax national income 
Bottom 50% | share | all ages | equal split
",p0p50,1981,0.1345,2.0,ISR,MENA
Israel,"sptinc_p0p50_999_j_IL
Pre-tax national income 
Bottom 50% | share | all ages | equal split
",p0p50,1982,0.1347,2.0,ISR,MENA
Israel,"sptinc_p0p50_999_j_IL
Pre-tax national income 
Bottom 50% | share | all ages | equal split
",p0p50,1983,0.1348,2.0,ISR,MENA
Israel,"sptinc_p0p50_999_j_IL
Pre-tax national income 
Bottom 50% | share | all ages | equal split
",p0p50,1984,0.135,2.0,ISR,MENA
Israel,"sptinc_p0p50_999_j_IL
Pre-tax national income 
Bottom 50% | share | all ages | equal split
",p0p50,1985,0.1351,2.0,ISR,MENA
Israel,"sptinc_p0p50_999_j_IL
Pre-tax national income 
Bottom 50% | share | all ages | equal split
",p0p50,1986,0.1353,2.0,ISR,MENA
Israel,"sptinc_p0p50_999_j_IL
Pre-tax national income 
Bottom 50% | share | all ages | equal split
",p0p50,1987,0.135,2.0,ISR,MENA
Israel,"sptinc_p0p50_999_j_IL
Pre-tax national income 
Bottom 50% | share | all ages | equal split
",p0p50,1988,0.1347,2.0,ISR,MENA
Israel,"sptinc_p0p50_999_j_IL
Pre-tax national income 
Bottom 50% | share | all ages | equal split
",p0p50,1989,0.1345,2.0,ISR,MENA
Israel,"sptinc_p0p50_999_j_IL
Pre-tax national income 
Bottom 50% | share | all ages | equal split
",p0p50,1990,0.1343,2.0,ISR,MENA
Israel,"sptinc_p0p50_999_j_IL
Pre-tax national income 
Bottom 50% | share | all ages | equal split
",p0p50,1991,0.134,2.0,ISR,MENA
Israel,"sptinc_p0p50_999_j_IL
Pre-tax national income 
Bottom 50% | share | all ages | equal split
",p0p50,1992,0.1338,3.0,ISR,MENA
Israel,"sptinc_p0p50_999_j_IL
Pre-tax national income 
Bottom 50% | share | all ages | equal split
",p0p50,1993,0.1327,2.0,ISR,MENA
Israel,"sptinc_p0p50_999_j_IL
Pre-tax national income 
Bottom 50% | share | all ages | equal split
",p0p50,1994,0.1316,2.0,ISR,MENA
Israel,"sptinc_p0p50_999_j_IL
Pre-tax national income 
Bottom 50% | share | all ages | equal split
",p0p50,1995,0.1305,2.0,ISR,MENA
Israel,"sptinc_p0p50_999_j_IL
Pre-tax national income 
Bottom 50% | share | all ages | equal split
",p0p50,1996,0.1295,3.0,ISR,MENA
Israel,"sptinc_p0p50_999_j_IL
Pre-tax national income 
Bottom 50% | share | all ages | equal split
",p0p50,1997,0.1285,3.0,ISR,MENA
Israel,"sptinc_p0p50_999_j_IL
Pre-tax national income 
Bottom 50% | share | all ages | equal split
",p0p50,1998,0.1278,2.0,ISR,MENA
Israel,"sptinc_p0p50_999_j_IL
Pre-tax national income 
Bottom 50% | share | all ages | equal split
",p0p50,1999,0.1271,2.0,ISR,MENA
Israel,"sptinc_p0p50_999_j_IL
Pre-tax national income 
Bottom 50% | share | all ages | equal split
",p0p50,2000,0.1264,2.0,ISR,MENA
Israel,"sptinc_p0p50_999_j_IL
Pre-tax national income 
Bottom 50% | share | all ages | equal split
",p0p50,2001,0.1257,3.0,ISR,MENA
Israel,"sptinc_p0p50_999_j_IL
Pre-tax national income 
Bottom 50% | share | all ages | equal split
",p0p50,2002,0.1236,2.0,ISR,MENA
Israel,"sptinc_p0p50_999_j_IL
Pre-tax national income 
Bottom 50% | share | all ages | equal split
",p0p50,2003,0.1215,2.0,ISR,MENA
Israel,"sptinc_p0p50_999_j_IL
Pre-tax national income 
Bottom 50% | share | all ages | equal split
",p0p50,2004,0.1195,2.0,ISR,MENA
Israel,"sptinc_p0p50_999_j_IL
Pre-tax national income 
Bottom 50% | share | all ages | equal split
",p0p50,2005,0.1175,3.0,ISR,MENA
Israel,"sptinc_p0p50_999_j_IL
Pre-tax national income 
Bottom 50% | share | all ages | equal split
",p0p50,2006,0.117,2.0,ISR,MENA
Israel,"sptinc_p0p50_999_j_IL
Pre-tax national income 
Bottom 50% | share | all ages | equal split
",p0p50,2007,0.1166,3.0,ISR,MENA
Israel,"sptinc_p0p50_999_j_IL
Pre-tax national income 
Bottom 50% | share | all ages | equal split
",p0p50,2008,0.1169,2.0,ISR,MENA
Israel,"sptinc_p0p50_999_j_IL
Pre-tax national income 
Bottom 50% | share | all ages | equal split
",p0p50,2009,0.1172,2.0,ISR,MENA
Israel,"sptinc_p0p50_999_j_IL
Pre-tax national income 
Bottom 50% | share | all ages | equal split
",p0p50,2010,0.1176,3.0,ISR,MENA
Israel,"sptinc_p0p50_999_j_IL
Pre-tax national income 
Bottom 50% | share | all ages | equal split
",p0p50,2011,0.1185,2.0,ISR,MENA
Israel,"sptinc_p0p50_999_j_IL
Pre-tax national income 
Bottom 50% | share | all ages | equal split
",p0p50,2012,0.1195,3.0,ISR,MENA
Israel,"sptinc_p0p50_999_j_IL
Pre-tax national income 
Bottom 50% | share | all ages | equal split
",p0p50,2013,0.1247,2.0,ISR,MENA
Israel,"sptinc_p0p50_999_j_IL
Pre-tax national income 
Bottom 50% | share | all ages | equal split
",p0p50,2014,0.1296,3.0,ISR,MENA
Israel,"sptinc_p0p50_999_j_IL
Pre-tax national income 
Bottom 50% | share | all ages | equal split
",p0p50,2015,0.1312,2.0,ISR,MENA
Israel,"sptinc_p0p50_999_j_IL
Pre-tax national income 
Bottom 50% | share | all ages | equal split
",p0p50,2016,0.1328,3.0,ISR,MENA
Israel,"sptinc_p0p50_999_j_IL
Pre-tax national income 
Bottom 50% | share | all ages | equal split
",p0p50,2017,0.1328,1.0,ISR,MENA
Israel,"sptinc_p0p50_999_j_IL
Pre-tax national income 
Bottom 50% | share | all ages | equal split
",p0p50,2018,0.1328,1.0,ISR,MENA
Israel,"sptinc_p0p50_999_j_IL
Pre-tax national income 
Bottom 50% | share | all ages | equal split
",p0p50,2019,0.1328,1.0,ISR,MENA
Israel,"sptinc_p0p50_999_j_IL
Pre-tax national income 
Bottom 50% | share | all ages | equal split
",p0p50,2020,0.1328,1.0,ISR,MENA
Israel,"sptinc_p0p50_999_j_IL
Pre-tax national income 
Bottom 50% | share | all ages | equal split
",p0p50,2021,0.1328,1.0,ISR,MENA
Israel,"sptinc_p0p50_999_j_IL
Pre-tax national income 
Bottom 50% | share | all ages | equal split
",p0p50,2022,0.1328,1.0,ISR,MENA
Israel,"sptinc_p0p50_999_j_IL
Pre-tax national income 
Bottom 50% | share | all ages | equal split
",p0p50,2023,0.1328,1.0,ISR,MENA
Israel,"sptinc_p0p50_999_j_IL
Pre-tax national income 
Bottom 50% | share | all ages | equal split
",p0p50,2024,0.1328,1.0,ISR,MENA
Italy,"sptinc_p0p50_999_j_IT
Pre-tax national income 
Bottom 50% | share | all ages | equal split
",p0p50,1960,0.2274,0.0,ITA,Southern Europe
Italy,"sptinc_p0p50_999_j_IT
Pre-tax national income 
Bottom 50% | share | all ages | equal split
",p0p50,1970,0.2708,0.0,ITA,Southern Europe
Italy,"sptinc_p0p50_999_j_IT
Pre-tax national income 
Bottom 50% | share | all ages | equal split
",p0p50,1974,0.2675,3.0,ITA,Southern Europe
Italy,"sptinc_p0p50_999_j_IT
Pre-tax national income 
Bottom 50% | share | all ages | equal split
",p0p50,1975,0.2704,3.0,ITA,Southern Europe
Italy,"sptinc_p0p50_999_j_IT
Pre-tax national income 
Bottom 50% | share | all ages | equal split
",p0p50,1976,0.2732,3.0,ITA,Southern Europe
Italy,"sptinc_p0p50_999_j_IT
Pre-tax national income 
Bottom 50% | share | all ages | equal split
",p0p50,1977,0.2762,3.0,ITA,Southern Europe
Italy,"sptinc_p0p50_999_j_IT
Pre-tax national income 
Bottom 50% | share | all ages | equal split
",p0p50,1978,0.279,3.0,ITA,Southern Europe
Italy,"sptinc_p0p50_999_j_IT
Pre-tax national income 
Bottom 50% | share | all ages | equal split
",p0p50,1979,0.282,3.0,ITA,Southern Europe
Italy,"sptinc_p0p50_999_j_IT
Pre-tax national income 
Bottom 50% | share | all ages | equal split
",p0p50,1980,0.2634,3.0,ITA,Southern Europe
Italy,"sptinc_p0p50_999_j_IT
Pre-tax national income 
Bottom 50% | share | all ages | equal split
",p0p50,1981,0.2666,4.0,ITA,Southern Europe
Italy,"sptinc_p0p50_999_j_IT
Pre-tax national income 
Bottom 50% | share | all ages | equal split
",p0p50,1982,0.2642,4.0,ITA,Southern Europe
Italy,"sptinc_p0p50_999_j_IT
Pre-tax national income 
Bottom 50% | share | all ages | equal split
",p0p50,1983,0.2652,4.0,ITA,Southern Europe
Italy,"sptinc_p0p50_999_j_IT
Pre-tax national income 
Bottom 50% | share | all ages | equal split
",p0p50,1984,0.2614,4.0,ITA,Southern Europe
Italy,"sptinc_p0p50_999_j_IT
Pre-tax national income 
Bottom 50% | share | all ages | equal split
",p0p50,1985,0.2581,4.0,ITA,Southern Europe
Italy,"sptinc_p0p50_999_j_IT
Pre-tax national income 
Bottom 50% | share | all ages | equal split
",p0p50,1986,0.2465,4.0,ITA,Southern Europe
Italy,"sptinc_p0p50_999_j_IT
Pre-tax national income 
Bottom 50% | share | all ages | equal split
",p0p50,1987,0.245,4.0,ITA,Southern Europe
Italy,"sptinc_p0p50_999_j_IT
Pre-tax national income 
Bottom 50% | share | all ages | equal split
",p0p50,1988,0.2419,4.0,ITA,Southern Europe
Italy,"sptinc_p0p50_999_j_IT
Pre-tax national income 
Bottom 50% | share | all ages | equal split
",p0p50,1989,0.2405,4.0,ITA,Southern Europe
Italy,"sptinc_p0p50_999_j_IT
Pre-tax national income 
Bottom 50% | share | all ages | equal split
",p0p50,1990,0.2349,4.0,ITA,Southern Europe
Italy,"sptinc_p0p50_999_j_IT
Pre-tax national income 
Bottom 50% | share | all ages | equal split
",p0p50,1991,0.2376,4.0,ITA,Southern Europe
Italy,"sptinc_p0p50_999_j_IT
Pre-tax national income 
Bottom 50% | share | all ages | equal split
",p0p50,1992,0.2342,4.0,ITA,Southern Europe
Italy,"sptinc_p0p50_999_j_IT
Pre-tax national income 
Bottom 50% | share | all ages | equal split
",p0p50,1993,0.2293,4.0,ITA,Southern Europe
Italy,"sptinc_p0p50_999_j_IT
Pre-tax national income 
Bottom 50% | share | all ages | equal split
",p0p50,1994,0.2305,4.0,ITA,Southern Europe
Italy,"sptinc_p0p50_999_j_IT
Pre-tax national income 
Bottom 50% | share | all ages | equal split
",p0p50,1995,0.2259,4.0,ITA,Southern Europe
Italy,"sptinc_p0p50_999_j_IT
Pre-tax national income 
Bottom 50% | share | all ages | equal split
",p0p50,1996,0.2217,4.0,ITA,Southern Europe
Italy,"sptinc_p0p50_999_j_IT
Pre-tax national income 
Bottom 50% | share | all ages | equal split
",p0p50,1997,0.2217,4.0,ITA,Southern Europe
Italy,"sptinc_p0p50_999_j_IT
Pre-tax national income 
Bottom 50% | share | all ages | equal split
",p0p50,1998,0.2154,4.0,ITA,Southern Europe
Italy,"sptinc_p0p50_999_j_IT
Pre-tax national income 
Bottom 50% | share | all ages | equal split
",p0p50,1999,0.2164,4.0,ITA,Southern Europe
Italy,"sptinc_p0p50_999_j_IT
Pre-tax national income 
Bottom 50% | share | all ages | equal split
",p0p50,2000,0.2123,4.0,ITA,Southern Europe
Italy,"sptinc_p0p50_999_j_IT
Pre-tax national income 
Bottom 50% | share | all ages | equal split
",p0p50,2001,0.2116,4.0,ITA,Southern Europe
Italy,"sptinc_p0p50_999_j_IT
Pre-tax national income 
Bottom 50% | share | all ages | equal split
",p0p50,2002,0.2181,4.0,ITA,Southern Europe
Italy,"sptinc_p0p50_999_j_IT
Pre-tax national income 
Bottom 50% | share | all ages | equal split
",p0p50,2003,0.2162,4.0,ITA,Southern Europe
Italy,"sptinc_p0p50_999_j_IT
Pre-tax national income 
Bottom 50% | share | all ages | equal split
",p0p50,2004,0.2234,4.0,ITA,Southern Europe
Italy,"sptinc_p0p50_999_j_IT
Pre-tax national income 
Bottom 50% | share | all ages | equal split
",p0p50,2005,0.2159,4.0,ITA,Southern Europe
Italy,"sptinc_p0p50_999_j_IT
Pre-tax national income 
Bottom 50% | share | all ages | equal split
",p0p50,2006,0.2168,4.0,ITA,Southern Europe
Italy,"sptinc_p0p50_999_j_IT
Pre-tax national income 
Bottom 50% | share | all ages | equal split
",p0p50,2007,0.2164,4.0,ITA,Southern Europe
Italy,"sptinc_p0p50_999_j_IT
Pre-tax national income 
Bottom 50% | share | all ages | equal split
",p0p50,2008,0.2168,4.0,ITA,Southern Europe
Italy,"sptinc_p0p50_999_j_IT
Pre-tax national income 
Bottom 50% | share | all ages | equal split
",p0p50,2009,0.2182,4.0,ITA,Southern Europe
Italy,"sptinc_p0p50_999_j_IT
Pre-tax national income 
Bottom 50% | share | all ages | equal split
",p0p50,2010,0.2149,4.0,ITA,Southern Europe
Italy,"sptinc_p0p50_999_j_IT
Pre-tax national income 
Bottom 50% | share | all ages | equal split
",p0p50,2011,0.2153,4.0,ITA,Southern Europe
Italy,"sptinc_p0p50_999_j_IT
Pre-tax national income 
Bottom 50% | share | all ages | equal split
",p0p50,2012,0.2124,4.0,ITA,Southern Europe
Italy,"sptinc_p0p50_999_j_IT
Pre-tax national income 
Bottom 50% | share | all ages | equal split
",p0p50,2013,0.2136,4.0,ITA,Southern Europe
Italy,"sptinc_p0p50_999_j_IT
Pre-tax national income 
Bottom 50% | share | all ages | equal split
",p0p50,2014,0.212,4.0,ITA,Southern Europe
Italy,"sptinc_p0p50_999_j_IT
Pre-tax national income 
Bottom 50% | share | all ages | equal split
",p0p50,2015,0.2096,4.0,ITA,Southern Europe
Italy,"sptinc_p0p50_999_j_IT
Pre-tax national income 
Bottom 50% | share | all ages | equal split
",p0p50,2016,0.2068,4.0,ITA,Southern Europe
Italy,"sptinc_p0p50_999_j_IT
Pre-tax national income 
Bottom 50% | share | all ages | equal split
",p0p50,2017,0.2051,4.0,ITA,Southern Europe
Italy,"sptinc_p0p50_999_j_IT
Pre-tax national income 
Bottom 50% | share | all ages | equal split
",p0p50,2018,0.2043,4.0,ITA,Southern Europe
Italy,"sptinc_p0p50_999_j_IT
Pre-tax national income 
Bottom 50% | share | all ages | equal split
",p0p50,2019,0.205,3.0,ITA,Southern Europe
Italy,"sptinc_p0p50_999_j_IT
Pre-tax national income 
Bottom 50% | share | all ages | equal split
",p0p50,2020,0.205,3.0,ITA,Southern Europe
Italy,"sptinc_p0p50_999_j_IT
Pre-tax national income 
Bottom 50% | share | all ages | equal split
",p0p50,2021,0.2145,3.0,ITA,Southern Europe
Italy,"sptinc_p0p50_999_j_IT
Pre-tax national income 
Bottom 50% | share | all ages | equal split
",p0p50,2022,0.2168,3.0,ITA,Southern Europe
Italy,"sptinc_p0p50_999_j_IT
Pre-tax national income 
Bottom 50% | share | all ages | equal split
",p0p50,2023,0.2155,3.0,ITA,Southern Europe
Italy,"sptinc_p0p50_999_j_IT
Pre-tax national income 
Bottom 50% | share | all ages | equal split
",p0p50,2024,0.2155,1.0,ITA,Southern Europe
Jamaica,"sptinc_p0p50_999_j_JM
Pre-tax national income 
Bottom 50% | share | all ages | equal split
",p0p50,1980,0.0839,0.0,JAM,Latin America & Caribbean
Jamaica,"sptinc_p0p50_999_j_JM
Pre-tax national income 
Bottom 50% | share | all ages | equal split
",p0p50,1981,0.0839,0.0,JAM,Latin America & Caribbean
Jamaica,"sptinc_p0p50_999_j_JM
Pre-tax national income 
Bottom 50% | share | all ages | equal split
",p0p50,1982,0.0839,0.0,JAM,Latin America & Caribbean
Jamaica,"sptinc_p0p50_999_j_JM
Pre-tax national income 
Bottom 50% | share | all ages | equal split
",p0p50,1983,0.0839,0.0,JAM,Latin America & Caribbean
Jamaica,"sptinc_p0p50_999_j_JM
Pre-tax national income 
Bottom 50% | share | all ages | equal split
",p0p50,1984,0.0839,0.0,JAM,Latin America & Caribbean
Jamaica,"sptinc_p0p50_999_j_JM
Pre-tax national income 
Bottom 50% | share | all ages | equal split
",p0p50,1985,0.0839,0.0,JAM,Latin America & Caribbean
Jamaica,"sptinc_p0p50_999_j_JM
Pre-tax national income 
Bottom 50% | share | all ages | equal split
",p0p50,1986,0.0839,0.0,JAM,Latin America & Caribbean
Jamaica,"sptinc_p0p50_999_j_JM
Pre-tax national income 
Bottom 50% | share | all ages | equal split
",p0p50,1987,0.0839,0.0,JAM,Latin America & Caribbean
Jamaica,"sptinc_p0p50_999_j_JM
Pre-tax national income 
Bottom 50% | share | all ages | equal split
",p0p50,1988,0.0839,0.0,JAM,Latin America & Caribbean
Jamaica,"sptinc_p0p50_999_j_JM
Pre-tax national income 
Bottom 50% | share | all ages | equal split
",p0p50,1989,0.0839,0.0,JAM,Latin America & Caribbean
Jamaica,"sptinc_p0p50_999_j_JM
Pre-tax national income 
Bottom 50% | share | all ages | equal split
",p0p50,1990,0.0839,0.0,JAM,Latin America & Caribbean
Jamaica,"sptinc_p0p50_999_j_JM
Pre-tax national income 
Bottom 50% | share | all ages | equal split
",p0p50,1991,0.0839,0.0,JAM,Latin America & Caribbean
Jamaica,"sptinc_p0p50_999_j_JM
Pre-tax national income 
Bottom 50% | share | all ages | equal split
",p0p50,1992,0.0839,0.0,JAM,Latin America & Caribbean
Jamaica,"sptinc_p0p50_999_j_JM
Pre-tax national income 
Bottom 50% | share | all ages | equal split
",p0p50,1993,0.0839,0.0,JAM,Latin America & Caribbean
Jamaica,"sptinc_p0p50_999_j_JM
Pre-tax national income 
Bottom 50% | share | all ages | equal split
",p0p50,1994,0.0839,0.0,JAM,Latin America & Caribbean
Jamaica,"sptinc_p0p50_999_j_JM
Pre-tax national income 
Bottom 50% | share | all ages | equal split
",p0p50,1995,0.0839,0.0,JAM,Latin America & Caribbean
Jamaica,"sptinc_p0p50_999_j_JM
Pre-tax national income 
Bottom 50% | share | all ages | equal split
",p0p50,1996,0.0839,0.0,JAM,Latin America & Caribbean
Jamaica,"sptinc_p0p50_999_j_JM
Pre-tax national income 
Bottom 50% | share | all ages | equal split
",p0p50,1997,0.0839,0.0,JAM,Latin America & Caribbean
Jamaica,"sptinc_p0p50_999_j_JM
Pre-tax national income 
Bottom 50% | share | all ages | equal split
",p0p50,1998,0.0839,0.0,JAM,Latin America & Caribbean
Jamaica,"sptinc_p0p50_999_j_JM
Pre-tax national income 
Bottom 50% | share | all ages | equal split
",p0p50,1999,0.0839,0.0,JAM,Latin America & Caribbean
Jamaica,"sptinc_p0p50_999_j_JM
Pre-tax national income 
Bottom 50% | share | all ages | equal split
",p0p50,2000,0.0839,0.0,JAM,Latin America & Caribbean
Jamaica,"sptinc_p0p50_999_j_JM
Pre-tax national income 
Bottom 50% | share | all ages | equal split
",p0p50,2001,0.0802,0.0,JAM,Latin America & Caribbean
Jamaica,"sptinc_p0p50_999_j_JM
Pre-tax national income 
Bottom 50% | share | all ages | equal split
",p0p50,2002,0.081,0.0,JAM,Latin America & Caribbean
Jamaica,"sptinc_p0p50_999_j_JM
Pre-tax national income 
Bottom 50% | share | all ages | equal split
",p0p50,2003,0.0848,0.0,JAM,Latin America & Caribbean
Jamaica,"sptinc_p0p50_999_j_JM
Pre-tax national income 
Bottom 50% | share | all ages | equal split
",p0p50,2004,0.0872,0.0,JAM,Latin America & Caribbean
Jamaica,"sptinc_p0p50_999_j_JM
Pre-tax national income 
Bottom 50% | share | all ages | equal split
",p0p50,2005,0.087,0.0,JAM,Latin America & Caribbean
Jamaica,"sptinc_p0p50_999_j_JM
Pre-tax national income 
Bottom 50% | share | all ages | equal split
",p0p50,2006,0.0904,0.0,JAM,Latin America & Caribbean
Jamaica,"sptinc_p0p50_999_j_JM
Pre-tax national income 
Bottom 50% | share | all ages | equal split
",p0p50,2007,0.0892,0.0,JAM,Latin America & Caribbean
Jamaica,"sptinc_p0p50_999_j_JM
Pre-tax national income 
Bottom 50% | share | all ages | equal split
",p0p50,2008,0.0916,0.0,JAM,Latin America & Caribbean
Jamaica,"sptinc_p0p50_999_j_JM
Pre-tax national income 
Bottom 50% | share | all ages | equal split
",p0p50,2009,0.0933,0.0,JAM,Latin America & Caribbean
Jamaica,"sptinc_p0p50_999_j_JM
Pre-tax national income 
Bottom 50% | share | all ages | equal split
",p0p50,2010,0.0947,0.0,JAM,Latin America & Caribbean
Jamaica,"sptinc_p0p50_999_j_JM
Pre-tax national income 
Bottom 50% | share | all ages | equal split
",p0p50,2011,0.0978,0.0,JAM,Latin America & Caribbean
Jamaica,"sptinc_p0p50_999_j_JM
Pre-tax national income 
Bottom 50% | share | all ages | equal split
",p0p50,2012,0.1003,0.0,JAM,Latin America & Caribbean
Jamaica,"sptinc_p0p50_999_j_JM
Pre-tax national income 
Bottom 50% | share | all ages | equal split
",p0p50,2013,0.1009,0.0,JAM,Latin America & Caribbean
Jamaica,"sptinc_p0p50_999_j_JM
Pre-tax national income 
Bottom 50% | share | all ages | equal split
",p0p50,2014,0.1025,0.0,JAM,Latin America & Caribbean
Jamaica,"sptinc_p0p50_999_j_JM
Pre-tax national income 
Bottom 50% | share | all ages | equal split
",p0p50,2015,0.1031,0.0,JAM,Latin America & Caribbean
Jamaica,"sptinc_p0p50_999_j_JM
Pre-tax national income 
Bottom 50% | share | all ages | equal split
",p0p50,2016,0.1028,0.0,JAM,Latin America & Caribbean
Jamaica,"sptinc_p0p50_999_j_JM
Pre-tax national income 
Bottom 50% | share | all ages | equal split
",p0p50,2017,0.102,0.0,JAM,Latin America & Caribbean
Jamaica,"sptinc_p0p50_999_j_JM
Pre-tax national income 
Bottom 50% | share | all ages | equal split
",p0p50,2018,0.1011,0.0,JAM,Latin America & Caribbean
Jamaica,"sptinc_p0p50_999_j_JM
Pre-tax national income 
Bottom 50% | share | all ages | equal split
",p0p50,2019,0.1015,0.0,JAM,Latin America & Caribbean
Jamaica,"sptinc_p0p50_999_j_JM
Pre-tax national income 
Bottom 50% | share | all ages | equal split
",p0p50,2020,0.0869,0.0,JAM,Latin America & Caribbean
Jamaica,"sptinc_p0p50_999_j_JM
Pre-tax national income 
Bottom 50% | share | all ages | equal split
",p0p50,2021,0.0949,0.0,JAM,Latin America & Caribbean
Jamaica,"sptinc_p0p50_999_j_JM
Pre-tax national income 
Bottom 50% | share | all ages | equal split
",p0p50,2022,0.1014,0.0,JAM,Latin America & Caribbean
Jamaica,"sptinc_p0p50_999_j_JM
Pre-tax national income 
Bottom 50% | share | all ages | equal split
",p0p50,2023,0.1011,0.0,JAM,Latin America & Caribbean
Jamaica,"sptinc_p0p50_999_j_JM
Pre-tax national income 
Bottom 50% | share | all ages | equal split
",p0p50,2024,0.1011,0.0,JAM,Latin America & Caribbean
Japan,"sptinc_p0p50_999_j_JP
Pre-tax national income 
Bottom 50% | share | all ages | equal split
",p0p50,1960,0.2106,4.0,JPN,East Asia
Japan,"sptinc_p0p50_999_j_JP
Pre-tax national income 
Bottom 50% | share | all ages | equal split
",p0p50,1961,0.2097,4.0,JPN,East Asia
Japan,"sptinc_p0p50_999_j_JP
Pre-tax national income 
Bottom 50% | share | all ages | equal split
",p0p50,1962,0.2104,4.0,JPN,East Asia
Japan,"sptinc_p0p50_999_j_JP
Pre-tax national income 
Bottom 50% | share | all ages | equal split
",p0p50,1963,0.2111,4.0,JPN,East Asia
Japan,"sptinc_p0p50_999_j_JP
Pre-tax national income 
Bottom 50% | share | all ages | equal split
",p0p50,1964,0.2113,4.0,JPN,East Asia
Japan,"sptinc_p0p50_999_j_JP
Pre-tax national income 
Bottom 50% | share | all ages | equal split
",p0p50,1965,0.211,4.0,JPN,East Asia
Japan,"sptinc_p0p50_999_j_JP
Pre-tax national income 
Bottom 50% | share | all ages | equal split
",p0p50,1966,0.2122,4.0,JPN,East Asia
Japan,"sptinc_p0p50_999_j_JP
Pre-tax national income 
Bottom 50% | share | all ages | equal split
",p0p50,1967,0.2117,4.0,JPN,East Asia
Japan,"sptinc_p0p50_999_j_JP
Pre-tax national income 
Bottom 50% | share | all ages | equal split
",p0p50,1968,0.2112,4.0,JPN,East Asia
Japan,"sptinc_p0p50_999_j_JP
Pre-tax national income 
Bottom 50% | share | all ages | equal split
",p0p50,1969,0.2082,4.0,JPN,East Asia
Japan,"sptinc_p0p50_999_j_JP
Pre-tax national income 
Bottom 50% | share | all ages | equal split
",p0p50,1970,0.2065,4.0,JPN,East Asia
Japan,"sptinc_p0p50_999_j_JP
Pre-tax national income 
Bottom 50% | share | all ages | equal split
",p0p50,1971,0.2081,4.0,JPN,East Asia
Japan,"sptinc_p0p50_999_j_JP
Pre-tax national income 
Bottom 50% | share | all ages | equal split
",p0p50,1972,0.2098,4.0,JPN,East Asia
Japan,"sptinc_p0p50_999_j_JP
Pre-tax national income 
Bottom 50% | share | all ages | equal split
",p0p50,1973,0.2063,4.0,JPN,East Asia
Japan,"sptinc_p0p50_999_j_JP
Pre-tax national income 
Bottom 50% | share | all ages | equal split
",p0p50,1974,0.2106,4.0,JPN,East Asia
Japan,"sptinc_p0p50_999_j_JP
Pre-tax national income 
Bottom 50% | share | all ages | equal split
",p0p50,1975,0.2094,4.0,JPN,East Asia
Japan,"sptinc_p0p50_999_j_JP
Pre-tax national income 
Bottom 50% | share | all ages | equal split
",p0p50,1976,0.2117,4.0,JPN,East Asia
Japan,"sptinc_p0p50_999_j_JP
Pre-tax national income 
Bottom 50% | share | all ages | equal split
",p0p50,1977,0.2112,4.0,JPN,East Asia
Japan,"sptinc_p0p50_999_j_JP
Pre-tax national income 
Bottom 50% | share | all ages | equal split
",p0p50,1978,0.2105,4.0,JPN,East Asia
Japan,"sptinc_p0p50_999_j_JP
Pre-tax national income 
Bottom 50% | share | all ages | equal split
",p0p50,1979,0.2097,4.0,JPN,East Asia
Japan,"sptinc_p0p50_999_j_JP
Pre-tax national income 
Bottom 50% | share | all ages | equal split
",p0p50,1980,0.2059,1.0,JPN,East Asia
Japan,"sptinc_p0p50_999_j_JP
Pre-tax national income 
Bottom 50% | share | all ages | equal split
",p0p50,1981,0.2091,1.0,JPN,East Asia
Japan,"sptinc_p0p50_999_j_JP
Pre-tax national income 
Bottom 50% | share | all ages | equal split
",p0p50,1982,0.2105,1.0,JPN,East Asia
Japan,"sptinc_p0p50_999_j_JP
Pre-tax national income 
Bottom 50% | share | all ages | equal split
",p0p50,1983,0.2082,1.0,JPN,East Asia
Japan,"sptinc_p0p50_999_j_JP
Pre-tax national income 
Bottom 50% | share | all ages | equal split
",p0p50,1984,0.206,1.0,JPN,East Asia
Japan,"sptinc_p0p50_999_j_JP
Pre-tax national income 
Bottom 50% | share | all ages | equal split
",p0p50,1985,0.2009,1.0,JPN,East Asia
Japan,"sptinc_p0p50_999_j_JP
Pre-tax national income 
Bottom 50% | share | all ages | equal split
",p0p50,1986,0.1977,1.0,JPN,East Asia
Japan,"sptinc_p0p50_999_j_JP
Pre-tax national income 
Bottom 50% | share | all ages | equal split
",p0p50,1987,0.1912,1.0,JPN,East Asia
Japan,"sptinc_p0p50_999_j_JP
Pre-tax national income 
Bottom 50% | share | all ages | equal split
",p0p50,1988,0.1879,1.0,JPN,East Asia
Japan,"sptinc_p0p50_999_j_JP
Pre-tax national income 
Bottom 50% | share | all ages | equal split
",p0p50,1989,0.1863,1.0,JPN,East Asia
Japan,"sptinc_p0p50_999_j_JP
Pre-tax national income 
Bottom 50% | share | all ages | equal split
",p0p50,1990,0.1868,1.0,JPN,East Asia
Japan,"sptinc_p0p50_999_j_JP
Pre-tax national income 
Bottom 50% | share | all ages | equal split
",p0p50,1991,0.1925,1.0,JPN,East Asia
Japan,"sptinc_p0p50_999_j_JP
Pre-tax national income 
Bottom 50% | share | all ages | equal split
",p0p50,1992,0.2069,1.0,JPN,East Asia
Japan,"sptinc_p0p50_999_j_JP
Pre-tax national income 
Bottom 50% | share | all ages | equal split
",p0p50,1993,0.2039,1.0,JPN,East Asia
Japan,"sptinc_p0p50_999_j_JP
Pre-tax national income 
Bottom 50% | share | all ages | equal split
",p0p50,1994,0.2018,1.0,JPN,East Asia
Japan,"sptinc_p0p50_999_j_JP
Pre-tax national income 
Bottom 50% | share | all ages | equal split
",p0p50,1995,0.1959,1.0,JPN,East Asia
Japan,"sptinc_p0p50_999_j_JP
Pre-tax national income 
Bottom 50% | share | all ages | equal split
",p0p50,1996,0.1897,1.0,JPN,East Asia
Japan,"sptinc_p0p50_999_j_JP
Pre-tax national income 
Bottom 50% | share | all ages | equal split
",p0p50,1997,0.1898,1.0,JPN,East Asia
Japan,"sptinc_p0p50_999_j_JP
Pre-tax national income 
Bottom 50% | share | all ages | equal split
",p0p50,1998,0.1888,1.0,JPN,East Asia
Japan,"sptinc_p0p50_999_j_JP
Pre-tax national income 
Bottom 50% | share | all ages | equal split
",p0p50,1999,0.186,1.0,JPN,East Asia
Japan,"sptinc_p0p50_999_j_JP
Pre-tax national income 
Bottom 50% | share | all ages | equal split
",p0p50,2000,0.18,1.0,JPN,East Asia
Japan,"sptinc_p0p50_999_j_JP
Pre-tax national income 
Bottom 50% | share | all ages | equal split
",p0p50,2001,0.1751,1.0,JPN,East Asia
Japan,"sptinc_p0p50_999_j_JP
Pre-tax national income 
Bottom 50% | share | all ages | equal split
",p0p50,2002,0.1703,1.0,JPN,East Asia
Japan,"sptinc_p0p50_999_j_JP
Pre-tax national income 
Bottom 50% | share | all ages | equal split
",p0p50,2003,0.1671,1.0,JPN,East Asia
Japan,"sptinc_p0p50_999_j_JP
Pre-tax national income 
Bottom 50% | share | all ages | equal split
",p0p50,2004,0.163,1.0,JPN,East Asia
Japan,"sptinc_p0p50_999_j_JP
Pre-tax national income 
Bottom 50% | share | all ages | equal split
",p0p50,2005,0.1631,1.0,JPN,East Asia
Japan,"sptinc_p0p50_999_j_JP
Pre-tax national income 
Bottom 50% | share | all ages | equal split
",p0p50,2006,0.1633,1.0,JPN,East Asia
Japan,"sptinc_p0p50_999_j_JP
Pre-tax national income 
Bottom 50% | share | all ages | equal split
",p0p50,2007,0.1626,1.0,JPN,East Asia
Japan,"sptinc_p0p50_999_j_JP
Pre-tax national income 
Bottom 50% | share | all ages | equal split
",p0p50,2008,0.1671,3.0,JPN,East Asia
Japan,"sptinc_p0p50_999_j_JP
Pre-tax national income 
Bottom 50% | share | all ages | equal split
",p0p50,2009,0.1806,2.0,JPN,East Asia
Japan,"sptinc_p0p50_999_j_JP
Pre-tax national income 
Bottom 50% | share | all ages | equal split
",p0p50,2010,0.1826,3.0,JPN,East Asia
Japan,"sptinc_p0p50_999_j_JP
Pre-tax national income 
Bottom 50% | share | all ages | equal split
",p0p50,2011,0.1842,2.0,JPN,East Asia
Japan,"sptinc_p0p50_999_j_JP
Pre-tax national income 
Bottom 50% | share | all ages | equal split
",p0p50,2012,0.1835,2.0,JPN,East Asia
Japan,"sptinc_p0p50_999_j_JP
Pre-tax national income 
Bottom 50% | share | all ages | equal split
",p0p50,2013,0.1819,3.0,JPN,East Asia
Japan,"sptinc_p0p50_999_j_JP
Pre-tax national income 
Bottom 50% | share | all ages | equal split
",p0p50,2014,0.1821,1.0,JPN,East Asia
Japan,"sptinc_p0p50_999_j_JP
Pre-tax national income 
Bottom 50% | share | all ages | equal split
",p0p50,2015,0.1813,1.0,JPN,East Asia
Japan,"sptinc_p0p50_999_j_JP
Pre-tax national income 
Bottom 50% | share | all ages | equal split
",p0p50,2016,0.1818,1.0,JPN,East Asia
Japan,"sptinc_p0p50_999_j_JP
Pre-tax national income 
Bottom 50% | share | all ages | equal split
",p0p50,2017,0.1821,1.0,JPN,East Asia
Japan,"sptinc_p0p50_999_j_JP
Pre-tax national income 
Bottom 50% | share | all ages | equal split
",p0p50,2018,0.1821,1.0,JPN,East Asia
Japan,"sptinc_p0p50_999_j_JP
Pre-tax national income 
Bottom 50% | share | all ages | equal split
",p0p50,2019,0.1821,1.0,JPN,East Asia
Japan,"sptinc_p0p50_999_j_JP
Pre-tax national income 
Bottom 50% | share | all ages | equal split
",p0p50,2020,0.1821,1.0,JPN,East Asia
Japan,"sptinc_p0p50_999_j_JP
Pre-tax national income 
Bottom 50% | share | all ages | equal split
",p0p50,2021,0.1821,1.0,JPN,East Asia
Japan,"sptinc_p0p50_999_j_JP
Pre-tax national income 
Bottom 50% | share | all ages | equal split
",p0p50,2022,0.1821,1.0,JPN,East Asia
Japan,"sptinc_p0p50_999_j_JP
Pre-tax national income 
Bottom 50% | share | all ages | equal split
",p0p50,2023,0.1821,1.0,JPN,East Asia
Japan,"sptinc_p0p50_999_j_JP
Pre-tax national income 
Bottom 50% | share | all ages | equal split
",p0p50,2024,0.1821,1.0,JPN,East Asia
Jordan,"sptinc_p0p50_999_j_JO
Pre-tax national income 
Bottom 50% | share | all ages | equal split
",p0p50,1980,0.1414,1.0,JOR,MENA
Jordan,"sptinc_p0p50_999_j_JO
Pre-tax national income 
Bottom 50% | share | all ages | equal split
",p0p50,1981,0.1414,1.0,JOR,MENA
Jordan,"sptinc_p0p50_999_j_JO
Pre-tax national income 
Bottom 50% | share | all ages | equal split
",p0p50,1982,0.1414,1.0,JOR,MENA
Jordan,"sptinc_p0p50_999_j_JO
Pre-tax national income 
Bottom 50% | share | all ages | equal split
",p0p50,1983,0.1414,1.0,JOR,MENA
Jordan,"sptinc_p0p50_999_j_JO
Pre-tax national income 
Bottom 50% | share | all ages | equal split
",p0p50,1984,0.1414,1.0,JOR,MENA
Jordan,"sptinc_p0p50_999_j_JO
Pre-tax national income 
Bottom 50% | share | all ages | equal split
",p0p50,1985,0.1414,1.0,JOR,MENA
Jordan,"sptinc_p0p50_999_j_JO
Pre-tax national income 
Bottom 50% | share | all ages | equal split
",p0p50,1986,0.1414,3.0,JOR,MENA
Jordan,"sptinc_p0p50_999_j_JO
Pre-tax national income 
Bottom 50% | share | all ages | equal split
",p0p50,1987,0.1388,2.0,JOR,MENA
Jordan,"sptinc_p0p50_999_j_JO
Pre-tax national income 
Bottom 50% | share | all ages | equal split
",p0p50,1988,0.1358,2.0,JOR,MENA
Jordan,"sptinc_p0p50_999_j_JO
Pre-tax national income 
Bottom 50% | share | all ages | equal split
",p0p50,1989,0.1323,2.0,JOR,MENA
Jordan,"sptinc_p0p50_999_j_JO
Pre-tax national income 
Bottom 50% | share | all ages | equal split
",p0p50,1990,0.1283,2.0,JOR,MENA
Jordan,"sptinc_p0p50_999_j_JO
Pre-tax national income 
Bottom 50% | share | all ages | equal split
",p0p50,1991,0.1235,2.0,JOR,MENA
Jordan,"sptinc_p0p50_999_j_JO
Pre-tax national income 
Bottom 50% | share | all ages | equal split
",p0p50,1992,0.1178,3.0,JOR,MENA
Jordan,"sptinc_p0p50_999_j_JO
Pre-tax national income 
Bottom 50% | share | all ages | equal split
",p0p50,1993,0.1242,2.0,JOR,MENA
Jordan,"sptinc_p0p50_999_j_JO
Pre-tax national income 
Bottom 50% | share | all ages | equal split
",p0p50,1994,0.1308,2.0,JOR,MENA
Jordan,"sptinc_p0p50_999_j_JO
Pre-tax national income 
Bottom 50% | share | all ages | equal split
",p0p50,1995,0.1374,2.0,JOR,MENA
Jordan,"sptinc_p0p50_999_j_JO
Pre-tax national income 
Bottom 50% | share | all ages | equal split
",p0p50,1996,0.1443,2.0,JOR,MENA
Jordan,"sptinc_p0p50_999_j_JO
Pre-tax national income 
Bottom 50% | share | all ages | equal split
",p0p50,1997,0.1512,2.0,JOR,MENA
Jordan,"sptinc_p0p50_999_j_JO
Pre-tax national income 
Bottom 50% | share | all ages | equal split
",p0p50,1998,0.1478,2.0,JOR,MENA
Jordan,"sptinc_p0p50_999_j_JO
Pre-tax national income 
Bottom 50% | share | all ages | equal split
",p0p50,1999,0.1447,2.0,JOR,MENA
Jordan,"sptinc_p0p50_999_j_JO
Pre-tax national income 
Bottom 50% | share | all ages | equal split
",p0p50,2000,0.1417,2.0,JOR,MENA
Jordan,"sptinc_p0p50_999_j_JO
Pre-tax national income 
Bottom 50% | share | all ages | equal split
",p0p50,2001,0.1389,2.0,JOR,MENA
Jordan,"sptinc_p0p50_999_j_JO
Pre-tax national income 
Bottom 50% | share | all ages | equal split
",p0p50,2002,0.1363,3.0,JOR,MENA
Jordan,"sptinc_p0p50_999_j_JO
Pre-tax national income 
Bottom 50% | share | all ages | equal split
",p0p50,2003,0.1344,2.0,JOR,MENA
Jordan,"sptinc_p0p50_999_j_JO
Pre-tax national income 
Bottom 50% | share | all ages | equal split
",p0p50,2004,0.1326,2.0,JOR,MENA
Jordan,"sptinc_p0p50_999_j_JO
Pre-tax national income 
Bottom 50% | share | all ages | equal split
",p0p50,2005,0.1309,2.0,JOR,MENA
Jordan,"sptinc_p0p50_999_j_JO
Pre-tax national income 
Bottom 50% | share | all ages | equal split
",p0p50,2006,0.1294,3.0,JOR,MENA
Jordan,"sptinc_p0p50_999_j_JO
Pre-tax national income 
Bottom 50% | share | all ages | equal split
",p0p50,2007,0.1304,2.0,JOR,MENA
Jordan,"sptinc_p0p50_999_j_JO
Pre-tax national income 
Bottom 50% | share | all ages | equal split
",p0p50,2008,0.1314,3.0,JOR,MENA
Jordan,"sptinc_p0p50_999_j_JO
Pre-tax national income 
Bottom 50% | share | all ages | equal split
",p0p50,2009,0.1333,2.0,JOR,MENA
Jordan,"sptinc_p0p50_999_j_JO
Pre-tax national income 
Bottom 50% | share | all ages | equal split
",p0p50,2010,0.1353,3.0,JOR,MENA
Jordan,"sptinc_p0p50_999_j_JO
Pre-tax national income 
Bottom 50% | share | all ages | equal split
",p0p50,2011,0.1407,3.0,JOR,MENA
Jordan,"sptinc_p0p50_999_j_JO
Pre-tax national income 
Bottom 50% | share | all ages | equal split
",p0p50,2012,0.1423,2.0,JOR,MENA
Jordan,"sptinc_p0p50_999_j_JO
Pre-tax national income 
Bottom 50% | share | all ages | equal split
",p0p50,2013,0.144,3.0,JOR,MENA
Jordan,"sptinc_p0p50_999_j_JO
Pre-tax national income 
Bottom 50% | share | all ages | equal split
",p0p50,2014,0.144,1.0,JOR,MENA
Jordan,"sptinc_p0p50_999_j_JO
Pre-tax national income 
Bottom 50% | share | all ages | equal split
",p0p50,2015,0.144,1.0,JOR,MENA
Jordan,"sptinc_p0p50_999_j_JO
Pre-tax national income 
Bottom 50% | share | all ages | equal split
",p0p50,2016,0.144,1.0,JOR,MENA
Jordan,"sptinc_p0p50_999_j_JO
Pre-tax national income 
Bottom 50% | share | all ages | equal split
",p0p50,2017,0.144,1.0,JOR,MENA
Jordan,"sptinc_p0p50_999_j_JO
Pre-tax national income 
Bottom 50% | share | all ages | equal split
",p0p50,2018,0.144,1.0,JOR,MENA
Jordan,"sptinc_p0p50_999_j_JO
Pre-tax national income 
Bottom 50% | share | all ages | equal split
",p0p50,2019,0.144,1.0,JOR,MENA
Jordan,"sptinc_p0p50_999_j_JO
Pre-tax national income 
Bottom 50% | share | all ages | equal split
",p0p50,2020,0.144,1.0,JOR,MENA
Jordan,"sptinc_p0p50_999_j_JO
Pre-tax national income 
Bottom 50% | share | all ages | equal split
",p0p50,2021,0.144,1.0,JOR,MENA
Jordan,"sptinc_p0p50_999_j_JO
Pre-tax national income 
Bottom 50% | share | all ages | equal split
",p0p50,2022,0.144,1.0,JOR,MENA
Jordan,"sptinc_p0p50_999_j_JO
Pre-tax national income 
Bottom 50% | share | all ages | equal split
",p0p50,2023,0.144,1.0,JOR,MENA
Jordan,"sptinc_p0p50_999_j_JO
Pre-tax national income 
Bottom 50% | share | all ages | equal split
",p0p50,2024,0.144,1.0,JOR,MENA
Kazakhstan,"sptinc_p0p50_999_j_KZ
Pre-tax national income 
Bottom 50% | share | all ages | equal split
",p0p50,1980,0.2773,1.0,KAZ,Eastern Europe & FSU
Kazakhstan,"sptinc_p0p50_999_j_KZ
Pre-tax national income 
Bottom 50% | share | all ages | equal split
",p0p50,1981,0.2771,1.0,KAZ,Eastern Europe & FSU
Kazakhstan,"sptinc_p0p50_999_j_KZ
Pre-tax national income 
Bottom 50% | share | all ages | equal split
",p0p50,1982,0.2769,1.0,KAZ,Eastern Europe & FSU
Kazakhstan,"sptinc_p0p50_999_j_KZ
Pre-tax national income 
Bottom 50% | share | all ages | equal split
",p0p50,1983,0.2767,1.0,KAZ,Eastern Europe & FSU
Kazakhstan,"sptinc_p0p50_999_j_KZ
Pre-tax national income 
Bottom 50% | share | all ages | equal split
",p0p50,1984,0.2765,1.0,KAZ,Eastern Europe & FSU
Kazakhstan,"sptinc_p0p50_999_j_KZ
Pre-tax national income 
Bottom 50% | share | all ages | equal split
",p0p50,1985,0.2762,1.0,KAZ,Eastern Europe & FSU
Kazakhstan,"sptinc_p0p50_999_j_KZ
Pre-tax national income 
Bottom 50% | share | all ages | equal split
",p0p50,1986,0.2761,1.0,KAZ,Eastern Europe & FSU
Kazakhstan,"sptinc_p0p50_999_j_KZ
Pre-tax national income 
Bottom 50% | share | all ages | equal split
",p0p50,1987,0.276,1.0,KAZ,Eastern Europe & FSU
Kazakhstan,"sptinc_p0p50_999_j_KZ
Pre-tax national income 
Bottom 50% | share | all ages | equal split
",p0p50,1988,0.2758,1.0,KAZ,Eastern Europe & FSU
Kazakhstan,"sptinc_p0p50_999_j_KZ
Pre-tax national income 
Bottom 50% | share | all ages | equal split
",p0p50,1989,0.2738,1.0,KAZ,Eastern Europe & FSU
Kazakhstan,"sptinc_p0p50_999_j_KZ
Pre-tax national income 
Bottom 50% | share | all ages | equal split
",p0p50,1990,0.2837,1.0,KAZ,Eastern Europe & FSU
Kazakhstan,"sptinc_p0p50_999_j_KZ
Pre-tax national income 
Bottom 50% | share | all ages | equal split
",p0p50,1991,0.2547,1.0,KAZ,Eastern Europe & FSU
Kazakhstan,"sptinc_p0p50_999_j_KZ
Pre-tax national income 
Bottom 50% | share | all ages | equal split
",p0p50,1992,0.2254,1.0,KAZ,Eastern Europe & FSU
Kazakhstan,"sptinc_p0p50_999_j_KZ
Pre-tax national income 
Bottom 50% | share | all ages | equal split
",p0p50,1993,0.1956,3.0,KAZ,Eastern Europe & FSU
Kazakhstan,"sptinc_p0p50_999_j_KZ
Pre-tax national income 
Bottom 50% | share | all ages | equal split
",p0p50,1994,0.1892,2.0,KAZ,Eastern Europe & FSU
Kazakhstan,"sptinc_p0p50_999_j_KZ
Pre-tax national income 
Bottom 50% | share | all ages | equal split
",p0p50,1995,0.172,2.0,KAZ,Eastern Europe & FSU
Kazakhstan,"sptinc_p0p50_999_j_KZ
Pre-tax national income 
Bottom 50% | share | all ages | equal split
",p0p50,1996,0.1562,3.0,KAZ,Eastern Europe & FSU
Kazakhstan,"sptinc_p0p50_999_j_KZ
Pre-tax national income 
Bottom 50% | share | all ages | equal split
",p0p50,1997,0.1538,2.0,KAZ,Eastern Europe & FSU
Kazakhstan,"sptinc_p0p50_999_j_KZ
Pre-tax national income 
Bottom 50% | share | all ages | equal split
",p0p50,1998,0.1466,2.0,KAZ,Eastern Europe & FSU
Kazakhstan,"sptinc_p0p50_999_j_KZ
Pre-tax national income 
Bottom 50% | share | all ages | equal split
",p0p50,1999,0.1467,2.0,KAZ,Eastern Europe & FSU
Kazakhstan,"sptinc_p0p50_999_j_KZ
Pre-tax national income 
Bottom 50% | share | all ages | equal split
",p0p50,2000,0.145,3.0,KAZ,Eastern Europe & FSU
Kazakhstan,"sptinc_p0p50_999_j_KZ
Pre-tax national income 
Bottom 50% | share | all ages | equal split
",p0p50,2001,0.1422,3.0,KAZ,Eastern Europe & FSU
Kazakhstan,"sptinc_p0p50_999_j_KZ
Pre-tax national income 
Bottom 50% | share | all ages | equal split
",p0p50,2002,0.1394,3.0,KAZ,Eastern Europe & FSU
Kazakhstan,"sptinc_p0p50_999_j_KZ
Pre-tax national income 
Bottom 50% | share | all ages | equal split
",p0p50,2003,0.1464,3.0,KAZ,Eastern Europe & FSU
Kazakhstan,"sptinc_p0p50_999_j_KZ
Pre-tax national income 
Bottom 50% | share | all ages | equal split
",p0p50,2004,0.1754,3.0,KAZ,Eastern Europe & FSU
Kazakhstan,"sptinc_p0p50_999_j_KZ
Pre-tax national income 
Bottom 50% | share | all ages | equal split
",p0p50,2005,0.1614,3.0,KAZ,Eastern Europe & FSU
Kazakhstan,"sptinc_p0p50_999_j_KZ
Pre-tax national income 
Bottom 50% | share | all ages | equal split
",p0p50,2006,0.1605,3.0,KAZ,Eastern Europe & FSU
Kazakhstan,"sptinc_p0p50_999_j_KZ
Pre-tax national income 
Bottom 50% | share | all ages | equal split
",p0p50,2007,0.171,3.0,KAZ,Eastern Europe & FSU
Kazakhstan,"sptinc_p0p50_999_j_KZ
Pre-tax national income 
Bottom 50% | share | all ages | equal split
",p0p50,2008,0.1651,3.0,KAZ,Eastern Europe & FSU
Kazakhstan,"sptinc_p0p50_999_j_KZ
Pre-tax national income 
Bottom 50% | share | all ages | equal split
",p0p50,2009,0.1565,3.0,KAZ,Eastern Europe & FSU
Kazakhstan,"sptinc_p0p50_999_j_KZ
Pre-tax national income 
Bottom 50% | share | all ages | equal split
",p0p50,2010,0.1601,3.0,KAZ,Eastern Europe & FSU
Kazakhstan,"sptinc_p0p50_999_j_KZ
Pre-tax national income 
Bottom 50% | share | all ages | equal split
",p0p50,2011,0.1729,3.0,KAZ,Eastern Europe & FSU
Kazakhstan,"sptinc_p0p50_999_j_KZ
Pre-tax national income 
Bottom 50% | share | all ages | equal split
",p0p50,2012,0.1698,3.0,KAZ,Eastern Europe & FSU
Kazakhstan,"sptinc_p0p50_999_j_KZ
Pre-tax national income 
Bottom 50% | share | all ages | equal split
",p0p50,2013,0.1715,3.0,KAZ,Eastern Europe & FSU
Kazakhstan,"sptinc_p0p50_999_j_KZ
Pre-tax national income 
Bottom 50% | share | all ages | equal split
",p0p50,2014,0.1815,3.0,KAZ,Eastern Europe & FSU
Kazakhstan,"sptinc_p0p50_999_j_KZ
Pre-tax national income 
Bottom 50% | share | all ages | equal split
",p0p50,2015,0.1943,3.0,KAZ,Eastern Europe & FSU
Kazakhstan,"sptinc_p0p50_999_j_KZ
Pre-tax national income 
Bottom 50% | share | all ages | equal split
",p0p50,2016,0.1671,3.0,KAZ,Eastern Europe & FSU
Kazakhstan,"sptinc_p0p50_999_j_KZ
Pre-tax national income 
Bottom 50% | share | all ages | equal split
",p0p50,2017,0.1656,3.0,KAZ,Eastern Europe & FSU
Kazakhstan,"sptinc_p0p50_999_j_KZ
Pre-tax national income 
Bottom 50% | share | all ages | equal split
",p0p50,2018,0.1644,3.0,KAZ,Eastern Europe & FSU
Kazakhstan,"sptinc_p0p50_999_j_KZ
Pre-tax national income 
Bottom 50% | share | all ages | equal split
",p0p50,2019,0.1644,1.0,KAZ,Eastern Europe & FSU
Kazakhstan,"sptinc_p0p50_999_j_KZ
Pre-tax national income 
Bottom 50% | share | all ages | equal split
",p0p50,2020,0.1644,1.0,KAZ,Eastern Europe & FSU
Kazakhstan,"sptinc_p0p50_999_j_KZ
Pre-tax national income 
Bottom 50% | share | all ages | equal split
",p0p50,2021,0.1644,1.0,KAZ,Eastern Europe & FSU
Kazakhstan,"sptinc_p0p50_999_j_KZ
Pre-tax national income 
Bottom 50% | share | all ages | equal split
",p0p50,2022,0.1644,1.0,KAZ,Eastern Europe & FSU
Kazakhstan,"sptinc_p0p50_999_j_KZ
Pre-tax national income 
Bottom 50% | share | all ages | equal split
",p0p50,2023,0.1644,1.0,KAZ,Eastern Europe & FSU
Kazakhstan,"sptinc_p0p50_999_j_KZ
Pre-tax national income 
Bottom 50% | share | all ages | equal split
",p0p50,2024,0.1644,1.0,KAZ,Eastern Europe & FSU
Kenya,"sptinc_p0p50_999_j_KE
Pre-tax national income 
Bottom 50% | share | all ages | equal split
",p0p50,1960,0.105,0.0,KEN,Sub-Saharan Africa
Kenya,"sptinc_p0p50_999_j_KE
Pre-tax national income 
Bottom 50% | share | all ages | equal split
",p0p50,1961,0.1035,0.0,KEN,Sub-Saharan Africa
Kenya,"sptinc_p0p50_999_j_KE
Pre-tax national income 
Bottom 50% | share | all ages | equal split
",p0p50,1962,0.1023,0.0,KEN,Sub-Saharan Africa
Kenya,"sptinc_p0p50_999_j_KE
Pre-tax national income 
Bottom 50% | share | all ages | equal split
",p0p50,1963,0.1009,0.0,KEN,Sub-Saharan Africa
Kenya,"sptinc_p0p50_999_j_KE
Pre-tax national income 
Bottom 50% | share | all ages | equal split
",p0p50,1964,0.0997,0.0,KEN,Sub-Saharan Africa
Kenya,"sptinc_p0p50_999_j_KE
Pre-tax national income 
Bottom 50% | share | all ages | equal split
",p0p50,1965,0.098,0.0,KEN,Sub-Saharan Africa
Kenya,"sptinc_p0p50_999_j_KE
Pre-tax national income 
Bottom 50% | share | all ages | equal split
",p0p50,1966,0.0973,0.0,KEN,Sub-Saharan Africa
Kenya,"sptinc_p0p50_999_j_KE
Pre-tax national income 
Bottom 50% | share | all ages | equal split
",p0p50,1967,0.0957,0.0,KEN,Sub-Saharan Africa
Kenya,"sptinc_p0p50_999_j_KE
Pre-tax national income 
Bottom 50% | share | all ages | equal split
",p0p50,1968,0.0941,0.0,KEN,Sub-Saharan Africa
Kenya,"sptinc_p0p50_999_j_KE
Pre-tax national income 
Bottom 50% | share | all ages | equal split
",p0p50,1969,0.0933,0.0,KEN,Sub-Saharan Africa
Kenya,"sptinc_p0p50_999_j_KE
Pre-tax national income 
Bottom 50% | share | all ages | equal split
",p0p50,1970,0.1037,0.0,KEN,Sub-Saharan Africa
Kenya,"sptinc_p0p50_999_j_KE
Pre-tax national income 
Bottom 50% | share | all ages | equal split
",p0p50,1980,0.073,1.0,KEN,Sub-Saharan Africa
Kenya,"sptinc_p0p50_999_j_KE
Pre-tax national income 
Bottom 50% | share | all ages | equal split
",p0p50,1981,0.073,1.0,KEN,Sub-Saharan Africa
Kenya,"sptinc_p0p50_999_j_KE
Pre-tax national income 
Bottom 50% | share | all ages | equal split
",p0p50,1982,0.073,1.0,KEN,Sub-Saharan Africa
Kenya,"sptinc_p0p50_999_j_KE
Pre-tax national income 
Bottom 50% | share | all ages | equal split
",p0p50,1983,0.073,1.0,KEN,Sub-Saharan Africa
Kenya,"sptinc_p0p50_999_j_KE
Pre-tax national income 
Bottom 50% | share | all ages | equal split
",p0p50,1984,0.073,1.0,KEN,Sub-Saharan Africa
Kenya,"sptinc_p0p50_999_j_KE
Pre-tax national income 
Bottom 50% | share | all ages | equal split
",p0p50,1985,0.073,1.0,KEN,Sub-Saharan Africa
Kenya,"sptinc_p0p50_999_j_KE
Pre-tax national income 
Bottom 50% | share | all ages | equal split
",p0p50,1986,0.073,1.0,KEN,Sub-Saharan Africa
Kenya,"sptinc_p0p50_999_j_KE
Pre-tax national income 
Bottom 50% | share | all ages | equal split
",p0p50,1987,0.073,1.0,KEN,Sub-Saharan Africa
Kenya,"sptinc_p0p50_999_j_KE
Pre-tax national income 
Bottom 50% | share | all ages | equal split
",p0p50,1988,0.073,1.0,KEN,Sub-Saharan Africa
Kenya,"sptinc_p0p50_999_j_KE
Pre-tax national income 
Bottom 50% | share | all ages | equal split
",p0p50,1989,0.073,1.0,KEN,Sub-Saharan Africa
Kenya,"sptinc_p0p50_999_j_KE
Pre-tax national income 
Bottom 50% | share | all ages | equal split
",p0p50,1990,0.073,1.0,KEN,Sub-Saharan Africa
Kenya,"sptinc_p0p50_999_j_KE
Pre-tax national income 
Bottom 50% | share | all ages | equal split
",p0p50,1991,0.073,1.0,KEN,Sub-Saharan Africa
Kenya,"sptinc_p0p50_999_j_KE
Pre-tax national income 
Bottom 50% | share | all ages | equal split
",p0p50,1992,0.073,3.0,KEN,Sub-Saharan Africa
Kenya,"sptinc_p0p50_999_j_KE
Pre-tax national income 
Bottom 50% | share | all ages | equal split
",p0p50,1993,0.0982,2.0,KEN,Sub-Saharan Africa
Kenya,"sptinc_p0p50_999_j_KE
Pre-tax national income 
Bottom 50% | share | all ages | equal split
",p0p50,1994,0.1235,3.0,KEN,Sub-Saharan Africa
Kenya,"sptinc_p0p50_999_j_KE
Pre-tax national income 
Bottom 50% | share | all ages | equal split
",p0p50,1995,0.1199,2.0,KEN,Sub-Saharan Africa
Kenya,"sptinc_p0p50_999_j_KE
Pre-tax national income 
Bottom 50% | share | all ages | equal split
",p0p50,1996,0.1163,2.0,KEN,Sub-Saharan Africa
Kenya,"sptinc_p0p50_999_j_KE
Pre-tax national income 
Bottom 50% | share | all ages | equal split
",p0p50,1997,0.1126,3.0,KEN,Sub-Saharan Africa
Kenya,"sptinc_p0p50_999_j_KE
Pre-tax national income 
Bottom 50% | share | all ages | equal split
",p0p50,1998,0.1122,2.0,KEN,Sub-Saharan Africa
Kenya,"sptinc_p0p50_999_j_KE
Pre-tax national income 
Bottom 50% | share | all ages | equal split
",p0p50,1999,0.1117,2.0,KEN,Sub-Saharan Africa
Kenya,"sptinc_p0p50_999_j_KE
Pre-tax national income 
Bottom 50% | share | all ages | equal split
",p0p50,2000,0.1112,2.0,KEN,Sub-Saharan Africa
Kenya,"sptinc_p0p50_999_j_KE
Pre-tax national income 
Bottom 50% | share | all ages | equal split
",p0p50,2001,0.1107,2.0,KEN,Sub-Saharan Africa
Kenya,"sptinc_p0p50_999_j_KE
Pre-tax national income 
Bottom 50% | share | all ages | equal split
",p0p50,2002,0.1102,2.0,KEN,Sub-Saharan Africa
Kenya,"sptinc_p0p50_999_j_KE
Pre-tax national income 
Bottom 50% | share | all ages | equal split
",p0p50,2003,0.1097,2.0,KEN,Sub-Saharan Africa
Kenya,"sptinc_p0p50_999_j_KE
Pre-tax national income 
Bottom 50% | share | all ages | equal split
",p0p50,2004,0.1093,2.0,KEN,Sub-Saharan Africa
Kenya,"sptinc_p0p50_999_j_KE
Pre-tax national income 
Bottom 50% | share | all ages | equal split
",p0p50,2005,0.1088,3.0,KEN,Sub-Saharan Africa
Kenya,"sptinc_p0p50_999_j_KE
Pre-tax national income 
Bottom 50% | share | all ages | equal split
",p0p50,2006,0.1109,2.0,KEN,Sub-Saharan Africa
Kenya,"sptinc_p0p50_999_j_KE
Pre-tax national income 
Bottom 50% | share | all ages | equal split
",p0p50,2007,0.113,2.0,KEN,Sub-Saharan Africa
Kenya,"sptinc_p0p50_999_j_KE
Pre-tax national income 
Bottom 50% | share | all ages | equal split
",p0p50,2008,0.1152,2.0,KEN,Sub-Saharan Africa
Kenya,"sptinc_p0p50_999_j_KE
Pre-tax national income 
Bottom 50% | share | all ages | equal split
",p0p50,2009,0.1173,2.0,KEN,Sub-Saharan Africa
Kenya,"sptinc_p0p50_999_j_KE
Pre-tax national income 
Bottom 50% | share | all ages | equal split
",p0p50,2010,0.1194,2.0,KEN,Sub-Saharan Africa
Kenya,"sptinc_p0p50_999_j_KE
Pre-tax national income 
Bottom 50% | share | all ages | equal split
",p0p50,2011,0.1216,2.0,KEN,Sub-Saharan Africa
Kenya,"sptinc_p0p50_999_j_KE
Pre-tax national income 
Bottom 50% | share | all ages | equal split
",p0p50,2012,0.1237,2.0,KEN,Sub-Saharan Africa
Kenya,"sptinc_p0p50_999_j_KE
Pre-tax national income 
Bottom 50% | share | all ages | equal split
",p0p50,2013,0.1259,2.0,KEN,Sub-Saharan Africa
Kenya,"sptinc_p0p50_999_j_KE
Pre-tax national income 
Bottom 50% | share | all ages | equal split
",p0p50,2014,0.128,2.0,KEN,Sub-Saharan Africa
Kenya,"sptinc_p0p50_999_j_KE
Pre-tax national income 
Bottom 50% | share | all ages | equal split
",p0p50,2015,0.1301,3.0,KEN,Sub-Saharan Africa
Kenya,"sptinc_p0p50_999_j_KE
Pre-tax national income 
Bottom 50% | share | all ages | equal split
",p0p50,2016,0.134,2.0,KEN,Sub-Saharan Africa
Kenya,"sptinc_p0p50_999_j_KE
Pre-tax national income 
Bottom 50% | share | all ages | equal split
",p0p50,2017,0.1379,2.0,KEN,Sub-Saharan Africa
Kenya,"sptinc_p0p50_999_j_KE
Pre-tax national income 
Bottom 50% | share | all ages | equal split
",p0p50,2018,0.1418,2.0,KEN,Sub-Saharan Africa
Kenya,"sptinc_p0p50_999_j_KE
Pre-tax national income 
Bottom 50% | share | all ages | equal split
",p0p50,2019,0.1457,2.0,KEN,Sub-Saharan Africa
Kenya,"sptinc_p0p50_999_j_KE
Pre-tax national income 
Bottom 50% | share | all ages | equal split
",p0p50,2020,0.1496,3.0,KEN,Sub-Saharan Africa
Kenya,"sptinc_p0p50_999_j_KE
Pre-tax national income 
Bottom 50% | share | all ages | equal split
",p0p50,2021,0.1382,3.0,KEN,Sub-Saharan Africa
Kenya,"sptinc_p0p50_999_j_KE
Pre-tax national income 
Bottom 50% | share | all ages | equal split
",p0p50,2022,0.1423,3.0,KEN,Sub-Saharan Africa
Kenya,"sptinc_p0p50_999_j_KE
Pre-tax national income 
Bottom 50% | share | all ages | equal split
",p0p50,2023,0.1423,1.0,KEN,Sub-Saharan Africa
Kenya,"sptinc_p0p50_999_j_KE
Pre-tax national income 
Bottom 50% | share | all ages | equal split
",p0p50,2024,0.1423,1.0,KEN,Sub-Saharan Africa
Korea,"sptinc_p0p50_999_j_KR
Pre-tax national income 
Bottom 50% | share | all ages | equal split
",p0p50,1960,0.2106,0.0,KOR,East Asia
Korea,"sptinc_p0p50_999_j_KR
Pre-tax national income 
Bottom 50% | share | all ages | equal split
",p0p50,1961,0.2125,0.0,KOR,East Asia
Korea,"sptinc_p0p50_999_j_KR
Pre-tax national income 
Bottom 50% | share | all ages | equal split
",p0p50,1962,0.214,0.0,KOR,East Asia
Korea,"sptinc_p0p50_999_j_KR
Pre-tax national income 
Bottom 50% | share | all ages | equal split
",p0p50,1963,0.2161,0.0,KOR,East Asia
Korea,"sptinc_p0p50_999_j_KR
Pre-tax national income 
Bottom 50% | share | all ages | equal split
",p0p50,1964,0.2177,0.0,KOR,East Asia
Korea,"sptinc_p0p50_999_j_KR
Pre-tax national income 
Bottom 50% | share | all ages | equal split
",p0p50,1965,0.2191,0.0,KOR,East Asia
Korea,"sptinc_p0p50_999_j_KR
Pre-tax national income 
Bottom 50% | share | all ages | equal split
",p0p50,1966,0.2214,0.0,KOR,East Asia
Korea,"sptinc_p0p50_999_j_KR
Pre-tax national income 
Bottom 50% | share | all ages | equal split
",p0p50,1967,0.2229,0.0,KOR,East Asia
Korea,"sptinc_p0p50_999_j_KR
Pre-tax national income 
Bottom 50% | share | all ages | equal split
",p0p50,1968,0.2243,0.0,KOR,East Asia
Korea,"sptinc_p0p50_999_j_KR
Pre-tax national income 
Bottom 50% | share | all ages | equal split
",p0p50,1969,0.2266,0.0,KOR,East Asia
Korea,"sptinc_p0p50_999_j_KR
Pre-tax national income 
Bottom 50% | share | all ages | equal split
",p0p50,1970,0.2065,0.0,KOR,East Asia
Korea,"sptinc_p0p50_999_j_KR
Pre-tax national income 
Bottom 50% | share | all ages | equal split
",p0p50,1971,0.2295,0.0,KOR,East Asia
Korea,"sptinc_p0p50_999_j_KR
Pre-tax national income 
Bottom 50% | share | all ages | equal split
",p0p50,1972,0.2306,0.0,KOR,East Asia
Korea,"sptinc_p0p50_999_j_KR
Pre-tax national income 
Bottom 50% | share | all ages | equal split
",p0p50,1973,0.2332,0.0,KOR,East Asia
Korea,"sptinc_p0p50_999_j_KR
Pre-tax national income 
Bottom 50% | share | all ages | equal split
",p0p50,1974,0.2346,0.0,KOR,East Asia
Korea,"sptinc_p0p50_999_j_KR
Pre-tax national income 
Bottom 50% | share | all ages | equal split
",p0p50,1975,0.2358,0.0,KOR,East Asia
Korea,"sptinc_p0p50_999_j_KR
Pre-tax national income 
Bottom 50% | share | all ages | equal split
",p0p50,1976,0.2383,0.0,KOR,East Asia
Korea,"sptinc_p0p50_999_j_KR
Pre-tax national income 
Bottom 50% | share | all ages | equal split
",p0p50,1977,0.2397,0.0,KOR,East Asia
Korea,"sptinc_p0p50_999_j_KR
Pre-tax national income 
Bottom 50% | share | all ages | equal split
",p0p50,1978,0.2409,0.0,KOR,East Asia
Korea,"sptinc_p0p50_999_j_KR
Pre-tax national income 
Bottom 50% | share | all ages | equal split
",p0p50,1979,0.243,0.0,KOR,East Asia
Korea,"sptinc_p0p50_999_j_KR
Pre-tax national income 
Bottom 50% | share | all ages | equal split
",p0p50,1980,0.2238,1.0,KOR,East Asia
Korea,"sptinc_p0p50_999_j_KR
Pre-tax national income 
Bottom 50% | share | all ages | equal split
",p0p50,1981,0.2238,1.0,KOR,East Asia
Korea,"sptinc_p0p50_999_j_KR
Pre-tax national income 
Bottom 50% | share | all ages | equal split
",p0p50,1982,0.2238,3.0,KOR,East Asia
Korea,"sptinc_p0p50_999_j_KR
Pre-tax national income 
Bottom 50% | share | all ages | equal split
",p0p50,1983,0.2434,2.0,KOR,East Asia
Korea,"sptinc_p0p50_999_j_KR
Pre-tax national income 
Bottom 50% | share | all ages | equal split
",p0p50,1984,0.2473,2.0,KOR,East Asia
Korea,"sptinc_p0p50_999_j_KR
Pre-tax national income 
Bottom 50% | share | all ages | equal split
",p0p50,1985,0.2514,2.0,KOR,East Asia
Korea,"sptinc_p0p50_999_j_KR
Pre-tax national income 
Bottom 50% | share | all ages | equal split
",p0p50,1986,0.2554,2.0,KOR,East Asia
Korea,"sptinc_p0p50_999_j_KR
Pre-tax national income 
Bottom 50% | share | all ages | equal split
",p0p50,1987,0.2596,2.0,KOR,East Asia
Korea,"sptinc_p0p50_999_j_KR
Pre-tax national income 
Bottom 50% | share | all ages | equal split
",p0p50,1988,0.2638,2.0,KOR,East Asia
Korea,"sptinc_p0p50_999_j_KR
Pre-tax national income 
Bottom 50% | share | all ages | equal split
",p0p50,1989,0.2564,2.0,KOR,East Asia
Korea,"sptinc_p0p50_999_j_KR
Pre-tax national income 
Bottom 50% | share | all ages | equal split
",p0p50,1990,0.2596,2.0,KOR,East Asia
Korea,"sptinc_p0p50_999_j_KR
Pre-tax national income 
Bottom 50% | share | all ages | equal split
",p0p50,1991,0.2547,3.0,KOR,East Asia
Korea,"sptinc_p0p50_999_j_KR
Pre-tax national income 
Bottom 50% | share | all ages | equal split
",p0p50,1992,0.2748,2.0,KOR,East Asia
Korea,"sptinc_p0p50_999_j_KR
Pre-tax national income 
Bottom 50% | share | all ages | equal split
",p0p50,1993,0.264,2.0,KOR,East Asia
Korea,"sptinc_p0p50_999_j_KR
Pre-tax national income 
Bottom 50% | share | all ages | equal split
",p0p50,1994,0.2752,2.0,KOR,East Asia
Korea,"sptinc_p0p50_999_j_KR
Pre-tax national income 
Bottom 50% | share | all ages | equal split
",p0p50,1995,0.2747,2.0,KOR,East Asia
Korea,"sptinc_p0p50_999_j_KR
Pre-tax national income 
Bottom 50% | share | all ages | equal split
",p0p50,1996,0.2583,2.0,KOR,East Asia
Korea,"sptinc_p0p50_999_j_KR
Pre-tax national income 
Bottom 50% | share | all ages | equal split
",p0p50,1997,0.2668,2.0,KOR,East Asia
Korea,"sptinc_p0p50_999_j_KR
Pre-tax national income 
Bottom 50% | share | all ages | equal split
",p0p50,1998,0.2596,2.0,KOR,East Asia
Korea,"sptinc_p0p50_999_j_KR
Pre-tax national income 
Bottom 50% | share | all ages | equal split
",p0p50,1999,0.2527,2.0,KOR,East Asia
Korea,"sptinc_p0p50_999_j_KR
Pre-tax national income 
Bottom 50% | share | all ages | equal split
",p0p50,2000,0.2298,4.0,KOR,East Asia
Korea,"sptinc_p0p50_999_j_KR
Pre-tax national income 
Bottom 50% | share | all ages | equal split
",p0p50,2001,0.2395,2.0,KOR,East Asia
Korea,"sptinc_p0p50_999_j_KR
Pre-tax national income 
Bottom 50% | share | all ages | equal split
",p0p50,2002,0.2331,2.0,KOR,East Asia
Korea,"sptinc_p0p50_999_j_KR
Pre-tax national income 
Bottom 50% | share | all ages | equal split
",p0p50,2003,0.227,2.0,KOR,East Asia
Korea,"sptinc_p0p50_999_j_KR
Pre-tax national income 
Bottom 50% | share | all ages | equal split
",p0p50,2004,0.221,2.0,KOR,East Asia
Korea,"sptinc_p0p50_999_j_KR
Pre-tax national income 
Bottom 50% | share | all ages | equal split
",p0p50,2005,0.2152,2.0,KOR,East Asia
Korea,"sptinc_p0p50_999_j_KR
Pre-tax national income 
Bottom 50% | share | all ages | equal split
",p0p50,2006,0.2038,4.0,KOR,East Asia
Korea,"sptinc_p0p50_999_j_KR
Pre-tax national income 
Bottom 50% | share | all ages | equal split
",p0p50,2007,0.1969,4.0,KOR,East Asia
Korea,"sptinc_p0p50_999_j_KR
Pre-tax national income 
Bottom 50% | share | all ages | equal split
",p0p50,2008,0.1939,4.0,KOR,East Asia
Korea,"sptinc_p0p50_999_j_KR
Pre-tax national income 
Bottom 50% | share | all ages | equal split
",p0p50,2009,0.1992,4.0,KOR,East Asia
Korea,"sptinc_p0p50_999_j_KR
Pre-tax national income 
Bottom 50% | share | all ages | equal split
",p0p50,2010,0.1947,4.0,KOR,East Asia
Korea,"sptinc_p0p50_999_j_KR
Pre-tax national income 
Bottom 50% | share | all ages | equal split
",p0p50,2011,0.198,4.0,KOR,East Asia
Korea,"sptinc_p0p50_999_j_KR
Pre-tax national income 
Bottom 50% | share | all ages | equal split
",p0p50,2012,0.2019,4.0,KOR,East Asia
Korea,"sptinc_p0p50_999_j_KR
Pre-tax national income 
Bottom 50% | share | all ages | equal split
",p0p50,2013,0.2048,4.0,KOR,East Asia
Korea,"sptinc_p0p50_999_j_KR
Pre-tax national income 
Bottom 50% | share | all ages | equal split
",p0p50,2014,0.2032,4.0,KOR,East Asia
Korea,"sptinc_p0p50_999_j_KR
Pre-tax national income 
Bottom 50% | share | all ages | equal split
",p0p50,2015,0.2019,4.0,KOR,East Asia
Korea,"sptinc_p0p50_999_j_KR
Pre-tax national income 
Bottom 50% | share | all ages | equal split
",p0p50,2016,0.181,4.0,KOR,East Asia
Korea,"sptinc_p0p50_999_j_KR
Pre-tax national income 
Bottom 50% | share | all ages | equal split
",p0p50,2017,0.176,4.0,KOR,East Asia
Korea,"sptinc_p0p50_999_j_KR
Pre-tax national income 
Bottom 50% | share | all ages | equal split
",p0p50,2018,0.1772,4.0,KOR,East Asia
Korea,"sptinc_p0p50_999_j_KR
Pre-tax national income 
Bottom 50% | share | all ages | equal split
",p0p50,2019,0.177,4.0,KOR,East Asia
Korea,"sptinc_p0p50_999_j_KR
Pre-tax national income 
Bottom 50% | share | all ages | equal split
",p0p50,2020,0.1754,4.0,KOR,East Asia
Korea,"sptinc_p0p50_999_j_KR
Pre-tax national income 
Bottom 50% | share | all ages | equal split
",p0p50,2021,0.1749,4.0,KOR,East Asia
Korea,"sptinc_p0p50_999_j_KR
Pre-tax national income 
Bottom 50% | share | all ages | equal split
",p0p50,2022,0.1763,4.0,KOR,East Asia
Korea,"sptinc_p0p50_999_j_KR
Pre-tax national income 
Bottom 50% | share | all ages | equal split
",p0p50,2023,0.1763,1.0,KOR,East Asia
Korea,"sptinc_p0p50_999_j_KR
Pre-tax national income 
Bottom 50% | share | all ages | equal split
",p0p50,2024,0.1763,1.0,KOR,East Asia
Kyrgyzstan,"sptinc_p0p50_999_j_KG
Pre-tax national income 
Bottom 50% | share | all ages | equal split
",p0p50,1980,0.2773,1.0,KGZ,Eastern Europe & FSU
Kyrgyzstan,"sptinc_p0p50_999_j_KG
Pre-tax national income 
Bottom 50% | share | all ages | equal split
",p0p50,1981,0.2771,1.0,KGZ,Eastern Europe & FSU
Kyrgyzstan,"sptinc_p0p50_999_j_KG
Pre-tax national income 
Bottom 50% | share | all ages | equal split
",p0p50,1982,0.2769,1.0,KGZ,Eastern Europe & FSU
Kyrgyzstan,"sptinc_p0p50_999_j_KG
Pre-tax national income 
Bottom 50% | share | all ages | equal split
",p0p50,1983,0.2767,1.0,KGZ,Eastern Europe & FSU
Kyrgyzstan,"sptinc_p0p50_999_j_KG
Pre-tax national income 
Bottom 50% | share | all ages | equal split
",p0p50,1984,0.2765,1.0,KGZ,Eastern Europe & FSU
Kyrgyzstan,"sptinc_p0p50_999_j_KG
Pre-tax national income 
Bottom 50% | share | all ages | equal split
",p0p50,1985,0.2762,1.0,KGZ,Eastern Europe & FSU
Kyrgyzstan,"sptinc_p0p50_999_j_KG
Pre-tax national income 
Bottom 50% | share | all ages | equal split
",p0p50,1986,0.2761,1.0,KGZ,Eastern Europe & FSU
Kyrgyzstan,"sptinc_p0p50_999_j_KG
Pre-tax national income 
Bottom 50% | share | all ages | equal split
",p0p50,1987,0.276,1.0,KGZ,Eastern Europe & FSU
Kyrgyzstan,"sptinc_p0p50_999_j_KG
Pre-tax national income 
Bottom 50% | share | all ages | equal split
",p0p50,1988,0.2758,1.0,KGZ,Eastern Europe & FSU
Kyrgyzstan,"sptinc_p0p50_999_j_KG
Pre-tax national income 
Bottom 50% | share | all ages | equal split
",p0p50,1989,0.2738,1.0,KGZ,Eastern Europe & FSU
Kyrgyzstan,"sptinc_p0p50_999_j_KG
Pre-tax national income 
Bottom 50% | share | all ages | equal split
",p0p50,1990,0.2837,1.0,KGZ,Eastern Europe & FSU
Kyrgyzstan,"sptinc_p0p50_999_j_KG
Pre-tax national income 
Bottom 50% | share | all ages | equal split
",p0p50,1991,0.2683,1.0,KGZ,Eastern Europe & FSU
Kyrgyzstan,"sptinc_p0p50_999_j_KG
Pre-tax national income 
Bottom 50% | share | all ages | equal split
",p0p50,1992,0.253,1.0,KGZ,Eastern Europe & FSU
Kyrgyzstan,"sptinc_p0p50_999_j_KG
Pre-tax national income 
Bottom 50% | share | all ages | equal split
",p0p50,1993,0.2377,1.0,KGZ,Eastern Europe & FSU
Kyrgyzstan,"sptinc_p0p50_999_j_KG
Pre-tax national income 
Bottom 50% | share | all ages | equal split
",p0p50,1994,0.2223,1.0,KGZ,Eastern Europe & FSU
Kyrgyzstan,"sptinc_p0p50_999_j_KG
Pre-tax national income 
Bottom 50% | share | all ages | equal split
",p0p50,1995,0.2069,1.0,KGZ,Eastern Europe & FSU
Kyrgyzstan,"sptinc_p0p50_999_j_KG
Pre-tax national income 
Bottom 50% | share | all ages | equal split
",p0p50,1996,0.1915,1.0,KGZ,Eastern Europe & FSU
Kyrgyzstan,"sptinc_p0p50_999_j_KG
Pre-tax national income 
Bottom 50% | share | all ages | equal split
",p0p50,1997,0.176,1.0,KGZ,Eastern Europe & FSU
Kyrgyzstan,"sptinc_p0p50_999_j_KG
Pre-tax national income 
Bottom 50% | share | all ages | equal split
",p0p50,1998,0.1605,3.0,KGZ,Eastern Europe & FSU
Kyrgyzstan,"sptinc_p0p50_999_j_KG
Pre-tax national income 
Bottom 50% | share | all ages | equal split
",p0p50,1999,0.1748,1.0,KGZ,Eastern Europe & FSU
Kyrgyzstan,"sptinc_p0p50_999_j_KG
Pre-tax national income 
Bottom 50% | share | all ages | equal split
",p0p50,2000,0.1863,1.0,KGZ,Eastern Europe & FSU
Kyrgyzstan,"sptinc_p0p50_999_j_KG
Pre-tax national income 
Bottom 50% | share | all ages | equal split
",p0p50,2001,0.1807,3.0,KGZ,Eastern Europe & FSU
Kyrgyzstan,"sptinc_p0p50_999_j_KG
Pre-tax national income 
Bottom 50% | share | all ages | equal split
",p0p50,2002,0.1806,3.0,KGZ,Eastern Europe & FSU
Kyrgyzstan,"sptinc_p0p50_999_j_KG
Pre-tax national income 
Bottom 50% | share | all ages | equal split
",p0p50,2003,0.1887,3.0,KGZ,Eastern Europe & FSU
Kyrgyzstan,"sptinc_p0p50_999_j_KG
Pre-tax national income 
Bottom 50% | share | all ages | equal split
",p0p50,2004,0.1522,3.0,KGZ,Eastern Europe & FSU
Kyrgyzstan,"sptinc_p0p50_999_j_KG
Pre-tax national income 
Bottom 50% | share | all ages | equal split
",p0p50,2005,0.161,3.0,KGZ,Eastern Europe & FSU
Kyrgyzstan,"sptinc_p0p50_999_j_KG
Pre-tax national income 
Bottom 50% | share | all ages | equal split
",p0p50,2006,0.1488,3.0,KGZ,Eastern Europe & FSU
Kyrgyzstan,"sptinc_p0p50_999_j_KG
Pre-tax national income 
Bottom 50% | share | all ages | equal split
",p0p50,2007,0.1661,3.0,KGZ,Eastern Europe & FSU
Kyrgyzstan,"sptinc_p0p50_999_j_KG
Pre-tax national income 
Bottom 50% | share | all ages | equal split
",p0p50,2008,0.1722,3.0,KGZ,Eastern Europe & FSU
Kyrgyzstan,"sptinc_p0p50_999_j_KG
Pre-tax national income 
Bottom 50% | share | all ages | equal split
",p0p50,2009,0.1725,3.0,KGZ,Eastern Europe & FSU
Kyrgyzstan,"sptinc_p0p50_999_j_KG
Pre-tax national income 
Bottom 50% | share | all ages | equal split
",p0p50,2010,0.1763,3.0,KGZ,Eastern Europe & FSU
Kyrgyzstan,"sptinc_p0p50_999_j_KG
Pre-tax national income 
Bottom 50% | share | all ages | equal split
",p0p50,2011,0.1877,3.0,KGZ,Eastern Europe & FSU
Kyrgyzstan,"sptinc_p0p50_999_j_KG
Pre-tax national income 
Bottom 50% | share | all ages | equal split
",p0p50,2012,0.1919,3.0,KGZ,Eastern Europe & FSU
Kyrgyzstan,"sptinc_p0p50_999_j_KG
Pre-tax national income 
Bottom 50% | share | all ages | equal split
",p0p50,2013,0.1885,3.0,KGZ,Eastern Europe & FSU
Kyrgyzstan,"sptinc_p0p50_999_j_KG
Pre-tax national income 
Bottom 50% | share | all ages | equal split
",p0p50,2014,0.2001,3.0,KGZ,Eastern Europe & FSU
Kyrgyzstan,"sptinc_p0p50_999_j_KG
Pre-tax national income 
Bottom 50% | share | all ages | equal split
",p0p50,2015,0.1909,3.0,KGZ,Eastern Europe & FSU
Kyrgyzstan,"sptinc_p0p50_999_j_KG
Pre-tax national income 
Bottom 50% | share | all ages | equal split
",p0p50,2016,0.192,3.0,KGZ,Eastern Europe & FSU
Kyrgyzstan,"sptinc_p0p50_999_j_KG
Pre-tax national income 
Bottom 50% | share | all ages | equal split
",p0p50,2017,0.1832,3.0,KGZ,Eastern Europe & FSU
Kyrgyzstan,"sptinc_p0p50_999_j_KG
Pre-tax national income 
Bottom 50% | share | all ages | equal split
",p0p50,2018,0.1794,3.0,KGZ,Eastern Europe & FSU
Kyrgyzstan,"sptinc_p0p50_999_j_KG
Pre-tax national income 
Bottom 50% | share | all ages | equal split
",p0p50,2019,0.1687,3.0,KGZ,Eastern Europe & FSU
Kyrgyzstan,"sptinc_p0p50_999_j_KG
Pre-tax national income 
Bottom 50% | share | all ages | equal split
",p0p50,2020,0.1687,1.0,KGZ,Eastern Europe & FSU
Kyrgyzstan,"sptinc_p0p50_999_j_KG
Pre-tax national income 
Bottom 50% | share | all ages | equal split
",p0p50,2021,0.1687,1.0,KGZ,Eastern Europe & FSU
Kyrgyzstan,"sptinc_p0p50_999_j_KG
Pre-tax national income 
Bottom 50% | share | all ages | equal split
",p0p50,2022,0.1687,1.0,KGZ,Eastern Europe & FSU
Kyrgyzstan,"sptinc_p0p50_999_j_KG
Pre-tax national income 
Bottom 50% | share | all ages | equal split
",p0p50,2023,0.1687,1.0,KGZ,Eastern Europe & FSU
Kyrgyzstan,"sptinc_p0p50_999_j_KG
Pre-tax national income 
Bottom 50% | share | all ages | equal split
",p0p50,2024,0.1687,1.0,KGZ,Eastern Europe & FSU
Lao PDR,"sptinc_p0p50_999_j_LA
Pre-tax national income 
Bottom 50% | share | all ages | equal split
",p0p50,1980,0.1427,1.0,LAO,Southeast Asia
Lao PDR,"sptinc_p0p50_999_j_LA
Pre-tax national income 
Bottom 50% | share | all ages | equal split
",p0p50,1981,0.1427,1.0,LAO,Southeast Asia
Lao PDR,"sptinc_p0p50_999_j_LA
Pre-tax national income 
Bottom 50% | share | all ages | equal split
",p0p50,1982,0.1427,1.0,LAO,Southeast Asia
Lao PDR,"sptinc_p0p50_999_j_LA
Pre-tax national income 
Bottom 50% | share | all ages | equal split
",p0p50,1983,0.1427,1.0,LAO,Southeast Asia
Lao PDR,"sptinc_p0p50_999_j_LA
Pre-tax national income 
Bottom 50% | share | all ages | equal split
",p0p50,1984,0.1427,1.0,LAO,Southeast Asia
Lao PDR,"sptinc_p0p50_999_j_LA
Pre-tax national income 
Bottom 50% | share | all ages | equal split
",p0p50,1985,0.1427,1.0,LAO,Southeast Asia
Lao PDR,"sptinc_p0p50_999_j_LA
Pre-tax national income 
Bottom 50% | share | all ages | equal split
",p0p50,1986,0.1427,1.0,LAO,Southeast Asia
Lao PDR,"sptinc_p0p50_999_j_LA
Pre-tax national income 
Bottom 50% | share | all ages | equal split
",p0p50,1987,0.1427,1.0,LAO,Southeast Asia
Lao PDR,"sptinc_p0p50_999_j_LA
Pre-tax national income 
Bottom 50% | share | all ages | equal split
",p0p50,1988,0.1427,1.0,LAO,Southeast Asia
Lao PDR,"sptinc_p0p50_999_j_LA
Pre-tax national income 
Bottom 50% | share | all ages | equal split
",p0p50,1989,0.1427,1.0,LAO,Southeast Asia
Lao PDR,"sptinc_p0p50_999_j_LA
Pre-tax national income 
Bottom 50% | share | all ages | equal split
",p0p50,1990,0.1427,1.0,LAO,Southeast Asia
Lao PDR,"sptinc_p0p50_999_j_LA
Pre-tax national income 
Bottom 50% | share | all ages | equal split
",p0p50,1991,0.1427,1.0,LAO,Southeast Asia
Lao PDR,"sptinc_p0p50_999_j_LA
Pre-tax national income 
Bottom 50% | share | all ages | equal split
",p0p50,1992,0.1427,3.0,LAO,Southeast Asia
Lao PDR,"sptinc_p0p50_999_j_LA
Pre-tax national income 
Bottom 50% | share | all ages | equal split
",p0p50,1993,0.1423,2.0,LAO,Southeast Asia
Lao PDR,"sptinc_p0p50_999_j_LA
Pre-tax national income 
Bottom 50% | share | all ages | equal split
",p0p50,1994,0.1412,2.0,LAO,Southeast Asia
Lao PDR,"sptinc_p0p50_999_j_LA
Pre-tax national income 
Bottom 50% | share | all ages | equal split
",p0p50,1995,0.1407,2.0,LAO,Southeast Asia
Lao PDR,"sptinc_p0p50_999_j_LA
Pre-tax national income 
Bottom 50% | share | all ages | equal split
",p0p50,1996,0.1408,2.0,LAO,Southeast Asia
Lao PDR,"sptinc_p0p50_999_j_LA
Pre-tax national income 
Bottom 50% | share | all ages | equal split
",p0p50,1997,0.1405,3.0,LAO,Southeast Asia
Lao PDR,"sptinc_p0p50_999_j_LA
Pre-tax national income 
Bottom 50% | share | all ages | equal split
",p0p50,1998,0.1417,2.0,LAO,Southeast Asia
Lao PDR,"sptinc_p0p50_999_j_LA
Pre-tax national income 
Bottom 50% | share | all ages | equal split
",p0p50,1999,0.143,2.0,LAO,Southeast Asia
Lao PDR,"sptinc_p0p50_999_j_LA
Pre-tax national income 
Bottom 50% | share | all ages | equal split
",p0p50,2000,0.1411,2.0,LAO,Southeast Asia
Lao PDR,"sptinc_p0p50_999_j_LA
Pre-tax national income 
Bottom 50% | share | all ages | equal split
",p0p50,2001,0.1406,2.0,LAO,Southeast Asia
Lao PDR,"sptinc_p0p50_999_j_LA
Pre-tax national income 
Bottom 50% | share | all ages | equal split
",p0p50,2002,0.1424,3.0,LAO,Southeast Asia
Lao PDR,"sptinc_p0p50_999_j_LA
Pre-tax national income 
Bottom 50% | share | all ages | equal split
",p0p50,2003,0.1426,2.0,LAO,Southeast Asia
Lao PDR,"sptinc_p0p50_999_j_LA
Pre-tax national income 
Bottom 50% | share | all ages | equal split
",p0p50,2004,0.1407,2.0,LAO,Southeast Asia
Lao PDR,"sptinc_p0p50_999_j_LA
Pre-tax national income 
Bottom 50% | share | all ages | equal split
",p0p50,2005,0.1402,2.0,LAO,Southeast Asia
Lao PDR,"sptinc_p0p50_999_j_LA
Pre-tax national income 
Bottom 50% | share | all ages | equal split
",p0p50,2006,0.1402,2.0,LAO,Southeast Asia
Lao PDR,"sptinc_p0p50_999_j_LA
Pre-tax national income 
Bottom 50% | share | all ages | equal split
",p0p50,2007,0.1396,3.0,LAO,Southeast Asia
Lao PDR,"sptinc_p0p50_999_j_LA
Pre-tax national income 
Bottom 50% | share | all ages | equal split
",p0p50,2008,0.1398,2.0,LAO,Southeast Asia
Lao PDR,"sptinc_p0p50_999_j_LA
Pre-tax national income 
Bottom 50% | share | all ages | equal split
",p0p50,2009,0.1387,2.0,LAO,Southeast Asia
Lao PDR,"sptinc_p0p50_999_j_LA
Pre-tax national income 
Bottom 50% | share | all ages | equal split
",p0p50,2010,0.1387,2.0,LAO,Southeast Asia
Lao PDR,"sptinc_p0p50_999_j_LA
Pre-tax national income 
Bottom 50% | share | all ages | equal split
",p0p50,2011,0.1395,2.0,LAO,Southeast Asia
Lao PDR,"sptinc_p0p50_999_j_LA
Pre-tax national income 
Bottom 50% | share | all ages | equal split
",p0p50,2012,0.141,3.0,LAO,Southeast Asia
Lao PDR,"sptinc_p0p50_999_j_LA
Pre-tax national income 
Bottom 50% | share | all ages | equal split
",p0p50,2013,0.1385,2.0,LAO,Southeast Asia
Lao PDR,"sptinc_p0p50_999_j_LA
Pre-tax national income 
Bottom 50% | share | all ages | equal split
",p0p50,2014,0.1354,2.0,LAO,Southeast Asia
Lao PDR,"sptinc_p0p50_999_j_LA
Pre-tax national income 
Bottom 50% | share | all ages | equal split
",p0p50,2015,0.1336,2.0,LAO,Southeast Asia
Lao PDR,"sptinc_p0p50_999_j_LA
Pre-tax national income 
Bottom 50% | share | all ages | equal split
",p0p50,2016,0.1315,2.0,LAO,Southeast Asia
Lao PDR,"sptinc_p0p50_999_j_LA
Pre-tax national income 
Bottom 50% | share | all ages | equal split
",p0p50,2017,0.13,2.0,LAO,Southeast Asia
Lao PDR,"sptinc_p0p50_999_j_LA
Pre-tax national income 
Bottom 50% | share | all ages | equal split
",p0p50,2018,0.1289,3.0,LAO,Southeast Asia
Lao PDR,"sptinc_p0p50_999_j_LA
Pre-tax national income 
Bottom 50% | share | all ages | equal split
",p0p50,2019,0.1289,1.0,LAO,Southeast Asia
Lao PDR,"sptinc_p0p50_999_j_LA
Pre-tax national income 
Bottom 50% | share | all ages | equal split
",p0p50,2020,0.1289,1.0,LAO,Southeast Asia
Lao PDR,"sptinc_p0p50_999_j_LA
Pre-tax national income 
Bottom 50% | share | all ages | equal split
",p0p50,2021,0.1289,1.0,LAO,Southeast Asia
Lao PDR,"sptinc_p0p50_999_j_LA
Pre-tax national income 
Bottom 50% | share | all ages | equal split
",p0p50,2022,0.1289,1.0,LAO,Southeast Asia
Lao PDR,"sptinc_p0p50_999_j_LA
Pre-tax national income 
Bottom 50% | share | all ages | equal split
",p0p50,2023,0.1289,1.0,LAO,Southeast Asia
Lao PDR,"sptinc_p0p50_999_j_LA
Pre-tax national income 
Bottom 50% | share | all ages | equal split
",p0p50,2024,0.1289,1.0,LAO,Southeast Asia
Latvia,"sptinc_p0p50_999_j_LV
Pre-tax national income 
Bottom 50% | share | all ages | equal split
",p0p50,1980,0.2636,1.0,LVA,Eastern Europe & FSU
Latvia,"sptinc_p0p50_999_j_LV
Pre-tax national income 
Bottom 50% | share | all ages | equal split
",p0p50,1981,0.2635,1.0,LVA,Eastern Europe & FSU
Latvia,"sptinc_p0p50_999_j_LV
Pre-tax national income 
Bottom 50% | share | all ages | equal split
",p0p50,1982,0.2636,1.0,LVA,Eastern Europe & FSU
Latvia,"sptinc_p0p50_999_j_LV
Pre-tax national income 
Bottom 50% | share | all ages | equal split
",p0p50,1983,0.2635,1.0,LVA,Eastern Europe & FSU
Latvia,"sptinc_p0p50_999_j_LV
Pre-tax national income 
Bottom 50% | share | all ages | equal split
",p0p50,1984,0.2636,1.0,LVA,Eastern Europe & FSU
Latvia,"sptinc_p0p50_999_j_LV
Pre-tax national income 
Bottom 50% | share | all ages | equal split
",p0p50,1985,0.2636,1.0,LVA,Eastern Europe & FSU
Latvia,"sptinc_p0p50_999_j_LV
Pre-tax national income 
Bottom 50% | share | all ages | equal split
",p0p50,1986,0.2636,1.0,LVA,Eastern Europe & FSU
Latvia,"sptinc_p0p50_999_j_LV
Pre-tax national income 
Bottom 50% | share | all ages | equal split
",p0p50,1987,0.2636,1.0,LVA,Eastern Europe & FSU
Latvia,"sptinc_p0p50_999_j_LV
Pre-tax national income 
Bottom 50% | share | all ages | equal split
",p0p50,1988,0.2635,3.0,LVA,Eastern Europe & FSU
Latvia,"sptinc_p0p50_999_j_LV
Pre-tax national income 
Bottom 50% | share | all ages | equal split
",p0p50,1989,0.2566,3.0,LVA,Eastern Europe & FSU
Latvia,"sptinc_p0p50_999_j_LV
Pre-tax national income 
Bottom 50% | share | all ages | equal split
",p0p50,1990,0.25,3.0,LVA,Eastern Europe & FSU
Latvia,"sptinc_p0p50_999_j_LV
Pre-tax national income 
Bottom 50% | share | all ages | equal split
",p0p50,1991,0.2419,3.0,LVA,Eastern Europe & FSU
Latvia,"sptinc_p0p50_999_j_LV
Pre-tax national income 
Bottom 50% | share | all ages | equal split
",p0p50,1992,0.2291,3.0,LVA,Eastern Europe & FSU
Latvia,"sptinc_p0p50_999_j_LV
Pre-tax national income 
Bottom 50% | share | all ages | equal split
",p0p50,1993,0.2075,3.0,LVA,Eastern Europe & FSU
Latvia,"sptinc_p0p50_999_j_LV
Pre-tax national income 
Bottom 50% | share | all ages | equal split
",p0p50,1994,0.1978,3.0,LVA,Eastern Europe & FSU
Latvia,"sptinc_p0p50_999_j_LV
Pre-tax national income 
Bottom 50% | share | all ages | equal split
",p0p50,1995,0.1961,3.0,LVA,Eastern Europe & FSU
Latvia,"sptinc_p0p50_999_j_LV
Pre-tax national income 
Bottom 50% | share | all ages | equal split
",p0p50,1996,0.1835,3.0,LVA,Eastern Europe & FSU
Latvia,"sptinc_p0p50_999_j_LV
Pre-tax national income 
Bottom 50% | share | all ages | equal split
",p0p50,1997,0.1802,3.0,LVA,Eastern Europe & FSU
Latvia,"sptinc_p0p50_999_j_LV
Pre-tax national income 
Bottom 50% | share | all ages | equal split
",p0p50,1998,0.1758,3.0,LVA,Eastern Europe & FSU
Latvia,"sptinc_p0p50_999_j_LV
Pre-tax national income 
Bottom 50% | share | all ages | equal split
",p0p50,1999,0.1745,3.0,LVA,Eastern Europe & FSU
Latvia,"sptinc_p0p50_999_j_LV
Pre-tax national income 
Bottom 50% | share | all ages | equal split
",p0p50,2000,0.176,3.0,LVA,Eastern Europe & FSU
Latvia,"sptinc_p0p50_999_j_LV
Pre-tax national income 
Bottom 50% | share | all ages | equal split
",p0p50,2001,0.1754,3.0,LVA,Eastern Europe & FSU
Latvia,"sptinc_p0p50_999_j_LV
Pre-tax national income 
Bottom 50% | share | all ages | equal split
",p0p50,2002,0.1703,3.0,LVA,Eastern Europe & FSU
Latvia,"sptinc_p0p50_999_j_LV
Pre-tax national income 
Bottom 50% | share | all ages | equal split
",p0p50,2003,0.1672,3.0,LVA,Eastern Europe & FSU
Latvia,"sptinc_p0p50_999_j_LV
Pre-tax national income 
Bottom 50% | share | all ages | equal split
",p0p50,2004,0.17,3.0,LVA,Eastern Europe & FSU
Latvia,"sptinc_p0p50_999_j_LV
Pre-tax national income 
Bottom 50% | share | all ages | equal split
",p0p50,2005,0.1589,3.0,LVA,Eastern Europe & FSU
Latvia,"sptinc_p0p50_999_j_LV
Pre-tax national income 
Bottom 50% | share | all ages | equal split
",p0p50,2006,0.1679,3.0,LVA,Eastern Europe & FSU
Latvia,"sptinc_p0p50_999_j_LV
Pre-tax national income 
Bottom 50% | share | all ages | equal split
",p0p50,2007,0.1488,3.0,LVA,Eastern Europe & FSU
Latvia,"sptinc_p0p50_999_j_LV
Pre-tax national income 
Bottom 50% | share | all ages | equal split
",p0p50,2008,0.158,3.0,LVA,Eastern Europe & FSU
Latvia,"sptinc_p0p50_999_j_LV
Pre-tax national income 
Bottom 50% | share | all ages | equal split
",p0p50,2009,0.1803,3.0,LVA,Eastern Europe & FSU
Latvia,"sptinc_p0p50_999_j_LV
Pre-tax national income 
Bottom 50% | share | all ages | equal split
",p0p50,2010,0.1906,3.0,LVA,Eastern Europe & FSU
Latvia,"sptinc_p0p50_999_j_LV
Pre-tax national income 
Bottom 50% | share | all ages | equal split
",p0p50,2011,0.1846,3.0,LVA,Eastern Europe & FSU
Latvia,"sptinc_p0p50_999_j_LV
Pre-tax national income 
Bottom 50% | share | all ages | equal split
",p0p50,2012,0.179,3.0,LVA,Eastern Europe & FSU
Latvia,"sptinc_p0p50_999_j_LV
Pre-tax national income 
Bottom 50% | share | all ages | equal split
",p0p50,2013,0.1773,3.0,LVA,Eastern Europe & FSU
Latvia,"sptinc_p0p50_999_j_LV
Pre-tax national income 
Bottom 50% | share | all ages | equal split
",p0p50,2014,0.1783,3.0,LVA,Eastern Europe & FSU
Latvia,"sptinc_p0p50_999_j_LV
Pre-tax national income 
Bottom 50% | share | all ages | equal split
",p0p50,2015,0.1803,3.0,LVA,Eastern Europe & FSU
Latvia,"sptinc_p0p50_999_j_LV
Pre-tax national income 
Bottom 50% | share | all ages | equal split
",p0p50,2016,0.1828,3.0,LVA,Eastern Europe & FSU
Latvia,"sptinc_p0p50_999_j_LV
Pre-tax national income 
Bottom 50% | share | all ages | equal split
",p0p50,2017,0.1724,3.0,LVA,Eastern Europe & FSU
Latvia,"sptinc_p0p50_999_j_LV
Pre-tax national income 
Bottom 50% | share | all ages | equal split
",p0p50,2018,0.1726,3.0,LVA,Eastern Europe & FSU
Latvia,"sptinc_p0p50_999_j_LV
Pre-tax national income 
Bottom 50% | share | all ages | equal split
",p0p50,2019,0.1742,3.0,LVA,Eastern Europe & FSU
Latvia,"sptinc_p0p50_999_j_LV
Pre-tax national income 
Bottom 50% | share | all ages | equal split
",p0p50,2020,0.1742,3.0,LVA,Eastern Europe & FSU
Latvia,"sptinc_p0p50_999_j_LV
Pre-tax national income 
Bottom 50% | share | all ages | equal split
",p0p50,2021,0.1737,3.0,LVA,Eastern Europe & FSU
Latvia,"sptinc_p0p50_999_j_LV
Pre-tax national income 
Bottom 50% | share | all ages | equal split
",p0p50,2022,0.1737,3.0,LVA,Eastern Europe & FSU
Latvia,"sptinc_p0p50_999_j_LV
Pre-tax national income 
Bottom 50% | share | all ages | equal split
",p0p50,2023,0.1752,3.0,LVA,Eastern Europe & FSU
Latvia,"sptinc_p0p50_999_j_LV
Pre-tax national income 
Bottom 50% | share | all ages | equal split
",p0p50,2024,0.1752,1.0,LVA,Eastern Europe & FSU
Lesotho,"sptinc_p0p50_999_j_LS
Pre-tax national income 
Bottom 50% | share | all ages | equal split
",p0p50,1980,0.0743,1.0,LSO,Sub-Saharan Africa
Lesotho,"sptinc_p0p50_999_j_LS
Pre-tax national income 
Bottom 50% | share | all ages | equal split
",p0p50,1981,0.0743,1.0,LSO,Sub-Saharan Africa
Lesotho,"sptinc_p0p50_999_j_LS
Pre-tax national income 
Bottom 50% | share | all ages | equal split
",p0p50,1982,0.0743,1.0,LSO,Sub-Saharan Africa
Lesotho,"sptinc_p0p50_999_j_LS
Pre-tax national income 
Bottom 50% | share | all ages | equal split
",p0p50,1983,0.0743,1.0,LSO,Sub-Saharan Africa
Lesotho,"sptinc_p0p50_999_j_LS
Pre-tax national income 
Bottom 50% | share | all ages | equal split
",p0p50,1984,0.0743,1.0,LSO,Sub-Saharan Africa
Lesotho,"sptinc_p0p50_999_j_LS
Pre-tax national income 
Bottom 50% | share | all ages | equal split
",p0p50,1985,0.0743,1.0,LSO,Sub-Saharan Africa
Lesotho,"sptinc_p0p50_999_j_LS
Pre-tax national income 
Bottom 50% | share | all ages | equal split
",p0p50,1986,0.0743,3.0,LSO,Sub-Saharan Africa
Lesotho,"sptinc_p0p50_999_j_LS
Pre-tax national income 
Bottom 50% | share | all ages | equal split
",p0p50,1987,0.0713,2.0,LSO,Sub-Saharan Africa
Lesotho,"sptinc_p0p50_999_j_LS
Pre-tax national income 
Bottom 50% | share | all ages | equal split
",p0p50,1988,0.0682,2.0,LSO,Sub-Saharan Africa
Lesotho,"sptinc_p0p50_999_j_LS
Pre-tax national income 
Bottom 50% | share | all ages | equal split
",p0p50,1989,0.0652,2.0,LSO,Sub-Saharan Africa
Lesotho,"sptinc_p0p50_999_j_LS
Pre-tax national income 
Bottom 50% | share | all ages | equal split
",p0p50,1990,0.0621,2.0,LSO,Sub-Saharan Africa
Lesotho,"sptinc_p0p50_999_j_LS
Pre-tax national income 
Bottom 50% | share | all ages | equal split
",p0p50,1991,0.0591,2.0,LSO,Sub-Saharan Africa
Lesotho,"sptinc_p0p50_999_j_LS
Pre-tax national income 
Bottom 50% | share | all ages | equal split
",p0p50,1992,0.0561,2.0,LSO,Sub-Saharan Africa
Lesotho,"sptinc_p0p50_999_j_LS
Pre-tax national income 
Bottom 50% | share | all ages | equal split
",p0p50,1993,0.053,2.0,LSO,Sub-Saharan Africa
Lesotho,"sptinc_p0p50_999_j_LS
Pre-tax national income 
Bottom 50% | share | all ages | equal split
",p0p50,1994,0.05,3.0,LSO,Sub-Saharan Africa
Lesotho,"sptinc_p0p50_999_j_LS
Pre-tax national income 
Bottom 50% | share | all ages | equal split
",p0p50,1995,0.0551,2.0,LSO,Sub-Saharan Africa
Lesotho,"sptinc_p0p50_999_j_LS
Pre-tax national income 
Bottom 50% | share | all ages | equal split
",p0p50,1996,0.0603,2.0,LSO,Sub-Saharan Africa
Lesotho,"sptinc_p0p50_999_j_LS
Pre-tax national income 
Bottom 50% | share | all ages | equal split
",p0p50,1997,0.0654,2.0,LSO,Sub-Saharan Africa
Lesotho,"sptinc_p0p50_999_j_LS
Pre-tax national income 
Bottom 50% | share | all ages | equal split
",p0p50,1998,0.0705,2.0,LSO,Sub-Saharan Africa
Lesotho,"sptinc_p0p50_999_j_LS
Pre-tax national income 
Bottom 50% | share | all ages | equal split
",p0p50,1999,0.0756,2.0,LSO,Sub-Saharan Africa
Lesotho,"sptinc_p0p50_999_j_LS
Pre-tax national income 
Bottom 50% | share | all ages | equal split
",p0p50,2000,0.0807,2.0,LSO,Sub-Saharan Africa
Lesotho,"sptinc_p0p50_999_j_LS
Pre-tax national income 
Bottom 50% | share | all ages | equal split
",p0p50,2001,0.0859,2.0,LSO,Sub-Saharan Africa
Lesotho,"sptinc_p0p50_999_j_LS
Pre-tax national income 
Bottom 50% | share | all ages | equal split
",p0p50,2002,0.091,3.0,LSO,Sub-Saharan Africa
Lesotho,"sptinc_p0p50_999_j_LS
Pre-tax national income 
Bottom 50% | share | all ages | equal split
",p0p50,2003,0.0925,2.0,LSO,Sub-Saharan Africa
Lesotho,"sptinc_p0p50_999_j_LS
Pre-tax national income 
Bottom 50% | share | all ages | equal split
",p0p50,2004,0.0939,2.0,LSO,Sub-Saharan Africa
Lesotho,"sptinc_p0p50_999_j_LS
Pre-tax national income 
Bottom 50% | share | all ages | equal split
",p0p50,2005,0.0954,2.0,LSO,Sub-Saharan Africa
Lesotho,"sptinc_p0p50_999_j_LS
Pre-tax national income 
Bottom 50% | share | all ages | equal split
",p0p50,2006,0.0968,2.0,LSO,Sub-Saharan Africa
Lesotho,"sptinc_p0p50_999_j_LS
Pre-tax national income 
Bottom 50% | share | all ages | equal split
",p0p50,2007,0.0983,2.0,LSO,Sub-Saharan Africa
Lesotho,"sptinc_p0p50_999_j_LS
Pre-tax national income 
Bottom 50% | share | all ages | equal split
",p0p50,2008,0.0997,2.0,LSO,Sub-Saharan Africa
Lesotho,"sptinc_p0p50_999_j_LS
Pre-tax national income 
Bottom 50% | share | all ages | equal split
",p0p50,2009,0.1012,2.0,LSO,Sub-Saharan Africa
Lesotho,"sptinc_p0p50_999_j_LS
Pre-tax national income 
Bottom 50% | share | all ages | equal split
",p0p50,2010,0.1026,2.0,LSO,Sub-Saharan Africa
Lesotho,"sptinc_p0p50_999_j_LS
Pre-tax national income 
Bottom 50% | share | all ages | equal split
",p0p50,2011,0.1041,2.0,LSO,Sub-Saharan Africa
Lesotho,"sptinc_p0p50_999_j_LS
Pre-tax national income 
Bottom 50% | share | all ages | equal split
",p0p50,2012,0.1055,2.0,LSO,Sub-Saharan Africa
Lesotho,"sptinc_p0p50_999_j_LS
Pre-tax national income 
Bottom 50% | share | all ages | equal split
",p0p50,2013,0.107,2.0,LSO,Sub-Saharan Africa
Lesotho,"sptinc_p0p50_999_j_LS
Pre-tax national income 
Bottom 50% | share | all ages | equal split
",p0p50,2014,0.1084,2.0,LSO,Sub-Saharan Africa
Lesotho,"sptinc_p0p50_999_j_LS
Pre-tax national income 
Bottom 50% | share | all ages | equal split
",p0p50,2015,0.1099,2.0,LSO,Sub-Saharan Africa
Lesotho,"sptinc_p0p50_999_j_LS
Pre-tax national income 
Bottom 50% | share | all ages | equal split
",p0p50,2016,0.1114,2.0,LSO,Sub-Saharan Africa
Lesotho,"sptinc_p0p50_999_j_LS
Pre-tax national income 
Bottom 50% | share | all ages | equal split
",p0p50,2017,0.1128,3.0,LSO,Sub-Saharan Africa
Lesotho,"sptinc_p0p50_999_j_LS
Pre-tax national income 
Bottom 50% | share | all ages | equal split
",p0p50,2018,0.1128,1.0,LSO,Sub-Saharan Africa
Lesotho,"sptinc_p0p50_999_j_LS
Pre-tax national income 
Bottom 50% | share | all ages | equal split
",p0p50,2019,0.1128,1.0,LSO,Sub-Saharan Africa
Lesotho,"sptinc_p0p50_999_j_LS
Pre-tax national income 
Bottom 50% | share | all ages | equal split
",p0p50,2020,0.1128,1.0,LSO,Sub-Saharan Africa
Lesotho,"sptinc_p0p50_999_j_LS
Pre-tax national income 
Bottom 50% | share | all ages | equal split
",p0p50,2021,0.1128,1.0,LSO,Sub-Saharan Africa
Lesotho,"sptinc_p0p50_999_j_LS
Pre-tax national income 
Bottom 50% | share | all ages | equal split
",p0p50,2022,0.1128,1.0,LSO,Sub-Saharan Africa
Lesotho,"sptinc_p0p50_999_j_LS
Pre-tax national income 
Bottom 50% | share | all ages | equal split
",p0p50,2023,0.1128,1.0,LSO,Sub-Saharan Africa
Lesotho,"sptinc_p0p50_999_j_LS
Pre-tax national income 
Bottom 50% | share | all ages | equal split
",p0p50,2024,0.1128,1.0,LSO,Sub-Saharan Africa
Lithuania,"sptinc_p0p50_999_j_LT
Pre-tax national income 
Bottom 50% | share | all ages | equal split
",p0p50,1980,0.2478,1.0,LTU,Eastern Europe & FSU
Lithuania,"sptinc_p0p50_999_j_LT
Pre-tax national income 
Bottom 50% | share | all ages | equal split
",p0p50,1981,0.2478,1.0,LTU,Eastern Europe & FSU
Lithuania,"sptinc_p0p50_999_j_LT
Pre-tax national income 
Bottom 50% | share | all ages | equal split
",p0p50,1982,0.2478,1.0,LTU,Eastern Europe & FSU
Lithuania,"sptinc_p0p50_999_j_LT
Pre-tax national income 
Bottom 50% | share | all ages | equal split
",p0p50,1983,0.2478,1.0,LTU,Eastern Europe & FSU
Lithuania,"sptinc_p0p50_999_j_LT
Pre-tax national income 
Bottom 50% | share | all ages | equal split
",p0p50,1984,0.2478,1.0,LTU,Eastern Europe & FSU
Lithuania,"sptinc_p0p50_999_j_LT
Pre-tax national income 
Bottom 50% | share | all ages | equal split
",p0p50,1985,0.2478,1.0,LTU,Eastern Europe & FSU
Lithuania,"sptinc_p0p50_999_j_LT
Pre-tax national income 
Bottom 50% | share | all ages | equal split
",p0p50,1986,0.2478,1.0,LTU,Eastern Europe & FSU
Lithuania,"sptinc_p0p50_999_j_LT
Pre-tax national income 
Bottom 50% | share | all ages | equal split
",p0p50,1987,0.2478,1.0,LTU,Eastern Europe & FSU
Lithuania,"sptinc_p0p50_999_j_LT
Pre-tax national income 
Bottom 50% | share | all ages | equal split
",p0p50,1988,0.2478,3.0,LTU,Eastern Europe & FSU
Lithuania,"sptinc_p0p50_999_j_LT
Pre-tax national income 
Bottom 50% | share | all ages | equal split
",p0p50,1989,0.237,3.0,LTU,Eastern Europe & FSU
Lithuania,"sptinc_p0p50_999_j_LT
Pre-tax national income 
Bottom 50% | share | all ages | equal split
",p0p50,1990,0.2261,3.0,LTU,Eastern Europe & FSU
Lithuania,"sptinc_p0p50_999_j_LT
Pre-tax national income 
Bottom 50% | share | all ages | equal split
",p0p50,1991,0.2145,3.0,LTU,Eastern Europe & FSU
Lithuania,"sptinc_p0p50_999_j_LT
Pre-tax national income 
Bottom 50% | share | all ages | equal split
",p0p50,1992,0.202,3.0,LTU,Eastern Europe & FSU
Lithuania,"sptinc_p0p50_999_j_LT
Pre-tax national income 
Bottom 50% | share | all ages | equal split
",p0p50,1993,0.1922,3.0,LTU,Eastern Europe & FSU
Lithuania,"sptinc_p0p50_999_j_LT
Pre-tax national income 
Bottom 50% | share | all ages | equal split
",p0p50,1994,0.1757,3.0,LTU,Eastern Europe & FSU
Lithuania,"sptinc_p0p50_999_j_LT
Pre-tax national income 
Bottom 50% | share | all ages | equal split
",p0p50,1995,0.1848,3.0,LTU,Eastern Europe & FSU
Lithuania,"sptinc_p0p50_999_j_LT
Pre-tax national income 
Bottom 50% | share | all ages | equal split
",p0p50,1996,0.1927,3.0,LTU,Eastern Europe & FSU
Lithuania,"sptinc_p0p50_999_j_LT
Pre-tax national income 
Bottom 50% | share | all ages | equal split
",p0p50,1997,0.2034,3.0,LTU,Eastern Europe & FSU
Lithuania,"sptinc_p0p50_999_j_LT
Pre-tax national income 
Bottom 50% | share | all ages | equal split
",p0p50,1998,0.2014,3.0,LTU,Eastern Europe & FSU
Lithuania,"sptinc_p0p50_999_j_LT
Pre-tax national income 
Bottom 50% | share | all ages | equal split
",p0p50,1999,0.2063,3.0,LTU,Eastern Europe & FSU
Lithuania,"sptinc_p0p50_999_j_LT
Pre-tax national income 
Bottom 50% | share | all ages | equal split
",p0p50,2000,0.1938,3.0,LTU,Eastern Europe & FSU
Lithuania,"sptinc_p0p50_999_j_LT
Pre-tax national income 
Bottom 50% | share | all ages | equal split
",p0p50,2001,0.1915,3.0,LTU,Eastern Europe & FSU
Lithuania,"sptinc_p0p50_999_j_LT
Pre-tax national income 
Bottom 50% | share | all ages | equal split
",p0p50,2002,0.196,3.0,LTU,Eastern Europe & FSU
Lithuania,"sptinc_p0p50_999_j_LT
Pre-tax national income 
Bottom 50% | share | all ages | equal split
",p0p50,2003,0.2003,3.0,LTU,Eastern Europe & FSU
Lithuania,"sptinc_p0p50_999_j_LT
Pre-tax national income 
Bottom 50% | share | all ages | equal split
",p0p50,2004,0.1795,3.0,LTU,Eastern Europe & FSU
Lithuania,"sptinc_p0p50_999_j_LT
Pre-tax national income 
Bottom 50% | share | all ages | equal split
",p0p50,2005,0.1769,3.0,LTU,Eastern Europe & FSU
Lithuania,"sptinc_p0p50_999_j_LT
Pre-tax national income 
Bottom 50% | share | all ages | equal split
",p0p50,2006,0.1861,3.0,LTU,Eastern Europe & FSU
Lithuania,"sptinc_p0p50_999_j_LT
Pre-tax national income 
Bottom 50% | share | all ages | equal split
",p0p50,2007,0.1807,3.0,LTU,Eastern Europe & FSU
Lithuania,"sptinc_p0p50_999_j_LT
Pre-tax national income 
Bottom 50% | share | all ages | equal split
",p0p50,2008,0.1804,3.0,LTU,Eastern Europe & FSU
Lithuania,"sptinc_p0p50_999_j_LT
Pre-tax national income 
Bottom 50% | share | all ages | equal split
",p0p50,2009,0.1833,3.0,LTU,Eastern Europe & FSU
Lithuania,"sptinc_p0p50_999_j_LT
Pre-tax national income 
Bottom 50% | share | all ages | equal split
",p0p50,2010,0.196,3.0,LTU,Eastern Europe & FSU
Lithuania,"sptinc_p0p50_999_j_LT
Pre-tax national income 
Bottom 50% | share | all ages | equal split
",p0p50,2011,0.1956,3.0,LTU,Eastern Europe & FSU
Lithuania,"sptinc_p0p50_999_j_LT
Pre-tax national income 
Bottom 50% | share | all ages | equal split
",p0p50,2012,0.1851,3.0,LTU,Eastern Europe & FSU
Lithuania,"sptinc_p0p50_999_j_LT
Pre-tax national income 
Bottom 50% | share | all ages | equal split
",p0p50,2013,0.1798,3.0,LTU,Eastern Europe & FSU
Lithuania,"sptinc_p0p50_999_j_LT
Pre-tax national income 
Bottom 50% | share | all ages | equal split
",p0p50,2014,0.1622,3.0,LTU,Eastern Europe & FSU
Lithuania,"sptinc_p0p50_999_j_LT
Pre-tax national income 
Bottom 50% | share | all ages | equal split
",p0p50,2015,0.1726,3.0,LTU,Eastern Europe & FSU
Lithuania,"sptinc_p0p50_999_j_LT
Pre-tax national income 
Bottom 50% | share | all ages | equal split
",p0p50,2016,0.1737,3.0,LTU,Eastern Europe & FSU
Lithuania,"sptinc_p0p50_999_j_LT
Pre-tax national income 
Bottom 50% | share | all ages | equal split
",p0p50,2017,0.1696,3.0,LTU,Eastern Europe & FSU
Lithuania,"sptinc_p0p50_999_j_LT
Pre-tax national income 
Bottom 50% | share | all ages | equal split
",p0p50,2018,0.1774,3.0,LTU,Eastern Europe & FSU
Lithuania,"sptinc_p0p50_999_j_LT
Pre-tax national income 
Bottom 50% | share | all ages | equal split
",p0p50,2019,0.1733,3.0,LTU,Eastern Europe & FSU
Lithuania,"sptinc_p0p50_999_j_LT
Pre-tax national income 
Bottom 50% | share | all ages | equal split
",p0p50,2020,0.1706,3.0,LTU,Eastern Europe & FSU
Lithuania,"sptinc_p0p50_999_j_LT
Pre-tax national income 
Bottom 50% | share | all ages | equal split
",p0p50,2021,0.1678,3.0,LTU,Eastern Europe & FSU
Lithuania,"sptinc_p0p50_999_j_LT
Pre-tax national income 
Bottom 50% | share | all ages | equal split
",p0p50,2022,0.1681,3.0,LTU,Eastern Europe & FSU
Lithuania,"sptinc_p0p50_999_j_LT
Pre-tax national income 
Bottom 50% | share | all ages | equal split
",p0p50,2023,0.1671,3.0,LTU,Eastern Europe & FSU
Lithuania,"sptinc_p0p50_999_j_LT
Pre-tax national income 
Bottom 50% | share | all ages | equal split
",p0p50,2024,0.1671,1.0,LTU,Eastern Europe & FSU
Luxembourg,"sptinc_p0p50_999_j_LU
Pre-tax national income 
Bottom 50% | share | all ages | equal split
",p0p50,1980,0.215,2.0,LUX,Western Europe
Luxembourg,"sptinc_p0p50_999_j_LU
Pre-tax national income 
Bottom 50% | share | all ages | equal split
",p0p50,1981,0.215,2.0,LUX,Western Europe
Luxembourg,"sptinc_p0p50_999_j_LU
Pre-tax national income 
Bottom 50% | share | all ages | equal split
",p0p50,1982,0.215,2.0,LUX,Western Europe
Luxembourg,"sptinc_p0p50_999_j_LU
Pre-tax national income 
Bottom 50% | share | all ages | equal split
",p0p50,1983,0.215,2.0,LUX,Western Europe
Luxembourg,"sptinc_p0p50_999_j_LU
Pre-tax national income 
Bottom 50% | share | all ages | equal split
",p0p50,1984,0.215,2.0,LUX,Western Europe
Luxembourg,"sptinc_p0p50_999_j_LU
Pre-tax national income 
Bottom 50% | share | all ages | equal split
",p0p50,1985,0.2154,4.0,LUX,Western Europe
Luxembourg,"sptinc_p0p50_999_j_LU
Pre-tax national income 
Bottom 50% | share | all ages | equal split
",p0p50,1986,0.2143,4.0,LUX,Western Europe
Luxembourg,"sptinc_p0p50_999_j_LU
Pre-tax national income 
Bottom 50% | share | all ages | equal split
",p0p50,1987,0.2149,4.0,LUX,Western Europe
Luxembourg,"sptinc_p0p50_999_j_LU
Pre-tax national income 
Bottom 50% | share | all ages | equal split
",p0p50,1988,0.2141,4.0,LUX,Western Europe
Luxembourg,"sptinc_p0p50_999_j_LU
Pre-tax national income 
Bottom 50% | share | all ages | equal split
",p0p50,1989,0.2126,4.0,LUX,Western Europe
Luxembourg,"sptinc_p0p50_999_j_LU
Pre-tax national income 
Bottom 50% | share | all ages | equal split
",p0p50,1990,0.2143,4.0,LUX,Western Europe
Luxembourg,"sptinc_p0p50_999_j_LU
Pre-tax national income 
Bottom 50% | share | all ages | equal split
",p0p50,1991,0.2138,4.0,LUX,Western Europe
Luxembourg,"sptinc_p0p50_999_j_LU
Pre-tax national income 
Bottom 50% | share | all ages | equal split
",p0p50,1992,0.2151,4.0,LUX,Western Europe
Luxembourg,"sptinc_p0p50_999_j_LU
Pre-tax national income 
Bottom 50% | share | all ages | equal split
",p0p50,1993,0.2139,3.0,LUX,Western Europe
Luxembourg,"sptinc_p0p50_999_j_LU
Pre-tax national income 
Bottom 50% | share | all ages | equal split
",p0p50,1994,0.2131,4.0,LUX,Western Europe
Luxembourg,"sptinc_p0p50_999_j_LU
Pre-tax national income 
Bottom 50% | share | all ages | equal split
",p0p50,1995,0.2106,3.0,LUX,Western Europe
Luxembourg,"sptinc_p0p50_999_j_LU
Pre-tax national income 
Bottom 50% | share | all ages | equal split
",p0p50,1996,0.2073,3.0,LUX,Western Europe
Luxembourg,"sptinc_p0p50_999_j_LU
Pre-tax national income 
Bottom 50% | share | all ages | equal split
",p0p50,1997,0.1996,4.0,LUX,Western Europe
Luxembourg,"sptinc_p0p50_999_j_LU
Pre-tax national income 
Bottom 50% | share | all ages | equal split
",p0p50,1998,0.1887,4.0,LUX,Western Europe
Luxembourg,"sptinc_p0p50_999_j_LU
Pre-tax national income 
Bottom 50% | share | all ages | equal split
",p0p50,1999,0.1922,4.0,LUX,Western Europe
Luxembourg,"sptinc_p0p50_999_j_LU
Pre-tax national income 
Bottom 50% | share | all ages | equal split
",p0p50,2000,0.1882,4.0,LUX,Western Europe
Luxembourg,"sptinc_p0p50_999_j_LU
Pre-tax national income 
Bottom 50% | share | all ages | equal split
",p0p50,2001,0.1917,4.0,LUX,Western Europe
Luxembourg,"sptinc_p0p50_999_j_LU
Pre-tax national income 
Bottom 50% | share | all ages | equal split
",p0p50,2002,0.2007,4.0,LUX,Western Europe
Luxembourg,"sptinc_p0p50_999_j_LU
Pre-tax national income 
Bottom 50% | share | all ages | equal split
",p0p50,2003,0.2018,4.0,LUX,Western Europe
Luxembourg,"sptinc_p0p50_999_j_LU
Pre-tax national income 
Bottom 50% | share | all ages | equal split
",p0p50,2004,0.1843,4.0,LUX,Western Europe
Luxembourg,"sptinc_p0p50_999_j_LU
Pre-tax national income 
Bottom 50% | share | all ages | equal split
",p0p50,2005,0.183,4.0,LUX,Western Europe
Luxembourg,"sptinc_p0p50_999_j_LU
Pre-tax national income 
Bottom 50% | share | all ages | equal split
",p0p50,2006,0.1941,4.0,LUX,Western Europe
Luxembourg,"sptinc_p0p50_999_j_LU
Pre-tax national income 
Bottom 50% | share | all ages | equal split
",p0p50,2007,0.1832,4.0,LUX,Western Europe
Luxembourg,"sptinc_p0p50_999_j_LU
Pre-tax national income 
Bottom 50% | share | all ages | equal split
",p0p50,2008,0.1848,4.0,LUX,Western Europe
Luxembourg,"sptinc_p0p50_999_j_LU
Pre-tax national income 
Bottom 50% | share | all ages | equal split
",p0p50,2009,0.2,4.0,LUX,Western Europe
Luxembourg,"sptinc_p0p50_999_j_LU
Pre-tax national income 
Bottom 50% | share | all ages | equal split
",p0p50,2010,0.2026,4.0,LUX,Western Europe
Luxembourg,"sptinc_p0p50_999_j_LU
Pre-tax national income 
Bottom 50% | share | all ages | equal split
",p0p50,2011,0.1995,3.0,LUX,Western Europe
Luxembourg,"sptinc_p0p50_999_j_LU
Pre-tax national income 
Bottom 50% | share | all ages | equal split
",p0p50,2012,0.1865,3.0,LUX,Western Europe
Luxembourg,"sptinc_p0p50_999_j_LU
Pre-tax national income 
Bottom 50% | share | all ages | equal split
",p0p50,2013,0.1958,3.0,LUX,Western Europe
Luxembourg,"sptinc_p0p50_999_j_LU
Pre-tax national income 
Bottom 50% | share | all ages | equal split
",p0p50,2014,0.1981,3.0,LUX,Western Europe
Luxembourg,"sptinc_p0p50_999_j_LU
Pre-tax national income 
Bottom 50% | share | all ages | equal split
",p0p50,2015,0.2069,3.0,LUX,Western Europe
Luxembourg,"sptinc_p0p50_999_j_LU
Pre-tax national income 
Bottom 50% | share | all ages | equal split
",p0p50,2016,0.1961,3.0,LUX,Western Europe
Luxembourg,"sptinc_p0p50_999_j_LU
Pre-tax national income 
Bottom 50% | share | all ages | equal split
",p0p50,2017,0.187,3.0,LUX,Western Europe
Luxembourg,"sptinc_p0p50_999_j_LU
Pre-tax national income 
Bottom 50% | share | all ages | equal split
",p0p50,2018,0.1908,3.0,LUX,Western Europe
Luxembourg,"sptinc_p0p50_999_j_LU
Pre-tax national income 
Bottom 50% | share | all ages | equal split
",p0p50,2019,0.1969,3.0,LUX,Western Europe
Luxembourg,"sptinc_p0p50_999_j_LU
Pre-tax national income 
Bottom 50% | share | all ages | equal split
",p0p50,2020,0.1969,3.0,LUX,Western Europe
Luxembourg,"sptinc_p0p50_999_j_LU
Pre-tax national income 
Bottom 50% | share | all ages | equal split
",p0p50,2021,0.2025,3.0,LUX,Western Europe
Luxembourg,"sptinc_p0p50_999_j_LU
Pre-tax national income 
Bottom 50% | share | all ages | equal split
",p0p50,2022,0.1997,3.0,LUX,Western Europe
Luxembourg,"sptinc_p0p50_999_j_LU
Pre-tax national income 
Bottom 50% | share | all ages | equal split
",p0p50,2023,0.2048,3.0,LUX,Western Europe
Luxembourg,"sptinc_p0p50_999_j_LU
Pre-tax national income 
Bottom 50% | share | all ages | equal split
",p0p50,2024,0.2048,1.0,LUX,Western Europe
Madagascar,"sptinc_p0p50_999_j_MG
Pre-tax national income 
Bottom 50% | share | all ages | equal split
",p0p50,1980,0.1056,3.0,MDG,Sub-Saharan Africa
Madagascar,"sptinc_p0p50_999_j_MG
Pre-tax national income 
Bottom 50% | share | all ages | equal split
",p0p50,1981,0.1062,2.0,MDG,Sub-Saharan Africa
Madagascar,"sptinc_p0p50_999_j_MG
Pre-tax national income 
Bottom 50% | share | all ages | equal split
",p0p50,1982,0.1068,2.0,MDG,Sub-Saharan Africa
Madagascar,"sptinc_p0p50_999_j_MG
Pre-tax national income 
Bottom 50% | share | all ages | equal split
",p0p50,1983,0.1075,2.0,MDG,Sub-Saharan Africa
Madagascar,"sptinc_p0p50_999_j_MG
Pre-tax national income 
Bottom 50% | share | all ages | equal split
",p0p50,1984,0.1081,2.0,MDG,Sub-Saharan Africa
Madagascar,"sptinc_p0p50_999_j_MG
Pre-tax national income 
Bottom 50% | share | all ages | equal split
",p0p50,1985,0.1087,2.0,MDG,Sub-Saharan Africa
Madagascar,"sptinc_p0p50_999_j_MG
Pre-tax national income 
Bottom 50% | share | all ages | equal split
",p0p50,1986,0.1093,2.0,MDG,Sub-Saharan Africa
Madagascar,"sptinc_p0p50_999_j_MG
Pre-tax national income 
Bottom 50% | share | all ages | equal split
",p0p50,1987,0.11,2.0,MDG,Sub-Saharan Africa
Madagascar,"sptinc_p0p50_999_j_MG
Pre-tax national income 
Bottom 50% | share | all ages | equal split
",p0p50,1988,0.1106,2.0,MDG,Sub-Saharan Africa
Madagascar,"sptinc_p0p50_999_j_MG
Pre-tax national income 
Bottom 50% | share | all ages | equal split
",p0p50,1989,0.1112,2.0,MDG,Sub-Saharan Africa
Madagascar,"sptinc_p0p50_999_j_MG
Pre-tax national income 
Bottom 50% | share | all ages | equal split
",p0p50,1990,0.1118,2.0,MDG,Sub-Saharan Africa
Madagascar,"sptinc_p0p50_999_j_MG
Pre-tax national income 
Bottom 50% | share | all ages | equal split
",p0p50,1991,0.1125,2.0,MDG,Sub-Saharan Africa
Madagascar,"sptinc_p0p50_999_j_MG
Pre-tax national income 
Bottom 50% | share | all ages | equal split
",p0p50,1992,0.1131,2.0,MDG,Sub-Saharan Africa
Madagascar,"sptinc_p0p50_999_j_MG
Pre-tax national income 
Bottom 50% | share | all ages | equal split
",p0p50,1993,0.1137,3.0,MDG,Sub-Saharan Africa
Madagascar,"sptinc_p0p50_999_j_MG
Pre-tax national income 
Bottom 50% | share | all ages | equal split
",p0p50,1994,0.1196,2.0,MDG,Sub-Saharan Africa
Madagascar,"sptinc_p0p50_999_j_MG
Pre-tax national income 
Bottom 50% | share | all ages | equal split
",p0p50,1995,0.1254,2.0,MDG,Sub-Saharan Africa
Madagascar,"sptinc_p0p50_999_j_MG
Pre-tax national income 
Bottom 50% | share | all ages | equal split
",p0p50,1996,0.1312,2.0,MDG,Sub-Saharan Africa
Madagascar,"sptinc_p0p50_999_j_MG
Pre-tax national income 
Bottom 50% | share | all ages | equal split
",p0p50,1997,0.1371,3.0,MDG,Sub-Saharan Africa
Madagascar,"sptinc_p0p50_999_j_MG
Pre-tax national income 
Bottom 50% | share | all ages | equal split
",p0p50,1998,0.1381,2.0,MDG,Sub-Saharan Africa
Madagascar,"sptinc_p0p50_999_j_MG
Pre-tax national income 
Bottom 50% | share | all ages | equal split
",p0p50,1999,0.1391,3.0,MDG,Sub-Saharan Africa
Madagascar,"sptinc_p0p50_999_j_MG
Pre-tax national income 
Bottom 50% | share | all ages | equal split
",p0p50,2000,0.1213,2.0,MDG,Sub-Saharan Africa
Madagascar,"sptinc_p0p50_999_j_MG
Pre-tax national income 
Bottom 50% | share | all ages | equal split
",p0p50,2001,0.1036,3.0,MDG,Sub-Saharan Africa
Madagascar,"sptinc_p0p50_999_j_MG
Pre-tax national income 
Bottom 50% | share | all ages | equal split
",p0p50,2002,0.1111,2.0,MDG,Sub-Saharan Africa
Madagascar,"sptinc_p0p50_999_j_MG
Pre-tax national income 
Bottom 50% | share | all ages | equal split
",p0p50,2003,0.1187,2.0,MDG,Sub-Saharan Africa
Madagascar,"sptinc_p0p50_999_j_MG
Pre-tax national income 
Bottom 50% | share | all ages | equal split
",p0p50,2004,0.1263,2.0,MDG,Sub-Saharan Africa
Madagascar,"sptinc_p0p50_999_j_MG
Pre-tax national income 
Bottom 50% | share | all ages | equal split
",p0p50,2005,0.1339,3.0,MDG,Sub-Saharan Africa
Madagascar,"sptinc_p0p50_999_j_MG
Pre-tax national income 
Bottom 50% | share | all ages | equal split
",p0p50,2006,0.132,2.0,MDG,Sub-Saharan Africa
Madagascar,"sptinc_p0p50_999_j_MG
Pre-tax national income 
Bottom 50% | share | all ages | equal split
",p0p50,2007,0.1301,2.0,MDG,Sub-Saharan Africa
Madagascar,"sptinc_p0p50_999_j_MG
Pre-tax national income 
Bottom 50% | share | all ages | equal split
",p0p50,2008,0.1282,2.0,MDG,Sub-Saharan Africa
Madagascar,"sptinc_p0p50_999_j_MG
Pre-tax national income 
Bottom 50% | share | all ages | equal split
",p0p50,2009,0.1263,2.0,MDG,Sub-Saharan Africa
Madagascar,"sptinc_p0p50_999_j_MG
Pre-tax national income 
Bottom 50% | share | all ages | equal split
",p0p50,2010,0.1244,3.0,MDG,Sub-Saharan Africa
Madagascar,"sptinc_p0p50_999_j_MG
Pre-tax national income 
Bottom 50% | share | all ages | equal split
",p0p50,2011,0.1246,2.0,MDG,Sub-Saharan Africa
Madagascar,"sptinc_p0p50_999_j_MG
Pre-tax national income 
Bottom 50% | share | all ages | equal split
",p0p50,2012,0.1248,3.0,MDG,Sub-Saharan Africa
Madagascar,"sptinc_p0p50_999_j_MG
Pre-tax national income 
Bottom 50% | share | all ages | equal split
",p0p50,2013,0.1273,2.0,MDG,Sub-Saharan Africa
Madagascar,"sptinc_p0p50_999_j_MG
Pre-tax national income 
Bottom 50% | share | all ages | equal split
",p0p50,2014,0.1299,2.0,MDG,Sub-Saharan Africa
Madagascar,"sptinc_p0p50_999_j_MG
Pre-tax national income 
Bottom 50% | share | all ages | equal split
",p0p50,2015,0.1325,2.0,MDG,Sub-Saharan Africa
Madagascar,"sptinc_p0p50_999_j_MG
Pre-tax national income 
Bottom 50% | share | all ages | equal split
",p0p50,2016,0.135,2.0,MDG,Sub-Saharan Africa
Madagascar,"sptinc_p0p50_999_j_MG
Pre-tax national income 
Bottom 50% | share | all ages | equal split
",p0p50,2017,0.1376,2.0,MDG,Sub-Saharan Africa
Madagascar,"sptinc_p0p50_999_j_MG
Pre-tax national income 
Bottom 50% | share | all ages | equal split
",p0p50,2018,0.1401,2.0,MDG,Sub-Saharan Africa
Madagascar,"sptinc_p0p50_999_j_MG
Pre-tax national income 
Bottom 50% | share | all ages | equal split
",p0p50,2019,0.1427,2.0,MDG,Sub-Saharan Africa
Madagascar,"sptinc_p0p50_999_j_MG
Pre-tax national income 
Bottom 50% | share | all ages | equal split
",p0p50,2020,0.1453,2.0,MDG,Sub-Saharan Africa
Madagascar,"sptinc_p0p50_999_j_MG
Pre-tax national income 
Bottom 50% | share | all ages | equal split
",p0p50,2021,0.1479,3.0,MDG,Sub-Saharan Africa
Madagascar,"sptinc_p0p50_999_j_MG
Pre-tax national income 
Bottom 50% | share | all ages | equal split
",p0p50,2022,0.1479,1.0,MDG,Sub-Saharan Africa
Madagascar,"sptinc_p0p50_999_j_MG
Pre-tax national income 
Bottom 50% | share | all ages | equal split
",p0p50,2023,0.1479,1.0,MDG,Sub-Saharan Africa
Madagascar,"sptinc_p0p50_999_j_MG
Pre-tax national income 
Bottom 50% | share | all ages | equal split
",p0p50,2024,0.1479,1.0,MDG,Sub-Saharan Africa
Malawi,"sptinc_p0p50_999_j_MW
Pre-tax national income 
Bottom 50% | share | all ages | equal split
",p0p50,1964,0.0989,3.0,MWI,Sub-Saharan Africa
Malawi,"sptinc_p0p50_999_j_MW
Pre-tax national income 
Bottom 50% | share | all ages | equal split
",p0p50,1965,0.0948,3.0,MWI,Sub-Saharan Africa
Malawi,"sptinc_p0p50_999_j_MW
Pre-tax national income 
Bottom 50% | share | all ages | equal split
",p0p50,1966,0.0971,3.0,MWI,Sub-Saharan Africa
Malawi,"sptinc_p0p50_999_j_MW
Pre-tax national income 
Bottom 50% | share | all ages | equal split
",p0p50,1967,0.0936,3.0,MWI,Sub-Saharan Africa
Malawi,"sptinc_p0p50_999_j_MW
Pre-tax national income 
Bottom 50% | share | all ages | equal split
",p0p50,1968,0.0887,3.0,MWI,Sub-Saharan Africa
Malawi,"sptinc_p0p50_999_j_MW
Pre-tax national income 
Bottom 50% | share | all ages | equal split
",p0p50,1969,0.0917,3.0,MWI,Sub-Saharan Africa
Malawi,"sptinc_p0p50_999_j_MW
Pre-tax national income 
Bottom 50% | share | all ages | equal split
",p0p50,1970,0.0877,3.0,MWI,Sub-Saharan Africa
Malawi,"sptinc_p0p50_999_j_MW
Pre-tax national income 
Bottom 50% | share | all ages | equal split
",p0p50,1971,0.0827,3.0,MWI,Sub-Saharan Africa
Malawi,"sptinc_p0p50_999_j_MW
Pre-tax national income 
Bottom 50% | share | all ages | equal split
",p0p50,1972,0.0765,3.0,MWI,Sub-Saharan Africa
Malawi,"sptinc_p0p50_999_j_MW
Pre-tax national income 
Bottom 50% | share | all ages | equal split
",p0p50,1973,0.0814,3.0,MWI,Sub-Saharan Africa
Malawi,"sptinc_p0p50_999_j_MW
Pre-tax national income 
Bottom 50% | share | all ages | equal split
",p0p50,1974,0.0763,3.0,MWI,Sub-Saharan Africa
Malawi,"sptinc_p0p50_999_j_MW
Pre-tax national income 
Bottom 50% | share | all ages | equal split
",p0p50,1975,0.0705,3.0,MWI,Sub-Saharan Africa
Malawi,"sptinc_p0p50_999_j_MW
Pre-tax national income 
Bottom 50% | share | all ages | equal split
",p0p50,1976,0.075,3.0,MWI,Sub-Saharan Africa
Malawi,"sptinc_p0p50_999_j_MW
Pre-tax national income 
Bottom 50% | share | all ages | equal split
",p0p50,1977,0.0698,3.0,MWI,Sub-Saharan Africa
Malawi,"sptinc_p0p50_999_j_MW
Pre-tax national income 
Bottom 50% | share | all ages | equal split
",p0p50,1978,0.0642,3.0,MWI,Sub-Saharan Africa
Malawi,"sptinc_p0p50_999_j_MW
Pre-tax national income 
Bottom 50% | share | all ages | equal split
",p0p50,1979,0.068,3.0,MWI,Sub-Saharan Africa
Malawi,"sptinc_p0p50_999_j_MW
Pre-tax national income 
Bottom 50% | share | all ages | equal split
",p0p50,1980,0.052,1.0,MWI,Sub-Saharan Africa
Malawi,"sptinc_p0p50_999_j_MW
Pre-tax national income 
Bottom 50% | share | all ages | equal split
",p0p50,1981,0.052,1.0,MWI,Sub-Saharan Africa
Malawi,"sptinc_p0p50_999_j_MW
Pre-tax national income 
Bottom 50% | share | all ages | equal split
",p0p50,1982,0.052,1.0,MWI,Sub-Saharan Africa
Malawi,"sptinc_p0p50_999_j_MW
Pre-tax national income 
Bottom 50% | share | all ages | equal split
",p0p50,1983,0.052,1.0,MWI,Sub-Saharan Africa
Malawi,"sptinc_p0p50_999_j_MW
Pre-tax national income 
Bottom 50% | share | all ages | equal split
",p0p50,1984,0.052,1.0,MWI,Sub-Saharan Africa
Malawi,"sptinc_p0p50_999_j_MW
Pre-tax national income 
Bottom 50% | share | all ages | equal split
",p0p50,1985,0.052,1.0,MWI,Sub-Saharan Africa
Malawi,"sptinc_p0p50_999_j_MW
Pre-tax national income 
Bottom 50% | share | all ages | equal split
",p0p50,1986,0.052,1.0,MWI,Sub-Saharan Africa
Malawi,"sptinc_p0p50_999_j_MW
Pre-tax national income 
Bottom 50% | share | all ages | equal split
",p0p50,1987,0.052,1.0,MWI,Sub-Saharan Africa
Malawi,"sptinc_p0p50_999_j_MW
Pre-tax national income 
Bottom 50% | share | all ages | equal split
",p0p50,1988,0.052,1.0,MWI,Sub-Saharan Africa
Malawi,"sptinc_p0p50_999_j_MW
Pre-tax national income 
Bottom 50% | share | all ages | equal split
",p0p50,1989,0.052,1.0,MWI,Sub-Saharan Africa
Malawi,"sptinc_p0p50_999_j_MW
Pre-tax national income 
Bottom 50% | share | all ages | equal split
",p0p50,1990,0.052,1.0,MWI,Sub-Saharan Africa
Malawi,"sptinc_p0p50_999_j_MW
Pre-tax national income 
Bottom 50% | share | all ages | equal split
",p0p50,1991,0.052,1.0,MWI,Sub-Saharan Africa
Malawi,"sptinc_p0p50_999_j_MW
Pre-tax national income 
Bottom 50% | share | all ages | equal split
",p0p50,1992,0.052,1.0,MWI,Sub-Saharan Africa
Malawi,"sptinc_p0p50_999_j_MW
Pre-tax national income 
Bottom 50% | share | all ages | equal split
",p0p50,1993,0.052,1.0,MWI,Sub-Saharan Africa
Malawi,"sptinc_p0p50_999_j_MW
Pre-tax national income 
Bottom 50% | share | all ages | equal split
",p0p50,1994,0.052,1.0,MWI,Sub-Saharan Africa
Malawi,"sptinc_p0p50_999_j_MW
Pre-tax national income 
Bottom 50% | share | all ages | equal split
",p0p50,1995,0.052,1.0,MWI,Sub-Saharan Africa
Malawi,"sptinc_p0p50_999_j_MW
Pre-tax national income 
Bottom 50% | share | all ages | equal split
",p0p50,1996,0.052,1.0,MWI,Sub-Saharan Africa
Malawi,"sptinc_p0p50_999_j_MW
Pre-tax national income 
Bottom 50% | share | all ages | equal split
",p0p50,1997,0.052,3.0,MWI,Sub-Saharan Africa
Malawi,"sptinc_p0p50_999_j_MW
Pre-tax national income 
Bottom 50% | share | all ages | equal split
",p0p50,1998,0.0634,2.0,MWI,Sub-Saharan Africa
Malawi,"sptinc_p0p50_999_j_MW
Pre-tax national income 
Bottom 50% | share | all ages | equal split
",p0p50,1999,0.0748,2.0,MWI,Sub-Saharan Africa
Malawi,"sptinc_p0p50_999_j_MW
Pre-tax national income 
Bottom 50% | share | all ages | equal split
",p0p50,2000,0.0863,2.0,MWI,Sub-Saharan Africa
Malawi,"sptinc_p0p50_999_j_MW
Pre-tax national income 
Bottom 50% | share | all ages | equal split
",p0p50,2001,0.0977,2.0,MWI,Sub-Saharan Africa
Malawi,"sptinc_p0p50_999_j_MW
Pre-tax national income 
Bottom 50% | share | all ages | equal split
",p0p50,2002,0.1092,2.0,MWI,Sub-Saharan Africa
Malawi,"sptinc_p0p50_999_j_MW
Pre-tax national income 
Bottom 50% | share | all ages | equal split
",p0p50,2003,0.1208,2.0,MWI,Sub-Saharan Africa
Malawi,"sptinc_p0p50_999_j_MW
Pre-tax national income 
Bottom 50% | share | all ages | equal split
",p0p50,2004,0.1323,3.0,MWI,Sub-Saharan Africa
Malawi,"sptinc_p0p50_999_j_MW
Pre-tax national income 
Bottom 50% | share | all ages | equal split
",p0p50,2005,0.1287,2.0,MWI,Sub-Saharan Africa
Malawi,"sptinc_p0p50_999_j_MW
Pre-tax national income 
Bottom 50% | share | all ages | equal split
",p0p50,2006,0.1252,2.0,MWI,Sub-Saharan Africa
Malawi,"sptinc_p0p50_999_j_MW
Pre-tax national income 
Bottom 50% | share | all ages | equal split
",p0p50,2007,0.1216,2.0,MWI,Sub-Saharan Africa
Malawi,"sptinc_p0p50_999_j_MW
Pre-tax national income 
Bottom 50% | share | all ages | equal split
",p0p50,2008,0.118,2.0,MWI,Sub-Saharan Africa
Malawi,"sptinc_p0p50_999_j_MW
Pre-tax national income 
Bottom 50% | share | all ages | equal split
",p0p50,2009,0.1145,2.0,MWI,Sub-Saharan Africa
Malawi,"sptinc_p0p50_999_j_MW
Pre-tax national income 
Bottom 50% | share | all ages | equal split
",p0p50,2010,0.1109,3.0,MWI,Sub-Saharan Africa
Malawi,"sptinc_p0p50_999_j_MW
Pre-tax national income 
Bottom 50% | share | all ages | equal split
",p0p50,2011,0.1112,2.0,MWI,Sub-Saharan Africa
Malawi,"sptinc_p0p50_999_j_MW
Pre-tax national income 
Bottom 50% | share | all ages | equal split
",p0p50,2012,0.1114,2.0,MWI,Sub-Saharan Africa
Malawi,"sptinc_p0p50_999_j_MW
Pre-tax national income 
Bottom 50% | share | all ages | equal split
",p0p50,2013,0.1116,2.0,MWI,Sub-Saharan Africa
Malawi,"sptinc_p0p50_999_j_MW
Pre-tax national income 
Bottom 50% | share | all ages | equal split
",p0p50,2014,0.1119,2.0,MWI,Sub-Saharan Africa
Malawi,"sptinc_p0p50_999_j_MW
Pre-tax national income 
Bottom 50% | share | all ages | equal split
",p0p50,2015,0.1121,2.0,MWI,Sub-Saharan Africa
Malawi,"sptinc_p0p50_999_j_MW
Pre-tax national income 
Bottom 50% | share | all ages | equal split
",p0p50,2016,0.1123,3.0,MWI,Sub-Saharan Africa
Malawi,"sptinc_p0p50_999_j_MW
Pre-tax national income 
Bottom 50% | share | all ages | equal split
",p0p50,2017,0.1213,2.0,MWI,Sub-Saharan Africa
Malawi,"sptinc_p0p50_999_j_MW
Pre-tax national income 
Bottom 50% | share | all ages | equal split
",p0p50,2018,0.1302,2.0,MWI,Sub-Saharan Africa
Malawi,"sptinc_p0p50_999_j_MW
Pre-tax national income 
Bottom 50% | share | all ages | equal split
",p0p50,2019,0.1391,3.0,MWI,Sub-Saharan Africa
Malawi,"sptinc_p0p50_999_j_MW
Pre-tax national income 
Bottom 50% | share | all ages | equal split
",p0p50,2020,0.1391,1.0,MWI,Sub-Saharan Africa
Malawi,"sptinc_p0p50_999_j_MW
Pre-tax national income 
Bottom 50% | share | all ages | equal split
",p0p50,2021,0.1391,1.0,MWI,Sub-Saharan Africa
Malawi,"sptinc_p0p50_999_j_MW
Pre-tax national income 
Bottom 50% | share | all ages | equal split
",p0p50,2022,0.1391,1.0,MWI,Sub-Saharan Africa
Malawi,"sptinc_p0p50_999_j_MW
Pre-tax national income 
Bottom 50% | share | all ages | equal split
",p0p50,2023,0.1391,1.0,MWI,Sub-Saharan Africa
Malawi,"sptinc_p0p50_999_j_MW
Pre-tax national income 
Bottom 50% | share | all ages | equal split
",p0p50,2024,0.1391,1.0,MWI,Sub-Saharan Africa
Malaysia,"sptinc_p0p50_999_j_MY
Pre-tax national income 
Bottom 50% | share | all ages | equal split
",p0p50,1960,0.1735,3.0,MYS,Southeast Asia
Malaysia,"sptinc_p0p50_999_j_MY
Pre-tax national income 
Bottom 50% | share | all ages | equal split
",p0p50,1961,0.1716,3.0,MYS,Southeast Asia
Malaysia,"sptinc_p0p50_999_j_MY
Pre-tax national income 
Bottom 50% | share | all ages | equal split
",p0p50,1962,0.1714,3.0,MYS,Southeast Asia
Malaysia,"sptinc_p0p50_999_j_MY
Pre-tax national income 
Bottom 50% | share | all ages | equal split
",p0p50,1963,0.1698,3.0,MYS,Southeast Asia
Malaysia,"sptinc_p0p50_999_j_MY
Pre-tax national income 
Bottom 50% | share | all ages | equal split
",p0p50,1964,0.1686,3.0,MYS,Southeast Asia
Malaysia,"sptinc_p0p50_999_j_MY
Pre-tax national income 
Bottom 50% | share | all ages | equal split
",p0p50,1965,0.1678,3.0,MYS,Southeast Asia
Malaysia,"sptinc_p0p50_999_j_MY
Pre-tax national income 
Bottom 50% | share | all ages | equal split
",p0p50,1966,0.1688,3.0,MYS,Southeast Asia
Malaysia,"sptinc_p0p50_999_j_MY
Pre-tax national income 
Bottom 50% | share | all ages | equal split
",p0p50,1967,0.1675,3.0,MYS,Southeast Asia
Malaysia,"sptinc_p0p50_999_j_MY
Pre-tax national income 
Bottom 50% | share | all ages | equal split
",p0p50,1968,0.1657,3.0,MYS,Southeast Asia
Malaysia,"sptinc_p0p50_999_j_MY
Pre-tax national income 
Bottom 50% | share | all ages | equal split
",p0p50,1969,0.1658,3.0,MYS,Southeast Asia
Malaysia,"sptinc_p0p50_999_j_MY
Pre-tax national income 
Bottom 50% | share | all ages | equal split
",p0p50,1970,0.1613,3.0,MYS,Southeast Asia
Malaysia,"sptinc_p0p50_999_j_MY
Pre-tax national income 
Bottom 50% | share | all ages | equal split
",p0p50,1971,0.1609,3.0,MYS,Southeast Asia
Malaysia,"sptinc_p0p50_999_j_MY
Pre-tax national income 
Bottom 50% | share | all ages | equal split
",p0p50,1972,0.1607,3.0,MYS,Southeast Asia
Malaysia,"sptinc_p0p50_999_j_MY
Pre-tax national income 
Bottom 50% | share | all ages | equal split
",p0p50,1973,0.1576,3.0,MYS,Southeast Asia
Malaysia,"sptinc_p0p50_999_j_MY
Pre-tax national income 
Bottom 50% | share | all ages | equal split
",p0p50,1974,0.1577,3.0,MYS,Southeast Asia
Malaysia,"sptinc_p0p50_999_j_MY
Pre-tax national income 
Bottom 50% | share | all ages | equal split
",p0p50,1975,0.1572,3.0,MYS,Southeast Asia
Malaysia,"sptinc_p0p50_999_j_MY
Pre-tax national income 
Bottom 50% | share | all ages | equal split
",p0p50,1980,0.1383,1.0,MYS,Southeast Asia
Malaysia,"sptinc_p0p50_999_j_MY
Pre-tax national income 
Bottom 50% | share | all ages | equal split
",p0p50,1981,0.1383,1.0,MYS,Southeast Asia
Malaysia,"sptinc_p0p50_999_j_MY
Pre-tax national income 
Bottom 50% | share | all ages | equal split
",p0p50,1982,0.1383,1.0,MYS,Southeast Asia
Malaysia,"sptinc_p0p50_999_j_MY
Pre-tax national income 
Bottom 50% | share | all ages | equal split
",p0p50,1983,0.1383,1.0,MYS,Southeast Asia
Malaysia,"sptinc_p0p50_999_j_MY
Pre-tax national income 
Bottom 50% | share | all ages | equal split
",p0p50,1984,0.1383,4.0,MYS,Southeast Asia
Malaysia,"sptinc_p0p50_999_j_MY
Pre-tax national income 
Bottom 50% | share | all ages | equal split
",p0p50,1985,0.1398,2.0,MYS,Southeast Asia
Malaysia,"sptinc_p0p50_999_j_MY
Pre-tax national income 
Bottom 50% | share | all ages | equal split
",p0p50,1986,0.1414,2.0,MYS,Southeast Asia
Malaysia,"sptinc_p0p50_999_j_MY
Pre-tax national income 
Bottom 50% | share | all ages | equal split
",p0p50,1987,0.143,4.0,MYS,Southeast Asia
Malaysia,"sptinc_p0p50_999_j_MY
Pre-tax national income 
Bottom 50% | share | all ages | equal split
",p0p50,1988,0.1445,2.0,MYS,Southeast Asia
Malaysia,"sptinc_p0p50_999_j_MY
Pre-tax national income 
Bottom 50% | share | all ages | equal split
",p0p50,1989,0.1457,4.0,MYS,Southeast Asia
Malaysia,"sptinc_p0p50_999_j_MY
Pre-tax national income 
Bottom 50% | share | all ages | equal split
",p0p50,1990,0.1433,2.0,MYS,Southeast Asia
Malaysia,"sptinc_p0p50_999_j_MY
Pre-tax national income 
Bottom 50% | share | all ages | equal split
",p0p50,1991,0.1413,2.0,MYS,Southeast Asia
Malaysia,"sptinc_p0p50_999_j_MY
Pre-tax national income 
Bottom 50% | share | all ages | equal split
",p0p50,1992,0.1396,4.0,MYS,Southeast Asia
Malaysia,"sptinc_p0p50_999_j_MY
Pre-tax national income 
Bottom 50% | share | all ages | equal split
",p0p50,1993,0.1386,2.0,MYS,Southeast Asia
Malaysia,"sptinc_p0p50_999_j_MY
Pre-tax national income 
Bottom 50% | share | all ages | equal split
",p0p50,1994,0.1378,2.0,MYS,Southeast Asia
Malaysia,"sptinc_p0p50_999_j_MY
Pre-tax national income 
Bottom 50% | share | all ages | equal split
",p0p50,1995,0.1371,4.0,MYS,Southeast Asia
Malaysia,"sptinc_p0p50_999_j_MY
Pre-tax national income 
Bottom 50% | share | all ages | equal split
",p0p50,1996,0.1363,2.0,MYS,Southeast Asia
Malaysia,"sptinc_p0p50_999_j_MY
Pre-tax national income 
Bottom 50% | share | all ages | equal split
",p0p50,1997,0.1357,4.0,MYS,Southeast Asia
Malaysia,"sptinc_p0p50_999_j_MY
Pre-tax national income 
Bottom 50% | share | all ages | equal split
",p0p50,1998,0.1382,2.0,MYS,Southeast Asia
Malaysia,"sptinc_p0p50_999_j_MY
Pre-tax national income 
Bottom 50% | share | all ages | equal split
",p0p50,1999,0.1404,2.0,MYS,Southeast Asia
Malaysia,"sptinc_p0p50_999_j_MY
Pre-tax national income 
Bottom 50% | share | all ages | equal split
",p0p50,2000,0.1423,2.0,MYS,Southeast Asia
Malaysia,"sptinc_p0p50_999_j_MY
Pre-tax national income 
Bottom 50% | share | all ages | equal split
",p0p50,2001,0.1441,2.0,MYS,Southeast Asia
Malaysia,"sptinc_p0p50_999_j_MY
Pre-tax national income 
Bottom 50% | share | all ages | equal split
",p0p50,2002,0.1457,4.0,MYS,Southeast Asia
Malaysia,"sptinc_p0p50_999_j_MY
Pre-tax national income 
Bottom 50% | share | all ages | equal split
",p0p50,2003,0.1446,2.0,MYS,Southeast Asia
Malaysia,"sptinc_p0p50_999_j_MY
Pre-tax national income 
Bottom 50% | share | all ages | equal split
",p0p50,2004,0.1434,4.0,MYS,Southeast Asia
Malaysia,"sptinc_p0p50_999_j_MY
Pre-tax national income 
Bottom 50% | share | all ages | equal split
",p0p50,2005,0.1419,2.0,MYS,Southeast Asia
Malaysia,"sptinc_p0p50_999_j_MY
Pre-tax national income 
Bottom 50% | share | all ages | equal split
",p0p50,2006,0.1405,2.0,MYS,Southeast Asia
Malaysia,"sptinc_p0p50_999_j_MY
Pre-tax national income 
Bottom 50% | share | all ages | equal split
",p0p50,2007,0.139,4.0,MYS,Southeast Asia
Malaysia,"sptinc_p0p50_999_j_MY
Pre-tax national income 
Bottom 50% | share | all ages | equal split
",p0p50,2008,0.1419,2.0,MYS,Southeast Asia
Malaysia,"sptinc_p0p50_999_j_MY
Pre-tax national income 
Bottom 50% | share | all ages | equal split
",p0p50,2009,0.1448,4.0,MYS,Southeast Asia
Malaysia,"sptinc_p0p50_999_j_MY
Pre-tax national income 
Bottom 50% | share | all ages | equal split
",p0p50,2010,0.1486,2.0,MYS,Southeast Asia
Malaysia,"sptinc_p0p50_999_j_MY
Pre-tax national income 
Bottom 50% | share | all ages | equal split
",p0p50,2011,0.1523,2.0,MYS,Southeast Asia
Malaysia,"sptinc_p0p50_999_j_MY
Pre-tax national income 
Bottom 50% | share | all ages | equal split
",p0p50,2012,0.1561,4.0,MYS,Southeast Asia
Malaysia,"sptinc_p0p50_999_j_MY
Pre-tax national income 
Bottom 50% | share | all ages | equal split
",p0p50,2013,0.1645,2.0,MYS,Southeast Asia
Malaysia,"sptinc_p0p50_999_j_MY
Pre-tax national income 
Bottom 50% | share | all ages | equal split
",p0p50,2014,0.173,4.0,MYS,Southeast Asia
Malaysia,"sptinc_p0p50_999_j_MY
Pre-tax national income 
Bottom 50% | share | all ages | equal split
",p0p50,2015,0.173,2.0,MYS,Southeast Asia
Malaysia,"sptinc_p0p50_999_j_MY
Pre-tax national income 
Bottom 50% | share | all ages | equal split
",p0p50,2016,0.1914,4.0,MYS,Southeast Asia
Malaysia,"sptinc_p0p50_999_j_MY
Pre-tax national income 
Bottom 50% | share | all ages | equal split
",p0p50,2017,0.1921,2.0,MYS,Southeast Asia
Malaysia,"sptinc_p0p50_999_j_MY
Pre-tax national income 
Bottom 50% | share | all ages | equal split
",p0p50,2018,0.1926,2.0,MYS,Southeast Asia
Malaysia,"sptinc_p0p50_999_j_MY
Pre-tax national income 
Bottom 50% | share | all ages | equal split
",p0p50,2019,0.1931,4.0,MYS,Southeast Asia
Malaysia,"sptinc_p0p50_999_j_MY
Pre-tax national income 
Bottom 50% | share | all ages | equal split
",p0p50,2020,0.1927,2.0,MYS,Southeast Asia
Malaysia,"sptinc_p0p50_999_j_MY
Pre-tax national income 
Bottom 50% | share | all ages | equal split
",p0p50,2021,0.1924,2.0,MYS,Southeast Asia
Malaysia,"sptinc_p0p50_999_j_MY
Pre-tax national income 
Bottom 50% | share | all ages | equal split
",p0p50,2022,0.1921,4.0,MYS,Southeast Asia
Malaysia,"sptinc_p0p50_999_j_MY
Pre-tax national income 
Bottom 50% | share | all ages | equal split
",p0p50,2023,0.1921,1.0,MYS,Southeast Asia
Malaysia,"sptinc_p0p50_999_j_MY
Pre-tax national income 
Bottom 50% | share | all ages | equal split
",p0p50,2024,0.1921,1.0,MYS,Southeast Asia
Mali,"sptinc_p0p50_999_j_ML
Pre-tax national income 
Bottom 50% | share | all ages | equal split
",p0p50,1960,0.105,0.0,MLI,Sub-Saharan Africa
Mali,"sptinc_p0p50_999_j_ML
Pre-tax national income 
Bottom 50% | share | all ages | equal split
",p0p50,1970,0.1037,0.0,MLI,Sub-Saharan Africa
Mali,"sptinc_p0p50_999_j_ML
Pre-tax national income 
Bottom 50% | share | all ages | equal split
",p0p50,1980,0.093,1.0,MLI,Sub-Saharan Africa
Mali,"sptinc_p0p50_999_j_ML
Pre-tax national income 
Bottom 50% | share | all ages | equal split
",p0p50,1981,0.093,1.0,MLI,Sub-Saharan Africa
Mali,"sptinc_p0p50_999_j_ML
Pre-tax national income 
Bottom 50% | share | all ages | equal split
",p0p50,1982,0.093,1.0,MLI,Sub-Saharan Africa
Mali,"sptinc_p0p50_999_j_ML
Pre-tax national income 
Bottom 50% | share | all ages | equal split
",p0p50,1983,0.093,1.0,MLI,Sub-Saharan Africa
Mali,"sptinc_p0p50_999_j_ML
Pre-tax national income 
Bottom 50% | share | all ages | equal split
",p0p50,1984,0.093,1.0,MLI,Sub-Saharan Africa
Mali,"sptinc_p0p50_999_j_ML
Pre-tax national income 
Bottom 50% | share | all ages | equal split
",p0p50,1985,0.093,1.0,MLI,Sub-Saharan Africa
Mali,"sptinc_p0p50_999_j_ML
Pre-tax national income 
Bottom 50% | share | all ages | equal split
",p0p50,1986,0.093,1.0,MLI,Sub-Saharan Africa
Mali,"sptinc_p0p50_999_j_ML
Pre-tax national income 
Bottom 50% | share | all ages | equal split
",p0p50,1987,0.093,1.0,MLI,Sub-Saharan Africa
Mali,"sptinc_p0p50_999_j_ML
Pre-tax national income 
Bottom 50% | share | all ages | equal split
",p0p50,1988,0.093,1.0,MLI,Sub-Saharan Africa
Mali,"sptinc_p0p50_999_j_ML
Pre-tax national income 
Bottom 50% | share | all ages | equal split
",p0p50,1989,0.093,1.0,MLI,Sub-Saharan Africa
Mali,"sptinc_p0p50_999_j_ML
Pre-tax national income 
Bottom 50% | share | all ages | equal split
",p0p50,1990,0.093,1.0,MLI,Sub-Saharan Africa
Mali,"sptinc_p0p50_999_j_ML
Pre-tax national income 
Bottom 50% | share | all ages | equal split
",p0p50,1991,0.093,1.0,MLI,Sub-Saharan Africa
Mali,"sptinc_p0p50_999_j_ML
Pre-tax national income 
Bottom 50% | share | all ages | equal split
",p0p50,1992,0.093,1.0,MLI,Sub-Saharan Africa
Mali,"sptinc_p0p50_999_j_ML
Pre-tax national income 
Bottom 50% | share | all ages | equal split
",p0p50,1993,0.093,1.0,MLI,Sub-Saharan Africa
Mali,"sptinc_p0p50_999_j_ML
Pre-tax national income 
Bottom 50% | share | all ages | equal split
",p0p50,1994,0.093,3.0,MLI,Sub-Saharan Africa
Mali,"sptinc_p0p50_999_j_ML
Pre-tax national income 
Bottom 50% | share | all ages | equal split
",p0p50,1995,0.0987,2.0,MLI,Sub-Saharan Africa
Mali,"sptinc_p0p50_999_j_ML
Pre-tax national income 
Bottom 50% | share | all ages | equal split
",p0p50,1996,0.1044,2.0,MLI,Sub-Saharan Africa
Mali,"sptinc_p0p50_999_j_ML
Pre-tax national income 
Bottom 50% | share | all ages | equal split
",p0p50,1997,0.1101,2.0,MLI,Sub-Saharan Africa
Mali,"sptinc_p0p50_999_j_ML
Pre-tax national income 
Bottom 50% | share | all ages | equal split
",p0p50,1998,0.1158,2.0,MLI,Sub-Saharan Africa
Mali,"sptinc_p0p50_999_j_ML
Pre-tax national income 
Bottom 50% | share | all ages | equal split
",p0p50,1999,0.1215,2.0,MLI,Sub-Saharan Africa
Mali,"sptinc_p0p50_999_j_ML
Pre-tax national income 
Bottom 50% | share | all ages | equal split
",p0p50,2000,0.1272,2.0,MLI,Sub-Saharan Africa
Mali,"sptinc_p0p50_999_j_ML
Pre-tax national income 
Bottom 50% | share | all ages | equal split
",p0p50,2001,0.1329,3.0,MLI,Sub-Saharan Africa
Mali,"sptinc_p0p50_999_j_ML
Pre-tax national income 
Bottom 50% | share | all ages | equal split
",p0p50,2002,0.1343,2.0,MLI,Sub-Saharan Africa
Mali,"sptinc_p0p50_999_j_ML
Pre-tax national income 
Bottom 50% | share | all ages | equal split
",p0p50,2003,0.1358,2.0,MLI,Sub-Saharan Africa
Mali,"sptinc_p0p50_999_j_ML
Pre-tax national income 
Bottom 50% | share | all ages | equal split
",p0p50,2004,0.1372,2.0,MLI,Sub-Saharan Africa
Mali,"sptinc_p0p50_999_j_ML
Pre-tax national income 
Bottom 50% | share | all ages | equal split
",p0p50,2005,0.1387,2.0,MLI,Sub-Saharan Africa
Mali,"sptinc_p0p50_999_j_ML
Pre-tax national income 
Bottom 50% | share | all ages | equal split
",p0p50,2006,0.1401,3.0,MLI,Sub-Saharan Africa
Mali,"sptinc_p0p50_999_j_ML
Pre-tax national income 
Bottom 50% | share | all ages | equal split
",p0p50,2007,0.1478,2.0,MLI,Sub-Saharan Africa
Mali,"sptinc_p0p50_999_j_ML
Pre-tax national income 
Bottom 50% | share | all ages | equal split
",p0p50,2008,0.1556,2.0,MLI,Sub-Saharan Africa
Mali,"sptinc_p0p50_999_j_ML
Pre-tax national income 
Bottom 50% | share | all ages | equal split
",p0p50,2009,0.1634,3.0,MLI,Sub-Saharan Africa
Mali,"sptinc_p0p50_999_j_ML
Pre-tax national income 
Bottom 50% | share | all ages | equal split
",p0p50,2010,0.1617,2.0,MLI,Sub-Saharan Africa
Mali,"sptinc_p0p50_999_j_ML
Pre-tax national income 
Bottom 50% | share | all ages | equal split
",p0p50,2011,0.16,2.0,MLI,Sub-Saharan Africa
Mali,"sptinc_p0p50_999_j_ML
Pre-tax national income 
Bottom 50% | share | all ages | equal split
",p0p50,2012,0.1583,2.0,MLI,Sub-Saharan Africa
Mali,"sptinc_p0p50_999_j_ML
Pre-tax national income 
Bottom 50% | share | all ages | equal split
",p0p50,2013,0.1567,2.0,MLI,Sub-Saharan Africa
Mali,"sptinc_p0p50_999_j_ML
Pre-tax national income 
Bottom 50% | share | all ages | equal split
",p0p50,2014,0.155,2.0,MLI,Sub-Saharan Africa
Mali,"sptinc_p0p50_999_j_ML
Pre-tax national income 
Bottom 50% | share | all ages | equal split
",p0p50,2015,0.1533,2.0,MLI,Sub-Saharan Africa
Mali,"sptinc_p0p50_999_j_ML
Pre-tax national income 
Bottom 50% | share | all ages | equal split
",p0p50,2016,0.1516,2.0,MLI,Sub-Saharan Africa
Mali,"sptinc_p0p50_999_j_ML
Pre-tax national income 
Bottom 50% | share | all ages | equal split
",p0p50,2017,0.15,2.0,MLI,Sub-Saharan Africa
Mali,"sptinc_p0p50_999_j_ML
Pre-tax national income 
Bottom 50% | share | all ages | equal split
",p0p50,2018,0.1483,3.0,MLI,Sub-Saharan Africa
Mali,"sptinc_p0p50_999_j_ML
Pre-tax national income 
Bottom 50% | share | all ages | equal split
",p0p50,2019,0.1491,2.0,MLI,Sub-Saharan Africa
Mali,"sptinc_p0p50_999_j_ML
Pre-tax national income 
Bottom 50% | share | all ages | equal split
",p0p50,2020,0.1499,2.0,MLI,Sub-Saharan Africa
Mali,"sptinc_p0p50_999_j_ML
Pre-tax national income 
Bottom 50% | share | all ages | equal split
",p0p50,2021,0.1507,3.0,MLI,Sub-Saharan Africa
Mali,"sptinc_p0p50_999_j_ML
Pre-tax national income 
Bottom 50% | share | all ages | equal split
",p0p50,2022,0.1507,1.0,MLI,Sub-Saharan Africa
Mali,"sptinc_p0p50_999_j_ML
Pre-tax national income 
Bottom 50% | share | all ages | equal split
",p0p50,2023,0.1507,1.0,MLI,Sub-Saharan Africa
Mali,"sptinc_p0p50_999_j_ML
Pre-tax national income 
Bottom 50% | share | all ages | equal split
",p0p50,2024,0.1507,1.0,MLI,Sub-Saharan Africa
Mauritania,"sptinc_p0p50_999_j_MR
Pre-tax national income 
Bottom 50% | share | all ages | equal split
",p0p50,1980,0.1218,1.0,MRT,Sub-Saharan Africa
Mauritania,"sptinc_p0p50_999_j_MR
Pre-tax national income 
Bottom 50% | share | all ages | equal split
",p0p50,1981,0.1218,1.0,MRT,Sub-Saharan Africa
Mauritania,"sptinc_p0p50_999_j_MR
Pre-tax national income 
Bottom 50% | share | all ages | equal split
",p0p50,1982,0.1218,1.0,MRT,Sub-Saharan Africa
Mauritania,"sptinc_p0p50_999_j_MR
Pre-tax national income 
Bottom 50% | share | all ages | equal split
",p0p50,1983,0.1218,1.0,MRT,Sub-Saharan Africa
Mauritania,"sptinc_p0p50_999_j_MR
Pre-tax national income 
Bottom 50% | share | all ages | equal split
",p0p50,1984,0.1218,1.0,MRT,Sub-Saharan Africa
Mauritania,"sptinc_p0p50_999_j_MR
Pre-tax national income 
Bottom 50% | share | all ages | equal split
",p0p50,1985,0.1218,1.0,MRT,Sub-Saharan Africa
Mauritania,"sptinc_p0p50_999_j_MR
Pre-tax national income 
Bottom 50% | share | all ages | equal split
",p0p50,1986,0.1218,1.0,MRT,Sub-Saharan Africa
Mauritania,"sptinc_p0p50_999_j_MR
Pre-tax national income 
Bottom 50% | share | all ages | equal split
",p0p50,1987,0.1218,3.0,MRT,Sub-Saharan Africa
Mauritania,"sptinc_p0p50_999_j_MR
Pre-tax national income 
Bottom 50% | share | all ages | equal split
",p0p50,1988,0.1176,2.0,MRT,Sub-Saharan Africa
Mauritania,"sptinc_p0p50_999_j_MR
Pre-tax national income 
Bottom 50% | share | all ages | equal split
",p0p50,1989,0.1133,2.0,MRT,Sub-Saharan Africa
Mauritania,"sptinc_p0p50_999_j_MR
Pre-tax national income 
Bottom 50% | share | all ages | equal split
",p0p50,1990,0.1091,2.0,MRT,Sub-Saharan Africa
Mauritania,"sptinc_p0p50_999_j_MR
Pre-tax national income 
Bottom 50% | share | all ages | equal split
",p0p50,1991,0.1049,2.0,MRT,Sub-Saharan Africa
Mauritania,"sptinc_p0p50_999_j_MR
Pre-tax national income 
Bottom 50% | share | all ages | equal split
",p0p50,1992,0.1006,2.0,MRT,Sub-Saharan Africa
Mauritania,"sptinc_p0p50_999_j_MR
Pre-tax national income 
Bottom 50% | share | all ages | equal split
",p0p50,1993,0.0964,3.0,MRT,Sub-Saharan Africa
Mauritania,"sptinc_p0p50_999_j_MR
Pre-tax national income 
Bottom 50% | share | all ages | equal split
",p0p50,1994,0.1208,2.0,MRT,Sub-Saharan Africa
Mauritania,"sptinc_p0p50_999_j_MR
Pre-tax national income 
Bottom 50% | share | all ages | equal split
",p0p50,1995,0.1453,3.0,MRT,Sub-Saharan Africa
Mauritania,"sptinc_p0p50_999_j_MR
Pre-tax national income 
Bottom 50% | share | all ages | equal split
",p0p50,1996,0.1439,2.0,MRT,Sub-Saharan Africa
Mauritania,"sptinc_p0p50_999_j_MR
Pre-tax national income 
Bottom 50% | share | all ages | equal split
",p0p50,1997,0.1426,2.0,MRT,Sub-Saharan Africa
Mauritania,"sptinc_p0p50_999_j_MR
Pre-tax national income 
Bottom 50% | share | all ages | equal split
",p0p50,1998,0.1413,2.0,MRT,Sub-Saharan Africa
Mauritania,"sptinc_p0p50_999_j_MR
Pre-tax national income 
Bottom 50% | share | all ages | equal split
",p0p50,1999,0.14,2.0,MRT,Sub-Saharan Africa
Mauritania,"sptinc_p0p50_999_j_MR
Pre-tax national income 
Bottom 50% | share | all ages | equal split
",p0p50,2000,0.1386,3.0,MRT,Sub-Saharan Africa
Mauritania,"sptinc_p0p50_999_j_MR
Pre-tax national income 
Bottom 50% | share | all ages | equal split
",p0p50,2001,0.1373,2.0,MRT,Sub-Saharan Africa
Mauritania,"sptinc_p0p50_999_j_MR
Pre-tax national income 
Bottom 50% | share | all ages | equal split
",p0p50,2002,0.136,2.0,MRT,Sub-Saharan Africa
Mauritania,"sptinc_p0p50_999_j_MR
Pre-tax national income 
Bottom 50% | share | all ages | equal split
",p0p50,2003,0.1347,2.0,MRT,Sub-Saharan Africa
Mauritania,"sptinc_p0p50_999_j_MR
Pre-tax national income 
Bottom 50% | share | all ages | equal split
",p0p50,2004,0.1334,3.0,MRT,Sub-Saharan Africa
Mauritania,"sptinc_p0p50_999_j_MR
Pre-tax national income 
Bottom 50% | share | all ages | equal split
",p0p50,2005,0.1382,2.0,MRT,Sub-Saharan Africa
Mauritania,"sptinc_p0p50_999_j_MR
Pre-tax national income 
Bottom 50% | share | all ages | equal split
",p0p50,2006,0.143,2.0,MRT,Sub-Saharan Africa
Mauritania,"sptinc_p0p50_999_j_MR
Pre-tax national income 
Bottom 50% | share | all ages | equal split
",p0p50,2007,0.1478,2.0,MRT,Sub-Saharan Africa
Mauritania,"sptinc_p0p50_999_j_MR
Pre-tax national income 
Bottom 50% | share | all ages | equal split
",p0p50,2008,0.1525,3.0,MRT,Sub-Saharan Africa
Mauritania,"sptinc_p0p50_999_j_MR
Pre-tax national income 
Bottom 50% | share | all ages | equal split
",p0p50,2009,0.1551,2.0,MRT,Sub-Saharan Africa
Mauritania,"sptinc_p0p50_999_j_MR
Pre-tax national income 
Bottom 50% | share | all ages | equal split
",p0p50,2010,0.1576,2.0,MRT,Sub-Saharan Africa
Mauritania,"sptinc_p0p50_999_j_MR
Pre-tax national income 
Bottom 50% | share | all ages | equal split
",p0p50,2011,0.1602,2.0,MRT,Sub-Saharan Africa
Mauritania,"sptinc_p0p50_999_j_MR
Pre-tax national income 
Bottom 50% | share | all ages | equal split
",p0p50,2012,0.1627,2.0,MRT,Sub-Saharan Africa
Mauritania,"sptinc_p0p50_999_j_MR
Pre-tax national income 
Bottom 50% | share | all ages | equal split
",p0p50,2013,0.1653,2.0,MRT,Sub-Saharan Africa
Mauritania,"sptinc_p0p50_999_j_MR
Pre-tax national income 
Bottom 50% | share | all ages | equal split
",p0p50,2014,0.1678,2.0,MRT,Sub-Saharan Africa
Mauritania,"sptinc_p0p50_999_j_MR
Pre-tax national income 
Bottom 50% | share | all ages | equal split
",p0p50,2015,0.1684,2.0,MRT,Sub-Saharan Africa
Mauritania,"sptinc_p0p50_999_j_MR
Pre-tax national income 
Bottom 50% | share | all ages | equal split
",p0p50,2016,0.1689,2.0,MRT,Sub-Saharan Africa
Mauritania,"sptinc_p0p50_999_j_MR
Pre-tax national income 
Bottom 50% | share | all ages | equal split
",p0p50,2017,0.1694,2.0,MRT,Sub-Saharan Africa
Mauritania,"sptinc_p0p50_999_j_MR
Pre-tax national income 
Bottom 50% | share | all ages | equal split
",p0p50,2018,0.1699,2.0,MRT,Sub-Saharan Africa
Mauritania,"sptinc_p0p50_999_j_MR
Pre-tax national income 
Bottom 50% | share | all ages | equal split
",p0p50,2019,0.1704,3.0,MRT,Sub-Saharan Africa
Mauritania,"sptinc_p0p50_999_j_MR
Pre-tax national income 
Bottom 50% | share | all ages | equal split
",p0p50,2020,0.1704,1.0,MRT,Sub-Saharan Africa
Mauritania,"sptinc_p0p50_999_j_MR
Pre-tax national income 
Bottom 50% | share | all ages | equal split
",p0p50,2021,0.1704,2.0,MRT,Sub-Saharan Africa
Mauritania,"sptinc_p0p50_999_j_MR
Pre-tax national income 
Bottom 50% | share | all ages | equal split
",p0p50,2022,0.1704,2.0,MRT,Sub-Saharan Africa
Mauritania,"sptinc_p0p50_999_j_MR
Pre-tax national income 
Bottom 50% | share | all ages | equal split
",p0p50,2023,0.1704,2.0,MRT,Sub-Saharan Africa
Mauritania,"sptinc_p0p50_999_j_MR
Pre-tax national income 
Bottom 50% | share | all ages | equal split
",p0p50,2024,0.1704,2.0,MRT,Sub-Saharan Africa
Mauritius,"sptinc_p0p50_999_j_MU
Pre-tax national income 
Bottom 50% | share | all ages | equal split
",p0p50,1960,0.105,3.0,MUS,Sub-Saharan Africa
Mauritius,"sptinc_p0p50_999_j_MU
Pre-tax national income 
Bottom 50% | share | all ages | equal split
",p0p50,1961,0.1077,3.0,MUS,Sub-Saharan Africa
Mauritius,"sptinc_p0p50_999_j_MU
Pre-tax national income 
Bottom 50% | share | all ages | equal split
",p0p50,1962,0.1111,3.0,MUS,Sub-Saharan Africa
Mauritius,"sptinc_p0p50_999_j_MU
Pre-tax national income 
Bottom 50% | share | all ages | equal split
",p0p50,1963,0.1123,3.0,MUS,Sub-Saharan Africa
Mauritius,"sptinc_p0p50_999_j_MU
Pre-tax national income 
Bottom 50% | share | all ages | equal split
",p0p50,1964,0.1162,3.0,MUS,Sub-Saharan Africa
Mauritius,"sptinc_p0p50_999_j_MU
Pre-tax national income 
Bottom 50% | share | all ages | equal split
",p0p50,1965,0.1197,3.0,MUS,Sub-Saharan Africa
Mauritius,"sptinc_p0p50_999_j_MU
Pre-tax national income 
Bottom 50% | share | all ages | equal split
",p0p50,1966,0.1221,3.0,MUS,Sub-Saharan Africa
Mauritius,"sptinc_p0p50_999_j_MU
Pre-tax national income 
Bottom 50% | share | all ages | equal split
",p0p50,1967,0.1247,3.0,MUS,Sub-Saharan Africa
Mauritius,"sptinc_p0p50_999_j_MU
Pre-tax national income 
Bottom 50% | share | all ages | equal split
",p0p50,1968,0.1285,3.0,MUS,Sub-Saharan Africa
Mauritius,"sptinc_p0p50_999_j_MU
Pre-tax national income 
Bottom 50% | share | all ages | equal split
",p0p50,1969,0.1299,3.0,MUS,Sub-Saharan Africa
Mauritius,"sptinc_p0p50_999_j_MU
Pre-tax national income 
Bottom 50% | share | all ages | equal split
",p0p50,1970,0.1331,3.0,MUS,Sub-Saharan Africa
Mauritius,"sptinc_p0p50_999_j_MU
Pre-tax national income 
Bottom 50% | share | all ages | equal split
",p0p50,1971,0.1369,3.0,MUS,Sub-Saharan Africa
Mauritius,"sptinc_p0p50_999_j_MU
Pre-tax national income 
Bottom 50% | share | all ages | equal split
",p0p50,1972,0.1409,3.0,MUS,Sub-Saharan Africa
Mauritius,"sptinc_p0p50_999_j_MU
Pre-tax national income 
Bottom 50% | share | all ages | equal split
",p0p50,1975,0.1494,3.0,MUS,Sub-Saharan Africa
Mauritius,"sptinc_p0p50_999_j_MU
Pre-tax national income 
Bottom 50% | share | all ages | equal split
",p0p50,1976,0.1516,3.0,MUS,Sub-Saharan Africa
Mauritius,"sptinc_p0p50_999_j_MU
Pre-tax national income 
Bottom 50% | share | all ages | equal split
",p0p50,1977,0.1557,3.0,MUS,Sub-Saharan Africa
Mauritius,"sptinc_p0p50_999_j_MU
Pre-tax national income 
Bottom 50% | share | all ages | equal split
",p0p50,1978,0.1595,3.0,MUS,Sub-Saharan Africa
Mauritius,"sptinc_p0p50_999_j_MU
Pre-tax national income 
Bottom 50% | share | all ages | equal split
",p0p50,1979,0.1622,3.0,MUS,Sub-Saharan Africa
Mauritius,"sptinc_p0p50_999_j_MU
Pre-tax national income 
Bottom 50% | share | all ages | equal split
",p0p50,1980,0.152,2.0,MUS,Sub-Saharan Africa
Mauritius,"sptinc_p0p50_999_j_MU
Pre-tax national income 
Bottom 50% | share | all ages | equal split
",p0p50,1981,0.152,1.0,MUS,Sub-Saharan Africa
Mauritius,"sptinc_p0p50_999_j_MU
Pre-tax national income 
Bottom 50% | share | all ages | equal split
",p0p50,1982,0.152,1.0,MUS,Sub-Saharan Africa
Mauritius,"sptinc_p0p50_999_j_MU
Pre-tax national income 
Bottom 50% | share | all ages | equal split
",p0p50,1983,0.152,1.0,MUS,Sub-Saharan Africa
Mauritius,"sptinc_p0p50_999_j_MU
Pre-tax national income 
Bottom 50% | share | all ages | equal split
",p0p50,1984,0.152,1.0,MUS,Sub-Saharan Africa
Mauritius,"sptinc_p0p50_999_j_MU
Pre-tax national income 
Bottom 50% | share | all ages | equal split
",p0p50,1985,0.152,1.0,MUS,Sub-Saharan Africa
Mauritius,"sptinc_p0p50_999_j_MU
Pre-tax national income 
Bottom 50% | share | all ages | equal split
",p0p50,1986,0.152,1.0,MUS,Sub-Saharan Africa
Mauritius,"sptinc_p0p50_999_j_MU
Pre-tax national income 
Bottom 50% | share | all ages | equal split
",p0p50,1987,0.152,1.0,MUS,Sub-Saharan Africa
Mauritius,"sptinc_p0p50_999_j_MU
Pre-tax national income 
Bottom 50% | share | all ages | equal split
",p0p50,1988,0.152,1.0,MUS,Sub-Saharan Africa
Mauritius,"sptinc_p0p50_999_j_MU
Pre-tax national income 
Bottom 50% | share | all ages | equal split
",p0p50,1989,0.152,1.0,MUS,Sub-Saharan Africa
Mauritius,"sptinc_p0p50_999_j_MU
Pre-tax national income 
Bottom 50% | share | all ages | equal split
",p0p50,1990,0.152,1.0,MUS,Sub-Saharan Africa
Mauritius,"sptinc_p0p50_999_j_MU
Pre-tax national income 
Bottom 50% | share | all ages | equal split
",p0p50,1991,0.152,1.0,MUS,Sub-Saharan Africa
Mauritius,"sptinc_p0p50_999_j_MU
Pre-tax national income 
Bottom 50% | share | all ages | equal split
",p0p50,1992,0.152,1.0,MUS,Sub-Saharan Africa
Mauritius,"sptinc_p0p50_999_j_MU
Pre-tax national income 
Bottom 50% | share | all ages | equal split
",p0p50,1993,0.152,1.0,MUS,Sub-Saharan Africa
Mauritius,"sptinc_p0p50_999_j_MU
Pre-tax national income 
Bottom 50% | share | all ages | equal split
",p0p50,1994,0.152,1.0,MUS,Sub-Saharan Africa
Mauritius,"sptinc_p0p50_999_j_MU
Pre-tax national income 
Bottom 50% | share | all ages | equal split
",p0p50,1995,0.152,1.0,MUS,Sub-Saharan Africa
Mauritius,"sptinc_p0p50_999_j_MU
Pre-tax national income 
Bottom 50% | share | all ages | equal split
",p0p50,1996,0.152,1.0,MUS,Sub-Saharan Africa
Mauritius,"sptinc_p0p50_999_j_MU
Pre-tax national income 
Bottom 50% | share | all ages | equal split
",p0p50,1997,0.152,1.0,MUS,Sub-Saharan Africa
Mauritius,"sptinc_p0p50_999_j_MU
Pre-tax national income 
Bottom 50% | share | all ages | equal split
",p0p50,1998,0.152,1.0,MUS,Sub-Saharan Africa
Mauritius,"sptinc_p0p50_999_j_MU
Pre-tax national income 
Bottom 50% | share | all ages | equal split
",p0p50,1999,0.152,1.0,MUS,Sub-Saharan Africa
Mauritius,"sptinc_p0p50_999_j_MU
Pre-tax national income 
Bottom 50% | share | all ages | equal split
",p0p50,2000,0.152,1.0,MUS,Sub-Saharan Africa
Mauritius,"sptinc_p0p50_999_j_MU
Pre-tax national income 
Bottom 50% | share | all ages | equal split
",p0p50,2001,0.152,1.0,MUS,Sub-Saharan Africa
Mauritius,"sptinc_p0p50_999_j_MU
Pre-tax national income 
Bottom 50% | share | all ages | equal split
",p0p50,2002,0.152,1.0,MUS,Sub-Saharan Africa
Mauritius,"sptinc_p0p50_999_j_MU
Pre-tax national income 
Bottom 50% | share | all ages | equal split
",p0p50,2003,0.152,1.0,MUS,Sub-Saharan Africa
Mauritius,"sptinc_p0p50_999_j_MU
Pre-tax national income 
Bottom 50% | share | all ages | equal split
",p0p50,2004,0.152,1.0,MUS,Sub-Saharan Africa
Mauritius,"sptinc_p0p50_999_j_MU
Pre-tax national income 
Bottom 50% | share | all ages | equal split
",p0p50,2005,0.152,1.0,MUS,Sub-Saharan Africa
Mauritius,"sptinc_p0p50_999_j_MU
Pre-tax national income 
Bottom 50% | share | all ages | equal split
",p0p50,2006,0.152,3.0,MUS,Sub-Saharan Africa
Mauritius,"sptinc_p0p50_999_j_MU
Pre-tax national income 
Bottom 50% | share | all ages | equal split
",p0p50,2007,0.1501,2.0,MUS,Sub-Saharan Africa
Mauritius,"sptinc_p0p50_999_j_MU
Pre-tax national income 
Bottom 50% | share | all ages | equal split
",p0p50,2008,0.1481,2.0,MUS,Sub-Saharan Africa
Mauritius,"sptinc_p0p50_999_j_MU
Pre-tax national income 
Bottom 50% | share | all ages | equal split
",p0p50,2009,0.1461,2.0,MUS,Sub-Saharan Africa
Mauritius,"sptinc_p0p50_999_j_MU
Pre-tax national income 
Bottom 50% | share | all ages | equal split
",p0p50,2010,0.1441,2.0,MUS,Sub-Saharan Africa
Mauritius,"sptinc_p0p50_999_j_MU
Pre-tax national income 
Bottom 50% | share | all ages | equal split
",p0p50,2011,0.1421,2.0,MUS,Sub-Saharan Africa
Mauritius,"sptinc_p0p50_999_j_MU
Pre-tax national income 
Bottom 50% | share | all ages | equal split
",p0p50,2012,0.1402,3.0,MUS,Sub-Saharan Africa
Mauritius,"sptinc_p0p50_999_j_MU
Pre-tax national income 
Bottom 50% | share | all ages | equal split
",p0p50,2013,0.1417,2.0,MUS,Sub-Saharan Africa
Mauritius,"sptinc_p0p50_999_j_MU
Pre-tax national income 
Bottom 50% | share | all ages | equal split
",p0p50,2014,0.1433,2.0,MUS,Sub-Saharan Africa
Mauritius,"sptinc_p0p50_999_j_MU
Pre-tax national income 
Bottom 50% | share | all ages | equal split
",p0p50,2015,0.1449,2.0,MUS,Sub-Saharan Africa
Mauritius,"sptinc_p0p50_999_j_MU
Pre-tax national income 
Bottom 50% | share | all ages | equal split
",p0p50,2016,0.1465,2.0,MUS,Sub-Saharan Africa
Mauritius,"sptinc_p0p50_999_j_MU
Pre-tax national income 
Bottom 50% | share | all ages | equal split
",p0p50,2017,0.148,3.0,MUS,Sub-Saharan Africa
Mauritius,"sptinc_p0p50_999_j_MU
Pre-tax national income 
Bottom 50% | share | all ages | equal split
",p0p50,2018,0.148,1.0,MUS,Sub-Saharan Africa
Mauritius,"sptinc_p0p50_999_j_MU
Pre-tax national income 
Bottom 50% | share | all ages | equal split
",p0p50,2019,0.148,1.0,MUS,Sub-Saharan Africa
Mauritius,"sptinc_p0p50_999_j_MU
Pre-tax national income 
Bottom 50% | share | all ages | equal split
",p0p50,2020,0.148,1.0,MUS,Sub-Saharan Africa
Mauritius,"sptinc_p0p50_999_j_MU
Pre-tax national income 
Bottom 50% | share | all ages | equal split
",p0p50,2021,0.148,1.0,MUS,Sub-Saharan Africa
Mauritius,"sptinc_p0p50_999_j_MU
Pre-tax national income 
Bottom 50% | share | all ages | equal split
",p0p50,2022,0.148,1.0,MUS,Sub-Saharan Africa
Mauritius,"sptinc_p0p50_999_j_MU
Pre-tax national income 
Bottom 50% | share | all ages | equal split
",p0p50,2023,0.148,1.0,MUS,Sub-Saharan Africa
Mauritius,"sptinc_p0p50_999_j_MU
Pre-tax national income 
Bottom 50% | share | all ages | equal split
",p0p50,2024,0.148,1.0,MUS,Sub-Saharan Africa
Mexico,"sptinc_p0p50_999_j_MX
Pre-tax national income 
Bottom 50% | share | all ages | equal split
",p0p50,1960,0.1223,0.0,MEX,Latin America & Caribbean
Mexico,"sptinc_p0p50_999_j_MX
Pre-tax national income 
Bottom 50% | share | all ages | equal split
",p0p50,1970,0.1207,0.0,MEX,Latin America & Caribbean
Mexico,"sptinc_p0p50_999_j_MX
Pre-tax national income 
Bottom 50% | share | all ages | equal split
",p0p50,1980,0.0629,1.0,MEX,Latin America & Caribbean
Mexico,"sptinc_p0p50_999_j_MX
Pre-tax national income 
Bottom 50% | share | all ages | equal split
",p0p50,1981,0.0629,1.0,MEX,Latin America & Caribbean
Mexico,"sptinc_p0p50_999_j_MX
Pre-tax national income 
Bottom 50% | share | all ages | equal split
",p0p50,1982,0.0629,1.0,MEX,Latin America & Caribbean
Mexico,"sptinc_p0p50_999_j_MX
Pre-tax national income 
Bottom 50% | share | all ages | equal split
",p0p50,1983,0.0629,1.0,MEX,Latin America & Caribbean
Mexico,"sptinc_p0p50_999_j_MX
Pre-tax national income 
Bottom 50% | share | all ages | equal split
",p0p50,1984,0.0629,1.0,MEX,Latin America & Caribbean
Mexico,"sptinc_p0p50_999_j_MX
Pre-tax national income 
Bottom 50% | share | all ages | equal split
",p0p50,1985,0.0629,1.0,MEX,Latin America & Caribbean
Mexico,"sptinc_p0p50_999_j_MX
Pre-tax national income 
Bottom 50% | share | all ages | equal split
",p0p50,1986,0.0629,1.0,MEX,Latin America & Caribbean
Mexico,"sptinc_p0p50_999_j_MX
Pre-tax national income 
Bottom 50% | share | all ages | equal split
",p0p50,1987,0.0629,1.0,MEX,Latin America & Caribbean
Mexico,"sptinc_p0p50_999_j_MX
Pre-tax national income 
Bottom 50% | share | all ages | equal split
",p0p50,1988,0.0629,1.0,MEX,Latin America & Caribbean
Mexico,"sptinc_p0p50_999_j_MX
Pre-tax national income 
Bottom 50% | share | all ages | equal split
",p0p50,1989,0.0629,1.0,MEX,Latin America & Caribbean
Mexico,"sptinc_p0p50_999_j_MX
Pre-tax national income 
Bottom 50% | share | all ages | equal split
",p0p50,1990,0.0629,1.0,MEX,Latin America & Caribbean
Mexico,"sptinc_p0p50_999_j_MX
Pre-tax national income 
Bottom 50% | share | all ages | equal split
",p0p50,1991,0.0629,1.0,MEX,Latin America & Caribbean
Mexico,"sptinc_p0p50_999_j_MX
Pre-tax national income 
Bottom 50% | share | all ages | equal split
",p0p50,1992,0.0629,1.0,MEX,Latin America & Caribbean
Mexico,"sptinc_p0p50_999_j_MX
Pre-tax national income 
Bottom 50% | share | all ages | equal split
",p0p50,1993,0.0629,1.0,MEX,Latin America & Caribbean
Mexico,"sptinc_p0p50_999_j_MX
Pre-tax national income 
Bottom 50% | share | all ages | equal split
",p0p50,1994,0.0629,1.0,MEX,Latin America & Caribbean
Mexico,"sptinc_p0p50_999_j_MX
Pre-tax national income 
Bottom 50% | share | all ages | equal split
",p0p50,1995,0.0629,1.0,MEX,Latin America & Caribbean
Mexico,"sptinc_p0p50_999_j_MX
Pre-tax national income 
Bottom 50% | share | all ages | equal split
",p0p50,1996,0.0629,1.0,MEX,Latin America & Caribbean
Mexico,"sptinc_p0p50_999_j_MX
Pre-tax national income 
Bottom 50% | share | all ages | equal split
",p0p50,1997,0.0629,1.0,MEX,Latin America & Caribbean
Mexico,"sptinc_p0p50_999_j_MX
Pre-tax national income 
Bottom 50% | share | all ages | equal split
",p0p50,1998,0.0629,1.0,MEX,Latin America & Caribbean
Mexico,"sptinc_p0p50_999_j_MX
Pre-tax national income 
Bottom 50% | share | all ages | equal split
",p0p50,1999,0.0629,1.0,MEX,Latin America & Caribbean
Mexico,"sptinc_p0p50_999_j_MX
Pre-tax national income 
Bottom 50% | share | all ages | equal split
",p0p50,2000,0.0629,3.0,MEX,Latin America & Caribbean
Mexico,"sptinc_p0p50_999_j_MX
Pre-tax national income 
Bottom 50% | share | all ages | equal split
",p0p50,2001,0.0629,2.0,MEX,Latin America & Caribbean
Mexico,"sptinc_p0p50_999_j_MX
Pre-tax national income 
Bottom 50% | share | all ages | equal split
",p0p50,2002,0.0629,3.0,MEX,Latin America & Caribbean
Mexico,"sptinc_p0p50_999_j_MX
Pre-tax national income 
Bottom 50% | share | all ages | equal split
",p0p50,2003,0.0608,2.0,MEX,Latin America & Caribbean
Mexico,"sptinc_p0p50_999_j_MX
Pre-tax national income 
Bottom 50% | share | all ages | equal split
",p0p50,2004,0.0587,3.0,MEX,Latin America & Caribbean
Mexico,"sptinc_p0p50_999_j_MX
Pre-tax national income 
Bottom 50% | share | all ages | equal split
",p0p50,2005,0.0599,2.0,MEX,Latin America & Caribbean
Mexico,"sptinc_p0p50_999_j_MX
Pre-tax national income 
Bottom 50% | share | all ages | equal split
",p0p50,2006,0.0612,3.0,MEX,Latin America & Caribbean
Mexico,"sptinc_p0p50_999_j_MX
Pre-tax national income 
Bottom 50% | share | all ages | equal split
",p0p50,2007,0.057,2.0,MEX,Latin America & Caribbean
Mexico,"sptinc_p0p50_999_j_MX
Pre-tax national income 
Bottom 50% | share | all ages | equal split
",p0p50,2008,0.0528,3.0,MEX,Latin America & Caribbean
Mexico,"sptinc_p0p50_999_j_MX
Pre-tax national income 
Bottom 50% | share | all ages | equal split
",p0p50,2009,0.0552,2.0,MEX,Latin America & Caribbean
Mexico,"sptinc_p0p50_999_j_MX
Pre-tax national income 
Bottom 50% | share | all ages | equal split
",p0p50,2010,0.0577,5.0,MEX,Latin America & Caribbean
Mexico,"sptinc_p0p50_999_j_MX
Pre-tax national income 
Bottom 50% | share | all ages | equal split
",p0p50,2011,0.0561,2.0,MEX,Latin America & Caribbean
Mexico,"sptinc_p0p50_999_j_MX
Pre-tax national income 
Bottom 50% | share | all ages | equal split
",p0p50,2012,0.0545,5.0,MEX,Latin America & Caribbean
Mexico,"sptinc_p0p50_999_j_MX
Pre-tax national income 
Bottom 50% | share | all ages | equal split
",p0p50,2013,0.0556,2.0,MEX,Latin America & Caribbean
Mexico,"sptinc_p0p50_999_j_MX
Pre-tax national income 
Bottom 50% | share | all ages | equal split
",p0p50,2014,0.0567,5.0,MEX,Latin America & Caribbean
Mexico,"sptinc_p0p50_999_j_MX
Pre-tax national income 
Bottom 50% | share | all ages | equal split
",p0p50,2015,0.0596,2.0,MEX,Latin America & Caribbean
Mexico,"sptinc_p0p50_999_j_MX
Pre-tax national income 
Bottom 50% | share | all ages | equal split
",p0p50,2016,0.0624,3.0,MEX,Latin America & Caribbean
Mexico,"sptinc_p0p50_999_j_MX
Pre-tax national income 
Bottom 50% | share | all ages | equal split
",p0p50,2017,0.0621,2.0,MEX,Latin America & Caribbean
Mexico,"sptinc_p0p50_999_j_MX
Pre-tax national income 
Bottom 50% | share | all ages | equal split
",p0p50,2018,0.0618,3.0,MEX,Latin America & Caribbean
Mexico,"sptinc_p0p50_999_j_MX
Pre-tax national income 
Bottom 50% | share | all ages | equal split
",p0p50,2019,0.0637,2.0,MEX,Latin America & Caribbean
Mexico,"sptinc_p0p50_999_j_MX
Pre-tax national income 
Bottom 50% | share | all ages | equal split
",p0p50,2020,0.0657,3.0,MEX,Latin America & Caribbean
Mexico,"sptinc_p0p50_999_j_MX
Pre-tax national income 
Bottom 50% | share | all ages | equal split
",p0p50,2021,0.0713,2.0,MEX,Latin America & Caribbean
Mexico,"sptinc_p0p50_999_j_MX
Pre-tax national income 
Bottom 50% | share | all ages | equal split
",p0p50,2022,0.0769,3.0,MEX,Latin America & Caribbean
Mexico,"sptinc_p0p50_999_j_MX
Pre-tax national income 
Bottom 50% | share | all ages | equal split
",p0p50,2023,0.0769,1.0,MEX,Latin America & Caribbean
Mexico,"sptinc_p0p50_999_j_MX
Pre-tax national income 
Bottom 50% | share | all ages | equal split
",p0p50,2024,0.0769,1.0,MEX,Latin America & Caribbean
Moldova,"sptinc_p0p50_999_j_MD
Pre-tax national income 
Bottom 50% | share | all ages | equal split
",p0p50,1980,0.259,1.0,MDA,Eastern Europe & FSU
Moldova,"sptinc_p0p50_999_j_MD
Pre-tax national income 
Bottom 50% | share | all ages | equal split
",p0p50,1981,0.259,1.0,MDA,Eastern Europe & FSU
Moldova,"sptinc_p0p50_999_j_MD
Pre-tax national income 
Bottom 50% | share | all ages | equal split
",p0p50,1982,0.259,1.0,MDA,Eastern Europe & FSU
Moldova,"sptinc_p0p50_999_j_MD
Pre-tax national income 
Bottom 50% | share | all ages | equal split
",p0p50,1983,0.259,1.0,MDA,Eastern Europe & FSU
Moldova,"sptinc_p0p50_999_j_MD
Pre-tax national income 
Bottom 50% | share | all ages | equal split
",p0p50,1984,0.259,1.0,MDA,Eastern Europe & FSU
Moldova,"sptinc_p0p50_999_j_MD
Pre-tax national income 
Bottom 50% | share | all ages | equal split
",p0p50,1985,0.259,1.0,MDA,Eastern Europe & FSU
Moldova,"sptinc_p0p50_999_j_MD
Pre-tax national income 
Bottom 50% | share | all ages | equal split
",p0p50,1986,0.259,1.0,MDA,Eastern Europe & FSU
Moldova,"sptinc_p0p50_999_j_MD
Pre-tax national income 
Bottom 50% | share | all ages | equal split
",p0p50,1987,0.259,1.0,MDA,Eastern Europe & FSU
Moldova,"sptinc_p0p50_999_j_MD
Pre-tax national income 
Bottom 50% | share | all ages | equal split
",p0p50,1988,0.259,1.0,MDA,Eastern Europe & FSU
Moldova,"sptinc_p0p50_999_j_MD
Pre-tax national income 
Bottom 50% | share | all ages | equal split
",p0p50,1989,0.2418,1.0,MDA,Eastern Europe & FSU
Moldova,"sptinc_p0p50_999_j_MD
Pre-tax national income 
Bottom 50% | share | all ages | equal split
",p0p50,1990,0.2308,1.0,MDA,Eastern Europe & FSU
Moldova,"sptinc_p0p50_999_j_MD
Pre-tax national income 
Bottom 50% | share | all ages | equal split
",p0p50,1991,0.2141,1.0,MDA,Eastern Europe & FSU
Moldova,"sptinc_p0p50_999_j_MD
Pre-tax national income 
Bottom 50% | share | all ages | equal split
",p0p50,1992,0.1965,1.0,MDA,Eastern Europe & FSU
Moldova,"sptinc_p0p50_999_j_MD
Pre-tax national income 
Bottom 50% | share | all ages | equal split
",p0p50,1993,0.1781,1.0,MDA,Eastern Europe & FSU
Moldova,"sptinc_p0p50_999_j_MD
Pre-tax national income 
Bottom 50% | share | all ages | equal split
",p0p50,1994,0.1715,1.0,MDA,Eastern Europe & FSU
Moldova,"sptinc_p0p50_999_j_MD
Pre-tax national income 
Bottom 50% | share | all ages | equal split
",p0p50,1995,0.1654,1.0,MDA,Eastern Europe & FSU
Moldova,"sptinc_p0p50_999_j_MD
Pre-tax national income 
Bottom 50% | share | all ages | equal split
",p0p50,1996,0.1592,1.0,MDA,Eastern Europe & FSU
Moldova,"sptinc_p0p50_999_j_MD
Pre-tax national income 
Bottom 50% | share | all ages | equal split
",p0p50,1997,0.1532,1.0,MDA,Eastern Europe & FSU
Moldova,"sptinc_p0p50_999_j_MD
Pre-tax national income 
Bottom 50% | share | all ages | equal split
",p0p50,1998,0.1581,1.0,MDA,Eastern Europe & FSU
Moldova,"sptinc_p0p50_999_j_MD
Pre-tax national income 
Bottom 50% | share | all ages | equal split
",p0p50,1999,0.1604,1.0,MDA,Eastern Europe & FSU
Moldova,"sptinc_p0p50_999_j_MD
Pre-tax national income 
Bottom 50% | share | all ages | equal split
",p0p50,2000,0.1626,1.0,MDA,Eastern Europe & FSU
Moldova,"sptinc_p0p50_999_j_MD
Pre-tax national income 
Bottom 50% | share | all ages | equal split
",p0p50,2001,0.1606,1.0,MDA,Eastern Europe & FSU
Moldova,"sptinc_p0p50_999_j_MD
Pre-tax national income 
Bottom 50% | share | all ages | equal split
",p0p50,2002,0.1619,1.0,MDA,Eastern Europe & FSU
Moldova,"sptinc_p0p50_999_j_MD
Pre-tax national income 
Bottom 50% | share | all ages | equal split
",p0p50,2003,0.1614,1.0,MDA,Eastern Europe & FSU
Moldova,"sptinc_p0p50_999_j_MD
Pre-tax national income 
Bottom 50% | share | all ages | equal split
",p0p50,2004,0.1632,1.0,MDA,Eastern Europe & FSU
Moldova,"sptinc_p0p50_999_j_MD
Pre-tax national income 
Bottom 50% | share | all ages | equal split
",p0p50,2005,0.1607,1.0,MDA,Eastern Europe & FSU
Moldova,"sptinc_p0p50_999_j_MD
Pre-tax national income 
Bottom 50% | share | all ages | equal split
",p0p50,2006,0.1592,1.0,MDA,Eastern Europe & FSU
Moldova,"sptinc_p0p50_999_j_MD
Pre-tax national income 
Bottom 50% | share | all ages | equal split
",p0p50,2007,0.1619,1.0,MDA,Eastern Europe & FSU
Moldova,"sptinc_p0p50_999_j_MD
Pre-tax national income 
Bottom 50% | share | all ages | equal split
",p0p50,2008,0.1605,1.0,MDA,Eastern Europe & FSU
Moldova,"sptinc_p0p50_999_j_MD
Pre-tax national income 
Bottom 50% | share | all ages | equal split
",p0p50,2009,0.1614,1.0,MDA,Eastern Europe & FSU
Moldova,"sptinc_p0p50_999_j_MD
Pre-tax national income 
Bottom 50% | share | all ages | equal split
",p0p50,2010,0.1657,1.0,MDA,Eastern Europe & FSU
Moldova,"sptinc_p0p50_999_j_MD
Pre-tax national income 
Bottom 50% | share | all ages | equal split
",p0p50,2011,0.1692,1.0,MDA,Eastern Europe & FSU
Moldova,"sptinc_p0p50_999_j_MD
Pre-tax national income 
Bottom 50% | share | all ages | equal split
",p0p50,2012,0.1722,1.0,MDA,Eastern Europe & FSU
Moldova,"sptinc_p0p50_999_j_MD
Pre-tax national income 
Bottom 50% | share | all ages | equal split
",p0p50,2013,0.174,1.0,MDA,Eastern Europe & FSU
Moldova,"sptinc_p0p50_999_j_MD
Pre-tax national income 
Bottom 50% | share | all ages | equal split
",p0p50,2014,0.1775,1.0,MDA,Eastern Europe & FSU
Moldova,"sptinc_p0p50_999_j_MD
Pre-tax national income 
Bottom 50% | share | all ages | equal split
",p0p50,2015,0.1763,1.0,MDA,Eastern Europe & FSU
Moldova,"sptinc_p0p50_999_j_MD
Pre-tax national income 
Bottom 50% | share | all ages | equal split
",p0p50,2016,0.1807,1.0,MDA,Eastern Europe & FSU
Moldova,"sptinc_p0p50_999_j_MD
Pre-tax national income 
Bottom 50% | share | all ages | equal split
",p0p50,2017,0.1806,1.0,MDA,Eastern Europe & FSU
Moldova,"sptinc_p0p50_999_j_MD
Pre-tax national income 
Bottom 50% | share | all ages | equal split
",p0p50,2018,0.1809,1.0,MDA,Eastern Europe & FSU
Moldova,"sptinc_p0p50_999_j_MD
Pre-tax national income 
Bottom 50% | share | all ages | equal split
",p0p50,2019,0.1793,1.0,MDA,Eastern Europe & FSU
Moldova,"sptinc_p0p50_999_j_MD
Pre-tax national income 
Bottom 50% | share | all ages | equal split
",p0p50,2020,0.1793,1.0,MDA,Eastern Europe & FSU
Moldova,"sptinc_p0p50_999_j_MD
Pre-tax national income 
Bottom 50% | share | all ages | equal split
",p0p50,2021,0.1768,1.0,MDA,Eastern Europe & FSU
Moldova,"sptinc_p0p50_999_j_MD
Pre-tax national income 
Bottom 50% | share | all ages | equal split
",p0p50,2022,0.1768,1.0,MDA,Eastern Europe & FSU
Moldova,"sptinc_p0p50_999_j_MD
Pre-tax national income 
Bottom 50% | share | all ages | equal split
",p0p50,2023,0.1722,1.0,MDA,Eastern Europe & FSU
Moldova,"sptinc_p0p50_999_j_MD
Pre-tax national income 
Bottom 50% | share | all ages | equal split
",p0p50,2024,0.1722,1.0,MDA,Eastern Europe & FSU
Morocco,"sptinc_p0p50_999_j_MA
Pre-tax national income 
Bottom 50% | share | all ages | equal split
",p0p50,1960,0.0975,0.0,MAR,MENA
Morocco,"sptinc_p0p50_999_j_MA
Pre-tax national income 
Bottom 50% | share | all ages | equal split
",p0p50,1970,0.0822,0.0,MAR,MENA
Morocco,"sptinc_p0p50_999_j_MA
Pre-tax national income 
Bottom 50% | share | all ages | equal split
",p0p50,1980,0.1439,1.0,MAR,MENA
Morocco,"sptinc_p0p50_999_j_MA
Pre-tax national income 
Bottom 50% | share | all ages | equal split
",p0p50,1981,0.1439,1.0,MAR,MENA
Morocco,"sptinc_p0p50_999_j_MA
Pre-tax national income 
Bottom 50% | share | all ages | equal split
",p0p50,1982,0.1439,1.0,MAR,MENA
Morocco,"sptinc_p0p50_999_j_MA
Pre-tax national income 
Bottom 50% | share | all ages | equal split
",p0p50,1983,0.1439,1.0,MAR,MENA
Morocco,"sptinc_p0p50_999_j_MA
Pre-tax national income 
Bottom 50% | share | all ages | equal split
",p0p50,1984,0.1439,1.0,MAR,MENA
Morocco,"sptinc_p0p50_999_j_MA
Pre-tax national income 
Bottom 50% | share | all ages | equal split
",p0p50,1985,0.1439,1.0,MAR,MENA
Morocco,"sptinc_p0p50_999_j_MA
Pre-tax national income 
Bottom 50% | share | all ages | equal split
",p0p50,1986,0.1439,1.0,MAR,MENA
Morocco,"sptinc_p0p50_999_j_MA
Pre-tax national income 
Bottom 50% | share | all ages | equal split
",p0p50,1987,0.1439,1.0,MAR,MENA
Morocco,"sptinc_p0p50_999_j_MA
Pre-tax national income 
Bottom 50% | share | all ages | equal split
",p0p50,1988,0.1439,1.0,MAR,MENA
Morocco,"sptinc_p0p50_999_j_MA
Pre-tax national income 
Bottom 50% | share | all ages | equal split
",p0p50,1989,0.1439,1.0,MAR,MENA
Morocco,"sptinc_p0p50_999_j_MA
Pre-tax national income 
Bottom 50% | share | all ages | equal split
",p0p50,1990,0.1439,1.0,MAR,MENA
Morocco,"sptinc_p0p50_999_j_MA
Pre-tax national income 
Bottom 50% | share | all ages | equal split
",p0p50,1991,0.1439,1.0,MAR,MENA
Morocco,"sptinc_p0p50_999_j_MA
Pre-tax national income 
Bottom 50% | share | all ages | equal split
",p0p50,1992,0.1439,1.0,MAR,MENA
Morocco,"sptinc_p0p50_999_j_MA
Pre-tax national income 
Bottom 50% | share | all ages | equal split
",p0p50,1993,0.1439,1.0,MAR,MENA
Morocco,"sptinc_p0p50_999_j_MA
Pre-tax national income 
Bottom 50% | share | all ages | equal split
",p0p50,1994,0.1439,1.0,MAR,MENA
Morocco,"sptinc_p0p50_999_j_MA
Pre-tax national income 
Bottom 50% | share | all ages | equal split
",p0p50,1995,0.1439,1.0,MAR,MENA
Morocco,"sptinc_p0p50_999_j_MA
Pre-tax national income 
Bottom 50% | share | all ages | equal split
",p0p50,1996,0.1439,1.0,MAR,MENA
Morocco,"sptinc_p0p50_999_j_MA
Pre-tax national income 
Bottom 50% | share | all ages | equal split
",p0p50,1997,0.1439,1.0,MAR,MENA
Morocco,"sptinc_p0p50_999_j_MA
Pre-tax national income 
Bottom 50% | share | all ages | equal split
",p0p50,1998,0.1439,1.0,MAR,MENA
Morocco,"sptinc_p0p50_999_j_MA
Pre-tax national income 
Bottom 50% | share | all ages | equal split
",p0p50,1999,0.1439,1.0,MAR,MENA
Morocco,"sptinc_p0p50_999_j_MA
Pre-tax national income 
Bottom 50% | share | all ages | equal split
",p0p50,2000,0.1439,1.0,MAR,MENA
Morocco,"sptinc_p0p50_999_j_MA
Pre-tax national income 
Bottom 50% | share | all ages | equal split
",p0p50,2001,0.1439,1.0,MAR,MENA
Morocco,"sptinc_p0p50_999_j_MA
Pre-tax national income 
Bottom 50% | share | all ages | equal split
",p0p50,2002,0.1439,1.0,MAR,MENA
Morocco,"sptinc_p0p50_999_j_MA
Pre-tax national income 
Bottom 50% | share | all ages | equal split
",p0p50,2003,0.1439,1.0,MAR,MENA
Morocco,"sptinc_p0p50_999_j_MA
Pre-tax national income 
Bottom 50% | share | all ages | equal split
",p0p50,2004,0.1439,1.0,MAR,MENA
Morocco,"sptinc_p0p50_999_j_MA
Pre-tax national income 
Bottom 50% | share | all ages | equal split
",p0p50,2005,0.1439,1.0,MAR,MENA
Morocco,"sptinc_p0p50_999_j_MA
Pre-tax national income 
Bottom 50% | share | all ages | equal split
",p0p50,2006,0.1439,1.0,MAR,MENA
Morocco,"sptinc_p0p50_999_j_MA
Pre-tax national income 
Bottom 50% | share | all ages | equal split
",p0p50,2007,0.1439,1.0,MAR,MENA
Morocco,"sptinc_p0p50_999_j_MA
Pre-tax national income 
Bottom 50% | share | all ages | equal split
",p0p50,2008,0.1439,1.0,MAR,MENA
Morocco,"sptinc_p0p50_999_j_MA
Pre-tax national income 
Bottom 50% | share | all ages | equal split
",p0p50,2009,0.1439,1.0,MAR,MENA
Morocco,"sptinc_p0p50_999_j_MA
Pre-tax national income 
Bottom 50% | share | all ages | equal split
",p0p50,2010,0.1439,1.0,MAR,MENA
Morocco,"sptinc_p0p50_999_j_MA
Pre-tax national income 
Bottom 50% | share | all ages | equal split
",p0p50,2011,0.1439,1.0,MAR,MENA
Morocco,"sptinc_p0p50_999_j_MA
Pre-tax national income 
Bottom 50% | share | all ages | equal split
",p0p50,2012,0.1439,1.0,MAR,MENA
Morocco,"sptinc_p0p50_999_j_MA
Pre-tax national income 
Bottom 50% | share | all ages | equal split
",p0p50,2013,0.1439,3.0,MAR,MENA
Morocco,"sptinc_p0p50_999_j_MA
Pre-tax national income 
Bottom 50% | share | all ages | equal split
",p0p50,2014,0.1439,1.0,MAR,MENA
Morocco,"sptinc_p0p50_999_j_MA
Pre-tax national income 
Bottom 50% | share | all ages | equal split
",p0p50,2015,0.1439,1.0,MAR,MENA
Morocco,"sptinc_p0p50_999_j_MA
Pre-tax national income 
Bottom 50% | share | all ages | equal split
",p0p50,2016,0.1439,1.0,MAR,MENA
Morocco,"sptinc_p0p50_999_j_MA
Pre-tax national income 
Bottom 50% | share | all ages | equal split
",p0p50,2017,0.1439,1.0,MAR,MENA
Morocco,"sptinc_p0p50_999_j_MA
Pre-tax national income 
Bottom 50% | share | all ages | equal split
",p0p50,2018,0.1439,1.0,MAR,MENA
Morocco,"sptinc_p0p50_999_j_MA
Pre-tax national income 
Bottom 50% | share | all ages | equal split
",p0p50,2019,0.1439,1.0,MAR,MENA
Morocco,"sptinc_p0p50_999_j_MA
Pre-tax national income 
Bottom 50% | share | all ages | equal split
",p0p50,2020,0.1439,1.0,MAR,MENA
Morocco,"sptinc_p0p50_999_j_MA
Pre-tax national income 
Bottom 50% | share | all ages | equal split
",p0p50,2021,0.1439,1.0,MAR,MENA
Morocco,"sptinc_p0p50_999_j_MA
Pre-tax national income 
Bottom 50% | share | all ages | equal split
",p0p50,2022,0.1439,1.0,MAR,MENA
Morocco,"sptinc_p0p50_999_j_MA
Pre-tax national income 
Bottom 50% | share | all ages | equal split
",p0p50,2023,0.1439,1.0,MAR,MENA
Morocco,"sptinc_p0p50_999_j_MA
Pre-tax national income 
Bottom 50% | share | all ages | equal split
",p0p50,2024,0.1439,1.0,MAR,MENA
Nepal,"sptinc_p0p50_999_j_NP
Pre-tax national income 
Bottom 50% | share | all ages | equal split
",p0p50,1980,0.2233,1.0,NPL,South Asia
Nepal,"sptinc_p0p50_999_j_NP
Pre-tax national income 
Bottom 50% | share | all ages | equal split
",p0p50,1981,0.2233,1.0,NPL,South Asia
Nepal,"sptinc_p0p50_999_j_NP
Pre-tax national income 
Bottom 50% | share | all ages | equal split
",p0p50,1982,0.2233,1.0,NPL,South Asia
Nepal,"sptinc_p0p50_999_j_NP
Pre-tax national income 
Bottom 50% | share | all ages | equal split
",p0p50,1983,0.2233,1.0,NPL,South Asia
Nepal,"sptinc_p0p50_999_j_NP
Pre-tax national income 
Bottom 50% | share | all ages | equal split
",p0p50,1984,0.2233,3.0,NPL,South Asia
Nepal,"sptinc_p0p50_999_j_NP
Pre-tax national income 
Bottom 50% | share | all ages | equal split
",p0p50,1985,0.2128,2.0,NPL,South Asia
Nepal,"sptinc_p0p50_999_j_NP
Pre-tax national income 
Bottom 50% | share | all ages | equal split
",p0p50,1986,0.2036,2.0,NPL,South Asia
Nepal,"sptinc_p0p50_999_j_NP
Pre-tax national income 
Bottom 50% | share | all ages | equal split
",p0p50,1987,0.1954,2.0,NPL,South Asia
Nepal,"sptinc_p0p50_999_j_NP
Pre-tax national income 
Bottom 50% | share | all ages | equal split
",p0p50,1988,0.1882,2.0,NPL,South Asia
Nepal,"sptinc_p0p50_999_j_NP
Pre-tax national income 
Bottom 50% | share | all ages | equal split
",p0p50,1989,0.1817,2.0,NPL,South Asia
Nepal,"sptinc_p0p50_999_j_NP
Pre-tax national income 
Bottom 50% | share | all ages | equal split
",p0p50,1990,0.1759,2.0,NPL,South Asia
Nepal,"sptinc_p0p50_999_j_NP
Pre-tax national income 
Bottom 50% | share | all ages | equal split
",p0p50,1991,0.1706,2.0,NPL,South Asia
Nepal,"sptinc_p0p50_999_j_NP
Pre-tax national income 
Bottom 50% | share | all ages | equal split
",p0p50,1992,0.1659,2.0,NPL,South Asia
Nepal,"sptinc_p0p50_999_j_NP
Pre-tax national income 
Bottom 50% | share | all ages | equal split
",p0p50,1993,0.1615,2.0,NPL,South Asia
Nepal,"sptinc_p0p50_999_j_NP
Pre-tax national income 
Bottom 50% | share | all ages | equal split
",p0p50,1994,0.1575,2.0,NPL,South Asia
Nepal,"sptinc_p0p50_999_j_NP
Pre-tax national income 
Bottom 50% | share | all ages | equal split
",p0p50,1995,0.1538,3.0,NPL,South Asia
Nepal,"sptinc_p0p50_999_j_NP
Pre-tax national income 
Bottom 50% | share | all ages | equal split
",p0p50,1996,0.155,2.0,NPL,South Asia
Nepal,"sptinc_p0p50_999_j_NP
Pre-tax national income 
Bottom 50% | share | all ages | equal split
",p0p50,1997,0.156,2.0,NPL,South Asia
Nepal,"sptinc_p0p50_999_j_NP
Pre-tax national income 
Bottom 50% | share | all ages | equal split
",p0p50,1998,0.1574,2.0,NPL,South Asia
Nepal,"sptinc_p0p50_999_j_NP
Pre-tax national income 
Bottom 50% | share | all ages | equal split
",p0p50,1999,0.1575,2.0,NPL,South Asia
Nepal,"sptinc_p0p50_999_j_NP
Pre-tax national income 
Bottom 50% | share | all ages | equal split
",p0p50,2000,0.1584,2.0,NPL,South Asia
Nepal,"sptinc_p0p50_999_j_NP
Pre-tax national income 
Bottom 50% | share | all ages | equal split
",p0p50,2001,0.1595,2.0,NPL,South Asia
Nepal,"sptinc_p0p50_999_j_NP
Pre-tax national income 
Bottom 50% | share | all ages | equal split
",p0p50,2002,0.1587,2.0,NPL,South Asia
Nepal,"sptinc_p0p50_999_j_NP
Pre-tax national income 
Bottom 50% | share | all ages | equal split
",p0p50,2003,0.1569,3.0,NPL,South Asia
Nepal,"sptinc_p0p50_999_j_NP
Pre-tax national income 
Bottom 50% | share | all ages | equal split
",p0p50,2004,0.1578,2.0,NPL,South Asia
Nepal,"sptinc_p0p50_999_j_NP
Pre-tax national income 
Bottom 50% | share | all ages | equal split
",p0p50,2005,0.158,2.0,NPL,South Asia
Nepal,"sptinc_p0p50_999_j_NP
Pre-tax national income 
Bottom 50% | share | all ages | equal split
",p0p50,2006,0.1574,2.0,NPL,South Asia
Nepal,"sptinc_p0p50_999_j_NP
Pre-tax national income 
Bottom 50% | share | all ages | equal split
",p0p50,2007,0.1561,2.0,NPL,South Asia
Nepal,"sptinc_p0p50_999_j_NP
Pre-tax national income 
Bottom 50% | share | all ages | equal split
",p0p50,2008,0.1609,2.0,NPL,South Asia
Nepal,"sptinc_p0p50_999_j_NP
Pre-tax national income 
Bottom 50% | share | all ages | equal split
",p0p50,2009,0.1623,2.0,NPL,South Asia
Nepal,"sptinc_p0p50_999_j_NP
Pre-tax national income 
Bottom 50% | share | all ages | equal split
",p0p50,2010,0.1594,3.0,NPL,South Asia
Nepal,"sptinc_p0p50_999_j_NP
Pre-tax national income 
Bottom 50% | share | all ages | equal split
",p0p50,2011,0.1617,1.0,NPL,South Asia
Nepal,"sptinc_p0p50_999_j_NP
Pre-tax national income 
Bottom 50% | share | all ages | equal split
",p0p50,2012,0.1622,1.0,NPL,South Asia
Nepal,"sptinc_p0p50_999_j_NP
Pre-tax national income 
Bottom 50% | share | all ages | equal split
",p0p50,2013,0.1629,1.0,NPL,South Asia
Nepal,"sptinc_p0p50_999_j_NP
Pre-tax national income 
Bottom 50% | share | all ages | equal split
",p0p50,2014,0.1643,1.0,NPL,South Asia
Nepal,"sptinc_p0p50_999_j_NP
Pre-tax national income 
Bottom 50% | share | all ages | equal split
",p0p50,2015,0.1667,1.0,NPL,South Asia
Nepal,"sptinc_p0p50_999_j_NP
Pre-tax national income 
Bottom 50% | share | all ages | equal split
",p0p50,2016,0.1671,1.0,NPL,South Asia
Nepal,"sptinc_p0p50_999_j_NP
Pre-tax national income 
Bottom 50% | share | all ages | equal split
",p0p50,2017,0.167,1.0,NPL,South Asia
Nepal,"sptinc_p0p50_999_j_NP
Pre-tax national income 
Bottom 50% | share | all ages | equal split
",p0p50,2018,0.167,1.0,NPL,South Asia
Nepal,"sptinc_p0p50_999_j_NP
Pre-tax national income 
Bottom 50% | share | all ages | equal split
",p0p50,2019,0.167,1.0,NPL,South Asia
Nepal,"sptinc_p0p50_999_j_NP
Pre-tax national income 
Bottom 50% | share | all ages | equal split
",p0p50,2020,0.167,1.0,NPL,South Asia
Nepal,"sptinc_p0p50_999_j_NP
Pre-tax national income 
Bottom 50% | share | all ages | equal split
",p0p50,2021,0.167,1.0,NPL,South Asia
Nepal,"sptinc_p0p50_999_j_NP
Pre-tax national income 
Bottom 50% | share | all ages | equal split
",p0p50,2022,0.167,1.0,NPL,South Asia
Nepal,"sptinc_p0p50_999_j_NP
Pre-tax national income 
Bottom 50% | share | all ages | equal split
",p0p50,2023,0.167,1.0,NPL,South Asia
Nepal,"sptinc_p0p50_999_j_NP
Pre-tax national income 
Bottom 50% | share | all ages | equal split
",p0p50,2024,0.167,1.0,NPL,South Asia
Netherlands,"sptinc_p0p50_999_j_NL
Pre-tax national income 
Bottom 50% | share | all ages | equal split
",p0p50,1960,0.2274,3.0,NLD,Western Europe
Netherlands,"sptinc_p0p50_999_j_NL
Pre-tax national income 
Bottom 50% | share | all ages | equal split
",p0p50,1962,0.2321,3.0,NLD,Western Europe
Netherlands,"sptinc_p0p50_999_j_NL
Pre-tax national income 
Bottom 50% | share | all ages | equal split
",p0p50,1964,0.2362,3.0,NLD,Western Europe
Netherlands,"sptinc_p0p50_999_j_NL
Pre-tax national income 
Bottom 50% | share | all ages | equal split
",p0p50,1966,0.2411,3.0,NLD,Western Europe
Netherlands,"sptinc_p0p50_999_j_NL
Pre-tax national income 
Bottom 50% | share | all ages | equal split
",p0p50,1967,0.2435,3.0,NLD,Western Europe
Netherlands,"sptinc_p0p50_999_j_NL
Pre-tax national income 
Bottom 50% | share | all ages | equal split
",p0p50,1970,0.2356,3.0,NLD,Western Europe
Netherlands,"sptinc_p0p50_999_j_NL
Pre-tax national income 
Bottom 50% | share | all ages | equal split
",p0p50,1973,0.2597,3.0,NLD,Western Europe
Netherlands,"sptinc_p0p50_999_j_NL
Pre-tax national income 
Bottom 50% | share | all ages | equal split
",p0p50,1975,0.2639,3.0,NLD,Western Europe
Netherlands,"sptinc_p0p50_999_j_NL
Pre-tax national income 
Bottom 50% | share | all ages | equal split
",p0p50,1977,0.2693,4.0,NLD,Western Europe
Netherlands,"sptinc_p0p50_999_j_NL
Pre-tax national income 
Bottom 50% | share | all ages | equal split
",p0p50,1980,0.2595,4.0,NLD,Western Europe
Netherlands,"sptinc_p0p50_999_j_NL
Pre-tax national income 
Bottom 50% | share | all ages | equal split
",p0p50,1981,0.257,4.0,NLD,Western Europe
Netherlands,"sptinc_p0p50_999_j_NL
Pre-tax national income 
Bottom 50% | share | all ages | equal split
",p0p50,1982,0.2549,4.0,NLD,Western Europe
Netherlands,"sptinc_p0p50_999_j_NL
Pre-tax national income 
Bottom 50% | share | all ages | equal split
",p0p50,1983,0.2458,4.0,NLD,Western Europe
Netherlands,"sptinc_p0p50_999_j_NL
Pre-tax national income 
Bottom 50% | share | all ages | equal split
",p0p50,1984,0.2441,4.0,NLD,Western Europe
Netherlands,"sptinc_p0p50_999_j_NL
Pre-tax national income 
Bottom 50% | share | all ages | equal split
",p0p50,1985,0.2437,4.0,NLD,Western Europe
Netherlands,"sptinc_p0p50_999_j_NL
Pre-tax national income 
Bottom 50% | share | all ages | equal split
",p0p50,1986,0.2449,4.0,NLD,Western Europe
Netherlands,"sptinc_p0p50_999_j_NL
Pre-tax national income 
Bottom 50% | share | all ages | equal split
",p0p50,1987,0.2448,4.0,NLD,Western Europe
Netherlands,"sptinc_p0p50_999_j_NL
Pre-tax national income 
Bottom 50% | share | all ages | equal split
",p0p50,1988,0.246,4.0,NLD,Western Europe
Netherlands,"sptinc_p0p50_999_j_NL
Pre-tax national income 
Bottom 50% | share | all ages | equal split
",p0p50,1989,0.2478,4.0,NLD,Western Europe
Netherlands,"sptinc_p0p50_999_j_NL
Pre-tax national income 
Bottom 50% | share | all ages | equal split
",p0p50,1990,0.2476,4.0,NLD,Western Europe
Netherlands,"sptinc_p0p50_999_j_NL
Pre-tax national income 
Bottom 50% | share | all ages | equal split
",p0p50,1991,0.2476,4.0,NLD,Western Europe
Netherlands,"sptinc_p0p50_999_j_NL
Pre-tax national income 
Bottom 50% | share | all ages | equal split
",p0p50,1992,0.248,4.0,NLD,Western Europe
Netherlands,"sptinc_p0p50_999_j_NL
Pre-tax national income 
Bottom 50% | share | all ages | equal split
",p0p50,1993,0.2447,4.0,NLD,Western Europe
Netherlands,"sptinc_p0p50_999_j_NL
Pre-tax national income 
Bottom 50% | share | all ages | equal split
",p0p50,1994,0.2412,4.0,NLD,Western Europe
Netherlands,"sptinc_p0p50_999_j_NL
Pre-tax national income 
Bottom 50% | share | all ages | equal split
",p0p50,1995,0.2427,4.0,NLD,Western Europe
Netherlands,"sptinc_p0p50_999_j_NL
Pre-tax national income 
Bottom 50% | share | all ages | equal split
",p0p50,1996,0.2456,4.0,NLD,Western Europe
Netherlands,"sptinc_p0p50_999_j_NL
Pre-tax national income 
Bottom 50% | share | all ages | equal split
",p0p50,1997,0.2443,4.0,NLD,Western Europe
Netherlands,"sptinc_p0p50_999_j_NL
Pre-tax national income 
Bottom 50% | share | all ages | equal split
",p0p50,1998,0.246,4.0,NLD,Western Europe
Netherlands,"sptinc_p0p50_999_j_NL
Pre-tax national income 
Bottom 50% | share | all ages | equal split
",p0p50,1999,0.2459,4.0,NLD,Western Europe
Netherlands,"sptinc_p0p50_999_j_NL
Pre-tax national income 
Bottom 50% | share | all ages | equal split
",p0p50,2000,0.2461,4.0,NLD,Western Europe
Netherlands,"sptinc_p0p50_999_j_NL
Pre-tax national income 
Bottom 50% | share | all ages | equal split
",p0p50,2001,0.2405,4.0,NLD,Western Europe
Netherlands,"sptinc_p0p50_999_j_NL
Pre-tax national income 
Bottom 50% | share | all ages | equal split
",p0p50,2002,0.2396,4.0,NLD,Western Europe
Netherlands,"sptinc_p0p50_999_j_NL
Pre-tax national income 
Bottom 50% | share | all ages | equal split
",p0p50,2003,0.2369,4.0,NLD,Western Europe
Netherlands,"sptinc_p0p50_999_j_NL
Pre-tax national income 
Bottom 50% | share | all ages | equal split
",p0p50,2004,0.2366,4.0,NLD,Western Europe
Netherlands,"sptinc_p0p50_999_j_NL
Pre-tax national income 
Bottom 50% | share | all ages | equal split
",p0p50,2005,0.2318,4.0,NLD,Western Europe
Netherlands,"sptinc_p0p50_999_j_NL
Pre-tax national income 
Bottom 50% | share | all ages | equal split
",p0p50,2006,0.2279,4.0,NLD,Western Europe
Netherlands,"sptinc_p0p50_999_j_NL
Pre-tax national income 
Bottom 50% | share | all ages | equal split
",p0p50,2007,0.2223,4.0,NLD,Western Europe
Netherlands,"sptinc_p0p50_999_j_NL
Pre-tax national income 
Bottom 50% | share | all ages | equal split
",p0p50,2008,0.2358,4.0,NLD,Western Europe
Netherlands,"sptinc_p0p50_999_j_NL
Pre-tax national income 
Bottom 50% | share | all ages | equal split
",p0p50,2009,0.2353,4.0,NLD,Western Europe
Netherlands,"sptinc_p0p50_999_j_NL
Pre-tax national income 
Bottom 50% | share | all ages | equal split
",p0p50,2010,0.2305,4.0,NLD,Western Europe
Netherlands,"sptinc_p0p50_999_j_NL
Pre-tax national income 
Bottom 50% | share | all ages | equal split
",p0p50,2011,0.2306,4.0,NLD,Western Europe
Netherlands,"sptinc_p0p50_999_j_NL
Pre-tax national income 
Bottom 50% | share | all ages | equal split
",p0p50,2012,0.229,4.0,NLD,Western Europe
Netherlands,"sptinc_p0p50_999_j_NL
Pre-tax national income 
Bottom 50% | share | all ages | equal split
",p0p50,2013,0.2287,4.0,NLD,Western Europe
Netherlands,"sptinc_p0p50_999_j_NL
Pre-tax national income 
Bottom 50% | share | all ages | equal split
",p0p50,2014,0.2246,4.0,NLD,Western Europe
Netherlands,"sptinc_p0p50_999_j_NL
Pre-tax national income 
Bottom 50% | share | all ages | equal split
",p0p50,2015,0.2262,3.0,NLD,Western Europe
Netherlands,"sptinc_p0p50_999_j_NL
Pre-tax national income 
Bottom 50% | share | all ages | equal split
",p0p50,2016,0.2256,3.0,NLD,Western Europe
Netherlands,"sptinc_p0p50_999_j_NL
Pre-tax national income 
Bottom 50% | share | all ages | equal split
",p0p50,2017,0.2212,3.0,NLD,Western Europe
Netherlands,"sptinc_p0p50_999_j_NL
Pre-tax national income 
Bottom 50% | share | all ages | equal split
",p0p50,2018,0.2243,3.0,NLD,Western Europe
Netherlands,"sptinc_p0p50_999_j_NL
Pre-tax national income 
Bottom 50% | share | all ages | equal split
",p0p50,2019,0.2254,3.0,NLD,Western Europe
Netherlands,"sptinc_p0p50_999_j_NL
Pre-tax national income 
Bottom 50% | share | all ages | equal split
",p0p50,2020,0.2254,3.0,NLD,Western Europe
Netherlands,"sptinc_p0p50_999_j_NL
Pre-tax national income 
Bottom 50% | share | all ages | equal split
",p0p50,2021,0.224,3.0,NLD,Western Europe
Netherlands,"sptinc_p0p50_999_j_NL
Pre-tax national income 
Bottom 50% | share | all ages | equal split
",p0p50,2022,0.2162,3.0,NLD,Western Europe
Netherlands,"sptinc_p0p50_999_j_NL
Pre-tax national income 
Bottom 50% | share | all ages | equal split
",p0p50,2023,0.2084,3.0,NLD,Western Europe
Netherlands,"sptinc_p0p50_999_j_NL
Pre-tax national income 
Bottom 50% | share | all ages | equal split
",p0p50,2024,0.2084,1.0,NLD,Western Europe
New Zealand,"sptinc_p0p50_999_j_NZ
Pre-tax national income 
Bottom 50% | share | all ages | equal split
",p0p50,1960,0.1323,4.0,NZL,Oceania
New Zealand,"sptinc_p0p50_999_j_NZ
Pre-tax national income 
Bottom 50% | share | all ages | equal split
",p0p50,1961,0.1323,4.0,NZL,Oceania
New Zealand,"sptinc_p0p50_999_j_NZ
Pre-tax national income 
Bottom 50% | share | all ages | equal split
",p0p50,1962,0.1325,4.0,NZL,Oceania
New Zealand,"sptinc_p0p50_999_j_NZ
Pre-tax national income 
Bottom 50% | share | all ages | equal split
",p0p50,1963,0.1323,4.0,NZL,Oceania
New Zealand,"sptinc_p0p50_999_j_NZ
Pre-tax national income 
Bottom 50% | share | all ages | equal split
",p0p50,1964,0.1301,4.0,NZL,Oceania
New Zealand,"sptinc_p0p50_999_j_NZ
Pre-tax national income 
Bottom 50% | share | all ages | equal split
",p0p50,1965,0.1355,4.0,NZL,Oceania
New Zealand,"sptinc_p0p50_999_j_NZ
Pre-tax national income 
Bottom 50% | share | all ages | equal split
",p0p50,1966,0.1368,4.0,NZL,Oceania
New Zealand,"sptinc_p0p50_999_j_NZ
Pre-tax national income 
Bottom 50% | share | all ages | equal split
",p0p50,1967,0.1356,4.0,NZL,Oceania
New Zealand,"sptinc_p0p50_999_j_NZ
Pre-tax national income 
Bottom 50% | share | all ages | equal split
",p0p50,1968,0.135,4.0,NZL,Oceania
New Zealand,"sptinc_p0p50_999_j_NZ
Pre-tax national income 
Bottom 50% | share | all ages | equal split
",p0p50,1969,0.1355,4.0,NZL,Oceania
New Zealand,"sptinc_p0p50_999_j_NZ
Pre-tax national income 
Bottom 50% | share | all ages | equal split
",p0p50,1970,0.1364,4.0,NZL,Oceania
New Zealand,"sptinc_p0p50_999_j_NZ
Pre-tax national income 
Bottom 50% | share | all ages | equal split
",p0p50,1971,0.1363,4.0,NZL,Oceania
New Zealand,"sptinc_p0p50_999_j_NZ
Pre-tax national income 
Bottom 50% | share | all ages | equal split
",p0p50,1972,0.1348,4.0,NZL,Oceania
New Zealand,"sptinc_p0p50_999_j_NZ
Pre-tax national income 
Bottom 50% | share | all ages | equal split
",p0p50,1973,0.1328,4.0,NZL,Oceania
New Zealand,"sptinc_p0p50_999_j_NZ
Pre-tax national income 
Bottom 50% | share | all ages | equal split
",p0p50,1974,0.1358,4.0,NZL,Oceania
New Zealand,"sptinc_p0p50_999_j_NZ
Pre-tax national income 
Bottom 50% | share | all ages | equal split
",p0p50,1975,0.1472,4.0,NZL,Oceania
New Zealand,"sptinc_p0p50_999_j_NZ
Pre-tax national income 
Bottom 50% | share | all ages | equal split
",p0p50,1976,0.1421,4.0,NZL,Oceania
New Zealand,"sptinc_p0p50_999_j_NZ
Pre-tax national income 
Bottom 50% | share | all ages | equal split
",p0p50,1977,0.1511,4.0,NZL,Oceania
New Zealand,"sptinc_p0p50_999_j_NZ
Pre-tax national income 
Bottom 50% | share | all ages | equal split
",p0p50,1978,0.151,4.0,NZL,Oceania
New Zealand,"sptinc_p0p50_999_j_NZ
Pre-tax national income 
Bottom 50% | share | all ages | equal split
",p0p50,1979,0.1544,4.0,NZL,Oceania
New Zealand,"sptinc_p0p50_999_j_NZ
Pre-tax national income 
Bottom 50% | share | all ages | equal split
",p0p50,1980,0.1512,4.0,NZL,Oceania
New Zealand,"sptinc_p0p50_999_j_NZ
Pre-tax national income 
Bottom 50% | share | all ages | equal split
",p0p50,1981,0.1514,4.0,NZL,Oceania
New Zealand,"sptinc_p0p50_999_j_NZ
Pre-tax national income 
Bottom 50% | share | all ages | equal split
",p0p50,1982,0.1493,4.0,NZL,Oceania
New Zealand,"sptinc_p0p50_999_j_NZ
Pre-tax national income 
Bottom 50% | share | all ages | equal split
",p0p50,1983,0.1449,4.0,NZL,Oceania
New Zealand,"sptinc_p0p50_999_j_NZ
Pre-tax national income 
Bottom 50% | share | all ages | equal split
",p0p50,1984,0.1491,4.0,NZL,Oceania
New Zealand,"sptinc_p0p50_999_j_NZ
Pre-tax national income 
Bottom 50% | share | all ages | equal split
",p0p50,1985,0.1544,4.0,NZL,Oceania
New Zealand,"sptinc_p0p50_999_j_NZ
Pre-tax national income 
Bottom 50% | share | all ages | equal split
",p0p50,1986,0.1588,4.0,NZL,Oceania
New Zealand,"sptinc_p0p50_999_j_NZ
Pre-tax national income 
Bottom 50% | share | all ages | equal split
",p0p50,1987,0.1617,4.0,NZL,Oceania
New Zealand,"sptinc_p0p50_999_j_NZ
Pre-tax national income 
Bottom 50% | share | all ages | equal split
",p0p50,1988,0.1611,4.0,NZL,Oceania
New Zealand,"sptinc_p0p50_999_j_NZ
Pre-tax national income 
Bottom 50% | share | all ages | equal split
",p0p50,1989,0.1524,4.0,NZL,Oceania
New Zealand,"sptinc_p0p50_999_j_NZ
Pre-tax national income 
Bottom 50% | share | all ages | equal split
",p0p50,1990,0.1418,4.0,NZL,Oceania
New Zealand,"sptinc_p0p50_999_j_NZ
Pre-tax national income 
Bottom 50% | share | all ages | equal split
",p0p50,1991,0.1442,4.0,NZL,Oceania
New Zealand,"sptinc_p0p50_999_j_NZ
Pre-tax national income 
Bottom 50% | share | all ages | equal split
",p0p50,1992,0.139,4.0,NZL,Oceania
New Zealand,"sptinc_p0p50_999_j_NZ
Pre-tax national income 
Bottom 50% | share | all ages | equal split
",p0p50,1993,0.1369,4.0,NZL,Oceania
New Zealand,"sptinc_p0p50_999_j_NZ
Pre-tax national income 
Bottom 50% | share | all ages | equal split
",p0p50,1994,0.1378,4.0,NZL,Oceania
New Zealand,"sptinc_p0p50_999_j_NZ
Pre-tax national income 
Bottom 50% | share | all ages | equal split
",p0p50,1995,0.1388,4.0,NZL,Oceania
New Zealand,"sptinc_p0p50_999_j_NZ
Pre-tax national income 
Bottom 50% | share | all ages | equal split
",p0p50,1996,0.1432,4.0,NZL,Oceania
New Zealand,"sptinc_p0p50_999_j_NZ
Pre-tax national income 
Bottom 50% | share | all ages | equal split
",p0p50,1997,0.1395,4.0,NZL,Oceania
New Zealand,"sptinc_p0p50_999_j_NZ
Pre-tax national income 
Bottom 50% | share | all ages | equal split
",p0p50,1998,0.1323,4.0,NZL,Oceania
New Zealand,"sptinc_p0p50_999_j_NZ
Pre-tax national income 
Bottom 50% | share | all ages | equal split
",p0p50,1999,0.1625,4.0,NZL,Oceania
New Zealand,"sptinc_p0p50_999_j_NZ
Pre-tax national income 
Bottom 50% | share | all ages | equal split
",p0p50,2000,0.1808,5.0,NZL,Oceania
New Zealand,"sptinc_p0p50_999_j_NZ
Pre-tax national income 
Bottom 50% | share | all ages | equal split
",p0p50,2001,0.1761,5.0,NZL,Oceania
New Zealand,"sptinc_p0p50_999_j_NZ
Pre-tax national income 
Bottom 50% | share | all ages | equal split
",p0p50,2002,0.1943,5.0,NZL,Oceania
New Zealand,"sptinc_p0p50_999_j_NZ
Pre-tax national income 
Bottom 50% | share | all ages | equal split
",p0p50,2003,0.1981,5.0,NZL,Oceania
New Zealand,"sptinc_p0p50_999_j_NZ
Pre-tax national income 
Bottom 50% | share | all ages | equal split
",p0p50,2004,0.2039,5.0,NZL,Oceania
New Zealand,"sptinc_p0p50_999_j_NZ
Pre-tax national income 
Bottom 50% | share | all ages | equal split
",p0p50,2005,0.2155,5.0,NZL,Oceania
New Zealand,"sptinc_p0p50_999_j_NZ
Pre-tax national income 
Bottom 50% | share | all ages | equal split
",p0p50,2006,0.2412,5.0,NZL,Oceania
New Zealand,"sptinc_p0p50_999_j_NZ
Pre-tax national income 
Bottom 50% | share | all ages | equal split
",p0p50,2007,0.2346,5.0,NZL,Oceania
New Zealand,"sptinc_p0p50_999_j_NZ
Pre-tax national income 
Bottom 50% | share | all ages | equal split
",p0p50,2008,0.2319,5.0,NZL,Oceania
New Zealand,"sptinc_p0p50_999_j_NZ
Pre-tax national income 
Bottom 50% | share | all ages | equal split
",p0p50,2009,0.2198,5.0,NZL,Oceania
New Zealand,"sptinc_p0p50_999_j_NZ
Pre-tax national income 
Bottom 50% | share | all ages | equal split
",p0p50,2010,0.1967,5.0,NZL,Oceania
New Zealand,"sptinc_p0p50_999_j_NZ
Pre-tax national income 
Bottom 50% | share | all ages | equal split
",p0p50,2011,0.2201,5.0,NZL,Oceania
New Zealand,"sptinc_p0p50_999_j_NZ
Pre-tax national income 
Bottom 50% | share | all ages | equal split
",p0p50,2012,0.2292,5.0,NZL,Oceania
New Zealand,"sptinc_p0p50_999_j_NZ
Pre-tax national income 
Bottom 50% | share | all ages | equal split
",p0p50,2013,0.2327,5.0,NZL,Oceania
New Zealand,"sptinc_p0p50_999_j_NZ
Pre-tax national income 
Bottom 50% | share | all ages | equal split
",p0p50,2014,0.2325,5.0,NZL,Oceania
New Zealand,"sptinc_p0p50_999_j_NZ
Pre-tax national income 
Bottom 50% | share | all ages | equal split
",p0p50,2015,0.2322,5.0,NZL,Oceania
New Zealand,"sptinc_p0p50_999_j_NZ
Pre-tax national income 
Bottom 50% | share | all ages | equal split
",p0p50,2016,0.2319,5.0,NZL,Oceania
New Zealand,"sptinc_p0p50_999_j_NZ
Pre-tax national income 
Bottom 50% | share | all ages | equal split
",p0p50,2017,0.2386,5.0,NZL,Oceania
New Zealand,"sptinc_p0p50_999_j_NZ
Pre-tax national income 
Bottom 50% | share | all ages | equal split
",p0p50,2018,0.2443,5.0,NZL,Oceania
New Zealand,"sptinc_p0p50_999_j_NZ
Pre-tax national income 
Bottom 50% | share | all ages | equal split
",p0p50,2019,0.2193,5.0,NZL,Oceania
New Zealand,"sptinc_p0p50_999_j_NZ
Pre-tax national income 
Bottom 50% | share | all ages | equal split
",p0p50,2020,0.1937,5.0,NZL,Oceania
New Zealand,"sptinc_p0p50_999_j_NZ
Pre-tax national income 
Bottom 50% | share | all ages | equal split
",p0p50,2021,0.1854,5.0,NZL,Oceania
New Zealand,"sptinc_p0p50_999_j_NZ
Pre-tax national income 
Bottom 50% | share | all ages | equal split
",p0p50,2022,0.2044,5.0,NZL,Oceania
New Zealand,"sptinc_p0p50_999_j_NZ
Pre-tax national income 
Bottom 50% | share | all ages | equal split
",p0p50,2023,0.2044,5.0,NZL,Oceania
New Zealand,"sptinc_p0p50_999_j_NZ
Pre-tax national income 
Bottom 50% | share | all ages | equal split
",p0p50,2024,0.2044,5.0,NZL,Oceania
Niger,"sptinc_p0p50_999_j_NE
Pre-tax national income 
Bottom 50% | share | all ages | equal split
",p0p50,1960,0.105,0.0,NER,Sub-Saharan Africa
Niger,"sptinc_p0p50_999_j_NE
Pre-tax national income 
Bottom 50% | share | all ages | equal split
",p0p50,1970,0.1037,0.0,NER,Sub-Saharan Africa
Niger,"sptinc_p0p50_999_j_NE
Pre-tax national income 
Bottom 50% | share | all ages | equal split
",p0p50,1980,0.1491,1.0,NER,Sub-Saharan Africa
Niger,"sptinc_p0p50_999_j_NE
Pre-tax national income 
Bottom 50% | share | all ages | equal split
",p0p50,1981,0.1491,1.0,NER,Sub-Saharan Africa
Niger,"sptinc_p0p50_999_j_NE
Pre-tax national income 
Bottom 50% | share | all ages | equal split
",p0p50,1982,0.1491,1.0,NER,Sub-Saharan Africa
Niger,"sptinc_p0p50_999_j_NE
Pre-tax national income 
Bottom 50% | share | all ages | equal split
",p0p50,1983,0.1491,1.0,NER,Sub-Saharan Africa
Niger,"sptinc_p0p50_999_j_NE
Pre-tax national income 
Bottom 50% | share | all ages | equal split
",p0p50,1984,0.1491,1.0,NER,Sub-Saharan Africa
Niger,"sptinc_p0p50_999_j_NE
Pre-tax national income 
Bottom 50% | share | all ages | equal split
",p0p50,1985,0.1491,1.0,NER,Sub-Saharan Africa
Niger,"sptinc_p0p50_999_j_NE
Pre-tax national income 
Bottom 50% | share | all ages | equal split
",p0p50,1986,0.1491,1.0,NER,Sub-Saharan Africa
Niger,"sptinc_p0p50_999_j_NE
Pre-tax national income 
Bottom 50% | share | all ages | equal split
",p0p50,1987,0.1491,1.0,NER,Sub-Saharan Africa
Niger,"sptinc_p0p50_999_j_NE
Pre-tax national income 
Bottom 50% | share | all ages | equal split
",p0p50,1988,0.1491,1.0,NER,Sub-Saharan Africa
Niger,"sptinc_p0p50_999_j_NE
Pre-tax national income 
Bottom 50% | share | all ages | equal split
",p0p50,1989,0.1491,1.0,NER,Sub-Saharan Africa
Niger,"sptinc_p0p50_999_j_NE
Pre-tax national income 
Bottom 50% | share | all ages | equal split
",p0p50,1990,0.1491,1.0,NER,Sub-Saharan Africa
Niger,"sptinc_p0p50_999_j_NE
Pre-tax national income 
Bottom 50% | share | all ages | equal split
",p0p50,1991,0.1491,1.0,NER,Sub-Saharan Africa
Niger,"sptinc_p0p50_999_j_NE
Pre-tax national income 
Bottom 50% | share | all ages | equal split
",p0p50,1992,0.1491,3.0,NER,Sub-Saharan Africa
Niger,"sptinc_p0p50_999_j_NE
Pre-tax national income 
Bottom 50% | share | all ages | equal split
",p0p50,1993,0.1386,2.0,NER,Sub-Saharan Africa
Niger,"sptinc_p0p50_999_j_NE
Pre-tax national income 
Bottom 50% | share | all ages | equal split
",p0p50,1994,0.1282,3.0,NER,Sub-Saharan Africa
Niger,"sptinc_p0p50_999_j_NE
Pre-tax national income 
Bottom 50% | share | all ages | equal split
",p0p50,1995,0.127,2.0,NER,Sub-Saharan Africa
Niger,"sptinc_p0p50_999_j_NE
Pre-tax national income 
Bottom 50% | share | all ages | equal split
",p0p50,1996,0.1258,2.0,NER,Sub-Saharan Africa
Niger,"sptinc_p0p50_999_j_NE
Pre-tax national income 
Bottom 50% | share | all ages | equal split
",p0p50,1997,0.1246,2.0,NER,Sub-Saharan Africa
Niger,"sptinc_p0p50_999_j_NE
Pre-tax national income 
Bottom 50% | share | all ages | equal split
",p0p50,1998,0.1234,2.0,NER,Sub-Saharan Africa
Niger,"sptinc_p0p50_999_j_NE
Pre-tax national income 
Bottom 50% | share | all ages | equal split
",p0p50,1999,0.1222,2.0,NER,Sub-Saharan Africa
Niger,"sptinc_p0p50_999_j_NE
Pre-tax national income 
Bottom 50% | share | all ages | equal split
",p0p50,2000,0.121,2.0,NER,Sub-Saharan Africa
Niger,"sptinc_p0p50_999_j_NE
Pre-tax national income 
Bottom 50% | share | all ages | equal split
",p0p50,2001,0.1198,2.0,NER,Sub-Saharan Africa
Niger,"sptinc_p0p50_999_j_NE
Pre-tax national income 
Bottom 50% | share | all ages | equal split
",p0p50,2002,0.1186,2.0,NER,Sub-Saharan Africa
Niger,"sptinc_p0p50_999_j_NE
Pre-tax national income 
Bottom 50% | share | all ages | equal split
",p0p50,2003,0.1174,2.0,NER,Sub-Saharan Africa
Niger,"sptinc_p0p50_999_j_NE
Pre-tax national income 
Bottom 50% | share | all ages | equal split
",p0p50,2004,0.1162,2.0,NER,Sub-Saharan Africa
Niger,"sptinc_p0p50_999_j_NE
Pre-tax national income 
Bottom 50% | share | all ages | equal split
",p0p50,2005,0.115,3.0,NER,Sub-Saharan Africa
Niger,"sptinc_p0p50_999_j_NE
Pre-tax national income 
Bottom 50% | share | all ages | equal split
",p0p50,2006,0.129,2.0,NER,Sub-Saharan Africa
Niger,"sptinc_p0p50_999_j_NE
Pre-tax national income 
Bottom 50% | share | all ages | equal split
",p0p50,2007,0.1431,3.0,NER,Sub-Saharan Africa
Niger,"sptinc_p0p50_999_j_NE
Pre-tax national income 
Bottom 50% | share | all ages | equal split
",p0p50,2008,0.1495,2.0,NER,Sub-Saharan Africa
Niger,"sptinc_p0p50_999_j_NE
Pre-tax national income 
Bottom 50% | share | all ages | equal split
",p0p50,2009,0.156,2.0,NER,Sub-Saharan Africa
Niger,"sptinc_p0p50_999_j_NE
Pre-tax national income 
Bottom 50% | share | all ages | equal split
",p0p50,2010,0.1625,2.0,NER,Sub-Saharan Africa
Niger,"sptinc_p0p50_999_j_NE
Pre-tax national income 
Bottom 50% | share | all ages | equal split
",p0p50,2011,0.169,3.0,NER,Sub-Saharan Africa
Niger,"sptinc_p0p50_999_j_NE
Pre-tax national income 
Bottom 50% | share | all ages | equal split
",p0p50,2012,0.165,2.0,NER,Sub-Saharan Africa
Niger,"sptinc_p0p50_999_j_NE
Pre-tax national income 
Bottom 50% | share | all ages | equal split
",p0p50,2013,0.1611,2.0,NER,Sub-Saharan Africa
Niger,"sptinc_p0p50_999_j_NE
Pre-tax national income 
Bottom 50% | share | all ages | equal split
",p0p50,2014,0.1572,3.0,NER,Sub-Saharan Africa
Niger,"sptinc_p0p50_999_j_NE
Pre-tax national income 
Bottom 50% | share | all ages | equal split
",p0p50,2015,0.1538,2.0,NER,Sub-Saharan Africa
Niger,"sptinc_p0p50_999_j_NE
Pre-tax national income 
Bottom 50% | share | all ages | equal split
",p0p50,2016,0.1505,2.0,NER,Sub-Saharan Africa
Niger,"sptinc_p0p50_999_j_NE
Pre-tax national income 
Bottom 50% | share | all ages | equal split
",p0p50,2017,0.1471,2.0,NER,Sub-Saharan Africa
Niger,"sptinc_p0p50_999_j_NE
Pre-tax national income 
Bottom 50% | share | all ages | equal split
",p0p50,2018,0.1438,3.0,NER,Sub-Saharan Africa
Niger,"sptinc_p0p50_999_j_NE
Pre-tax national income 
Bottom 50% | share | all ages | equal split
",p0p50,2019,0.15,2.0,NER,Sub-Saharan Africa
Niger,"sptinc_p0p50_999_j_NE
Pre-tax national income 
Bottom 50% | share | all ages | equal split
",p0p50,2020,0.1561,2.0,NER,Sub-Saharan Africa
Niger,"sptinc_p0p50_999_j_NE
Pre-tax national income 
Bottom 50% | share | all ages | equal split
",p0p50,2021,0.1623,3.0,NER,Sub-Saharan Africa
Niger,"sptinc_p0p50_999_j_NE
Pre-tax national income 
Bottom 50% | share | all ages | equal split
",p0p50,2022,0.1623,1.0,NER,Sub-Saharan Africa
Niger,"sptinc_p0p50_999_j_NE
Pre-tax national income 
Bottom 50% | share | all ages | equal split
",p0p50,2023,0.1623,1.0,NER,Sub-Saharan Africa
Niger,"sptinc_p0p50_999_j_NE
Pre-tax national income 
Bottom 50% | share | all ages | equal split
",p0p50,2024,0.1623,1.0,NER,Sub-Saharan Africa
Nigeria,"sptinc_p0p50_999_j_NG
Pre-tax national income 
Bottom 50% | share | all ages | equal split
",p0p50,1960,0.105,2.0,NGA,Sub-Saharan Africa
Nigeria,"sptinc_p0p50_999_j_NG
Pre-tax national income 
Bottom 50% | share | all ages | equal split
",p0p50,1970,0.1037,2.0,NGA,Sub-Saharan Africa
Nigeria,"sptinc_p0p50_999_j_NG
Pre-tax national income 
Bottom 50% | share | all ages | equal split
",p0p50,1980,0.1393,1.0,NGA,Sub-Saharan Africa
Nigeria,"sptinc_p0p50_999_j_NG
Pre-tax national income 
Bottom 50% | share | all ages | equal split
",p0p50,1981,0.1393,1.0,NGA,Sub-Saharan Africa
Nigeria,"sptinc_p0p50_999_j_NG
Pre-tax national income 
Bottom 50% | share | all ages | equal split
",p0p50,1982,0.1393,1.0,NGA,Sub-Saharan Africa
Nigeria,"sptinc_p0p50_999_j_NG
Pre-tax national income 
Bottom 50% | share | all ages | equal split
",p0p50,1983,0.1393,1.0,NGA,Sub-Saharan Africa
Nigeria,"sptinc_p0p50_999_j_NG
Pre-tax national income 
Bottom 50% | share | all ages | equal split
",p0p50,1984,0.1393,1.0,NGA,Sub-Saharan Africa
Nigeria,"sptinc_p0p50_999_j_NG
Pre-tax national income 
Bottom 50% | share | all ages | equal split
",p0p50,1985,0.1393,3.0,NGA,Sub-Saharan Africa
Nigeria,"sptinc_p0p50_999_j_NG
Pre-tax national income 
Bottom 50% | share | all ages | equal split
",p0p50,1986,0.1359,2.0,NGA,Sub-Saharan Africa
Nigeria,"sptinc_p0p50_999_j_NG
Pre-tax national income 
Bottom 50% | share | all ages | equal split
",p0p50,1987,0.1325,2.0,NGA,Sub-Saharan Africa
Nigeria,"sptinc_p0p50_999_j_NG
Pre-tax national income 
Bottom 50% | share | all ages | equal split
",p0p50,1988,0.129,2.0,NGA,Sub-Saharan Africa
Nigeria,"sptinc_p0p50_999_j_NG
Pre-tax national income 
Bottom 50% | share | all ages | equal split
",p0p50,1989,0.1256,2.0,NGA,Sub-Saharan Africa
Nigeria,"sptinc_p0p50_999_j_NG
Pre-tax national income 
Bottom 50% | share | all ages | equal split
",p0p50,1990,0.1222,2.0,NGA,Sub-Saharan Africa
Nigeria,"sptinc_p0p50_999_j_NG
Pre-tax national income 
Bottom 50% | share | all ages | equal split
",p0p50,1991,0.1188,2.0,NGA,Sub-Saharan Africa
Nigeria,"sptinc_p0p50_999_j_NG
Pre-tax national income 
Bottom 50% | share | all ages | equal split
",p0p50,1992,0.1154,3.0,NGA,Sub-Saharan Africa
Nigeria,"sptinc_p0p50_999_j_NG
Pre-tax national income 
Bottom 50% | share | all ages | equal split
",p0p50,1993,0.1172,2.0,NGA,Sub-Saharan Africa
Nigeria,"sptinc_p0p50_999_j_NG
Pre-tax national income 
Bottom 50% | share | all ages | equal split
",p0p50,1994,0.119,2.0,NGA,Sub-Saharan Africa
Nigeria,"sptinc_p0p50_999_j_NG
Pre-tax national income 
Bottom 50% | share | all ages | equal split
",p0p50,1995,0.1207,2.0,NGA,Sub-Saharan Africa
Nigeria,"sptinc_p0p50_999_j_NG
Pre-tax national income 
Bottom 50% | share | all ages | equal split
",p0p50,1996,0.1225,3.0,NGA,Sub-Saharan Africa
Nigeria,"sptinc_p0p50_999_j_NG
Pre-tax national income 
Bottom 50% | share | all ages | equal split
",p0p50,1997,0.1242,2.0,NGA,Sub-Saharan Africa
Nigeria,"sptinc_p0p50_999_j_NG
Pre-tax national income 
Bottom 50% | share | all ages | equal split
",p0p50,1998,0.126,2.0,NGA,Sub-Saharan Africa
Nigeria,"sptinc_p0p50_999_j_NG
Pre-tax national income 
Bottom 50% | share | all ages | equal split
",p0p50,1999,0.1277,2.0,NGA,Sub-Saharan Africa
Nigeria,"sptinc_p0p50_999_j_NG
Pre-tax national income 
Bottom 50% | share | all ages | equal split
",p0p50,2000,0.1295,2.0,NGA,Sub-Saharan Africa
Nigeria,"sptinc_p0p50_999_j_NG
Pre-tax national income 
Bottom 50% | share | all ages | equal split
",p0p50,2001,0.1313,2.0,NGA,Sub-Saharan Africa
Nigeria,"sptinc_p0p50_999_j_NG
Pre-tax national income 
Bottom 50% | share | all ages | equal split
",p0p50,2002,0.133,2.0,NGA,Sub-Saharan Africa
Nigeria,"sptinc_p0p50_999_j_NG
Pre-tax national income 
Bottom 50% | share | all ages | equal split
",p0p50,2003,0.1348,3.0,NGA,Sub-Saharan Africa
Nigeria,"sptinc_p0p50_999_j_NG
Pre-tax national income 
Bottom 50% | share | all ages | equal split
",p0p50,2004,0.1372,2.0,NGA,Sub-Saharan Africa
Nigeria,"sptinc_p0p50_999_j_NG
Pre-tax national income 
Bottom 50% | share | all ages | equal split
",p0p50,2005,0.1397,2.0,NGA,Sub-Saharan Africa
Nigeria,"sptinc_p0p50_999_j_NG
Pre-tax national income 
Bottom 50% | share | all ages | equal split
",p0p50,2006,0.1421,2.0,NGA,Sub-Saharan Africa
Nigeria,"sptinc_p0p50_999_j_NG
Pre-tax national income 
Bottom 50% | share | all ages | equal split
",p0p50,2007,0.1446,2.0,NGA,Sub-Saharan Africa
Nigeria,"sptinc_p0p50_999_j_NG
Pre-tax national income 
Bottom 50% | share | all ages | equal split
",p0p50,2008,0.147,2.0,NGA,Sub-Saharan Africa
Nigeria,"sptinc_p0p50_999_j_NG
Pre-tax national income 
Bottom 50% | share | all ages | equal split
",p0p50,2009,0.1495,2.0,NGA,Sub-Saharan Africa
Nigeria,"sptinc_p0p50_999_j_NG
Pre-tax national income 
Bottom 50% | share | all ages | equal split
",p0p50,2010,0.152,3.0,NGA,Sub-Saharan Africa
Nigeria,"sptinc_p0p50_999_j_NG
Pre-tax national income 
Bottom 50% | share | all ages | equal split
",p0p50,2011,0.1523,2.0,NGA,Sub-Saharan Africa
Nigeria,"sptinc_p0p50_999_j_NG
Pre-tax national income 
Bottom 50% | share | all ages | equal split
",p0p50,2012,0.1526,3.0,NGA,Sub-Saharan Africa
Nigeria,"sptinc_p0p50_999_j_NG
Pre-tax national income 
Bottom 50% | share | all ages | equal split
",p0p50,2013,0.152,2.0,NGA,Sub-Saharan Africa
Nigeria,"sptinc_p0p50_999_j_NG
Pre-tax national income 
Bottom 50% | share | all ages | equal split
",p0p50,2014,0.1515,2.0,NGA,Sub-Saharan Africa
Nigeria,"sptinc_p0p50_999_j_NG
Pre-tax national income 
Bottom 50% | share | all ages | equal split
",p0p50,2015,0.1509,3.0,NGA,Sub-Saharan Africa
Nigeria,"sptinc_p0p50_999_j_NG
Pre-tax national income 
Bottom 50% | share | all ages | equal split
",p0p50,2016,0.1523,2.0,NGA,Sub-Saharan Africa
Nigeria,"sptinc_p0p50_999_j_NG
Pre-tax national income 
Bottom 50% | share | all ages | equal split
",p0p50,2017,0.1536,2.0,NGA,Sub-Saharan Africa
Nigeria,"sptinc_p0p50_999_j_NG
Pre-tax national income 
Bottom 50% | share | all ages | equal split
",p0p50,2018,0.1549,3.0,NGA,Sub-Saharan Africa
Nigeria,"sptinc_p0p50_999_j_NG
Pre-tax national income 
Bottom 50% | share | all ages | equal split
",p0p50,2019,0.1564,2.0,NGA,Sub-Saharan Africa
Nigeria,"sptinc_p0p50_999_j_NG
Pre-tax national income 
Bottom 50% | share | all ages | equal split
",p0p50,2020,0.1578,2.0,NGA,Sub-Saharan Africa
Nigeria,"sptinc_p0p50_999_j_NG
Pre-tax national income 
Bottom 50% | share | all ages | equal split
",p0p50,2021,0.1593,2.0,NGA,Sub-Saharan Africa
Nigeria,"sptinc_p0p50_999_j_NG
Pre-tax national income 
Bottom 50% | share | all ages | equal split
",p0p50,2022,0.1607,3.0,NGA,Sub-Saharan Africa
Nigeria,"sptinc_p0p50_999_j_NG
Pre-tax national income 
Bottom 50% | share | all ages | equal split
",p0p50,2023,0.1607,1.0,NGA,Sub-Saharan Africa
Nigeria,"sptinc_p0p50_999_j_NG
Pre-tax national income 
Bottom 50% | share | all ages | equal split
",p0p50,2024,0.1607,1.0,NGA,Sub-Saharan Africa
Norway,"sptinc_p0p50_999_j_NO
Pre-tax national income 
Bottom 50% | share | all ages | equal split
",p0p50,1960,0.2274,3.0,NOR,Nordic
Norway,"sptinc_p0p50_999_j_NO
Pre-tax national income 
Bottom 50% | share | all ages | equal split
",p0p50,1961,0.2298,3.0,NOR,Nordic
Norway,"sptinc_p0p50_999_j_NO
Pre-tax national income 
Bottom 50% | share | all ages | equal split
",p0p50,1962,0.2319,3.0,NOR,Nordic
Norway,"sptinc_p0p50_999_j_NO
Pre-tax national income 
Bottom 50% | share | all ages | equal split
",p0p50,1963,0.2344,3.0,NOR,Nordic
Norway,"sptinc_p0p50_999_j_NO
Pre-tax national income 
Bottom 50% | share | all ages | equal split
",p0p50,1964,0.2366,3.0,NOR,Nordic
Norway,"sptinc_p0p50_999_j_NO
Pre-tax national income 
Bottom 50% | share | all ages | equal split
",p0p50,1965,0.2388,3.0,NOR,Nordic
Norway,"sptinc_p0p50_999_j_NO
Pre-tax national income 
Bottom 50% | share | all ages | equal split
",p0p50,1966,0.2412,3.0,NOR,Nordic
Norway,"sptinc_p0p50_999_j_NO
Pre-tax national income 
Bottom 50% | share | all ages | equal split
",p0p50,1967,0.2437,4.0,NOR,Nordic
Norway,"sptinc_p0p50_999_j_NO
Pre-tax national income 
Bottom 50% | share | all ages | equal split
",p0p50,1968,0.2453,4.0,NOR,Nordic
Norway,"sptinc_p0p50_999_j_NO
Pre-tax national income 
Bottom 50% | share | all ages | equal split
",p0p50,1969,0.2468,4.0,NOR,Nordic
Norway,"sptinc_p0p50_999_j_NO
Pre-tax national income 
Bottom 50% | share | all ages | equal split
",p0p50,1970,0.2356,4.0,NOR,Nordic
Norway,"sptinc_p0p50_999_j_NO
Pre-tax national income 
Bottom 50% | share | all ages | equal split
",p0p50,1971,0.2508,4.0,NOR,Nordic
Norway,"sptinc_p0p50_999_j_NO
Pre-tax national income 
Bottom 50% | share | all ages | equal split
",p0p50,1972,0.2536,4.0,NOR,Nordic
Norway,"sptinc_p0p50_999_j_NO
Pre-tax national income 
Bottom 50% | share | all ages | equal split
",p0p50,1973,0.255,4.0,NOR,Nordic
Norway,"sptinc_p0p50_999_j_NO
Pre-tax national income 
Bottom 50% | share | all ages | equal split
",p0p50,1974,0.2574,4.0,NOR,Nordic
Norway,"sptinc_p0p50_999_j_NO
Pre-tax national income 
Bottom 50% | share | all ages | equal split
",p0p50,1975,0.2598,4.0,NOR,Nordic
Norway,"sptinc_p0p50_999_j_NO
Pre-tax national income 
Bottom 50% | share | all ages | equal split
",p0p50,1976,0.2615,4.0,NOR,Nordic
Norway,"sptinc_p0p50_999_j_NO
Pre-tax national income 
Bottom 50% | share | all ages | equal split
",p0p50,1977,0.2636,4.0,NOR,Nordic
Norway,"sptinc_p0p50_999_j_NO
Pre-tax national income 
Bottom 50% | share | all ages | equal split
",p0p50,1978,0.2665,4.0,NOR,Nordic
Norway,"sptinc_p0p50_999_j_NO
Pre-tax national income 
Bottom 50% | share | all ages | equal split
",p0p50,1979,0.2682,4.0,NOR,Nordic
Norway,"sptinc_p0p50_999_j_NO
Pre-tax national income 
Bottom 50% | share | all ages | equal split
",p0p50,1980,0.2513,3.0,NOR,Nordic
Norway,"sptinc_p0p50_999_j_NO
Pre-tax national income 
Bottom 50% | share | all ages | equal split
",p0p50,1981,0.257,3.0,NOR,Nordic
Norway,"sptinc_p0p50_999_j_NO
Pre-tax national income 
Bottom 50% | share | all ages | equal split
",p0p50,1982,0.2586,3.0,NOR,Nordic
Norway,"sptinc_p0p50_999_j_NO
Pre-tax national income 
Bottom 50% | share | all ages | equal split
",p0p50,1983,0.2632,3.0,NOR,Nordic
Norway,"sptinc_p0p50_999_j_NO
Pre-tax national income 
Bottom 50% | share | all ages | equal split
",p0p50,1984,0.2627,3.0,NOR,Nordic
Norway,"sptinc_p0p50_999_j_NO
Pre-tax national income 
Bottom 50% | share | all ages | equal split
",p0p50,1985,0.2617,3.0,NOR,Nordic
Norway,"sptinc_p0p50_999_j_NO
Pre-tax national income 
Bottom 50% | share | all ages | equal split
",p0p50,1986,0.277,4.0,NOR,Nordic
Norway,"sptinc_p0p50_999_j_NO
Pre-tax national income 
Bottom 50% | share | all ages | equal split
",p0p50,1987,0.2778,4.0,NOR,Nordic
Norway,"sptinc_p0p50_999_j_NO
Pre-tax national income 
Bottom 50% | share | all ages | equal split
",p0p50,1988,0.2823,4.0,NOR,Nordic
Norway,"sptinc_p0p50_999_j_NO
Pre-tax national income 
Bottom 50% | share | all ages | equal split
",p0p50,1989,0.2887,2.0,NOR,Nordic
Norway,"sptinc_p0p50_999_j_NO
Pre-tax national income 
Bottom 50% | share | all ages | equal split
",p0p50,1990,0.2839,4.0,NOR,Nordic
Norway,"sptinc_p0p50_999_j_NO
Pre-tax national income 
Bottom 50% | share | all ages | equal split
",p0p50,1991,0.2856,4.0,NOR,Nordic
Norway,"sptinc_p0p50_999_j_NO
Pre-tax national income 
Bottom 50% | share | all ages | equal split
",p0p50,1992,0.2863,4.0,NOR,Nordic
Norway,"sptinc_p0p50_999_j_NO
Pre-tax national income 
Bottom 50% | share | all ages | equal split
",p0p50,1993,0.2738,4.0,NOR,Nordic
Norway,"sptinc_p0p50_999_j_NO
Pre-tax national income 
Bottom 50% | share | all ages | equal split
",p0p50,1994,0.2632,4.0,NOR,Nordic
Norway,"sptinc_p0p50_999_j_NO
Pre-tax national income 
Bottom 50% | share | all ages | equal split
",p0p50,1995,0.2635,4.0,NOR,Nordic
Norway,"sptinc_p0p50_999_j_NO
Pre-tax national income 
Bottom 50% | share | all ages | equal split
",p0p50,1996,0.2546,4.0,NOR,Nordic
Norway,"sptinc_p0p50_999_j_NO
Pre-tax national income 
Bottom 50% | share | all ages | equal split
",p0p50,1997,0.2466,4.0,NOR,Nordic
Norway,"sptinc_p0p50_999_j_NO
Pre-tax national income 
Bottom 50% | share | all ages | equal split
",p0p50,1998,0.2594,4.0,NOR,Nordic
Norway,"sptinc_p0p50_999_j_NO
Pre-tax national income 
Bottom 50% | share | all ages | equal split
",p0p50,1999,0.2545,4.0,NOR,Nordic
Norway,"sptinc_p0p50_999_j_NO
Pre-tax national income 
Bottom 50% | share | all ages | equal split
",p0p50,2000,0.2406,4.0,NOR,Nordic
Norway,"sptinc_p0p50_999_j_NO
Pre-tax national income 
Bottom 50% | share | all ages | equal split
",p0p50,2001,0.2527,4.0,NOR,Nordic
Norway,"sptinc_p0p50_999_j_NO
Pre-tax national income 
Bottom 50% | share | all ages | equal split
",p0p50,2002,0.2519,4.0,NOR,Nordic
Norway,"sptinc_p0p50_999_j_NO
Pre-tax national income 
Bottom 50% | share | all ages | equal split
",p0p50,2003,0.2499,4.0,NOR,Nordic
Norway,"sptinc_p0p50_999_j_NO
Pre-tax national income 
Bottom 50% | share | all ages | equal split
",p0p50,2004,0.239,4.0,NOR,Nordic
Norway,"sptinc_p0p50_999_j_NO
Pre-tax national income 
Bottom 50% | share | all ages | equal split
",p0p50,2005,0.2195,4.0,NOR,Nordic
Norway,"sptinc_p0p50_999_j_NO
Pre-tax national income 
Bottom 50% | share | all ages | equal split
",p0p50,2006,0.2359,4.0,NOR,Nordic
Norway,"sptinc_p0p50_999_j_NO
Pre-tax national income 
Bottom 50% | share | all ages | equal split
",p0p50,2007,0.236,4.0,NOR,Nordic
Norway,"sptinc_p0p50_999_j_NO
Pre-tax national income 
Bottom 50% | share | all ages | equal split
",p0p50,2008,0.2371,4.0,NOR,Nordic
Norway,"sptinc_p0p50_999_j_NO
Pre-tax national income 
Bottom 50% | share | all ages | equal split
",p0p50,2009,0.2494,4.0,NOR,Nordic
Norway,"sptinc_p0p50_999_j_NO
Pre-tax national income 
Bottom 50% | share | all ages | equal split
",p0p50,2010,0.2411,4.0,NOR,Nordic
Norway,"sptinc_p0p50_999_j_NO
Pre-tax national income 
Bottom 50% | share | all ages | equal split
",p0p50,2011,0.2384,3.0,NOR,Nordic
Norway,"sptinc_p0p50_999_j_NO
Pre-tax national income 
Bottom 50% | share | all ages | equal split
",p0p50,2012,0.2363,3.0,NOR,Nordic
Norway,"sptinc_p0p50_999_j_NO
Pre-tax national income 
Bottom 50% | share | all ages | equal split
",p0p50,2013,0.2385,3.0,NOR,Nordic
Norway,"sptinc_p0p50_999_j_NO
Pre-tax national income 
Bottom 50% | share | all ages | equal split
",p0p50,2014,0.2381,3.0,NOR,Nordic
Norway,"sptinc_p0p50_999_j_NO
Pre-tax national income 
Bottom 50% | share | all ages | equal split
",p0p50,2015,0.2454,3.0,NOR,Nordic
Norway,"sptinc_p0p50_999_j_NO
Pre-tax national income 
Bottom 50% | share | all ages | equal split
",p0p50,2016,0.2446,3.0,NOR,Nordic
Norway,"sptinc_p0p50_999_j_NO
Pre-tax national income 
Bottom 50% | share | all ages | equal split
",p0p50,2017,0.2425,3.0,NOR,Nordic
Norway,"sptinc_p0p50_999_j_NO
Pre-tax national income 
Bottom 50% | share | all ages | equal split
",p0p50,2018,0.238,3.0,NOR,Nordic
Norway,"sptinc_p0p50_999_j_NO
Pre-tax national income 
Bottom 50% | share | all ages | equal split
",p0p50,2019,0.2459,3.0,NOR,Nordic
Norway,"sptinc_p0p50_999_j_NO
Pre-tax national income 
Bottom 50% | share | all ages | equal split
",p0p50,2020,0.2459,3.0,NOR,Nordic
Norway,"sptinc_p0p50_999_j_NO
Pre-tax national income 
Bottom 50% | share | all ages | equal split
",p0p50,2021,0.2439,3.0,NOR,Nordic
Norway,"sptinc_p0p50_999_j_NO
Pre-tax national income 
Bottom 50% | share | all ages | equal split
",p0p50,2022,0.2401,3.0,NOR,Nordic
Norway,"sptinc_p0p50_999_j_NO
Pre-tax national income 
Bottom 50% | share | all ages | equal split
",p0p50,2023,0.2401,3.0,NOR,Nordic
Norway,"sptinc_p0p50_999_j_NO
Pre-tax national income 
Bottom 50% | share | all ages | equal split
",p0p50,2024,0.2401,1.0,NOR,Nordic
Pakistan,"sptinc_p0p50_999_j_PK
Pre-tax national income 
Bottom 50% | share | all ages | equal split
",p0p50,1960,0.1735,0.0,PAK,South Asia
Pakistan,"sptinc_p0p50_999_j_PK
Pre-tax national income 
Bottom 50% | share | all ages | equal split
",p0p50,1970,0.1571,0.0,PAK,South Asia
Pakistan,"sptinc_p0p50_999_j_PK
Pre-tax national income 
Bottom 50% | share | all ages | equal split
",p0p50,1980,0.1625,1.0,PAK,South Asia
Pakistan,"sptinc_p0p50_999_j_PK
Pre-tax national income 
Bottom 50% | share | all ages | equal split
",p0p50,1981,0.1625,1.0,PAK,South Asia
Pakistan,"sptinc_p0p50_999_j_PK
Pre-tax national income 
Bottom 50% | share | all ages | equal split
",p0p50,1982,0.1625,1.0,PAK,South Asia
Pakistan,"sptinc_p0p50_999_j_PK
Pre-tax national income 
Bottom 50% | share | all ages | equal split
",p0p50,1983,0.1625,1.0,PAK,South Asia
Pakistan,"sptinc_p0p50_999_j_PK
Pre-tax national income 
Bottom 50% | share | all ages | equal split
",p0p50,1984,0.1625,1.0,PAK,South Asia
Pakistan,"sptinc_p0p50_999_j_PK
Pre-tax national income 
Bottom 50% | share | all ages | equal split
",p0p50,1985,0.1625,1.0,PAK,South Asia
Pakistan,"sptinc_p0p50_999_j_PK
Pre-tax national income 
Bottom 50% | share | all ages | equal split
",p0p50,1986,0.1625,1.0,PAK,South Asia
Pakistan,"sptinc_p0p50_999_j_PK
Pre-tax national income 
Bottom 50% | share | all ages | equal split
",p0p50,1987,0.1625,3.0,PAK,South Asia
Pakistan,"sptinc_p0p50_999_j_PK
Pre-tax national income 
Bottom 50% | share | all ages | equal split
",p0p50,1988,0.1627,2.0,PAK,South Asia
Pakistan,"sptinc_p0p50_999_j_PK
Pre-tax national income 
Bottom 50% | share | all ages | equal split
",p0p50,1989,0.1629,2.0,PAK,South Asia
Pakistan,"sptinc_p0p50_999_j_PK
Pre-tax national income 
Bottom 50% | share | all ages | equal split
",p0p50,1990,0.1631,3.0,PAK,South Asia
Pakistan,"sptinc_p0p50_999_j_PK
Pre-tax national income 
Bottom 50% | share | all ages | equal split
",p0p50,1991,0.1658,2.0,PAK,South Asia
Pakistan,"sptinc_p0p50_999_j_PK
Pre-tax national income 
Bottom 50% | share | all ages | equal split
",p0p50,1992,0.1685,2.0,PAK,South Asia
Pakistan,"sptinc_p0p50_999_j_PK
Pre-tax national income 
Bottom 50% | share | all ages | equal split
",p0p50,1993,0.1711,2.0,PAK,South Asia
Pakistan,"sptinc_p0p50_999_j_PK
Pre-tax national income 
Bottom 50% | share | all ages | equal split
",p0p50,1994,0.1737,2.0,PAK,South Asia
Pakistan,"sptinc_p0p50_999_j_PK
Pre-tax national income 
Bottom 50% | share | all ages | equal split
",p0p50,1995,0.1762,2.0,PAK,South Asia
Pakistan,"sptinc_p0p50_999_j_PK
Pre-tax national income 
Bottom 50% | share | all ages | equal split
",p0p50,1996,0.1787,3.0,PAK,South Asia
Pakistan,"sptinc_p0p50_999_j_PK
Pre-tax national income 
Bottom 50% | share | all ages | equal split
",p0p50,1997,0.1693,2.0,PAK,South Asia
Pakistan,"sptinc_p0p50_999_j_PK
Pre-tax national income 
Bottom 50% | share | all ages | equal split
",p0p50,1998,0.1605,3.0,PAK,South Asia
Pakistan,"sptinc_p0p50_999_j_PK
Pre-tax national income 
Bottom 50% | share | all ages | equal split
",p0p50,1999,0.1623,2.0,PAK,South Asia
Pakistan,"sptinc_p0p50_999_j_PK
Pre-tax national income 
Bottom 50% | share | all ages | equal split
",p0p50,2000,0.165,2.0,PAK,South Asia
Pakistan,"sptinc_p0p50_999_j_PK
Pre-tax national income 
Bottom 50% | share | all ages | equal split
",p0p50,2001,0.1681,3.0,PAK,South Asia
Pakistan,"sptinc_p0p50_999_j_PK
Pre-tax national income 
Bottom 50% | share | all ages | equal split
",p0p50,2002,0.1632,2.0,PAK,South Asia
Pakistan,"sptinc_p0p50_999_j_PK
Pre-tax national income 
Bottom 50% | share | all ages | equal split
",p0p50,2003,0.1579,2.0,PAK,South Asia
Pakistan,"sptinc_p0p50_999_j_PK
Pre-tax national income 
Bottom 50% | share | all ages | equal split
",p0p50,2004,0.1555,3.0,PAK,South Asia
Pakistan,"sptinc_p0p50_999_j_PK
Pre-tax national income 
Bottom 50% | share | all ages | equal split
",p0p50,2005,0.1519,3.0,PAK,South Asia
Pakistan,"sptinc_p0p50_999_j_PK
Pre-tax national income 
Bottom 50% | share | all ages | equal split
",p0p50,2006,0.1569,2.0,PAK,South Asia
Pakistan,"sptinc_p0p50_999_j_PK
Pre-tax national income 
Bottom 50% | share | all ages | equal split
",p0p50,2007,0.1614,3.0,PAK,South Asia
Pakistan,"sptinc_p0p50_999_j_PK
Pre-tax national income 
Bottom 50% | share | all ages | equal split
",p0p50,2008,0.1681,2.0,PAK,South Asia
Pakistan,"sptinc_p0p50_999_j_PK
Pre-tax national income 
Bottom 50% | share | all ages | equal split
",p0p50,2009,0.1712,2.0,PAK,South Asia
Pakistan,"sptinc_p0p50_999_j_PK
Pre-tax national income 
Bottom 50% | share | all ages | equal split
",p0p50,2010,0.1696,3.0,PAK,South Asia
Pakistan,"sptinc_p0p50_999_j_PK
Pre-tax national income 
Bottom 50% | share | all ages | equal split
",p0p50,2011,0.1706,3.0,PAK,South Asia
Pakistan,"sptinc_p0p50_999_j_PK
Pre-tax national income 
Bottom 50% | share | all ages | equal split
",p0p50,2012,0.1719,2.0,PAK,South Asia
Pakistan,"sptinc_p0p50_999_j_PK
Pre-tax national income 
Bottom 50% | share | all ages | equal split
",p0p50,2013,0.1735,3.0,PAK,South Asia
Pakistan,"sptinc_p0p50_999_j_PK
Pre-tax national income 
Bottom 50% | share | all ages | equal split
",p0p50,2014,0.1702,2.0,PAK,South Asia
Pakistan,"sptinc_p0p50_999_j_PK
Pre-tax national income 
Bottom 50% | share | all ages | equal split
",p0p50,2015,0.1682,3.0,PAK,South Asia
Pakistan,"sptinc_p0p50_999_j_PK
Pre-tax national income 
Bottom 50% | share | all ages | equal split
",p0p50,2016,0.1701,2.0,PAK,South Asia
Pakistan,"sptinc_p0p50_999_j_PK
Pre-tax national income 
Bottom 50% | share | all ages | equal split
",p0p50,2017,0.1715,2.0,PAK,South Asia
Pakistan,"sptinc_p0p50_999_j_PK
Pre-tax national income 
Bottom 50% | share | all ages | equal split
",p0p50,2018,0.173,3.0,PAK,South Asia
Pakistan,"sptinc_p0p50_999_j_PK
Pre-tax national income 
Bottom 50% | share | all ages | equal split
",p0p50,2019,0.173,1.0,PAK,South Asia
Pakistan,"sptinc_p0p50_999_j_PK
Pre-tax national income 
Bottom 50% | share | all ages | equal split
",p0p50,2020,0.173,1.0,PAK,South Asia
Pakistan,"sptinc_p0p50_999_j_PK
Pre-tax national income 
Bottom 50% | share | all ages | equal split
",p0p50,2021,0.173,1.0,PAK,South Asia
Pakistan,"sptinc_p0p50_999_j_PK
Pre-tax national income 
Bottom 50% | share | all ages | equal split
",p0p50,2022,0.173,1.0,PAK,South Asia
Pakistan,"sptinc_p0p50_999_j_PK
Pre-tax national income 
Bottom 50% | share | all ages | equal split
",p0p50,2023,0.173,1.0,PAK,South Asia
Pakistan,"sptinc_p0p50_999_j_PK
Pre-tax national income 
Bottom 50% | share | all ages | equal split
",p0p50,2024,0.173,1.0,PAK,South Asia
Panama,"sptinc_p0p50_999_j_PA
Pre-tax national income 
Bottom 50% | share | all ages | equal split
",p0p50,1980,0.0839,0.0,PAN,Latin America & Caribbean
Panama,"sptinc_p0p50_999_j_PA
Pre-tax national income 
Bottom 50% | share | all ages | equal split
",p0p50,1981,0.0839,0.0,PAN,Latin America & Caribbean
Panama,"sptinc_p0p50_999_j_PA
Pre-tax national income 
Bottom 50% | share | all ages | equal split
",p0p50,1982,0.0839,0.0,PAN,Latin America & Caribbean
Panama,"sptinc_p0p50_999_j_PA
Pre-tax national income 
Bottom 50% | share | all ages | equal split
",p0p50,1983,0.0839,0.0,PAN,Latin America & Caribbean
Panama,"sptinc_p0p50_999_j_PA
Pre-tax national income 
Bottom 50% | share | all ages | equal split
",p0p50,1984,0.0839,0.0,PAN,Latin America & Caribbean
Panama,"sptinc_p0p50_999_j_PA
Pre-tax national income 
Bottom 50% | share | all ages | equal split
",p0p50,1985,0.0839,0.0,PAN,Latin America & Caribbean
Panama,"sptinc_p0p50_999_j_PA
Pre-tax national income 
Bottom 50% | share | all ages | equal split
",p0p50,1986,0.0839,0.0,PAN,Latin America & Caribbean
Panama,"sptinc_p0p50_999_j_PA
Pre-tax national income 
Bottom 50% | share | all ages | equal split
",p0p50,1987,0.0839,0.0,PAN,Latin America & Caribbean
Panama,"sptinc_p0p50_999_j_PA
Pre-tax national income 
Bottom 50% | share | all ages | equal split
",p0p50,1988,0.0839,0.0,PAN,Latin America & Caribbean
Panama,"sptinc_p0p50_999_j_PA
Pre-tax national income 
Bottom 50% | share | all ages | equal split
",p0p50,1989,0.0839,0.0,PAN,Latin America & Caribbean
Panama,"sptinc_p0p50_999_j_PA
Pre-tax national income 
Bottom 50% | share | all ages | equal split
",p0p50,1990,0.0839,0.0,PAN,Latin America & Caribbean
Panama,"sptinc_p0p50_999_j_PA
Pre-tax national income 
Bottom 50% | share | all ages | equal split
",p0p50,1991,0.0839,0.0,PAN,Latin America & Caribbean
Panama,"sptinc_p0p50_999_j_PA
Pre-tax national income 
Bottom 50% | share | all ages | equal split
",p0p50,1992,0.0839,0.0,PAN,Latin America & Caribbean
Panama,"sptinc_p0p50_999_j_PA
Pre-tax national income 
Bottom 50% | share | all ages | equal split
",p0p50,1993,0.0839,0.0,PAN,Latin America & Caribbean
Panama,"sptinc_p0p50_999_j_PA
Pre-tax national income 
Bottom 50% | share | all ages | equal split
",p0p50,1994,0.0839,0.0,PAN,Latin America & Caribbean
Panama,"sptinc_p0p50_999_j_PA
Pre-tax national income 
Bottom 50% | share | all ages | equal split
",p0p50,1995,0.0839,0.0,PAN,Latin America & Caribbean
Panama,"sptinc_p0p50_999_j_PA
Pre-tax national income 
Bottom 50% | share | all ages | equal split
",p0p50,1996,0.0839,0.0,PAN,Latin America & Caribbean
Panama,"sptinc_p0p50_999_j_PA
Pre-tax national income 
Bottom 50% | share | all ages | equal split
",p0p50,1997,0.0839,0.0,PAN,Latin America & Caribbean
Panama,"sptinc_p0p50_999_j_PA
Pre-tax national income 
Bottom 50% | share | all ages | equal split
",p0p50,1998,0.0839,0.0,PAN,Latin America & Caribbean
Panama,"sptinc_p0p50_999_j_PA
Pre-tax national income 
Bottom 50% | share | all ages | equal split
",p0p50,1999,0.0839,0.0,PAN,Latin America & Caribbean
Panama,"sptinc_p0p50_999_j_PA
Pre-tax national income 
Bottom 50% | share | all ages | equal split
",p0p50,2000,0.0839,0.0,PAN,Latin America & Caribbean
Panama,"sptinc_p0p50_999_j_PA
Pre-tax national income 
Bottom 50% | share | all ages | equal split
",p0p50,2001,0.0802,0.0,PAN,Latin America & Caribbean
Panama,"sptinc_p0p50_999_j_PA
Pre-tax national income 
Bottom 50% | share | all ages | equal split
",p0p50,2002,0.081,0.0,PAN,Latin America & Caribbean
Panama,"sptinc_p0p50_999_j_PA
Pre-tax national income 
Bottom 50% | share | all ages | equal split
",p0p50,2003,0.0848,0.0,PAN,Latin America & Caribbean
Panama,"sptinc_p0p50_999_j_PA
Pre-tax national income 
Bottom 50% | share | all ages | equal split
",p0p50,2004,0.0872,0.0,PAN,Latin America & Caribbean
Panama,"sptinc_p0p50_999_j_PA
Pre-tax national income 
Bottom 50% | share | all ages | equal split
",p0p50,2005,0.087,0.0,PAN,Latin America & Caribbean
Panama,"sptinc_p0p50_999_j_PA
Pre-tax national income 
Bottom 50% | share | all ages | equal split
",p0p50,2006,0.0904,0.0,PAN,Latin America & Caribbean
Panama,"sptinc_p0p50_999_j_PA
Pre-tax national income 
Bottom 50% | share | all ages | equal split
",p0p50,2007,0.0892,0.0,PAN,Latin America & Caribbean
Panama,"sptinc_p0p50_999_j_PA
Pre-tax national income 
Bottom 50% | share | all ages | equal split
",p0p50,2008,0.0916,0.0,PAN,Latin America & Caribbean
Panama,"sptinc_p0p50_999_j_PA
Pre-tax national income 
Bottom 50% | share | all ages | equal split
",p0p50,2009,0.0933,0.0,PAN,Latin America & Caribbean
Panama,"sptinc_p0p50_999_j_PA
Pre-tax national income 
Bottom 50% | share | all ages | equal split
",p0p50,2010,0.0947,0.0,PAN,Latin America & Caribbean
Panama,"sptinc_p0p50_999_j_PA
Pre-tax national income 
Bottom 50% | share | all ages | equal split
",p0p50,2011,0.0978,0.0,PAN,Latin America & Caribbean
Panama,"sptinc_p0p50_999_j_PA
Pre-tax national income 
Bottom 50% | share | all ages | equal split
",p0p50,2012,0.1003,0.0,PAN,Latin America & Caribbean
Panama,"sptinc_p0p50_999_j_PA
Pre-tax national income 
Bottom 50% | share | all ages | equal split
",p0p50,2013,0.1009,0.0,PAN,Latin America & Caribbean
Panama,"sptinc_p0p50_999_j_PA
Pre-tax national income 
Bottom 50% | share | all ages | equal split
",p0p50,2014,0.1025,0.0,PAN,Latin America & Caribbean
Panama,"sptinc_p0p50_999_j_PA
Pre-tax national income 
Bottom 50% | share | all ages | equal split
",p0p50,2015,0.1031,0.0,PAN,Latin America & Caribbean
Panama,"sptinc_p0p50_999_j_PA
Pre-tax national income 
Bottom 50% | share | all ages | equal split
",p0p50,2016,0.1028,0.0,PAN,Latin America & Caribbean
Panama,"sptinc_p0p50_999_j_PA
Pre-tax national income 
Bottom 50% | share | all ages | equal split
",p0p50,2017,0.102,0.0,PAN,Latin America & Caribbean
Panama,"sptinc_p0p50_999_j_PA
Pre-tax national income 
Bottom 50% | share | all ages | equal split
",p0p50,2018,0.1011,0.0,PAN,Latin America & Caribbean
Panama,"sptinc_p0p50_999_j_PA
Pre-tax national income 
Bottom 50% | share | all ages | equal split
",p0p50,2019,0.1015,0.0,PAN,Latin America & Caribbean
Panama,"sptinc_p0p50_999_j_PA
Pre-tax national income 
Bottom 50% | share | all ages | equal split
",p0p50,2020,0.0869,0.0,PAN,Latin America & Caribbean
Panama,"sptinc_p0p50_999_j_PA
Pre-tax national income 
Bottom 50% | share | all ages | equal split
",p0p50,2021,0.0949,0.0,PAN,Latin America & Caribbean
Panama,"sptinc_p0p50_999_j_PA
Pre-tax national income 
Bottom 50% | share | all ages | equal split
",p0p50,2022,0.1014,0.0,PAN,Latin America & Caribbean
Panama,"sptinc_p0p50_999_j_PA
Pre-tax national income 
Bottom 50% | share | all ages | equal split
",p0p50,2023,0.1011,0.0,PAN,Latin America & Caribbean
Panama,"sptinc_p0p50_999_j_PA
Pre-tax national income 
Bottom 50% | share | all ages | equal split
",p0p50,2024,0.1011,0.0,PAN,Latin America & Caribbean
Paraguay,"sptinc_p0p50_999_j_PY
Pre-tax national income 
Bottom 50% | share | all ages | equal split
",p0p50,1980,0.0839,0.0,PRY,Latin America & Caribbean
Paraguay,"sptinc_p0p50_999_j_PY
Pre-tax national income 
Bottom 50% | share | all ages | equal split
",p0p50,1981,0.0839,0.0,PRY,Latin America & Caribbean
Paraguay,"sptinc_p0p50_999_j_PY
Pre-tax national income 
Bottom 50% | share | all ages | equal split
",p0p50,1982,0.0839,0.0,PRY,Latin America & Caribbean
Paraguay,"sptinc_p0p50_999_j_PY
Pre-tax national income 
Bottom 50% | share | all ages | equal split
",p0p50,1983,0.0839,0.0,PRY,Latin America & Caribbean
Paraguay,"sptinc_p0p50_999_j_PY
Pre-tax national income 
Bottom 50% | share | all ages | equal split
",p0p50,1984,0.0839,0.0,PRY,Latin America & Caribbean
Paraguay,"sptinc_p0p50_999_j_PY
Pre-tax national income 
Bottom 50% | share | all ages | equal split
",p0p50,1985,0.0839,0.0,PRY,Latin America & Caribbean
Paraguay,"sptinc_p0p50_999_j_PY
Pre-tax national income 
Bottom 50% | share | all ages | equal split
",p0p50,1986,0.0839,0.0,PRY,Latin America & Caribbean
Paraguay,"sptinc_p0p50_999_j_PY
Pre-tax national income 
Bottom 50% | share | all ages | equal split
",p0p50,1987,0.0839,0.0,PRY,Latin America & Caribbean
Paraguay,"sptinc_p0p50_999_j_PY
Pre-tax national income 
Bottom 50% | share | all ages | equal split
",p0p50,1988,0.0839,0.0,PRY,Latin America & Caribbean
Paraguay,"sptinc_p0p50_999_j_PY
Pre-tax national income 
Bottom 50% | share | all ages | equal split
",p0p50,1989,0.0839,0.0,PRY,Latin America & Caribbean
Paraguay,"sptinc_p0p50_999_j_PY
Pre-tax national income 
Bottom 50% | share | all ages | equal split
",p0p50,1990,0.0839,0.0,PRY,Latin America & Caribbean
Paraguay,"sptinc_p0p50_999_j_PY
Pre-tax national income 
Bottom 50% | share | all ages | equal split
",p0p50,1991,0.0839,0.0,PRY,Latin America & Caribbean
Paraguay,"sptinc_p0p50_999_j_PY
Pre-tax national income 
Bottom 50% | share | all ages | equal split
",p0p50,1992,0.0839,0.0,PRY,Latin America & Caribbean
Paraguay,"sptinc_p0p50_999_j_PY
Pre-tax national income 
Bottom 50% | share | all ages | equal split
",p0p50,1993,0.0839,0.0,PRY,Latin America & Caribbean
Paraguay,"sptinc_p0p50_999_j_PY
Pre-tax national income 
Bottom 50% | share | all ages | equal split
",p0p50,1994,0.0839,0.0,PRY,Latin America & Caribbean
Paraguay,"sptinc_p0p50_999_j_PY
Pre-tax national income 
Bottom 50% | share | all ages | equal split
",p0p50,1995,0.0839,0.0,PRY,Latin America & Caribbean
Paraguay,"sptinc_p0p50_999_j_PY
Pre-tax national income 
Bottom 50% | share | all ages | equal split
",p0p50,1996,0.0839,0.0,PRY,Latin America & Caribbean
Paraguay,"sptinc_p0p50_999_j_PY
Pre-tax national income 
Bottom 50% | share | all ages | equal split
",p0p50,1997,0.0839,0.0,PRY,Latin America & Caribbean
Paraguay,"sptinc_p0p50_999_j_PY
Pre-tax national income 
Bottom 50% | share | all ages | equal split
",p0p50,1998,0.0839,0.0,PRY,Latin America & Caribbean
Paraguay,"sptinc_p0p50_999_j_PY
Pre-tax national income 
Bottom 50% | share | all ages | equal split
",p0p50,1999,0.0839,0.0,PRY,Latin America & Caribbean
Paraguay,"sptinc_p0p50_999_j_PY
Pre-tax national income 
Bottom 50% | share | all ages | equal split
",p0p50,2000,0.0839,0.0,PRY,Latin America & Caribbean
Paraguay,"sptinc_p0p50_999_j_PY
Pre-tax national income 
Bottom 50% | share | all ages | equal split
",p0p50,2001,0.0802,0.0,PRY,Latin America & Caribbean
Paraguay,"sptinc_p0p50_999_j_PY
Pre-tax national income 
Bottom 50% | share | all ages | equal split
",p0p50,2002,0.081,0.0,PRY,Latin America & Caribbean
Paraguay,"sptinc_p0p50_999_j_PY
Pre-tax national income 
Bottom 50% | share | all ages | equal split
",p0p50,2003,0.0848,0.0,PRY,Latin America & Caribbean
Paraguay,"sptinc_p0p50_999_j_PY
Pre-tax national income 
Bottom 50% | share | all ages | equal split
",p0p50,2004,0.0872,0.0,PRY,Latin America & Caribbean
Paraguay,"sptinc_p0p50_999_j_PY
Pre-tax national income 
Bottom 50% | share | all ages | equal split
",p0p50,2005,0.087,0.0,PRY,Latin America & Caribbean
Paraguay,"sptinc_p0p50_999_j_PY
Pre-tax national income 
Bottom 50% | share | all ages | equal split
",p0p50,2006,0.0904,0.0,PRY,Latin America & Caribbean
Paraguay,"sptinc_p0p50_999_j_PY
Pre-tax national income 
Bottom 50% | share | all ages | equal split
",p0p50,2007,0.0892,0.0,PRY,Latin America & Caribbean
Paraguay,"sptinc_p0p50_999_j_PY
Pre-tax national income 
Bottom 50% | share | all ages | equal split
",p0p50,2008,0.0916,0.0,PRY,Latin America & Caribbean
Paraguay,"sptinc_p0p50_999_j_PY
Pre-tax national income 
Bottom 50% | share | all ages | equal split
",p0p50,2009,0.0933,0.0,PRY,Latin America & Caribbean
Paraguay,"sptinc_p0p50_999_j_PY
Pre-tax national income 
Bottom 50% | share | all ages | equal split
",p0p50,2010,0.0947,0.0,PRY,Latin America & Caribbean
Paraguay,"sptinc_p0p50_999_j_PY
Pre-tax national income 
Bottom 50% | share | all ages | equal split
",p0p50,2011,0.0978,0.0,PRY,Latin America & Caribbean
Paraguay,"sptinc_p0p50_999_j_PY
Pre-tax national income 
Bottom 50% | share | all ages | equal split
",p0p50,2012,0.1003,0.0,PRY,Latin America & Caribbean
Paraguay,"sptinc_p0p50_999_j_PY
Pre-tax national income 
Bottom 50% | share | all ages | equal split
",p0p50,2013,0.1009,0.0,PRY,Latin America & Caribbean
Paraguay,"sptinc_p0p50_999_j_PY
Pre-tax national income 
Bottom 50% | share | all ages | equal split
",p0p50,2014,0.1025,0.0,PRY,Latin America & Caribbean
Paraguay,"sptinc_p0p50_999_j_PY
Pre-tax national income 
Bottom 50% | share | all ages | equal split
",p0p50,2015,0.1031,0.0,PRY,Latin America & Caribbean
Paraguay,"sptinc_p0p50_999_j_PY
Pre-tax national income 
Bottom 50% | share | all ages | equal split
",p0p50,2016,0.1028,0.0,PRY,Latin America & Caribbean
Paraguay,"sptinc_p0p50_999_j_PY
Pre-tax national income 
Bottom 50% | share | all ages | equal split
",p0p50,2017,0.102,0.0,PRY,Latin America & Caribbean
Paraguay,"sptinc_p0p50_999_j_PY
Pre-tax national income 
Bottom 50% | share | all ages | equal split
",p0p50,2018,0.1011,0.0,PRY,Latin America & Caribbean
Paraguay,"sptinc_p0p50_999_j_PY
Pre-tax national income 
Bottom 50% | share | all ages | equal split
",p0p50,2019,0.1015,0.0,PRY,Latin America & Caribbean
Paraguay,"sptinc_p0p50_999_j_PY
Pre-tax national income 
Bottom 50% | share | all ages | equal split
",p0p50,2020,0.0869,0.0,PRY,Latin America & Caribbean
Paraguay,"sptinc_p0p50_999_j_PY
Pre-tax national income 
Bottom 50% | share | all ages | equal split
",p0p50,2021,0.0949,0.0,PRY,Latin America & Caribbean
Paraguay,"sptinc_p0p50_999_j_PY
Pre-tax national income 
Bottom 50% | share | all ages | equal split
",p0p50,2022,0.1014,0.0,PRY,Latin America & Caribbean
Paraguay,"sptinc_p0p50_999_j_PY
Pre-tax national income 
Bottom 50% | share | all ages | equal split
",p0p50,2023,0.1011,0.0,PRY,Latin America & Caribbean
Paraguay,"sptinc_p0p50_999_j_PY
Pre-tax national income 
Bottom 50% | share | all ages | equal split
",p0p50,2024,0.1011,0.0,PRY,Latin America & Caribbean
Peru,"sptinc_p0p50_999_j_PE
Pre-tax national income 
Bottom 50% | share | all ages | equal split
",p0p50,1980,0.0847,1.0,PER,Latin America & Caribbean
Peru,"sptinc_p0p50_999_j_PE
Pre-tax national income 
Bottom 50% | share | all ages | equal split
",p0p50,1981,0.0847,1.0,PER,Latin America & Caribbean
Peru,"sptinc_p0p50_999_j_PE
Pre-tax national income 
Bottom 50% | share | all ages | equal split
",p0p50,1982,0.0847,1.0,PER,Latin America & Caribbean
Peru,"sptinc_p0p50_999_j_PE
Pre-tax national income 
Bottom 50% | share | all ages | equal split
",p0p50,1983,0.0847,1.0,PER,Latin America & Caribbean
Peru,"sptinc_p0p50_999_j_PE
Pre-tax national income 
Bottom 50% | share | all ages | equal split
",p0p50,1984,0.0847,1.0,PER,Latin America & Caribbean
Peru,"sptinc_p0p50_999_j_PE
Pre-tax national income 
Bottom 50% | share | all ages | equal split
",p0p50,1985,0.0847,1.0,PER,Latin America & Caribbean
Peru,"sptinc_p0p50_999_j_PE
Pre-tax national income 
Bottom 50% | share | all ages | equal split
",p0p50,1986,0.0847,1.0,PER,Latin America & Caribbean
Peru,"sptinc_p0p50_999_j_PE
Pre-tax national income 
Bottom 50% | share | all ages | equal split
",p0p50,1987,0.0847,1.0,PER,Latin America & Caribbean
Peru,"sptinc_p0p50_999_j_PE
Pre-tax national income 
Bottom 50% | share | all ages | equal split
",p0p50,1988,0.0847,1.0,PER,Latin America & Caribbean
Peru,"sptinc_p0p50_999_j_PE
Pre-tax national income 
Bottom 50% | share | all ages | equal split
",p0p50,1989,0.0847,1.0,PER,Latin America & Caribbean
Peru,"sptinc_p0p50_999_j_PE
Pre-tax national income 
Bottom 50% | share | all ages | equal split
",p0p50,1990,0.0847,1.0,PER,Latin America & Caribbean
Peru,"sptinc_p0p50_999_j_PE
Pre-tax national income 
Bottom 50% | share | all ages | equal split
",p0p50,1991,0.0847,1.0,PER,Latin America & Caribbean
Peru,"sptinc_p0p50_999_j_PE
Pre-tax national income 
Bottom 50% | share | all ages | equal split
",p0p50,1992,0.0847,1.0,PER,Latin America & Caribbean
Peru,"sptinc_p0p50_999_j_PE
Pre-tax national income 
Bottom 50% | share | all ages | equal split
",p0p50,1993,0.0847,1.0,PER,Latin America & Caribbean
Peru,"sptinc_p0p50_999_j_PE
Pre-tax national income 
Bottom 50% | share | all ages | equal split
",p0p50,1994,0.0847,1.0,PER,Latin America & Caribbean
Peru,"sptinc_p0p50_999_j_PE
Pre-tax national income 
Bottom 50% | share | all ages | equal split
",p0p50,1995,0.0847,1.0,PER,Latin America & Caribbean
Peru,"sptinc_p0p50_999_j_PE
Pre-tax national income 
Bottom 50% | share | all ages | equal split
",p0p50,1996,0.0847,1.0,PER,Latin America & Caribbean
Peru,"sptinc_p0p50_999_j_PE
Pre-tax national income 
Bottom 50% | share | all ages | equal split
",p0p50,1997,0.0847,1.0,PER,Latin America & Caribbean
Peru,"sptinc_p0p50_999_j_PE
Pre-tax national income 
Bottom 50% | share | all ages | equal split
",p0p50,1998,0.0847,1.0,PER,Latin America & Caribbean
Peru,"sptinc_p0p50_999_j_PE
Pre-tax national income 
Bottom 50% | share | all ages | equal split
",p0p50,1999,0.0847,1.0,PER,Latin America & Caribbean
Peru,"sptinc_p0p50_999_j_PE
Pre-tax national income 
Bottom 50% | share | all ages | equal split
",p0p50,2000,0.0847,3.0,PER,Latin America & Caribbean
Peru,"sptinc_p0p50_999_j_PE
Pre-tax national income 
Bottom 50% | share | all ages | equal split
",p0p50,2001,0.063,3.0,PER,Latin America & Caribbean
Peru,"sptinc_p0p50_999_j_PE
Pre-tax national income 
Bottom 50% | share | all ages | equal split
",p0p50,2002,0.0696,3.0,PER,Latin America & Caribbean
Peru,"sptinc_p0p50_999_j_PE
Pre-tax national income 
Bottom 50% | share | all ages | equal split
",p0p50,2003,0.0578,3.0,PER,Latin America & Caribbean
Peru,"sptinc_p0p50_999_j_PE
Pre-tax national income 
Bottom 50% | share | all ages | equal split
",p0p50,2004,0.0757,3.0,PER,Latin America & Caribbean
Peru,"sptinc_p0p50_999_j_PE
Pre-tax national income 
Bottom 50% | share | all ages | equal split
",p0p50,2005,0.0743,3.0,PER,Latin America & Caribbean
Peru,"sptinc_p0p50_999_j_PE
Pre-tax national income 
Bottom 50% | share | all ages | equal split
",p0p50,2006,0.079,3.0,PER,Latin America & Caribbean
Peru,"sptinc_p0p50_999_j_PE
Pre-tax national income 
Bottom 50% | share | all ages | equal split
",p0p50,2007,0.0865,3.0,PER,Latin America & Caribbean
Peru,"sptinc_p0p50_999_j_PE
Pre-tax national income 
Bottom 50% | share | all ages | equal split
",p0p50,2008,0.0858,3.0,PER,Latin America & Caribbean
Peru,"sptinc_p0p50_999_j_PE
Pre-tax national income 
Bottom 50% | share | all ages | equal split
",p0p50,2009,0.0932,3.0,PER,Latin America & Caribbean
Peru,"sptinc_p0p50_999_j_PE
Pre-tax national income 
Bottom 50% | share | all ages | equal split
",p0p50,2010,0.0962,3.0,PER,Latin America & Caribbean
Peru,"sptinc_p0p50_999_j_PE
Pre-tax national income 
Bottom 50% | share | all ages | equal split
",p0p50,2011,0.0952,3.0,PER,Latin America & Caribbean
Peru,"sptinc_p0p50_999_j_PE
Pre-tax national income 
Bottom 50% | share | all ages | equal split
",p0p50,2012,0.0987,3.0,PER,Latin America & Caribbean
Peru,"sptinc_p0p50_999_j_PE
Pre-tax national income 
Bottom 50% | share | all ages | equal split
",p0p50,2013,0.0977,3.0,PER,Latin America & Caribbean
Peru,"sptinc_p0p50_999_j_PE
Pre-tax national income 
Bottom 50% | share | all ages | equal split
",p0p50,2014,0.1013,3.0,PER,Latin America & Caribbean
Peru,"sptinc_p0p50_999_j_PE
Pre-tax national income 
Bottom 50% | share | all ages | equal split
",p0p50,2015,0.1002,3.0,PER,Latin America & Caribbean
Peru,"sptinc_p0p50_999_j_PE
Pre-tax national income 
Bottom 50% | share | all ages | equal split
",p0p50,2016,0.0991,4.0,PER,Latin America & Caribbean
Peru,"sptinc_p0p50_999_j_PE
Pre-tax national income 
Bottom 50% | share | all ages | equal split
",p0p50,2017,0.0874,4.0,PER,Latin America & Caribbean
Peru,"sptinc_p0p50_999_j_PE
Pre-tax national income 
Bottom 50% | share | all ages | equal split
",p0p50,2018,0.0947,4.0,PER,Latin America & Caribbean
Peru,"sptinc_p0p50_999_j_PE
Pre-tax national income 
Bottom 50% | share | all ages | equal split
",p0p50,2019,0.0994,4.0,PER,Latin America & Caribbean
Peru,"sptinc_p0p50_999_j_PE
Pre-tax national income 
Bottom 50% | share | all ages | equal split
",p0p50,2020,0.0545,4.0,PER,Latin America & Caribbean
Peru,"sptinc_p0p50_999_j_PE
Pre-tax national income 
Bottom 50% | share | all ages | equal split
",p0p50,2021,0.0736,3.0,PER,Latin America & Caribbean
Peru,"sptinc_p0p50_999_j_PE
Pre-tax national income 
Bottom 50% | share | all ages | equal split
",p0p50,2022,0.0928,3.0,PER,Latin America & Caribbean
Peru,"sptinc_p0p50_999_j_PE
Pre-tax national income 
Bottom 50% | share | all ages | equal split
",p0p50,2023,0.0954,3.0,PER,Latin America & Caribbean
Peru,"sptinc_p0p50_999_j_PE
Pre-tax national income 
Bottom 50% | share | all ages | equal split
",p0p50,2024,0.0954,1.0,PER,Latin America & Caribbean
Philippines,"sptinc_p0p50_999_j_PH
Pre-tax national income 
Bottom 50% | share | all ages | equal split
",p0p50,1960,0.1735,0.0,PHL,Southeast Asia
Philippines,"sptinc_p0p50_999_j_PH
Pre-tax national income 
Bottom 50% | share | all ages | equal split
",p0p50,1970,0.1571,0.0,PHL,Southeast Asia
Philippines,"sptinc_p0p50_999_j_PH
Pre-tax national income 
Bottom 50% | share | all ages | equal split
",p0p50,1980,0.1305,1.0,PHL,Southeast Asia
Philippines,"sptinc_p0p50_999_j_PH
Pre-tax national income 
Bottom 50% | share | all ages | equal split
",p0p50,1981,0.1305,1.0,PHL,Southeast Asia
Philippines,"sptinc_p0p50_999_j_PH
Pre-tax national income 
Bottom 50% | share | all ages | equal split
",p0p50,1982,0.1305,1.0,PHL,Southeast Asia
Philippines,"sptinc_p0p50_999_j_PH
Pre-tax national income 
Bottom 50% | share | all ages | equal split
",p0p50,1983,0.1305,1.0,PHL,Southeast Asia
Philippines,"sptinc_p0p50_999_j_PH
Pre-tax national income 
Bottom 50% | share | all ages | equal split
",p0p50,1984,0.1305,1.0,PHL,Southeast Asia
Philippines,"sptinc_p0p50_999_j_PH
Pre-tax national income 
Bottom 50% | share | all ages | equal split
",p0p50,1985,0.1305,3.0,PHL,Southeast Asia
Philippines,"sptinc_p0p50_999_j_PH
Pre-tax national income 
Bottom 50% | share | all ages | equal split
",p0p50,1986,0.1307,2.0,PHL,Southeast Asia
Philippines,"sptinc_p0p50_999_j_PH
Pre-tax national income 
Bottom 50% | share | all ages | equal split
",p0p50,1987,0.1308,2.0,PHL,Southeast Asia
Philippines,"sptinc_p0p50_999_j_PH
Pre-tax national income 
Bottom 50% | share | all ages | equal split
",p0p50,1988,0.1309,3.0,PHL,Southeast Asia
Philippines,"sptinc_p0p50_999_j_PH
Pre-tax national income 
Bottom 50% | share | all ages | equal split
",p0p50,1989,0.1266,2.0,PHL,Southeast Asia
Philippines,"sptinc_p0p50_999_j_PH
Pre-tax national income 
Bottom 50% | share | all ages | equal split
",p0p50,1990,0.1225,2.0,PHL,Southeast Asia
Philippines,"sptinc_p0p50_999_j_PH
Pre-tax national income 
Bottom 50% | share | all ages | equal split
",p0p50,1991,0.1185,3.0,PHL,Southeast Asia
Philippines,"sptinc_p0p50_999_j_PH
Pre-tax national income 
Bottom 50% | share | all ages | equal split
",p0p50,1992,0.1198,2.0,PHL,Southeast Asia
Philippines,"sptinc_p0p50_999_j_PH
Pre-tax national income 
Bottom 50% | share | all ages | equal split
",p0p50,1993,0.1212,2.0,PHL,Southeast Asia
Philippines,"sptinc_p0p50_999_j_PH
Pre-tax national income 
Bottom 50% | share | all ages | equal split
",p0p50,1994,0.1215,3.0,PHL,Southeast Asia
Philippines,"sptinc_p0p50_999_j_PH
Pre-tax national income 
Bottom 50% | share | all ages | equal split
",p0p50,1995,0.116,2.0,PHL,Southeast Asia
Philippines,"sptinc_p0p50_999_j_PH
Pre-tax national income 
Bottom 50% | share | all ages | equal split
",p0p50,1996,0.1117,2.0,PHL,Southeast Asia
Philippines,"sptinc_p0p50_999_j_PH
Pre-tax national income 
Bottom 50% | share | all ages | equal split
",p0p50,1997,0.1075,3.0,PHL,Southeast Asia
Philippines,"sptinc_p0p50_999_j_PH
Pre-tax national income 
Bottom 50% | share | all ages | equal split
",p0p50,1998,0.1118,2.0,PHL,Southeast Asia
Philippines,"sptinc_p0p50_999_j_PH
Pre-tax national income 
Bottom 50% | share | all ages | equal split
",p0p50,1999,0.1164,2.0,PHL,Southeast Asia
Philippines,"sptinc_p0p50_999_j_PH
Pre-tax national income 
Bottom 50% | share | all ages | equal split
",p0p50,2000,0.1174,3.0,PHL,Southeast Asia
Philippines,"sptinc_p0p50_999_j_PH
Pre-tax national income 
Bottom 50% | share | all ages | equal split
",p0p50,2001,0.117,2.0,PHL,Southeast Asia
Philippines,"sptinc_p0p50_999_j_PH
Pre-tax national income 
Bottom 50% | share | all ages | equal split
",p0p50,2002,0.1197,2.0,PHL,Southeast Asia
Philippines,"sptinc_p0p50_999_j_PH
Pre-tax national income 
Bottom 50% | share | all ages | equal split
",p0p50,2003,0.1227,3.0,PHL,Southeast Asia
Philippines,"sptinc_p0p50_999_j_PH
Pre-tax national income 
Bottom 50% | share | all ages | equal split
",p0p50,2004,0.121,2.0,PHL,Southeast Asia
Philippines,"sptinc_p0p50_999_j_PH
Pre-tax national income 
Bottom 50% | share | all ages | equal split
",p0p50,2005,0.121,2.0,PHL,Southeast Asia
Philippines,"sptinc_p0p50_999_j_PH
Pre-tax national income 
Bottom 50% | share | all ages | equal split
",p0p50,2006,0.1218,3.0,PHL,Southeast Asia
Philippines,"sptinc_p0p50_999_j_PH
Pre-tax national income 
Bottom 50% | share | all ages | equal split
",p0p50,2007,0.1232,2.0,PHL,Southeast Asia
Philippines,"sptinc_p0p50_999_j_PH
Pre-tax national income 
Bottom 50% | share | all ages | equal split
",p0p50,2008,0.1244,2.0,PHL,Southeast Asia
Philippines,"sptinc_p0p50_999_j_PH
Pre-tax national income 
Bottom 50% | share | all ages | equal split
",p0p50,2009,0.1236,3.0,PHL,Southeast Asia
Philippines,"sptinc_p0p50_999_j_PH
Pre-tax national income 
Bottom 50% | share | all ages | equal split
",p0p50,2010,0.1236,2.0,PHL,Southeast Asia
Philippines,"sptinc_p0p50_999_j_PH
Pre-tax national income 
Bottom 50% | share | all ages | equal split
",p0p50,2011,0.1249,2.0,PHL,Southeast Asia
Philippines,"sptinc_p0p50_999_j_PH
Pre-tax national income 
Bottom 50% | share | all ages | equal split
",p0p50,2012,0.126,3.0,PHL,Southeast Asia
Philippines,"sptinc_p0p50_999_j_PH
Pre-tax national income 
Bottom 50% | share | all ages | equal split
",p0p50,2013,0.1277,2.0,PHL,Southeast Asia
Philippines,"sptinc_p0p50_999_j_PH
Pre-tax national income 
Bottom 50% | share | all ages | equal split
",p0p50,2014,0.1303,2.0,PHL,Southeast Asia
Philippines,"sptinc_p0p50_999_j_PH
Pre-tax national income 
Bottom 50% | share | all ages | equal split
",p0p50,2015,0.1323,3.0,PHL,Southeast Asia
Philippines,"sptinc_p0p50_999_j_PH
Pre-tax national income 
Bottom 50% | share | all ages | equal split
",p0p50,2016,0.1357,2.0,PHL,Southeast Asia
Philippines,"sptinc_p0p50_999_j_PH
Pre-tax national income 
Bottom 50% | share | all ages | equal split
",p0p50,2017,0.1395,2.0,PHL,Southeast Asia
Philippines,"sptinc_p0p50_999_j_PH
Pre-tax national income 
Bottom 50% | share | all ages | equal split
",p0p50,2018,0.1435,3.0,PHL,Southeast Asia
Philippines,"sptinc_p0p50_999_j_PH
Pre-tax national income 
Bottom 50% | share | all ages | equal split
",p0p50,2019,0.1435,1.0,PHL,Southeast Asia
Philippines,"sptinc_p0p50_999_j_PH
Pre-tax national income 
Bottom 50% | share | all ages | equal split
",p0p50,2020,0.1435,1.0,PHL,Southeast Asia
Philippines,"sptinc_p0p50_999_j_PH
Pre-tax national income 
Bottom 50% | share | all ages | equal split
",p0p50,2021,0.1435,1.0,PHL,Southeast Asia
Philippines,"sptinc_p0p50_999_j_PH
Pre-tax national income 
Bottom 50% | share | all ages | equal split
",p0p50,2022,0.1435,1.0,PHL,Southeast Asia
Philippines,"sptinc_p0p50_999_j_PH
Pre-tax national income 
Bottom 50% | share | all ages | equal split
",p0p50,2023,0.1435,1.0,PHL,Southeast Asia
Philippines,"sptinc_p0p50_999_j_PH
Pre-tax national income 
Bottom 50% | share | all ages | equal split
",p0p50,2024,0.1435,1.0,PHL,Southeast Asia
Poland,"sptinc_p0p50_999_j_PL
Pre-tax national income 
Bottom 50% | share | all ages | equal split
",p0p50,1960,0.2406,3.0,POL,Eastern Europe & FSU
Poland,"sptinc_p0p50_999_j_PL
Pre-tax national income 
Bottom 50% | share | all ages | equal split
",p0p50,1961,0.2439,3.0,POL,Eastern Europe & FSU
Poland,"sptinc_p0p50_999_j_PL
Pre-tax national income 
Bottom 50% | share | all ages | equal split
",p0p50,1962,0.2467,3.0,POL,Eastern Europe & FSU
Poland,"sptinc_p0p50_999_j_PL
Pre-tax national income 
Bottom 50% | share | all ages | equal split
",p0p50,1963,0.2501,3.0,POL,Eastern Europe & FSU
Poland,"sptinc_p0p50_999_j_PL
Pre-tax national income 
Bottom 50% | share | all ages | equal split
",p0p50,1964,0.2533,3.0,POL,Eastern Europe & FSU
Poland,"sptinc_p0p50_999_j_PL
Pre-tax national income 
Bottom 50% | share | all ages | equal split
",p0p50,1965,0.2562,3.0,POL,Eastern Europe & FSU
Poland,"sptinc_p0p50_999_j_PL
Pre-tax national income 
Bottom 50% | share | all ages | equal split
",p0p50,1967,0.2628,3.0,POL,Eastern Europe & FSU
Poland,"sptinc_p0p50_999_j_PL
Pre-tax national income 
Bottom 50% | share | all ages | equal split
",p0p50,1970,0.2723,3.0,POL,Eastern Europe & FSU
Poland,"sptinc_p0p50_999_j_PL
Pre-tax national income 
Bottom 50% | share | all ages | equal split
",p0p50,1972,0.2778,3.0,POL,Eastern Europe & FSU
Poland,"sptinc_p0p50_999_j_PL
Pre-tax national income 
Bottom 50% | share | all ages | equal split
",p0p50,1976,0.2906,3.0,POL,Eastern Europe & FSU
Poland,"sptinc_p0p50_999_j_PL
Pre-tax national income 
Bottom 50% | share | all ages | equal split
",p0p50,1978,0.2961,3.0,POL,Eastern Europe & FSU
Poland,"sptinc_p0p50_999_j_PL
Pre-tax national income 
Bottom 50% | share | all ages | equal split
",p0p50,1980,0.2802,1.0,POL,Eastern Europe & FSU
Poland,"sptinc_p0p50_999_j_PL
Pre-tax national income 
Bottom 50% | share | all ages | equal split
",p0p50,1981,0.2802,1.0,POL,Eastern Europe & FSU
Poland,"sptinc_p0p50_999_j_PL
Pre-tax national income 
Bottom 50% | share | all ages | equal split
",p0p50,1982,0.2802,1.0,POL,Eastern Europe & FSU
Poland,"sptinc_p0p50_999_j_PL
Pre-tax national income 
Bottom 50% | share | all ages | equal split
",p0p50,1983,0.2802,3.0,POL,Eastern Europe & FSU
Poland,"sptinc_p0p50_999_j_PL
Pre-tax national income 
Bottom 50% | share | all ages | equal split
",p0p50,1984,0.2775,3.0,POL,Eastern Europe & FSU
Poland,"sptinc_p0p50_999_j_PL
Pre-tax national income 
Bottom 50% | share | all ages | equal split
",p0p50,1985,0.2774,3.0,POL,Eastern Europe & FSU
Poland,"sptinc_p0p50_999_j_PL
Pre-tax national income 
Bottom 50% | share | all ages | equal split
",p0p50,1986,0.2738,3.0,POL,Eastern Europe & FSU
Poland,"sptinc_p0p50_999_j_PL
Pre-tax national income 
Bottom 50% | share | all ages | equal split
",p0p50,1987,0.2787,3.0,POL,Eastern Europe & FSU
Poland,"sptinc_p0p50_999_j_PL
Pre-tax national income 
Bottom 50% | share | all ages | equal split
",p0p50,1988,0.2802,3.0,POL,Eastern Europe & FSU
Poland,"sptinc_p0p50_999_j_PL
Pre-tax national income 
Bottom 50% | share | all ages | equal split
",p0p50,1989,0.2731,3.0,POL,Eastern Europe & FSU
Poland,"sptinc_p0p50_999_j_PL
Pre-tax national income 
Bottom 50% | share | all ages | equal split
",p0p50,1990,0.2608,3.0,POL,Eastern Europe & FSU
Poland,"sptinc_p0p50_999_j_PL
Pre-tax national income 
Bottom 50% | share | all ages | equal split
",p0p50,1991,0.2593,3.0,POL,Eastern Europe & FSU
Poland,"sptinc_p0p50_999_j_PL
Pre-tax national income 
Bottom 50% | share | all ages | equal split
",p0p50,1992,0.2528,4.0,POL,Eastern Europe & FSU
Poland,"sptinc_p0p50_999_j_PL
Pre-tax national income 
Bottom 50% | share | all ages | equal split
",p0p50,1993,0.2515,4.0,POL,Eastern Europe & FSU
Poland,"sptinc_p0p50_999_j_PL
Pre-tax national income 
Bottom 50% | share | all ages | equal split
",p0p50,1994,0.2407,4.0,POL,Eastern Europe & FSU
Poland,"sptinc_p0p50_999_j_PL
Pre-tax national income 
Bottom 50% | share | all ages | equal split
",p0p50,1995,0.2314,4.0,POL,Eastern Europe & FSU
Poland,"sptinc_p0p50_999_j_PL
Pre-tax national income 
Bottom 50% | share | all ages | equal split
",p0p50,1996,0.2285,4.0,POL,Eastern Europe & FSU
Poland,"sptinc_p0p50_999_j_PL
Pre-tax national income 
Bottom 50% | share | all ages | equal split
",p0p50,1997,0.2314,4.0,POL,Eastern Europe & FSU
Poland,"sptinc_p0p50_999_j_PL
Pre-tax national income 
Bottom 50% | share | all ages | equal split
",p0p50,1998,0.227,4.0,POL,Eastern Europe & FSU
Poland,"sptinc_p0p50_999_j_PL
Pre-tax national income 
Bottom 50% | share | all ages | equal split
",p0p50,1999,0.2288,4.0,POL,Eastern Europe & FSU
Poland,"sptinc_p0p50_999_j_PL
Pre-tax national income 
Bottom 50% | share | all ages | equal split
",p0p50,2000,0.2177,4.0,POL,Eastern Europe & FSU
Poland,"sptinc_p0p50_999_j_PL
Pre-tax national income 
Bottom 50% | share | all ages | equal split
",p0p50,2001,0.2162,4.0,POL,Eastern Europe & FSU
Poland,"sptinc_p0p50_999_j_PL
Pre-tax national income 
Bottom 50% | share | all ages | equal split
",p0p50,2002,0.2103,4.0,POL,Eastern Europe & FSU
Poland,"sptinc_p0p50_999_j_PL
Pre-tax national income 
Bottom 50% | share | all ages | equal split
",p0p50,2003,0.2037,4.0,POL,Eastern Europe & FSU
Poland,"sptinc_p0p50_999_j_PL
Pre-tax national income 
Bottom 50% | share | all ages | equal split
",p0p50,2004,0.2006,4.0,POL,Eastern Europe & FSU
Poland,"sptinc_p0p50_999_j_PL
Pre-tax national income 
Bottom 50% | share | all ages | equal split
",p0p50,2005,0.1951,4.0,POL,Eastern Europe & FSU
Poland,"sptinc_p0p50_999_j_PL
Pre-tax national income 
Bottom 50% | share | all ages | equal split
",p0p50,2006,0.1977,4.0,POL,Eastern Europe & FSU
Poland,"sptinc_p0p50_999_j_PL
Pre-tax national income 
Bottom 50% | share | all ages | equal split
",p0p50,2007,0.199,4.0,POL,Eastern Europe & FSU
Poland,"sptinc_p0p50_999_j_PL
Pre-tax national income 
Bottom 50% | share | all ages | equal split
",p0p50,2008,0.1955,4.0,POL,Eastern Europe & FSU
Poland,"sptinc_p0p50_999_j_PL
Pre-tax national income 
Bottom 50% | share | all ages | equal split
",p0p50,2009,0.1989,4.0,POL,Eastern Europe & FSU
Poland,"sptinc_p0p50_999_j_PL
Pre-tax national income 
Bottom 50% | share | all ages | equal split
",p0p50,2010,0.2002,4.0,POL,Eastern Europe & FSU
Poland,"sptinc_p0p50_999_j_PL
Pre-tax national income 
Bottom 50% | share | all ages | equal split
",p0p50,2011,0.1989,4.0,POL,Eastern Europe & FSU
Poland,"sptinc_p0p50_999_j_PL
Pre-tax national income 
Bottom 50% | share | all ages | equal split
",p0p50,2012,0.2018,4.0,POL,Eastern Europe & FSU
Poland,"sptinc_p0p50_999_j_PL
Pre-tax national income 
Bottom 50% | share | all ages | equal split
",p0p50,2013,0.2019,4.0,POL,Eastern Europe & FSU
Poland,"sptinc_p0p50_999_j_PL
Pre-tax national income 
Bottom 50% | share | all ages | equal split
",p0p50,2014,0.2004,4.0,POL,Eastern Europe & FSU
Poland,"sptinc_p0p50_999_j_PL
Pre-tax national income 
Bottom 50% | share | all ages | equal split
",p0p50,2015,0.1984,4.0,POL,Eastern Europe & FSU
Poland,"sptinc_p0p50_999_j_PL
Pre-tax national income 
Bottom 50% | share | all ages | equal split
",p0p50,2016,0.1978,3.0,POL,Eastern Europe & FSU
Poland,"sptinc_p0p50_999_j_PL
Pre-tax national income 
Bottom 50% | share | all ages | equal split
",p0p50,2017,0.2003,3.0,POL,Eastern Europe & FSU
Poland,"sptinc_p0p50_999_j_PL
Pre-tax national income 
Bottom 50% | share | all ages | equal split
",p0p50,2018,0.196,3.0,POL,Eastern Europe & FSU
Poland,"sptinc_p0p50_999_j_PL
Pre-tax national income 
Bottom 50% | share | all ages | equal split
",p0p50,2019,0.1949,3.0,POL,Eastern Europe & FSU
Poland,"sptinc_p0p50_999_j_PL
Pre-tax national income 
Bottom 50% | share | all ages | equal split
",p0p50,2020,0.1949,3.0,POL,Eastern Europe & FSU
Poland,"sptinc_p0p50_999_j_PL
Pre-tax national income 
Bottom 50% | share | all ages | equal split
",p0p50,2021,0.1945,3.0,POL,Eastern Europe & FSU
Poland,"sptinc_p0p50_999_j_PL
Pre-tax national income 
Bottom 50% | share | all ages | equal split
",p0p50,2022,0.1939,3.0,POL,Eastern Europe & FSU
Poland,"sptinc_p0p50_999_j_PL
Pre-tax national income 
Bottom 50% | share | all ages | equal split
",p0p50,2023,0.1939,3.0,POL,Eastern Europe & FSU
Poland,"sptinc_p0p50_999_j_PL
Pre-tax national income 
Bottom 50% | share | all ages | equal split
",p0p50,2024,0.1939,1.0,POL,Eastern Europe & FSU
Portugal,"sptinc_p0p50_999_j_PT
Pre-tax national income 
Bottom 50% | share | all ages | equal split
",p0p50,1960,0.2274,3.0,PRT,Southern Europe
Portugal,"sptinc_p0p50_999_j_PT
Pre-tax national income 
Bottom 50% | share | all ages | equal split
",p0p50,1961,0.2231,3.0,PRT,Southern Europe
Portugal,"sptinc_p0p50_999_j_PT
Pre-tax national income 
Bottom 50% | share | all ages | equal split
",p0p50,1962,0.2282,3.0,PRT,Southern Europe
Portugal,"sptinc_p0p50_999_j_PT
Pre-tax national income 
Bottom 50% | share | all ages | equal split
",p0p50,1963,0.2183,3.0,PRT,Southern Europe
Portugal,"sptinc_p0p50_999_j_PT
Pre-tax national income 
Bottom 50% | share | all ages | equal split
",p0p50,1964,0.2215,3.0,PRT,Southern Europe
Portugal,"sptinc_p0p50_999_j_PT
Pre-tax national income 
Bottom 50% | share | all ages | equal split
",p0p50,1965,0.2276,3.0,PRT,Southern Europe
Portugal,"sptinc_p0p50_999_j_PT
Pre-tax national income 
Bottom 50% | share | all ages | equal split
",p0p50,1966,0.2164,3.0,PRT,Southern Europe
Portugal,"sptinc_p0p50_999_j_PT
Pre-tax national income 
Bottom 50% | share | all ages | equal split
",p0p50,1967,0.221,3.0,PRT,Southern Europe
Portugal,"sptinc_p0p50_999_j_PT
Pre-tax national income 
Bottom 50% | share | all ages | equal split
",p0p50,1968,0.2271,3.0,PRT,Southern Europe
Portugal,"sptinc_p0p50_999_j_PT
Pre-tax national income 
Bottom 50% | share | all ages | equal split
",p0p50,1969,0.2167,3.0,PRT,Southern Europe
Portugal,"sptinc_p0p50_999_j_PT
Pre-tax national income 
Bottom 50% | share | all ages | equal split
",p0p50,1970,0.2214,3.0,PRT,Southern Europe
Portugal,"sptinc_p0p50_999_j_PT
Pre-tax national income 
Bottom 50% | share | all ages | equal split
",p0p50,1971,0.2272,3.0,PRT,Southern Europe
Portugal,"sptinc_p0p50_999_j_PT
Pre-tax national income 
Bottom 50% | share | all ages | equal split
",p0p50,1972,0.2344,3.0,PRT,Southern Europe
Portugal,"sptinc_p0p50_999_j_PT
Pre-tax national income 
Bottom 50% | share | all ages | equal split
",p0p50,1973,0.223,3.0,PRT,Southern Europe
Portugal,"sptinc_p0p50_999_j_PT
Pre-tax national income 
Bottom 50% | share | all ages | equal split
",p0p50,1974,0.2286,3.0,PRT,Southern Europe
Portugal,"sptinc_p0p50_999_j_PT
Pre-tax national income 
Bottom 50% | share | all ages | equal split
",p0p50,1975,0.2342,3.0,PRT,Southern Europe
Portugal,"sptinc_p0p50_999_j_PT
Pre-tax national income 
Bottom 50% | share | all ages | equal split
",p0p50,1976,0.2326,3.0,PRT,Southern Europe
Portugal,"sptinc_p0p50_999_j_PT
Pre-tax national income 
Bottom 50% | share | all ages | equal split
",p0p50,1977,0.2354,3.0,PRT,Southern Europe
Portugal,"sptinc_p0p50_999_j_PT
Pre-tax national income 
Bottom 50% | share | all ages | equal split
",p0p50,1978,0.2368,3.0,PRT,Southern Europe
Portugal,"sptinc_p0p50_999_j_PT
Pre-tax national income 
Bottom 50% | share | all ages | equal split
",p0p50,1979,0.2397,3.0,PRT,Southern Europe
Portugal,"sptinc_p0p50_999_j_PT
Pre-tax national income 
Bottom 50% | share | all ages | equal split
",p0p50,1980,0.2254,3.0,PRT,Southern Europe
Portugal,"sptinc_p0p50_999_j_PT
Pre-tax national income 
Bottom 50% | share | all ages | equal split
",p0p50,1981,0.2291,3.0,PRT,Southern Europe
Portugal,"sptinc_p0p50_999_j_PT
Pre-tax national income 
Bottom 50% | share | all ages | equal split
",p0p50,1982,0.2144,3.0,PRT,Southern Europe
Portugal,"sptinc_p0p50_999_j_PT
Pre-tax national income 
Bottom 50% | share | all ages | equal split
",p0p50,1983,0.217,3.0,PRT,Southern Europe
Portugal,"sptinc_p0p50_999_j_PT
Pre-tax national income 
Bottom 50% | share | all ages | equal split
",p0p50,1984,0.2085,3.0,PRT,Southern Europe
Portugal,"sptinc_p0p50_999_j_PT
Pre-tax national income 
Bottom 50% | share | all ages | equal split
",p0p50,1985,0.2061,3.0,PRT,Southern Europe
Portugal,"sptinc_p0p50_999_j_PT
Pre-tax national income 
Bottom 50% | share | all ages | equal split
",p0p50,1986,0.2072,3.0,PRT,Southern Europe
Portugal,"sptinc_p0p50_999_j_PT
Pre-tax national income 
Bottom 50% | share | all ages | equal split
",p0p50,1987,0.2075,3.0,PRT,Southern Europe
Portugal,"sptinc_p0p50_999_j_PT
Pre-tax national income 
Bottom 50% | share | all ages | equal split
",p0p50,1988,0.2049,3.0,PRT,Southern Europe
Portugal,"sptinc_p0p50_999_j_PT
Pre-tax national income 
Bottom 50% | share | all ages | equal split
",p0p50,1989,0.2048,3.0,PRT,Southern Europe
Portugal,"sptinc_p0p50_999_j_PT
Pre-tax national income 
Bottom 50% | share | all ages | equal split
",p0p50,1990,0.2094,3.0,PRT,Southern Europe
Portugal,"sptinc_p0p50_999_j_PT
Pre-tax national income 
Bottom 50% | share | all ages | equal split
",p0p50,1991,0.2036,3.0,PRT,Southern Europe
Portugal,"sptinc_p0p50_999_j_PT
Pre-tax national income 
Bottom 50% | share | all ages | equal split
",p0p50,1992,0.1979,3.0,PRT,Southern Europe
Portugal,"sptinc_p0p50_999_j_PT
Pre-tax national income 
Bottom 50% | share | all ages | equal split
",p0p50,1993,0.1861,3.0,PRT,Southern Europe
Portugal,"sptinc_p0p50_999_j_PT
Pre-tax national income 
Bottom 50% | share | all ages | equal split
",p0p50,1994,0.177,3.0,PRT,Southern Europe
Portugal,"sptinc_p0p50_999_j_PT
Pre-tax national income 
Bottom 50% | share | all ages | equal split
",p0p50,1995,0.1794,3.0,PRT,Southern Europe
Portugal,"sptinc_p0p50_999_j_PT
Pre-tax national income 
Bottom 50% | share | all ages | equal split
",p0p50,1996,0.1851,3.0,PRT,Southern Europe
Portugal,"sptinc_p0p50_999_j_PT
Pre-tax national income 
Bottom 50% | share | all ages | equal split
",p0p50,1997,0.1836,3.0,PRT,Southern Europe
Portugal,"sptinc_p0p50_999_j_PT
Pre-tax national income 
Bottom 50% | share | all ages | equal split
",p0p50,1998,0.1875,3.0,PRT,Southern Europe
Portugal,"sptinc_p0p50_999_j_PT
Pre-tax national income 
Bottom 50% | share | all ages | equal split
",p0p50,1999,0.1865,3.0,PRT,Southern Europe
Portugal,"sptinc_p0p50_999_j_PT
Pre-tax national income 
Bottom 50% | share | all ages | equal split
",p0p50,2000,0.186,3.0,PRT,Southern Europe
Portugal,"sptinc_p0p50_999_j_PT
Pre-tax national income 
Bottom 50% | share | all ages | equal split
",p0p50,2001,0.1739,3.0,PRT,Southern Europe
Portugal,"sptinc_p0p50_999_j_PT
Pre-tax national income 
Bottom 50% | share | all ages | equal split
",p0p50,2002,0.1781,2.0,PRT,Southern Europe
Portugal,"sptinc_p0p50_999_j_PT
Pre-tax national income 
Bottom 50% | share | all ages | equal split
",p0p50,2003,0.18,3.0,PRT,Southern Europe
Portugal,"sptinc_p0p50_999_j_PT
Pre-tax national income 
Bottom 50% | share | all ages | equal split
",p0p50,2004,0.1728,3.0,PRT,Southern Europe
Portugal,"sptinc_p0p50_999_j_PT
Pre-tax national income 
Bottom 50% | share | all ages | equal split
",p0p50,2005,0.1779,3.0,PRT,Southern Europe
Portugal,"sptinc_p0p50_999_j_PT
Pre-tax national income 
Bottom 50% | share | all ages | equal split
",p0p50,2006,0.1725,4.0,PRT,Southern Europe
Portugal,"sptinc_p0p50_999_j_PT
Pre-tax national income 
Bottom 50% | share | all ages | equal split
",p0p50,2007,0.1751,4.0,PRT,Southern Europe
Portugal,"sptinc_p0p50_999_j_PT
Pre-tax national income 
Bottom 50% | share | all ages | equal split
",p0p50,2008,0.1845,4.0,PRT,Southern Europe
Portugal,"sptinc_p0p50_999_j_PT
Pre-tax national income 
Bottom 50% | share | all ages | equal split
",p0p50,2009,0.1881,4.0,PRT,Southern Europe
Portugal,"sptinc_p0p50_999_j_PT
Pre-tax national income 
Bottom 50% | share | all ages | equal split
",p0p50,2010,0.1864,4.0,PRT,Southern Europe
Portugal,"sptinc_p0p50_999_j_PT
Pre-tax national income 
Bottom 50% | share | all ages | equal split
",p0p50,2011,0.1846,4.0,PRT,Southern Europe
Portugal,"sptinc_p0p50_999_j_PT
Pre-tax national income 
Bottom 50% | share | all ages | equal split
",p0p50,2012,0.1909,4.0,PRT,Southern Europe
Portugal,"sptinc_p0p50_999_j_PT
Pre-tax national income 
Bottom 50% | share | all ages | equal split
",p0p50,2013,0.1833,4.0,PRT,Southern Europe
Portugal,"sptinc_p0p50_999_j_PT
Pre-tax national income 
Bottom 50% | share | all ages | equal split
",p0p50,2014,0.1849,4.0,PRT,Southern Europe
Portugal,"sptinc_p0p50_999_j_PT
Pre-tax national income 
Bottom 50% | share | all ages | equal split
",p0p50,2015,0.1862,4.0,PRT,Southern Europe
Portugal,"sptinc_p0p50_999_j_PT
Pre-tax national income 
Bottom 50% | share | all ages | equal split
",p0p50,2016,0.1878,4.0,PRT,Southern Europe
Portugal,"sptinc_p0p50_999_j_PT
Pre-tax national income 
Bottom 50% | share | all ages | equal split
",p0p50,2017,0.1894,4.0,PRT,Southern Europe
Portugal,"sptinc_p0p50_999_j_PT
Pre-tax national income 
Bottom 50% | share | all ages | equal split
",p0p50,2018,0.1946,4.0,PRT,Southern Europe
Portugal,"sptinc_p0p50_999_j_PT
Pre-tax national income 
Bottom 50% | share | all ages | equal split
",p0p50,2019,0.1964,4.0,PRT,Southern Europe
Portugal,"sptinc_p0p50_999_j_PT
Pre-tax national income 
Bottom 50% | share | all ages | equal split
",p0p50,2020,0.1964,3.0,PRT,Southern Europe
Portugal,"sptinc_p0p50_999_j_PT
Pre-tax national income 
Bottom 50% | share | all ages | equal split
",p0p50,2021,0.204,3.0,PRT,Southern Europe
Portugal,"sptinc_p0p50_999_j_PT
Pre-tax national income 
Bottom 50% | share | all ages | equal split
",p0p50,2022,0.204,3.0,PRT,Southern Europe
Portugal,"sptinc_p0p50_999_j_PT
Pre-tax national income 
Bottom 50% | share | all ages | equal split
",p0p50,2023,0.204,3.0,PRT,Southern Europe
Portugal,"sptinc_p0p50_999_j_PT
Pre-tax national income 
Bottom 50% | share | all ages | equal split
",p0p50,2024,0.204,1.0,PRT,Southern Europe
Puerto Rico,"sptinc_p0p50_999_j_PR
Pre-tax national income 
Bottom 50% | share | all ages | equal split
",p0p50,1980,0.0819,0.0,PRI,North America
Puerto Rico,"sptinc_p0p50_999_j_PR
Pre-tax national income 
Bottom 50% | share | all ages | equal split
",p0p50,1981,0.0816,0.0,PRI,North America
Puerto Rico,"sptinc_p0p50_999_j_PR
Pre-tax national income 
Bottom 50% | share | all ages | equal split
",p0p50,1982,0.0813,0.0,PRI,North America
Puerto Rico,"sptinc_p0p50_999_j_PR
Pre-tax national income 
Bottom 50% | share | all ages | equal split
",p0p50,1983,0.081,0.0,PRI,North America
Puerto Rico,"sptinc_p0p50_999_j_PR
Pre-tax national income 
Bottom 50% | share | all ages | equal split
",p0p50,1984,0.0807,0.0,PRI,North America
Puerto Rico,"sptinc_p0p50_999_j_PR
Pre-tax national income 
Bottom 50% | share | all ages | equal split
",p0p50,1985,0.0803,0.0,PRI,North America
Puerto Rico,"sptinc_p0p50_999_j_PR
Pre-tax national income 
Bottom 50% | share | all ages | equal split
",p0p50,1986,0.08,0.0,PRI,North America
Puerto Rico,"sptinc_p0p50_999_j_PR
Pre-tax national income 
Bottom 50% | share | all ages | equal split
",p0p50,1987,0.0796,0.0,PRI,North America
Puerto Rico,"sptinc_p0p50_999_j_PR
Pre-tax national income 
Bottom 50% | share | all ages | equal split
",p0p50,1988,0.0793,0.0,PRI,North America
Puerto Rico,"sptinc_p0p50_999_j_PR
Pre-tax national income 
Bottom 50% | share | all ages | equal split
",p0p50,1989,0.0789,0.0,PRI,North America
Puerto Rico,"sptinc_p0p50_999_j_PR
Pre-tax national income 
Bottom 50% | share | all ages | equal split
",p0p50,1990,0.0785,0.0,PRI,North America
Puerto Rico,"sptinc_p0p50_999_j_PR
Pre-tax national income 
Bottom 50% | share | all ages | equal split
",p0p50,1991,0.0789,0.0,PRI,North America
Puerto Rico,"sptinc_p0p50_999_j_PR
Pre-tax national income 
Bottom 50% | share | all ages | equal split
",p0p50,1992,0.0793,0.0,PRI,North America
Puerto Rico,"sptinc_p0p50_999_j_PR
Pre-tax national income 
Bottom 50% | share | all ages | equal split
",p0p50,1993,0.0797,0.0,PRI,North America
Puerto Rico,"sptinc_p0p50_999_j_PR
Pre-tax national income 
Bottom 50% | share | all ages | equal split
",p0p50,1994,0.08,0.0,PRI,North America
Puerto Rico,"sptinc_p0p50_999_j_PR
Pre-tax national income 
Bottom 50% | share | all ages | equal split
",p0p50,1995,0.0804,0.0,PRI,North America
Puerto Rico,"sptinc_p0p50_999_j_PR
Pre-tax national income 
Bottom 50% | share | all ages | equal split
",p0p50,1996,0.0807,0.0,PRI,North America
Puerto Rico,"sptinc_p0p50_999_j_PR
Pre-tax national income 
Bottom 50% | share | all ages | equal split
",p0p50,1997,0.0811,0.0,PRI,North America
Puerto Rico,"sptinc_p0p50_999_j_PR
Pre-tax national income 
Bottom 50% | share | all ages | equal split
",p0p50,1998,0.0814,0.0,PRI,North America
Puerto Rico,"sptinc_p0p50_999_j_PR
Pre-tax national income 
Bottom 50% | share | all ages | equal split
",p0p50,1999,0.0818,0.0,PRI,North America
Puerto Rico,"sptinc_p0p50_999_j_PR
Pre-tax national income 
Bottom 50% | share | all ages | equal split
",p0p50,2000,0.0821,0.0,PRI,North America
Puerto Rico,"sptinc_p0p50_999_j_PR
Pre-tax national income 
Bottom 50% | share | all ages | equal split
",p0p50,2001,0.0826,0.0,PRI,North America
Puerto Rico,"sptinc_p0p50_999_j_PR
Pre-tax national income 
Bottom 50% | share | all ages | equal split
",p0p50,2002,0.083,0.0,PRI,North America
Puerto Rico,"sptinc_p0p50_999_j_PR
Pre-tax national income 
Bottom 50% | share | all ages | equal split
",p0p50,2003,0.0835,0.0,PRI,North America
Puerto Rico,"sptinc_p0p50_999_j_PR
Pre-tax national income 
Bottom 50% | share | all ages | equal split
",p0p50,2004,0.0839,0.0,PRI,North America
Puerto Rico,"sptinc_p0p50_999_j_PR
Pre-tax national income 
Bottom 50% | share | all ages | equal split
",p0p50,2005,0.0843,0.0,PRI,North America
Puerto Rico,"sptinc_p0p50_999_j_PR
Pre-tax national income 
Bottom 50% | share | all ages | equal split
",p0p50,2006,0.0846,0.0,PRI,North America
Puerto Rico,"sptinc_p0p50_999_j_PR
Pre-tax national income 
Bottom 50% | share | all ages | equal split
",p0p50,2007,0.085,0.0,PRI,North America
Puerto Rico,"sptinc_p0p50_999_j_PR
Pre-tax national income 
Bottom 50% | share | all ages | equal split
",p0p50,2008,0.0853,0.0,PRI,North America
Puerto Rico,"sptinc_p0p50_999_j_PR
Pre-tax national income 
Bottom 50% | share | all ages | equal split
",p0p50,2009,0.0857,0.0,PRI,North America
Puerto Rico,"sptinc_p0p50_999_j_PR
Pre-tax national income 
Bottom 50% | share | all ages | equal split
",p0p50,2010,0.086,0.0,PRI,North America
Puerto Rico,"sptinc_p0p50_999_j_PR
Pre-tax national income 
Bottom 50% | share | all ages | equal split
",p0p50,2011,0.0917,0.0,PRI,North America
Puerto Rico,"sptinc_p0p50_999_j_PR
Pre-tax national income 
Bottom 50% | share | all ages | equal split
",p0p50,2012,0.0974,0.0,PRI,North America
Puerto Rico,"sptinc_p0p50_999_j_PR
Pre-tax national income 
Bottom 50% | share | all ages | equal split
",p0p50,2013,0.103,0.0,PRI,North America
Puerto Rico,"sptinc_p0p50_999_j_PR
Pre-tax national income 
Bottom 50% | share | all ages | equal split
",p0p50,2014,0.1086,0.0,PRI,North America
Puerto Rico,"sptinc_p0p50_999_j_PR
Pre-tax national income 
Bottom 50% | share | all ages | equal split
",p0p50,2015,0.1141,0.0,PRI,North America
Puerto Rico,"sptinc_p0p50_999_j_PR
Pre-tax national income 
Bottom 50% | share | all ages | equal split
",p0p50,2016,0.1197,0.0,PRI,North America
Puerto Rico,"sptinc_p0p50_999_j_PR
Pre-tax national income 
Bottom 50% | share | all ages | equal split
",p0p50,2017,0.1251,0.0,PRI,North America
Puerto Rico,"sptinc_p0p50_999_j_PR
Pre-tax national income 
Bottom 50% | share | all ages | equal split
",p0p50,2018,0.1306,0.0,PRI,North America
Puerto Rico,"sptinc_p0p50_999_j_PR
Pre-tax national income 
Bottom 50% | share | all ages | equal split
",p0p50,2019,0.136,0.0,PRI,North America
Puerto Rico,"sptinc_p0p50_999_j_PR
Pre-tax national income 
Bottom 50% | share | all ages | equal split
",p0p50,2020,0.1413,0.0,PRI,North America
Puerto Rico,"sptinc_p0p50_999_j_PR
Pre-tax national income 
Bottom 50% | share | all ages | equal split
",p0p50,2021,0.1413,0.0,PRI,North America
Puerto Rico,"sptinc_p0p50_999_j_PR
Pre-tax national income 
Bottom 50% | share | all ages | equal split
",p0p50,2022,0.1413,0.0,PRI,North America
Puerto Rico,"sptinc_p0p50_999_j_PR
Pre-tax national income 
Bottom 50% | share | all ages | equal split
",p0p50,2023,0.1413,0.0,PRI,North America
Puerto Rico,"sptinc_p0p50_999_j_PR
Pre-tax national income 
Bottom 50% | share | all ages | equal split
",p0p50,2024,0.1413,0.0,PRI,North America
Qatar,"sptinc_p0p50_999_j_QA
Pre-tax national income 
Bottom 50% | share | all ages | equal split
",p0p50,1980,0.095,1.0,QAT,MENA
Qatar,"sptinc_p0p50_999_j_QA
Pre-tax national income 
Bottom 50% | share | all ages | equal split
",p0p50,1981,0.095,1.0,QAT,MENA
Qatar,"sptinc_p0p50_999_j_QA
Pre-tax national income 
Bottom 50% | share | all ages | equal split
",p0p50,1982,0.095,1.0,QAT,MENA
Qatar,"sptinc_p0p50_999_j_QA
Pre-tax national income 
Bottom 50% | share | all ages | equal split
",p0p50,1983,0.095,1.0,QAT,MENA
Qatar,"sptinc_p0p50_999_j_QA
Pre-tax national income 
Bottom 50% | share | all ages | equal split
",p0p50,1984,0.095,1.0,QAT,MENA
Qatar,"sptinc_p0p50_999_j_QA
Pre-tax national income 
Bottom 50% | share | all ages | equal split
",p0p50,1985,0.095,1.0,QAT,MENA
Qatar,"sptinc_p0p50_999_j_QA
Pre-tax national income 
Bottom 50% | share | all ages | equal split
",p0p50,1986,0.095,1.0,QAT,MENA
Qatar,"sptinc_p0p50_999_j_QA
Pre-tax national income 
Bottom 50% | share | all ages | equal split
",p0p50,1987,0.095,1.0,QAT,MENA
Qatar,"sptinc_p0p50_999_j_QA
Pre-tax national income 
Bottom 50% | share | all ages | equal split
",p0p50,1988,0.095,1.0,QAT,MENA
Qatar,"sptinc_p0p50_999_j_QA
Pre-tax national income 
Bottom 50% | share | all ages | equal split
",p0p50,1989,0.095,1.0,QAT,MENA
Qatar,"sptinc_p0p50_999_j_QA
Pre-tax national income 
Bottom 50% | share | all ages | equal split
",p0p50,1990,0.095,1.0,QAT,MENA
Qatar,"sptinc_p0p50_999_j_QA
Pre-tax national income 
Bottom 50% | share | all ages | equal split
",p0p50,1991,0.095,1.0,QAT,MENA
Qatar,"sptinc_p0p50_999_j_QA
Pre-tax national income 
Bottom 50% | share | all ages | equal split
",p0p50,1992,0.095,1.0,QAT,MENA
Qatar,"sptinc_p0p50_999_j_QA
Pre-tax national income 
Bottom 50% | share | all ages | equal split
",p0p50,1993,0.095,1.0,QAT,MENA
Qatar,"sptinc_p0p50_999_j_QA
Pre-tax national income 
Bottom 50% | share | all ages | equal split
",p0p50,1994,0.095,1.0,QAT,MENA
Qatar,"sptinc_p0p50_999_j_QA
Pre-tax national income 
Bottom 50% | share | all ages | equal split
",p0p50,1995,0.095,1.0,QAT,MENA
Qatar,"sptinc_p0p50_999_j_QA
Pre-tax national income 
Bottom 50% | share | all ages | equal split
",p0p50,1996,0.095,1.0,QAT,MENA
Qatar,"sptinc_p0p50_999_j_QA
Pre-tax national income 
Bottom 50% | share | all ages | equal split
",p0p50,1997,0.095,1.0,QAT,MENA
Qatar,"sptinc_p0p50_999_j_QA
Pre-tax national income 
Bottom 50% | share | all ages | equal split
",p0p50,1998,0.095,1.0,QAT,MENA
Qatar,"sptinc_p0p50_999_j_QA
Pre-tax national income 
Bottom 50% | share | all ages | equal split
",p0p50,1999,0.095,1.0,QAT,MENA
Qatar,"sptinc_p0p50_999_j_QA
Pre-tax national income 
Bottom 50% | share | all ages | equal split
",p0p50,2000,0.095,1.0,QAT,MENA
Qatar,"sptinc_p0p50_999_j_QA
Pre-tax national income 
Bottom 50% | share | all ages | equal split
",p0p50,2001,0.095,1.0,QAT,MENA
Qatar,"sptinc_p0p50_999_j_QA
Pre-tax national income 
Bottom 50% | share | all ages | equal split
",p0p50,2002,0.095,1.0,QAT,MENA
Qatar,"sptinc_p0p50_999_j_QA
Pre-tax national income 
Bottom 50% | share | all ages | equal split
",p0p50,2003,0.095,1.0,QAT,MENA
Qatar,"sptinc_p0p50_999_j_QA
Pre-tax national income 
Bottom 50% | share | all ages | equal split
",p0p50,2004,0.095,1.0,QAT,MENA
Qatar,"sptinc_p0p50_999_j_QA
Pre-tax national income 
Bottom 50% | share | all ages | equal split
",p0p50,2005,0.095,1.0,QAT,MENA
Qatar,"sptinc_p0p50_999_j_QA
Pre-tax national income 
Bottom 50% | share | all ages | equal split
",p0p50,2006,0.095,1.0,QAT,MENA
Qatar,"sptinc_p0p50_999_j_QA
Pre-tax national income 
Bottom 50% | share | all ages | equal split
",p0p50,2007,0.095,3.0,QAT,MENA
Qatar,"sptinc_p0p50_999_j_QA
Pre-tax national income 
Bottom 50% | share | all ages | equal split
",p0p50,2008,0.0954,2.0,QAT,MENA
Qatar,"sptinc_p0p50_999_j_QA
Pre-tax national income 
Bottom 50% | share | all ages | equal split
",p0p50,2009,0.0958,2.0,QAT,MENA
Qatar,"sptinc_p0p50_999_j_QA
Pre-tax national income 
Bottom 50% | share | all ages | equal split
",p0p50,2010,0.0962,2.0,QAT,MENA
Qatar,"sptinc_p0p50_999_j_QA
Pre-tax national income 
Bottom 50% | share | all ages | equal split
",p0p50,2011,0.0966,2.0,QAT,MENA
Qatar,"sptinc_p0p50_999_j_QA
Pre-tax national income 
Bottom 50% | share | all ages | equal split
",p0p50,2012,0.097,3.0,QAT,MENA
Qatar,"sptinc_p0p50_999_j_QA
Pre-tax national income 
Bottom 50% | share | all ages | equal split
",p0p50,2013,0.097,1.0,QAT,MENA
Qatar,"sptinc_p0p50_999_j_QA
Pre-tax national income 
Bottom 50% | share | all ages | equal split
",p0p50,2014,0.097,1.0,QAT,MENA
Qatar,"sptinc_p0p50_999_j_QA
Pre-tax national income 
Bottom 50% | share | all ages | equal split
",p0p50,2015,0.097,1.0,QAT,MENA
Qatar,"sptinc_p0p50_999_j_QA
Pre-tax national income 
Bottom 50% | share | all ages | equal split
",p0p50,2016,0.097,1.0,QAT,MENA
Qatar,"sptinc_p0p50_999_j_QA
Pre-tax national income 
Bottom 50% | share | all ages | equal split
",p0p50,2017,0.097,1.0,QAT,MENA
Qatar,"sptinc_p0p50_999_j_QA
Pre-tax national income 
Bottom 50% | share | all ages | equal split
",p0p50,2018,0.097,1.0,QAT,MENA
Qatar,"sptinc_p0p50_999_j_QA
Pre-tax national income 
Bottom 50% | share | all ages | equal split
",p0p50,2019,0.097,1.0,QAT,MENA
Qatar,"sptinc_p0p50_999_j_QA
Pre-tax national income 
Bottom 50% | share | all ages | equal split
",p0p50,2020,0.097,1.0,QAT,MENA
Qatar,"sptinc_p0p50_999_j_QA
Pre-tax national income 
Bottom 50% | share | all ages | equal split
",p0p50,2021,0.097,1.0,QAT,MENA
Qatar,"sptinc_p0p50_999_j_QA
Pre-tax national income 
Bottom 50% | share | all ages | equal split
",p0p50,2022,0.097,1.0,QAT,MENA
Qatar,"sptinc_p0p50_999_j_QA
Pre-tax national income 
Bottom 50% | share | all ages | equal split
",p0p50,2023,0.097,1.0,QAT,MENA
Qatar,"sptinc_p0p50_999_j_QA
Pre-tax national income 
Bottom 50% | share | all ages | equal split
",p0p50,2024,0.097,1.0,QAT,MENA
Romania,"sptinc_p0p50_999_j_RO
Pre-tax national income 
Bottom 50% | share | all ages | equal split
",p0p50,1980,0.2709,1.0,ROU,Eastern Europe & FSU
Romania,"sptinc_p0p50_999_j_RO
Pre-tax national income 
Bottom 50% | share | all ages | equal split
",p0p50,1981,0.2709,1.0,ROU,Eastern Europe & FSU
Romania,"sptinc_p0p50_999_j_RO
Pre-tax national income 
Bottom 50% | share | all ages | equal split
",p0p50,1982,0.2709,1.0,ROU,Eastern Europe & FSU
Romania,"sptinc_p0p50_999_j_RO
Pre-tax national income 
Bottom 50% | share | all ages | equal split
",p0p50,1983,0.2709,1.0,ROU,Eastern Europe & FSU
Romania,"sptinc_p0p50_999_j_RO
Pre-tax national income 
Bottom 50% | share | all ages | equal split
",p0p50,1984,0.2709,1.0,ROU,Eastern Europe & FSU
Romania,"sptinc_p0p50_999_j_RO
Pre-tax national income 
Bottom 50% | share | all ages | equal split
",p0p50,1985,0.2709,1.0,ROU,Eastern Europe & FSU
Romania,"sptinc_p0p50_999_j_RO
Pre-tax national income 
Bottom 50% | share | all ages | equal split
",p0p50,1986,0.2709,1.0,ROU,Eastern Europe & FSU
Romania,"sptinc_p0p50_999_j_RO
Pre-tax national income 
Bottom 50% | share | all ages | equal split
",p0p50,1987,0.2709,1.0,ROU,Eastern Europe & FSU
Romania,"sptinc_p0p50_999_j_RO
Pre-tax national income 
Bottom 50% | share | all ages | equal split
",p0p50,1988,0.2709,1.0,ROU,Eastern Europe & FSU
Romania,"sptinc_p0p50_999_j_RO
Pre-tax national income 
Bottom 50% | share | all ages | equal split
",p0p50,1989,0.2709,3.0,ROU,Eastern Europe & FSU
Romania,"sptinc_p0p50_999_j_RO
Pre-tax national income 
Bottom 50% | share | all ages | equal split
",p0p50,1990,0.2623,3.0,ROU,Eastern Europe & FSU
Romania,"sptinc_p0p50_999_j_RO
Pre-tax national income 
Bottom 50% | share | all ages | equal split
",p0p50,1991,0.2561,3.0,ROU,Eastern Europe & FSU
Romania,"sptinc_p0p50_999_j_RO
Pre-tax national income 
Bottom 50% | share | all ages | equal split
",p0p50,1992,0.2481,3.0,ROU,Eastern Europe & FSU
Romania,"sptinc_p0p50_999_j_RO
Pre-tax national income 
Bottom 50% | share | all ages | equal split
",p0p50,1993,0.2394,3.0,ROU,Eastern Europe & FSU
Romania,"sptinc_p0p50_999_j_RO
Pre-tax national income 
Bottom 50% | share | all ages | equal split
",p0p50,1994,0.2304,3.0,ROU,Eastern Europe & FSU
Romania,"sptinc_p0p50_999_j_RO
Pre-tax national income 
Bottom 50% | share | all ages | equal split
",p0p50,1995,0.1958,3.0,ROU,Eastern Europe & FSU
Romania,"sptinc_p0p50_999_j_RO
Pre-tax national income 
Bottom 50% | share | all ages | equal split
",p0p50,1996,0.1999,3.0,ROU,Eastern Europe & FSU
Romania,"sptinc_p0p50_999_j_RO
Pre-tax national income 
Bottom 50% | share | all ages | equal split
",p0p50,1997,0.195,3.0,ROU,Eastern Europe & FSU
Romania,"sptinc_p0p50_999_j_RO
Pre-tax national income 
Bottom 50% | share | all ages | equal split
",p0p50,1998,0.193,3.0,ROU,Eastern Europe & FSU
Romania,"sptinc_p0p50_999_j_RO
Pre-tax national income 
Bottom 50% | share | all ages | equal split
",p0p50,1999,0.198,3.0,ROU,Eastern Europe & FSU
Romania,"sptinc_p0p50_999_j_RO
Pre-tax national income 
Bottom 50% | share | all ages | equal split
",p0p50,2000,0.1978,3.0,ROU,Eastern Europe & FSU
Romania,"sptinc_p0p50_999_j_RO
Pre-tax national income 
Bottom 50% | share | all ages | equal split
",p0p50,2001,0.1959,3.0,ROU,Eastern Europe & FSU
Romania,"sptinc_p0p50_999_j_RO
Pre-tax national income 
Bottom 50% | share | all ages | equal split
",p0p50,2002,0.186,3.0,ROU,Eastern Europe & FSU
Romania,"sptinc_p0p50_999_j_RO
Pre-tax national income 
Bottom 50% | share | all ages | equal split
",p0p50,2003,0.1697,3.0,ROU,Eastern Europe & FSU
Romania,"sptinc_p0p50_999_j_RO
Pre-tax national income 
Bottom 50% | share | all ages | equal split
",p0p50,2004,0.1712,3.0,ROU,Eastern Europe & FSU
Romania,"sptinc_p0p50_999_j_RO
Pre-tax national income 
Bottom 50% | share | all ages | equal split
",p0p50,2005,0.1647,3.0,ROU,Eastern Europe & FSU
Romania,"sptinc_p0p50_999_j_RO
Pre-tax national income 
Bottom 50% | share | all ages | equal split
",p0p50,2006,0.1635,3.0,ROU,Eastern Europe & FSU
Romania,"sptinc_p0p50_999_j_RO
Pre-tax national income 
Bottom 50% | share | all ages | equal split
",p0p50,2007,0.1466,3.0,ROU,Eastern Europe & FSU
Romania,"sptinc_p0p50_999_j_RO
Pre-tax national income 
Bottom 50% | share | all ages | equal split
",p0p50,2008,0.1508,3.0,ROU,Eastern Europe & FSU
Romania,"sptinc_p0p50_999_j_RO
Pre-tax national income 
Bottom 50% | share | all ages | equal split
",p0p50,2009,0.1527,3.0,ROU,Eastern Europe & FSU
Romania,"sptinc_p0p50_999_j_RO
Pre-tax national income 
Bottom 50% | share | all ages | equal split
",p0p50,2010,0.1708,3.0,ROU,Eastern Europe & FSU
Romania,"sptinc_p0p50_999_j_RO
Pre-tax national income 
Bottom 50% | share | all ages | equal split
",p0p50,2011,0.1636,3.0,ROU,Eastern Europe & FSU
Romania,"sptinc_p0p50_999_j_RO
Pre-tax national income 
Bottom 50% | share | all ages | equal split
",p0p50,2012,0.16,3.0,ROU,Eastern Europe & FSU
Romania,"sptinc_p0p50_999_j_RO
Pre-tax national income 
Bottom 50% | share | all ages | equal split
",p0p50,2013,0.1617,3.0,ROU,Eastern Europe & FSU
Romania,"sptinc_p0p50_999_j_RO
Pre-tax national income 
Bottom 50% | share | all ages | equal split
",p0p50,2014,0.1558,3.0,ROU,Eastern Europe & FSU
Romania,"sptinc_p0p50_999_j_RO
Pre-tax national income 
Bottom 50% | share | all ages | equal split
",p0p50,2015,0.1574,3.0,ROU,Eastern Europe & FSU
Romania,"sptinc_p0p50_999_j_RO
Pre-tax national income 
Bottom 50% | share | all ages | equal split
",p0p50,2016,0.1724,3.0,ROU,Eastern Europe & FSU
Romania,"sptinc_p0p50_999_j_RO
Pre-tax national income 
Bottom 50% | share | all ages | equal split
",p0p50,2017,0.1663,3.0,ROU,Eastern Europe & FSU
Romania,"sptinc_p0p50_999_j_RO
Pre-tax national income 
Bottom 50% | share | all ages | equal split
",p0p50,2018,0.152,3.0,ROU,Eastern Europe & FSU
Romania,"sptinc_p0p50_999_j_RO
Pre-tax national income 
Bottom 50% | share | all ages | equal split
",p0p50,2019,0.1544,3.0,ROU,Eastern Europe & FSU
Romania,"sptinc_p0p50_999_j_RO
Pre-tax national income 
Bottom 50% | share | all ages | equal split
",p0p50,2020,0.1544,3.0,ROU,Eastern Europe & FSU
Romania,"sptinc_p0p50_999_j_RO
Pre-tax national income 
Bottom 50% | share | all ages | equal split
",p0p50,2021,0.1542,3.0,ROU,Eastern Europe & FSU
Romania,"sptinc_p0p50_999_j_RO
Pre-tax national income 
Bottom 50% | share | all ages | equal split
",p0p50,2022,0.1534,3.0,ROU,Eastern Europe & FSU
Romania,"sptinc_p0p50_999_j_RO
Pre-tax national income 
Bottom 50% | share | all ages | equal split
",p0p50,2023,0.1535,3.0,ROU,Eastern Europe & FSU
Romania,"sptinc_p0p50_999_j_RO
Pre-tax national income 
Bottom 50% | share | all ages | equal split
",p0p50,2024,0.1535,1.0,ROU,Eastern Europe & FSU
Russian Federation,"sptinc_p0p50_999_j_RU
Pre-tax national income 
Bottom 50% | share | all ages | equal split
",p0p50,1960,0.2537,2.0,RUS,Eastern Europe & FSU
Russian Federation,"sptinc_p0p50_999_j_RU
Pre-tax national income 
Bottom 50% | share | all ages | equal split
",p0p50,1961,0.2599,3.0,RUS,Eastern Europe & FSU
Russian Federation,"sptinc_p0p50_999_j_RU
Pre-tax national income 
Bottom 50% | share | all ages | equal split
",p0p50,1964,0.2731,3.0,RUS,Eastern Europe & FSU
Russian Federation,"sptinc_p0p50_999_j_RU
Pre-tax national income 
Bottom 50% | share | all ages | equal split
",p0p50,1966,0.2915,3.0,RUS,Eastern Europe & FSU
Russian Federation,"sptinc_p0p50_999_j_RU
Pre-tax national income 
Bottom 50% | share | all ages | equal split
",p0p50,1968,0.3126,3.0,RUS,Eastern Europe & FSU
Russian Federation,"sptinc_p0p50_999_j_RU
Pre-tax national income 
Bottom 50% | share | all ages | equal split
",p0p50,1970,0.2964,2.0,RUS,Eastern Europe & FSU
Russian Federation,"sptinc_p0p50_999_j_RU
Pre-tax national income 
Bottom 50% | share | all ages | equal split
",p0p50,1972,0.3025,3.0,RUS,Eastern Europe & FSU
Russian Federation,"sptinc_p0p50_999_j_RU
Pre-tax national income 
Bottom 50% | share | all ages | equal split
",p0p50,1976,0.3032,3.0,RUS,Eastern Europe & FSU
Russian Federation,"sptinc_p0p50_999_j_RU
Pre-tax national income 
Bottom 50% | share | all ages | equal split
",p0p50,1980,0.2771,3.0,RUS,Eastern Europe & FSU
Russian Federation,"sptinc_p0p50_999_j_RU
Pre-tax national income 
Bottom 50% | share | all ages | equal split
",p0p50,1981,0.2769,2.0,RUS,Eastern Europe & FSU
Russian Federation,"sptinc_p0p50_999_j_RU
Pre-tax national income 
Bottom 50% | share | all ages | equal split
",p0p50,1982,0.2767,2.0,RUS,Eastern Europe & FSU
Russian Federation,"sptinc_p0p50_999_j_RU
Pre-tax national income 
Bottom 50% | share | all ages | equal split
",p0p50,1983,0.2766,2.0,RUS,Eastern Europe & FSU
Russian Federation,"sptinc_p0p50_999_j_RU
Pre-tax national income 
Bottom 50% | share | all ages | equal split
",p0p50,1984,0.2764,2.0,RUS,Eastern Europe & FSU
Russian Federation,"sptinc_p0p50_999_j_RU
Pre-tax national income 
Bottom 50% | share | all ages | equal split
",p0p50,1985,0.2762,3.0,RUS,Eastern Europe & FSU
Russian Federation,"sptinc_p0p50_999_j_RU
Pre-tax national income 
Bottom 50% | share | all ages | equal split
",p0p50,1986,0.2761,2.0,RUS,Eastern Europe & FSU
Russian Federation,"sptinc_p0p50_999_j_RU
Pre-tax national income 
Bottom 50% | share | all ages | equal split
",p0p50,1987,0.2759,2.0,RUS,Eastern Europe & FSU
Russian Federation,"sptinc_p0p50_999_j_RU
Pre-tax national income 
Bottom 50% | share | all ages | equal split
",p0p50,1988,0.2758,2.0,RUS,Eastern Europe & FSU
Russian Federation,"sptinc_p0p50_999_j_RU
Pre-tax national income 
Bottom 50% | share | all ages | equal split
",p0p50,1989,0.2738,2.0,RUS,Eastern Europe & FSU
Russian Federation,"sptinc_p0p50_999_j_RU
Pre-tax national income 
Bottom 50% | share | all ages | equal split
",p0p50,1990,0.2837,2.0,RUS,Eastern Europe & FSU
Russian Federation,"sptinc_p0p50_999_j_RU
Pre-tax national income 
Bottom 50% | share | all ages | equal split
",p0p50,1991,0.2791,2.0,RUS,Eastern Europe & FSU
Russian Federation,"sptinc_p0p50_999_j_RU
Pre-tax national income 
Bottom 50% | share | all ages | equal split
",p0p50,1992,0.2167,2.0,RUS,Eastern Europe & FSU
Russian Federation,"sptinc_p0p50_999_j_RU
Pre-tax national income 
Bottom 50% | share | all ages | equal split
",p0p50,1993,0.203,2.0,RUS,Eastern Europe & FSU
Russian Federation,"sptinc_p0p50_999_j_RU
Pre-tax national income 
Bottom 50% | share | all ages | equal split
",p0p50,1994,0.1553,3.0,RUS,Eastern Europe & FSU
Russian Federation,"sptinc_p0p50_999_j_RU
Pre-tax national income 
Bottom 50% | share | all ages | equal split
",p0p50,1995,0.1417,3.0,RUS,Eastern Europe & FSU
Russian Federation,"sptinc_p0p50_999_j_RU
Pre-tax national income 
Bottom 50% | share | all ages | equal split
",p0p50,1996,0.099,3.0,RUS,Eastern Europe & FSU
Russian Federation,"sptinc_p0p50_999_j_RU
Pre-tax national income 
Bottom 50% | share | all ages | equal split
",p0p50,1997,0.1262,2.0,RUS,Eastern Europe & FSU
Russian Federation,"sptinc_p0p50_999_j_RU
Pre-tax national income 
Bottom 50% | share | all ages | equal split
",p0p50,1998,0.1456,2.0,RUS,Eastern Europe & FSU
Russian Federation,"sptinc_p0p50_999_j_RU
Pre-tax national income 
Bottom 50% | share | all ages | equal split
",p0p50,1999,0.1412,2.0,RUS,Eastern Europe & FSU
Russian Federation,"sptinc_p0p50_999_j_RU
Pre-tax national income 
Bottom 50% | share | all ages | equal split
",p0p50,2000,0.1343,3.0,RUS,Eastern Europe & FSU
Russian Federation,"sptinc_p0p50_999_j_RU
Pre-tax national income 
Bottom 50% | share | all ages | equal split
",p0p50,2001,0.1327,3.0,RUS,Eastern Europe & FSU
Russian Federation,"sptinc_p0p50_999_j_RU
Pre-tax national income 
Bottom 50% | share | all ages | equal split
",p0p50,2002,0.1375,3.0,RUS,Eastern Europe & FSU
Russian Federation,"sptinc_p0p50_999_j_RU
Pre-tax national income 
Bottom 50% | share | all ages | equal split
",p0p50,2003,0.1341,3.0,RUS,Eastern Europe & FSU
Russian Federation,"sptinc_p0p50_999_j_RU
Pre-tax national income 
Bottom 50% | share | all ages | equal split
",p0p50,2004,0.1389,3.0,RUS,Eastern Europe & FSU
Russian Federation,"sptinc_p0p50_999_j_RU
Pre-tax national income 
Bottom 50% | share | all ages | equal split
",p0p50,2005,0.1435,3.0,RUS,Eastern Europe & FSU
Russian Federation,"sptinc_p0p50_999_j_RU
Pre-tax national income 
Bottom 50% | share | all ages | equal split
",p0p50,2006,0.1376,3.0,RUS,Eastern Europe & FSU
Russian Federation,"sptinc_p0p50_999_j_RU
Pre-tax national income 
Bottom 50% | share | all ages | equal split
",p0p50,2007,0.1354,3.0,RUS,Eastern Europe & FSU
Russian Federation,"sptinc_p0p50_999_j_RU
Pre-tax national income 
Bottom 50% | share | all ages | equal split
",p0p50,2008,0.1311,4.0,RUS,Eastern Europe & FSU
Russian Federation,"sptinc_p0p50_999_j_RU
Pre-tax national income 
Bottom 50% | share | all ages | equal split
",p0p50,2009,0.1453,4.0,RUS,Eastern Europe & FSU
Russian Federation,"sptinc_p0p50_999_j_RU
Pre-tax national income 
Bottom 50% | share | all ages | equal split
",p0p50,2010,0.1646,4.0,RUS,Eastern Europe & FSU
Russian Federation,"sptinc_p0p50_999_j_RU
Pre-tax national income 
Bottom 50% | share | all ages | equal split
",p0p50,2011,0.1599,4.0,RUS,Eastern Europe & FSU
Russian Federation,"sptinc_p0p50_999_j_RU
Pre-tax national income 
Bottom 50% | share | all ages | equal split
",p0p50,2012,0.1663,4.0,RUS,Eastern Europe & FSU
Russian Federation,"sptinc_p0p50_999_j_RU
Pre-tax national income 
Bottom 50% | share | all ages | equal split
",p0p50,2013,0.16,4.0,RUS,Eastern Europe & FSU
Russian Federation,"sptinc_p0p50_999_j_RU
Pre-tax national income 
Bottom 50% | share | all ages | equal split
",p0p50,2014,0.1685,4.0,RUS,Eastern Europe & FSU
Russian Federation,"sptinc_p0p50_999_j_RU
Pre-tax national income 
Bottom 50% | share | all ages | equal split
",p0p50,2015,0.1708,4.0,RUS,Eastern Europe & FSU
Russian Federation,"sptinc_p0p50_999_j_RU
Pre-tax national income 
Bottom 50% | share | all ages | equal split
",p0p50,2016,0.1702,4.0,RUS,Eastern Europe & FSU
Russian Federation,"sptinc_p0p50_999_j_RU
Pre-tax national income 
Bottom 50% | share | all ages | equal split
",p0p50,2017,0.1734,4.0,RUS,Eastern Europe & FSU
Russian Federation,"sptinc_p0p50_999_j_RU
Pre-tax national income 
Bottom 50% | share | all ages | equal split
",p0p50,2018,0.1703,4.0,RUS,Eastern Europe & FSU
Russian Federation,"sptinc_p0p50_999_j_RU
Pre-tax national income 
Bottom 50% | share | all ages | equal split
",p0p50,2019,0.1699,4.0,RUS,Eastern Europe & FSU
Russian Federation,"sptinc_p0p50_999_j_RU
Pre-tax national income 
Bottom 50% | share | all ages | equal split
",p0p50,2020,0.1568,4.0,RUS,Eastern Europe & FSU
Russian Federation,"sptinc_p0p50_999_j_RU
Pre-tax national income 
Bottom 50% | share | all ages | equal split
",p0p50,2021,0.1568,1.0,RUS,Eastern Europe & FSU
Russian Federation,"sptinc_p0p50_999_j_RU
Pre-tax national income 
Bottom 50% | share | all ages | equal split
",p0p50,2022,0.1568,1.0,RUS,Eastern Europe & FSU
Russian Federation,"sptinc_p0p50_999_j_RU
Pre-tax national income 
Bottom 50% | share | all ages | equal split
",p0p50,2023,0.1568,1.0,RUS,Eastern Europe & FSU
Russian Federation,"sptinc_p0p50_999_j_RU
Pre-tax national income 
Bottom 50% | share | all ages | equal split
",p0p50,2024,0.1568,1.0,RUS,Eastern Europe & FSU
Rwanda,"sptinc_p0p50_999_j_RW
Pre-tax national income 
Bottom 50% | share | all ages | equal split
",p0p50,1960,0.105,0.0,RWA,Sub-Saharan Africa
Rwanda,"sptinc_p0p50_999_j_RW
Pre-tax national income 
Bottom 50% | share | all ages | equal split
",p0p50,1970,0.1037,0.0,RWA,Sub-Saharan Africa
Rwanda,"sptinc_p0p50_999_j_RW
Pre-tax national income 
Bottom 50% | share | all ages | equal split
",p0p50,1980,0.1013,1.0,RWA,Sub-Saharan Africa
Rwanda,"sptinc_p0p50_999_j_RW
Pre-tax national income 
Bottom 50% | share | all ages | equal split
",p0p50,1981,0.1013,1.0,RWA,Sub-Saharan Africa
Rwanda,"sptinc_p0p50_999_j_RW
Pre-tax national income 
Bottom 50% | share | all ages | equal split
",p0p50,1982,0.1013,1.0,RWA,Sub-Saharan Africa
Rwanda,"sptinc_p0p50_999_j_RW
Pre-tax national income 
Bottom 50% | share | all ages | equal split
",p0p50,1983,0.1013,1.0,RWA,Sub-Saharan Africa
Rwanda,"sptinc_p0p50_999_j_RW
Pre-tax national income 
Bottom 50% | share | all ages | equal split
",p0p50,1984,0.1013,1.0,RWA,Sub-Saharan Africa
Rwanda,"sptinc_p0p50_999_j_RW
Pre-tax national income 
Bottom 50% | share | all ages | equal split
",p0p50,1985,0.1013,1.0,RWA,Sub-Saharan Africa
Rwanda,"sptinc_p0p50_999_j_RW
Pre-tax national income 
Bottom 50% | share | all ages | equal split
",p0p50,1986,0.1013,1.0,RWA,Sub-Saharan Africa
Rwanda,"sptinc_p0p50_999_j_RW
Pre-tax national income 
Bottom 50% | share | all ages | equal split
",p0p50,1987,0.1013,1.0,RWA,Sub-Saharan Africa
Rwanda,"sptinc_p0p50_999_j_RW
Pre-tax national income 
Bottom 50% | share | all ages | equal split
",p0p50,1988,0.1013,1.0,RWA,Sub-Saharan Africa
Rwanda,"sptinc_p0p50_999_j_RW
Pre-tax national income 
Bottom 50% | share | all ages | equal split
",p0p50,1989,0.1013,1.0,RWA,Sub-Saharan Africa
Rwanda,"sptinc_p0p50_999_j_RW
Pre-tax national income 
Bottom 50% | share | all ages | equal split
",p0p50,1990,0.1013,1.0,RWA,Sub-Saharan Africa
Rwanda,"sptinc_p0p50_999_j_RW
Pre-tax national income 
Bottom 50% | share | all ages | equal split
",p0p50,1991,0.1013,1.0,RWA,Sub-Saharan Africa
Rwanda,"sptinc_p0p50_999_j_RW
Pre-tax national income 
Bottom 50% | share | all ages | equal split
",p0p50,1992,0.1013,1.0,RWA,Sub-Saharan Africa
Rwanda,"sptinc_p0p50_999_j_RW
Pre-tax national income 
Bottom 50% | share | all ages | equal split
",p0p50,1993,0.1013,1.0,RWA,Sub-Saharan Africa
Rwanda,"sptinc_p0p50_999_j_RW
Pre-tax national income 
Bottom 50% | share | all ages | equal split
",p0p50,1994,0.1013,1.0,RWA,Sub-Saharan Africa
Rwanda,"sptinc_p0p50_999_j_RW
Pre-tax national income 
Bottom 50% | share | all ages | equal split
",p0p50,1995,0.1013,1.0,RWA,Sub-Saharan Africa
Rwanda,"sptinc_p0p50_999_j_RW
Pre-tax national income 
Bottom 50% | share | all ages | equal split
",p0p50,1996,0.1013,1.0,RWA,Sub-Saharan Africa
Rwanda,"sptinc_p0p50_999_j_RW
Pre-tax national income 
Bottom 50% | share | all ages | equal split
",p0p50,1997,0.1013,1.0,RWA,Sub-Saharan Africa
Rwanda,"sptinc_p0p50_999_j_RW
Pre-tax national income 
Bottom 50% | share | all ages | equal split
",p0p50,1998,0.1013,1.0,RWA,Sub-Saharan Africa
Rwanda,"sptinc_p0p50_999_j_RW
Pre-tax national income 
Bottom 50% | share | all ages | equal split
",p0p50,1999,0.1013,1.0,RWA,Sub-Saharan Africa
Rwanda,"sptinc_p0p50_999_j_RW
Pre-tax national income 
Bottom 50% | share | all ages | equal split
",p0p50,2000,0.1013,3.0,RWA,Sub-Saharan Africa
Rwanda,"sptinc_p0p50_999_j_RW
Pre-tax national income 
Bottom 50% | share | all ages | equal split
",p0p50,2001,0.0991,2.0,RWA,Sub-Saharan Africa
Rwanda,"sptinc_p0p50_999_j_RW
Pre-tax national income 
Bottom 50% | share | all ages | equal split
",p0p50,2002,0.0968,2.0,RWA,Sub-Saharan Africa
Rwanda,"sptinc_p0p50_999_j_RW
Pre-tax national income 
Bottom 50% | share | all ages | equal split
",p0p50,2003,0.0946,2.0,RWA,Sub-Saharan Africa
Rwanda,"sptinc_p0p50_999_j_RW
Pre-tax national income 
Bottom 50% | share | all ages | equal split
",p0p50,2004,0.0923,2.0,RWA,Sub-Saharan Africa
Rwanda,"sptinc_p0p50_999_j_RW
Pre-tax national income 
Bottom 50% | share | all ages | equal split
",p0p50,2005,0.0901,3.0,RWA,Sub-Saharan Africa
Rwanda,"sptinc_p0p50_999_j_RW
Pre-tax national income 
Bottom 50% | share | all ages | equal split
",p0p50,2006,0.0931,2.0,RWA,Sub-Saharan Africa
Rwanda,"sptinc_p0p50_999_j_RW
Pre-tax national income 
Bottom 50% | share | all ages | equal split
",p0p50,2007,0.0961,2.0,RWA,Sub-Saharan Africa
Rwanda,"sptinc_p0p50_999_j_RW
Pre-tax national income 
Bottom 50% | share | all ages | equal split
",p0p50,2008,0.0991,2.0,RWA,Sub-Saharan Africa
Rwanda,"sptinc_p0p50_999_j_RW
Pre-tax national income 
Bottom 50% | share | all ages | equal split
",p0p50,2009,0.1021,2.0,RWA,Sub-Saharan Africa
Rwanda,"sptinc_p0p50_999_j_RW
Pre-tax national income 
Bottom 50% | share | all ages | equal split
",p0p50,2010,0.1051,3.0,RWA,Sub-Saharan Africa
Rwanda,"sptinc_p0p50_999_j_RW
Pre-tax national income 
Bottom 50% | share | all ages | equal split
",p0p50,2011,0.1078,2.0,RWA,Sub-Saharan Africa
Rwanda,"sptinc_p0p50_999_j_RW
Pre-tax national income 
Bottom 50% | share | all ages | equal split
",p0p50,2012,0.1105,2.0,RWA,Sub-Saharan Africa
Rwanda,"sptinc_p0p50_999_j_RW
Pre-tax national income 
Bottom 50% | share | all ages | equal split
",p0p50,2013,0.1133,3.0,RWA,Sub-Saharan Africa
Rwanda,"sptinc_p0p50_999_j_RW
Pre-tax national income 
Bottom 50% | share | all ages | equal split
",p0p50,2014,0.115,2.0,RWA,Sub-Saharan Africa
Rwanda,"sptinc_p0p50_999_j_RW
Pre-tax national income 
Bottom 50% | share | all ages | equal split
",p0p50,2015,0.1167,2.0,RWA,Sub-Saharan Africa
Rwanda,"sptinc_p0p50_999_j_RW
Pre-tax national income 
Bottom 50% | share | all ages | equal split
",p0p50,2016,0.1184,3.0,RWA,Sub-Saharan Africa
Rwanda,"sptinc_p0p50_999_j_RW
Pre-tax national income 
Bottom 50% | share | all ages | equal split
",p0p50,2017,0.1207,2.0,RWA,Sub-Saharan Africa
Rwanda,"sptinc_p0p50_999_j_RW
Pre-tax national income 
Bottom 50% | share | all ages | equal split
",p0p50,2018,0.1229,2.0,RWA,Sub-Saharan Africa
Rwanda,"sptinc_p0p50_999_j_RW
Pre-tax national income 
Bottom 50% | share | all ages | equal split
",p0p50,2019,0.1252,2.0,RWA,Sub-Saharan Africa
Rwanda,"sptinc_p0p50_999_j_RW
Pre-tax national income 
Bottom 50% | share | all ages | equal split
",p0p50,2020,0.1274,2.0,RWA,Sub-Saharan Africa
Rwanda,"sptinc_p0p50_999_j_RW
Pre-tax national income 
Bottom 50% | share | all ages | equal split
",p0p50,2021,0.1297,2.0,RWA,Sub-Saharan Africa
Rwanda,"sptinc_p0p50_999_j_RW
Pre-tax national income 
Bottom 50% | share | all ages | equal split
",p0p50,2022,0.1319,2.0,RWA,Sub-Saharan Africa
Rwanda,"sptinc_p0p50_999_j_RW
Pre-tax national income 
Bottom 50% | share | all ages | equal split
",p0p50,2023,0.1342,3.0,RWA,Sub-Saharan Africa
Rwanda,"sptinc_p0p50_999_j_RW
Pre-tax national income 
Bottom 50% | share | all ages | equal split
",p0p50,2024,0.1342,1.0,RWA,Sub-Saharan Africa
Senegal,"sptinc_p0p50_999_j_SN
Pre-tax national income 
Bottom 50% | share | all ages | equal split
",p0p50,1980,0.0804,1.0,SEN,Sub-Saharan Africa
Senegal,"sptinc_p0p50_999_j_SN
Pre-tax national income 
Bottom 50% | share | all ages | equal split
",p0p50,1981,0.0804,1.0,SEN,Sub-Saharan Africa
Senegal,"sptinc_p0p50_999_j_SN
Pre-tax national income 
Bottom 50% | share | all ages | equal split
",p0p50,1982,0.0804,1.0,SEN,Sub-Saharan Africa
Senegal,"sptinc_p0p50_999_j_SN
Pre-tax national income 
Bottom 50% | share | all ages | equal split
",p0p50,1983,0.0804,1.0,SEN,Sub-Saharan Africa
Senegal,"sptinc_p0p50_999_j_SN
Pre-tax national income 
Bottom 50% | share | all ages | equal split
",p0p50,1984,0.0804,1.0,SEN,Sub-Saharan Africa
Senegal,"sptinc_p0p50_999_j_SN
Pre-tax national income 
Bottom 50% | share | all ages | equal split
",p0p50,1985,0.0804,1.0,SEN,Sub-Saharan Africa
Senegal,"sptinc_p0p50_999_j_SN
Pre-tax national income 
Bottom 50% | share | all ages | equal split
",p0p50,1986,0.0804,1.0,SEN,Sub-Saharan Africa
Senegal,"sptinc_p0p50_999_j_SN
Pre-tax national income 
Bottom 50% | share | all ages | equal split
",p0p50,1987,0.0804,1.0,SEN,Sub-Saharan Africa
Senegal,"sptinc_p0p50_999_j_SN
Pre-tax national income 
Bottom 50% | share | all ages | equal split
",p0p50,1988,0.0804,1.0,SEN,Sub-Saharan Africa
Senegal,"sptinc_p0p50_999_j_SN
Pre-tax national income 
Bottom 50% | share | all ages | equal split
",p0p50,1989,0.0804,1.0,SEN,Sub-Saharan Africa
Senegal,"sptinc_p0p50_999_j_SN
Pre-tax national income 
Bottom 50% | share | all ages | equal split
",p0p50,1990,0.0804,1.0,SEN,Sub-Saharan Africa
Senegal,"sptinc_p0p50_999_j_SN
Pre-tax national income 
Bottom 50% | share | all ages | equal split
",p0p50,1991,0.0804,3.0,SEN,Sub-Saharan Africa
Senegal,"sptinc_p0p50_999_j_SN
Pre-tax national income 
Bottom 50% | share | all ages | equal split
",p0p50,1992,0.0985,2.0,SEN,Sub-Saharan Africa
Senegal,"sptinc_p0p50_999_j_SN
Pre-tax national income 
Bottom 50% | share | all ages | equal split
",p0p50,1993,0.1166,2.0,SEN,Sub-Saharan Africa
Senegal,"sptinc_p0p50_999_j_SN
Pre-tax national income 
Bottom 50% | share | all ages | equal split
",p0p50,1994,0.1349,3.0,SEN,Sub-Saharan Africa
Senegal,"sptinc_p0p50_999_j_SN
Pre-tax national income 
Bottom 50% | share | all ages | equal split
",p0p50,1995,0.1336,2.0,SEN,Sub-Saharan Africa
Senegal,"sptinc_p0p50_999_j_SN
Pre-tax national income 
Bottom 50% | share | all ages | equal split
",p0p50,1996,0.1324,2.0,SEN,Sub-Saharan Africa
Senegal,"sptinc_p0p50_999_j_SN
Pre-tax national income 
Bottom 50% | share | all ages | equal split
",p0p50,1997,0.1312,2.0,SEN,Sub-Saharan Africa
Senegal,"sptinc_p0p50_999_j_SN
Pre-tax national income 
Bottom 50% | share | all ages | equal split
",p0p50,1998,0.13,2.0,SEN,Sub-Saharan Africa
Senegal,"sptinc_p0p50_999_j_SN
Pre-tax national income 
Bottom 50% | share | all ages | equal split
",p0p50,1999,0.1288,2.0,SEN,Sub-Saharan Africa
Senegal,"sptinc_p0p50_999_j_SN
Pre-tax national income 
Bottom 50% | share | all ages | equal split
",p0p50,2000,0.1276,2.0,SEN,Sub-Saharan Africa
Senegal,"sptinc_p0p50_999_j_SN
Pre-tax national income 
Bottom 50% | share | all ages | equal split
",p0p50,2001,0.1264,3.0,SEN,Sub-Saharan Africa
Senegal,"sptinc_p0p50_999_j_SN
Pre-tax national income 
Bottom 50% | share | all ages | equal split
",p0p50,2002,0.1292,2.0,SEN,Sub-Saharan Africa
Senegal,"sptinc_p0p50_999_j_SN
Pre-tax national income 
Bottom 50% | share | all ages | equal split
",p0p50,2003,0.132,2.0,SEN,Sub-Saharan Africa
Senegal,"sptinc_p0p50_999_j_SN
Pre-tax national income 
Bottom 50% | share | all ages | equal split
",p0p50,2004,0.1347,2.0,SEN,Sub-Saharan Africa
Senegal,"sptinc_p0p50_999_j_SN
Pre-tax national income 
Bottom 50% | share | all ages | equal split
",p0p50,2005,0.1375,3.0,SEN,Sub-Saharan Africa
Senegal,"sptinc_p0p50_999_j_SN
Pre-tax national income 
Bottom 50% | share | all ages | equal split
",p0p50,2006,0.1369,2.0,SEN,Sub-Saharan Africa
Senegal,"sptinc_p0p50_999_j_SN
Pre-tax national income 
Bottom 50% | share | all ages | equal split
",p0p50,2007,0.1363,2.0,SEN,Sub-Saharan Africa
Senegal,"sptinc_p0p50_999_j_SN
Pre-tax national income 
Bottom 50% | share | all ages | equal split
",p0p50,2008,0.1357,2.0,SEN,Sub-Saharan Africa
Senegal,"sptinc_p0p50_999_j_SN
Pre-tax national income 
Bottom 50% | share | all ages | equal split
",p0p50,2009,0.135,2.0,SEN,Sub-Saharan Africa
Senegal,"sptinc_p0p50_999_j_SN
Pre-tax national income 
Bottom 50% | share | all ages | equal split
",p0p50,2010,0.1344,2.0,SEN,Sub-Saharan Africa
Senegal,"sptinc_p0p50_999_j_SN
Pre-tax national income 
Bottom 50% | share | all ages | equal split
",p0p50,2011,0.1338,3.0,SEN,Sub-Saharan Africa
Senegal,"sptinc_p0p50_999_j_SN
Pre-tax national income 
Bottom 50% | share | all ages | equal split
",p0p50,2012,0.1345,2.0,SEN,Sub-Saharan Africa
Senegal,"sptinc_p0p50_999_j_SN
Pre-tax national income 
Bottom 50% | share | all ages | equal split
",p0p50,2013,0.1352,2.0,SEN,Sub-Saharan Africa
Senegal,"sptinc_p0p50_999_j_SN
Pre-tax national income 
Bottom 50% | share | all ages | equal split
",p0p50,2014,0.1359,2.0,SEN,Sub-Saharan Africa
Senegal,"sptinc_p0p50_999_j_SN
Pre-tax national income 
Bottom 50% | share | all ages | equal split
",p0p50,2015,0.1366,2.0,SEN,Sub-Saharan Africa
Senegal,"sptinc_p0p50_999_j_SN
Pre-tax national income 
Bottom 50% | share | all ages | equal split
",p0p50,2016,0.1373,2.0,SEN,Sub-Saharan Africa
Senegal,"sptinc_p0p50_999_j_SN
Pre-tax national income 
Bottom 50% | share | all ages | equal split
",p0p50,2017,0.1381,2.0,SEN,Sub-Saharan Africa
Senegal,"sptinc_p0p50_999_j_SN
Pre-tax national income 
Bottom 50% | share | all ages | equal split
",p0p50,2018,0.1388,3.0,SEN,Sub-Saharan Africa
Senegal,"sptinc_p0p50_999_j_SN
Pre-tax national income 
Bottom 50% | share | all ages | equal split
",p0p50,2019,0.1426,2.0,SEN,Sub-Saharan Africa
Senegal,"sptinc_p0p50_999_j_SN
Pre-tax national income 
Bottom 50% | share | all ages | equal split
",p0p50,2020,0.1464,2.0,SEN,Sub-Saharan Africa
Senegal,"sptinc_p0p50_999_j_SN
Pre-tax national income 
Bottom 50% | share | all ages | equal split
",p0p50,2021,0.1501,3.0,SEN,Sub-Saharan Africa
Senegal,"sptinc_p0p50_999_j_SN
Pre-tax national income 
Bottom 50% | share | all ages | equal split
",p0p50,2022,0.1501,1.0,SEN,Sub-Saharan Africa
Senegal,"sptinc_p0p50_999_j_SN
Pre-tax national income 
Bottom 50% | share | all ages | equal split
",p0p50,2023,0.1501,1.0,SEN,Sub-Saharan Africa
Senegal,"sptinc_p0p50_999_j_SN
Pre-tax national income 
Bottom 50% | share | all ages | equal split
",p0p50,2024,0.1501,1.0,SEN,Sub-Saharan Africa
Sierra Leone,"sptinc_p0p50_999_j_SL
Pre-tax national income 
Bottom 50% | share | all ages | equal split
",p0p50,1980,0.1331,1.0,SLE,Sub-Saharan Africa
Sierra Leone,"sptinc_p0p50_999_j_SL
Pre-tax national income 
Bottom 50% | share | all ages | equal split
",p0p50,1981,0.1331,1.0,SLE,Sub-Saharan Africa
Sierra Leone,"sptinc_p0p50_999_j_SL
Pre-tax national income 
Bottom 50% | share | all ages | equal split
",p0p50,1982,0.1331,1.0,SLE,Sub-Saharan Africa
Sierra Leone,"sptinc_p0p50_999_j_SL
Pre-tax national income 
Bottom 50% | share | all ages | equal split
",p0p50,1983,0.1331,1.0,SLE,Sub-Saharan Africa
Sierra Leone,"sptinc_p0p50_999_j_SL
Pre-tax national income 
Bottom 50% | share | all ages | equal split
",p0p50,1984,0.1331,1.0,SLE,Sub-Saharan Africa
Sierra Leone,"sptinc_p0p50_999_j_SL
Pre-tax national income 
Bottom 50% | share | all ages | equal split
",p0p50,1985,0.1331,1.0,SLE,Sub-Saharan Africa
Sierra Leone,"sptinc_p0p50_999_j_SL
Pre-tax national income 
Bottom 50% | share | all ages | equal split
",p0p50,1986,0.1331,1.0,SLE,Sub-Saharan Africa
Sierra Leone,"sptinc_p0p50_999_j_SL
Pre-tax national income 
Bottom 50% | share | all ages | equal split
",p0p50,1987,0.1331,1.0,SLE,Sub-Saharan Africa
Sierra Leone,"sptinc_p0p50_999_j_SL
Pre-tax national income 
Bottom 50% | share | all ages | equal split
",p0p50,1988,0.1331,1.0,SLE,Sub-Saharan Africa
Sierra Leone,"sptinc_p0p50_999_j_SL
Pre-tax national income 
Bottom 50% | share | all ages | equal split
",p0p50,1989,0.1331,1.0,SLE,Sub-Saharan Africa
Sierra Leone,"sptinc_p0p50_999_j_SL
Pre-tax national income 
Bottom 50% | share | all ages | equal split
",p0p50,1990,0.1331,1.0,SLE,Sub-Saharan Africa
Sierra Leone,"sptinc_p0p50_999_j_SL
Pre-tax national income 
Bottom 50% | share | all ages | equal split
",p0p50,1991,0.1331,1.0,SLE,Sub-Saharan Africa
Sierra Leone,"sptinc_p0p50_999_j_SL
Pre-tax national income 
Bottom 50% | share | all ages | equal split
",p0p50,1992,0.1331,1.0,SLE,Sub-Saharan Africa
Sierra Leone,"sptinc_p0p50_999_j_SL
Pre-tax national income 
Bottom 50% | share | all ages | equal split
",p0p50,1993,0.1331,1.0,SLE,Sub-Saharan Africa
Sierra Leone,"sptinc_p0p50_999_j_SL
Pre-tax national income 
Bottom 50% | share | all ages | equal split
",p0p50,1994,0.1331,1.0,SLE,Sub-Saharan Africa
Sierra Leone,"sptinc_p0p50_999_j_SL
Pre-tax national income 
Bottom 50% | share | all ages | equal split
",p0p50,1995,0.1331,1.0,SLE,Sub-Saharan Africa
Sierra Leone,"sptinc_p0p50_999_j_SL
Pre-tax national income 
Bottom 50% | share | all ages | equal split
",p0p50,1996,0.1331,1.0,SLE,Sub-Saharan Africa
Sierra Leone,"sptinc_p0p50_999_j_SL
Pre-tax national income 
Bottom 50% | share | all ages | equal split
",p0p50,1997,0.1331,1.0,SLE,Sub-Saharan Africa
Sierra Leone,"sptinc_p0p50_999_j_SL
Pre-tax national income 
Bottom 50% | share | all ages | equal split
",p0p50,1998,0.1331,1.0,SLE,Sub-Saharan Africa
Sierra Leone,"sptinc_p0p50_999_j_SL
Pre-tax national income 
Bottom 50% | share | all ages | equal split
",p0p50,1999,0.1331,1.0,SLE,Sub-Saharan Africa
Sierra Leone,"sptinc_p0p50_999_j_SL
Pre-tax national income 
Bottom 50% | share | all ages | equal split
",p0p50,2000,0.1331,1.0,SLE,Sub-Saharan Africa
Sierra Leone,"sptinc_p0p50_999_j_SL
Pre-tax national income 
Bottom 50% | share | all ages | equal split
",p0p50,2001,0.1331,1.0,SLE,Sub-Saharan Africa
Sierra Leone,"sptinc_p0p50_999_j_SL
Pre-tax national income 
Bottom 50% | share | all ages | equal split
",p0p50,2002,0.1331,1.0,SLE,Sub-Saharan Africa
Sierra Leone,"sptinc_p0p50_999_j_SL
Pre-tax national income 
Bottom 50% | share | all ages | equal split
",p0p50,2003,0.1331,1.0,SLE,Sub-Saharan Africa
Sierra Leone,"sptinc_p0p50_999_j_SL
Pre-tax national income 
Bottom 50% | share | all ages | equal split
",p0p50,2004,0.1364,1.0,SLE,Sub-Saharan Africa
Sierra Leone,"sptinc_p0p50_999_j_SL
Pre-tax national income 
Bottom 50% | share | all ages | equal split
",p0p50,2005,0.1396,1.0,SLE,Sub-Saharan Africa
Sierra Leone,"sptinc_p0p50_999_j_SL
Pre-tax national income 
Bottom 50% | share | all ages | equal split
",p0p50,2006,0.1429,1.0,SLE,Sub-Saharan Africa
Sierra Leone,"sptinc_p0p50_999_j_SL
Pre-tax national income 
Bottom 50% | share | all ages | equal split
",p0p50,2007,0.1461,1.0,SLE,Sub-Saharan Africa
Sierra Leone,"sptinc_p0p50_999_j_SL
Pre-tax national income 
Bottom 50% | share | all ages | equal split
",p0p50,2008,0.1494,1.0,SLE,Sub-Saharan Africa
Sierra Leone,"sptinc_p0p50_999_j_SL
Pre-tax national income 
Bottom 50% | share | all ages | equal split
",p0p50,2009,0.1526,1.0,SLE,Sub-Saharan Africa
Sierra Leone,"sptinc_p0p50_999_j_SL
Pre-tax national income 
Bottom 50% | share | all ages | equal split
",p0p50,2010,0.1559,1.0,SLE,Sub-Saharan Africa
Sierra Leone,"sptinc_p0p50_999_j_SL
Pre-tax national income 
Bottom 50% | share | all ages | equal split
",p0p50,2011,0.1592,3.0,SLE,Sub-Saharan Africa
Sierra Leone,"sptinc_p0p50_999_j_SL
Pre-tax national income 
Bottom 50% | share | all ages | equal split
",p0p50,2012,0.1578,2.0,SLE,Sub-Saharan Africa
Sierra Leone,"sptinc_p0p50_999_j_SL
Pre-tax national income 
Bottom 50% | share | all ages | equal split
",p0p50,2013,0.1565,2.0,SLE,Sub-Saharan Africa
Sierra Leone,"sptinc_p0p50_999_j_SL
Pre-tax national income 
Bottom 50% | share | all ages | equal split
",p0p50,2014,0.1552,2.0,SLE,Sub-Saharan Africa
Sierra Leone,"sptinc_p0p50_999_j_SL
Pre-tax national income 
Bottom 50% | share | all ages | equal split
",p0p50,2015,0.1539,2.0,SLE,Sub-Saharan Africa
Sierra Leone,"sptinc_p0p50_999_j_SL
Pre-tax national income 
Bottom 50% | share | all ages | equal split
",p0p50,2016,0.1526,2.0,SLE,Sub-Saharan Africa
Sierra Leone,"sptinc_p0p50_999_j_SL
Pre-tax national income 
Bottom 50% | share | all ages | equal split
",p0p50,2017,0.1513,2.0,SLE,Sub-Saharan Africa
Sierra Leone,"sptinc_p0p50_999_j_SL
Pre-tax national income 
Bottom 50% | share | all ages | equal split
",p0p50,2018,0.1499,2.0,SLE,Sub-Saharan Africa
Sierra Leone,"sptinc_p0p50_999_j_SL
Pre-tax national income 
Bottom 50% | share | all ages | equal split
",p0p50,2019,0.1499,2.0,SLE,Sub-Saharan Africa
Sierra Leone,"sptinc_p0p50_999_j_SL
Pre-tax national income 
Bottom 50% | share | all ages | equal split
",p0p50,2020,0.1499,2.0,SLE,Sub-Saharan Africa
Sierra Leone,"sptinc_p0p50_999_j_SL
Pre-tax national income 
Bottom 50% | share | all ages | equal split
",p0p50,2021,0.1499,2.0,SLE,Sub-Saharan Africa
Sierra Leone,"sptinc_p0p50_999_j_SL
Pre-tax national income 
Bottom 50% | share | all ages | equal split
",p0p50,2022,0.1499,2.0,SLE,Sub-Saharan Africa
Sierra Leone,"sptinc_p0p50_999_j_SL
Pre-tax national income 
Bottom 50% | share | all ages | equal split
",p0p50,2023,0.1499,2.0,SLE,Sub-Saharan Africa
Sierra Leone,"sptinc_p0p50_999_j_SL
Pre-tax national income 
Bottom 50% | share | all ages | equal split
",p0p50,2024,0.1499,2.0,SLE,Sub-Saharan Africa
Singapore,"sptinc_p0p50_999_j_SG
Pre-tax national income 
Bottom 50% | share | all ages | equal split
",p0p50,1960,0.2488,3.0,SGP,Southeast Asia
Singapore,"sptinc_p0p50_999_j_SG
Pre-tax national income 
Bottom 50% | share | all ages | equal split
",p0p50,1961,0.249,3.0,SGP,Southeast Asia
Singapore,"sptinc_p0p50_999_j_SG
Pre-tax national income 
Bottom 50% | share | all ages | equal split
",p0p50,1962,0.2497,3.0,SGP,Southeast Asia
Singapore,"sptinc_p0p50_999_j_SG
Pre-tax national income 
Bottom 50% | share | all ages | equal split
",p0p50,1963,0.2487,3.0,SGP,Southeast Asia
Singapore,"sptinc_p0p50_999_j_SG
Pre-tax national income 
Bottom 50% | share | all ages | equal split
",p0p50,1964,0.2486,3.0,SGP,Southeast Asia
Singapore,"sptinc_p0p50_999_j_SG
Pre-tax national income 
Bottom 50% | share | all ages | equal split
",p0p50,1965,0.2494,3.0,SGP,Southeast Asia
Singapore,"sptinc_p0p50_999_j_SG
Pre-tax national income 
Bottom 50% | share | all ages | equal split
",p0p50,1966,0.2494,3.0,SGP,Southeast Asia
Singapore,"sptinc_p0p50_999_j_SG
Pre-tax national income 
Bottom 50% | share | all ages | equal split
",p0p50,1967,0.2497,3.0,SGP,Southeast Asia
Singapore,"sptinc_p0p50_999_j_SG
Pre-tax national income 
Bottom 50% | share | all ages | equal split
",p0p50,1968,0.2493,3.0,SGP,Southeast Asia
Singapore,"sptinc_p0p50_999_j_SG
Pre-tax national income 
Bottom 50% | share | all ages | equal split
",p0p50,1969,0.2257,4.0,SGP,Southeast Asia
Singapore,"sptinc_p0p50_999_j_SG
Pre-tax national income 
Bottom 50% | share | all ages | equal split
",p0p50,1970,0.2193,4.0,SGP,Southeast Asia
Singapore,"sptinc_p0p50_999_j_SG
Pre-tax national income 
Bottom 50% | share | all ages | equal split
",p0p50,1971,0.2208,4.0,SGP,Southeast Asia
Singapore,"sptinc_p0p50_999_j_SG
Pre-tax national income 
Bottom 50% | share | all ages | equal split
",p0p50,1972,0.2155,4.0,SGP,Southeast Asia
Singapore,"sptinc_p0p50_999_j_SG
Pre-tax national income 
Bottom 50% | share | all ages | equal split
",p0p50,1973,0.2175,4.0,SGP,Southeast Asia
Singapore,"sptinc_p0p50_999_j_SG
Pre-tax national income 
Bottom 50% | share | all ages | equal split
",p0p50,1974,0.2178,4.0,SGP,Southeast Asia
Singapore,"sptinc_p0p50_999_j_SG
Pre-tax national income 
Bottom 50% | share | all ages | equal split
",p0p50,1975,0.2141,4.0,SGP,Southeast Asia
Singapore,"sptinc_p0p50_999_j_SG
Pre-tax national income 
Bottom 50% | share | all ages | equal split
",p0p50,1976,0.2145,4.0,SGP,Southeast Asia
Singapore,"sptinc_p0p50_999_j_SG
Pre-tax national income 
Bottom 50% | share | all ages | equal split
",p0p50,1977,0.2187,4.0,SGP,Southeast Asia
Singapore,"sptinc_p0p50_999_j_SG
Pre-tax national income 
Bottom 50% | share | all ages | equal split
",p0p50,1978,0.2131,4.0,SGP,Southeast Asia
Singapore,"sptinc_p0p50_999_j_SG
Pre-tax national income 
Bottom 50% | share | all ages | equal split
",p0p50,1979,0.2027,4.0,SGP,Southeast Asia
Singapore,"sptinc_p0p50_999_j_SG
Pre-tax national income 
Bottom 50% | share | all ages | equal split
",p0p50,1980,0.2114,4.0,SGP,Southeast Asia
Singapore,"sptinc_p0p50_999_j_SG
Pre-tax national income 
Bottom 50% | share | all ages | equal split
",p0p50,1981,0.2112,4.0,SGP,Southeast Asia
Singapore,"sptinc_p0p50_999_j_SG
Pre-tax national income 
Bottom 50% | share | all ages | equal split
",p0p50,1982,0.207,4.0,SGP,Southeast Asia
Singapore,"sptinc_p0p50_999_j_SG
Pre-tax national income 
Bottom 50% | share | all ages | equal split
",p0p50,1983,0.211,4.0,SGP,Southeast Asia
Singapore,"sptinc_p0p50_999_j_SG
Pre-tax national income 
Bottom 50% | share | all ages | equal split
",p0p50,1984,0.2132,4.0,SGP,Southeast Asia
Singapore,"sptinc_p0p50_999_j_SG
Pre-tax national income 
Bottom 50% | share | all ages | equal split
",p0p50,1985,0.2046,4.0,SGP,Southeast Asia
Singapore,"sptinc_p0p50_999_j_SG
Pre-tax national income 
Bottom 50% | share | all ages | equal split
",p0p50,1986,0.2073,4.0,SGP,Southeast Asia
Singapore,"sptinc_p0p50_999_j_SG
Pre-tax national income 
Bottom 50% | share | all ages | equal split
",p0p50,1987,0.1977,4.0,SGP,Southeast Asia
Singapore,"sptinc_p0p50_999_j_SG
Pre-tax national income 
Bottom 50% | share | all ages | equal split
",p0p50,1988,0.2052,4.0,SGP,Southeast Asia
Singapore,"sptinc_p0p50_999_j_SG
Pre-tax national income 
Bottom 50% | share | all ages | equal split
",p0p50,1989,0.2031,4.0,SGP,Southeast Asia
Singapore,"sptinc_p0p50_999_j_SG
Pre-tax national income 
Bottom 50% | share | all ages | equal split
",p0p50,1990,0.2013,4.0,SGP,Southeast Asia
Singapore,"sptinc_p0p50_999_j_SG
Pre-tax national income 
Bottom 50% | share | all ages | equal split
",p0p50,1991,0.2093,4.0,SGP,Southeast Asia
Singapore,"sptinc_p0p50_999_j_SG
Pre-tax national income 
Bottom 50% | share | all ages | equal split
",p0p50,1992,0.2112,4.0,SGP,Southeast Asia
Singapore,"sptinc_p0p50_999_j_SG
Pre-tax national income 
Bottom 50% | share | all ages | equal split
",p0p50,1993,0.2113,4.0,SGP,Southeast Asia
Singapore,"sptinc_p0p50_999_j_SG
Pre-tax national income 
Bottom 50% | share | all ages | equal split
",p0p50,1994,0.2203,4.0,SGP,Southeast Asia
Singapore,"sptinc_p0p50_999_j_SG
Pre-tax national income 
Bottom 50% | share | all ages | equal split
",p0p50,1995,0.2205,4.0,SGP,Southeast Asia
Singapore,"sptinc_p0p50_999_j_SG
Pre-tax national income 
Bottom 50% | share | all ages | equal split
",p0p50,1996,0.2051,4.0,SGP,Southeast Asia
Singapore,"sptinc_p0p50_999_j_SG
Pre-tax national income 
Bottom 50% | share | all ages | equal split
",p0p50,1997,0.205,4.0,SGP,Southeast Asia
Singapore,"sptinc_p0p50_999_j_SG
Pre-tax national income 
Bottom 50% | share | all ages | equal split
",p0p50,1998,0.1967,4.0,SGP,Southeast Asia
Singapore,"sptinc_p0p50_999_j_SG
Pre-tax national income 
Bottom 50% | share | all ages | equal split
",p0p50,1999,0.1836,4.0,SGP,Southeast Asia
Singapore,"sptinc_p0p50_999_j_SG
Pre-tax national income 
Bottom 50% | share | all ages | equal split
",p0p50,2000,0.1787,4.0,SGP,Southeast Asia
Singapore,"sptinc_p0p50_999_j_SG
Pre-tax national income 
Bottom 50% | share | all ages | equal split
",p0p50,2001,0.1637,4.0,SGP,Southeast Asia
Singapore,"sptinc_p0p50_999_j_SG
Pre-tax national income 
Bottom 50% | share | all ages | equal split
",p0p50,2002,0.1656,4.0,SGP,Southeast Asia
Singapore,"sptinc_p0p50_999_j_SG
Pre-tax national income 
Bottom 50% | share | all ages | equal split
",p0p50,2003,0.1714,4.0,SGP,Southeast Asia
Singapore,"sptinc_p0p50_999_j_SG
Pre-tax national income 
Bottom 50% | share | all ages | equal split
",p0p50,2004,0.1808,4.0,SGP,Southeast Asia
Singapore,"sptinc_p0p50_999_j_SG
Pre-tax national income 
Bottom 50% | share | all ages | equal split
",p0p50,2005,0.1869,4.0,SGP,Southeast Asia
Singapore,"sptinc_p0p50_999_j_SG
Pre-tax national income 
Bottom 50% | share | all ages | equal split
",p0p50,2006,0.1804,4.0,SGP,Southeast Asia
Singapore,"sptinc_p0p50_999_j_SG
Pre-tax national income 
Bottom 50% | share | all ages | equal split
",p0p50,2007,0.1834,4.0,SGP,Southeast Asia
Singapore,"sptinc_p0p50_999_j_SG
Pre-tax national income 
Bottom 50% | share | all ages | equal split
",p0p50,2008,0.1658,4.0,SGP,Southeast Asia
Singapore,"sptinc_p0p50_999_j_SG
Pre-tax national income 
Bottom 50% | share | all ages | equal split
",p0p50,2009,0.1728,4.0,SGP,Southeast Asia
Singapore,"sptinc_p0p50_999_j_SG
Pre-tax national income 
Bottom 50% | share | all ages | equal split
",p0p50,2010,0.1773,4.0,SGP,Southeast Asia
Singapore,"sptinc_p0p50_999_j_SG
Pre-tax national income 
Bottom 50% | share | all ages | equal split
",p0p50,2011,0.1713,4.0,SGP,Southeast Asia
Singapore,"sptinc_p0p50_999_j_SG
Pre-tax national income 
Bottom 50% | share | all ages | equal split
",p0p50,2012,0.1715,4.0,SGP,Southeast Asia
Singapore,"sptinc_p0p50_999_j_SG
Pre-tax national income 
Bottom 50% | share | all ages | equal split
",p0p50,2013,0.1702,4.0,SGP,Southeast Asia
Singapore,"sptinc_p0p50_999_j_SG
Pre-tax national income 
Bottom 50% | share | all ages | equal split
",p0p50,2014,0.167,4.0,SGP,Southeast Asia
Singapore,"sptinc_p0p50_999_j_SG
Pre-tax national income 
Bottom 50% | share | all ages | equal split
",p0p50,2015,0.1667,1.0,SGP,Southeast Asia
Singapore,"sptinc_p0p50_999_j_SG
Pre-tax national income 
Bottom 50% | share | all ages | equal split
",p0p50,2016,0.1665,1.0,SGP,Southeast Asia
Singapore,"sptinc_p0p50_999_j_SG
Pre-tax national income 
Bottom 50% | share | all ages | equal split
",p0p50,2017,0.1665,1.0,SGP,Southeast Asia
Singapore,"sptinc_p0p50_999_j_SG
Pre-tax national income 
Bottom 50% | share | all ages | equal split
",p0p50,2018,0.1665,1.0,SGP,Southeast Asia
Singapore,"sptinc_p0p50_999_j_SG
Pre-tax national income 
Bottom 50% | share | all ages | equal split
",p0p50,2019,0.1665,1.0,SGP,Southeast Asia
Singapore,"sptinc_p0p50_999_j_SG
Pre-tax national income 
Bottom 50% | share | all ages | equal split
",p0p50,2020,0.1665,1.0,SGP,Southeast Asia
Singapore,"sptinc_p0p50_999_j_SG
Pre-tax national income 
Bottom 50% | share | all ages | equal split
",p0p50,2021,0.1665,1.0,SGP,Southeast Asia
Singapore,"sptinc_p0p50_999_j_SG
Pre-tax national income 
Bottom 50% | share | all ages | equal split
",p0p50,2022,0.1665,1.0,SGP,Southeast Asia
Singapore,"sptinc_p0p50_999_j_SG
Pre-tax national income 
Bottom 50% | share | all ages | equal split
",p0p50,2023,0.1665,1.0,SGP,Southeast Asia
Singapore,"sptinc_p0p50_999_j_SG
Pre-tax national income 
Bottom 50% | share | all ages | equal split
",p0p50,2024,0.1665,1.0,SGP,Southeast Asia
Slovakia,"sptinc_p0p50_999_j_SK
Pre-tax national income 
Bottom 50% | share | all ages | equal split
",p0p50,1980,0.2622,3.0,SVK,Eastern Europe & FSU
Slovakia,"sptinc_p0p50_999_j_SK
Pre-tax national income 
Bottom 50% | share | all ages | equal split
",p0p50,1981,0.26,3.0,SVK,Eastern Europe & FSU
Slovakia,"sptinc_p0p50_999_j_SK
Pre-tax national income 
Bottom 50% | share | all ages | equal split
",p0p50,1982,0.2753,3.0,SVK,Eastern Europe & FSU
Slovakia,"sptinc_p0p50_999_j_SK
Pre-tax national income 
Bottom 50% | share | all ages | equal split
",p0p50,1983,0.2764,3.0,SVK,Eastern Europe & FSU
Slovakia,"sptinc_p0p50_999_j_SK
Pre-tax national income 
Bottom 50% | share | all ages | equal split
",p0p50,1984,0.2772,3.0,SVK,Eastern Europe & FSU
Slovakia,"sptinc_p0p50_999_j_SK
Pre-tax national income 
Bottom 50% | share | all ages | equal split
",p0p50,1985,0.2781,3.0,SVK,Eastern Europe & FSU
Slovakia,"sptinc_p0p50_999_j_SK
Pre-tax national income 
Bottom 50% | share | all ages | equal split
",p0p50,1986,0.2771,3.0,SVK,Eastern Europe & FSU
Slovakia,"sptinc_p0p50_999_j_SK
Pre-tax national income 
Bottom 50% | share | all ages | equal split
",p0p50,1987,0.2756,3.0,SVK,Eastern Europe & FSU
Slovakia,"sptinc_p0p50_999_j_SK
Pre-tax national income 
Bottom 50% | share | all ages | equal split
",p0p50,1988,0.2731,3.0,SVK,Eastern Europe & FSU
Slovakia,"sptinc_p0p50_999_j_SK
Pre-tax national income 
Bottom 50% | share | all ages | equal split
",p0p50,1989,0.2732,3.0,SVK,Eastern Europe & FSU
Slovakia,"sptinc_p0p50_999_j_SK
Pre-tax national income 
Bottom 50% | share | all ages | equal split
",p0p50,1990,0.2734,3.0,SVK,Eastern Europe & FSU
Slovakia,"sptinc_p0p50_999_j_SK
Pre-tax national income 
Bottom 50% | share | all ages | equal split
",p0p50,1991,0.2592,3.0,SVK,Eastern Europe & FSU
Slovakia,"sptinc_p0p50_999_j_SK
Pre-tax national income 
Bottom 50% | share | all ages | equal split
",p0p50,1992,0.2752,3.0,SVK,Eastern Europe & FSU
Slovakia,"sptinc_p0p50_999_j_SK
Pre-tax national income 
Bottom 50% | share | all ages | equal split
",p0p50,1993,0.2657,3.0,SVK,Eastern Europe & FSU
Slovakia,"sptinc_p0p50_999_j_SK
Pre-tax national income 
Bottom 50% | share | all ages | equal split
",p0p50,1994,0.2622,3.0,SVK,Eastern Europe & FSU
Slovakia,"sptinc_p0p50_999_j_SK
Pre-tax national income 
Bottom 50% | share | all ages | equal split
",p0p50,1995,0.2584,3.0,SVK,Eastern Europe & FSU
Slovakia,"sptinc_p0p50_999_j_SK
Pre-tax national income 
Bottom 50% | share | all ages | equal split
",p0p50,1996,0.2563,3.0,SVK,Eastern Europe & FSU
Slovakia,"sptinc_p0p50_999_j_SK
Pre-tax national income 
Bottom 50% | share | all ages | equal split
",p0p50,1997,0.2544,3.0,SVK,Eastern Europe & FSU
Slovakia,"sptinc_p0p50_999_j_SK
Pre-tax national income 
Bottom 50% | share | all ages | equal split
",p0p50,1998,0.2482,3.0,SVK,Eastern Europe & FSU
Slovakia,"sptinc_p0p50_999_j_SK
Pre-tax national income 
Bottom 50% | share | all ages | equal split
",p0p50,1999,0.2455,3.0,SVK,Eastern Europe & FSU
Slovakia,"sptinc_p0p50_999_j_SK
Pre-tax national income 
Bottom 50% | share | all ages | equal split
",p0p50,2000,0.2437,3.0,SVK,Eastern Europe & FSU
Slovakia,"sptinc_p0p50_999_j_SK
Pre-tax national income 
Bottom 50% | share | all ages | equal split
",p0p50,2001,0.237,3.0,SVK,Eastern Europe & FSU
Slovakia,"sptinc_p0p50_999_j_SK
Pre-tax national income 
Bottom 50% | share | all ages | equal split
",p0p50,2002,0.2357,3.0,SVK,Eastern Europe & FSU
Slovakia,"sptinc_p0p50_999_j_SK
Pre-tax national income 
Bottom 50% | share | all ages | equal split
",p0p50,2003,0.2384,3.0,SVK,Eastern Europe & FSU
Slovakia,"sptinc_p0p50_999_j_SK
Pre-tax national income 
Bottom 50% | share | all ages | equal split
",p0p50,2004,0.2233,3.0,SVK,Eastern Europe & FSU
Slovakia,"sptinc_p0p50_999_j_SK
Pre-tax national income 
Bottom 50% | share | all ages | equal split
",p0p50,2005,0.2274,3.0,SVK,Eastern Europe & FSU
Slovakia,"sptinc_p0p50_999_j_SK
Pre-tax national income 
Bottom 50% | share | all ages | equal split
",p0p50,2006,0.2263,3.0,SVK,Eastern Europe & FSU
Slovakia,"sptinc_p0p50_999_j_SK
Pre-tax national income 
Bottom 50% | share | all ages | equal split
",p0p50,2007,0.228,3.0,SVK,Eastern Europe & FSU
Slovakia,"sptinc_p0p50_999_j_SK
Pre-tax national income 
Bottom 50% | share | all ages | equal split
",p0p50,2008,0.2331,3.0,SVK,Eastern Europe & FSU
Slovakia,"sptinc_p0p50_999_j_SK
Pre-tax national income 
Bottom 50% | share | all ages | equal split
",p0p50,2009,0.2397,3.0,SVK,Eastern Europe & FSU
Slovakia,"sptinc_p0p50_999_j_SK
Pre-tax national income 
Bottom 50% | share | all ages | equal split
",p0p50,2010,0.2305,3.0,SVK,Eastern Europe & FSU
Slovakia,"sptinc_p0p50_999_j_SK
Pre-tax national income 
Bottom 50% | share | all ages | equal split
",p0p50,2011,0.2348,3.0,SVK,Eastern Europe & FSU
Slovakia,"sptinc_p0p50_999_j_SK
Pre-tax national income 
Bottom 50% | share | all ages | equal split
",p0p50,2012,0.2388,3.0,SVK,Eastern Europe & FSU
Slovakia,"sptinc_p0p50_999_j_SK
Pre-tax national income 
Bottom 50% | share | all ages | equal split
",p0p50,2013,0.2317,3.0,SVK,Eastern Europe & FSU
Slovakia,"sptinc_p0p50_999_j_SK
Pre-tax national income 
Bottom 50% | share | all ages | equal split
",p0p50,2014,0.246,3.0,SVK,Eastern Europe & FSU
Slovakia,"sptinc_p0p50_999_j_SK
Pre-tax national income 
Bottom 50% | share | all ages | equal split
",p0p50,2015,0.2389,3.0,SVK,Eastern Europe & FSU
Slovakia,"sptinc_p0p50_999_j_SK
Pre-tax national income 
Bottom 50% | share | all ages | equal split
",p0p50,2016,0.2449,3.0,SVK,Eastern Europe & FSU
Slovakia,"sptinc_p0p50_999_j_SK
Pre-tax national income 
Bottom 50% | share | all ages | equal split
",p0p50,2017,0.2495,3.0,SVK,Eastern Europe & FSU
Slovakia,"sptinc_p0p50_999_j_SK
Pre-tax national income 
Bottom 50% | share | all ages | equal split
",p0p50,2018,0.2415,3.0,SVK,Eastern Europe & FSU
Slovakia,"sptinc_p0p50_999_j_SK
Pre-tax national income 
Bottom 50% | share | all ages | equal split
",p0p50,2019,0.2448,3.0,SVK,Eastern Europe & FSU
Slovakia,"sptinc_p0p50_999_j_SK
Pre-tax national income 
Bottom 50% | share | all ages | equal split
",p0p50,2020,0.2448,3.0,SVK,Eastern Europe & FSU
Slovakia,"sptinc_p0p50_999_j_SK
Pre-tax national income 
Bottom 50% | share | all ages | equal split
",p0p50,2021,0.2448,3.0,SVK,Eastern Europe & FSU
Slovakia,"sptinc_p0p50_999_j_SK
Pre-tax national income 
Bottom 50% | share | all ages | equal split
",p0p50,2022,0.2448,3.0,SVK,Eastern Europe & FSU
Slovakia,"sptinc_p0p50_999_j_SK
Pre-tax national income 
Bottom 50% | share | all ages | equal split
",p0p50,2023,0.2448,3.0,SVK,Eastern Europe & FSU
Slovakia,"sptinc_p0p50_999_j_SK
Pre-tax national income 
Bottom 50% | share | all ages | equal split
",p0p50,2024,0.2448,1.0,SVK,Eastern Europe & FSU
Slovenia,"sptinc_p0p50_999_j_SI
Pre-tax national income 
Bottom 50% | share | all ages | equal split
",p0p50,1980,0.2725,1.0,SVN,Eastern Europe & FSU
Slovenia,"sptinc_p0p50_999_j_SI
Pre-tax national income 
Bottom 50% | share | all ages | equal split
",p0p50,1981,0.2725,1.0,SVN,Eastern Europe & FSU
Slovenia,"sptinc_p0p50_999_j_SI
Pre-tax national income 
Bottom 50% | share | all ages | equal split
",p0p50,1982,0.2725,1.0,SVN,Eastern Europe & FSU
Slovenia,"sptinc_p0p50_999_j_SI
Pre-tax national income 
Bottom 50% | share | all ages | equal split
",p0p50,1983,0.2725,1.0,SVN,Eastern Europe & FSU
Slovenia,"sptinc_p0p50_999_j_SI
Pre-tax national income 
Bottom 50% | share | all ages | equal split
",p0p50,1984,0.2725,1.0,SVN,Eastern Europe & FSU
Slovenia,"sptinc_p0p50_999_j_SI
Pre-tax national income 
Bottom 50% | share | all ages | equal split
",p0p50,1985,0.2725,1.0,SVN,Eastern Europe & FSU
Slovenia,"sptinc_p0p50_999_j_SI
Pre-tax national income 
Bottom 50% | share | all ages | equal split
",p0p50,1986,0.2725,1.0,SVN,Eastern Europe & FSU
Slovenia,"sptinc_p0p50_999_j_SI
Pre-tax national income 
Bottom 50% | share | all ages | equal split
",p0p50,1987,0.2725,1.0,SVN,Eastern Europe & FSU
Slovenia,"sptinc_p0p50_999_j_SI
Pre-tax national income 
Bottom 50% | share | all ages | equal split
",p0p50,1988,0.2725,1.0,SVN,Eastern Europe & FSU
Slovenia,"sptinc_p0p50_999_j_SI
Pre-tax national income 
Bottom 50% | share | all ages | equal split
",p0p50,1989,0.2725,1.0,SVN,Eastern Europe & FSU
Slovenia,"sptinc_p0p50_999_j_SI
Pre-tax national income 
Bottom 50% | share | all ages | equal split
",p0p50,1990,0.2725,1.0,SVN,Eastern Europe & FSU
Slovenia,"sptinc_p0p50_999_j_SI
Pre-tax national income 
Bottom 50% | share | all ages | equal split
",p0p50,1991,0.2722,4.0,SVN,Eastern Europe & FSU
Slovenia,"sptinc_p0p50_999_j_SI
Pre-tax national income 
Bottom 50% | share | all ages | equal split
",p0p50,1992,0.2668,4.0,SVN,Eastern Europe & FSU
Slovenia,"sptinc_p0p50_999_j_SI
Pre-tax national income 
Bottom 50% | share | all ages | equal split
",p0p50,1993,0.2372,4.0,SVN,Eastern Europe & FSU
Slovenia,"sptinc_p0p50_999_j_SI
Pre-tax national income 
Bottom 50% | share | all ages | equal split
",p0p50,1994,0.2515,4.0,SVN,Eastern Europe & FSU
Slovenia,"sptinc_p0p50_999_j_SI
Pre-tax national income 
Bottom 50% | share | all ages | equal split
",p0p50,1995,0.2326,4.0,SVN,Eastern Europe & FSU
Slovenia,"sptinc_p0p50_999_j_SI
Pre-tax national income 
Bottom 50% | share | all ages | equal split
",p0p50,1996,0.2302,4.0,SVN,Eastern Europe & FSU
Slovenia,"sptinc_p0p50_999_j_SI
Pre-tax national income 
Bottom 50% | share | all ages | equal split
",p0p50,1997,0.236,4.0,SVN,Eastern Europe & FSU
Slovenia,"sptinc_p0p50_999_j_SI
Pre-tax national income 
Bottom 50% | share | all ages | equal split
",p0p50,1998,0.2311,4.0,SVN,Eastern Europe & FSU
Slovenia,"sptinc_p0p50_999_j_SI
Pre-tax national income 
Bottom 50% | share | all ages | equal split
",p0p50,1999,0.2286,4.0,SVN,Eastern Europe & FSU
Slovenia,"sptinc_p0p50_999_j_SI
Pre-tax national income 
Bottom 50% | share | all ages | equal split
",p0p50,2000,0.2321,4.0,SVN,Eastern Europe & FSU
Slovenia,"sptinc_p0p50_999_j_SI
Pre-tax national income 
Bottom 50% | share | all ages | equal split
",p0p50,2001,0.2331,4.0,SVN,Eastern Europe & FSU
Slovenia,"sptinc_p0p50_999_j_SI
Pre-tax national income 
Bottom 50% | share | all ages | equal split
",p0p50,2002,0.2309,4.0,SVN,Eastern Europe & FSU
Slovenia,"sptinc_p0p50_999_j_SI
Pre-tax national income 
Bottom 50% | share | all ages | equal split
",p0p50,2003,0.2265,4.0,SVN,Eastern Europe & FSU
Slovenia,"sptinc_p0p50_999_j_SI
Pre-tax national income 
Bottom 50% | share | all ages | equal split
",p0p50,2004,0.2267,4.0,SVN,Eastern Europe & FSU
Slovenia,"sptinc_p0p50_999_j_SI
Pre-tax national income 
Bottom 50% | share | all ages | equal split
",p0p50,2005,0.2232,4.0,SVN,Eastern Europe & FSU
Slovenia,"sptinc_p0p50_999_j_SI
Pre-tax national income 
Bottom 50% | share | all ages | equal split
",p0p50,2006,0.2219,4.0,SVN,Eastern Europe & FSU
Slovenia,"sptinc_p0p50_999_j_SI
Pre-tax national income 
Bottom 50% | share | all ages | equal split
",p0p50,2007,0.224,4.0,SVN,Eastern Europe & FSU
Slovenia,"sptinc_p0p50_999_j_SI
Pre-tax national income 
Bottom 50% | share | all ages | equal split
",p0p50,2008,0.2247,4.0,SVN,Eastern Europe & FSU
Slovenia,"sptinc_p0p50_999_j_SI
Pre-tax national income 
Bottom 50% | share | all ages | equal split
",p0p50,2009,0.2272,4.0,SVN,Eastern Europe & FSU
Slovenia,"sptinc_p0p50_999_j_SI
Pre-tax national income 
Bottom 50% | share | all ages | equal split
",p0p50,2010,0.2256,4.0,SVN,Eastern Europe & FSU
Slovenia,"sptinc_p0p50_999_j_SI
Pre-tax national income 
Bottom 50% | share | all ages | equal split
",p0p50,2011,0.2291,4.0,SVN,Eastern Europe & FSU
Slovenia,"sptinc_p0p50_999_j_SI
Pre-tax national income 
Bottom 50% | share | all ages | equal split
",p0p50,2012,0.2236,4.0,SVN,Eastern Europe & FSU
Slovenia,"sptinc_p0p50_999_j_SI
Pre-tax national income 
Bottom 50% | share | all ages | equal split
",p0p50,2013,0.224,3.0,SVN,Eastern Europe & FSU
Slovenia,"sptinc_p0p50_999_j_SI
Pre-tax national income 
Bottom 50% | share | all ages | equal split
",p0p50,2014,0.2223,3.0,SVN,Eastern Europe & FSU
Slovenia,"sptinc_p0p50_999_j_SI
Pre-tax national income 
Bottom 50% | share | all ages | equal split
",p0p50,2015,0.2255,3.0,SVN,Eastern Europe & FSU
Slovenia,"sptinc_p0p50_999_j_SI
Pre-tax national income 
Bottom 50% | share | all ages | equal split
",p0p50,2016,0.2249,3.0,SVN,Eastern Europe & FSU
Slovenia,"sptinc_p0p50_999_j_SI
Pre-tax national income 
Bottom 50% | share | all ages | equal split
",p0p50,2017,0.2285,3.0,SVN,Eastern Europe & FSU
Slovenia,"sptinc_p0p50_999_j_SI
Pre-tax national income 
Bottom 50% | share | all ages | equal split
",p0p50,2018,0.2307,3.0,SVN,Eastern Europe & FSU
Slovenia,"sptinc_p0p50_999_j_SI
Pre-tax national income 
Bottom 50% | share | all ages | equal split
",p0p50,2019,0.2307,3.0,SVN,Eastern Europe & FSU
Slovenia,"sptinc_p0p50_999_j_SI
Pre-tax national income 
Bottom 50% | share | all ages | equal split
",p0p50,2020,0.2307,3.0,SVN,Eastern Europe & FSU
Slovenia,"sptinc_p0p50_999_j_SI
Pre-tax national income 
Bottom 50% | share | all ages | equal split
",p0p50,2021,0.2307,3.0,SVN,Eastern Europe & FSU
Slovenia,"sptinc_p0p50_999_j_SI
Pre-tax national income 
Bottom 50% | share | all ages | equal split
",p0p50,2022,0.2309,3.0,SVN,Eastern Europe & FSU
Slovenia,"sptinc_p0p50_999_j_SI
Pre-tax national income 
Bottom 50% | share | all ages | equal split
",p0p50,2023,0.2291,3.0,SVN,Eastern Europe & FSU
Slovenia,"sptinc_p0p50_999_j_SI
Pre-tax national income 
Bottom 50% | share | all ages | equal split
",p0p50,2024,0.2291,1.0,SVN,Eastern Europe & FSU
South Africa,"sptinc_p0p50_999_j_ZA
Pre-tax national income 
Bottom 50% | share | all ages | equal split
",p0p50,1960,0.1194,2.0,ZAF,Sub-Saharan Africa
South Africa,"sptinc_p0p50_999_j_ZA
Pre-tax national income 
Bottom 50% | share | all ages | equal split
",p0p50,1961,0.1216,3.0,ZAF,Sub-Saharan Africa
South Africa,"sptinc_p0p50_999_j_ZA
Pre-tax national income 
Bottom 50% | share | all ages | equal split
",p0p50,1963,0.1246,3.0,ZAF,Sub-Saharan Africa
South Africa,"sptinc_p0p50_999_j_ZA
Pre-tax national income 
Bottom 50% | share | all ages | equal split
",p0p50,1964,0.1267,3.0,ZAF,Sub-Saharan Africa
South Africa,"sptinc_p0p50_999_j_ZA
Pre-tax national income 
Bottom 50% | share | all ages | equal split
",p0p50,1965,0.1291,3.0,ZAF,Sub-Saharan Africa
South Africa,"sptinc_p0p50_999_j_ZA
Pre-tax national income 
Bottom 50% | share | all ages | equal split
",p0p50,1967,0.1328,3.0,ZAF,Sub-Saharan Africa
South Africa,"sptinc_p0p50_999_j_ZA
Pre-tax national income 
Bottom 50% | share | all ages | equal split
",p0p50,1969,0.1362,3.0,ZAF,Sub-Saharan Africa
South Africa,"sptinc_p0p50_999_j_ZA
Pre-tax national income 
Bottom 50% | share | all ages | equal split
",p0p50,1970,0.1192,2.0,ZAF,Sub-Saharan Africa
South Africa,"sptinc_p0p50_999_j_ZA
Pre-tax national income 
Bottom 50% | share | all ages | equal split
",p0p50,1971,0.1408,3.0,ZAF,Sub-Saharan Africa
South Africa,"sptinc_p0p50_999_j_ZA
Pre-tax national income 
Bottom 50% | share | all ages | equal split
",p0p50,1974,0.1467,3.0,ZAF,Sub-Saharan Africa
South Africa,"sptinc_p0p50_999_j_ZA
Pre-tax national income 
Bottom 50% | share | all ages | equal split
",p0p50,1975,0.1492,3.0,ZAF,Sub-Saharan Africa
South Africa,"sptinc_p0p50_999_j_ZA
Pre-tax national income 
Bottom 50% | share | all ages | equal split
",p0p50,1978,0.1558,3.0,ZAF,Sub-Saharan Africa
South Africa,"sptinc_p0p50_999_j_ZA
Pre-tax national income 
Bottom 50% | share | all ages | equal split
",p0p50,1979,0.1584,3.0,ZAF,Sub-Saharan Africa
South Africa,"sptinc_p0p50_999_j_ZA
Pre-tax national income 
Bottom 50% | share | all ages | equal split
",p0p50,1980,0.135,1.0,ZAF,Sub-Saharan Africa
South Africa,"sptinc_p0p50_999_j_ZA
Pre-tax national income 
Bottom 50% | share | all ages | equal split
",p0p50,1981,0.135,1.0,ZAF,Sub-Saharan Africa
South Africa,"sptinc_p0p50_999_j_ZA
Pre-tax national income 
Bottom 50% | share | all ages | equal split
",p0p50,1982,0.135,1.0,ZAF,Sub-Saharan Africa
South Africa,"sptinc_p0p50_999_j_ZA
Pre-tax national income 
Bottom 50% | share | all ages | equal split
",p0p50,1983,0.135,1.0,ZAF,Sub-Saharan Africa
South Africa,"sptinc_p0p50_999_j_ZA
Pre-tax national income 
Bottom 50% | share | all ages | equal split
",p0p50,1984,0.135,1.0,ZAF,Sub-Saharan Africa
South Africa,"sptinc_p0p50_999_j_ZA
Pre-tax national income 
Bottom 50% | share | all ages | equal split
",p0p50,1985,0.135,1.0,ZAF,Sub-Saharan Africa
South Africa,"sptinc_p0p50_999_j_ZA
Pre-tax national income 
Bottom 50% | share | all ages | equal split
",p0p50,1986,0.135,1.0,ZAF,Sub-Saharan Africa
South Africa,"sptinc_p0p50_999_j_ZA
Pre-tax national income 
Bottom 50% | share | all ages | equal split
",p0p50,1987,0.135,1.0,ZAF,Sub-Saharan Africa
South Africa,"sptinc_p0p50_999_j_ZA
Pre-tax national income 
Bottom 50% | share | all ages | equal split
",p0p50,1988,0.135,1.0,ZAF,Sub-Saharan Africa
South Africa,"sptinc_p0p50_999_j_ZA
Pre-tax national income 
Bottom 50% | share | all ages | equal split
",p0p50,1989,0.135,1.0,ZAF,Sub-Saharan Africa
South Africa,"sptinc_p0p50_999_j_ZA
Pre-tax national income 
Bottom 50% | share | all ages | equal split
",p0p50,1990,0.135,4.0,ZAF,Sub-Saharan Africa
South Africa,"sptinc_p0p50_999_j_ZA
Pre-tax national income 
Bottom 50% | share | all ages | equal split
",p0p50,1991,0.1257,4.0,ZAF,Sub-Saharan Africa
South Africa,"sptinc_p0p50_999_j_ZA
Pre-tax national income 
Bottom 50% | share | all ages | equal split
",p0p50,1992,0.1275,2.0,ZAF,Sub-Saharan Africa
South Africa,"sptinc_p0p50_999_j_ZA
Pre-tax national income 
Bottom 50% | share | all ages | equal split
",p0p50,1993,0.1389,2.0,ZAF,Sub-Saharan Africa
South Africa,"sptinc_p0p50_999_j_ZA
Pre-tax national income 
Bottom 50% | share | all ages | equal split
",p0p50,1994,0.1337,2.0,ZAF,Sub-Saharan Africa
South Africa,"sptinc_p0p50_999_j_ZA
Pre-tax national income 
Bottom 50% | share | all ages | equal split
",p0p50,1995,0.1284,2.0,ZAF,Sub-Saharan Africa
South Africa,"sptinc_p0p50_999_j_ZA
Pre-tax national income 
Bottom 50% | share | all ages | equal split
",p0p50,1996,0.1232,2.0,ZAF,Sub-Saharan Africa
South Africa,"sptinc_p0p50_999_j_ZA
Pre-tax national income 
Bottom 50% | share | all ages | equal split
",p0p50,1997,0.118,2.0,ZAF,Sub-Saharan Africa
South Africa,"sptinc_p0p50_999_j_ZA
Pre-tax national income 
Bottom 50% | share | all ages | equal split
",p0p50,1998,0.1128,2.0,ZAF,Sub-Saharan Africa
South Africa,"sptinc_p0p50_999_j_ZA
Pre-tax national income 
Bottom 50% | share | all ages | equal split
",p0p50,1999,0.1076,2.0,ZAF,Sub-Saharan Africa
South Africa,"sptinc_p0p50_999_j_ZA
Pre-tax national income 
Bottom 50% | share | all ages | equal split
",p0p50,2000,0.1025,3.0,ZAF,Sub-Saharan Africa
South Africa,"sptinc_p0p50_999_j_ZA
Pre-tax national income 
Bottom 50% | share | all ages | equal split
",p0p50,2001,0.102,2.0,ZAF,Sub-Saharan Africa
South Africa,"sptinc_p0p50_999_j_ZA
Pre-tax national income 
Bottom 50% | share | all ages | equal split
",p0p50,2002,0.1016,4.0,ZAF,Sub-Saharan Africa
South Africa,"sptinc_p0p50_999_j_ZA
Pre-tax national income 
Bottom 50% | share | all ages | equal split
",p0p50,2003,0.1008,4.0,ZAF,Sub-Saharan Africa
South Africa,"sptinc_p0p50_999_j_ZA
Pre-tax national income 
Bottom 50% | share | all ages | equal split
",p0p50,2004,0.1046,4.0,ZAF,Sub-Saharan Africa
South Africa,"sptinc_p0p50_999_j_ZA
Pre-tax national income 
Bottom 50% | share | all ages | equal split
",p0p50,2005,0.1016,4.0,ZAF,Sub-Saharan Africa
South Africa,"sptinc_p0p50_999_j_ZA
Pre-tax national income 
Bottom 50% | share | all ages | equal split
",p0p50,2006,0.0937,4.0,ZAF,Sub-Saharan Africa
South Africa,"sptinc_p0p50_999_j_ZA
Pre-tax national income 
Bottom 50% | share | all ages | equal split
",p0p50,2007,0.0816,4.0,ZAF,Sub-Saharan Africa
South Africa,"sptinc_p0p50_999_j_ZA
Pre-tax national income 
Bottom 50% | share | all ages | equal split
",p0p50,2008,0.0874,4.0,ZAF,Sub-Saharan Africa
South Africa,"sptinc_p0p50_999_j_ZA
Pre-tax national income 
Bottom 50% | share | all ages | equal split
",p0p50,2009,0.0899,4.0,ZAF,Sub-Saharan Africa
South Africa,"sptinc_p0p50_999_j_ZA
Pre-tax national income 
Bottom 50% | share | all ages | equal split
",p0p50,2010,0.0789,4.0,ZAF,Sub-Saharan Africa
South Africa,"sptinc_p0p50_999_j_ZA
Pre-tax national income 
Bottom 50% | share | all ages | equal split
",p0p50,2011,0.0736,4.0,ZAF,Sub-Saharan Africa
South Africa,"sptinc_p0p50_999_j_ZA
Pre-tax national income 
Bottom 50% | share | all ages | equal split
",p0p50,2012,0.059,4.0,ZAF,Sub-Saharan Africa
South Africa,"sptinc_p0p50_999_j_ZA
Pre-tax national income 
Bottom 50% | share | all ages | equal split
",p0p50,2013,0.0585,2.0,ZAF,Sub-Saharan Africa
South Africa,"sptinc_p0p50_999_j_ZA
Pre-tax national income 
Bottom 50% | share | all ages | equal split
",p0p50,2014,0.0581,3.0,ZAF,Sub-Saharan Africa
South Africa,"sptinc_p0p50_999_j_ZA
Pre-tax national income 
Bottom 50% | share | all ages | equal split
",p0p50,2015,0.0581,1.0,ZAF,Sub-Saharan Africa
South Africa,"sptinc_p0p50_999_j_ZA
Pre-tax national income 
Bottom 50% | share | all ages | equal split
",p0p50,2016,0.0581,1.0,ZAF,Sub-Saharan Africa
South Africa,"sptinc_p0p50_999_j_ZA
Pre-tax national income 
Bottom 50% | share | all ages | equal split
",p0p50,2017,0.0581,1.0,ZAF,Sub-Saharan Africa
South Africa,"sptinc_p0p50_999_j_ZA
Pre-tax national income 
Bottom 50% | share | all ages | equal split
",p0p50,2018,0.0581,1.0,ZAF,Sub-Saharan Africa
South Africa,"sptinc_p0p50_999_j_ZA
Pre-tax national income 
Bottom 50% | share | all ages | equal split
",p0p50,2019,0.0581,1.0,ZAF,Sub-Saharan Africa
South Africa,"sptinc_p0p50_999_j_ZA
Pre-tax national income 
Bottom 50% | share | all ages | equal split
",p0p50,2020,0.0581,1.0,ZAF,Sub-Saharan Africa
South Africa,"sptinc_p0p50_999_j_ZA
Pre-tax national income 
Bottom 50% | share | all ages | equal split
",p0p50,2021,0.0581,1.0,ZAF,Sub-Saharan Africa
South Africa,"sptinc_p0p50_999_j_ZA
Pre-tax national income 
Bottom 50% | share | all ages | equal split
",p0p50,2022,0.0581,1.0,ZAF,Sub-Saharan Africa
South Africa,"sptinc_p0p50_999_j_ZA
Pre-tax national income 
Bottom 50% | share | all ages | equal split
",p0p50,2023,0.0581,1.0,ZAF,Sub-Saharan Africa
South Africa,"sptinc_p0p50_999_j_ZA
Pre-tax national income 
Bottom 50% | share | all ages | equal split
",p0p50,2024,0.0527,1.0,ZAF,Sub-Saharan Africa
Spain,"sptinc_p0p50_999_j_ES
Pre-tax national income 
Bottom 50% | share | all ages | equal split
",p0p50,1960,0.2068,3.0,ESP,Southern Europe
Spain,"sptinc_p0p50_999_j_ES
Pre-tax national income 
Bottom 50% | share | all ages | equal split
",p0p50,1961,0.2075,3.0,ESP,Southern Europe
Spain,"sptinc_p0p50_999_j_ES
Pre-tax national income 
Bottom 50% | share | all ages | equal split
",p0p50,1970,0.2074,3.0,ESP,Southern Europe
Spain,"sptinc_p0p50_999_j_ES
Pre-tax national income 
Bottom 50% | share | all ages | equal split
",p0p50,1971,0.2085,3.0,ESP,Southern Europe
Spain,"sptinc_p0p50_999_j_ES
Pre-tax national income 
Bottom 50% | share | all ages | equal split
",p0p50,1980,0.2031,1.0,ESP,Southern Europe
Spain,"sptinc_p0p50_999_j_ES
Pre-tax national income 
Bottom 50% | share | all ages | equal split
",p0p50,1981,0.2041,4.0,ESP,Southern Europe
Spain,"sptinc_p0p50_999_j_ES
Pre-tax national income 
Bottom 50% | share | all ages | equal split
",p0p50,1982,0.2041,4.0,ESP,Southern Europe
Spain,"sptinc_p0p50_999_j_ES
Pre-tax national income 
Bottom 50% | share | all ages | equal split
",p0p50,1983,0.2055,4.0,ESP,Southern Europe
Spain,"sptinc_p0p50_999_j_ES
Pre-tax national income 
Bottom 50% | share | all ages | equal split
",p0p50,1984,0.205,4.0,ESP,Southern Europe
Spain,"sptinc_p0p50_999_j_ES
Pre-tax national income 
Bottom 50% | share | all ages | equal split
",p0p50,1985,0.1999,4.0,ESP,Southern Europe
Spain,"sptinc_p0p50_999_j_ES
Pre-tax national income 
Bottom 50% | share | all ages | equal split
",p0p50,1986,0.1957,4.0,ESP,Southern Europe
Spain,"sptinc_p0p50_999_j_ES
Pre-tax national income 
Bottom 50% | share | all ages | equal split
",p0p50,1987,0.1942,4.0,ESP,Southern Europe
Spain,"sptinc_p0p50_999_j_ES
Pre-tax national income 
Bottom 50% | share | all ages | equal split
",p0p50,1988,0.1928,4.0,ESP,Southern Europe
Spain,"sptinc_p0p50_999_j_ES
Pre-tax national income 
Bottom 50% | share | all ages | equal split
",p0p50,1989,0.1896,4.0,ESP,Southern Europe
Spain,"sptinc_p0p50_999_j_ES
Pre-tax national income 
Bottom 50% | share | all ages | equal split
",p0p50,1990,0.1894,4.0,ESP,Southern Europe
Spain,"sptinc_p0p50_999_j_ES
Pre-tax national income 
Bottom 50% | share | all ages | equal split
",p0p50,1991,0.1924,4.0,ESP,Southern Europe
Spain,"sptinc_p0p50_999_j_ES
Pre-tax national income 
Bottom 50% | share | all ages | equal split
",p0p50,1992,0.1964,4.0,ESP,Southern Europe
Spain,"sptinc_p0p50_999_j_ES
Pre-tax national income 
Bottom 50% | share | all ages | equal split
",p0p50,1993,0.199,4.0,ESP,Southern Europe
Spain,"sptinc_p0p50_999_j_ES
Pre-tax national income 
Bottom 50% | share | all ages | equal split
",p0p50,1994,0.1959,4.0,ESP,Southern Europe
Spain,"sptinc_p0p50_999_j_ES
Pre-tax national income 
Bottom 50% | share | all ages | equal split
",p0p50,1995,0.1931,4.0,ESP,Southern Europe
Spain,"sptinc_p0p50_999_j_ES
Pre-tax national income 
Bottom 50% | share | all ages | equal split
",p0p50,1996,0.1952,4.0,ESP,Southern Europe
Spain,"sptinc_p0p50_999_j_ES
Pre-tax national income 
Bottom 50% | share | all ages | equal split
",p0p50,1997,0.2012,4.0,ESP,Southern Europe
Spain,"sptinc_p0p50_999_j_ES
Pre-tax national income 
Bottom 50% | share | all ages | equal split
",p0p50,1998,0.199,4.0,ESP,Southern Europe
Spain,"sptinc_p0p50_999_j_ES
Pre-tax national income 
Bottom 50% | share | all ages | equal split
",p0p50,1999,0.1971,4.0,ESP,Southern Europe
Spain,"sptinc_p0p50_999_j_ES
Pre-tax national income 
Bottom 50% | share | all ages | equal split
",p0p50,2000,0.2024,4.0,ESP,Southern Europe
Spain,"sptinc_p0p50_999_j_ES
Pre-tax national income 
Bottom 50% | share | all ages | equal split
",p0p50,2001,0.2036,4.0,ESP,Southern Europe
Spain,"sptinc_p0p50_999_j_ES
Pre-tax national income 
Bottom 50% | share | all ages | equal split
",p0p50,2002,0.2046,4.0,ESP,Southern Europe
Spain,"sptinc_p0p50_999_j_ES
Pre-tax national income 
Bottom 50% | share | all ages | equal split
",p0p50,2003,0.2034,4.0,ESP,Southern Europe
Spain,"sptinc_p0p50_999_j_ES
Pre-tax national income 
Bottom 50% | share | all ages | equal split
",p0p50,2004,0.2045,4.0,ESP,Southern Europe
Spain,"sptinc_p0p50_999_j_ES
Pre-tax national income 
Bottom 50% | share | all ages | equal split
",p0p50,2005,0.2061,4.0,ESP,Southern Europe
Spain,"sptinc_p0p50_999_j_ES
Pre-tax national income 
Bottom 50% | share | all ages | equal split
",p0p50,2006,0.2059,4.0,ESP,Southern Europe
Spain,"sptinc_p0p50_999_j_ES
Pre-tax national income 
Bottom 50% | share | all ages | equal split
",p0p50,2007,0.2046,4.0,ESP,Southern Europe
Spain,"sptinc_p0p50_999_j_ES
Pre-tax national income 
Bottom 50% | share | all ages | equal split
",p0p50,2008,0.2036,4.0,ESP,Southern Europe
Spain,"sptinc_p0p50_999_j_ES
Pre-tax national income 
Bottom 50% | share | all ages | equal split
",p0p50,2009,0.1995,4.0,ESP,Southern Europe
Spain,"sptinc_p0p50_999_j_ES
Pre-tax national income 
Bottom 50% | share | all ages | equal split
",p0p50,2010,0.2062,4.0,ESP,Southern Europe
Spain,"sptinc_p0p50_999_j_ES
Pre-tax national income 
Bottom 50% | share | all ages | equal split
",p0p50,2011,0.2065,4.0,ESP,Southern Europe
Spain,"sptinc_p0p50_999_j_ES
Pre-tax national income 
Bottom 50% | share | all ages | equal split
",p0p50,2012,0.2087,4.0,ESP,Southern Europe
Spain,"sptinc_p0p50_999_j_ES
Pre-tax national income 
Bottom 50% | share | all ages | equal split
",p0p50,2013,0.2062,3.0,ESP,Southern Europe
Spain,"sptinc_p0p50_999_j_ES
Pre-tax national income 
Bottom 50% | share | all ages | equal split
",p0p50,2014,0.2054,3.0,ESP,Southern Europe
Spain,"sptinc_p0p50_999_j_ES
Pre-tax national income 
Bottom 50% | share | all ages | equal split
",p0p50,2015,0.2037,3.0,ESP,Southern Europe
Spain,"sptinc_p0p50_999_j_ES
Pre-tax national income 
Bottom 50% | share | all ages | equal split
",p0p50,2016,0.2023,3.0,ESP,Southern Europe
Spain,"sptinc_p0p50_999_j_ES
Pre-tax national income 
Bottom 50% | share | all ages | equal split
",p0p50,2017,0.2063,3.0,ESP,Southern Europe
Spain,"sptinc_p0p50_999_j_ES
Pre-tax national income 
Bottom 50% | share | all ages | equal split
",p0p50,2018,0.2107,3.0,ESP,Southern Europe
Spain,"sptinc_p0p50_999_j_ES
Pre-tax national income 
Bottom 50% | share | all ages | equal split
",p0p50,2019,0.2122,3.0,ESP,Southern Europe
Spain,"sptinc_p0p50_999_j_ES
Pre-tax national income 
Bottom 50% | share | all ages | equal split
",p0p50,2020,0.2122,3.0,ESP,Southern Europe
Spain,"sptinc_p0p50_999_j_ES
Pre-tax national income 
Bottom 50% | share | all ages | equal split
",p0p50,2021,0.2122,3.0,ESP,Southern Europe
Spain,"sptinc_p0p50_999_j_ES
Pre-tax national income 
Bottom 50% | share | all ages | equal split
",p0p50,2022,0.2133,3.0,ESP,Southern Europe
Spain,"sptinc_p0p50_999_j_ES
Pre-tax national income 
Bottom 50% | share | all ages | equal split
",p0p50,2023,0.2136,3.0,ESP,Southern Europe
Spain,"sptinc_p0p50_999_j_ES
Pre-tax national income 
Bottom 50% | share | all ages | equal split
",p0p50,2024,0.2136,1.0,ESP,Southern Europe
Sri Lanka,"sptinc_p0p50_999_j_LK
Pre-tax national income 
Bottom 50% | share | all ages | equal split
",p0p50,1980,0.1665,1.0,LKA,South Asia
Sri Lanka,"sptinc_p0p50_999_j_LK
Pre-tax national income 
Bottom 50% | share | all ages | equal split
",p0p50,1981,0.1665,1.0,LKA,South Asia
Sri Lanka,"sptinc_p0p50_999_j_LK
Pre-tax national income 
Bottom 50% | share | all ages | equal split
",p0p50,1982,0.1665,1.0,LKA,South Asia
Sri Lanka,"sptinc_p0p50_999_j_LK
Pre-tax national income 
Bottom 50% | share | all ages | equal split
",p0p50,1983,0.1665,1.0,LKA,South Asia
Sri Lanka,"sptinc_p0p50_999_j_LK
Pre-tax national income 
Bottom 50% | share | all ages | equal split
",p0p50,1984,0.1665,1.0,LKA,South Asia
Sri Lanka,"sptinc_p0p50_999_j_LK
Pre-tax national income 
Bottom 50% | share | all ages | equal split
",p0p50,1985,0.1665,3.0,LKA,South Asia
Sri Lanka,"sptinc_p0p50_999_j_LK
Pre-tax national income 
Bottom 50% | share | all ages | equal split
",p0p50,1986,0.1659,2.0,LKA,South Asia
Sri Lanka,"sptinc_p0p50_999_j_LK
Pre-tax national income 
Bottom 50% | share | all ages | equal split
",p0p50,1987,0.1652,2.0,LKA,South Asia
Sri Lanka,"sptinc_p0p50_999_j_LK
Pre-tax national income 
Bottom 50% | share | all ages | equal split
",p0p50,1988,0.1646,2.0,LKA,South Asia
Sri Lanka,"sptinc_p0p50_999_j_LK
Pre-tax national income 
Bottom 50% | share | all ages | equal split
",p0p50,1989,0.1641,2.0,LKA,South Asia
Sri Lanka,"sptinc_p0p50_999_j_LK
Pre-tax national income 
Bottom 50% | share | all ages | equal split
",p0p50,1990,0.1635,3.0,LKA,South Asia
Sri Lanka,"sptinc_p0p50_999_j_LK
Pre-tax national income 
Bottom 50% | share | all ages | equal split
",p0p50,1991,0.1609,2.0,LKA,South Asia
Sri Lanka,"sptinc_p0p50_999_j_LK
Pre-tax national income 
Bottom 50% | share | all ages | equal split
",p0p50,1992,0.1585,2.0,LKA,South Asia
Sri Lanka,"sptinc_p0p50_999_j_LK
Pre-tax national income 
Bottom 50% | share | all ages | equal split
",p0p50,1993,0.1562,2.0,LKA,South Asia
Sri Lanka,"sptinc_p0p50_999_j_LK
Pre-tax national income 
Bottom 50% | share | all ages | equal split
",p0p50,1994,0.1542,2.0,LKA,South Asia
Sri Lanka,"sptinc_p0p50_999_j_LK
Pre-tax national income 
Bottom 50% | share | all ages | equal split
",p0p50,1995,0.1523,3.0,LKA,South Asia
Sri Lanka,"sptinc_p0p50_999_j_LK
Pre-tax national income 
Bottom 50% | share | all ages | equal split
",p0p50,1996,0.1482,2.0,LKA,South Asia
Sri Lanka,"sptinc_p0p50_999_j_LK
Pre-tax national income 
Bottom 50% | share | all ages | equal split
",p0p50,1997,0.1443,2.0,LKA,South Asia
Sri Lanka,"sptinc_p0p50_999_j_LK
Pre-tax national income 
Bottom 50% | share | all ages | equal split
",p0p50,1998,0.1409,2.0,LKA,South Asia
Sri Lanka,"sptinc_p0p50_999_j_LK
Pre-tax national income 
Bottom 50% | share | all ages | equal split
",p0p50,1999,0.1368,2.0,LKA,South Asia
Sri Lanka,"sptinc_p0p50_999_j_LK
Pre-tax national income 
Bottom 50% | share | all ages | equal split
",p0p50,2000,0.1334,2.0,LKA,South Asia
Sri Lanka,"sptinc_p0p50_999_j_LK
Pre-tax national income 
Bottom 50% | share | all ages | equal split
",p0p50,2001,0.1305,2.0,LKA,South Asia
Sri Lanka,"sptinc_p0p50_999_j_LK
Pre-tax national income 
Bottom 50% | share | all ages | equal split
",p0p50,2002,0.1264,3.0,LKA,South Asia
Sri Lanka,"sptinc_p0p50_999_j_LK
Pre-tax national income 
Bottom 50% | share | all ages | equal split
",p0p50,2003,0.1267,2.0,LKA,South Asia
Sri Lanka,"sptinc_p0p50_999_j_LK
Pre-tax national income 
Bottom 50% | share | all ages | equal split
",p0p50,2004,0.1288,2.0,LKA,South Asia
Sri Lanka,"sptinc_p0p50_999_j_LK
Pre-tax national income 
Bottom 50% | share | all ages | equal split
",p0p50,2005,0.1301,2.0,LKA,South Asia
Sri Lanka,"sptinc_p0p50_999_j_LK
Pre-tax national income 
Bottom 50% | share | all ages | equal split
",p0p50,2006,0.1307,3.0,LKA,South Asia
Sri Lanka,"sptinc_p0p50_999_j_LK
Pre-tax national income 
Bottom 50% | share | all ages | equal split
",p0p50,2007,0.1346,2.0,LKA,South Asia
Sri Lanka,"sptinc_p0p50_999_j_LK
Pre-tax national income 
Bottom 50% | share | all ages | equal split
",p0p50,2008,0.143,2.0,LKA,South Asia
Sri Lanka,"sptinc_p0p50_999_j_LK
Pre-tax national income 
Bottom 50% | share | all ages | equal split
",p0p50,2009,0.1484,2.0,LKA,South Asia
Sri Lanka,"sptinc_p0p50_999_j_LK
Pre-tax national income 
Bottom 50% | share | all ages | equal split
",p0p50,2010,0.1421,2.0,LKA,South Asia
Sri Lanka,"sptinc_p0p50_999_j_LK
Pre-tax national income 
Bottom 50% | share | all ages | equal split
",p0p50,2011,0.1414,2.0,LKA,South Asia
Sri Lanka,"sptinc_p0p50_999_j_LK
Pre-tax national income 
Bottom 50% | share | all ages | equal split
",p0p50,2012,0.1396,3.0,LKA,South Asia
Sri Lanka,"sptinc_p0p50_999_j_LK
Pre-tax national income 
Bottom 50% | share | all ages | equal split
",p0p50,2013,0.1396,2.0,LKA,South Asia
Sri Lanka,"sptinc_p0p50_999_j_LK
Pre-tax national income 
Bottom 50% | share | all ages | equal split
",p0p50,2014,0.1402,2.0,LKA,South Asia
Sri Lanka,"sptinc_p0p50_999_j_LK
Pre-tax national income 
Bottom 50% | share | all ages | equal split
",p0p50,2015,0.1416,2.0,LKA,South Asia
Sri Lanka,"sptinc_p0p50_999_j_LK
Pre-tax national income 
Bottom 50% | share | all ages | equal split
",p0p50,2016,0.1414,3.0,LKA,South Asia
Sri Lanka,"sptinc_p0p50_999_j_LK
Pre-tax national income 
Bottom 50% | share | all ages | equal split
",p0p50,2017,0.1413,1.0,LKA,South Asia
Sri Lanka,"sptinc_p0p50_999_j_LK
Pre-tax national income 
Bottom 50% | share | all ages | equal split
",p0p50,2018,0.1413,1.0,LKA,South Asia
Sri Lanka,"sptinc_p0p50_999_j_LK
Pre-tax national income 
Bottom 50% | share | all ages | equal split
",p0p50,2019,0.1413,1.0,LKA,South Asia
Sri Lanka,"sptinc_p0p50_999_j_LK
Pre-tax national income 
Bottom 50% | share | all ages | equal split
",p0p50,2020,0.1413,1.0,LKA,South Asia
Sri Lanka,"sptinc_p0p50_999_j_LK
Pre-tax national income 
Bottom 50% | share | all ages | equal split
",p0p50,2021,0.1413,1.0,LKA,South Asia
Sri Lanka,"sptinc_p0p50_999_j_LK
Pre-tax national income 
Bottom 50% | share | all ages | equal split
",p0p50,2022,0.1413,1.0,LKA,South Asia
Sri Lanka,"sptinc_p0p50_999_j_LK
Pre-tax national income 
Bottom 50% | share | all ages | equal split
",p0p50,2023,0.1413,1.0,LKA,South Asia
Sri Lanka,"sptinc_p0p50_999_j_LK
Pre-tax national income 
Bottom 50% | share | all ages | equal split
",p0p50,2024,0.1413,1.0,LKA,South Asia
Sudan,"sptinc_p0p50_999_j_SD
Pre-tax national income 
Bottom 50% | share | all ages | equal split
",p0p50,1960,0.105,0.0,SDN,Sub-Saharan Africa
Sudan,"sptinc_p0p50_999_j_SD
Pre-tax national income 
Bottom 50% | share | all ages | equal split
",p0p50,1970,0.1037,0.0,SDN,Sub-Saharan Africa
Sudan,"sptinc_p0p50_999_j_SD
Pre-tax national income 
Bottom 50% | share | all ages | equal split
",p0p50,1980,0.1554,1.0,SDN,Sub-Saharan Africa
Sudan,"sptinc_p0p50_999_j_SD
Pre-tax national income 
Bottom 50% | share | all ages | equal split
",p0p50,1981,0.1554,1.0,SDN,Sub-Saharan Africa
Sudan,"sptinc_p0p50_999_j_SD
Pre-tax national income 
Bottom 50% | share | all ages | equal split
",p0p50,1982,0.1554,1.0,SDN,Sub-Saharan Africa
Sudan,"sptinc_p0p50_999_j_SD
Pre-tax national income 
Bottom 50% | share | all ages | equal split
",p0p50,1983,0.1554,1.0,SDN,Sub-Saharan Africa
Sudan,"sptinc_p0p50_999_j_SD
Pre-tax national income 
Bottom 50% | share | all ages | equal split
",p0p50,1984,0.1554,1.0,SDN,Sub-Saharan Africa
Sudan,"sptinc_p0p50_999_j_SD
Pre-tax national income 
Bottom 50% | share | all ages | equal split
",p0p50,1985,0.1554,1.0,SDN,Sub-Saharan Africa
Sudan,"sptinc_p0p50_999_j_SD
Pre-tax national income 
Bottom 50% | share | all ages | equal split
",p0p50,1986,0.1554,1.0,SDN,Sub-Saharan Africa
Sudan,"sptinc_p0p50_999_j_SD
Pre-tax national income 
Bottom 50% | share | all ages | equal split
",p0p50,1987,0.1554,1.0,SDN,Sub-Saharan Africa
Sudan,"sptinc_p0p50_999_j_SD
Pre-tax national income 
Bottom 50% | share | all ages | equal split
",p0p50,1988,0.1554,1.0,SDN,Sub-Saharan Africa
Sudan,"sptinc_p0p50_999_j_SD
Pre-tax national income 
Bottom 50% | share | all ages | equal split
",p0p50,1989,0.1554,1.0,SDN,Sub-Saharan Africa
Sudan,"sptinc_p0p50_999_j_SD
Pre-tax national income 
Bottom 50% | share | all ages | equal split
",p0p50,1990,0.1554,1.0,SDN,Sub-Saharan Africa
Sudan,"sptinc_p0p50_999_j_SD
Pre-tax national income 
Bottom 50% | share | all ages | equal split
",p0p50,1991,0.1554,1.0,SDN,Sub-Saharan Africa
Sudan,"sptinc_p0p50_999_j_SD
Pre-tax national income 
Bottom 50% | share | all ages | equal split
",p0p50,1992,0.1554,1.0,SDN,Sub-Saharan Africa
Sudan,"sptinc_p0p50_999_j_SD
Pre-tax national income 
Bottom 50% | share | all ages | equal split
",p0p50,1993,0.1554,1.0,SDN,Sub-Saharan Africa
Sudan,"sptinc_p0p50_999_j_SD
Pre-tax national income 
Bottom 50% | share | all ages | equal split
",p0p50,1994,0.1554,1.0,SDN,Sub-Saharan Africa
Sudan,"sptinc_p0p50_999_j_SD
Pre-tax national income 
Bottom 50% | share | all ages | equal split
",p0p50,1995,0.1554,1.0,SDN,Sub-Saharan Africa
Sudan,"sptinc_p0p50_999_j_SD
Pre-tax national income 
Bottom 50% | share | all ages | equal split
",p0p50,1996,0.1554,1.0,SDN,Sub-Saharan Africa
Sudan,"sptinc_p0p50_999_j_SD
Pre-tax national income 
Bottom 50% | share | all ages | equal split
",p0p50,1997,0.1554,1.0,SDN,Sub-Saharan Africa
Sudan,"sptinc_p0p50_999_j_SD
Pre-tax national income 
Bottom 50% | share | all ages | equal split
",p0p50,1998,0.1554,1.0,SDN,Sub-Saharan Africa
Sudan,"sptinc_p0p50_999_j_SD
Pre-tax national income 
Bottom 50% | share | all ages | equal split
",p0p50,1999,0.1554,1.0,SDN,Sub-Saharan Africa
Sudan,"sptinc_p0p50_999_j_SD
Pre-tax national income 
Bottom 50% | share | all ages | equal split
",p0p50,2000,0.1554,1.0,SDN,Sub-Saharan Africa
Sudan,"sptinc_p0p50_999_j_SD
Pre-tax national income 
Bottom 50% | share | all ages | equal split
",p0p50,2001,0.1554,1.0,SDN,Sub-Saharan Africa
Sudan,"sptinc_p0p50_999_j_SD
Pre-tax national income 
Bottom 50% | share | all ages | equal split
",p0p50,2002,0.1554,1.0,SDN,Sub-Saharan Africa
Sudan,"sptinc_p0p50_999_j_SD
Pre-tax national income 
Bottom 50% | share | all ages | equal split
",p0p50,2003,0.1554,1.0,SDN,Sub-Saharan Africa
Sudan,"sptinc_p0p50_999_j_SD
Pre-tax national income 
Bottom 50% | share | all ages | equal split
",p0p50,2004,0.1554,1.0,SDN,Sub-Saharan Africa
Sudan,"sptinc_p0p50_999_j_SD
Pre-tax national income 
Bottom 50% | share | all ages | equal split
",p0p50,2005,0.1554,1.0,SDN,Sub-Saharan Africa
Sudan,"sptinc_p0p50_999_j_SD
Pre-tax national income 
Bottom 50% | share | all ages | equal split
",p0p50,2006,0.1554,1.0,SDN,Sub-Saharan Africa
Sudan,"sptinc_p0p50_999_j_SD
Pre-tax national income 
Bottom 50% | share | all ages | equal split
",p0p50,2007,0.1554,1.0,SDN,Sub-Saharan Africa
Sudan,"sptinc_p0p50_999_j_SD
Pre-tax national income 
Bottom 50% | share | all ages | equal split
",p0p50,2008,0.1554,1.0,SDN,Sub-Saharan Africa
Sudan,"sptinc_p0p50_999_j_SD
Pre-tax national income 
Bottom 50% | share | all ages | equal split
",p0p50,2009,0.1554,3.0,SDN,Sub-Saharan Africa
Sudan,"sptinc_p0p50_999_j_SD
Pre-tax national income 
Bottom 50% | share | all ages | equal split
",p0p50,2010,0.1559,2.0,SDN,Sub-Saharan Africa
Sudan,"sptinc_p0p50_999_j_SD
Pre-tax national income 
Bottom 50% | share | all ages | equal split
",p0p50,2011,0.1563,2.0,SDN,Sub-Saharan Africa
Sudan,"sptinc_p0p50_999_j_SD
Pre-tax national income 
Bottom 50% | share | all ages | equal split
",p0p50,2012,0.1568,2.0,SDN,Sub-Saharan Africa
Sudan,"sptinc_p0p50_999_j_SD
Pre-tax national income 
Bottom 50% | share | all ages | equal split
",p0p50,2013,0.1572,2.0,SDN,Sub-Saharan Africa
Sudan,"sptinc_p0p50_999_j_SD
Pre-tax national income 
Bottom 50% | share | all ages | equal split
",p0p50,2014,0.1577,3.0,SDN,Sub-Saharan Africa
Sudan,"sptinc_p0p50_999_j_SD
Pre-tax national income 
Bottom 50% | share | all ages | equal split
",p0p50,2015,0.1577,1.0,SDN,Sub-Saharan Africa
Sudan,"sptinc_p0p50_999_j_SD
Pre-tax national income 
Bottom 50% | share | all ages | equal split
",p0p50,2016,0.1577,1.0,SDN,Sub-Saharan Africa
Sudan,"sptinc_p0p50_999_j_SD
Pre-tax national income 
Bottom 50% | share | all ages | equal split
",p0p50,2017,0.1577,1.0,SDN,Sub-Saharan Africa
Sudan,"sptinc_p0p50_999_j_SD
Pre-tax national income 
Bottom 50% | share | all ages | equal split
",p0p50,2018,0.1577,1.0,SDN,Sub-Saharan Africa
Sudan,"sptinc_p0p50_999_j_SD
Pre-tax national income 
Bottom 50% | share | all ages | equal split
",p0p50,2019,0.1577,1.0,SDN,Sub-Saharan Africa
Sudan,"sptinc_p0p50_999_j_SD
Pre-tax national income 
Bottom 50% | share | all ages | equal split
",p0p50,2020,0.1577,1.0,SDN,Sub-Saharan Africa
Sudan,"sptinc_p0p50_999_j_SD
Pre-tax national income 
Bottom 50% | share | all ages | equal split
",p0p50,2021,0.1577,1.0,SDN,Sub-Saharan Africa
Sudan,"sptinc_p0p50_999_j_SD
Pre-tax national income 
Bottom 50% | share | all ages | equal split
",p0p50,2022,0.1577,1.0,SDN,Sub-Saharan Africa
Sudan,"sptinc_p0p50_999_j_SD
Pre-tax national income 
Bottom 50% | share | all ages | equal split
",p0p50,2023,0.1577,1.0,SDN,Sub-Saharan Africa
Sudan,"sptinc_p0p50_999_j_SD
Pre-tax national income 
Bottom 50% | share | all ages | equal split
",p0p50,2024,0.1577,1.0,SDN,Sub-Saharan Africa
Swaziland,"sptinc_p0p50_999_j_SZ
Pre-tax national income 
Bottom 50% | share | all ages | equal split
",p0p50,1980,0.0637,1.0,SWZ,Sub-Saharan Africa
Swaziland,"sptinc_p0p50_999_j_SZ
Pre-tax national income 
Bottom 50% | share | all ages | equal split
",p0p50,1981,0.0637,1.0,SWZ,Sub-Saharan Africa
Swaziland,"sptinc_p0p50_999_j_SZ
Pre-tax national income 
Bottom 50% | share | all ages | equal split
",p0p50,1982,0.0637,1.0,SWZ,Sub-Saharan Africa
Swaziland,"sptinc_p0p50_999_j_SZ
Pre-tax national income 
Bottom 50% | share | all ages | equal split
",p0p50,1983,0.0637,1.0,SWZ,Sub-Saharan Africa
Swaziland,"sptinc_p0p50_999_j_SZ
Pre-tax national income 
Bottom 50% | share | all ages | equal split
",p0p50,1984,0.0637,1.0,SWZ,Sub-Saharan Africa
Swaziland,"sptinc_p0p50_999_j_SZ
Pre-tax national income 
Bottom 50% | share | all ages | equal split
",p0p50,1985,0.0637,1.0,SWZ,Sub-Saharan Africa
Swaziland,"sptinc_p0p50_999_j_SZ
Pre-tax national income 
Bottom 50% | share | all ages | equal split
",p0p50,1986,0.0637,1.0,SWZ,Sub-Saharan Africa
Swaziland,"sptinc_p0p50_999_j_SZ
Pre-tax national income 
Bottom 50% | share | all ages | equal split
",p0p50,1987,0.0637,1.0,SWZ,Sub-Saharan Africa
Swaziland,"sptinc_p0p50_999_j_SZ
Pre-tax national income 
Bottom 50% | share | all ages | equal split
",p0p50,1988,0.0637,1.0,SWZ,Sub-Saharan Africa
Swaziland,"sptinc_p0p50_999_j_SZ
Pre-tax national income 
Bottom 50% | share | all ages | equal split
",p0p50,1989,0.0637,1.0,SWZ,Sub-Saharan Africa
Swaziland,"sptinc_p0p50_999_j_SZ
Pre-tax national income 
Bottom 50% | share | all ages | equal split
",p0p50,1990,0.0637,1.0,SWZ,Sub-Saharan Africa
Swaziland,"sptinc_p0p50_999_j_SZ
Pre-tax national income 
Bottom 50% | share | all ages | equal split
",p0p50,1991,0.0637,1.0,SWZ,Sub-Saharan Africa
Swaziland,"sptinc_p0p50_999_j_SZ
Pre-tax national income 
Bottom 50% | share | all ages | equal split
",p0p50,1992,0.0637,1.0,SWZ,Sub-Saharan Africa
Swaziland,"sptinc_p0p50_999_j_SZ
Pre-tax national income 
Bottom 50% | share | all ages | equal split
",p0p50,1993,0.0637,1.0,SWZ,Sub-Saharan Africa
Swaziland,"sptinc_p0p50_999_j_SZ
Pre-tax national income 
Bottom 50% | share | all ages | equal split
",p0p50,1994,0.0637,3.0,SWZ,Sub-Saharan Africa
Swaziland,"sptinc_p0p50_999_j_SZ
Pre-tax national income 
Bottom 50% | share | all ages | equal split
",p0p50,1995,0.0671,2.0,SWZ,Sub-Saharan Africa
Swaziland,"sptinc_p0p50_999_j_SZ
Pre-tax national income 
Bottom 50% | share | all ages | equal split
",p0p50,1996,0.0706,2.0,SWZ,Sub-Saharan Africa
Swaziland,"sptinc_p0p50_999_j_SZ
Pre-tax national income 
Bottom 50% | share | all ages | equal split
",p0p50,1997,0.0741,2.0,SWZ,Sub-Saharan Africa
Swaziland,"sptinc_p0p50_999_j_SZ
Pre-tax national income 
Bottom 50% | share | all ages | equal split
",p0p50,1998,0.0776,2.0,SWZ,Sub-Saharan Africa
Swaziland,"sptinc_p0p50_999_j_SZ
Pre-tax national income 
Bottom 50% | share | all ages | equal split
",p0p50,1999,0.0811,2.0,SWZ,Sub-Saharan Africa
Swaziland,"sptinc_p0p50_999_j_SZ
Pre-tax national income 
Bottom 50% | share | all ages | equal split
",p0p50,2000,0.0846,3.0,SWZ,Sub-Saharan Africa
Swaziland,"sptinc_p0p50_999_j_SZ
Pre-tax national income 
Bottom 50% | share | all ages | equal split
",p0p50,2001,0.0852,2.0,SWZ,Sub-Saharan Africa
Swaziland,"sptinc_p0p50_999_j_SZ
Pre-tax national income 
Bottom 50% | share | all ages | equal split
",p0p50,2002,0.0857,2.0,SWZ,Sub-Saharan Africa
Swaziland,"sptinc_p0p50_999_j_SZ
Pre-tax national income 
Bottom 50% | share | all ages | equal split
",p0p50,2003,0.0863,2.0,SWZ,Sub-Saharan Africa
Swaziland,"sptinc_p0p50_999_j_SZ
Pre-tax national income 
Bottom 50% | share | all ages | equal split
",p0p50,2004,0.0868,2.0,SWZ,Sub-Saharan Africa
Swaziland,"sptinc_p0p50_999_j_SZ
Pre-tax national income 
Bottom 50% | share | all ages | equal split
",p0p50,2005,0.0874,2.0,SWZ,Sub-Saharan Africa
Swaziland,"sptinc_p0p50_999_j_SZ
Pre-tax national income 
Bottom 50% | share | all ages | equal split
",p0p50,2006,0.0879,2.0,SWZ,Sub-Saharan Africa
Swaziland,"sptinc_p0p50_999_j_SZ
Pre-tax national income 
Bottom 50% | share | all ages | equal split
",p0p50,2007,0.0885,2.0,SWZ,Sub-Saharan Africa
Swaziland,"sptinc_p0p50_999_j_SZ
Pre-tax national income 
Bottom 50% | share | all ages | equal split
",p0p50,2008,0.089,2.0,SWZ,Sub-Saharan Africa
Swaziland,"sptinc_p0p50_999_j_SZ
Pre-tax national income 
Bottom 50% | share | all ages | equal split
",p0p50,2009,0.0896,3.0,SWZ,Sub-Saharan Africa
Swaziland,"sptinc_p0p50_999_j_SZ
Pre-tax national income 
Bottom 50% | share | all ages | equal split
",p0p50,2010,0.088,2.0,SWZ,Sub-Saharan Africa
Swaziland,"sptinc_p0p50_999_j_SZ
Pre-tax national income 
Bottom 50% | share | all ages | equal split
",p0p50,2011,0.0864,2.0,SWZ,Sub-Saharan Africa
Swaziland,"sptinc_p0p50_999_j_SZ
Pre-tax national income 
Bottom 50% | share | all ages | equal split
",p0p50,2012,0.0849,2.0,SWZ,Sub-Saharan Africa
Swaziland,"sptinc_p0p50_999_j_SZ
Pre-tax national income 
Bottom 50% | share | all ages | equal split
",p0p50,2013,0.0833,2.0,SWZ,Sub-Saharan Africa
Swaziland,"sptinc_p0p50_999_j_SZ
Pre-tax national income 
Bottom 50% | share | all ages | equal split
",p0p50,2014,0.0817,2.0,SWZ,Sub-Saharan Africa
Swaziland,"sptinc_p0p50_999_j_SZ
Pre-tax national income 
Bottom 50% | share | all ages | equal split
",p0p50,2015,0.0801,2.0,SWZ,Sub-Saharan Africa
Swaziland,"sptinc_p0p50_999_j_SZ
Pre-tax national income 
Bottom 50% | share | all ages | equal split
",p0p50,2016,0.0786,3.0,SWZ,Sub-Saharan Africa
Swaziland,"sptinc_p0p50_999_j_SZ
Pre-tax national income 
Bottom 50% | share | all ages | equal split
",p0p50,2017,0.0786,1.0,SWZ,Sub-Saharan Africa
Swaziland,"sptinc_p0p50_999_j_SZ
Pre-tax national income 
Bottom 50% | share | all ages | equal split
",p0p50,2018,0.0786,1.0,SWZ,Sub-Saharan Africa
Swaziland,"sptinc_p0p50_999_j_SZ
Pre-tax national income 
Bottom 50% | share | all ages | equal split
",p0p50,2019,0.0786,1.0,SWZ,Sub-Saharan Africa
Swaziland,"sptinc_p0p50_999_j_SZ
Pre-tax national income 
Bottom 50% | share | all ages | equal split
",p0p50,2020,0.0786,1.0,SWZ,Sub-Saharan Africa
Swaziland,"sptinc_p0p50_999_j_SZ
Pre-tax national income 
Bottom 50% | share | all ages | equal split
",p0p50,2021,0.0786,1.0,SWZ,Sub-Saharan Africa
Swaziland,"sptinc_p0p50_999_j_SZ
Pre-tax national income 
Bottom 50% | share | all ages | equal split
",p0p50,2022,0.0786,1.0,SWZ,Sub-Saharan Africa
Swaziland,"sptinc_p0p50_999_j_SZ
Pre-tax national income 
Bottom 50% | share | all ages | equal split
",p0p50,2023,0.0786,1.0,SWZ,Sub-Saharan Africa
Swaziland,"sptinc_p0p50_999_j_SZ
Pre-tax national income 
Bottom 50% | share | all ages | equal split
",p0p50,2024,0.0786,1.0,SWZ,Sub-Saharan Africa
Sweden,"sptinc_p0p50_999_j_SE
Pre-tax national income 
Bottom 50% | share | all ages | equal split
",p0p50,1960,0.2627,3.0,SWE,Nordic
Sweden,"sptinc_p0p50_999_j_SE
Pre-tax national income 
Bottom 50% | share | all ages | equal split
",p0p50,1961,0.2632,3.0,SWE,Nordic
Sweden,"sptinc_p0p50_999_j_SE
Pre-tax national income 
Bottom 50% | share | all ages | equal split
",p0p50,1962,0.2643,3.0,SWE,Nordic
Sweden,"sptinc_p0p50_999_j_SE
Pre-tax national income 
Bottom 50% | share | all ages | equal split
",p0p50,1963,0.2643,3.0,SWE,Nordic
Sweden,"sptinc_p0p50_999_j_SE
Pre-tax national income 
Bottom 50% | share | all ages | equal split
",p0p50,1964,0.2652,3.0,SWE,Nordic
Sweden,"sptinc_p0p50_999_j_SE
Pre-tax national income 
Bottom 50% | share | all ages | equal split
",p0p50,1965,0.2664,3.0,SWE,Nordic
Sweden,"sptinc_p0p50_999_j_SE
Pre-tax national income 
Bottom 50% | share | all ages | equal split
",p0p50,1966,0.2663,3.0,SWE,Nordic
Sweden,"sptinc_p0p50_999_j_SE
Pre-tax national income 
Bottom 50% | share | all ages | equal split
",p0p50,1967,0.2669,3.0,SWE,Nordic
Sweden,"sptinc_p0p50_999_j_SE
Pre-tax national income 
Bottom 50% | share | all ages | equal split
",p0p50,1968,0.2683,3.0,SWE,Nordic
Sweden,"sptinc_p0p50_999_j_SE
Pre-tax national income 
Bottom 50% | share | all ages | equal split
",p0p50,1969,0.2677,3.0,SWE,Nordic
Sweden,"sptinc_p0p50_999_j_SE
Pre-tax national income 
Bottom 50% | share | all ages | equal split
",p0p50,1970,0.2665,3.0,SWE,Nordic
Sweden,"sptinc_p0p50_999_j_SE
Pre-tax national income 
Bottom 50% | share | all ages | equal split
",p0p50,1971,0.2707,3.0,SWE,Nordic
Sweden,"sptinc_p0p50_999_j_SE
Pre-tax national income 
Bottom 50% | share | all ages | equal split
",p0p50,1972,0.2727,3.0,SWE,Nordic
Sweden,"sptinc_p0p50_999_j_SE
Pre-tax national income 
Bottom 50% | share | all ages | equal split
",p0p50,1973,0.2716,3.0,SWE,Nordic
Sweden,"sptinc_p0p50_999_j_SE
Pre-tax national income 
Bottom 50% | share | all ages | equal split
",p0p50,1974,0.2728,3.0,SWE,Nordic
Sweden,"sptinc_p0p50_999_j_SE
Pre-tax national income 
Bottom 50% | share | all ages | equal split
",p0p50,1975,0.2747,3.0,SWE,Nordic
Sweden,"sptinc_p0p50_999_j_SE
Pre-tax national income 
Bottom 50% | share | all ages | equal split
",p0p50,1976,0.2746,3.0,SWE,Nordic
Sweden,"sptinc_p0p50_999_j_SE
Pre-tax national income 
Bottom 50% | share | all ages | equal split
",p0p50,1977,0.276,3.0,SWE,Nordic
Sweden,"sptinc_p0p50_999_j_SE
Pre-tax national income 
Bottom 50% | share | all ages | equal split
",p0p50,1978,0.2773,3.0,SWE,Nordic
Sweden,"sptinc_p0p50_999_j_SE
Pre-tax national income 
Bottom 50% | share | all ages | equal split
",p0p50,1979,0.2784,3.0,SWE,Nordic
Sweden,"sptinc_p0p50_999_j_SE
Pre-tax national income 
Bottom 50% | share | all ages | equal split
",p0p50,1980,0.2659,4.0,SWE,Nordic
Sweden,"sptinc_p0p50_999_j_SE
Pre-tax national income 
Bottom 50% | share | all ages | equal split
",p0p50,1981,0.2695,4.0,SWE,Nordic
Sweden,"sptinc_p0p50_999_j_SE
Pre-tax national income 
Bottom 50% | share | all ages | equal split
",p0p50,1982,0.2653,4.0,SWE,Nordic
Sweden,"sptinc_p0p50_999_j_SE
Pre-tax national income 
Bottom 50% | share | all ages | equal split
",p0p50,1983,0.2636,4.0,SWE,Nordic
Sweden,"sptinc_p0p50_999_j_SE
Pre-tax national income 
Bottom 50% | share | all ages | equal split
",p0p50,1984,0.2614,4.0,SWE,Nordic
Sweden,"sptinc_p0p50_999_j_SE
Pre-tax national income 
Bottom 50% | share | all ages | equal split
",p0p50,1985,0.2614,4.0,SWE,Nordic
Sweden,"sptinc_p0p50_999_j_SE
Pre-tax national income 
Bottom 50% | share | all ages | equal split
",p0p50,1986,0.2608,4.0,SWE,Nordic
Sweden,"sptinc_p0p50_999_j_SE
Pre-tax national income 
Bottom 50% | share | all ages | equal split
",p0p50,1987,0.2616,4.0,SWE,Nordic
Sweden,"sptinc_p0p50_999_j_SE
Pre-tax national income 
Bottom 50% | share | all ages | equal split
",p0p50,1988,0.2596,4.0,SWE,Nordic
Sweden,"sptinc_p0p50_999_j_SE
Pre-tax national income 
Bottom 50% | share | all ages | equal split
",p0p50,1989,0.2618,4.0,SWE,Nordic
Sweden,"sptinc_p0p50_999_j_SE
Pre-tax national income 
Bottom 50% | share | all ages | equal split
",p0p50,1990,0.2673,4.0,SWE,Nordic
Sweden,"sptinc_p0p50_999_j_SE
Pre-tax national income 
Bottom 50% | share | all ages | equal split
",p0p50,1991,0.2627,4.0,SWE,Nordic
Sweden,"sptinc_p0p50_999_j_SE
Pre-tax national income 
Bottom 50% | share | all ages | equal split
",p0p50,1992,0.2645,4.0,SWE,Nordic
Sweden,"sptinc_p0p50_999_j_SE
Pre-tax national income 
Bottom 50% | share | all ages | equal split
",p0p50,1993,0.2606,4.0,SWE,Nordic
Sweden,"sptinc_p0p50_999_j_SE
Pre-tax national income 
Bottom 50% | share | all ages | equal split
",p0p50,1994,0.2484,4.0,SWE,Nordic
Sweden,"sptinc_p0p50_999_j_SE
Pre-tax national income 
Bottom 50% | share | all ages | equal split
",p0p50,1995,0.2479,4.0,SWE,Nordic
Sweden,"sptinc_p0p50_999_j_SE
Pre-tax national income 
Bottom 50% | share | all ages | equal split
",p0p50,1996,0.2498,4.0,SWE,Nordic
Sweden,"sptinc_p0p50_999_j_SE
Pre-tax national income 
Bottom 50% | share | all ages | equal split
",p0p50,1997,0.244,4.0,SWE,Nordic
Sweden,"sptinc_p0p50_999_j_SE
Pre-tax national income 
Bottom 50% | share | all ages | equal split
",p0p50,1998,0.2432,4.0,SWE,Nordic
Sweden,"sptinc_p0p50_999_j_SE
Pre-tax national income 
Bottom 50% | share | all ages | equal split
",p0p50,1999,0.2417,4.0,SWE,Nordic
Sweden,"sptinc_p0p50_999_j_SE
Pre-tax national income 
Bottom 50% | share | all ages | equal split
",p0p50,2000,0.2529,4.0,SWE,Nordic
Sweden,"sptinc_p0p50_999_j_SE
Pre-tax national income 
Bottom 50% | share | all ages | equal split
",p0p50,2001,0.2553,4.0,SWE,Nordic
Sweden,"sptinc_p0p50_999_j_SE
Pre-tax national income 
Bottom 50% | share | all ages | equal split
",p0p50,2002,0.255,4.0,SWE,Nordic
Sweden,"sptinc_p0p50_999_j_SE
Pre-tax national income 
Bottom 50% | share | all ages | equal split
",p0p50,2003,0.2503,4.0,SWE,Nordic
Sweden,"sptinc_p0p50_999_j_SE
Pre-tax national income 
Bottom 50% | share | all ages | equal split
",p0p50,2004,0.2486,4.0,SWE,Nordic
Sweden,"sptinc_p0p50_999_j_SE
Pre-tax national income 
Bottom 50% | share | all ages | equal split
",p0p50,2005,0.242,4.0,SWE,Nordic
Sweden,"sptinc_p0p50_999_j_SE
Pre-tax national income 
Bottom 50% | share | all ages | equal split
",p0p50,2006,0.2382,4.0,SWE,Nordic
Sweden,"sptinc_p0p50_999_j_SE
Pre-tax national income 
Bottom 50% | share | all ages | equal split
",p0p50,2007,0.2355,4.0,SWE,Nordic
Sweden,"sptinc_p0p50_999_j_SE
Pre-tax national income 
Bottom 50% | share | all ages | equal split
",p0p50,2008,0.2374,4.0,SWE,Nordic
Sweden,"sptinc_p0p50_999_j_SE
Pre-tax national income 
Bottom 50% | share | all ages | equal split
",p0p50,2009,0.2378,4.0,SWE,Nordic
Sweden,"sptinc_p0p50_999_j_SE
Pre-tax national income 
Bottom 50% | share | all ages | equal split
",p0p50,2010,0.2278,4.0,SWE,Nordic
Sweden,"sptinc_p0p50_999_j_SE
Pre-tax national income 
Bottom 50% | share | all ages | equal split
",p0p50,2011,0.2314,4.0,SWE,Nordic
Sweden,"sptinc_p0p50_999_j_SE
Pre-tax national income 
Bottom 50% | share | all ages | equal split
",p0p50,2012,0.2455,4.0,SWE,Nordic
Sweden,"sptinc_p0p50_999_j_SE
Pre-tax national income 
Bottom 50% | share | all ages | equal split
",p0p50,2013,0.2443,4.0,SWE,Nordic
Sweden,"sptinc_p0p50_999_j_SE
Pre-tax national income 
Bottom 50% | share | all ages | equal split
",p0p50,2014,0.2399,3.0,SWE,Nordic
Sweden,"sptinc_p0p50_999_j_SE
Pre-tax national income 
Bottom 50% | share | all ages | equal split
",p0p50,2015,0.2353,3.0,SWE,Nordic
Sweden,"sptinc_p0p50_999_j_SE
Pre-tax national income 
Bottom 50% | share | all ages | equal split
",p0p50,2016,0.243,3.0,SWE,Nordic
Sweden,"sptinc_p0p50_999_j_SE
Pre-tax national income 
Bottom 50% | share | all ages | equal split
",p0p50,2017,0.2408,3.0,SWE,Nordic
Sweden,"sptinc_p0p50_999_j_SE
Pre-tax national income 
Bottom 50% | share | all ages | equal split
",p0p50,2018,0.2424,3.0,SWE,Nordic
Sweden,"sptinc_p0p50_999_j_SE
Pre-tax national income 
Bottom 50% | share | all ages | equal split
",p0p50,2019,0.239,3.0,SWE,Nordic
Sweden,"sptinc_p0p50_999_j_SE
Pre-tax national income 
Bottom 50% | share | all ages | equal split
",p0p50,2020,0.239,3.0,SWE,Nordic
Sweden,"sptinc_p0p50_999_j_SE
Pre-tax national income 
Bottom 50% | share | all ages | equal split
",p0p50,2021,0.2398,3.0,SWE,Nordic
Sweden,"sptinc_p0p50_999_j_SE
Pre-tax national income 
Bottom 50% | share | all ages | equal split
",p0p50,2022,0.2417,3.0,SWE,Nordic
Sweden,"sptinc_p0p50_999_j_SE
Pre-tax national income 
Bottom 50% | share | all ages | equal split
",p0p50,2023,0.2442,3.0,SWE,Nordic
Sweden,"sptinc_p0p50_999_j_SE
Pre-tax national income 
Bottom 50% | share | all ages | equal split
",p0p50,2024,0.2442,1.0,SWE,Nordic
Switzerland,"sptinc_p0p50_999_j_CH
Pre-tax national income 
Bottom 50% | share | all ages | equal split
",p0p50,1961,0.2284,3.0,CHE,Western Europe
Switzerland,"sptinc_p0p50_999_j_CH
Pre-tax national income 
Bottom 50% | share | all ages | equal split
",p0p50,1963,0.2307,3.0,CHE,Western Europe
Switzerland,"sptinc_p0p50_999_j_CH
Pre-tax national income 
Bottom 50% | share | all ages | equal split
",p0p50,1965,0.2333,3.0,CHE,Western Europe
Switzerland,"sptinc_p0p50_999_j_CH
Pre-tax national income 
Bottom 50% | share | all ages | equal split
",p0p50,1967,0.2353,3.0,CHE,Western Europe
Switzerland,"sptinc_p0p50_999_j_CH
Pre-tax national income 
Bottom 50% | share | all ages | equal split
",p0p50,1969,0.2374,3.0,CHE,Western Europe
Switzerland,"sptinc_p0p50_999_j_CH
Pre-tax national income 
Bottom 50% | share | all ages | equal split
",p0p50,1971,0.2403,3.0,CHE,Western Europe
Switzerland,"sptinc_p0p50_999_j_CH
Pre-tax national income 
Bottom 50% | share | all ages | equal split
",p0p50,1973,0.2434,3.0,CHE,Western Europe
Switzerland,"sptinc_p0p50_999_j_CH
Pre-tax national income 
Bottom 50% | share | all ages | equal split
",p0p50,1975,0.2454,3.0,CHE,Western Europe
Switzerland,"sptinc_p0p50_999_j_CH
Pre-tax national income 
Bottom 50% | share | all ages | equal split
",p0p50,1977,0.248,3.0,CHE,Western Europe
Switzerland,"sptinc_p0p50_999_j_CH
Pre-tax national income 
Bottom 50% | share | all ages | equal split
",p0p50,1979,0.2503,3.0,CHE,Western Europe
Switzerland,"sptinc_p0p50_999_j_CH
Pre-tax national income 
Bottom 50% | share | all ages | equal split
",p0p50,1980,0.2373,2.0,CHE,Western Europe
Switzerland,"sptinc_p0p50_999_j_CH
Pre-tax national income 
Bottom 50% | share | all ages | equal split
",p0p50,1981,0.2371,3.0,CHE,Western Europe
Switzerland,"sptinc_p0p50_999_j_CH
Pre-tax national income 
Bottom 50% | share | all ages | equal split
",p0p50,1982,0.237,4.0,CHE,Western Europe
Switzerland,"sptinc_p0p50_999_j_CH
Pre-tax national income 
Bottom 50% | share | all ages | equal split
",p0p50,1983,0.2365,4.0,CHE,Western Europe
Switzerland,"sptinc_p0p50_999_j_CH
Pre-tax national income 
Bottom 50% | share | all ages | equal split
",p0p50,1984,0.2345,4.0,CHE,Western Europe
Switzerland,"sptinc_p0p50_999_j_CH
Pre-tax national income 
Bottom 50% | share | all ages | equal split
",p0p50,1985,0.233,4.0,CHE,Western Europe
Switzerland,"sptinc_p0p50_999_j_CH
Pre-tax national income 
Bottom 50% | share | all ages | equal split
",p0p50,1986,0.2344,4.0,CHE,Western Europe
Switzerland,"sptinc_p0p50_999_j_CH
Pre-tax national income 
Bottom 50% | share | all ages | equal split
",p0p50,1987,0.2346,4.0,CHE,Western Europe
Switzerland,"sptinc_p0p50_999_j_CH
Pre-tax national income 
Bottom 50% | share | all ages | equal split
",p0p50,1988,0.2365,4.0,CHE,Western Europe
Switzerland,"sptinc_p0p50_999_j_CH
Pre-tax national income 
Bottom 50% | share | all ages | equal split
",p0p50,1989,0.2385,4.0,CHE,Western Europe
Switzerland,"sptinc_p0p50_999_j_CH
Pre-tax national income 
Bottom 50% | share | all ages | equal split
",p0p50,1990,0.2376,4.0,CHE,Western Europe
Switzerland,"sptinc_p0p50_999_j_CH
Pre-tax national income 
Bottom 50% | share | all ages | equal split
",p0p50,1991,0.2398,4.0,CHE,Western Europe
Switzerland,"sptinc_p0p50_999_j_CH
Pre-tax national income 
Bottom 50% | share | all ages | equal split
",p0p50,1992,0.2386,4.0,CHE,Western Europe
Switzerland,"sptinc_p0p50_999_j_CH
Pre-tax national income 
Bottom 50% | share | all ages | equal split
",p0p50,1993,0.2379,4.0,CHE,Western Europe
Switzerland,"sptinc_p0p50_999_j_CH
Pre-tax national income 
Bottom 50% | share | all ages | equal split
",p0p50,1994,0.2402,4.0,CHE,Western Europe
Switzerland,"sptinc_p0p50_999_j_CH
Pre-tax national income 
Bottom 50% | share | all ages | equal split
",p0p50,1995,0.2419,4.0,CHE,Western Europe
Switzerland,"sptinc_p0p50_999_j_CH
Pre-tax national income 
Bottom 50% | share | all ages | equal split
",p0p50,1996,0.2348,4.0,CHE,Western Europe
Switzerland,"sptinc_p0p50_999_j_CH
Pre-tax national income 
Bottom 50% | share | all ages | equal split
",p0p50,1997,0.2327,4.0,CHE,Western Europe
Switzerland,"sptinc_p0p50_999_j_CH
Pre-tax national income 
Bottom 50% | share | all ages | equal split
",p0p50,1998,0.23,4.0,CHE,Western Europe
Switzerland,"sptinc_p0p50_999_j_CH
Pre-tax national income 
Bottom 50% | share | all ages | equal split
",p0p50,1999,0.2323,4.0,CHE,Western Europe
Switzerland,"sptinc_p0p50_999_j_CH
Pre-tax national income 
Bottom 50% | share | all ages | equal split
",p0p50,2000,0.2284,4.0,CHE,Western Europe
Switzerland,"sptinc_p0p50_999_j_CH
Pre-tax national income 
Bottom 50% | share | all ages | equal split
",p0p50,2001,0.2295,4.0,CHE,Western Europe
Switzerland,"sptinc_p0p50_999_j_CH
Pre-tax national income 
Bottom 50% | share | all ages | equal split
",p0p50,2002,0.2328,4.0,CHE,Western Europe
Switzerland,"sptinc_p0p50_999_j_CH
Pre-tax national income 
Bottom 50% | share | all ages | equal split
",p0p50,2003,0.2252,4.0,CHE,Western Europe
Switzerland,"sptinc_p0p50_999_j_CH
Pre-tax national income 
Bottom 50% | share | all ages | equal split
",p0p50,2004,0.2241,4.0,CHE,Western Europe
Switzerland,"sptinc_p0p50_999_j_CH
Pre-tax national income 
Bottom 50% | share | all ages | equal split
",p0p50,2005,0.2188,4.0,CHE,Western Europe
Switzerland,"sptinc_p0p50_999_j_CH
Pre-tax national income 
Bottom 50% | share | all ages | equal split
",p0p50,2006,0.2178,4.0,CHE,Western Europe
Switzerland,"sptinc_p0p50_999_j_CH
Pre-tax national income 
Bottom 50% | share | all ages | equal split
",p0p50,2007,0.2222,4.0,CHE,Western Europe
Switzerland,"sptinc_p0p50_999_j_CH
Pre-tax national income 
Bottom 50% | share | all ages | equal split
",p0p50,2008,0.2314,4.0,CHE,Western Europe
Switzerland,"sptinc_p0p50_999_j_CH
Pre-tax national income 
Bottom 50% | share | all ages | equal split
",p0p50,2009,0.2291,4.0,CHE,Western Europe
Switzerland,"sptinc_p0p50_999_j_CH
Pre-tax national income 
Bottom 50% | share | all ages | equal split
",p0p50,2010,0.22,4.0,CHE,Western Europe
Switzerland,"sptinc_p0p50_999_j_CH
Pre-tax national income 
Bottom 50% | share | all ages | equal split
",p0p50,2011,0.2219,4.0,CHE,Western Europe
Switzerland,"sptinc_p0p50_999_j_CH
Pre-tax national income 
Bottom 50% | share | all ages | equal split
",p0p50,2012,0.225,4.0,CHE,Western Europe
Switzerland,"sptinc_p0p50_999_j_CH
Pre-tax national income 
Bottom 50% | share | all ages | equal split
",p0p50,2013,0.2235,4.0,CHE,Western Europe
Switzerland,"sptinc_p0p50_999_j_CH
Pre-tax national income 
Bottom 50% | share | all ages | equal split
",p0p50,2014,0.2239,4.0,CHE,Western Europe
Switzerland,"sptinc_p0p50_999_j_CH
Pre-tax national income 
Bottom 50% | share | all ages | equal split
",p0p50,2015,0.225,3.0,CHE,Western Europe
Switzerland,"sptinc_p0p50_999_j_CH
Pre-tax national income 
Bottom 50% | share | all ages | equal split
",p0p50,2016,0.2235,3.0,CHE,Western Europe
Switzerland,"sptinc_p0p50_999_j_CH
Pre-tax national income 
Bottom 50% | share | all ages | equal split
",p0p50,2017,0.2259,3.0,CHE,Western Europe
Switzerland,"sptinc_p0p50_999_j_CH
Pre-tax national income 
Bottom 50% | share | all ages | equal split
",p0p50,2018,0.2312,3.0,CHE,Western Europe
Switzerland,"sptinc_p0p50_999_j_CH
Pre-tax national income 
Bottom 50% | share | all ages | equal split
",p0p50,2019,0.2331,3.0,CHE,Western Europe
Switzerland,"sptinc_p0p50_999_j_CH
Pre-tax national income 
Bottom 50% | share | all ages | equal split
",p0p50,2020,0.2331,3.0,CHE,Western Europe
Switzerland,"sptinc_p0p50_999_j_CH
Pre-tax national income 
Bottom 50% | share | all ages | equal split
",p0p50,2021,0.2324,3.0,CHE,Western Europe
Switzerland,"sptinc_p0p50_999_j_CH
Pre-tax national income 
Bottom 50% | share | all ages | equal split
",p0p50,2022,0.228,3.0,CHE,Western Europe
Switzerland,"sptinc_p0p50_999_j_CH
Pre-tax national income 
Bottom 50% | share | all ages | equal split
",p0p50,2023,0.2304,1.0,CHE,Western Europe
Switzerland,"sptinc_p0p50_999_j_CH
Pre-tax national income 
Bottom 50% | share | all ages | equal split
",p0p50,2024,0.2304,1.0,CHE,Western Europe
Taiwan,"sptinc_p0p50_999_j_TW
Pre-tax national income 
Bottom 50% | share | all ages | equal split
",p0p50,1960,0.2106,0.0,TWN,East Asia
Taiwan,"sptinc_p0p50_999_j_TW
Pre-tax national income 
Bottom 50% | share | all ages | equal split
",p0p50,1970,0.2065,0.0,TWN,East Asia
Taiwan,"sptinc_p0p50_999_j_TW
Pre-tax national income 
Bottom 50% | share | all ages | equal split
",p0p50,1977,0.1935,0.0,TWN,East Asia
Taiwan,"sptinc_p0p50_999_j_TW
Pre-tax national income 
Bottom 50% | share | all ages | equal split
",p0p50,1978,0.1925,0.0,TWN,East Asia
Taiwan,"sptinc_p0p50_999_j_TW
Pre-tax national income 
Bottom 50% | share | all ages | equal split
",p0p50,1979,0.1914,0.0,TWN,East Asia
Taiwan,"sptinc_p0p50_999_j_TW
Pre-tax national income 
Bottom 50% | share | all ages | equal split
",p0p50,1980,0.1873,1.0,TWN,East Asia
Taiwan,"sptinc_p0p50_999_j_TW
Pre-tax national income 
Bottom 50% | share | all ages | equal split
",p0p50,1981,0.1873,4.0,TWN,East Asia
Taiwan,"sptinc_p0p50_999_j_TW
Pre-tax national income 
Bottom 50% | share | all ages | equal split
",p0p50,1982,0.1761,4.0,TWN,East Asia
Taiwan,"sptinc_p0p50_999_j_TW
Pre-tax national income 
Bottom 50% | share | all ages | equal split
",p0p50,1983,0.1771,4.0,TWN,East Asia
Taiwan,"sptinc_p0p50_999_j_TW
Pre-tax national income 
Bottom 50% | share | all ages | equal split
",p0p50,1984,0.1737,4.0,TWN,East Asia
Taiwan,"sptinc_p0p50_999_j_TW
Pre-tax national income 
Bottom 50% | share | all ages | equal split
",p0p50,1985,0.1664,4.0,TWN,East Asia
Taiwan,"sptinc_p0p50_999_j_TW
Pre-tax national income 
Bottom 50% | share | all ages | equal split
",p0p50,1986,0.17,4.0,TWN,East Asia
Taiwan,"sptinc_p0p50_999_j_TW
Pre-tax national income 
Bottom 50% | share | all ages | equal split
",p0p50,1987,0.1683,4.0,TWN,East Asia
Taiwan,"sptinc_p0p50_999_j_TW
Pre-tax national income 
Bottom 50% | share | all ages | equal split
",p0p50,1988,0.1742,4.0,TWN,East Asia
Taiwan,"sptinc_p0p50_999_j_TW
Pre-tax national income 
Bottom 50% | share | all ages | equal split
",p0p50,1989,0.1687,4.0,TWN,East Asia
Taiwan,"sptinc_p0p50_999_j_TW
Pre-tax national income 
Bottom 50% | share | all ages | equal split
",p0p50,1990,0.1644,4.0,TWN,East Asia
Taiwan,"sptinc_p0p50_999_j_TW
Pre-tax national income 
Bottom 50% | share | all ages | equal split
",p0p50,1991,0.1626,4.0,TWN,East Asia
Taiwan,"sptinc_p0p50_999_j_TW
Pre-tax national income 
Bottom 50% | share | all ages | equal split
",p0p50,1992,0.1647,4.0,TWN,East Asia
Taiwan,"sptinc_p0p50_999_j_TW
Pre-tax national income 
Bottom 50% | share | all ages | equal split
",p0p50,1993,0.1583,4.0,TWN,East Asia
Taiwan,"sptinc_p0p50_999_j_TW
Pre-tax national income 
Bottom 50% | share | all ages | equal split
",p0p50,1994,0.156,4.0,TWN,East Asia
Taiwan,"sptinc_p0p50_999_j_TW
Pre-tax national income 
Bottom 50% | share | all ages | equal split
",p0p50,1995,0.1521,4.0,TWN,East Asia
Taiwan,"sptinc_p0p50_999_j_TW
Pre-tax national income 
Bottom 50% | share | all ages | equal split
",p0p50,1996,0.1466,4.0,TWN,East Asia
Taiwan,"sptinc_p0p50_999_j_TW
Pre-tax national income 
Bottom 50% | share | all ages | equal split
",p0p50,1997,0.144,4.0,TWN,East Asia
Taiwan,"sptinc_p0p50_999_j_TW
Pre-tax national income 
Bottom 50% | share | all ages | equal split
",p0p50,1998,0.1391,4.0,TWN,East Asia
Taiwan,"sptinc_p0p50_999_j_TW
Pre-tax national income 
Bottom 50% | share | all ages | equal split
",p0p50,1999,0.137,4.0,TWN,East Asia
Taiwan,"sptinc_p0p50_999_j_TW
Pre-tax national income 
Bottom 50% | share | all ages | equal split
",p0p50,2000,0.1306,5.0,TWN,East Asia
Taiwan,"sptinc_p0p50_999_j_TW
Pre-tax national income 
Bottom 50% | share | all ages | equal split
",p0p50,2001,0.1176,5.0,TWN,East Asia
Taiwan,"sptinc_p0p50_999_j_TW
Pre-tax national income 
Bottom 50% | share | all ages | equal split
",p0p50,2002,0.117,5.0,TWN,East Asia
Taiwan,"sptinc_p0p50_999_j_TW
Pre-tax national income 
Bottom 50% | share | all ages | equal split
",p0p50,2003,0.112,5.0,TWN,East Asia
Taiwan,"sptinc_p0p50_999_j_TW
Pre-tax national income 
Bottom 50% | share | all ages | equal split
",p0p50,2004,0.1123,5.0,TWN,East Asia
Taiwan,"sptinc_p0p50_999_j_TW
Pre-tax national income 
Bottom 50% | share | all ages | equal split
",p0p50,2005,0.1049,5.0,TWN,East Asia
Taiwan,"sptinc_p0p50_999_j_TW
Pre-tax national income 
Bottom 50% | share | all ages | equal split
",p0p50,2006,0.1024,5.0,TWN,East Asia
Taiwan,"sptinc_p0p50_999_j_TW
Pre-tax national income 
Bottom 50% | share | all ages | equal split
",p0p50,2007,0.1013,5.0,TWN,East Asia
Taiwan,"sptinc_p0p50_999_j_TW
Pre-tax national income 
Bottom 50% | share | all ages | equal split
",p0p50,2008,0.1066,5.0,TWN,East Asia
Taiwan,"sptinc_p0p50_999_j_TW
Pre-tax national income 
Bottom 50% | share | all ages | equal split
",p0p50,2009,0.11,5.0,TWN,East Asia
Taiwan,"sptinc_p0p50_999_j_TW
Pre-tax national income 
Bottom 50% | share | all ages | equal split
",p0p50,2010,0.1026,5.0,TWN,East Asia
Taiwan,"sptinc_p0p50_999_j_TW
Pre-tax national income 
Bottom 50% | share | all ages | equal split
",p0p50,2011,0.1048,5.0,TWN,East Asia
Taiwan,"sptinc_p0p50_999_j_TW
Pre-tax national income 
Bottom 50% | share | all ages | equal split
",p0p50,2012,0.1112,5.0,TWN,East Asia
Taiwan,"sptinc_p0p50_999_j_TW
Pre-tax national income 
Bottom 50% | share | all ages | equal split
",p0p50,2013,0.1127,5.0,TWN,East Asia
Taiwan,"sptinc_p0p50_999_j_TW
Pre-tax national income 
Bottom 50% | share | all ages | equal split
",p0p50,2014,0.1072,5.0,TWN,East Asia
Taiwan,"sptinc_p0p50_999_j_TW
Pre-tax national income 
Bottom 50% | share | all ages | equal split
",p0p50,2015,0.1129,5.0,TWN,East Asia
Taiwan,"sptinc_p0p50_999_j_TW
Pre-tax national income 
Bottom 50% | share | all ages | equal split
",p0p50,2016,0.1092,5.0,TWN,East Asia
Taiwan,"sptinc_p0p50_999_j_TW
Pre-tax national income 
Bottom 50% | share | all ages | equal split
",p0p50,2017,0.1179,5.0,TWN,East Asia
Taiwan,"sptinc_p0p50_999_j_TW
Pre-tax national income 
Bottom 50% | share | all ages | equal split
",p0p50,2018,0.1179,2.0,TWN,East Asia
Taiwan,"sptinc_p0p50_999_j_TW
Pre-tax national income 
Bottom 50% | share | all ages | equal split
",p0p50,2019,0.1179,2.0,TWN,East Asia
Taiwan,"sptinc_p0p50_999_j_TW
Pre-tax national income 
Bottom 50% | share | all ages | equal split
",p0p50,2020,0.1179,2.0,TWN,East Asia
Taiwan,"sptinc_p0p50_999_j_TW
Pre-tax national income 
Bottom 50% | share | all ages | equal split
",p0p50,2021,0.1179,2.0,TWN,East Asia
Taiwan,"sptinc_p0p50_999_j_TW
Pre-tax national income 
Bottom 50% | share | all ages | equal split
",p0p50,2022,0.1159,2.0,TWN,East Asia
Taiwan,"sptinc_p0p50_999_j_TW
Pre-tax national income 
Bottom 50% | share | all ages | equal split
",p0p50,2023,0.1159,2.0,TWN,East Asia
Taiwan,"sptinc_p0p50_999_j_TW
Pre-tax national income 
Bottom 50% | share | all ages | equal split
",p0p50,2024,0.1159,2.0,TWN,East Asia
Tajikistan,"sptinc_p0p50_999_j_TJ
Pre-tax national income 
Bottom 50% | share | all ages | equal split
",p0p50,1980,0.2773,1.0,TJK,Eastern Europe & FSU
Tajikistan,"sptinc_p0p50_999_j_TJ
Pre-tax national income 
Bottom 50% | share | all ages | equal split
",p0p50,1981,0.2771,1.0,TJK,Eastern Europe & FSU
Tajikistan,"sptinc_p0p50_999_j_TJ
Pre-tax national income 
Bottom 50% | share | all ages | equal split
",p0p50,1982,0.2769,1.0,TJK,Eastern Europe & FSU
Tajikistan,"sptinc_p0p50_999_j_TJ
Pre-tax national income 
Bottom 50% | share | all ages | equal split
",p0p50,1983,0.2767,1.0,TJK,Eastern Europe & FSU
Tajikistan,"sptinc_p0p50_999_j_TJ
Pre-tax national income 
Bottom 50% | share | all ages | equal split
",p0p50,1984,0.2765,1.0,TJK,Eastern Europe & FSU
Tajikistan,"sptinc_p0p50_999_j_TJ
Pre-tax national income 
Bottom 50% | share | all ages | equal split
",p0p50,1985,0.2762,1.0,TJK,Eastern Europe & FSU
Tajikistan,"sptinc_p0p50_999_j_TJ
Pre-tax national income 
Bottom 50% | share | all ages | equal split
",p0p50,1986,0.2761,1.0,TJK,Eastern Europe & FSU
Tajikistan,"sptinc_p0p50_999_j_TJ
Pre-tax national income 
Bottom 50% | share | all ages | equal split
",p0p50,1987,0.276,1.0,TJK,Eastern Europe & FSU
Tajikistan,"sptinc_p0p50_999_j_TJ
Pre-tax national income 
Bottom 50% | share | all ages | equal split
",p0p50,1988,0.2758,1.0,TJK,Eastern Europe & FSU
Tajikistan,"sptinc_p0p50_999_j_TJ
Pre-tax national income 
Bottom 50% | share | all ages | equal split
",p0p50,1989,0.2738,1.0,TJK,Eastern Europe & FSU
Tajikistan,"sptinc_p0p50_999_j_TJ
Pre-tax national income 
Bottom 50% | share | all ages | equal split
",p0p50,1990,0.2837,1.0,TJK,Eastern Europe & FSU
Tajikistan,"sptinc_p0p50_999_j_TJ
Pre-tax national income 
Bottom 50% | share | all ages | equal split
",p0p50,1991,0.2726,1.0,TJK,Eastern Europe & FSU
Tajikistan,"sptinc_p0p50_999_j_TJ
Pre-tax national income 
Bottom 50% | share | all ages | equal split
",p0p50,1992,0.2615,1.0,TJK,Eastern Europe & FSU
Tajikistan,"sptinc_p0p50_999_j_TJ
Pre-tax national income 
Bottom 50% | share | all ages | equal split
",p0p50,1993,0.2505,1.0,TJK,Eastern Europe & FSU
Tajikistan,"sptinc_p0p50_999_j_TJ
Pre-tax national income 
Bottom 50% | share | all ages | equal split
",p0p50,1994,0.2394,1.0,TJK,Eastern Europe & FSU
Tajikistan,"sptinc_p0p50_999_j_TJ
Pre-tax national income 
Bottom 50% | share | all ages | equal split
",p0p50,1995,0.2282,1.0,TJK,Eastern Europe & FSU
Tajikistan,"sptinc_p0p50_999_j_TJ
Pre-tax national income 
Bottom 50% | share | all ages | equal split
",p0p50,1996,0.2171,1.0,TJK,Eastern Europe & FSU
Tajikistan,"sptinc_p0p50_999_j_TJ
Pre-tax national income 
Bottom 50% | share | all ages | equal split
",p0p50,1997,0.2059,1.0,TJK,Eastern Europe & FSU
Tajikistan,"sptinc_p0p50_999_j_TJ
Pre-tax national income 
Bottom 50% | share | all ages | equal split
",p0p50,1998,0.1946,1.0,TJK,Eastern Europe & FSU
Tajikistan,"sptinc_p0p50_999_j_TJ
Pre-tax national income 
Bottom 50% | share | all ages | equal split
",p0p50,1999,0.1834,3.0,TJK,Eastern Europe & FSU
Tajikistan,"sptinc_p0p50_999_j_TJ
Pre-tax national income 
Bottom 50% | share | all ages | equal split
",p0p50,2000,0.1766,2.0,TJK,Eastern Europe & FSU
Tajikistan,"sptinc_p0p50_999_j_TJ
Pre-tax national income 
Bottom 50% | share | all ages | equal split
",p0p50,2001,0.1688,2.0,TJK,Eastern Europe & FSU
Tajikistan,"sptinc_p0p50_999_j_TJ
Pre-tax national income 
Bottom 50% | share | all ages | equal split
",p0p50,2002,0.1617,2.0,TJK,Eastern Europe & FSU
Tajikistan,"sptinc_p0p50_999_j_TJ
Pre-tax national income 
Bottom 50% | share | all ages | equal split
",p0p50,2003,0.1587,3.0,TJK,Eastern Europe & FSU
Tajikistan,"sptinc_p0p50_999_j_TJ
Pre-tax national income 
Bottom 50% | share | all ages | equal split
",p0p50,2004,0.1599,3.0,TJK,Eastern Europe & FSU
Tajikistan,"sptinc_p0p50_999_j_TJ
Pre-tax national income 
Bottom 50% | share | all ages | equal split
",p0p50,2005,0.1602,2.0,TJK,Eastern Europe & FSU
Tajikistan,"sptinc_p0p50_999_j_TJ
Pre-tax national income 
Bottom 50% | share | all ages | equal split
",p0p50,2006,0.1646,2.0,TJK,Eastern Europe & FSU
Tajikistan,"sptinc_p0p50_999_j_TJ
Pre-tax national income 
Bottom 50% | share | all ages | equal split
",p0p50,2007,0.1699,3.0,TJK,Eastern Europe & FSU
Tajikistan,"sptinc_p0p50_999_j_TJ
Pre-tax national income 
Bottom 50% | share | all ages | equal split
",p0p50,2008,0.1664,2.0,TJK,Eastern Europe & FSU
Tajikistan,"sptinc_p0p50_999_j_TJ
Pre-tax national income 
Bottom 50% | share | all ages | equal split
",p0p50,2009,0.1632,3.0,TJK,Eastern Europe & FSU
Tajikistan,"sptinc_p0p50_999_j_TJ
Pre-tax national income 
Bottom 50% | share | all ages | equal split
",p0p50,2010,0.1628,2.0,TJK,Eastern Europe & FSU
Tajikistan,"sptinc_p0p50_999_j_TJ
Pre-tax national income 
Bottom 50% | share | all ages | equal split
",p0p50,2011,0.1644,2.0,TJK,Eastern Europe & FSU
Tajikistan,"sptinc_p0p50_999_j_TJ
Pre-tax national income 
Bottom 50% | share | all ages | equal split
",p0p50,2012,0.1623,2.0,TJK,Eastern Europe & FSU
Tajikistan,"sptinc_p0p50_999_j_TJ
Pre-tax national income 
Bottom 50% | share | all ages | equal split
",p0p50,2013,0.1618,2.0,TJK,Eastern Europe & FSU
Tajikistan,"sptinc_p0p50_999_j_TJ
Pre-tax national income 
Bottom 50% | share | all ages | equal split
",p0p50,2014,0.1645,2.0,TJK,Eastern Europe & FSU
Tajikistan,"sptinc_p0p50_999_j_TJ
Pre-tax national income 
Bottom 50% | share | all ages | equal split
",p0p50,2015,0.167,3.0,TJK,Eastern Europe & FSU
Tajikistan,"sptinc_p0p50_999_j_TJ
Pre-tax national income 
Bottom 50% | share | all ages | equal split
",p0p50,2016,0.1578,1.0,TJK,Eastern Europe & FSU
Tajikistan,"sptinc_p0p50_999_j_TJ
Pre-tax national income 
Bottom 50% | share | all ages | equal split
",p0p50,2017,0.1553,1.0,TJK,Eastern Europe & FSU
Tajikistan,"sptinc_p0p50_999_j_TJ
Pre-tax national income 
Bottom 50% | share | all ages | equal split
",p0p50,2018,0.1548,1.0,TJK,Eastern Europe & FSU
Tajikistan,"sptinc_p0p50_999_j_TJ
Pre-tax national income 
Bottom 50% | share | all ages | equal split
",p0p50,2019,0.1548,1.0,TJK,Eastern Europe & FSU
Tajikistan,"sptinc_p0p50_999_j_TJ
Pre-tax national income 
Bottom 50% | share | all ages | equal split
",p0p50,2020,0.1548,1.0,TJK,Eastern Europe & FSU
Tajikistan,"sptinc_p0p50_999_j_TJ
Pre-tax national income 
Bottom 50% | share | all ages | equal split
",p0p50,2021,0.1548,1.0,TJK,Eastern Europe & FSU
Tajikistan,"sptinc_p0p50_999_j_TJ
Pre-tax national income 
Bottom 50% | share | all ages | equal split
",p0p50,2022,0.1548,1.0,TJK,Eastern Europe & FSU
Tajikistan,"sptinc_p0p50_999_j_TJ
Pre-tax national income 
Bottom 50% | share | all ages | equal split
",p0p50,2023,0.1548,1.0,TJK,Eastern Europe & FSU
Tajikistan,"sptinc_p0p50_999_j_TJ
Pre-tax national income 
Bottom 50% | share | all ages | equal split
",p0p50,2024,0.1548,1.0,TJK,Eastern Europe & FSU
Tanzania,"sptinc_p0p50_999_j_TZ
Pre-tax national income 
Bottom 50% | share | all ages | equal split
",p0p50,1960,0.105,3.0,TZA,Sub-Saharan Africa
Tanzania,"sptinc_p0p50_999_j_TZ
Pre-tax national income 
Bottom 50% | share | all ages | equal split
",p0p50,1961,0.108,3.0,TZA,Sub-Saharan Africa
Tanzania,"sptinc_p0p50_999_j_TZ
Pre-tax national income 
Bottom 50% | share | all ages | equal split
",p0p50,1962,0.1113,3.0,TZA,Sub-Saharan Africa
Tanzania,"sptinc_p0p50_999_j_TZ
Pre-tax national income 
Bottom 50% | share | all ages | equal split
",p0p50,1963,0.1148,3.0,TZA,Sub-Saharan Africa
Tanzania,"sptinc_p0p50_999_j_TZ
Pre-tax national income 
Bottom 50% | share | all ages | equal split
",p0p50,1964,0.1184,3.0,TZA,Sub-Saharan Africa
Tanzania,"sptinc_p0p50_999_j_TZ
Pre-tax national income 
Bottom 50% | share | all ages | equal split
",p0p50,1965,0.1211,3.0,TZA,Sub-Saharan Africa
Tanzania,"sptinc_p0p50_999_j_TZ
Pre-tax national income 
Bottom 50% | share | all ages | equal split
",p0p50,1966,0.1252,3.0,TZA,Sub-Saharan Africa
Tanzania,"sptinc_p0p50_999_j_TZ
Pre-tax national income 
Bottom 50% | share | all ages | equal split
",p0p50,1967,0.1281,3.0,TZA,Sub-Saharan Africa
Tanzania,"sptinc_p0p50_999_j_TZ
Pre-tax national income 
Bottom 50% | share | all ages | equal split
",p0p50,1968,0.1308,3.0,TZA,Sub-Saharan Africa
Tanzania,"sptinc_p0p50_999_j_TZ
Pre-tax national income 
Bottom 50% | share | all ages | equal split
",p0p50,1969,0.1348,3.0,TZA,Sub-Saharan Africa
Tanzania,"sptinc_p0p50_999_j_TZ
Pre-tax national income 
Bottom 50% | share | all ages | equal split
",p0p50,1970,0.1377,3.0,TZA,Sub-Saharan Africa
Tanzania,"sptinc_p0p50_999_j_TZ
Pre-tax national income 
Bottom 50% | share | all ages | equal split
",p0p50,1980,0.1577,1.0,TZA,Sub-Saharan Africa
Tanzania,"sptinc_p0p50_999_j_TZ
Pre-tax national income 
Bottom 50% | share | all ages | equal split
",p0p50,1981,0.1577,1.0,TZA,Sub-Saharan Africa
Tanzania,"sptinc_p0p50_999_j_TZ
Pre-tax national income 
Bottom 50% | share | all ages | equal split
",p0p50,1982,0.1577,1.0,TZA,Sub-Saharan Africa
Tanzania,"sptinc_p0p50_999_j_TZ
Pre-tax national income 
Bottom 50% | share | all ages | equal split
",p0p50,1983,0.1577,1.0,TZA,Sub-Saharan Africa
Tanzania,"sptinc_p0p50_999_j_TZ
Pre-tax national income 
Bottom 50% | share | all ages | equal split
",p0p50,1984,0.1577,1.0,TZA,Sub-Saharan Africa
Tanzania,"sptinc_p0p50_999_j_TZ
Pre-tax national income 
Bottom 50% | share | all ages | equal split
",p0p50,1985,0.1577,1.0,TZA,Sub-Saharan Africa
Tanzania,"sptinc_p0p50_999_j_TZ
Pre-tax national income 
Bottom 50% | share | all ages | equal split
",p0p50,1986,0.1577,1.0,TZA,Sub-Saharan Africa
Tanzania,"sptinc_p0p50_999_j_TZ
Pre-tax national income 
Bottom 50% | share | all ages | equal split
",p0p50,1987,0.1577,1.0,TZA,Sub-Saharan Africa
Tanzania,"sptinc_p0p50_999_j_TZ
Pre-tax national income 
Bottom 50% | share | all ages | equal split
",p0p50,1988,0.1577,1.0,TZA,Sub-Saharan Africa
Tanzania,"sptinc_p0p50_999_j_TZ
Pre-tax national income 
Bottom 50% | share | all ages | equal split
",p0p50,1989,0.1577,1.0,TZA,Sub-Saharan Africa
Tanzania,"sptinc_p0p50_999_j_TZ
Pre-tax national income 
Bottom 50% | share | all ages | equal split
",p0p50,1990,0.1577,1.0,TZA,Sub-Saharan Africa
Tanzania,"sptinc_p0p50_999_j_TZ
Pre-tax national income 
Bottom 50% | share | all ages | equal split
",p0p50,1991,0.1577,3.0,TZA,Sub-Saharan Africa
Tanzania,"sptinc_p0p50_999_j_TZ
Pre-tax national income 
Bottom 50% | share | all ages | equal split
",p0p50,1992,0.1564,2.0,TZA,Sub-Saharan Africa
Tanzania,"sptinc_p0p50_999_j_TZ
Pre-tax national income 
Bottom 50% | share | all ages | equal split
",p0p50,1993,0.1552,2.0,TZA,Sub-Saharan Africa
Tanzania,"sptinc_p0p50_999_j_TZ
Pre-tax national income 
Bottom 50% | share | all ages | equal split
",p0p50,1994,0.154,2.0,TZA,Sub-Saharan Africa
Tanzania,"sptinc_p0p50_999_j_TZ
Pre-tax national income 
Bottom 50% | share | all ages | equal split
",p0p50,1995,0.1527,2.0,TZA,Sub-Saharan Africa
Tanzania,"sptinc_p0p50_999_j_TZ
Pre-tax national income 
Bottom 50% | share | all ages | equal split
",p0p50,1996,0.1515,2.0,TZA,Sub-Saharan Africa
Tanzania,"sptinc_p0p50_999_j_TZ
Pre-tax national income 
Bottom 50% | share | all ages | equal split
",p0p50,1997,0.1502,2.0,TZA,Sub-Saharan Africa
Tanzania,"sptinc_p0p50_999_j_TZ
Pre-tax national income 
Bottom 50% | share | all ages | equal split
",p0p50,1998,0.149,2.0,TZA,Sub-Saharan Africa
Tanzania,"sptinc_p0p50_999_j_TZ
Pre-tax national income 
Bottom 50% | share | all ages | equal split
",p0p50,1999,0.1477,2.0,TZA,Sub-Saharan Africa
Tanzania,"sptinc_p0p50_999_j_TZ
Pre-tax national income 
Bottom 50% | share | all ages | equal split
",p0p50,2000,0.1465,3.0,TZA,Sub-Saharan Africa
Tanzania,"sptinc_p0p50_999_j_TZ
Pre-tax national income 
Bottom 50% | share | all ages | equal split
",p0p50,2001,0.1446,2.0,TZA,Sub-Saharan Africa
Tanzania,"sptinc_p0p50_999_j_TZ
Pre-tax national income 
Bottom 50% | share | all ages | equal split
",p0p50,2002,0.1427,2.0,TZA,Sub-Saharan Africa
Tanzania,"sptinc_p0p50_999_j_TZ
Pre-tax national income 
Bottom 50% | share | all ages | equal split
",p0p50,2003,0.1408,2.0,TZA,Sub-Saharan Africa
Tanzania,"sptinc_p0p50_999_j_TZ
Pre-tax national income 
Bottom 50% | share | all ages | equal split
",p0p50,2004,0.139,2.0,TZA,Sub-Saharan Africa
Tanzania,"sptinc_p0p50_999_j_TZ
Pre-tax national income 
Bottom 50% | share | all ages | equal split
",p0p50,2005,0.1371,2.0,TZA,Sub-Saharan Africa
Tanzania,"sptinc_p0p50_999_j_TZ
Pre-tax national income 
Bottom 50% | share | all ages | equal split
",p0p50,2006,0.1352,2.0,TZA,Sub-Saharan Africa
Tanzania,"sptinc_p0p50_999_j_TZ
Pre-tax national income 
Bottom 50% | share | all ages | equal split
",p0p50,2007,0.1333,3.0,TZA,Sub-Saharan Africa
Tanzania,"sptinc_p0p50_999_j_TZ
Pre-tax national income 
Bottom 50% | share | all ages | equal split
",p0p50,2008,0.1353,2.0,TZA,Sub-Saharan Africa
Tanzania,"sptinc_p0p50_999_j_TZ
Pre-tax national income 
Bottom 50% | share | all ages | equal split
",p0p50,2009,0.1373,2.0,TZA,Sub-Saharan Africa
Tanzania,"sptinc_p0p50_999_j_TZ
Pre-tax national income 
Bottom 50% | share | all ages | equal split
",p0p50,2010,0.1393,2.0,TZA,Sub-Saharan Africa
Tanzania,"sptinc_p0p50_999_j_TZ
Pre-tax national income 
Bottom 50% | share | all ages | equal split
",p0p50,2011,0.1413,3.0,TZA,Sub-Saharan Africa
Tanzania,"sptinc_p0p50_999_j_TZ
Pre-tax national income 
Bottom 50% | share | all ages | equal split
",p0p50,2012,0.1394,2.0,TZA,Sub-Saharan Africa
Tanzania,"sptinc_p0p50_999_j_TZ
Pre-tax national income 
Bottom 50% | share | all ages | equal split
",p0p50,2013,0.1374,2.0,TZA,Sub-Saharan Africa
Tanzania,"sptinc_p0p50_999_j_TZ
Pre-tax national income 
Bottom 50% | share | all ages | equal split
",p0p50,2014,0.1354,2.0,TZA,Sub-Saharan Africa
Tanzania,"sptinc_p0p50_999_j_TZ
Pre-tax national income 
Bottom 50% | share | all ages | equal split
",p0p50,2015,0.1334,2.0,TZA,Sub-Saharan Africa
Tanzania,"sptinc_p0p50_999_j_TZ
Pre-tax national income 
Bottom 50% | share | all ages | equal split
",p0p50,2016,0.1315,2.0,TZA,Sub-Saharan Africa
Tanzania,"sptinc_p0p50_999_j_TZ
Pre-tax national income 
Bottom 50% | share | all ages | equal split
",p0p50,2017,0.1295,2.0,TZA,Sub-Saharan Africa
Tanzania,"sptinc_p0p50_999_j_TZ
Pre-tax national income 
Bottom 50% | share | all ages | equal split
",p0p50,2018,0.1295,3.0,TZA,Sub-Saharan Africa
Tanzania,"sptinc_p0p50_999_j_TZ
Pre-tax national income 
Bottom 50% | share | all ages | equal split
",p0p50,2019,0.1295,1.0,TZA,Sub-Saharan Africa
Tanzania,"sptinc_p0p50_999_j_TZ
Pre-tax national income 
Bottom 50% | share | all ages | equal split
",p0p50,2020,0.1295,1.0,TZA,Sub-Saharan Africa
Tanzania,"sptinc_p0p50_999_j_TZ
Pre-tax national income 
Bottom 50% | share | all ages | equal split
",p0p50,2021,0.1295,1.0,TZA,Sub-Saharan Africa
Tanzania,"sptinc_p0p50_999_j_TZ
Pre-tax national income 
Bottom 50% | share | all ages | equal split
",p0p50,2022,0.1295,1.0,TZA,Sub-Saharan Africa
Tanzania,"sptinc_p0p50_999_j_TZ
Pre-tax national income 
Bottom 50% | share | all ages | equal split
",p0p50,2023,0.1295,1.0,TZA,Sub-Saharan Africa
Tanzania,"sptinc_p0p50_999_j_TZ
Pre-tax national income 
Bottom 50% | share | all ages | equal split
",p0p50,2024,0.1295,1.0,TZA,Sub-Saharan Africa
Thailand,"sptinc_p0p50_999_j_TH
Pre-tax national income 
Bottom 50% | share | all ages | equal split
",p0p50,1960,0.1735,0.0,THA,Southeast Asia
Thailand,"sptinc_p0p50_999_j_TH
Pre-tax national income 
Bottom 50% | share | all ages | equal split
",p0p50,1970,0.1571,0.0,THA,Southeast Asia
Thailand,"sptinc_p0p50_999_j_TH
Pre-tax national income 
Bottom 50% | share | all ages | equal split
",p0p50,1980,0.0966,3.0,THA,Southeast Asia
Thailand,"sptinc_p0p50_999_j_TH
Pre-tax national income 
Bottom 50% | share | all ages | equal split
",p0p50,1981,0.0966,3.0,THA,Southeast Asia
Thailand,"sptinc_p0p50_999_j_TH
Pre-tax national income 
Bottom 50% | share | all ages | equal split
",p0p50,1982,0.097,3.0,THA,Southeast Asia
Thailand,"sptinc_p0p50_999_j_TH
Pre-tax national income 
Bottom 50% | share | all ages | equal split
",p0p50,1983,0.0974,3.0,THA,Southeast Asia
Thailand,"sptinc_p0p50_999_j_TH
Pre-tax national income 
Bottom 50% | share | all ages | equal split
",p0p50,1984,0.0978,3.0,THA,Southeast Asia
Thailand,"sptinc_p0p50_999_j_TH
Pre-tax national income 
Bottom 50% | share | all ages | equal split
",p0p50,1985,0.0981,3.0,THA,Southeast Asia
Thailand,"sptinc_p0p50_999_j_TH
Pre-tax national income 
Bottom 50% | share | all ages | equal split
",p0p50,1986,0.0984,3.0,THA,Southeast Asia
Thailand,"sptinc_p0p50_999_j_TH
Pre-tax national income 
Bottom 50% | share | all ages | equal split
",p0p50,1987,0.0987,3.0,THA,Southeast Asia
Thailand,"sptinc_p0p50_999_j_TH
Pre-tax national income 
Bottom 50% | share | all ages | equal split
",p0p50,1988,0.0989,3.0,THA,Southeast Asia
Thailand,"sptinc_p0p50_999_j_TH
Pre-tax national income 
Bottom 50% | share | all ages | equal split
",p0p50,1989,0.097,3.0,THA,Southeast Asia
Thailand,"sptinc_p0p50_999_j_TH
Pre-tax national income 
Bottom 50% | share | all ages | equal split
",p0p50,1990,0.0956,3.0,THA,Southeast Asia
Thailand,"sptinc_p0p50_999_j_TH
Pre-tax national income 
Bottom 50% | share | all ages | equal split
",p0p50,1991,0.0915,3.0,THA,Southeast Asia
Thailand,"sptinc_p0p50_999_j_TH
Pre-tax national income 
Bottom 50% | share | all ages | equal split
",p0p50,1992,0.0881,3.0,THA,Southeast Asia
Thailand,"sptinc_p0p50_999_j_TH
Pre-tax national income 
Bottom 50% | share | all ages | equal split
",p0p50,1993,0.0948,3.0,THA,Southeast Asia
Thailand,"sptinc_p0p50_999_j_TH
Pre-tax national income 
Bottom 50% | share | all ages | equal split
",p0p50,1994,0.1004,3.0,THA,Southeast Asia
Thailand,"sptinc_p0p50_999_j_TH
Pre-tax national income 
Bottom 50% | share | all ages | equal split
",p0p50,1995,0.102,3.0,THA,Southeast Asia
Thailand,"sptinc_p0p50_999_j_TH
Pre-tax national income 
Bottom 50% | share | all ages | equal split
",p0p50,1996,0.1032,3.0,THA,Southeast Asia
Thailand,"sptinc_p0p50_999_j_TH
Pre-tax national income 
Bottom 50% | share | all ages | equal split
",p0p50,1997,0.1055,3.0,THA,Southeast Asia
Thailand,"sptinc_p0p50_999_j_TH
Pre-tax national income 
Bottom 50% | share | all ages | equal split
",p0p50,1998,0.1076,3.0,THA,Southeast Asia
Thailand,"sptinc_p0p50_999_j_TH
Pre-tax national income 
Bottom 50% | share | all ages | equal split
",p0p50,1999,0.1028,3.0,THA,Southeast Asia
Thailand,"sptinc_p0p50_999_j_TH
Pre-tax national income 
Bottom 50% | share | all ages | equal split
",p0p50,2000,0.1012,3.0,THA,Southeast Asia
Thailand,"sptinc_p0p50_999_j_TH
Pre-tax national income 
Bottom 50% | share | all ages | equal split
",p0p50,2001,0.086,4.0,THA,Southeast Asia
Thailand,"sptinc_p0p50_999_j_TH
Pre-tax national income 
Bottom 50% | share | all ages | equal split
",p0p50,2002,0.1016,4.0,THA,Southeast Asia
Thailand,"sptinc_p0p50_999_j_TH
Pre-tax national income 
Bottom 50% | share | all ages | equal split
",p0p50,2003,0.0955,4.0,THA,Southeast Asia
Thailand,"sptinc_p0p50_999_j_TH
Pre-tax national income 
Bottom 50% | share | all ages | equal split
",p0p50,2004,0.106,4.0,THA,Southeast Asia
Thailand,"sptinc_p0p50_999_j_TH
Pre-tax national income 
Bottom 50% | share | all ages | equal split
",p0p50,2005,0.1058,4.0,THA,Southeast Asia
Thailand,"sptinc_p0p50_999_j_TH
Pre-tax national income 
Bottom 50% | share | all ages | equal split
",p0p50,2006,0.1064,4.0,THA,Southeast Asia
Thailand,"sptinc_p0p50_999_j_TH
Pre-tax national income 
Bottom 50% | share | all ages | equal split
",p0p50,2007,0.11,4.0,THA,Southeast Asia
Thailand,"sptinc_p0p50_999_j_TH
Pre-tax national income 
Bottom 50% | share | all ages | equal split
",p0p50,2008,0.1134,4.0,THA,Southeast Asia
Thailand,"sptinc_p0p50_999_j_TH
Pre-tax national income 
Bottom 50% | share | all ages | equal split
",p0p50,2009,0.1161,4.0,THA,Southeast Asia
Thailand,"sptinc_p0p50_999_j_TH
Pre-tax national income 
Bottom 50% | share | all ages | equal split
",p0p50,2010,0.1147,4.0,THA,Southeast Asia
Thailand,"sptinc_p0p50_999_j_TH
Pre-tax national income 
Bottom 50% | share | all ages | equal split
",p0p50,2011,0.1182,4.0,THA,Southeast Asia
Thailand,"sptinc_p0p50_999_j_TH
Pre-tax national income 
Bottom 50% | share | all ages | equal split
",p0p50,2012,0.1164,4.0,THA,Southeast Asia
Thailand,"sptinc_p0p50_999_j_TH
Pre-tax national income 
Bottom 50% | share | all ages | equal split
",p0p50,2013,0.1252,4.0,THA,Southeast Asia
Thailand,"sptinc_p0p50_999_j_TH
Pre-tax national income 
Bottom 50% | share | all ages | equal split
",p0p50,2014,0.1248,4.0,THA,Southeast Asia
Thailand,"sptinc_p0p50_999_j_TH
Pre-tax national income 
Bottom 50% | share | all ages | equal split
",p0p50,2015,0.1338,4.0,THA,Southeast Asia
Thailand,"sptinc_p0p50_999_j_TH
Pre-tax national income 
Bottom 50% | share | all ages | equal split
",p0p50,2016,0.1307,4.0,THA,Southeast Asia
Thailand,"sptinc_p0p50_999_j_TH
Pre-tax national income 
Bottom 50% | share | all ages | equal split
",p0p50,2017,0.1054,4.0,THA,Southeast Asia
Thailand,"sptinc_p0p50_999_j_TH
Pre-tax national income 
Bottom 50% | share | all ages | equal split
",p0p50,2018,0.1124,4.0,THA,Southeast Asia
Thailand,"sptinc_p0p50_999_j_TH
Pre-tax national income 
Bottom 50% | share | all ages | equal split
",p0p50,2019,0.117,4.0,THA,Southeast Asia
Thailand,"sptinc_p0p50_999_j_TH
Pre-tax national income 
Bottom 50% | share | all ages | equal split
",p0p50,2020,0.1143,4.0,THA,Southeast Asia
Thailand,"sptinc_p0p50_999_j_TH
Pre-tax national income 
Bottom 50% | share | all ages | equal split
",p0p50,2021,0.1065,4.0,THA,Southeast Asia
Thailand,"sptinc_p0p50_999_j_TH
Pre-tax national income 
Bottom 50% | share | all ages | equal split
",p0p50,2022,0.1065,1.0,THA,Southeast Asia
Thailand,"sptinc_p0p50_999_j_TH
Pre-tax national income 
Bottom 50% | share | all ages | equal split
",p0p50,2023,0.1065,1.0,THA,Southeast Asia
Thailand,"sptinc_p0p50_999_j_TH
Pre-tax national income 
Bottom 50% | share | all ages | equal split
",p0p50,2024,0.1065,1.0,THA,Southeast Asia
Tonga,"sptinc_p0p50_999_j_TO
Pre-tax national income 
Bottom 50% | share | all ages | equal split
",p0p50,1980,0.2121,0.0,TON,Oceania
Tonga,"sptinc_p0p50_999_j_TO
Pre-tax national income 
Bottom 50% | share | all ages | equal split
",p0p50,1981,0.2117,0.0,TON,Oceania
Tonga,"sptinc_p0p50_999_j_TO
Pre-tax national income 
Bottom 50% | share | all ages | equal split
",p0p50,1982,0.2113,0.0,TON,Oceania
Tonga,"sptinc_p0p50_999_j_TO
Pre-tax national income 
Bottom 50% | share | all ages | equal split
",p0p50,1983,0.2108,0.0,TON,Oceania
Tonga,"sptinc_p0p50_999_j_TO
Pre-tax national income 
Bottom 50% | share | all ages | equal split
",p0p50,1984,0.2104,0.0,TON,Oceania
Tonga,"sptinc_p0p50_999_j_TO
Pre-tax national income 
Bottom 50% | share | all ages | equal split
",p0p50,1985,0.21,0.0,TON,Oceania
Tonga,"sptinc_p0p50_999_j_TO
Pre-tax national income 
Bottom 50% | share | all ages | equal split
",p0p50,1986,0.2095,0.0,TON,Oceania
Tonga,"sptinc_p0p50_999_j_TO
Pre-tax national income 
Bottom 50% | share | all ages | equal split
",p0p50,1987,0.209,0.0,TON,Oceania
Tonga,"sptinc_p0p50_999_j_TO
Pre-tax national income 
Bottom 50% | share | all ages | equal split
",p0p50,1988,0.2086,0.0,TON,Oceania
Tonga,"sptinc_p0p50_999_j_TO
Pre-tax national income 
Bottom 50% | share | all ages | equal split
",p0p50,1989,0.2081,0.0,TON,Oceania
Tonga,"sptinc_p0p50_999_j_TO
Pre-tax national income 
Bottom 50% | share | all ages | equal split
",p0p50,1990,0.2076,0.0,TON,Oceania
Tonga,"sptinc_p0p50_999_j_TO
Pre-tax national income 
Bottom 50% | share | all ages | equal split
",p0p50,1991,0.2075,0.0,TON,Oceania
Tonga,"sptinc_p0p50_999_j_TO
Pre-tax national income 
Bottom 50% | share | all ages | equal split
",p0p50,1992,0.2075,0.0,TON,Oceania
Tonga,"sptinc_p0p50_999_j_TO
Pre-tax national income 
Bottom 50% | share | all ages | equal split
",p0p50,1993,0.2075,0.0,TON,Oceania
Tonga,"sptinc_p0p50_999_j_TO
Pre-tax national income 
Bottom 50% | share | all ages | equal split
",p0p50,1994,0.2074,0.0,TON,Oceania
Tonga,"sptinc_p0p50_999_j_TO
Pre-tax national income 
Bottom 50% | share | all ages | equal split
",p0p50,1995,0.2074,0.0,TON,Oceania
Tonga,"sptinc_p0p50_999_j_TO
Pre-tax national income 
Bottom 50% | share | all ages | equal split
",p0p50,1996,0.2073,0.0,TON,Oceania
Tonga,"sptinc_p0p50_999_j_TO
Pre-tax national income 
Bottom 50% | share | all ages | equal split
",p0p50,1997,0.2073,0.0,TON,Oceania
Tonga,"sptinc_p0p50_999_j_TO
Pre-tax national income 
Bottom 50% | share | all ages | equal split
",p0p50,1998,0.2073,0.0,TON,Oceania
Tonga,"sptinc_p0p50_999_j_TO
Pre-tax national income 
Bottom 50% | share | all ages | equal split
",p0p50,1999,0.2072,0.0,TON,Oceania
Tonga,"sptinc_p0p50_999_j_TO
Pre-tax national income 
Bottom 50% | share | all ages | equal split
",p0p50,2000,0.2072,0.0,TON,Oceania
Tonga,"sptinc_p0p50_999_j_TO
Pre-tax national income 
Bottom 50% | share | all ages | equal split
",p0p50,2001,0.2027,0.0,TON,Oceania
Tonga,"sptinc_p0p50_999_j_TO
Pre-tax national income 
Bottom 50% | share | all ages | equal split
",p0p50,2002,0.1983,0.0,TON,Oceania
Tonga,"sptinc_p0p50_999_j_TO
Pre-tax national income 
Bottom 50% | share | all ages | equal split
",p0p50,2003,0.194,0.0,TON,Oceania
Tonga,"sptinc_p0p50_999_j_TO
Pre-tax national income 
Bottom 50% | share | all ages | equal split
",p0p50,2004,0.1898,0.0,TON,Oceania
Tonga,"sptinc_p0p50_999_j_TO
Pre-tax national income 
Bottom 50% | share | all ages | equal split
",p0p50,2005,0.1857,0.0,TON,Oceania
Tonga,"sptinc_p0p50_999_j_TO
Pre-tax national income 
Bottom 50% | share | all ages | equal split
",p0p50,2006,0.1817,0.0,TON,Oceania
Tonga,"sptinc_p0p50_999_j_TO
Pre-tax national income 
Bottom 50% | share | all ages | equal split
",p0p50,2007,0.1778,0.0,TON,Oceania
Tonga,"sptinc_p0p50_999_j_TO
Pre-tax national income 
Bottom 50% | share | all ages | equal split
",p0p50,2008,0.1739,0.0,TON,Oceania
Tonga,"sptinc_p0p50_999_j_TO
Pre-tax national income 
Bottom 50% | share | all ages | equal split
",p0p50,2009,0.1702,0.0,TON,Oceania
Tonga,"sptinc_p0p50_999_j_TO
Pre-tax national income 
Bottom 50% | share | all ages | equal split
",p0p50,2010,0.1665,0.0,TON,Oceania
Tonga,"sptinc_p0p50_999_j_TO
Pre-tax national income 
Bottom 50% | share | all ages | equal split
",p0p50,2011,0.1655,0.0,TON,Oceania
Tonga,"sptinc_p0p50_999_j_TO
Pre-tax national income 
Bottom 50% | share | all ages | equal split
",p0p50,2012,0.1645,0.0,TON,Oceania
Tonga,"sptinc_p0p50_999_j_TO
Pre-tax national income 
Bottom 50% | share | all ages | equal split
",p0p50,2013,0.1636,0.0,TON,Oceania
Tonga,"sptinc_p0p50_999_j_TO
Pre-tax national income 
Bottom 50% | share | all ages | equal split
",p0p50,2014,0.1627,0.0,TON,Oceania
Tonga,"sptinc_p0p50_999_j_TO
Pre-tax national income 
Bottom 50% | share | all ages | equal split
",p0p50,2015,0.1619,0.0,TON,Oceania
Tonga,"sptinc_p0p50_999_j_TO
Pre-tax national income 
Bottom 50% | share | all ages | equal split
",p0p50,2016,0.1611,0.0,TON,Oceania
Tonga,"sptinc_p0p50_999_j_TO
Pre-tax national income 
Bottom 50% | share | all ages | equal split
",p0p50,2017,0.1603,0.0,TON,Oceania
Tonga,"sptinc_p0p50_999_j_TO
Pre-tax national income 
Bottom 50% | share | all ages | equal split
",p0p50,2018,0.1596,0.0,TON,Oceania
Tonga,"sptinc_p0p50_999_j_TO
Pre-tax national income 
Bottom 50% | share | all ages | equal split
",p0p50,2019,0.1589,0.0,TON,Oceania
Tonga,"sptinc_p0p50_999_j_TO
Pre-tax national income 
Bottom 50% | share | all ages | equal split
",p0p50,2020,0.1582,0.0,TON,Oceania
Tonga,"sptinc_p0p50_999_j_TO
Pre-tax national income 
Bottom 50% | share | all ages | equal split
",p0p50,2021,0.1582,0.0,TON,Oceania
Tonga,"sptinc_p0p50_999_j_TO
Pre-tax national income 
Bottom 50% | share | all ages | equal split
",p0p50,2022,0.1582,0.0,TON,Oceania
Tonga,"sptinc_p0p50_999_j_TO
Pre-tax national income 
Bottom 50% | share | all ages | equal split
",p0p50,2023,0.1582,0.0,TON,Oceania
Tonga,"sptinc_p0p50_999_j_TO
Pre-tax national income 
Bottom 50% | share | all ages | equal split
",p0p50,2024,0.1582,0.0,TON,Oceania
Trinidad and Tobago,"sptinc_p0p50_999_j_TT
Pre-tax national income 
Bottom 50% | share | all ages | equal split
",p0p50,1980,0.0839,0.0,TTO,Latin America & Caribbean
Trinidad and Tobago,"sptinc_p0p50_999_j_TT
Pre-tax national income 
Bottom 50% | share | all ages | equal split
",p0p50,1981,0.0839,0.0,TTO,Latin America & Caribbean
Trinidad and Tobago,"sptinc_p0p50_999_j_TT
Pre-tax national income 
Bottom 50% | share | all ages | equal split
",p0p50,1982,0.0839,0.0,TTO,Latin America & Caribbean
Trinidad and Tobago,"sptinc_p0p50_999_j_TT
Pre-tax national income 
Bottom 50% | share | all ages | equal split
",p0p50,1983,0.0839,0.0,TTO,Latin America & Caribbean
Trinidad and Tobago,"sptinc_p0p50_999_j_TT
Pre-tax national income 
Bottom 50% | share | all ages | equal split
",p0p50,1984,0.0839,0.0,TTO,Latin America & Caribbean
Trinidad and Tobago,"sptinc_p0p50_999_j_TT
Pre-tax national income 
Bottom 50% | share | all ages | equal split
",p0p50,1985,0.0839,0.0,TTO,Latin America & Caribbean
Trinidad and Tobago,"sptinc_p0p50_999_j_TT
Pre-tax national income 
Bottom 50% | share | all ages | equal split
",p0p50,1986,0.0839,0.0,TTO,Latin America & Caribbean
Trinidad and Tobago,"sptinc_p0p50_999_j_TT
Pre-tax national income 
Bottom 50% | share | all ages | equal split
",p0p50,1987,0.0839,0.0,TTO,Latin America & Caribbean
Trinidad and Tobago,"sptinc_p0p50_999_j_TT
Pre-tax national income 
Bottom 50% | share | all ages | equal split
",p0p50,1988,0.0839,0.0,TTO,Latin America & Caribbean
Trinidad and Tobago,"sptinc_p0p50_999_j_TT
Pre-tax national income 
Bottom 50% | share | all ages | equal split
",p0p50,1989,0.0839,0.0,TTO,Latin America & Caribbean
Trinidad and Tobago,"sptinc_p0p50_999_j_TT
Pre-tax national income 
Bottom 50% | share | all ages | equal split
",p0p50,1990,0.0839,0.0,TTO,Latin America & Caribbean
Trinidad and Tobago,"sptinc_p0p50_999_j_TT
Pre-tax national income 
Bottom 50% | share | all ages | equal split
",p0p50,1991,0.0839,0.0,TTO,Latin America & Caribbean
Trinidad and Tobago,"sptinc_p0p50_999_j_TT
Pre-tax national income 
Bottom 50% | share | all ages | equal split
",p0p50,1992,0.0839,0.0,TTO,Latin America & Caribbean
Trinidad and Tobago,"sptinc_p0p50_999_j_TT
Pre-tax national income 
Bottom 50% | share | all ages | equal split
",p0p50,1993,0.0839,0.0,TTO,Latin America & Caribbean
Trinidad and Tobago,"sptinc_p0p50_999_j_TT
Pre-tax national income 
Bottom 50% | share | all ages | equal split
",p0p50,1994,0.0839,0.0,TTO,Latin America & Caribbean
Trinidad and Tobago,"sptinc_p0p50_999_j_TT
Pre-tax national income 
Bottom 50% | share | all ages | equal split
",p0p50,1995,0.0839,0.0,TTO,Latin America & Caribbean
Trinidad and Tobago,"sptinc_p0p50_999_j_TT
Pre-tax national income 
Bottom 50% | share | all ages | equal split
",p0p50,1996,0.0839,0.0,TTO,Latin America & Caribbean
Trinidad and Tobago,"sptinc_p0p50_999_j_TT
Pre-tax national income 
Bottom 50% | share | all ages | equal split
",p0p50,1997,0.0839,0.0,TTO,Latin America & Caribbean
Trinidad and Tobago,"sptinc_p0p50_999_j_TT
Pre-tax national income 
Bottom 50% | share | all ages | equal split
",p0p50,1998,0.0839,0.0,TTO,Latin America & Caribbean
Trinidad and Tobago,"sptinc_p0p50_999_j_TT
Pre-tax national income 
Bottom 50% | share | all ages | equal split
",p0p50,1999,0.0839,0.0,TTO,Latin America & Caribbean
Trinidad and Tobago,"sptinc_p0p50_999_j_TT
Pre-tax national income 
Bottom 50% | share | all ages | equal split
",p0p50,2000,0.0839,0.0,TTO,Latin America & Caribbean
Trinidad and Tobago,"sptinc_p0p50_999_j_TT
Pre-tax national income 
Bottom 50% | share | all ages | equal split
",p0p50,2001,0.0802,0.0,TTO,Latin America & Caribbean
Trinidad and Tobago,"sptinc_p0p50_999_j_TT
Pre-tax national income 
Bottom 50% | share | all ages | equal split
",p0p50,2002,0.081,0.0,TTO,Latin America & Caribbean
Trinidad and Tobago,"sptinc_p0p50_999_j_TT
Pre-tax national income 
Bottom 50% | share | all ages | equal split
",p0p50,2003,0.0848,0.0,TTO,Latin America & Caribbean
Trinidad and Tobago,"sptinc_p0p50_999_j_TT
Pre-tax national income 
Bottom 50% | share | all ages | equal split
",p0p50,2004,0.0872,0.0,TTO,Latin America & Caribbean
Trinidad and Tobago,"sptinc_p0p50_999_j_TT
Pre-tax national income 
Bottom 50% | share | all ages | equal split
",p0p50,2005,0.087,0.0,TTO,Latin America & Caribbean
Trinidad and Tobago,"sptinc_p0p50_999_j_TT
Pre-tax national income 
Bottom 50% | share | all ages | equal split
",p0p50,2006,0.0904,0.0,TTO,Latin America & Caribbean
Trinidad and Tobago,"sptinc_p0p50_999_j_TT
Pre-tax national income 
Bottom 50% | share | all ages | equal split
",p0p50,2007,0.0892,0.0,TTO,Latin America & Caribbean
Trinidad and Tobago,"sptinc_p0p50_999_j_TT
Pre-tax national income 
Bottom 50% | share | all ages | equal split
",p0p50,2008,0.0916,0.0,TTO,Latin America & Caribbean
Trinidad and Tobago,"sptinc_p0p50_999_j_TT
Pre-tax national income 
Bottom 50% | share | all ages | equal split
",p0p50,2009,0.0933,0.0,TTO,Latin America & Caribbean
Trinidad and Tobago,"sptinc_p0p50_999_j_TT
Pre-tax national income 
Bottom 50% | share | all ages | equal split
",p0p50,2010,0.0947,0.0,TTO,Latin America & Caribbean
Trinidad and Tobago,"sptinc_p0p50_999_j_TT
Pre-tax national income 
Bottom 50% | share | all ages | equal split
",p0p50,2011,0.0978,0.0,TTO,Latin America & Caribbean
Trinidad and Tobago,"sptinc_p0p50_999_j_TT
Pre-tax national income 
Bottom 50% | share | all ages | equal split
",p0p50,2012,0.1003,0.0,TTO,Latin America & Caribbean
Trinidad and Tobago,"sptinc_p0p50_999_j_TT
Pre-tax national income 
Bottom 50% | share | all ages | equal split
",p0p50,2013,0.1009,0.0,TTO,Latin America & Caribbean
Trinidad and Tobago,"sptinc_p0p50_999_j_TT
Pre-tax national income 
Bottom 50% | share | all ages | equal split
",p0p50,2014,0.1025,0.0,TTO,Latin America & Caribbean
Trinidad and Tobago,"sptinc_p0p50_999_j_TT
Pre-tax national income 
Bottom 50% | share | all ages | equal split
",p0p50,2015,0.1031,0.0,TTO,Latin America & Caribbean
Trinidad and Tobago,"sptinc_p0p50_999_j_TT
Pre-tax national income 
Bottom 50% | share | all ages | equal split
",p0p50,2016,0.1028,0.0,TTO,Latin America & Caribbean
Trinidad and Tobago,"sptinc_p0p50_999_j_TT
Pre-tax national income 
Bottom 50% | share | all ages | equal split
",p0p50,2017,0.102,0.0,TTO,Latin America & Caribbean
Trinidad and Tobago,"sptinc_p0p50_999_j_TT
Pre-tax national income 
Bottom 50% | share | all ages | equal split
",p0p50,2018,0.1011,0.0,TTO,Latin America & Caribbean
Trinidad and Tobago,"sptinc_p0p50_999_j_TT
Pre-tax national income 
Bottom 50% | share | all ages | equal split
",p0p50,2019,0.1015,0.0,TTO,Latin America & Caribbean
Trinidad and Tobago,"sptinc_p0p50_999_j_TT
Pre-tax national income 
Bottom 50% | share | all ages | equal split
",p0p50,2020,0.0869,0.0,TTO,Latin America & Caribbean
Trinidad and Tobago,"sptinc_p0p50_999_j_TT
Pre-tax national income 
Bottom 50% | share | all ages | equal split
",p0p50,2021,0.0949,0.0,TTO,Latin America & Caribbean
Trinidad and Tobago,"sptinc_p0p50_999_j_TT
Pre-tax national income 
Bottom 50% | share | all ages | equal split
",p0p50,2022,0.1014,0.0,TTO,Latin America & Caribbean
Trinidad and Tobago,"sptinc_p0p50_999_j_TT
Pre-tax national income 
Bottom 50% | share | all ages | equal split
",p0p50,2023,0.1011,0.0,TTO,Latin America & Caribbean
Trinidad and Tobago,"sptinc_p0p50_999_j_TT
Pre-tax national income 
Bottom 50% | share | all ages | equal split
",p0p50,2024,0.1011,0.0,TTO,Latin America & Caribbean
Tunisia,"sptinc_p0p50_999_j_TN
Pre-tax national income 
Bottom 50% | share | all ages | equal split
",p0p50,1980,0.1112,1.0,TUN,MENA
Tunisia,"sptinc_p0p50_999_j_TN
Pre-tax national income 
Bottom 50% | share | all ages | equal split
",p0p50,1981,0.1112,1.0,TUN,MENA
Tunisia,"sptinc_p0p50_999_j_TN
Pre-tax national income 
Bottom 50% | share | all ages | equal split
",p0p50,1982,0.1112,1.0,TUN,MENA
Tunisia,"sptinc_p0p50_999_j_TN
Pre-tax national income 
Bottom 50% | share | all ages | equal split
",p0p50,1983,0.1112,1.0,TUN,MENA
Tunisia,"sptinc_p0p50_999_j_TN
Pre-tax national income 
Bottom 50% | share | all ages | equal split
",p0p50,1984,0.1112,1.0,TUN,MENA
Tunisia,"sptinc_p0p50_999_j_TN
Pre-tax national income 
Bottom 50% | share | all ages | equal split
",p0p50,1985,0.1112,1.0,TUN,MENA
Tunisia,"sptinc_p0p50_999_j_TN
Pre-tax national income 
Bottom 50% | share | all ages | equal split
",p0p50,1986,0.1112,1.0,TUN,MENA
Tunisia,"sptinc_p0p50_999_j_TN
Pre-tax national income 
Bottom 50% | share | all ages | equal split
",p0p50,1987,0.1112,1.0,TUN,MENA
Tunisia,"sptinc_p0p50_999_j_TN
Pre-tax national income 
Bottom 50% | share | all ages | equal split
",p0p50,1988,0.1112,1.0,TUN,MENA
Tunisia,"sptinc_p0p50_999_j_TN
Pre-tax national income 
Bottom 50% | share | all ages | equal split
",p0p50,1989,0.1112,1.0,TUN,MENA
Tunisia,"sptinc_p0p50_999_j_TN
Pre-tax national income 
Bottom 50% | share | all ages | equal split
",p0p50,1990,0.1112,1.0,TUN,MENA
Tunisia,"sptinc_p0p50_999_j_TN
Pre-tax national income 
Bottom 50% | share | all ages | equal split
",p0p50,1991,0.1112,1.0,TUN,MENA
Tunisia,"sptinc_p0p50_999_j_TN
Pre-tax national income 
Bottom 50% | share | all ages | equal split
",p0p50,1992,0.1112,1.0,TUN,MENA
Tunisia,"sptinc_p0p50_999_j_TN
Pre-tax national income 
Bottom 50% | share | all ages | equal split
",p0p50,1993,0.1112,1.0,TUN,MENA
Tunisia,"sptinc_p0p50_999_j_TN
Pre-tax national income 
Bottom 50% | share | all ages | equal split
",p0p50,1994,0.1112,1.0,TUN,MENA
Tunisia,"sptinc_p0p50_999_j_TN
Pre-tax national income 
Bottom 50% | share | all ages | equal split
",p0p50,1995,0.1112,1.0,TUN,MENA
Tunisia,"sptinc_p0p50_999_j_TN
Pre-tax national income 
Bottom 50% | share | all ages | equal split
",p0p50,1996,0.1112,1.0,TUN,MENA
Tunisia,"sptinc_p0p50_999_j_TN
Pre-tax national income 
Bottom 50% | share | all ages | equal split
",p0p50,1997,0.1112,1.0,TUN,MENA
Tunisia,"sptinc_p0p50_999_j_TN
Pre-tax national income 
Bottom 50% | share | all ages | equal split
",p0p50,1998,0.1112,1.0,TUN,MENA
Tunisia,"sptinc_p0p50_999_j_TN
Pre-tax national income 
Bottom 50% | share | all ages | equal split
",p0p50,1999,0.1112,1.0,TUN,MENA
Tunisia,"sptinc_p0p50_999_j_TN
Pre-tax national income 
Bottom 50% | share | all ages | equal split
",p0p50,2000,0.1112,1.0,TUN,MENA
Tunisia,"sptinc_p0p50_999_j_TN
Pre-tax national income 
Bottom 50% | share | all ages | equal split
",p0p50,2001,0.1112,1.0,TUN,MENA
Tunisia,"sptinc_p0p50_999_j_TN
Pre-tax national income 
Bottom 50% | share | all ages | equal split
",p0p50,2002,0.1112,1.0,TUN,MENA
Tunisia,"sptinc_p0p50_999_j_TN
Pre-tax national income 
Bottom 50% | share | all ages | equal split
",p0p50,2003,0.1112,1.0,TUN,MENA
Tunisia,"sptinc_p0p50_999_j_TN
Pre-tax national income 
Bottom 50% | share | all ages | equal split
",p0p50,2004,0.1112,1.0,TUN,MENA
Tunisia,"sptinc_p0p50_999_j_TN
Pre-tax national income 
Bottom 50% | share | all ages | equal split
",p0p50,2005,0.1112,3.0,TUN,MENA
Tunisia,"sptinc_p0p50_999_j_TN
Pre-tax national income 
Bottom 50% | share | all ages | equal split
",p0p50,2006,0.1135,2.0,TUN,MENA
Tunisia,"sptinc_p0p50_999_j_TN
Pre-tax national income 
Bottom 50% | share | all ages | equal split
",p0p50,2007,0.1156,2.0,TUN,MENA
Tunisia,"sptinc_p0p50_999_j_TN
Pre-tax national income 
Bottom 50% | share | all ages | equal split
",p0p50,2008,0.1176,2.0,TUN,MENA
Tunisia,"sptinc_p0p50_999_j_TN
Pre-tax national income 
Bottom 50% | share | all ages | equal split
",p0p50,2009,0.1194,2.0,TUN,MENA
Tunisia,"sptinc_p0p50_999_j_TN
Pre-tax national income 
Bottom 50% | share | all ages | equal split
",p0p50,2010,0.1212,3.0,TUN,MENA
Tunisia,"sptinc_p0p50_999_j_TN
Pre-tax national income 
Bottom 50% | share | all ages | equal split
",p0p50,2011,0.1226,3.0,TUN,MENA
Tunisia,"sptinc_p0p50_999_j_TN
Pre-tax national income 
Bottom 50% | share | all ages | equal split
",p0p50,2012,0.1232,2.0,TUN,MENA
Tunisia,"sptinc_p0p50_999_j_TN
Pre-tax national income 
Bottom 50% | share | all ages | equal split
",p0p50,2013,0.1238,3.0,TUN,MENA
Tunisia,"sptinc_p0p50_999_j_TN
Pre-tax national income 
Bottom 50% | share | all ages | equal split
",p0p50,2014,0.1238,2.0,TUN,MENA
Tunisia,"sptinc_p0p50_999_j_TN
Pre-tax national income 
Bottom 50% | share | all ages | equal split
",p0p50,2015,0.1238,2.0,TUN,MENA
Tunisia,"sptinc_p0p50_999_j_TN
Pre-tax national income 
Bottom 50% | share | all ages | equal split
",p0p50,2016,0.1238,2.0,TUN,MENA
Tunisia,"sptinc_p0p50_999_j_TN
Pre-tax national income 
Bottom 50% | share | all ages | equal split
",p0p50,2017,0.1238,2.0,TUN,MENA
Tunisia,"sptinc_p0p50_999_j_TN
Pre-tax national income 
Bottom 50% | share | all ages | equal split
",p0p50,2018,0.1238,2.0,TUN,MENA
Tunisia,"sptinc_p0p50_999_j_TN
Pre-tax national income 
Bottom 50% | share | all ages | equal split
",p0p50,2019,0.1238,2.0,TUN,MENA
Tunisia,"sptinc_p0p50_999_j_TN
Pre-tax national income 
Bottom 50% | share | all ages | equal split
",p0p50,2020,0.1238,2.0,TUN,MENA
Tunisia,"sptinc_p0p50_999_j_TN
Pre-tax national income 
Bottom 50% | share | all ages | equal split
",p0p50,2021,0.1238,3.0,TUN,MENA
Tunisia,"sptinc_p0p50_999_j_TN
Pre-tax national income 
Bottom 50% | share | all ages | equal split
",p0p50,2022,0.1238,1.0,TUN,MENA
Tunisia,"sptinc_p0p50_999_j_TN
Pre-tax national income 
Bottom 50% | share | all ages | equal split
",p0p50,2023,0.1238,1.0,TUN,MENA
Tunisia,"sptinc_p0p50_999_j_TN
Pre-tax national income 
Bottom 50% | share | all ages | equal split
",p0p50,2024,0.1238,1.0,TUN,MENA
Turkey,"sptinc_p0p50_999_j_TR
Pre-tax national income 
Bottom 50% | share | all ages | equal split
",p0p50,1960,0.1159,0.0,TUR,MENA
Turkey,"sptinc_p0p50_999_j_TR
Pre-tax national income 
Bottom 50% | share | all ages | equal split
",p0p50,1970,0.1159,0.0,TUR,MENA
Turkey,"sptinc_p0p50_999_j_TR
Pre-tax national income 
Bottom 50% | share | all ages | equal split
",p0p50,1980,0.1054,1.0,TUR,MENA
Turkey,"sptinc_p0p50_999_j_TR
Pre-tax national income 
Bottom 50% | share | all ages | equal split
",p0p50,1981,0.1054,1.0,TUR,MENA
Turkey,"sptinc_p0p50_999_j_TR
Pre-tax national income 
Bottom 50% | share | all ages | equal split
",p0p50,1982,0.1054,1.0,TUR,MENA
Turkey,"sptinc_p0p50_999_j_TR
Pre-tax national income 
Bottom 50% | share | all ages | equal split
",p0p50,1983,0.1054,1.0,TUR,MENA
Turkey,"sptinc_p0p50_999_j_TR
Pre-tax national income 
Bottom 50% | share | all ages | equal split
",p0p50,1984,0.1054,1.0,TUR,MENA
Turkey,"sptinc_p0p50_999_j_TR
Pre-tax national income 
Bottom 50% | share | all ages | equal split
",p0p50,1985,0.1054,1.0,TUR,MENA
Turkey,"sptinc_p0p50_999_j_TR
Pre-tax national income 
Bottom 50% | share | all ages | equal split
",p0p50,1986,0.1054,1.0,TUR,MENA
Turkey,"sptinc_p0p50_999_j_TR
Pre-tax national income 
Bottom 50% | share | all ages | equal split
",p0p50,1987,0.1054,3.0,TUR,MENA
Turkey,"sptinc_p0p50_999_j_TR
Pre-tax national income 
Bottom 50% | share | all ages | equal split
",p0p50,1988,0.1078,2.0,TUR,MENA
Turkey,"sptinc_p0p50_999_j_TR
Pre-tax national income 
Bottom 50% | share | all ages | equal split
",p0p50,1989,0.1102,2.0,TUR,MENA
Turkey,"sptinc_p0p50_999_j_TR
Pre-tax national income 
Bottom 50% | share | all ages | equal split
",p0p50,1990,0.1125,2.0,TUR,MENA
Turkey,"sptinc_p0p50_999_j_TR
Pre-tax national income 
Bottom 50% | share | all ages | equal split
",p0p50,1991,0.1149,2.0,TUR,MENA
Turkey,"sptinc_p0p50_999_j_TR
Pre-tax national income 
Bottom 50% | share | all ages | equal split
",p0p50,1992,0.1172,2.0,TUR,MENA
Turkey,"sptinc_p0p50_999_j_TR
Pre-tax national income 
Bottom 50% | share | all ages | equal split
",p0p50,1993,0.1196,2.0,TUR,MENA
Turkey,"sptinc_p0p50_999_j_TR
Pre-tax national income 
Bottom 50% | share | all ages | equal split
",p0p50,1994,0.1219,3.0,TUR,MENA
Turkey,"sptinc_p0p50_999_j_TR
Pre-tax national income 
Bottom 50% | share | all ages | equal split
",p0p50,1995,0.1222,2.0,TUR,MENA
Turkey,"sptinc_p0p50_999_j_TR
Pre-tax national income 
Bottom 50% | share | all ages | equal split
",p0p50,1996,0.1225,2.0,TUR,MENA
Turkey,"sptinc_p0p50_999_j_TR
Pre-tax national income 
Bottom 50% | share | all ages | equal split
",p0p50,1997,0.1228,2.0,TUR,MENA
Turkey,"sptinc_p0p50_999_j_TR
Pre-tax national income 
Bottom 50% | share | all ages | equal split
",p0p50,1998,0.123,2.0,TUR,MENA
Turkey,"sptinc_p0p50_999_j_TR
Pre-tax national income 
Bottom 50% | share | all ages | equal split
",p0p50,1999,0.1233,2.0,TUR,MENA
Turkey,"sptinc_p0p50_999_j_TR
Pre-tax national income 
Bottom 50% | share | all ages | equal split
",p0p50,2000,0.1236,2.0,TUR,MENA
Turkey,"sptinc_p0p50_999_j_TR
Pre-tax national income 
Bottom 50% | share | all ages | equal split
",p0p50,2001,0.1239,2.0,TUR,MENA
Turkey,"sptinc_p0p50_999_j_TR
Pre-tax national income 
Bottom 50% | share | all ages | equal split
",p0p50,2002,0.1242,2.0,TUR,MENA
Turkey,"sptinc_p0p50_999_j_TR
Pre-tax national income 
Bottom 50% | share | all ages | equal split
",p0p50,2003,0.1278,2.0,TUR,MENA
Turkey,"sptinc_p0p50_999_j_TR
Pre-tax national income 
Bottom 50% | share | all ages | equal split
",p0p50,2004,0.133,2.0,TUR,MENA
Turkey,"sptinc_p0p50_999_j_TR
Pre-tax national income 
Bottom 50% | share | all ages | equal split
",p0p50,2005,0.1422,2.0,TUR,MENA
Turkey,"sptinc_p0p50_999_j_TR
Pre-tax national income 
Bottom 50% | share | all ages | equal split
",p0p50,2006,0.1485,3.0,TUR,MENA
Turkey,"sptinc_p0p50_999_j_TR
Pre-tax national income 
Bottom 50% | share | all ages | equal split
",p0p50,2007,0.1508,3.0,TUR,MENA
Turkey,"sptinc_p0p50_999_j_TR
Pre-tax national income 
Bottom 50% | share | all ages | equal split
",p0p50,2008,0.148,3.0,TUR,MENA
Turkey,"sptinc_p0p50_999_j_TR
Pre-tax national income 
Bottom 50% | share | all ages | equal split
",p0p50,2009,0.1403,3.0,TUR,MENA
Turkey,"sptinc_p0p50_999_j_TR
Pre-tax national income 
Bottom 50% | share | all ages | equal split
",p0p50,2010,0.1465,3.0,TUR,MENA
Turkey,"sptinc_p0p50_999_j_TR
Pre-tax national income 
Bottom 50% | share | all ages | equal split
",p0p50,2011,0.1456,3.0,TUR,MENA
Turkey,"sptinc_p0p50_999_j_TR
Pre-tax national income 
Bottom 50% | share | all ages | equal split
",p0p50,2012,0.1456,3.0,TUR,MENA
Turkey,"sptinc_p0p50_999_j_TR
Pre-tax national income 
Bottom 50% | share | all ages | equal split
",p0p50,2013,0.1516,3.0,TUR,MENA
Turkey,"sptinc_p0p50_999_j_TR
Pre-tax national income 
Bottom 50% | share | all ages | equal split
",p0p50,2014,0.1446,3.0,TUR,MENA
Turkey,"sptinc_p0p50_999_j_TR
Pre-tax national income 
Bottom 50% | share | all ages | equal split
",p0p50,2015,0.1421,3.0,TUR,MENA
Turkey,"sptinc_p0p50_999_j_TR
Pre-tax national income 
Bottom 50% | share | all ages | equal split
",p0p50,2016,0.1395,3.0,TUR,MENA
Turkey,"sptinc_p0p50_999_j_TR
Pre-tax national income 
Bottom 50% | share | all ages | equal split
",p0p50,2017,0.1201,3.0,TUR,MENA
Turkey,"sptinc_p0p50_999_j_TR
Pre-tax national income 
Bottom 50% | share | all ages | equal split
",p0p50,2018,0.1188,3.0,TUR,MENA
Turkey,"sptinc_p0p50_999_j_TR
Pre-tax national income 
Bottom 50% | share | all ages | equal split
",p0p50,2019,0.1198,3.0,TUR,MENA
Turkey,"sptinc_p0p50_999_j_TR
Pre-tax national income 
Bottom 50% | share | all ages | equal split
",p0p50,2020,0.1374,3.0,TUR,MENA
Turkey,"sptinc_p0p50_999_j_TR
Pre-tax national income 
Bottom 50% | share | all ages | equal split
",p0p50,2021,0.1421,3.0,TUR,MENA
Turkey,"sptinc_p0p50_999_j_TR
Pre-tax national income 
Bottom 50% | share | all ages | equal split
",p0p50,2022,0.1333,3.0,TUR,MENA
Turkey,"sptinc_p0p50_999_j_TR
Pre-tax national income 
Bottom 50% | share | all ages | equal split
",p0p50,2023,0.1236,3.0,TUR,MENA
Turkey,"sptinc_p0p50_999_j_TR
Pre-tax national income 
Bottom 50% | share | all ages | equal split
",p0p50,2024,0.1333,3.0,TUR,MENA
USA,"sptinc_p0p50_999_j_US
Pre-tax national income 
Bottom 50% | share | all ages | equal split
",p0p50,1960,0.1977,4.0,USA,North America
USA,"sptinc_p0p50_999_j_US
Pre-tax national income 
Bottom 50% | share | all ages | equal split
",p0p50,1961,0.1772,4.0,USA,North America
USA,"sptinc_p0p50_999_j_US
Pre-tax national income 
Bottom 50% | share | all ages | equal split
",p0p50,1962,0.1932,5.0,USA,North America
USA,"sptinc_p0p50_999_j_US
Pre-tax national income 
Bottom 50% | share | all ages | equal split
",p0p50,1963,0.1894,5.0,USA,North America
USA,"sptinc_p0p50_999_j_US
Pre-tax national income 
Bottom 50% | share | all ages | equal split
",p0p50,1964,0.1858,5.0,USA,North America
USA,"sptinc_p0p50_999_j_US
Pre-tax national income 
Bottom 50% | share | all ages | equal split
",p0p50,1965,0.1903,5.0,USA,North America
USA,"sptinc_p0p50_999_j_US
Pre-tax national income 
Bottom 50% | share | all ages | equal split
",p0p50,1966,0.1948,5.0,USA,North America
USA,"sptinc_p0p50_999_j_US
Pre-tax national income 
Bottom 50% | share | all ages | equal split
",p0p50,1967,0.2073,5.0,USA,North America
USA,"sptinc_p0p50_999_j_US
Pre-tax national income 
Bottom 50% | share | all ages | equal split
",p0p50,1968,0.2061,5.0,USA,North America
USA,"sptinc_p0p50_999_j_US
Pre-tax national income 
Bottom 50% | share | all ages | equal split
",p0p50,1969,0.2124,5.0,USA,North America
USA,"sptinc_p0p50_999_j_US
Pre-tax national income 
Bottom 50% | share | all ages | equal split
",p0p50,1970,0.2112,5.0,USA,North America
USA,"sptinc_p0p50_999_j_US
Pre-tax national income 
Bottom 50% | share | all ages | equal split
",p0p50,1971,0.2044,5.0,USA,North America
USA,"sptinc_p0p50_999_j_US
Pre-tax national income 
Bottom 50% | share | all ages | equal split
",p0p50,1972,0.2024,5.0,USA,North America
USA,"sptinc_p0p50_999_j_US
Pre-tax national income 
Bottom 50% | share | all ages | equal split
",p0p50,1973,0.2043,5.0,USA,North America
USA,"sptinc_p0p50_999_j_US
Pre-tax national income 
Bottom 50% | share | all ages | equal split
",p0p50,1974,0.21,5.0,USA,North America
USA,"sptinc_p0p50_999_j_US
Pre-tax national income 
Bottom 50% | share | all ages | equal split
",p0p50,1975,0.2041,5.0,USA,North America
USA,"sptinc_p0p50_999_j_US
Pre-tax national income 
Bottom 50% | share | all ages | equal split
",p0p50,1976,0.2053,5.0,USA,North America
USA,"sptinc_p0p50_999_j_US
Pre-tax national income 
Bottom 50% | share | all ages | equal split
",p0p50,1977,0.2027,5.0,USA,North America
USA,"sptinc_p0p50_999_j_US
Pre-tax national income 
Bottom 50% | share | all ages | equal split
",p0p50,1978,0.2024,5.0,USA,North America
USA,"sptinc_p0p50_999_j_US
Pre-tax national income 
Bottom 50% | share | all ages | equal split
",p0p50,1979,0.2034,5.0,USA,North America
USA,"sptinc_p0p50_999_j_US
Pre-tax national income 
Bottom 50% | share | all ages | equal split
",p0p50,1980,0.2008,5.0,USA,North America
USA,"sptinc_p0p50_999_j_US
Pre-tax national income 
Bottom 50% | share | all ages | equal split
",p0p50,1981,0.1969,5.0,USA,North America
USA,"sptinc_p0p50_999_j_US
Pre-tax national income 
Bottom 50% | share | all ages | equal split
",p0p50,1982,0.1916,5.0,USA,North America
USA,"sptinc_p0p50_999_j_US
Pre-tax national income 
Bottom 50% | share | all ages | equal split
",p0p50,1983,0.1832,5.0,USA,North America
USA,"sptinc_p0p50_999_j_US
Pre-tax national income 
Bottom 50% | share | all ages | equal split
",p0p50,1984,0.1796,5.0,USA,North America
USA,"sptinc_p0p50_999_j_US
Pre-tax national income 
Bottom 50% | share | all ages | equal split
",p0p50,1985,0.1782,5.0,USA,North America
USA,"sptinc_p0p50_999_j_US
Pre-tax national income 
Bottom 50% | share | all ages | equal split
",p0p50,1986,0.1761,5.0,USA,North America
USA,"sptinc_p0p50_999_j_US
Pre-tax national income 
Bottom 50% | share | all ages | equal split
",p0p50,1987,0.1736,5.0,USA,North America
USA,"sptinc_p0p50_999_j_US
Pre-tax national income 
Bottom 50% | share | all ages | equal split
",p0p50,1988,0.1687,5.0,USA,North America
USA,"sptinc_p0p50_999_j_US
Pre-tax national income 
Bottom 50% | share | all ages | equal split
",p0p50,1989,0.1698,5.0,USA,North America
USA,"sptinc_p0p50_999_j_US
Pre-tax national income 
Bottom 50% | share | all ages | equal split
",p0p50,1990,0.1685,5.0,USA,North America
USA,"sptinc_p0p50_999_j_US
Pre-tax national income 
Bottom 50% | share | all ages | equal split
",p0p50,1991,0.1671,5.0,USA,North America
USA,"sptinc_p0p50_999_j_US
Pre-tax national income 
Bottom 50% | share | all ages | equal split
",p0p50,1992,0.16,5.0,USA,North America
USA,"sptinc_p0p50_999_j_US
Pre-tax national income 
Bottom 50% | share | all ages | equal split
",p0p50,1993,0.1611,5.0,USA,North America
USA,"sptinc_p0p50_999_j_US
Pre-tax national income 
Bottom 50% | share | all ages | equal split
",p0p50,1994,0.1617,5.0,USA,North America
USA,"sptinc_p0p50_999_j_US
Pre-tax national income 
Bottom 50% | share | all ages | equal split
",p0p50,1995,0.1574,5.0,USA,North America
USA,"sptinc_p0p50_999_j_US
Pre-tax national income 
Bottom 50% | share | all ages | equal split
",p0p50,1996,0.1547,5.0,USA,North America
USA,"sptinc_p0p50_999_j_US
Pre-tax national income 
Bottom 50% | share | all ages | equal split
",p0p50,1997,0.1524,5.0,USA,North America
USA,"sptinc_p0p50_999_j_US
Pre-tax national income 
Bottom 50% | share | all ages | equal split
",p0p50,1998,0.1528,5.0,USA,North America
USA,"sptinc_p0p50_999_j_US
Pre-tax national income 
Bottom 50% | share | all ages | equal split
",p0p50,1999,0.1514,5.0,USA,North America
USA,"sptinc_p0p50_999_j_US
Pre-tax national income 
Bottom 50% | share | all ages | equal split
",p0p50,2000,0.1506,5.0,USA,North America
USA,"sptinc_p0p50_999_j_US
Pre-tax national income 
Bottom 50% | share | all ages | equal split
",p0p50,2001,0.1531,5.0,USA,North America
USA,"sptinc_p0p50_999_j_US
Pre-tax national income 
Bottom 50% | share | all ages | equal split
",p0p50,2002,0.154,5.0,USA,North America
USA,"sptinc_p0p50_999_j_US
Pre-tax national income 
Bottom 50% | share | all ages | equal split
",p0p50,2003,0.1509,5.0,USA,North America
USA,"sptinc_p0p50_999_j_US
Pre-tax national income 
Bottom 50% | share | all ages | equal split
",p0p50,2004,0.1478,5.0,USA,North America
USA,"sptinc_p0p50_999_j_US
Pre-tax national income 
Bottom 50% | share | all ages | equal split
",p0p50,2005,0.1432,5.0,USA,North America
USA,"sptinc_p0p50_999_j_US
Pre-tax national income 
Bottom 50% | share | all ages | equal split
",p0p50,2006,0.1408,5.0,USA,North America
USA,"sptinc_p0p50_999_j_US
Pre-tax national income 
Bottom 50% | share | all ages | equal split
",p0p50,2007,0.1431,5.0,USA,North America
USA,"sptinc_p0p50_999_j_US
Pre-tax national income 
Bottom 50% | share | all ages | equal split
",p0p50,2008,0.1429,5.0,USA,North America
USA,"sptinc_p0p50_999_j_US
Pre-tax national income 
Bottom 50% | share | all ages | equal split
",p0p50,2009,0.1425,5.0,USA,North America
USA,"sptinc_p0p50_999_j_US
Pre-tax national income 
Bottom 50% | share | all ages | equal split
",p0p50,2010,0.1387,5.0,USA,North America
USA,"sptinc_p0p50_999_j_US
Pre-tax national income 
Bottom 50% | share | all ages | equal split
",p0p50,2011,0.1356,5.0,USA,North America
USA,"sptinc_p0p50_999_j_US
Pre-tax national income 
Bottom 50% | share | all ages | equal split
",p0p50,2012,0.1315,5.0,USA,North America
USA,"sptinc_p0p50_999_j_US
Pre-tax national income 
Bottom 50% | share | all ages | equal split
",p0p50,2013,0.1345,5.0,USA,North America
USA,"sptinc_p0p50_999_j_US
Pre-tax national income 
Bottom 50% | share | all ages | equal split
",p0p50,2014,0.1314,5.0,USA,North America
USA,"sptinc_p0p50_999_j_US
Pre-tax national income 
Bottom 50% | share | all ages | equal split
",p0p50,2015,0.1321,5.0,USA,North America
USA,"sptinc_p0p50_999_j_US
Pre-tax national income 
Bottom 50% | share | all ages | equal split
",p0p50,2016,0.1295,5.0,USA,North America
USA,"sptinc_p0p50_999_j_US
Pre-tax national income 
Bottom 50% | share | all ages | equal split
",p0p50,2017,0.1348,5.0,USA,North America
USA,"sptinc_p0p50_999_j_US
Pre-tax national income 
Bottom 50% | share | all ages | equal split
",p0p50,2018,0.1334,5.0,USA,North America
USA,"sptinc_p0p50_999_j_US
Pre-tax national income 
Bottom 50% | share | all ages | equal split
",p0p50,2019,0.1358,5.0,USA,North America
USA,"sptinc_p0p50_999_j_US
Pre-tax national income 
Bottom 50% | share | all ages | equal split
",p0p50,2020,0.137,5.0,USA,North America
USA,"sptinc_p0p50_999_j_US
Pre-tax national income 
Bottom 50% | share | all ages | equal split
",p0p50,2021,0.1346,5.0,USA,North America
USA,"sptinc_p0p50_999_j_US
Pre-tax national income 
Bottom 50% | share | all ages | equal split
",p0p50,2022,0.1334,5.0,USA,North America
USA,"sptinc_p0p50_999_j_US
Pre-tax national income 
Bottom 50% | share | all ages | equal split
",p0p50,2023,0.1344,5.0,USA,North America
USA,"sptinc_p0p50_999_j_US
Pre-tax national income 
Bottom 50% | share | all ages | equal split
",p0p50,2024,0.1344,5.0,USA,North America
Uganda,"sptinc_p0p50_999_j_UG
Pre-tax national income 
Bottom 50% | share | all ages | equal split
",p0p50,1960,0.105,3.0,UGA,Sub-Saharan Africa
Uganda,"sptinc_p0p50_999_j_UG
Pre-tax national income 
Bottom 50% | share | all ages | equal split
",p0p50,1961,0.1058,3.0,UGA,Sub-Saharan Africa
Uganda,"sptinc_p0p50_999_j_UG
Pre-tax national income 
Bottom 50% | share | all ages | equal split
",p0p50,1962,0.1069,3.0,UGA,Sub-Saharan Africa
Uganda,"sptinc_p0p50_999_j_UG
Pre-tax national income 
Bottom 50% | share | all ages | equal split
",p0p50,1963,0.1079,3.0,UGA,Sub-Saharan Africa
Uganda,"sptinc_p0p50_999_j_UG
Pre-tax national income 
Bottom 50% | share | all ages | equal split
",p0p50,1964,0.109,3.0,UGA,Sub-Saharan Africa
Uganda,"sptinc_p0p50_999_j_UG
Pre-tax national income 
Bottom 50% | share | all ages | equal split
",p0p50,1965,0.1098,3.0,UGA,Sub-Saharan Africa
Uganda,"sptinc_p0p50_999_j_UG
Pre-tax national income 
Bottom 50% | share | all ages | equal split
",p0p50,1966,0.1111,3.0,UGA,Sub-Saharan Africa
Uganda,"sptinc_p0p50_999_j_UG
Pre-tax national income 
Bottom 50% | share | all ages | equal split
",p0p50,1967,0.1119,3.0,UGA,Sub-Saharan Africa
Uganda,"sptinc_p0p50_999_j_UG
Pre-tax national income 
Bottom 50% | share | all ages | equal split
",p0p50,1968,0.1127,3.0,UGA,Sub-Saharan Africa
Uganda,"sptinc_p0p50_999_j_UG
Pre-tax national income 
Bottom 50% | share | all ages | equal split
",p0p50,1969,0.1139,3.0,UGA,Sub-Saharan Africa
Uganda,"sptinc_p0p50_999_j_UG
Pre-tax national income 
Bottom 50% | share | all ages | equal split
",p0p50,1970,0.1148,3.0,UGA,Sub-Saharan Africa
Uganda,"sptinc_p0p50_999_j_UG
Pre-tax national income 
Bottom 50% | share | all ages | equal split
",p0p50,1980,0.1166,1.0,UGA,Sub-Saharan Africa
Uganda,"sptinc_p0p50_999_j_UG
Pre-tax national income 
Bottom 50% | share | all ages | equal split
",p0p50,1981,0.1166,1.0,UGA,Sub-Saharan Africa
Uganda,"sptinc_p0p50_999_j_UG
Pre-tax national income 
Bottom 50% | share | all ages | equal split
",p0p50,1982,0.1166,1.0,UGA,Sub-Saharan Africa
Uganda,"sptinc_p0p50_999_j_UG
Pre-tax national income 
Bottom 50% | share | all ages | equal split
",p0p50,1983,0.1166,1.0,UGA,Sub-Saharan Africa
Uganda,"sptinc_p0p50_999_j_UG
Pre-tax national income 
Bottom 50% | share | all ages | equal split
",p0p50,1984,0.1166,1.0,UGA,Sub-Saharan Africa
Uganda,"sptinc_p0p50_999_j_UG
Pre-tax national income 
Bottom 50% | share | all ages | equal split
",p0p50,1985,0.1166,1.0,UGA,Sub-Saharan Africa
Uganda,"sptinc_p0p50_999_j_UG
Pre-tax national income 
Bottom 50% | share | all ages | equal split
",p0p50,1986,0.1166,1.0,UGA,Sub-Saharan Africa
Uganda,"sptinc_p0p50_999_j_UG
Pre-tax national income 
Bottom 50% | share | all ages | equal split
",p0p50,1987,0.1166,1.0,UGA,Sub-Saharan Africa
Uganda,"sptinc_p0p50_999_j_UG
Pre-tax national income 
Bottom 50% | share | all ages | equal split
",p0p50,1988,0.1166,1.0,UGA,Sub-Saharan Africa
Uganda,"sptinc_p0p50_999_j_UG
Pre-tax national income 
Bottom 50% | share | all ages | equal split
",p0p50,1989,0.1166,3.0,UGA,Sub-Saharan Africa
Uganda,"sptinc_p0p50_999_j_UG
Pre-tax national income 
Bottom 50% | share | all ages | equal split
",p0p50,1990,0.1203,2.0,UGA,Sub-Saharan Africa
Uganda,"sptinc_p0p50_999_j_UG
Pre-tax national income 
Bottom 50% | share | all ages | equal split
",p0p50,1991,0.124,2.0,UGA,Sub-Saharan Africa
Uganda,"sptinc_p0p50_999_j_UG
Pre-tax national income 
Bottom 50% | share | all ages | equal split
",p0p50,1992,0.1277,3.0,UGA,Sub-Saharan Africa
Uganda,"sptinc_p0p50_999_j_UG
Pre-tax national income 
Bottom 50% | share | all ages | equal split
",p0p50,1993,0.13,2.0,UGA,Sub-Saharan Africa
Uganda,"sptinc_p0p50_999_j_UG
Pre-tax national income 
Bottom 50% | share | all ages | equal split
",p0p50,1994,0.1323,2.0,UGA,Sub-Saharan Africa
Uganda,"sptinc_p0p50_999_j_UG
Pre-tax national income 
Bottom 50% | share | all ages | equal split
",p0p50,1995,0.1346,2.0,UGA,Sub-Saharan Africa
Uganda,"sptinc_p0p50_999_j_UG
Pre-tax national income 
Bottom 50% | share | all ages | equal split
",p0p50,1996,0.1369,3.0,UGA,Sub-Saharan Africa
Uganda,"sptinc_p0p50_999_j_UG
Pre-tax national income 
Bottom 50% | share | all ages | equal split
",p0p50,1997,0.1318,2.0,UGA,Sub-Saharan Africa
Uganda,"sptinc_p0p50_999_j_UG
Pre-tax national income 
Bottom 50% | share | all ages | equal split
",p0p50,1998,0.1268,2.0,UGA,Sub-Saharan Africa
Uganda,"sptinc_p0p50_999_j_UG
Pre-tax national income 
Bottom 50% | share | all ages | equal split
",p0p50,1999,0.1217,3.0,UGA,Sub-Saharan Africa
Uganda,"sptinc_p0p50_999_j_UG
Pre-tax national income 
Bottom 50% | share | all ages | equal split
",p0p50,2000,0.1188,3.0,UGA,Sub-Saharan Africa
Uganda,"sptinc_p0p50_999_j_UG
Pre-tax national income 
Bottom 50% | share | all ages | equal split
",p0p50,2001,0.1158,2.0,UGA,Sub-Saharan Africa
Uganda,"sptinc_p0p50_999_j_UG
Pre-tax national income 
Bottom 50% | share | all ages | equal split
",p0p50,2002,0.1129,3.0,UGA,Sub-Saharan Africa
Uganda,"sptinc_p0p50_999_j_UG
Pre-tax national income 
Bottom 50% | share | all ages | equal split
",p0p50,2003,0.1156,2.0,UGA,Sub-Saharan Africa
Uganda,"sptinc_p0p50_999_j_UG
Pre-tax national income 
Bottom 50% | share | all ages | equal split
",p0p50,2004,0.1182,2.0,UGA,Sub-Saharan Africa
Uganda,"sptinc_p0p50_999_j_UG
Pre-tax national income 
Bottom 50% | share | all ages | equal split
",p0p50,2005,0.1209,3.0,UGA,Sub-Saharan Africa
Uganda,"sptinc_p0p50_999_j_UG
Pre-tax national income 
Bottom 50% | share | all ages | equal split
",p0p50,2006,0.12,2.0,UGA,Sub-Saharan Africa
Uganda,"sptinc_p0p50_999_j_UG
Pre-tax national income 
Bottom 50% | share | all ages | equal split
",p0p50,2007,0.1192,3.0,UGA,Sub-Saharan Africa
Uganda,"sptinc_p0p50_999_j_UG
Pre-tax national income 
Bottom 50% | share | all ages | equal split
",p0p50,2008,0.1183,2.0,UGA,Sub-Saharan Africa
Uganda,"sptinc_p0p50_999_j_UG
Pre-tax national income 
Bottom 50% | share | all ages | equal split
",p0p50,2009,0.1175,3.0,UGA,Sub-Saharan Africa
Uganda,"sptinc_p0p50_999_j_UG
Pre-tax national income 
Bottom 50% | share | all ages | equal split
",p0p50,2010,0.1217,2.0,UGA,Sub-Saharan Africa
Uganda,"sptinc_p0p50_999_j_UG
Pre-tax national income 
Bottom 50% | share | all ages | equal split
",p0p50,2011,0.1258,3.0,UGA,Sub-Saharan Africa
Uganda,"sptinc_p0p50_999_j_UG
Pre-tax national income 
Bottom 50% | share | all ages | equal split
",p0p50,2012,0.13,3.0,UGA,Sub-Saharan Africa
Uganda,"sptinc_p0p50_999_j_UG
Pre-tax national income 
Bottom 50% | share | all ages | equal split
",p0p50,2013,0.1278,2.0,UGA,Sub-Saharan Africa
Uganda,"sptinc_p0p50_999_j_UG
Pre-tax national income 
Bottom 50% | share | all ages | equal split
",p0p50,2014,0.1256,2.0,UGA,Sub-Saharan Africa
Uganda,"sptinc_p0p50_999_j_UG
Pre-tax national income 
Bottom 50% | share | all ages | equal split
",p0p50,2015,0.1235,2.0,UGA,Sub-Saharan Africa
Uganda,"sptinc_p0p50_999_j_UG
Pre-tax national income 
Bottom 50% | share | all ages | equal split
",p0p50,2016,0.1213,3.0,UGA,Sub-Saharan Africa
Uganda,"sptinc_p0p50_999_j_UG
Pre-tax national income 
Bottom 50% | share | all ages | equal split
",p0p50,2017,0.1215,2.0,UGA,Sub-Saharan Africa
Uganda,"sptinc_p0p50_999_j_UG
Pre-tax national income 
Bottom 50% | share | all ages | equal split
",p0p50,2018,0.1217,2.0,UGA,Sub-Saharan Africa
Uganda,"sptinc_p0p50_999_j_UG
Pre-tax national income 
Bottom 50% | share | all ages | equal split
",p0p50,2019,0.122,3.0,UGA,Sub-Saharan Africa
Uganda,"sptinc_p0p50_999_j_UG
Pre-tax national income 
Bottom 50% | share | all ages | equal split
",p0p50,2020,0.122,1.0,UGA,Sub-Saharan Africa
Uganda,"sptinc_p0p50_999_j_UG
Pre-tax national income 
Bottom 50% | share | all ages | equal split
",p0p50,2021,0.122,1.0,UGA,Sub-Saharan Africa
Uganda,"sptinc_p0p50_999_j_UG
Pre-tax national income 
Bottom 50% | share | all ages | equal split
",p0p50,2022,0.122,1.0,UGA,Sub-Saharan Africa
Uganda,"sptinc_p0p50_999_j_UG
Pre-tax national income 
Bottom 50% | share | all ages | equal split
",p0p50,2023,0.122,1.0,UGA,Sub-Saharan Africa
Uganda,"sptinc_p0p50_999_j_UG
Pre-tax national income 
Bottom 50% | share | all ages | equal split
",p0p50,2024,0.122,1.0,UGA,Sub-Saharan Africa
Ukraine,"sptinc_p0p50_999_j_UA
Pre-tax national income 
Bottom 50% | share | all ages | equal split
",p0p50,1980,0.2773,1.0,UKR,Eastern Europe & FSU
Ukraine,"sptinc_p0p50_999_j_UA
Pre-tax national income 
Bottom 50% | share | all ages | equal split
",p0p50,1981,0.2771,1.0,UKR,Eastern Europe & FSU
Ukraine,"sptinc_p0p50_999_j_UA
Pre-tax national income 
Bottom 50% | share | all ages | equal split
",p0p50,1982,0.2769,1.0,UKR,Eastern Europe & FSU
Ukraine,"sptinc_p0p50_999_j_UA
Pre-tax national income 
Bottom 50% | share | all ages | equal split
",p0p50,1983,0.2767,1.0,UKR,Eastern Europe & FSU
Ukraine,"sptinc_p0p50_999_j_UA
Pre-tax national income 
Bottom 50% | share | all ages | equal split
",p0p50,1984,0.2765,1.0,UKR,Eastern Europe & FSU
Ukraine,"sptinc_p0p50_999_j_UA
Pre-tax national income 
Bottom 50% | share | all ages | equal split
",p0p50,1985,0.2762,1.0,UKR,Eastern Europe & FSU
Ukraine,"sptinc_p0p50_999_j_UA
Pre-tax national income 
Bottom 50% | share | all ages | equal split
",p0p50,1986,0.2761,1.0,UKR,Eastern Europe & FSU
Ukraine,"sptinc_p0p50_999_j_UA
Pre-tax national income 
Bottom 50% | share | all ages | equal split
",p0p50,1987,0.276,1.0,UKR,Eastern Europe & FSU
Ukraine,"sptinc_p0p50_999_j_UA
Pre-tax national income 
Bottom 50% | share | all ages | equal split
",p0p50,1988,0.2758,1.0,UKR,Eastern Europe & FSU
Ukraine,"sptinc_p0p50_999_j_UA
Pre-tax national income 
Bottom 50% | share | all ages | equal split
",p0p50,1989,0.2738,1.0,UKR,Eastern Europe & FSU
Ukraine,"sptinc_p0p50_999_j_UA
Pre-tax national income 
Bottom 50% | share | all ages | equal split
",p0p50,1990,0.2837,1.0,UKR,Eastern Europe & FSU
Ukraine,"sptinc_p0p50_999_j_UA
Pre-tax national income 
Bottom 50% | share | all ages | equal split
",p0p50,1991,0.2311,1.0,UKR,Eastern Europe & FSU
Ukraine,"sptinc_p0p50_999_j_UA
Pre-tax national income 
Bottom 50% | share | all ages | equal split
",p0p50,1992,0.1773,1.0,UKR,Eastern Europe & FSU
Ukraine,"sptinc_p0p50_999_j_UA
Pre-tax national income 
Bottom 50% | share | all ages | equal split
",p0p50,1993,0.1758,1.0,UKR,Eastern Europe & FSU
Ukraine,"sptinc_p0p50_999_j_UA
Pre-tax national income 
Bottom 50% | share | all ages | equal split
",p0p50,1994,0.1748,1.0,UKR,Eastern Europe & FSU
Ukraine,"sptinc_p0p50_999_j_UA
Pre-tax national income 
Bottom 50% | share | all ages | equal split
",p0p50,1995,0.1654,1.0,UKR,Eastern Europe & FSU
Ukraine,"sptinc_p0p50_999_j_UA
Pre-tax national income 
Bottom 50% | share | all ages | equal split
",p0p50,1996,0.1972,1.0,UKR,Eastern Europe & FSU
Ukraine,"sptinc_p0p50_999_j_UA
Pre-tax national income 
Bottom 50% | share | all ages | equal split
",p0p50,1997,0.2104,1.0,UKR,Eastern Europe & FSU
Ukraine,"sptinc_p0p50_999_j_UA
Pre-tax national income 
Bottom 50% | share | all ages | equal split
",p0p50,1998,0.2301,1.0,UKR,Eastern Europe & FSU
Ukraine,"sptinc_p0p50_999_j_UA
Pre-tax national income 
Bottom 50% | share | all ages | equal split
",p0p50,1999,0.237,1.0,UKR,Eastern Europe & FSU
Ukraine,"sptinc_p0p50_999_j_UA
Pre-tax national income 
Bottom 50% | share | all ages | equal split
",p0p50,2000,0.2255,1.0,UKR,Eastern Europe & FSU
Ukraine,"sptinc_p0p50_999_j_UA
Pre-tax national income 
Bottom 50% | share | all ages | equal split
",p0p50,2001,0.211,1.0,UKR,Eastern Europe & FSU
Ukraine,"sptinc_p0p50_999_j_UA
Pre-tax national income 
Bottom 50% | share | all ages | equal split
",p0p50,2002,0.2113,1.0,UKR,Eastern Europe & FSU
Ukraine,"sptinc_p0p50_999_j_UA
Pre-tax national income 
Bottom 50% | share | all ages | equal split
",p0p50,2003,0.2066,1.0,UKR,Eastern Europe & FSU
Ukraine,"sptinc_p0p50_999_j_UA
Pre-tax national income 
Bottom 50% | share | all ages | equal split
",p0p50,2004,0.1992,1.0,UKR,Eastern Europe & FSU
Ukraine,"sptinc_p0p50_999_j_UA
Pre-tax national income 
Bottom 50% | share | all ages | equal split
",p0p50,2005,0.2092,1.0,UKR,Eastern Europe & FSU
Ukraine,"sptinc_p0p50_999_j_UA
Pre-tax national income 
Bottom 50% | share | all ages | equal split
",p0p50,2006,0.2038,1.0,UKR,Eastern Europe & FSU
Ukraine,"sptinc_p0p50_999_j_UA
Pre-tax national income 
Bottom 50% | share | all ages | equal split
",p0p50,2007,0.2124,1.0,UKR,Eastern Europe & FSU
Ukraine,"sptinc_p0p50_999_j_UA
Pre-tax national income 
Bottom 50% | share | all ages | equal split
",p0p50,2008,0.2175,1.0,UKR,Eastern Europe & FSU
Ukraine,"sptinc_p0p50_999_j_UA
Pre-tax national income 
Bottom 50% | share | all ages | equal split
",p0p50,2009,0.2318,1.0,UKR,Eastern Europe & FSU
Ukraine,"sptinc_p0p50_999_j_UA
Pre-tax national income 
Bottom 50% | share | all ages | equal split
",p0p50,2010,0.2419,1.0,UKR,Eastern Europe & FSU
Ukraine,"sptinc_p0p50_999_j_UA
Pre-tax national income 
Bottom 50% | share | all ages | equal split
",p0p50,2011,0.2437,1.0,UKR,Eastern Europe & FSU
Ukraine,"sptinc_p0p50_999_j_UA
Pre-tax national income 
Bottom 50% | share | all ages | equal split
",p0p50,2012,0.2547,1.0,UKR,Eastern Europe & FSU
Ukraine,"sptinc_p0p50_999_j_UA
Pre-tax national income 
Bottom 50% | share | all ages | equal split
",p0p50,2013,0.2597,1.0,UKR,Eastern Europe & FSU
Ukraine,"sptinc_p0p50_999_j_UA
Pre-tax national income 
Bottom 50% | share | all ages | equal split
",p0p50,2014,0.245,1.0,UKR,Eastern Europe & FSU
Ukraine,"sptinc_p0p50_999_j_UA
Pre-tax national income 
Bottom 50% | share | all ages | equal split
",p0p50,2015,0.2328,1.0,UKR,Eastern Europe & FSU
Ukraine,"sptinc_p0p50_999_j_UA
Pre-tax national income 
Bottom 50% | share | all ages | equal split
",p0p50,2016,0.2222,1.0,UKR,Eastern Europe & FSU
Ukraine,"sptinc_p0p50_999_j_UA
Pre-tax national income 
Bottom 50% | share | all ages | equal split
",p0p50,2017,0.2227,1.0,UKR,Eastern Europe & FSU
Ukraine,"sptinc_p0p50_999_j_UA
Pre-tax national income 
Bottom 50% | share | all ages | equal split
",p0p50,2018,0.2274,1.0,UKR,Eastern Europe & FSU
Ukraine,"sptinc_p0p50_999_j_UA
Pre-tax national income 
Bottom 50% | share | all ages | equal split
",p0p50,2019,0.2259,1.0,UKR,Eastern Europe & FSU
Ukraine,"sptinc_p0p50_999_j_UA
Pre-tax national income 
Bottom 50% | share | all ages | equal split
",p0p50,2020,0.2259,1.0,UKR,Eastern Europe & FSU
Ukraine,"sptinc_p0p50_999_j_UA
Pre-tax national income 
Bottom 50% | share | all ages | equal split
",p0p50,2021,0.2259,1.0,UKR,Eastern Europe & FSU
Ukraine,"sptinc_p0p50_999_j_UA
Pre-tax national income 
Bottom 50% | share | all ages | equal split
",p0p50,2022,0.2259,1.0,UKR,Eastern Europe & FSU
Ukraine,"sptinc_p0p50_999_j_UA
Pre-tax national income 
Bottom 50% | share | all ages | equal split
",p0p50,2023,0.2259,1.0,UKR,Eastern Europe & FSU
Ukraine,"sptinc_p0p50_999_j_UA
Pre-tax national income 
Bottom 50% | share | all ages | equal split
",p0p50,2024,0.2259,1.0,UKR,Eastern Europe & FSU
United Kingdom,"sptinc_p0p50_999_j_GB
Pre-tax national income 
Bottom 50% | share | all ages | equal split
",p0p50,1960,0.2276,3.0,GBR,Western Europe
United Kingdom,"sptinc_p0p50_999_j_GB
Pre-tax national income 
Bottom 50% | share | all ages | equal split
",p0p50,1962,0.2289,2.0,GBR,Western Europe
United Kingdom,"sptinc_p0p50_999_j_GB
Pre-tax national income 
Bottom 50% | share | all ages | equal split
",p0p50,1963,0.2293,2.0,GBR,Western Europe
United Kingdom,"sptinc_p0p50_999_j_GB
Pre-tax national income 
Bottom 50% | share | all ages | equal split
",p0p50,1964,0.2297,3.0,GBR,Western Europe
United Kingdom,"sptinc_p0p50_999_j_GB
Pre-tax national income 
Bottom 50% | share | all ages | equal split
",p0p50,1965,0.2304,3.0,GBR,Western Europe
United Kingdom,"sptinc_p0p50_999_j_GB
Pre-tax national income 
Bottom 50% | share | all ages | equal split
",p0p50,1966,0.2314,3.0,GBR,Western Europe
United Kingdom,"sptinc_p0p50_999_j_GB
Pre-tax national income 
Bottom 50% | share | all ages | equal split
",p0p50,1967,0.2322,3.0,GBR,Western Europe
United Kingdom,"sptinc_p0p50_999_j_GB
Pre-tax national income 
Bottom 50% | share | all ages | equal split
",p0p50,1968,0.2328,3.0,GBR,Western Europe
United Kingdom,"sptinc_p0p50_999_j_GB
Pre-tax national income 
Bottom 50% | share | all ages | equal split
",p0p50,1969,0.2333,3.0,GBR,Western Europe
United Kingdom,"sptinc_p0p50_999_j_GB
Pre-tax national income 
Bottom 50% | share | all ages | equal split
",p0p50,1970,0.2306,3.0,GBR,Western Europe
United Kingdom,"sptinc_p0p50_999_j_GB
Pre-tax national income 
Bottom 50% | share | all ages | equal split
",p0p50,1971,0.2348,3.0,GBR,Western Europe
United Kingdom,"sptinc_p0p50_999_j_GB
Pre-tax national income 
Bottom 50% | share | all ages | equal split
",p0p50,1972,0.2352,3.0,GBR,Western Europe
United Kingdom,"sptinc_p0p50_999_j_GB
Pre-tax national income 
Bottom 50% | share | all ages | equal split
",p0p50,1973,0.2356,3.0,GBR,Western Europe
United Kingdom,"sptinc_p0p50_999_j_GB
Pre-tax national income 
Bottom 50% | share | all ages | equal split
",p0p50,1974,0.2369,3.0,GBR,Western Europe
United Kingdom,"sptinc_p0p50_999_j_GB
Pre-tax national income 
Bottom 50% | share | all ages | equal split
",p0p50,1975,0.2375,3.0,GBR,Western Europe
United Kingdom,"sptinc_p0p50_999_j_GB
Pre-tax national income 
Bottom 50% | share | all ages | equal split
",p0p50,1976,0.2388,3.0,GBR,Western Europe
United Kingdom,"sptinc_p0p50_999_j_GB
Pre-tax national income 
Bottom 50% | share | all ages | equal split
",p0p50,1977,0.2391,3.0,GBR,Western Europe
United Kingdom,"sptinc_p0p50_999_j_GB
Pre-tax national income 
Bottom 50% | share | all ages | equal split
",p0p50,1978,0.2396,3.0,GBR,Western Europe
United Kingdom,"sptinc_p0p50_999_j_GB
Pre-tax national income 
Bottom 50% | share | all ages | equal split
",p0p50,1979,0.2399,3.0,GBR,Western Europe
United Kingdom,"sptinc_p0p50_999_j_GB
Pre-tax national income 
Bottom 50% | share | all ages | equal split
",p0p50,1980,0.2257,1.0,GBR,Western Europe
United Kingdom,"sptinc_p0p50_999_j_GB
Pre-tax national income 
Bottom 50% | share | all ages | equal split
",p0p50,1981,0.2257,4.0,GBR,Western Europe
United Kingdom,"sptinc_p0p50_999_j_GB
Pre-tax national income 
Bottom 50% | share | all ages | equal split
",p0p50,1982,0.2253,4.0,GBR,Western Europe
United Kingdom,"sptinc_p0p50_999_j_GB
Pre-tax national income 
Bottom 50% | share | all ages | equal split
",p0p50,1983,0.2219,4.0,GBR,Western Europe
United Kingdom,"sptinc_p0p50_999_j_GB
Pre-tax national income 
Bottom 50% | share | all ages | equal split
",p0p50,1984,0.218,4.0,GBR,Western Europe
United Kingdom,"sptinc_p0p50_999_j_GB
Pre-tax national income 
Bottom 50% | share | all ages | equal split
",p0p50,1985,0.2156,4.0,GBR,Western Europe
United Kingdom,"sptinc_p0p50_999_j_GB
Pre-tax national income 
Bottom 50% | share | all ages | equal split
",p0p50,1986,0.2148,4.0,GBR,Western Europe
United Kingdom,"sptinc_p0p50_999_j_GB
Pre-tax national income 
Bottom 50% | share | all ages | equal split
",p0p50,1987,0.2125,4.0,GBR,Western Europe
United Kingdom,"sptinc_p0p50_999_j_GB
Pre-tax national income 
Bottom 50% | share | all ages | equal split
",p0p50,1988,0.2085,4.0,GBR,Western Europe
United Kingdom,"sptinc_p0p50_999_j_GB
Pre-tax national income 
Bottom 50% | share | all ages | equal split
",p0p50,1989,0.2094,4.0,GBR,Western Europe
United Kingdom,"sptinc_p0p50_999_j_GB
Pre-tax national income 
Bottom 50% | share | all ages | equal split
",p0p50,1990,0.1952,4.0,GBR,Western Europe
United Kingdom,"sptinc_p0p50_999_j_GB
Pre-tax national income 
Bottom 50% | share | all ages | equal split
",p0p50,1991,0.1923,4.0,GBR,Western Europe
United Kingdom,"sptinc_p0p50_999_j_GB
Pre-tax national income 
Bottom 50% | share | all ages | equal split
",p0p50,1992,0.1919,4.0,GBR,Western Europe
United Kingdom,"sptinc_p0p50_999_j_GB
Pre-tax national income 
Bottom 50% | share | all ages | equal split
",p0p50,1993,0.1893,4.0,GBR,Western Europe
United Kingdom,"sptinc_p0p50_999_j_GB
Pre-tax national income 
Bottom 50% | share | all ages | equal split
",p0p50,1994,0.1923,4.0,GBR,Western Europe
United Kingdom,"sptinc_p0p50_999_j_GB
Pre-tax national income 
Bottom 50% | share | all ages | equal split
",p0p50,1995,0.1871,4.0,GBR,Western Europe
United Kingdom,"sptinc_p0p50_999_j_GB
Pre-tax national income 
Bottom 50% | share | all ages | equal split
",p0p50,1996,0.187,4.0,GBR,Western Europe
United Kingdom,"sptinc_p0p50_999_j_GB
Pre-tax national income 
Bottom 50% | share | all ages | equal split
",p0p50,1997,0.1871,4.0,GBR,Western Europe
United Kingdom,"sptinc_p0p50_999_j_GB
Pre-tax national income 
Bottom 50% | share | all ages | equal split
",p0p50,1998,0.1859,4.0,GBR,Western Europe
United Kingdom,"sptinc_p0p50_999_j_GB
Pre-tax national income 
Bottom 50% | share | all ages | equal split
",p0p50,1999,0.1824,4.0,GBR,Western Europe
United Kingdom,"sptinc_p0p50_999_j_GB
Pre-tax national income 
Bottom 50% | share | all ages | equal split
",p0p50,2000,0.1875,4.0,GBR,Western Europe
United Kingdom,"sptinc_p0p50_999_j_GB
Pre-tax national income 
Bottom 50% | share | all ages | equal split
",p0p50,2001,0.1851,4.0,GBR,Western Europe
United Kingdom,"sptinc_p0p50_999_j_GB
Pre-tax national income 
Bottom 50% | share | all ages | equal split
",p0p50,2002,0.1846,4.0,GBR,Western Europe
United Kingdom,"sptinc_p0p50_999_j_GB
Pre-tax national income 
Bottom 50% | share | all ages | equal split
",p0p50,2003,0.1804,4.0,GBR,Western Europe
United Kingdom,"sptinc_p0p50_999_j_GB
Pre-tax national income 
Bottom 50% | share | all ages | equal split
",p0p50,2004,0.1849,4.0,GBR,Western Europe
United Kingdom,"sptinc_p0p50_999_j_GB
Pre-tax national income 
Bottom 50% | share | all ages | equal split
",p0p50,2005,0.1815,4.0,GBR,Western Europe
United Kingdom,"sptinc_p0p50_999_j_GB
Pre-tax national income 
Bottom 50% | share | all ages | equal split
",p0p50,2006,0.1799,4.0,GBR,Western Europe
United Kingdom,"sptinc_p0p50_999_j_GB
Pre-tax national income 
Bottom 50% | share | all ages | equal split
",p0p50,2007,0.1835,4.0,GBR,Western Europe
United Kingdom,"sptinc_p0p50_999_j_GB
Pre-tax national income 
Bottom 50% | share | all ages | equal split
",p0p50,2008,0.1861,4.0,GBR,Western Europe
United Kingdom,"sptinc_p0p50_999_j_GB
Pre-tax national income 
Bottom 50% | share | all ages | equal split
",p0p50,2009,0.1763,4.0,GBR,Western Europe
United Kingdom,"sptinc_p0p50_999_j_GB
Pre-tax national income 
Bottom 50% | share | all ages | equal split
",p0p50,2010,0.1976,4.0,GBR,Western Europe
United Kingdom,"sptinc_p0p50_999_j_GB
Pre-tax national income 
Bottom 50% | share | all ages | equal split
",p0p50,2011,0.1944,4.0,GBR,Western Europe
United Kingdom,"sptinc_p0p50_999_j_GB
Pre-tax national income 
Bottom 50% | share | all ages | equal split
",p0p50,2012,0.1878,4.0,GBR,Western Europe
United Kingdom,"sptinc_p0p50_999_j_GB
Pre-tax national income 
Bottom 50% | share | all ages | equal split
",p0p50,2013,0.1829,4.0,GBR,Western Europe
United Kingdom,"sptinc_p0p50_999_j_GB
Pre-tax national income 
Bottom 50% | share | all ages | equal split
",p0p50,2014,0.1931,4.0,GBR,Western Europe
United Kingdom,"sptinc_p0p50_999_j_GB
Pre-tax national income 
Bottom 50% | share | all ages | equal split
",p0p50,2015,0.1986,3.0,GBR,Western Europe
United Kingdom,"sptinc_p0p50_999_j_GB
Pre-tax national income 
Bottom 50% | share | all ages | equal split
",p0p50,2016,0.2002,3.0,GBR,Western Europe
United Kingdom,"sptinc_p0p50_999_j_GB
Pre-tax national income 
Bottom 50% | share | all ages | equal split
",p0p50,2017,0.2034,3.0,GBR,Western Europe
United Kingdom,"sptinc_p0p50_999_j_GB
Pre-tax national income 
Bottom 50% | share | all ages | equal split
",p0p50,2018,0.2019,3.0,GBR,Western Europe
United Kingdom,"sptinc_p0p50_999_j_GB
Pre-tax national income 
Bottom 50% | share | all ages | equal split
",p0p50,2019,0.2029,3.0,GBR,Western Europe
United Kingdom,"sptinc_p0p50_999_j_GB
Pre-tax national income 
Bottom 50% | share | all ages | equal split
",p0p50,2020,0.2029,3.0,GBR,Western Europe
United Kingdom,"sptinc_p0p50_999_j_GB
Pre-tax national income 
Bottom 50% | share | all ages | equal split
",p0p50,2021,0.2017,3.0,GBR,Western Europe
United Kingdom,"sptinc_p0p50_999_j_GB
Pre-tax national income 
Bottom 50% | share | all ages | equal split
",p0p50,2022,0.202,1.0,GBR,Western Europe
United Kingdom,"sptinc_p0p50_999_j_GB
Pre-tax national income 
Bottom 50% | share | all ages | equal split
",p0p50,2023,0.2043,1.0,GBR,Western Europe
United Kingdom,"sptinc_p0p50_999_j_GB
Pre-tax national income 
Bottom 50% | share | all ages | equal split
",p0p50,2024,0.2043,1.0,GBR,Western Europe
Uruguay,"sptinc_p0p50_999_j_UY
Pre-tax national income 
Bottom 50% | share | all ages | equal split
",p0p50,1980,0.1361,1.0,URY,Latin America & Caribbean
Uruguay,"sptinc_p0p50_999_j_UY
Pre-tax national income 
Bottom 50% | share | all ages | equal split
",p0p50,1981,0.1361,1.0,URY,Latin America & Caribbean
Uruguay,"sptinc_p0p50_999_j_UY
Pre-tax national income 
Bottom 50% | share | all ages | equal split
",p0p50,1982,0.1361,1.0,URY,Latin America & Caribbean
Uruguay,"sptinc_p0p50_999_j_UY
Pre-tax national income 
Bottom 50% | share | all ages | equal split
",p0p50,1983,0.1361,1.0,URY,Latin America & Caribbean
Uruguay,"sptinc_p0p50_999_j_UY
Pre-tax national income 
Bottom 50% | share | all ages | equal split
",p0p50,1984,0.1361,1.0,URY,Latin America & Caribbean
Uruguay,"sptinc_p0p50_999_j_UY
Pre-tax national income 
Bottom 50% | share | all ages | equal split
",p0p50,1985,0.1361,1.0,URY,Latin America & Caribbean
Uruguay,"sptinc_p0p50_999_j_UY
Pre-tax national income 
Bottom 50% | share | all ages | equal split
",p0p50,1986,0.1361,1.0,URY,Latin America & Caribbean
Uruguay,"sptinc_p0p50_999_j_UY
Pre-tax national income 
Bottom 50% | share | all ages | equal split
",p0p50,1987,0.1361,1.0,URY,Latin America & Caribbean
Uruguay,"sptinc_p0p50_999_j_UY
Pre-tax national income 
Bottom 50% | share | all ages | equal split
",p0p50,1988,0.1361,1.0,URY,Latin America & Caribbean
Uruguay,"sptinc_p0p50_999_j_UY
Pre-tax national income 
Bottom 50% | share | all ages | equal split
",p0p50,1989,0.1361,1.0,URY,Latin America & Caribbean
Uruguay,"sptinc_p0p50_999_j_UY
Pre-tax national income 
Bottom 50% | share | all ages | equal split
",p0p50,1990,0.1361,1.0,URY,Latin America & Caribbean
Uruguay,"sptinc_p0p50_999_j_UY
Pre-tax national income 
Bottom 50% | share | all ages | equal split
",p0p50,1991,0.1361,1.0,URY,Latin America & Caribbean
Uruguay,"sptinc_p0p50_999_j_UY
Pre-tax national income 
Bottom 50% | share | all ages | equal split
",p0p50,1992,0.1361,1.0,URY,Latin America & Caribbean
Uruguay,"sptinc_p0p50_999_j_UY
Pre-tax national income 
Bottom 50% | share | all ages | equal split
",p0p50,1993,0.1361,1.0,URY,Latin America & Caribbean
Uruguay,"sptinc_p0p50_999_j_UY
Pre-tax national income 
Bottom 50% | share | all ages | equal split
",p0p50,1994,0.1361,1.0,URY,Latin America & Caribbean
Uruguay,"sptinc_p0p50_999_j_UY
Pre-tax national income 
Bottom 50% | share | all ages | equal split
",p0p50,1995,0.1361,1.0,URY,Latin America & Caribbean
Uruguay,"sptinc_p0p50_999_j_UY
Pre-tax national income 
Bottom 50% | share | all ages | equal split
",p0p50,1996,0.1361,1.0,URY,Latin America & Caribbean
Uruguay,"sptinc_p0p50_999_j_UY
Pre-tax national income 
Bottom 50% | share | all ages | equal split
",p0p50,1997,0.1361,1.0,URY,Latin America & Caribbean
Uruguay,"sptinc_p0p50_999_j_UY
Pre-tax national income 
Bottom 50% | share | all ages | equal split
",p0p50,1998,0.1361,1.0,URY,Latin America & Caribbean
Uruguay,"sptinc_p0p50_999_j_UY
Pre-tax national income 
Bottom 50% | share | all ages | equal split
",p0p50,1999,0.1361,1.0,URY,Latin America & Caribbean
Uruguay,"sptinc_p0p50_999_j_UY
Pre-tax national income 
Bottom 50% | share | all ages | equal split
",p0p50,2000,0.1361,3.0,URY,Latin America & Caribbean
Uruguay,"sptinc_p0p50_999_j_UY
Pre-tax national income 
Bottom 50% | share | all ages | equal split
",p0p50,2001,0.1303,3.0,URY,Latin America & Caribbean
Uruguay,"sptinc_p0p50_999_j_UY
Pre-tax national income 
Bottom 50% | share | all ages | equal split
",p0p50,2002,0.1294,3.0,URY,Latin America & Caribbean
Uruguay,"sptinc_p0p50_999_j_UY
Pre-tax national income 
Bottom 50% | share | all ages | equal split
",p0p50,2003,0.1237,3.0,URY,Latin America & Caribbean
Uruguay,"sptinc_p0p50_999_j_UY
Pre-tax national income 
Bottom 50% | share | all ages | equal split
",p0p50,2004,0.1259,3.0,URY,Latin America & Caribbean
Uruguay,"sptinc_p0p50_999_j_UY
Pre-tax national income 
Bottom 50% | share | all ages | equal split
",p0p50,2005,0.1296,3.0,URY,Latin America & Caribbean
Uruguay,"sptinc_p0p50_999_j_UY
Pre-tax national income 
Bottom 50% | share | all ages | equal split
",p0p50,2006,0.1296,2.0,URY,Latin America & Caribbean
Uruguay,"sptinc_p0p50_999_j_UY
Pre-tax national income 
Bottom 50% | share | all ages | equal split
",p0p50,2007,0.1296,3.0,URY,Latin America & Caribbean
Uruguay,"sptinc_p0p50_999_j_UY
Pre-tax national income 
Bottom 50% | share | all ages | equal split
",p0p50,2008,0.134,3.0,URY,Latin America & Caribbean
Uruguay,"sptinc_p0p50_999_j_UY
Pre-tax national income 
Bottom 50% | share | all ages | equal split
",p0p50,2009,0.14,5.0,URY,Latin America & Caribbean
Uruguay,"sptinc_p0p50_999_j_UY
Pre-tax national income 
Bottom 50% | share | all ages | equal split
",p0p50,2010,0.1463,5.0,URY,Latin America & Caribbean
Uruguay,"sptinc_p0p50_999_j_UY
Pre-tax national income 
Bottom 50% | share | all ages | equal split
",p0p50,2011,0.1559,5.0,URY,Latin America & Caribbean
Uruguay,"sptinc_p0p50_999_j_UY
Pre-tax national income 
Bottom 50% | share | all ages | equal split
",p0p50,2012,0.1609,5.0,URY,Latin America & Caribbean
Uruguay,"sptinc_p0p50_999_j_UY
Pre-tax national income 
Bottom 50% | share | all ages | equal split
",p0p50,2013,0.1647,5.0,URY,Latin America & Caribbean
Uruguay,"sptinc_p0p50_999_j_UY
Pre-tax national income 
Bottom 50% | share | all ages | equal split
",p0p50,2014,0.1619,5.0,URY,Latin America & Caribbean
Uruguay,"sptinc_p0p50_999_j_UY
Pre-tax national income 
Bottom 50% | share | all ages | equal split
",p0p50,2015,0.1597,5.0,URY,Latin America & Caribbean
Uruguay,"sptinc_p0p50_999_j_UY
Pre-tax national income 
Bottom 50% | share | all ages | equal split
",p0p50,2016,0.1551,5.0,URY,Latin America & Caribbean
Uruguay,"sptinc_p0p50_999_j_UY
Pre-tax national income 
Bottom 50% | share | all ages | equal split
",p0p50,2017,0.1526,3.0,URY,Latin America & Caribbean
Uruguay,"sptinc_p0p50_999_j_UY
Pre-tax national income 
Bottom 50% | share | all ages | equal split
",p0p50,2018,0.1503,3.0,URY,Latin America & Caribbean
Uruguay,"sptinc_p0p50_999_j_UY
Pre-tax national income 
Bottom 50% | share | all ages | equal split
",p0p50,2019,0.1509,3.0,URY,Latin America & Caribbean
Uruguay,"sptinc_p0p50_999_j_UY
Pre-tax national income 
Bottom 50% | share | all ages | equal split
",p0p50,2020,0.1469,3.0,URY,Latin America & Caribbean
Uruguay,"sptinc_p0p50_999_j_UY
Pre-tax national income 
Bottom 50% | share | all ages | equal split
",p0p50,2021,0.1447,3.0,URY,Latin America & Caribbean
Uruguay,"sptinc_p0p50_999_j_UY
Pre-tax national income 
Bottom 50% | share | all ages | equal split
",p0p50,2022,0.1525,3.0,URY,Latin America & Caribbean
Uruguay,"sptinc_p0p50_999_j_UY
Pre-tax national income 
Bottom 50% | share | all ages | equal split
",p0p50,2023,0.1449,3.0,URY,Latin America & Caribbean
Uruguay,"sptinc_p0p50_999_j_UY
Pre-tax national income 
Bottom 50% | share | all ages | equal split
",p0p50,2024,0.1449,1.0,URY,Latin America & Caribbean
Uzbekistan,"sptinc_p0p50_999_j_UZ
Pre-tax national income 
Bottom 50% | share | all ages | equal split
",p0p50,1980,0.2773,1.0,UZB,Eastern Europe & FSU
Uzbekistan,"sptinc_p0p50_999_j_UZ
Pre-tax national income 
Bottom 50% | share | all ages | equal split
",p0p50,1981,0.2771,1.0,UZB,Eastern Europe & FSU
Uzbekistan,"sptinc_p0p50_999_j_UZ
Pre-tax national income 
Bottom 50% | share | all ages | equal split
",p0p50,1982,0.2769,1.0,UZB,Eastern Europe & FSU
Uzbekistan,"sptinc_p0p50_999_j_UZ
Pre-tax national income 
Bottom 50% | share | all ages | equal split
",p0p50,1983,0.2767,1.0,UZB,Eastern Europe & FSU
Uzbekistan,"sptinc_p0p50_999_j_UZ
Pre-tax national income 
Bottom 50% | share | all ages | equal split
",p0p50,1984,0.2765,1.0,UZB,Eastern Europe & FSU
Uzbekistan,"sptinc_p0p50_999_j_UZ
Pre-tax national income 
Bottom 50% | share | all ages | equal split
",p0p50,1985,0.2762,1.0,UZB,Eastern Europe & FSU
Uzbekistan,"sptinc_p0p50_999_j_UZ
Pre-tax national income 
Bottom 50% | share | all ages | equal split
",p0p50,1986,0.2761,1.0,UZB,Eastern Europe & FSU
Uzbekistan,"sptinc_p0p50_999_j_UZ
Pre-tax national income 
Bottom 50% | share | all ages | equal split
",p0p50,1987,0.276,1.0,UZB,Eastern Europe & FSU
Uzbekistan,"sptinc_p0p50_999_j_UZ
Pre-tax national income 
Bottom 50% | share | all ages | equal split
",p0p50,1988,0.2758,1.0,UZB,Eastern Europe & FSU
Uzbekistan,"sptinc_p0p50_999_j_UZ
Pre-tax national income 
Bottom 50% | share | all ages | equal split
",p0p50,1989,0.2738,1.0,UZB,Eastern Europe & FSU
Uzbekistan,"sptinc_p0p50_999_j_UZ
Pre-tax national income 
Bottom 50% | share | all ages | equal split
",p0p50,1990,0.2837,1.0,UZB,Eastern Europe & FSU
Uzbekistan,"sptinc_p0p50_999_j_UZ
Pre-tax national income 
Bottom 50% | share | all ages | equal split
",p0p50,1991,0.2629,1.0,UZB,Eastern Europe & FSU
Uzbekistan,"sptinc_p0p50_999_j_UZ
Pre-tax national income 
Bottom 50% | share | all ages | equal split
",p0p50,1992,0.2421,1.0,UZB,Eastern Europe & FSU
Uzbekistan,"sptinc_p0p50_999_j_UZ
Pre-tax national income 
Bottom 50% | share | all ages | equal split
",p0p50,1993,0.2214,1.0,UZB,Eastern Europe & FSU
Uzbekistan,"sptinc_p0p50_999_j_UZ
Pre-tax national income 
Bottom 50% | share | all ages | equal split
",p0p50,1994,0.2007,1.0,UZB,Eastern Europe & FSU
Uzbekistan,"sptinc_p0p50_999_j_UZ
Pre-tax national income 
Bottom 50% | share | all ages | equal split
",p0p50,1995,0.1801,1.0,UZB,Eastern Europe & FSU
Uzbekistan,"sptinc_p0p50_999_j_UZ
Pre-tax national income 
Bottom 50% | share | all ages | equal split
",p0p50,1996,0.1595,1.0,UZB,Eastern Europe & FSU
Uzbekistan,"sptinc_p0p50_999_j_UZ
Pre-tax national income 
Bottom 50% | share | all ages | equal split
",p0p50,1997,0.1388,1.0,UZB,Eastern Europe & FSU
Uzbekistan,"sptinc_p0p50_999_j_UZ
Pre-tax national income 
Bottom 50% | share | all ages | equal split
",p0p50,1998,0.118,3.0,UZB,Eastern Europe & FSU
Uzbekistan,"sptinc_p0p50_999_j_UZ
Pre-tax national income 
Bottom 50% | share | all ages | equal split
",p0p50,1999,0.1315,2.0,UZB,Eastern Europe & FSU
Uzbekistan,"sptinc_p0p50_999_j_UZ
Pre-tax national income 
Bottom 50% | share | all ages | equal split
",p0p50,2000,0.145,3.0,UZB,Eastern Europe & FSU
Uzbekistan,"sptinc_p0p50_999_j_UZ
Pre-tax national income 
Bottom 50% | share | all ages | equal split
",p0p50,2001,0.1496,2.0,UZB,Eastern Europe & FSU
Uzbekistan,"sptinc_p0p50_999_j_UZ
Pre-tax national income 
Bottom 50% | share | all ages | equal split
",p0p50,2002,0.1545,3.0,UZB,Eastern Europe & FSU
Uzbekistan,"sptinc_p0p50_999_j_UZ
Pre-tax national income 
Bottom 50% | share | all ages | equal split
",p0p50,2003,0.1467,3.0,UZB,Eastern Europe & FSU
Uzbekistan,"sptinc_p0p50_999_j_UZ
Pre-tax national income 
Bottom 50% | share | all ages | equal split
",p0p50,2004,0.1467,1.0,UZB,Eastern Europe & FSU
Uzbekistan,"sptinc_p0p50_999_j_UZ
Pre-tax national income 
Bottom 50% | share | all ages | equal split
",p0p50,2005,0.1467,1.0,UZB,Eastern Europe & FSU
Uzbekistan,"sptinc_p0p50_999_j_UZ
Pre-tax national income 
Bottom 50% | share | all ages | equal split
",p0p50,2006,0.1467,1.0,UZB,Eastern Europe & FSU
Uzbekistan,"sptinc_p0p50_999_j_UZ
Pre-tax national income 
Bottom 50% | share | all ages | equal split
",p0p50,2007,0.1467,1.0,UZB,Eastern Europe & FSU
Uzbekistan,"sptinc_p0p50_999_j_UZ
Pre-tax national income 
Bottom 50% | share | all ages | equal split
",p0p50,2008,0.1467,1.0,UZB,Eastern Europe & FSU
Uzbekistan,"sptinc_p0p50_999_j_UZ
Pre-tax national income 
Bottom 50% | share | all ages | equal split
",p0p50,2009,0.1467,1.0,UZB,Eastern Europe & FSU
Uzbekistan,"sptinc_p0p50_999_j_UZ
Pre-tax national income 
Bottom 50% | share | all ages | equal split
",p0p50,2010,0.1467,1.0,UZB,Eastern Europe & FSU
Uzbekistan,"sptinc_p0p50_999_j_UZ
Pre-tax national income 
Bottom 50% | share | all ages | equal split
",p0p50,2011,0.1467,1.0,UZB,Eastern Europe & FSU
Uzbekistan,"sptinc_p0p50_999_j_UZ
Pre-tax national income 
Bottom 50% | share | all ages | equal split
",p0p50,2012,0.1467,1.0,UZB,Eastern Europe & FSU
Uzbekistan,"sptinc_p0p50_999_j_UZ
Pre-tax national income 
Bottom 50% | share | all ages | equal split
",p0p50,2013,0.1467,1.0,UZB,Eastern Europe & FSU
Uzbekistan,"sptinc_p0p50_999_j_UZ
Pre-tax national income 
Bottom 50% | share | all ages | equal split
",p0p50,2014,0.1467,1.0,UZB,Eastern Europe & FSU
Uzbekistan,"sptinc_p0p50_999_j_UZ
Pre-tax national income 
Bottom 50% | share | all ages | equal split
",p0p50,2015,0.1467,1.0,UZB,Eastern Europe & FSU
Uzbekistan,"sptinc_p0p50_999_j_UZ
Pre-tax national income 
Bottom 50% | share | all ages | equal split
",p0p50,2016,0.1495,1.0,UZB,Eastern Europe & FSU
Uzbekistan,"sptinc_p0p50_999_j_UZ
Pre-tax national income 
Bottom 50% | share | all ages | equal split
",p0p50,2017,0.1462,1.0,UZB,Eastern Europe & FSU
Uzbekistan,"sptinc_p0p50_999_j_UZ
Pre-tax national income 
Bottom 50% | share | all ages | equal split
",p0p50,2018,0.1462,1.0,UZB,Eastern Europe & FSU
Uzbekistan,"sptinc_p0p50_999_j_UZ
Pre-tax national income 
Bottom 50% | share | all ages | equal split
",p0p50,2019,0.1462,1.0,UZB,Eastern Europe & FSU
Uzbekistan,"sptinc_p0p50_999_j_UZ
Pre-tax national income 
Bottom 50% | share | all ages | equal split
",p0p50,2020,0.1462,1.0,UZB,Eastern Europe & FSU
Uzbekistan,"sptinc_p0p50_999_j_UZ
Pre-tax national income 
Bottom 50% | share | all ages | equal split
",p0p50,2021,0.1462,1.0,UZB,Eastern Europe & FSU
Uzbekistan,"sptinc_p0p50_999_j_UZ
Pre-tax national income 
Bottom 50% | share | all ages | equal split
",p0p50,2022,0.1462,1.0,UZB,Eastern Europe & FSU
Uzbekistan,"sptinc_p0p50_999_j_UZ
Pre-tax national income 
Bottom 50% | share | all ages | equal split
",p0p50,2023,0.1462,1.0,UZB,Eastern Europe & FSU
Uzbekistan,"sptinc_p0p50_999_j_UZ
Pre-tax national income 
Bottom 50% | share | all ages | equal split
",p0p50,2024,0.1462,1.0,UZB,Eastern Europe & FSU
Venezuela,"sptinc_p0p50_999_j_VE
Pre-tax national income 
Bottom 50% | share | all ages | equal split
",p0p50,1980,0.0839,0.0,VEN,Latin America & Caribbean
Venezuela,"sptinc_p0p50_999_j_VE
Pre-tax national income 
Bottom 50% | share | all ages | equal split
",p0p50,1981,0.0839,0.0,VEN,Latin America & Caribbean
Venezuela,"sptinc_p0p50_999_j_VE
Pre-tax national income 
Bottom 50% | share | all ages | equal split
",p0p50,1982,0.0839,0.0,VEN,Latin America & Caribbean
Venezuela,"sptinc_p0p50_999_j_VE
Pre-tax national income 
Bottom 50% | share | all ages | equal split
",p0p50,1983,0.0839,0.0,VEN,Latin America & Caribbean
Venezuela,"sptinc_p0p50_999_j_VE
Pre-tax national income 
Bottom 50% | share | all ages | equal split
",p0p50,1984,0.0839,0.0,VEN,Latin America & Caribbean
Venezuela,"sptinc_p0p50_999_j_VE
Pre-tax national income 
Bottom 50% | share | all ages | equal split
",p0p50,1985,0.0839,0.0,VEN,Latin America & Caribbean
Venezuela,"sptinc_p0p50_999_j_VE
Pre-tax national income 
Bottom 50% | share | all ages | equal split
",p0p50,1986,0.0839,0.0,VEN,Latin America & Caribbean
Venezuela,"sptinc_p0p50_999_j_VE
Pre-tax national income 
Bottom 50% | share | all ages | equal split
",p0p50,1987,0.0839,0.0,VEN,Latin America & Caribbean
Venezuela,"sptinc_p0p50_999_j_VE
Pre-tax national income 
Bottom 50% | share | all ages | equal split
",p0p50,1988,0.0839,0.0,VEN,Latin America & Caribbean
Venezuela,"sptinc_p0p50_999_j_VE
Pre-tax national income 
Bottom 50% | share | all ages | equal split
",p0p50,1989,0.0839,0.0,VEN,Latin America & Caribbean
Venezuela,"sptinc_p0p50_999_j_VE
Pre-tax national income 
Bottom 50% | share | all ages | equal split
",p0p50,1990,0.0839,0.0,VEN,Latin America & Caribbean
Venezuela,"sptinc_p0p50_999_j_VE
Pre-tax national income 
Bottom 50% | share | all ages | equal split
",p0p50,1991,0.0839,0.0,VEN,Latin America & Caribbean
Venezuela,"sptinc_p0p50_999_j_VE
Pre-tax national income 
Bottom 50% | share | all ages | equal split
",p0p50,1992,0.0839,0.0,VEN,Latin America & Caribbean
Venezuela,"sptinc_p0p50_999_j_VE
Pre-tax national income 
Bottom 50% | share | all ages | equal split
",p0p50,1993,0.0839,0.0,VEN,Latin America & Caribbean
Venezuela,"sptinc_p0p50_999_j_VE
Pre-tax national income 
Bottom 50% | share | all ages | equal split
",p0p50,1994,0.0839,0.0,VEN,Latin America & Caribbean
Venezuela,"sptinc_p0p50_999_j_VE
Pre-tax national income 
Bottom 50% | share | all ages | equal split
",p0p50,1995,0.0839,0.0,VEN,Latin America & Caribbean
Venezuela,"sptinc_p0p50_999_j_VE
Pre-tax national income 
Bottom 50% | share | all ages | equal split
",p0p50,1996,0.0839,0.0,VEN,Latin America & Caribbean
Venezuela,"sptinc_p0p50_999_j_VE
Pre-tax national income 
Bottom 50% | share | all ages | equal split
",p0p50,1997,0.0839,0.0,VEN,Latin America & Caribbean
Venezuela,"sptinc_p0p50_999_j_VE
Pre-tax national income 
Bottom 50% | share | all ages | equal split
",p0p50,1998,0.0839,0.0,VEN,Latin America & Caribbean
Venezuela,"sptinc_p0p50_999_j_VE
Pre-tax national income 
Bottom 50% | share | all ages | equal split
",p0p50,1999,0.0839,0.0,VEN,Latin America & Caribbean
Venezuela,"sptinc_p0p50_999_j_VE
Pre-tax national income 
Bottom 50% | share | all ages | equal split
",p0p50,2000,0.0839,0.0,VEN,Latin America & Caribbean
Venezuela,"sptinc_p0p50_999_j_VE
Pre-tax national income 
Bottom 50% | share | all ages | equal split
",p0p50,2001,0.0802,0.0,VEN,Latin America & Caribbean
Venezuela,"sptinc_p0p50_999_j_VE
Pre-tax national income 
Bottom 50% | share | all ages | equal split
",p0p50,2002,0.081,0.0,VEN,Latin America & Caribbean
Venezuela,"sptinc_p0p50_999_j_VE
Pre-tax national income 
Bottom 50% | share | all ages | equal split
",p0p50,2003,0.0848,0.0,VEN,Latin America & Caribbean
Venezuela,"sptinc_p0p50_999_j_VE
Pre-tax national income 
Bottom 50% | share | all ages | equal split
",p0p50,2004,0.0872,0.0,VEN,Latin America & Caribbean
Venezuela,"sptinc_p0p50_999_j_VE
Pre-tax national income 
Bottom 50% | share | all ages | equal split
",p0p50,2005,0.087,0.0,VEN,Latin America & Caribbean
Venezuela,"sptinc_p0p50_999_j_VE
Pre-tax national income 
Bottom 50% | share | all ages | equal split
",p0p50,2006,0.0904,0.0,VEN,Latin America & Caribbean
Venezuela,"sptinc_p0p50_999_j_VE
Pre-tax national income 
Bottom 50% | share | all ages | equal split
",p0p50,2007,0.0892,0.0,VEN,Latin America & Caribbean
Venezuela,"sptinc_p0p50_999_j_VE
Pre-tax national income 
Bottom 50% | share | all ages | equal split
",p0p50,2008,0.0916,0.0,VEN,Latin America & Caribbean
Venezuela,"sptinc_p0p50_999_j_VE
Pre-tax national income 
Bottom 50% | share | all ages | equal split
",p0p50,2009,0.0933,0.0,VEN,Latin America & Caribbean
Venezuela,"sptinc_p0p50_999_j_VE
Pre-tax national income 
Bottom 50% | share | all ages | equal split
",p0p50,2010,0.0947,0.0,VEN,Latin America & Caribbean
Venezuela,"sptinc_p0p50_999_j_VE
Pre-tax national income 
Bottom 50% | share | all ages | equal split
",p0p50,2011,0.0978,0.0,VEN,Latin America & Caribbean
Venezuela,"sptinc_p0p50_999_j_VE
Pre-tax national income 
Bottom 50% | share | all ages | equal split
",p0p50,2012,0.1003,0.0,VEN,Latin America & Caribbean
Venezuela,"sptinc_p0p50_999_j_VE
Pre-tax national income 
Bottom 50% | share | all ages | equal split
",p0p50,2013,0.1009,0.0,VEN,Latin America & Caribbean
Venezuela,"sptinc_p0p50_999_j_VE
Pre-tax national income 
Bottom 50% | share | all ages | equal split
",p0p50,2014,0.1025,0.0,VEN,Latin America & Caribbean
Venezuela,"sptinc_p0p50_999_j_VE
Pre-tax national income 
Bottom 50% | share | all ages | equal split
",p0p50,2015,0.1031,0.0,VEN,Latin America & Caribbean
Venezuela,"sptinc_p0p50_999_j_VE
Pre-tax national income 
Bottom 50% | share | all ages | equal split
",p0p50,2016,0.1028,0.0,VEN,Latin America & Caribbean
Venezuela,"sptinc_p0p50_999_j_VE
Pre-tax national income 
Bottom 50% | share | all ages | equal split
",p0p50,2017,0.102,0.0,VEN,Latin America & Caribbean
Venezuela,"sptinc_p0p50_999_j_VE
Pre-tax national income 
Bottom 50% | share | all ages | equal split
",p0p50,2018,0.1011,0.0,VEN,Latin America & Caribbean
Venezuela,"sptinc_p0p50_999_j_VE
Pre-tax national income 
Bottom 50% | share | all ages | equal split
",p0p50,2019,0.1015,0.0,VEN,Latin America & Caribbean
Venezuela,"sptinc_p0p50_999_j_VE
Pre-tax national income 
Bottom 50% | share | all ages | equal split
",p0p50,2020,0.0869,0.0,VEN,Latin America & Caribbean
Venezuela,"sptinc_p0p50_999_j_VE
Pre-tax national income 
Bottom 50% | share | all ages | equal split
",p0p50,2021,0.0949,0.0,VEN,Latin America & Caribbean
Venezuela,"sptinc_p0p50_999_j_VE
Pre-tax national income 
Bottom 50% | share | all ages | equal split
",p0p50,2022,0.1014,0.0,VEN,Latin America & Caribbean
Venezuela,"sptinc_p0p50_999_j_VE
Pre-tax national income 
Bottom 50% | share | all ages | equal split
",p0p50,2023,0.1011,0.0,VEN,Latin America & Caribbean
Venezuela,"sptinc_p0p50_999_j_VE
Pre-tax national income 
Bottom 50% | share | all ages | equal split
",p0p50,2024,0.1011,0.0,VEN,Latin America & Caribbean
Viet Nam,"sptinc_p0p50_999_j_VN
Pre-tax national income 
Bottom 50% | share | all ages | equal split
",p0p50,1960,0.1735,2.0,VNM,Southeast Asia
Viet Nam,"sptinc_p0p50_999_j_VN
Pre-tax national income 
Bottom 50% | share | all ages | equal split
",p0p50,1970,0.1571,2.0,VNM,Southeast Asia
Viet Nam,"sptinc_p0p50_999_j_VN
Pre-tax national income 
Bottom 50% | share | all ages | equal split
",p0p50,1980,0.1391,1.0,VNM,Southeast Asia
Viet Nam,"sptinc_p0p50_999_j_VN
Pre-tax national income 
Bottom 50% | share | all ages | equal split
",p0p50,1981,0.1391,1.0,VNM,Southeast Asia
Viet Nam,"sptinc_p0p50_999_j_VN
Pre-tax national income 
Bottom 50% | share | all ages | equal split
",p0p50,1982,0.1391,1.0,VNM,Southeast Asia
Viet Nam,"sptinc_p0p50_999_j_VN
Pre-tax national income 
Bottom 50% | share | all ages | equal split
",p0p50,1983,0.1391,1.0,VNM,Southeast Asia
Viet Nam,"sptinc_p0p50_999_j_VN
Pre-tax national income 
Bottom 50% | share | all ages | equal split
",p0p50,1984,0.1391,1.0,VNM,Southeast Asia
Viet Nam,"sptinc_p0p50_999_j_VN
Pre-tax national income 
Bottom 50% | share | all ages | equal split
",p0p50,1985,0.1391,1.0,VNM,Southeast Asia
Viet Nam,"sptinc_p0p50_999_j_VN
Pre-tax national income 
Bottom 50% | share | all ages | equal split
",p0p50,1986,0.1391,1.0,VNM,Southeast Asia
Viet Nam,"sptinc_p0p50_999_j_VN
Pre-tax national income 
Bottom 50% | share | all ages | equal split
",p0p50,1987,0.1391,1.0,VNM,Southeast Asia
Viet Nam,"sptinc_p0p50_999_j_VN
Pre-tax national income 
Bottom 50% | share | all ages | equal split
",p0p50,1988,0.1391,1.0,VNM,Southeast Asia
Viet Nam,"sptinc_p0p50_999_j_VN
Pre-tax national income 
Bottom 50% | share | all ages | equal split
",p0p50,1989,0.1391,1.0,VNM,Southeast Asia
Viet Nam,"sptinc_p0p50_999_j_VN
Pre-tax national income 
Bottom 50% | share | all ages | equal split
",p0p50,1990,0.1391,1.0,VNM,Southeast Asia
Viet Nam,"sptinc_p0p50_999_j_VN
Pre-tax national income 
Bottom 50% | share | all ages | equal split
",p0p50,1991,0.1391,1.0,VNM,Southeast Asia
Viet Nam,"sptinc_p0p50_999_j_VN
Pre-tax national income 
Bottom 50% | share | all ages | equal split
",p0p50,1992,0.1391,3.0,VNM,Southeast Asia
Viet Nam,"sptinc_p0p50_999_j_VN
Pre-tax national income 
Bottom 50% | share | all ages | equal split
",p0p50,1993,0.1394,2.0,VNM,Southeast Asia
Viet Nam,"sptinc_p0p50_999_j_VN
Pre-tax national income 
Bottom 50% | share | all ages | equal split
",p0p50,1994,0.1389,2.0,VNM,Southeast Asia
Viet Nam,"sptinc_p0p50_999_j_VN
Pre-tax national income 
Bottom 50% | share | all ages | equal split
",p0p50,1995,0.1389,2.0,VNM,Southeast Asia
Viet Nam,"sptinc_p0p50_999_j_VN
Pre-tax national income 
Bottom 50% | share | all ages | equal split
",p0p50,1996,0.1394,2.0,VNM,Southeast Asia
Viet Nam,"sptinc_p0p50_999_j_VN
Pre-tax national income 
Bottom 50% | share | all ages | equal split
",p0p50,1997,0.1395,2.0,VNM,Southeast Asia
Viet Nam,"sptinc_p0p50_999_j_VN
Pre-tax national income 
Bottom 50% | share | all ages | equal split
",p0p50,1998,0.1396,3.0,VNM,Southeast Asia
Viet Nam,"sptinc_p0p50_999_j_VN
Pre-tax national income 
Bottom 50% | share | all ages | equal split
",p0p50,1999,0.1375,2.0,VNM,Southeast Asia
Viet Nam,"sptinc_p0p50_999_j_VN
Pre-tax national income 
Bottom 50% | share | all ages | equal split
",p0p50,2000,0.1328,2.0,VNM,Southeast Asia
Viet Nam,"sptinc_p0p50_999_j_VN
Pre-tax national income 
Bottom 50% | share | all ages | equal split
",p0p50,2001,0.1296,2.0,VNM,Southeast Asia
Viet Nam,"sptinc_p0p50_999_j_VN
Pre-tax national income 
Bottom 50% | share | all ages | equal split
",p0p50,2002,0.1287,3.0,VNM,Southeast Asia
Viet Nam,"sptinc_p0p50_999_j_VN
Pre-tax national income 
Bottom 50% | share | all ages | equal split
",p0p50,2003,0.1305,2.0,VNM,Southeast Asia
Viet Nam,"sptinc_p0p50_999_j_VN
Pre-tax national income 
Bottom 50% | share | all ages | equal split
",p0p50,2004,0.1303,3.0,VNM,Southeast Asia
Viet Nam,"sptinc_p0p50_999_j_VN
Pre-tax national income 
Bottom 50% | share | all ages | equal split
",p0p50,2005,0.1352,2.0,VNM,Southeast Asia
Viet Nam,"sptinc_p0p50_999_j_VN
Pre-tax national income 
Bottom 50% | share | all ages | equal split
",p0p50,2006,0.1403,3.0,VNM,Southeast Asia
Viet Nam,"sptinc_p0p50_999_j_VN
Pre-tax national income 
Bottom 50% | share | all ages | equal split
",p0p50,2007,0.1406,2.0,VNM,Southeast Asia
Viet Nam,"sptinc_p0p50_999_j_VN
Pre-tax national income 
Bottom 50% | share | all ages | equal split
",p0p50,2008,0.1408,3.0,VNM,Southeast Asia
Viet Nam,"sptinc_p0p50_999_j_VN
Pre-tax national income 
Bottom 50% | share | all ages | equal split
",p0p50,2009,0.1323,2.0,VNM,Southeast Asia
Viet Nam,"sptinc_p0p50_999_j_VN
Pre-tax national income 
Bottom 50% | share | all ages | equal split
",p0p50,2010,0.126,3.0,VNM,Southeast Asia
Viet Nam,"sptinc_p0p50_999_j_VN
Pre-tax national income 
Bottom 50% | share | all ages | equal split
",p0p50,2011,0.1348,2.0,VNM,Southeast Asia
Viet Nam,"sptinc_p0p50_999_j_VN
Pre-tax national income 
Bottom 50% | share | all ages | equal split
",p0p50,2012,0.1435,3.0,VNM,Southeast Asia
Viet Nam,"sptinc_p0p50_999_j_VN
Pre-tax national income 
Bottom 50% | share | all ages | equal split
",p0p50,2013,0.1461,2.0,VNM,Southeast Asia
Viet Nam,"sptinc_p0p50_999_j_VN
Pre-tax national income 
Bottom 50% | share | all ages | equal split
",p0p50,2014,0.1475,3.0,VNM,Southeast Asia
Viet Nam,"sptinc_p0p50_999_j_VN
Pre-tax national income 
Bottom 50% | share | all ages | equal split
",p0p50,2015,0.1466,2.0,VNM,Southeast Asia
Viet Nam,"sptinc_p0p50_999_j_VN
Pre-tax national income 
Bottom 50% | share | all ages | equal split
",p0p50,2016,0.1454,3.0,VNM,Southeast Asia
Viet Nam,"sptinc_p0p50_999_j_VN
Pre-tax national income 
Bottom 50% | share | all ages | equal split
",p0p50,2017,0.1457,2.0,VNM,Southeast Asia
Viet Nam,"sptinc_p0p50_999_j_VN
Pre-tax national income 
Bottom 50% | share | all ages | equal split
",p0p50,2018,0.1463,3.0,VNM,Southeast Asia
Viet Nam,"sptinc_p0p50_999_j_VN
Pre-tax national income 
Bottom 50% | share | all ages | equal split
",p0p50,2019,0.1463,1.0,VNM,Southeast Asia
Viet Nam,"sptinc_p0p50_999_j_VN
Pre-tax national income 
Bottom 50% | share | all ages | equal split
",p0p50,2020,0.1463,1.0,VNM,Southeast Asia
Viet Nam,"sptinc_p0p50_999_j_VN
Pre-tax national income 
Bottom 50% | share | all ages | equal split
",p0p50,2021,0.1463,1.0,VNM,Southeast Asia
Viet Nam,"sptinc_p0p50_999_j_VN
Pre-tax national income 
Bottom 50% | share | all ages | equal split
",p0p50,2022,0.1463,1.0,VNM,Southeast Asia
Viet Nam,"sptinc_p0p50_999_j_VN
Pre-tax national income 
Bottom 50% | share | all ages | equal split
",p0p50,2023,0.1463,1.0,VNM,Southeast Asia
Viet Nam,"sptinc_p0p50_999_j_VN
Pre-tax national income 
Bottom 50% | share | all ages | equal split
",p0p50,2024,0.1463,1.0,VNM,Southeast Asia
Zambia,"sptinc_p0p50_999_j_ZM
Pre-tax national income 
Bottom 50% | share | all ages | equal split
",p0p50,1963,0.0985,3.0,ZMB,Sub-Saharan Africa
Zambia,"sptinc_p0p50_999_j_ZM
Pre-tax national income 
Bottom 50% | share | all ages | equal split
",p0p50,1968,0.0854,3.0,ZMB,Sub-Saharan Africa
Zambia,"sptinc_p0p50_999_j_ZM
Pre-tax national income 
Bottom 50% | share | all ages | equal split
",p0p50,1970,0.0818,3.0,ZMB,Sub-Saharan Africa
Zambia,"sptinc_p0p50_999_j_ZM
Pre-tax national income 
Bottom 50% | share | all ages | equal split
",p0p50,1980,0.0556,1.0,ZMB,Sub-Saharan Africa
Zambia,"sptinc_p0p50_999_j_ZM
Pre-tax national income 
Bottom 50% | share | all ages | equal split
",p0p50,1981,0.0556,1.0,ZMB,Sub-Saharan Africa
Zambia,"sptinc_p0p50_999_j_ZM
Pre-tax national income 
Bottom 50% | share | all ages | equal split
",p0p50,1982,0.0556,1.0,ZMB,Sub-Saharan Africa
Zambia,"sptinc_p0p50_999_j_ZM
Pre-tax national income 
Bottom 50% | share | all ages | equal split
",p0p50,1983,0.0556,1.0,ZMB,Sub-Saharan Africa
Zambia,"sptinc_p0p50_999_j_ZM
Pre-tax national income 
Bottom 50% | share | all ages | equal split
",p0p50,1984,0.0556,1.0,ZMB,Sub-Saharan Africa
Zambia,"sptinc_p0p50_999_j_ZM
Pre-tax national income 
Bottom 50% | share | all ages | equal split
",p0p50,1985,0.0556,1.0,ZMB,Sub-Saharan Africa
Zambia,"sptinc_p0p50_999_j_ZM
Pre-tax national income 
Bottom 50% | share | all ages | equal split
",p0p50,1986,0.0556,1.0,ZMB,Sub-Saharan Africa
Zambia,"sptinc_p0p50_999_j_ZM
Pre-tax national income 
Bottom 50% | share | all ages | equal split
",p0p50,1987,0.0556,1.0,ZMB,Sub-Saharan Africa
Zambia,"sptinc_p0p50_999_j_ZM
Pre-tax national income 
Bottom 50% | share | all ages | equal split
",p0p50,1988,0.0556,1.0,ZMB,Sub-Saharan Africa
Zambia,"sptinc_p0p50_999_j_ZM
Pre-tax national income 
Bottom 50% | share | all ages | equal split
",p0p50,1989,0.0556,1.0,ZMB,Sub-Saharan Africa
Zambia,"sptinc_p0p50_999_j_ZM
Pre-tax national income 
Bottom 50% | share | all ages | equal split
",p0p50,1990,0.0556,1.0,ZMB,Sub-Saharan Africa
Zambia,"sptinc_p0p50_999_j_ZM
Pre-tax national income 
Bottom 50% | share | all ages | equal split
",p0p50,1991,0.0556,3.0,ZMB,Sub-Saharan Africa
Zambia,"sptinc_p0p50_999_j_ZM
Pre-tax national income 
Bottom 50% | share | all ages | equal split
",p0p50,1992,0.0707,2.0,ZMB,Sub-Saharan Africa
Zambia,"sptinc_p0p50_999_j_ZM
Pre-tax national income 
Bottom 50% | share | all ages | equal split
",p0p50,1993,0.0858,3.0,ZMB,Sub-Saharan Africa
Zambia,"sptinc_p0p50_999_j_ZM
Pre-tax national income 
Bottom 50% | share | all ages | equal split
",p0p50,1994,0.0906,2.0,ZMB,Sub-Saharan Africa
Zambia,"sptinc_p0p50_999_j_ZM
Pre-tax national income 
Bottom 50% | share | all ages | equal split
",p0p50,1995,0.0954,2.0,ZMB,Sub-Saharan Africa
Zambia,"sptinc_p0p50_999_j_ZM
Pre-tax national income 
Bottom 50% | share | all ages | equal split
",p0p50,1996,0.1002,3.0,ZMB,Sub-Saharan Africa
Zambia,"sptinc_p0p50_999_j_ZM
Pre-tax national income 
Bottom 50% | share | all ages | equal split
",p0p50,1997,0.099,2.0,ZMB,Sub-Saharan Africa
Zambia,"sptinc_p0p50_999_j_ZM
Pre-tax national income 
Bottom 50% | share | all ages | equal split
",p0p50,1998,0.0977,3.0,ZMB,Sub-Saharan Africa
Zambia,"sptinc_p0p50_999_j_ZM
Pre-tax national income 
Bottom 50% | share | all ages | equal split
",p0p50,1999,0.1045,2.0,ZMB,Sub-Saharan Africa
Zambia,"sptinc_p0p50_999_j_ZM
Pre-tax national income 
Bottom 50% | share | all ages | equal split
",p0p50,2000,0.1112,3.0,ZMB,Sub-Saharan Africa
Zambia,"sptinc_p0p50_999_j_ZM
Pre-tax national income 
Bottom 50% | share | all ages | equal split
",p0p50,2001,0.118,2.0,ZMB,Sub-Saharan Africa
Zambia,"sptinc_p0p50_999_j_ZM
Pre-tax national income 
Bottom 50% | share | all ages | equal split
",p0p50,2002,0.1248,3.0,ZMB,Sub-Saharan Africa
Zambia,"sptinc_p0p50_999_j_ZM
Pre-tax national income 
Bottom 50% | share | all ages | equal split
",p0p50,2003,0.1019,2.0,ZMB,Sub-Saharan Africa
Zambia,"sptinc_p0p50_999_j_ZM
Pre-tax national income 
Bottom 50% | share | all ages | equal split
",p0p50,2004,0.0792,3.0,ZMB,Sub-Saharan Africa
Zambia,"sptinc_p0p50_999_j_ZM
Pre-tax national income 
Bottom 50% | share | all ages | equal split
",p0p50,2005,0.0788,2.0,ZMB,Sub-Saharan Africa
Zambia,"sptinc_p0p50_999_j_ZM
Pre-tax national income 
Bottom 50% | share | all ages | equal split
",p0p50,2006,0.0784,3.0,ZMB,Sub-Saharan Africa
Zambia,"sptinc_p0p50_999_j_ZM
Pre-tax national income 
Bottom 50% | share | all ages | equal split
",p0p50,2007,0.0807,3.0,ZMB,Sub-Saharan Africa
Zambia,"sptinc_p0p50_999_j_ZM
Pre-tax national income 
Bottom 50% | share | all ages | equal split
",p0p50,2008,0.0831,2.0,ZMB,Sub-Saharan Africa
Zambia,"sptinc_p0p50_999_j_ZM
Pre-tax national income 
Bottom 50% | share | all ages | equal split
",p0p50,2009,0.0854,2.0,ZMB,Sub-Saharan Africa
Zambia,"sptinc_p0p50_999_j_ZM
Pre-tax national income 
Bottom 50% | share | all ages | equal split
",p0p50,2010,0.0877,3.0,ZMB,Sub-Saharan Africa
Zambia,"sptinc_p0p50_999_j_ZM
Pre-tax national income 
Bottom 50% | share | all ages | equal split
",p0p50,2011,0.0849,2.0,ZMB,Sub-Saharan Africa
Zambia,"sptinc_p0p50_999_j_ZM
Pre-tax national income 
Bottom 50% | share | all ages | equal split
",p0p50,2012,0.0822,2.0,ZMB,Sub-Saharan Africa
Zambia,"sptinc_p0p50_999_j_ZM
Pre-tax national income 
Bottom 50% | share | all ages | equal split
",p0p50,2013,0.0794,2.0,ZMB,Sub-Saharan Africa
Zambia,"sptinc_p0p50_999_j_ZM
Pre-tax national income 
Bottom 50% | share | all ages | equal split
",p0p50,2014,0.0766,2.0,ZMB,Sub-Saharan Africa
Zambia,"sptinc_p0p50_999_j_ZM
Pre-tax national income 
Bottom 50% | share | all ages | equal split
",p0p50,2015,0.0738,3.0,ZMB,Sub-Saharan Africa
Zambia,"sptinc_p0p50_999_j_ZM
Pre-tax national income 
Bottom 50% | share | all ages | equal split
",p0p50,2016,0.0758,2.0,ZMB,Sub-Saharan Africa
Zambia,"sptinc_p0p50_999_j_ZM
Pre-tax national income 
Bottom 50% | share | all ages | equal split
",p0p50,2017,0.0779,3.0,ZMB,Sub-Saharan Africa
Zambia,"sptinc_p0p50_999_j_ZM
Pre-tax national income 
Bottom 50% | share | all ages | equal split
",p0p50,2018,0.0799,1.0,ZMB,Sub-Saharan Africa
Zambia,"sptinc_p0p50_999_j_ZM
Pre-tax national income 
Bottom 50% | share | all ages | equal split
",p0p50,2019,0.082,2.0,ZMB,Sub-Saharan Africa
Zambia,"sptinc_p0p50_999_j_ZM
Pre-tax national income 
Bottom 50% | share | all ages | equal split
",p0p50,2020,0.084,2.0,ZMB,Sub-Saharan Africa
Zambia,"sptinc_p0p50_999_j_ZM
Pre-tax national income 
Bottom 50% | share | all ages | equal split
",p0p50,2021,0.0861,2.0,ZMB,Sub-Saharan Africa
Zambia,"sptinc_p0p50_999_j_ZM
Pre-tax national income 
Bottom 50% | share | all ages | equal split
",p0p50,2022,0.0881,3.0,ZMB,Sub-Saharan Africa
Zambia,"sptinc_p0p50_999_j_ZM
Pre-tax national income 
Bottom 50% | share | all ages | equal split
",p0p50,2023,0.0881,1.0,ZMB,Sub-Saharan Africa
Zambia,"sptinc_p0p50_999_j_ZM
Pre-tax national income 
Bottom 50% | share | all ages | equal split
",p0p50,2024,0.0881,1.0,ZMB,Sub-Saharan Africa
