Country,Variable,Percentile,Year,Value,Data quality,iso3,region
Argentina,"sptinc_p80p100_999_j_AR
Pre-tax national income 
P80-100 | share | all ages | equal split
",p80p100,1960,0.6173000000000001,2.0,ARG,Latin America & Caribbean
Argentina,"sptinc_p80p100_999_j_AR
Pre-tax national income 
P80-100 | share | all ages | equal split
",p80p100,1961,0.6193000000000001,3.0,ARG,Latin America & Caribbean
Argentina,"sptinc_p80p100_999_j_AR
Pre-tax national income 
P80-100 | share | all ages | equal split
",p80p100,1970,0.6161,3.0,ARG,Latin America & Caribbean
Argentina,"sptinc_p80p100_999_j_AR
Pre-tax national income 
P80-100 | share | all ages | equal split
",p80p100,1980,0.6795,1.0,ARG,Latin America & Caribbean
Argentina,"sptinc_p80p100_999_j_AR
Pre-tax national income 
P80-100 | share | all ages | equal split
",p80p100,1981,0.6795,1.0,ARG,Latin America & Caribbean
Argentina,"sptinc_p80p100_999_j_AR
Pre-tax national income 
P80-100 | share | all ages | equal split
",p80p100,1982,0.6795,1.0,ARG,Latin America & Caribbean
Argentina,"sptinc_p80p100_999_j_AR
Pre-tax national income 
P80-100 | share | all ages | equal split
",p80p100,1983,0.6795,1.0,ARG,Latin America & Caribbean
Argentina,"sptinc_p80p100_999_j_AR
Pre-tax national income 
P80-100 | share | all ages | equal split
",p80p100,1984,0.6795,1.0,ARG,Latin America & Caribbean
Argentina,"sptinc_p80p100_999_j_AR
Pre-tax national income 
P80-100 | share | all ages | equal split
",p80p100,1985,0.6795,1.0,ARG,Latin America & Caribbean
Argentina,"sptinc_p80p100_999_j_AR
Pre-tax national income 
P80-100 | share | all ages | equal split
",p80p100,1986,0.6795,1.0,ARG,Latin America & Caribbean
Argentina,"sptinc_p80p100_999_j_AR
Pre-tax national income 
P80-100 | share | all ages | equal split
",p80p100,1987,0.6795,1.0,ARG,Latin America & Caribbean
Argentina,"sptinc_p80p100_999_j_AR
Pre-tax national income 
P80-100 | share | all ages | equal split
",p80p100,1988,0.6795,1.0,ARG,Latin America & Caribbean
Argentina,"sptinc_p80p100_999_j_AR
Pre-tax national income 
P80-100 | share | all ages | equal split
",p80p100,1989,0.6795,1.0,ARG,Latin America & Caribbean
Argentina,"sptinc_p80p100_999_j_AR
Pre-tax national income 
P80-100 | share | all ages | equal split
",p80p100,1990,0.6795,1.0,ARG,Latin America & Caribbean
Argentina,"sptinc_p80p100_999_j_AR
Pre-tax national income 
P80-100 | share | all ages | equal split
",p80p100,1991,0.6795,1.0,ARG,Latin America & Caribbean
Argentina,"sptinc_p80p100_999_j_AR
Pre-tax national income 
P80-100 | share | all ages | equal split
",p80p100,1992,0.6795,1.0,ARG,Latin America & Caribbean
Argentina,"sptinc_p80p100_999_j_AR
Pre-tax national income 
P80-100 | share | all ages | equal split
",p80p100,1993,0.6795,1.0,ARG,Latin America & Caribbean
Argentina,"sptinc_p80p100_999_j_AR
Pre-tax national income 
P80-100 | share | all ages | equal split
",p80p100,1994,0.6795,1.0,ARG,Latin America & Caribbean
Argentina,"sptinc_p80p100_999_j_AR
Pre-tax national income 
P80-100 | share | all ages | equal split
",p80p100,1995,0.6795,1.0,ARG,Latin America & Caribbean
Argentina,"sptinc_p80p100_999_j_AR
Pre-tax national income 
P80-100 | share | all ages | equal split
",p80p100,1996,0.6795,1.0,ARG,Latin America & Caribbean
Argentina,"sptinc_p80p100_999_j_AR
Pre-tax national income 
P80-100 | share | all ages | equal split
",p80p100,1997,0.6795,1.0,ARG,Latin America & Caribbean
Argentina,"sptinc_p80p100_999_j_AR
Pre-tax national income 
P80-100 | share | all ages | equal split
",p80p100,1998,0.6795,1.0,ARG,Latin America & Caribbean
Argentina,"sptinc_p80p100_999_j_AR
Pre-tax national income 
P80-100 | share | all ages | equal split
",p80p100,1999,0.6795,1.0,ARG,Latin America & Caribbean
Argentina,"sptinc_p80p100_999_j_AR
Pre-tax national income 
P80-100 | share | all ages | equal split
",p80p100,2000,0.6795,4.0,ARG,Latin America & Caribbean
Argentina,"sptinc_p80p100_999_j_AR
Pre-tax national income 
P80-100 | share | all ages | equal split
",p80p100,2001,0.6915,4.0,ARG,Latin America & Caribbean
Argentina,"sptinc_p80p100_999_j_AR
Pre-tax national income 
P80-100 | share | all ages | equal split
",p80p100,2002,0.7009000000000001,4.0,ARG,Latin America & Caribbean
Argentina,"sptinc_p80p100_999_j_AR
Pre-tax national income 
P80-100 | share | all ages | equal split
",p80p100,2003,0.6615,4.0,ARG,Latin America & Caribbean
Argentina,"sptinc_p80p100_999_j_AR
Pre-tax national income 
P80-100 | share | all ages | equal split
",p80p100,2004,0.6575000000000001,4.0,ARG,Latin America & Caribbean
Argentina,"sptinc_p80p100_999_j_AR
Pre-tax national income 
P80-100 | share | all ages | equal split
",p80p100,2005,0.6379,4.0,ARG,Latin America & Caribbean
Argentina,"sptinc_p80p100_999_j_AR
Pre-tax national income 
P80-100 | share | all ages | equal split
",p80p100,2006,0.6188,4.0,ARG,Latin America & Caribbean
Argentina,"sptinc_p80p100_999_j_AR
Pre-tax national income 
P80-100 | share | all ages | equal split
",p80p100,2007,0.6357,4.0,ARG,Latin America & Caribbean
Argentina,"sptinc_p80p100_999_j_AR
Pre-tax national income 
P80-100 | share | all ages | equal split
",p80p100,2008,0.5903,4.0,ARG,Latin America & Caribbean
Argentina,"sptinc_p80p100_999_j_AR
Pre-tax national income 
P80-100 | share | all ages | equal split
",p80p100,2009,0.5933,4.0,ARG,Latin America & Caribbean
Argentina,"sptinc_p80p100_999_j_AR
Pre-tax national income 
P80-100 | share | all ages | equal split
",p80p100,2010,0.5951000000000001,4.0,ARG,Latin America & Caribbean
Argentina,"sptinc_p80p100_999_j_AR
Pre-tax national income 
P80-100 | share | all ages | equal split
",p80p100,2011,0.5742,4.0,ARG,Latin America & Caribbean
Argentina,"sptinc_p80p100_999_j_AR
Pre-tax national income 
P80-100 | share | all ages | equal split
",p80p100,2012,0.5629000000000001,4.0,ARG,Latin America & Caribbean
Argentina,"sptinc_p80p100_999_j_AR
Pre-tax national income 
P80-100 | share | all ages | equal split
",p80p100,2013,0.5704,4.0,ARG,Latin America & Caribbean
Argentina,"sptinc_p80p100_999_j_AR
Pre-tax national income 
P80-100 | share | all ages | equal split
",p80p100,2014,0.5919,4.0,ARG,Latin America & Caribbean
Argentina,"sptinc_p80p100_999_j_AR
Pre-tax national income 
P80-100 | share | all ages | equal split
",p80p100,2015,0.5894,2.0,ARG,Latin America & Caribbean
Argentina,"sptinc_p80p100_999_j_AR
Pre-tax national income 
P80-100 | share | all ages | equal split
",p80p100,2016,0.5869,4.0,ARG,Latin America & Caribbean
Argentina,"sptinc_p80p100_999_j_AR
Pre-tax national income 
P80-100 | share | all ages | equal split
",p80p100,2017,0.5889,4.0,ARG,Latin America & Caribbean
Argentina,"sptinc_p80p100_999_j_AR
Pre-tax national income 
P80-100 | share | all ages | equal split
",p80p100,2018,0.5841000000000001,4.0,ARG,Latin America & Caribbean
Argentina,"sptinc_p80p100_999_j_AR
Pre-tax national income 
P80-100 | share | all ages | equal split
",p80p100,2019,0.6041000000000001,4.0,ARG,Latin America & Caribbean
Argentina,"sptinc_p80p100_999_j_AR
Pre-tax national income 
P80-100 | share | all ages | equal split
",p80p100,2020,0.6296,3.0,ARG,Latin America & Caribbean
Argentina,"sptinc_p80p100_999_j_AR
Pre-tax national income 
P80-100 | share | all ages | equal split
",p80p100,2021,0.5940000000000001,3.0,ARG,Latin America & Caribbean
Argentina,"sptinc_p80p100_999_j_AR
Pre-tax national income 
P80-100 | share | all ages | equal split
",p80p100,2022,0.5984,3.0,ARG,Latin America & Caribbean
Argentina,"sptinc_p80p100_999_j_AR
Pre-tax national income 
P80-100 | share | all ages | equal split
",p80p100,2023,0.6149,3.0,ARG,Latin America & Caribbean
Argentina,"sptinc_p80p100_999_j_AR
Pre-tax national income 
P80-100 | share | all ages | equal split
",p80p100,2024,0.6149,1.0,ARG,Latin America & Caribbean
Armenia,"sptinc_p80p100_999_j_AM
Pre-tax national income 
P80-100 | share | all ages | equal split
",p80p100,1980,0.3925,1.0,ARM,Eastern Europe & FSU
Armenia,"sptinc_p80p100_999_j_AM
Pre-tax national income 
P80-100 | share | all ages | equal split
",p80p100,1981,0.3927,1.0,ARM,Eastern Europe & FSU
Armenia,"sptinc_p80p100_999_j_AM
Pre-tax national income 
P80-100 | share | all ages | equal split
",p80p100,1982,0.3929,1.0,ARM,Eastern Europe & FSU
Armenia,"sptinc_p80p100_999_j_AM
Pre-tax national income 
P80-100 | share | all ages | equal split
",p80p100,1983,0.3931,1.0,ARM,Eastern Europe & FSU
Armenia,"sptinc_p80p100_999_j_AM
Pre-tax national income 
P80-100 | share | all ages | equal split
",p80p100,1984,0.3933,1.0,ARM,Eastern Europe & FSU
Armenia,"sptinc_p80p100_999_j_AM
Pre-tax national income 
P80-100 | share | all ages | equal split
",p80p100,1985,0.3935,1.0,ARM,Eastern Europe & FSU
Armenia,"sptinc_p80p100_999_j_AM
Pre-tax national income 
P80-100 | share | all ages | equal split
",p80p100,1986,0.3932,1.0,ARM,Eastern Europe & FSU
Armenia,"sptinc_p80p100_999_j_AM
Pre-tax national income 
P80-100 | share | all ages | equal split
",p80p100,1987,0.3928,1.0,ARM,Eastern Europe & FSU
Armenia,"sptinc_p80p100_999_j_AM
Pre-tax national income 
P80-100 | share | all ages | equal split
",p80p100,1988,0.3925,1.0,ARM,Eastern Europe & FSU
Armenia,"sptinc_p80p100_999_j_AM
Pre-tax national income 
P80-100 | share | all ages | equal split
",p80p100,1989,0.3932,1.0,ARM,Eastern Europe & FSU
Armenia,"sptinc_p80p100_999_j_AM
Pre-tax national income 
P80-100 | share | all ages | equal split
",p80p100,1990,0.3799,1.0,ARM,Eastern Europe & FSU
Armenia,"sptinc_p80p100_999_j_AM
Pre-tax national income 
P80-100 | share | all ages | equal split
",p80p100,1991,0.4194,1.0,ARM,Eastern Europe & FSU
Armenia,"sptinc_p80p100_999_j_AM
Pre-tax national income 
P80-100 | share | all ages | equal split
",p80p100,1992,0.459,1.0,ARM,Eastern Europe & FSU
Armenia,"sptinc_p80p100_999_j_AM
Pre-tax national income 
P80-100 | share | all ages | equal split
",p80p100,1993,0.4986,1.0,ARM,Eastern Europe & FSU
Armenia,"sptinc_p80p100_999_j_AM
Pre-tax national income 
P80-100 | share | all ages | equal split
",p80p100,1994,0.5382,1.0,ARM,Eastern Europe & FSU
Armenia,"sptinc_p80p100_999_j_AM
Pre-tax national income 
P80-100 | share | all ages | equal split
",p80p100,1995,0.5780000000000001,1.0,ARM,Eastern Europe & FSU
Armenia,"sptinc_p80p100_999_j_AM
Pre-tax national income 
P80-100 | share | all ages | equal split
",p80p100,1996,0.6188,3.0,ARM,Eastern Europe & FSU
Armenia,"sptinc_p80p100_999_j_AM
Pre-tax national income 
P80-100 | share | all ages | equal split
",p80p100,1997,0.6081,2.0,ARM,Eastern Europe & FSU
Armenia,"sptinc_p80p100_999_j_AM
Pre-tax national income 
P80-100 | share | all ages | equal split
",p80p100,1998,0.5957,2.0,ARM,Eastern Europe & FSU
Armenia,"sptinc_p80p100_999_j_AM
Pre-tax national income 
P80-100 | share | all ages | equal split
",p80p100,1999,0.5876,3.0,ARM,Eastern Europe & FSU
Armenia,"sptinc_p80p100_999_j_AM
Pre-tax national income 
P80-100 | share | all ages | equal split
",p80p100,2000,0.5776,1.0,ARM,Eastern Europe & FSU
Armenia,"sptinc_p80p100_999_j_AM
Pre-tax national income 
P80-100 | share | all ages | equal split
",p80p100,2001,0.5711,1.0,ARM,Eastern Europe & FSU
Armenia,"sptinc_p80p100_999_j_AM
Pre-tax national income 
P80-100 | share | all ages | equal split
",p80p100,2002,0.5749000000000001,1.0,ARM,Eastern Europe & FSU
Armenia,"sptinc_p80p100_999_j_AM
Pre-tax national income 
P80-100 | share | all ages | equal split
",p80p100,2003,0.5666,1.0,ARM,Eastern Europe & FSU
Armenia,"sptinc_p80p100_999_j_AM
Pre-tax national income 
P80-100 | share | all ages | equal split
",p80p100,2004,0.5943,1.0,ARM,Eastern Europe & FSU
Armenia,"sptinc_p80p100_999_j_AM
Pre-tax national income 
P80-100 | share | all ages | equal split
",p80p100,2005,0.5882000000000001,1.0,ARM,Eastern Europe & FSU
Armenia,"sptinc_p80p100_999_j_AM
Pre-tax national income 
P80-100 | share | all ages | equal split
",p80p100,2006,0.5254,1.0,ARM,Eastern Europe & FSU
Armenia,"sptinc_p80p100_999_j_AM
Pre-tax national income 
P80-100 | share | all ages | equal split
",p80p100,2007,0.5364,1.0,ARM,Eastern Europe & FSU
Armenia,"sptinc_p80p100_999_j_AM
Pre-tax national income 
P80-100 | share | all ages | equal split
",p80p100,2008,0.5211,1.0,ARM,Eastern Europe & FSU
Armenia,"sptinc_p80p100_999_j_AM
Pre-tax national income 
P80-100 | share | all ages | equal split
",p80p100,2009,0.5161,1.0,ARM,Eastern Europe & FSU
Armenia,"sptinc_p80p100_999_j_AM
Pre-tax national income 
P80-100 | share | all ages | equal split
",p80p100,2010,0.5385,1.0,ARM,Eastern Europe & FSU
Armenia,"sptinc_p80p100_999_j_AM
Pre-tax national income 
P80-100 | share | all ages | equal split
",p80p100,2011,0.5229,1.0,ARM,Eastern Europe & FSU
Armenia,"sptinc_p80p100_999_j_AM
Pre-tax national income 
P80-100 | share | all ages | equal split
",p80p100,2012,0.5226000000000001,1.0,ARM,Eastern Europe & FSU
Armenia,"sptinc_p80p100_999_j_AM
Pre-tax national income 
P80-100 | share | all ages | equal split
",p80p100,2013,0.5294,1.0,ARM,Eastern Europe & FSU
Armenia,"sptinc_p80p100_999_j_AM
Pre-tax national income 
P80-100 | share | all ages | equal split
",p80p100,2014,0.5375,1.0,ARM,Eastern Europe & FSU
Armenia,"sptinc_p80p100_999_j_AM
Pre-tax national income 
P80-100 | share | all ages | equal split
",p80p100,2015,0.5479,1.0,ARM,Eastern Europe & FSU
Armenia,"sptinc_p80p100_999_j_AM
Pre-tax national income 
P80-100 | share | all ages | equal split
",p80p100,2016,0.5474,1.0,ARM,Eastern Europe & FSU
Armenia,"sptinc_p80p100_999_j_AM
Pre-tax national income 
P80-100 | share | all ages | equal split
",p80p100,2017,0.5763,1.0,ARM,Eastern Europe & FSU
Armenia,"sptinc_p80p100_999_j_AM
Pre-tax national income 
P80-100 | share | all ages | equal split
",p80p100,2018,0.5774,1.0,ARM,Eastern Europe & FSU
Armenia,"sptinc_p80p100_999_j_AM
Pre-tax national income 
P80-100 | share | all ages | equal split
",p80p100,2019,0.5411,1.0,ARM,Eastern Europe & FSU
Armenia,"sptinc_p80p100_999_j_AM
Pre-tax national income 
P80-100 | share | all ages | equal split
",p80p100,2020,0.5411,1.0,ARM,Eastern Europe & FSU
Armenia,"sptinc_p80p100_999_j_AM
Pre-tax national income 
P80-100 | share | all ages | equal split
",p80p100,2021,0.5411,1.0,ARM,Eastern Europe & FSU
Armenia,"sptinc_p80p100_999_j_AM
Pre-tax national income 
P80-100 | share | all ages | equal split
",p80p100,2022,0.5411,1.0,ARM,Eastern Europe & FSU
Armenia,"sptinc_p80p100_999_j_AM
Pre-tax national income 
P80-100 | share | all ages | equal split
",p80p100,2023,0.5411,1.0,ARM,Eastern Europe & FSU
Armenia,"sptinc_p80p100_999_j_AM
Pre-tax national income 
P80-100 | share | all ages | equal split
",p80p100,2024,0.5411,1.0,ARM,Eastern Europe & FSU
Australia,"sptinc_p80p100_999_j_AU
Pre-tax national income 
P80-100 | share | all ages | equal split
",p80p100,1960,0.4651,4.0,AUS,Oceania
Australia,"sptinc_p80p100_999_j_AU
Pre-tax national income 
P80-100 | share | all ages | equal split
",p80p100,1961,0.4664,4.0,AUS,Oceania
Australia,"sptinc_p80p100_999_j_AU
Pre-tax national income 
P80-100 | share | all ages | equal split
",p80p100,1962,0.4713,4.0,AUS,Oceania
Australia,"sptinc_p80p100_999_j_AU
Pre-tax national income 
P80-100 | share | all ages | equal split
",p80p100,1963,0.4744,4.0,AUS,Oceania
Australia,"sptinc_p80p100_999_j_AU
Pre-tax national income 
P80-100 | share | all ages | equal split
",p80p100,1964,0.4675,4.0,AUS,Oceania
Australia,"sptinc_p80p100_999_j_AU
Pre-tax national income 
P80-100 | share | all ages | equal split
",p80p100,1965,0.4644,4.0,AUS,Oceania
Australia,"sptinc_p80p100_999_j_AU
Pre-tax national income 
P80-100 | share | all ages | equal split
",p80p100,1966,0.4569,4.0,AUS,Oceania
Australia,"sptinc_p80p100_999_j_AU
Pre-tax national income 
P80-100 | share | all ages | equal split
",p80p100,1967,0.4585,4.0,AUS,Oceania
Australia,"sptinc_p80p100_999_j_AU
Pre-tax national income 
P80-100 | share | all ages | equal split
",p80p100,1968,0.4552,4.0,AUS,Oceania
Australia,"sptinc_p80p100_999_j_AU
Pre-tax national income 
P80-100 | share | all ages | equal split
",p80p100,1969,0.4509,4.0,AUS,Oceania
Australia,"sptinc_p80p100_999_j_AU
Pre-tax national income 
P80-100 | share | all ages | equal split
",p80p100,1970,0.4489,4.0,AUS,Oceania
Australia,"sptinc_p80p100_999_j_AU
Pre-tax national income 
P80-100 | share | all ages | equal split
",p80p100,1971,0.4544,4.0,AUS,Oceania
Australia,"sptinc_p80p100_999_j_AU
Pre-tax national income 
P80-100 | share | all ages | equal split
",p80p100,1972,0.4488,4.0,AUS,Oceania
Australia,"sptinc_p80p100_999_j_AU
Pre-tax national income 
P80-100 | share | all ages | equal split
",p80p100,1973,0.441,4.0,AUS,Oceania
Australia,"sptinc_p80p100_999_j_AU
Pre-tax national income 
P80-100 | share | all ages | equal split
",p80p100,1974,0.4334,4.0,AUS,Oceania
Australia,"sptinc_p80p100_999_j_AU
Pre-tax national income 
P80-100 | share | all ages | equal split
",p80p100,1975,0.4277,4.0,AUS,Oceania
Australia,"sptinc_p80p100_999_j_AU
Pre-tax national income 
P80-100 | share | all ages | equal split
",p80p100,1976,0.4236,4.0,AUS,Oceania
Australia,"sptinc_p80p100_999_j_AU
Pre-tax national income 
P80-100 | share | all ages | equal split
",p80p100,1977,0.4238,4.0,AUS,Oceania
Australia,"sptinc_p80p100_999_j_AU
Pre-tax national income 
P80-100 | share | all ages | equal split
",p80p100,1978,0.4226,4.0,AUS,Oceania
Australia,"sptinc_p80p100_999_j_AU
Pre-tax national income 
P80-100 | share | all ages | equal split
",p80p100,1979,0.4263,4.0,AUS,Oceania
Australia,"sptinc_p80p100_999_j_AU
Pre-tax national income 
P80-100 | share | all ages | equal split
",p80p100,1980,0.4306,4.0,AUS,Oceania
Australia,"sptinc_p80p100_999_j_AU
Pre-tax national income 
P80-100 | share | all ages | equal split
",p80p100,1981,0.431,4.0,AUS,Oceania
Australia,"sptinc_p80p100_999_j_AU
Pre-tax national income 
P80-100 | share | all ages | equal split
",p80p100,1982,0.4368,4.0,AUS,Oceania
Australia,"sptinc_p80p100_999_j_AU
Pre-tax national income 
P80-100 | share | all ages | equal split
",p80p100,1983,0.432,4.0,AUS,Oceania
Australia,"sptinc_p80p100_999_j_AU
Pre-tax national income 
P80-100 | share | all ages | equal split
",p80p100,1984,0.4343,4.0,AUS,Oceania
Australia,"sptinc_p80p100_999_j_AU
Pre-tax national income 
P80-100 | share | all ages | equal split
",p80p100,1985,0.4373,4.0,AUS,Oceania
Australia,"sptinc_p80p100_999_j_AU
Pre-tax national income 
P80-100 | share | all ages | equal split
",p80p100,1986,0.4454,4.0,AUS,Oceania
Australia,"sptinc_p80p100_999_j_AU
Pre-tax national income 
P80-100 | share | all ages | equal split
",p80p100,1987,0.4603,4.0,AUS,Oceania
Australia,"sptinc_p80p100_999_j_AU
Pre-tax national income 
P80-100 | share | all ages | equal split
",p80p100,1988,0.4727,4.0,AUS,Oceania
Australia,"sptinc_p80p100_999_j_AU
Pre-tax national income 
P80-100 | share | all ages | equal split
",p80p100,1989,0.4539,4.0,AUS,Oceania
Australia,"sptinc_p80p100_999_j_AU
Pre-tax national income 
P80-100 | share | all ages | equal split
",p80p100,1990,0.4493,4.0,AUS,Oceania
Australia,"sptinc_p80p100_999_j_AU
Pre-tax national income 
P80-100 | share | all ages | equal split
",p80p100,1991,0.4664,5.0,AUS,Oceania
Australia,"sptinc_p80p100_999_j_AU
Pre-tax national income 
P80-100 | share | all ages | equal split
",p80p100,1992,0.4629,5.0,AUS,Oceania
Australia,"sptinc_p80p100_999_j_AU
Pre-tax national income 
P80-100 | share | all ages | equal split
",p80p100,1993,0.4687,5.0,AUS,Oceania
Australia,"sptinc_p80p100_999_j_AU
Pre-tax national income 
P80-100 | share | all ages | equal split
",p80p100,1994,0.4725,5.0,AUS,Oceania
Australia,"sptinc_p80p100_999_j_AU
Pre-tax national income 
P80-100 | share | all ages | equal split
",p80p100,1995,0.4763,5.0,AUS,Oceania
Australia,"sptinc_p80p100_999_j_AU
Pre-tax national income 
P80-100 | share | all ages | equal split
",p80p100,1996,0.4747,5.0,AUS,Oceania
Australia,"sptinc_p80p100_999_j_AU
Pre-tax national income 
P80-100 | share | all ages | equal split
",p80p100,1997,0.471,5.0,AUS,Oceania
Australia,"sptinc_p80p100_999_j_AU
Pre-tax national income 
P80-100 | share | all ages | equal split
",p80p100,1998,0.4786,5.0,AUS,Oceania
Australia,"sptinc_p80p100_999_j_AU
Pre-tax national income 
P80-100 | share | all ages | equal split
",p80p100,1999,0.4807,5.0,AUS,Oceania
Australia,"sptinc_p80p100_999_j_AU
Pre-tax national income 
P80-100 | share | all ages | equal split
",p80p100,2000,0.4834,5.0,AUS,Oceania
Australia,"sptinc_p80p100_999_j_AU
Pre-tax national income 
P80-100 | share | all ages | equal split
",p80p100,2001,0.4806,5.0,AUS,Oceania
Australia,"sptinc_p80p100_999_j_AU
Pre-tax national income 
P80-100 | share | all ages | equal split
",p80p100,2002,0.492,5.0,AUS,Oceania
Australia,"sptinc_p80p100_999_j_AU
Pre-tax national income 
P80-100 | share | all ages | equal split
",p80p100,2003,0.4895,5.0,AUS,Oceania
Australia,"sptinc_p80p100_999_j_AU
Pre-tax national income 
P80-100 | share | all ages | equal split
",p80p100,2004,0.4956,5.0,AUS,Oceania
Australia,"sptinc_p80p100_999_j_AU
Pre-tax national income 
P80-100 | share | all ages | equal split
",p80p100,2005,0.501,5.0,AUS,Oceania
Australia,"sptinc_p80p100_999_j_AU
Pre-tax national income 
P80-100 | share | all ages | equal split
",p80p100,2006,0.5023,5.0,AUS,Oceania
Australia,"sptinc_p80p100_999_j_AU
Pre-tax national income 
P80-100 | share | all ages | equal split
",p80p100,2007,0.5027,5.0,AUS,Oceania
Australia,"sptinc_p80p100_999_j_AU
Pre-tax national income 
P80-100 | share | all ages | equal split
",p80p100,2008,0.507,5.0,AUS,Oceania
Australia,"sptinc_p80p100_999_j_AU
Pre-tax national income 
P80-100 | share | all ages | equal split
",p80p100,2009,0.512,5.0,AUS,Oceania
Australia,"sptinc_p80p100_999_j_AU
Pre-tax national income 
P80-100 | share | all ages | equal split
",p80p100,2010,0.5099,5.0,AUS,Oceania
Australia,"sptinc_p80p100_999_j_AU
Pre-tax national income 
P80-100 | share | all ages | equal split
",p80p100,2011,0.5107,5.0,AUS,Oceania
Australia,"sptinc_p80p100_999_j_AU
Pre-tax national income 
P80-100 | share | all ages | equal split
",p80p100,2012,0.511,5.0,AUS,Oceania
Australia,"sptinc_p80p100_999_j_AU
Pre-tax national income 
P80-100 | share | all ages | equal split
",p80p100,2013,0.51,5.0,AUS,Oceania
Australia,"sptinc_p80p100_999_j_AU
Pre-tax national income 
P80-100 | share | all ages | equal split
",p80p100,2014,0.5109,5.0,AUS,Oceania
Australia,"sptinc_p80p100_999_j_AU
Pre-tax national income 
P80-100 | share | all ages | equal split
",p80p100,2015,0.5104000000000001,5.0,AUS,Oceania
Australia,"sptinc_p80p100_999_j_AU
Pre-tax national income 
P80-100 | share | all ages | equal split
",p80p100,2016,0.5035000000000001,5.0,AUS,Oceania
Australia,"sptinc_p80p100_999_j_AU
Pre-tax national income 
P80-100 | share | all ages | equal split
",p80p100,2017,0.5088,5.0,AUS,Oceania
Australia,"sptinc_p80p100_999_j_AU
Pre-tax national income 
P80-100 | share | all ages | equal split
",p80p100,2018,0.5019,5.0,AUS,Oceania
Australia,"sptinc_p80p100_999_j_AU
Pre-tax national income 
P80-100 | share | all ages | equal split
",p80p100,2019,0.5021,5.0,AUS,Oceania
Australia,"sptinc_p80p100_999_j_AU
Pre-tax national income 
P80-100 | share | all ages | equal split
",p80p100,2020,0.505,5.0,AUS,Oceania
Australia,"sptinc_p80p100_999_j_AU
Pre-tax national income 
P80-100 | share | all ages | equal split
",p80p100,2021,0.5161,5.0,AUS,Oceania
Australia,"sptinc_p80p100_999_j_AU
Pre-tax national income 
P80-100 | share | all ages | equal split
",p80p100,2022,0.5146000000000001,5.0,AUS,Oceania
Australia,"sptinc_p80p100_999_j_AU
Pre-tax national income 
P80-100 | share | all ages | equal split
",p80p100,2023,0.515,5.0,AUS,Oceania
Australia,"sptinc_p80p100_999_j_AU
Pre-tax national income 
P80-100 | share | all ages | equal split
",p80p100,2024,0.515,5.0,AUS,Oceania
Austria,"sptinc_p80p100_999_j_AT
Pre-tax national income 
P80-100 | share | all ages | equal split
",p80p100,1980,0.4595,2.0,AUT,Western Europe
Austria,"sptinc_p80p100_999_j_AT
Pre-tax national income 
P80-100 | share | all ages | equal split
",p80p100,1981,0.4598,2.0,AUT,Western Europe
Austria,"sptinc_p80p100_999_j_AT
Pre-tax national income 
P80-100 | share | all ages | equal split
",p80p100,1982,0.4602,3.0,AUT,Western Europe
Austria,"sptinc_p80p100_999_j_AT
Pre-tax national income 
P80-100 | share | all ages | equal split
",p80p100,1983,0.46,3.0,AUT,Western Europe
Austria,"sptinc_p80p100_999_j_AT
Pre-tax national income 
P80-100 | share | all ages | equal split
",p80p100,1984,0.4588,3.0,AUT,Western Europe
Austria,"sptinc_p80p100_999_j_AT
Pre-tax national income 
P80-100 | share | all ages | equal split
",p80p100,1985,0.46,3.0,AUT,Western Europe
Austria,"sptinc_p80p100_999_j_AT
Pre-tax national income 
P80-100 | share | all ages | equal split
",p80p100,1986,0.4603,3.0,AUT,Western Europe
Austria,"sptinc_p80p100_999_j_AT
Pre-tax national income 
P80-100 | share | all ages | equal split
",p80p100,1987,0.462,3.0,AUT,Western Europe
Austria,"sptinc_p80p100_999_j_AT
Pre-tax national income 
P80-100 | share | all ages | equal split
",p80p100,1988,0.4586,3.0,AUT,Western Europe
Austria,"sptinc_p80p100_999_j_AT
Pre-tax national income 
P80-100 | share | all ages | equal split
",p80p100,1989,0.4599,3.0,AUT,Western Europe
Austria,"sptinc_p80p100_999_j_AT
Pre-tax national income 
P80-100 | share | all ages | equal split
",p80p100,1990,0.4583,3.0,AUT,Western Europe
Austria,"sptinc_p80p100_999_j_AT
Pre-tax national income 
P80-100 | share | all ages | equal split
",p80p100,1991,0.4591,3.0,AUT,Western Europe
Austria,"sptinc_p80p100_999_j_AT
Pre-tax national income 
P80-100 | share | all ages | equal split
",p80p100,1992,0.4567,3.0,AUT,Western Europe
Austria,"sptinc_p80p100_999_j_AT
Pre-tax national income 
P80-100 | share | all ages | equal split
",p80p100,1993,0.4605,3.0,AUT,Western Europe
Austria,"sptinc_p80p100_999_j_AT
Pre-tax national income 
P80-100 | share | all ages | equal split
",p80p100,1994,0.4594,3.0,AUT,Western Europe
Austria,"sptinc_p80p100_999_j_AT
Pre-tax national income 
P80-100 | share | all ages | equal split
",p80p100,1995,0.4578,3.0,AUT,Western Europe
Austria,"sptinc_p80p100_999_j_AT
Pre-tax national income 
P80-100 | share | all ages | equal split
",p80p100,1996,0.4601,3.0,AUT,Western Europe
Austria,"sptinc_p80p100_999_j_AT
Pre-tax national income 
P80-100 | share | all ages | equal split
",p80p100,1997,0.4644,3.0,AUT,Western Europe
Austria,"sptinc_p80p100_999_j_AT
Pre-tax national income 
P80-100 | share | all ages | equal split
",p80p100,1998,0.4685,3.0,AUT,Western Europe
Austria,"sptinc_p80p100_999_j_AT
Pre-tax national income 
P80-100 | share | all ages | equal split
",p80p100,1999,0.4569,3.0,AUT,Western Europe
Austria,"sptinc_p80p100_999_j_AT
Pre-tax national income 
P80-100 | share | all ages | equal split
",p80p100,2000,0.467,3.0,AUT,Western Europe
Austria,"sptinc_p80p100_999_j_AT
Pre-tax national income 
P80-100 | share | all ages | equal split
",p80p100,2001,0.461,3.0,AUT,Western Europe
Austria,"sptinc_p80p100_999_j_AT
Pre-tax national income 
P80-100 | share | all ages | equal split
",p80p100,2002,0.468,3.0,AUT,Western Europe
Austria,"sptinc_p80p100_999_j_AT
Pre-tax national income 
P80-100 | share | all ages | equal split
",p80p100,2003,0.4673,5.0,AUT,Western Europe
Austria,"sptinc_p80p100_999_j_AT
Pre-tax national income 
P80-100 | share | all ages | equal split
",p80p100,2004,0.4721,5.0,AUT,Western Europe
Austria,"sptinc_p80p100_999_j_AT
Pre-tax national income 
P80-100 | share | all ages | equal split
",p80p100,2005,0.4666,5.0,AUT,Western Europe
Austria,"sptinc_p80p100_999_j_AT
Pre-tax national income 
P80-100 | share | all ages | equal split
",p80p100,2006,0.4741,5.0,AUT,Western Europe
Austria,"sptinc_p80p100_999_j_AT
Pre-tax national income 
P80-100 | share | all ages | equal split
",p80p100,2007,0.4734,5.0,AUT,Western Europe
Austria,"sptinc_p80p100_999_j_AT
Pre-tax national income 
P80-100 | share | all ages | equal split
",p80p100,2008,0.4732,5.0,AUT,Western Europe
Austria,"sptinc_p80p100_999_j_AT
Pre-tax national income 
P80-100 | share | all ages | equal split
",p80p100,2009,0.4639,5.0,AUT,Western Europe
Austria,"sptinc_p80p100_999_j_AT
Pre-tax national income 
P80-100 | share | all ages | equal split
",p80p100,2010,0.4738,5.0,AUT,Western Europe
Austria,"sptinc_p80p100_999_j_AT
Pre-tax national income 
P80-100 | share | all ages | equal split
",p80p100,2011,0.471,5.0,AUT,Western Europe
Austria,"sptinc_p80p100_999_j_AT
Pre-tax national income 
P80-100 | share | all ages | equal split
",p80p100,2012,0.4649,5.0,AUT,Western Europe
Austria,"sptinc_p80p100_999_j_AT
Pre-tax national income 
P80-100 | share | all ages | equal split
",p80p100,2013,0.4626,5.0,AUT,Western Europe
Austria,"sptinc_p80p100_999_j_AT
Pre-tax national income 
P80-100 | share | all ages | equal split
",p80p100,2014,0.46,5.0,AUT,Western Europe
Austria,"sptinc_p80p100_999_j_AT
Pre-tax national income 
P80-100 | share | all ages | equal split
",p80p100,2015,0.4613,5.0,AUT,Western Europe
Austria,"sptinc_p80p100_999_j_AT
Pre-tax national income 
P80-100 | share | all ages | equal split
",p80p100,2016,0.4729,5.0,AUT,Western Europe
Austria,"sptinc_p80p100_999_j_AT
Pre-tax national income 
P80-100 | share | all ages | equal split
",p80p100,2017,0.4638,5.0,AUT,Western Europe
Austria,"sptinc_p80p100_999_j_AT
Pre-tax national income 
P80-100 | share | all ages | equal split
",p80p100,2018,0.4649,4.0,AUT,Western Europe
Austria,"sptinc_p80p100_999_j_AT
Pre-tax national income 
P80-100 | share | all ages | equal split
",p80p100,2019,0.461,4.0,AUT,Western Europe
Austria,"sptinc_p80p100_999_j_AT
Pre-tax national income 
P80-100 | share | all ages | equal split
",p80p100,2020,0.461,3.0,AUT,Western Europe
Austria,"sptinc_p80p100_999_j_AT
Pre-tax national income 
P80-100 | share | all ages | equal split
",p80p100,2021,0.4607,3.0,AUT,Western Europe
Austria,"sptinc_p80p100_999_j_AT
Pre-tax national income 
P80-100 | share | all ages | equal split
",p80p100,2022,0.4607,3.0,AUT,Western Europe
Austria,"sptinc_p80p100_999_j_AT
Pre-tax national income 
P80-100 | share | all ages | equal split
",p80p100,2023,0.4638,3.0,AUT,Western Europe
Austria,"sptinc_p80p100_999_j_AT
Pre-tax national income 
P80-100 | share | all ages | equal split
",p80p100,2024,0.4638,1.0,AUT,Western Europe
Bangladesh,"sptinc_p80p100_999_j_BD
Pre-tax national income 
P80-100 | share | all ages | equal split
",p80p100,1960,0.5909,0.0,BGD,South Asia
Bangladesh,"sptinc_p80p100_999_j_BD
Pre-tax national income 
P80-100 | share | all ages | equal split
",p80p100,1970,0.6394000000000001,0.0,BGD,South Asia
Bangladesh,"sptinc_p80p100_999_j_BD
Pre-tax national income 
P80-100 | share | all ages | equal split
",p80p100,1980,0.514,1.0,BGD,South Asia
Bangladesh,"sptinc_p80p100_999_j_BD
Pre-tax national income 
P80-100 | share | all ages | equal split
",p80p100,1981,0.514,1.0,BGD,South Asia
Bangladesh,"sptinc_p80p100_999_j_BD
Pre-tax national income 
P80-100 | share | all ages | equal split
",p80p100,1982,0.514,1.0,BGD,South Asia
Bangladesh,"sptinc_p80p100_999_j_BD
Pre-tax national income 
P80-100 | share | all ages | equal split
",p80p100,1983,0.514,3.0,BGD,South Asia
Bangladesh,"sptinc_p80p100_999_j_BD
Pre-tax national income 
P80-100 | share | all ages | equal split
",p80p100,1984,0.5249,2.0,BGD,South Asia
Bangladesh,"sptinc_p80p100_999_j_BD
Pre-tax national income 
P80-100 | share | all ages | equal split
",p80p100,1985,0.5353,3.0,BGD,South Asia
Bangladesh,"sptinc_p80p100_999_j_BD
Pre-tax national income 
P80-100 | share | all ages | equal split
",p80p100,1986,0.5406000000000001,2.0,BGD,South Asia
Bangladesh,"sptinc_p80p100_999_j_BD
Pre-tax national income 
P80-100 | share | all ages | equal split
",p80p100,1987,0.5458000000000001,2.0,BGD,South Asia
Bangladesh,"sptinc_p80p100_999_j_BD
Pre-tax national income 
P80-100 | share | all ages | equal split
",p80p100,1988,0.5508000000000001,3.0,BGD,South Asia
Bangladesh,"sptinc_p80p100_999_j_BD
Pre-tax national income 
P80-100 | share | all ages | equal split
",p80p100,1989,0.5446,2.0,BGD,South Asia
Bangladesh,"sptinc_p80p100_999_j_BD
Pre-tax national income 
P80-100 | share | all ages | equal split
",p80p100,1990,0.5385,2.0,BGD,South Asia
Bangladesh,"sptinc_p80p100_999_j_BD
Pre-tax national income 
P80-100 | share | all ages | equal split
",p80p100,1991,0.5325,3.0,BGD,South Asia
Bangladesh,"sptinc_p80p100_999_j_BD
Pre-tax national income 
P80-100 | share | all ages | equal split
",p80p100,1992,0.549,2.0,BGD,South Asia
Bangladesh,"sptinc_p80p100_999_j_BD
Pre-tax national income 
P80-100 | share | all ages | equal split
",p80p100,1993,0.5641,2.0,BGD,South Asia
Bangladesh,"sptinc_p80p100_999_j_BD
Pre-tax national income 
P80-100 | share | all ages | equal split
",p80p100,1994,0.5781000000000001,2.0,BGD,South Asia
Bangladesh,"sptinc_p80p100_999_j_BD
Pre-tax national income 
P80-100 | share | all ages | equal split
",p80p100,1995,0.5910000000000001,3.0,BGD,South Asia
Bangladesh,"sptinc_p80p100_999_j_BD
Pre-tax national income 
P80-100 | share | all ages | equal split
",p80p100,1996,0.5909,2.0,BGD,South Asia
Bangladesh,"sptinc_p80p100_999_j_BD
Pre-tax national income 
P80-100 | share | all ages | equal split
",p80p100,1997,0.5910000000000001,2.0,BGD,South Asia
Bangladesh,"sptinc_p80p100_999_j_BD
Pre-tax national income 
P80-100 | share | all ages | equal split
",p80p100,1998,0.5906,2.0,BGD,South Asia
Bangladesh,"sptinc_p80p100_999_j_BD
Pre-tax national income 
P80-100 | share | all ages | equal split
",p80p100,1999,0.5917,2.0,BGD,South Asia
Bangladesh,"sptinc_p80p100_999_j_BD
Pre-tax national income 
P80-100 | share | all ages | equal split
",p80p100,2000,0.5919,3.0,BGD,South Asia
Bangladesh,"sptinc_p80p100_999_j_BD
Pre-tax national income 
P80-100 | share | all ages | equal split
",p80p100,2001,0.5924,2.0,BGD,South Asia
Bangladesh,"sptinc_p80p100_999_j_BD
Pre-tax national income 
P80-100 | share | all ages | equal split
",p80p100,2002,0.5952000000000001,2.0,BGD,South Asia
Bangladesh,"sptinc_p80p100_999_j_BD
Pre-tax national income 
P80-100 | share | all ages | equal split
",p80p100,2003,0.599,2.0,BGD,South Asia
Bangladesh,"sptinc_p80p100_999_j_BD
Pre-tax national income 
P80-100 | share | all ages | equal split
",p80p100,2004,0.5995,2.0,BGD,South Asia
Bangladesh,"sptinc_p80p100_999_j_BD
Pre-tax national income 
P80-100 | share | all ages | equal split
",p80p100,2005,0.6008,3.0,BGD,South Asia
Bangladesh,"sptinc_p80p100_999_j_BD
Pre-tax national income 
P80-100 | share | all ages | equal split
",p80p100,2006,0.5979,2.0,BGD,South Asia
Bangladesh,"sptinc_p80p100_999_j_BD
Pre-tax national income 
P80-100 | share | all ages | equal split
",p80p100,2007,0.5961000000000001,2.0,BGD,South Asia
Bangladesh,"sptinc_p80p100_999_j_BD
Pre-tax national income 
P80-100 | share | all ages | equal split
",p80p100,2008,0.5874,2.0,BGD,South Asia
Bangladesh,"sptinc_p80p100_999_j_BD
Pre-tax national income 
P80-100 | share | all ages | equal split
",p80p100,2009,0.5828,2.0,BGD,South Asia
Bangladesh,"sptinc_p80p100_999_j_BD
Pre-tax national income 
P80-100 | share | all ages | equal split
",p80p100,2010,0.5839,3.0,BGD,South Asia
Bangladesh,"sptinc_p80p100_999_j_BD
Pre-tax national income 
P80-100 | share | all ages | equal split
",p80p100,2011,0.5799000000000001,2.0,BGD,South Asia
Bangladesh,"sptinc_p80p100_999_j_BD
Pre-tax national income 
P80-100 | share | all ages | equal split
",p80p100,2012,0.5784,2.0,BGD,South Asia
Bangladesh,"sptinc_p80p100_999_j_BD
Pre-tax national income 
P80-100 | share | all ages | equal split
",p80p100,2013,0.5767,2.0,BGD,South Asia
Bangladesh,"sptinc_p80p100_999_j_BD
Pre-tax national income 
P80-100 | share | all ages | equal split
",p80p100,2014,0.5740000000000001,2.0,BGD,South Asia
Bangladesh,"sptinc_p80p100_999_j_BD
Pre-tax national income 
P80-100 | share | all ages | equal split
",p80p100,2015,0.5702,2.0,BGD,South Asia
Bangladesh,"sptinc_p80p100_999_j_BD
Pre-tax national income 
P80-100 | share | all ages | equal split
",p80p100,2016,0.5691,3.0,BGD,South Asia
Bangladesh,"sptinc_p80p100_999_j_BD
Pre-tax national income 
P80-100 | share | all ages | equal split
",p80p100,2017,0.5693,1.0,BGD,South Asia
Bangladesh,"sptinc_p80p100_999_j_BD
Pre-tax national income 
P80-100 | share | all ages | equal split
",p80p100,2018,0.5693,1.0,BGD,South Asia
Bangladesh,"sptinc_p80p100_999_j_BD
Pre-tax national income 
P80-100 | share | all ages | equal split
",p80p100,2019,0.5693,1.0,BGD,South Asia
Bangladesh,"sptinc_p80p100_999_j_BD
Pre-tax national income 
P80-100 | share | all ages | equal split
",p80p100,2020,0.5693,1.0,BGD,South Asia
Bangladesh,"sptinc_p80p100_999_j_BD
Pre-tax national income 
P80-100 | share | all ages | equal split
",p80p100,2021,0.5693,1.0,BGD,South Asia
Bangladesh,"sptinc_p80p100_999_j_BD
Pre-tax national income 
P80-100 | share | all ages | equal split
",p80p100,2022,0.5693,1.0,BGD,South Asia
Bangladesh,"sptinc_p80p100_999_j_BD
Pre-tax national income 
P80-100 | share | all ages | equal split
",p80p100,2023,0.5693,1.0,BGD,South Asia
Bangladesh,"sptinc_p80p100_999_j_BD
Pre-tax national income 
P80-100 | share | all ages | equal split
",p80p100,2024,0.5693,1.0,BGD,South Asia
Barbados,"sptinc_p80p100_999_j_BB
Pre-tax national income 
P80-100 | share | all ages | equal split
",p80p100,1980,0.7091000000000001,0.0,BRB,Latin America & Caribbean
Barbados,"sptinc_p80p100_999_j_BB
Pre-tax national income 
P80-100 | share | all ages | equal split
",p80p100,1981,0.7093,0.0,BRB,Latin America & Caribbean
Barbados,"sptinc_p80p100_999_j_BB
Pre-tax national income 
P80-100 | share | all ages | equal split
",p80p100,1982,0.7094,0.0,BRB,Latin America & Caribbean
Barbados,"sptinc_p80p100_999_j_BB
Pre-tax national income 
P80-100 | share | all ages | equal split
",p80p100,1983,0.7096,0.0,BRB,Latin America & Caribbean
Barbados,"sptinc_p80p100_999_j_BB
Pre-tax national income 
P80-100 | share | all ages | equal split
",p80p100,1984,0.7098,0.0,BRB,Latin America & Caribbean
Barbados,"sptinc_p80p100_999_j_BB
Pre-tax national income 
P80-100 | share | all ages | equal split
",p80p100,1985,0.7100000000000001,0.0,BRB,Latin America & Caribbean
Barbados,"sptinc_p80p100_999_j_BB
Pre-tax national income 
P80-100 | share | all ages | equal split
",p80p100,1986,0.7102,0.0,BRB,Latin America & Caribbean
Barbados,"sptinc_p80p100_999_j_BB
Pre-tax national income 
P80-100 | share | all ages | equal split
",p80p100,1987,0.7104,0.0,BRB,Latin America & Caribbean
Barbados,"sptinc_p80p100_999_j_BB
Pre-tax national income 
P80-100 | share | all ages | equal split
",p80p100,1988,0.7106,0.0,BRB,Latin America & Caribbean
Barbados,"sptinc_p80p100_999_j_BB
Pre-tax national income 
P80-100 | share | all ages | equal split
",p80p100,1989,0.7108,0.0,BRB,Latin America & Caribbean
Barbados,"sptinc_p80p100_999_j_BB
Pre-tax national income 
P80-100 | share | all ages | equal split
",p80p100,1990,0.7111000000000001,0.0,BRB,Latin America & Caribbean
Barbados,"sptinc_p80p100_999_j_BB
Pre-tax national income 
P80-100 | share | all ages | equal split
",p80p100,1991,0.7101000000000001,0.0,BRB,Latin America & Caribbean
Barbados,"sptinc_p80p100_999_j_BB
Pre-tax national income 
P80-100 | share | all ages | equal split
",p80p100,1992,0.7092,0.0,BRB,Latin America & Caribbean
Barbados,"sptinc_p80p100_999_j_BB
Pre-tax national income 
P80-100 | share | all ages | equal split
",p80p100,1993,0.7083,0.0,BRB,Latin America & Caribbean
Barbados,"sptinc_p80p100_999_j_BB
Pre-tax national income 
P80-100 | share | all ages | equal split
",p80p100,1994,0.7074,0.0,BRB,Latin America & Caribbean
Barbados,"sptinc_p80p100_999_j_BB
Pre-tax national income 
P80-100 | share | all ages | equal split
",p80p100,1995,0.7065,0.0,BRB,Latin America & Caribbean
Barbados,"sptinc_p80p100_999_j_BB
Pre-tax national income 
P80-100 | share | all ages | equal split
",p80p100,1996,0.7056,0.0,BRB,Latin America & Caribbean
Barbados,"sptinc_p80p100_999_j_BB
Pre-tax national income 
P80-100 | share | all ages | equal split
",p80p100,1997,0.7047,0.0,BRB,Latin America & Caribbean
Barbados,"sptinc_p80p100_999_j_BB
Pre-tax national income 
P80-100 | share | all ages | equal split
",p80p100,1998,0.7038,0.0,BRB,Latin America & Caribbean
Barbados,"sptinc_p80p100_999_j_BB
Pre-tax national income 
P80-100 | share | all ages | equal split
",p80p100,1999,0.7030000000000001,0.0,BRB,Latin America & Caribbean
Barbados,"sptinc_p80p100_999_j_BB
Pre-tax national income 
P80-100 | share | all ages | equal split
",p80p100,2000,0.7021000000000001,0.0,BRB,Latin America & Caribbean
Barbados,"sptinc_p80p100_999_j_BB
Pre-tax national income 
P80-100 | share | all ages | equal split
",p80p100,2001,0.7007,0.0,BRB,Latin America & Caribbean
Barbados,"sptinc_p80p100_999_j_BB
Pre-tax national income 
P80-100 | share | all ages | equal split
",p80p100,2002,0.6994,0.0,BRB,Latin America & Caribbean
Barbados,"sptinc_p80p100_999_j_BB
Pre-tax national income 
P80-100 | share | all ages | equal split
",p80p100,2003,0.6981,0.0,BRB,Latin America & Caribbean
Barbados,"sptinc_p80p100_999_j_BB
Pre-tax national income 
P80-100 | share | all ages | equal split
",p80p100,2004,0.6969000000000001,0.0,BRB,Latin America & Caribbean
Barbados,"sptinc_p80p100_999_j_BB
Pre-tax national income 
P80-100 | share | all ages | equal split
",p80p100,2005,0.6958000000000001,0.0,BRB,Latin America & Caribbean
Barbados,"sptinc_p80p100_999_j_BB
Pre-tax national income 
P80-100 | share | all ages | equal split
",p80p100,2006,0.6947,0.0,BRB,Latin America & Caribbean
Barbados,"sptinc_p80p100_999_j_BB
Pre-tax national income 
P80-100 | share | all ages | equal split
",p80p100,2007,0.6936,0.0,BRB,Latin America & Caribbean
Barbados,"sptinc_p80p100_999_j_BB
Pre-tax national income 
P80-100 | share | all ages | equal split
",p80p100,2008,0.6926,0.0,BRB,Latin America & Caribbean
Barbados,"sptinc_p80p100_999_j_BB
Pre-tax national income 
P80-100 | share | all ages | equal split
",p80p100,2009,0.6917,0.0,BRB,Latin America & Caribbean
Barbados,"sptinc_p80p100_999_j_BB
Pre-tax national income 
P80-100 | share | all ages | equal split
",p80p100,2010,0.6908000000000001,0.0,BRB,Latin America & Caribbean
Barbados,"sptinc_p80p100_999_j_BB
Pre-tax national income 
P80-100 | share | all ages | equal split
",p80p100,2011,0.6818000000000001,0.0,BRB,Latin America & Caribbean
Barbados,"sptinc_p80p100_999_j_BB
Pre-tax national income 
P80-100 | share | all ages | equal split
",p80p100,2012,0.6729,0.0,BRB,Latin America & Caribbean
Barbados,"sptinc_p80p100_999_j_BB
Pre-tax national income 
P80-100 | share | all ages | equal split
",p80p100,2013,0.664,0.0,BRB,Latin America & Caribbean
Barbados,"sptinc_p80p100_999_j_BB
Pre-tax national income 
P80-100 | share | all ages | equal split
",p80p100,2014,0.6553,0.0,BRB,Latin America & Caribbean
Barbados,"sptinc_p80p100_999_j_BB
Pre-tax national income 
P80-100 | share | all ages | equal split
",p80p100,2015,0.6465000000000001,0.0,BRB,Latin America & Caribbean
Barbados,"sptinc_p80p100_999_j_BB
Pre-tax national income 
P80-100 | share | all ages | equal split
",p80p100,2016,0.6379,0.0,BRB,Latin America & Caribbean
Barbados,"sptinc_p80p100_999_j_BB
Pre-tax national income 
P80-100 | share | all ages | equal split
",p80p100,2017,0.6293000000000001,0.0,BRB,Latin America & Caribbean
Barbados,"sptinc_p80p100_999_j_BB
Pre-tax national income 
P80-100 | share | all ages | equal split
",p80p100,2018,0.6208,0.0,BRB,Latin America & Caribbean
Barbados,"sptinc_p80p100_999_j_BB
Pre-tax national income 
P80-100 | share | all ages | equal split
",p80p100,2019,0.6123000000000001,0.0,BRB,Latin America & Caribbean
Barbados,"sptinc_p80p100_999_j_BB
Pre-tax national income 
P80-100 | share | all ages | equal split
",p80p100,2020,0.6039,0.0,BRB,Latin America & Caribbean
Barbados,"sptinc_p80p100_999_j_BB
Pre-tax national income 
P80-100 | share | all ages | equal split
",p80p100,2021,0.6039,0.0,BRB,Latin America & Caribbean
Barbados,"sptinc_p80p100_999_j_BB
Pre-tax national income 
P80-100 | share | all ages | equal split
",p80p100,2022,0.6039,0.0,BRB,Latin America & Caribbean
Barbados,"sptinc_p80p100_999_j_BB
Pre-tax national income 
P80-100 | share | all ages | equal split
",p80p100,2023,0.6039,0.0,BRB,Latin America & Caribbean
Barbados,"sptinc_p80p100_999_j_BB
Pre-tax national income 
P80-100 | share | all ages | equal split
",p80p100,2024,0.6039,0.0,BRB,Latin America & Caribbean
Belarus,"sptinc_p80p100_999_j_BY
Pre-tax national income 
P80-100 | share | all ages | equal split
",p80p100,1980,0.3925,1.0,BLR,Eastern Europe & FSU
Belarus,"sptinc_p80p100_999_j_BY
Pre-tax national income 
P80-100 | share | all ages | equal split
",p80p100,1981,0.3927,1.0,BLR,Eastern Europe & FSU
Belarus,"sptinc_p80p100_999_j_BY
Pre-tax national income 
P80-100 | share | all ages | equal split
",p80p100,1982,0.3929,1.0,BLR,Eastern Europe & FSU
Belarus,"sptinc_p80p100_999_j_BY
Pre-tax national income 
P80-100 | share | all ages | equal split
",p80p100,1983,0.3931,1.0,BLR,Eastern Europe & FSU
Belarus,"sptinc_p80p100_999_j_BY
Pre-tax national income 
P80-100 | share | all ages | equal split
",p80p100,1984,0.3933,1.0,BLR,Eastern Europe & FSU
Belarus,"sptinc_p80p100_999_j_BY
Pre-tax national income 
P80-100 | share | all ages | equal split
",p80p100,1985,0.3935,1.0,BLR,Eastern Europe & FSU
Belarus,"sptinc_p80p100_999_j_BY
Pre-tax national income 
P80-100 | share | all ages | equal split
",p80p100,1986,0.3932,1.0,BLR,Eastern Europe & FSU
Belarus,"sptinc_p80p100_999_j_BY
Pre-tax national income 
P80-100 | share | all ages | equal split
",p80p100,1987,0.3928,1.0,BLR,Eastern Europe & FSU
Belarus,"sptinc_p80p100_999_j_BY
Pre-tax national income 
P80-100 | share | all ages | equal split
",p80p100,1988,0.3925,1.0,BLR,Eastern Europe & FSU
Belarus,"sptinc_p80p100_999_j_BY
Pre-tax national income 
P80-100 | share | all ages | equal split
",p80p100,1989,0.3932,1.0,BLR,Eastern Europe & FSU
Belarus,"sptinc_p80p100_999_j_BY
Pre-tax national income 
P80-100 | share | all ages | equal split
",p80p100,1990,0.3799,1.0,BLR,Eastern Europe & FSU
Belarus,"sptinc_p80p100_999_j_BY
Pre-tax national income 
P80-100 | share | all ages | equal split
",p80p100,1991,0.4001,1.0,BLR,Eastern Europe & FSU
Belarus,"sptinc_p80p100_999_j_BY
Pre-tax national income 
P80-100 | share | all ages | equal split
",p80p100,1992,0.4208,1.0,BLR,Eastern Europe & FSU
Belarus,"sptinc_p80p100_999_j_BY
Pre-tax national income 
P80-100 | share | all ages | equal split
",p80p100,1993,0.4432,1.0,BLR,Eastern Europe & FSU
Belarus,"sptinc_p80p100_999_j_BY
Pre-tax national income 
P80-100 | share | all ages | equal split
",p80p100,1994,0.4823,1.0,BLR,Eastern Europe & FSU
Belarus,"sptinc_p80p100_999_j_BY
Pre-tax national income 
P80-100 | share | all ages | equal split
",p80p100,1995,0.4934,1.0,BLR,Eastern Europe & FSU
Belarus,"sptinc_p80p100_999_j_BY
Pre-tax national income 
P80-100 | share | all ages | equal split
",p80p100,1996,0.5051,1.0,BLR,Eastern Europe & FSU
Belarus,"sptinc_p80p100_999_j_BY
Pre-tax national income 
P80-100 | share | all ages | equal split
",p80p100,1997,0.5277000000000001,1.0,BLR,Eastern Europe & FSU
Belarus,"sptinc_p80p100_999_j_BY
Pre-tax national income 
P80-100 | share | all ages | equal split
",p80p100,1998,0.5313,1.0,BLR,Eastern Europe & FSU
Belarus,"sptinc_p80p100_999_j_BY
Pre-tax national income 
P80-100 | share | all ages | equal split
",p80p100,1999,0.5253,1.0,BLR,Eastern Europe & FSU
Belarus,"sptinc_p80p100_999_j_BY
Pre-tax national income 
P80-100 | share | all ages | equal split
",p80p100,2000,0.5229,1.0,BLR,Eastern Europe & FSU
Belarus,"sptinc_p80p100_999_j_BY
Pre-tax national income 
P80-100 | share | all ages | equal split
",p80p100,2001,0.5127,1.0,BLR,Eastern Europe & FSU
Belarus,"sptinc_p80p100_999_j_BY
Pre-tax national income 
P80-100 | share | all ages | equal split
",p80p100,2002,0.5112,1.0,BLR,Eastern Europe & FSU
Belarus,"sptinc_p80p100_999_j_BY
Pre-tax national income 
P80-100 | share | all ages | equal split
",p80p100,2003,0.4995,1.0,BLR,Eastern Europe & FSU
Belarus,"sptinc_p80p100_999_j_BY
Pre-tax national income 
P80-100 | share | all ages | equal split
",p80p100,2004,0.4879,1.0,BLR,Eastern Europe & FSU
Belarus,"sptinc_p80p100_999_j_BY
Pre-tax national income 
P80-100 | share | all ages | equal split
",p80p100,2005,0.4893,1.0,BLR,Eastern Europe & FSU
Belarus,"sptinc_p80p100_999_j_BY
Pre-tax national income 
P80-100 | share | all ages | equal split
",p80p100,2006,0.4901,1.0,BLR,Eastern Europe & FSU
Belarus,"sptinc_p80p100_999_j_BY
Pre-tax national income 
P80-100 | share | all ages | equal split
",p80p100,2007,0.5132,1.0,BLR,Eastern Europe & FSU
Belarus,"sptinc_p80p100_999_j_BY
Pre-tax national income 
P80-100 | share | all ages | equal split
",p80p100,2008,0.5048,1.0,BLR,Eastern Europe & FSU
Belarus,"sptinc_p80p100_999_j_BY
Pre-tax national income 
P80-100 | share | all ages | equal split
",p80p100,2009,0.4999,1.0,BLR,Eastern Europe & FSU
Belarus,"sptinc_p80p100_999_j_BY
Pre-tax national income 
P80-100 | share | all ages | equal split
",p80p100,2010,0.496,1.0,BLR,Eastern Europe & FSU
Belarus,"sptinc_p80p100_999_j_BY
Pre-tax national income 
P80-100 | share | all ages | equal split
",p80p100,2011,0.518,1.0,BLR,Eastern Europe & FSU
Belarus,"sptinc_p80p100_999_j_BY
Pre-tax national income 
P80-100 | share | all ages | equal split
",p80p100,2012,0.5011,1.0,BLR,Eastern Europe & FSU
Belarus,"sptinc_p80p100_999_j_BY
Pre-tax national income 
P80-100 | share | all ages | equal split
",p80p100,2013,0.4738,1.0,BLR,Eastern Europe & FSU
Belarus,"sptinc_p80p100_999_j_BY
Pre-tax national income 
P80-100 | share | all ages | equal split
",p80p100,2014,0.4843,1.0,BLR,Eastern Europe & FSU
Belarus,"sptinc_p80p100_999_j_BY
Pre-tax national income 
P80-100 | share | all ages | equal split
",p80p100,2015,0.4701,1.0,BLR,Eastern Europe & FSU
Belarus,"sptinc_p80p100_999_j_BY
Pre-tax national income 
P80-100 | share | all ages | equal split
",p80p100,2016,0.4741,1.0,BLR,Eastern Europe & FSU
Belarus,"sptinc_p80p100_999_j_BY
Pre-tax national income 
P80-100 | share | all ages | equal split
",p80p100,2017,0.479,1.0,BLR,Eastern Europe & FSU
Belarus,"sptinc_p80p100_999_j_BY
Pre-tax national income 
P80-100 | share | all ages | equal split
",p80p100,2018,0.4772,1.0,BLR,Eastern Europe & FSU
Belarus,"sptinc_p80p100_999_j_BY
Pre-tax national income 
P80-100 | share | all ages | equal split
",p80p100,2019,0.4758,1.0,BLR,Eastern Europe & FSU
Belarus,"sptinc_p80p100_999_j_BY
Pre-tax national income 
P80-100 | share | all ages | equal split
",p80p100,2020,0.4758,1.0,BLR,Eastern Europe & FSU
Belarus,"sptinc_p80p100_999_j_BY
Pre-tax national income 
P80-100 | share | all ages | equal split
",p80p100,2021,0.4758,1.0,BLR,Eastern Europe & FSU
Belarus,"sptinc_p80p100_999_j_BY
Pre-tax national income 
P80-100 | share | all ages | equal split
",p80p100,2022,0.4758,1.0,BLR,Eastern Europe & FSU
Belarus,"sptinc_p80p100_999_j_BY
Pre-tax national income 
P80-100 | share | all ages | equal split
",p80p100,2023,0.4758,1.0,BLR,Eastern Europe & FSU
Belarus,"sptinc_p80p100_999_j_BY
Pre-tax national income 
P80-100 | share | all ages | equal split
",p80p100,2024,0.4758,1.0,BLR,Eastern Europe & FSU
Belgium,"sptinc_p80p100_999_j_BE
Pre-tax national income 
P80-100 | share | all ages | equal split
",p80p100,1980,0.4733,2.0,BEL,Western Europe
Belgium,"sptinc_p80p100_999_j_BE
Pre-tax national income 
P80-100 | share | all ages | equal split
",p80p100,1981,0.4694,2.0,BEL,Western Europe
Belgium,"sptinc_p80p100_999_j_BE
Pre-tax national income 
P80-100 | share | all ages | equal split
",p80p100,1982,0.4635,2.0,BEL,Western Europe
Belgium,"sptinc_p80p100_999_j_BE
Pre-tax national income 
P80-100 | share | all ages | equal split
",p80p100,1983,0.4625,2.0,BEL,Western Europe
Belgium,"sptinc_p80p100_999_j_BE
Pre-tax national income 
P80-100 | share | all ages | equal split
",p80p100,1984,0.4633,2.0,BEL,Western Europe
Belgium,"sptinc_p80p100_999_j_BE
Pre-tax national income 
P80-100 | share | all ages | equal split
",p80p100,1985,0.4719,3.0,BEL,Western Europe
Belgium,"sptinc_p80p100_999_j_BE
Pre-tax national income 
P80-100 | share | all ages | equal split
",p80p100,1986,0.4842,3.0,BEL,Western Europe
Belgium,"sptinc_p80p100_999_j_BE
Pre-tax national income 
P80-100 | share | all ages | equal split
",p80p100,1987,0.482,3.0,BEL,Western Europe
Belgium,"sptinc_p80p100_999_j_BE
Pre-tax national income 
P80-100 | share | all ages | equal split
",p80p100,1988,0.4916,3.0,BEL,Western Europe
Belgium,"sptinc_p80p100_999_j_BE
Pre-tax national income 
P80-100 | share | all ages | equal split
",p80p100,1989,0.4942,3.0,BEL,Western Europe
Belgium,"sptinc_p80p100_999_j_BE
Pre-tax national income 
P80-100 | share | all ages | equal split
",p80p100,1990,0.4906,4.0,BEL,Western Europe
Belgium,"sptinc_p80p100_999_j_BE
Pre-tax national income 
P80-100 | share | all ages | equal split
",p80p100,1991,0.4854,4.0,BEL,Western Europe
Belgium,"sptinc_p80p100_999_j_BE
Pre-tax national income 
P80-100 | share | all ages | equal split
",p80p100,1992,0.4856,4.0,BEL,Western Europe
Belgium,"sptinc_p80p100_999_j_BE
Pre-tax national income 
P80-100 | share | all ages | equal split
",p80p100,1993,0.487,4.0,BEL,Western Europe
Belgium,"sptinc_p80p100_999_j_BE
Pre-tax national income 
P80-100 | share | all ages | equal split
",p80p100,1994,0.4895,4.0,BEL,Western Europe
Belgium,"sptinc_p80p100_999_j_BE
Pre-tax national income 
P80-100 | share | all ages | equal split
",p80p100,1995,0.4861,4.0,BEL,Western Europe
Belgium,"sptinc_p80p100_999_j_BE
Pre-tax national income 
P80-100 | share | all ages | equal split
",p80p100,1996,0.4887,4.0,BEL,Western Europe
Belgium,"sptinc_p80p100_999_j_BE
Pre-tax national income 
P80-100 | share | all ages | equal split
",p80p100,1997,0.4871,4.0,BEL,Western Europe
Belgium,"sptinc_p80p100_999_j_BE
Pre-tax national income 
P80-100 | share | all ages | equal split
",p80p100,1998,0.4894,4.0,BEL,Western Europe
Belgium,"sptinc_p80p100_999_j_BE
Pre-tax national income 
P80-100 | share | all ages | equal split
",p80p100,1999,0.4911,4.0,BEL,Western Europe
Belgium,"sptinc_p80p100_999_j_BE
Pre-tax national income 
P80-100 | share | all ages | equal split
",p80p100,2000,0.4908,4.0,BEL,Western Europe
Belgium,"sptinc_p80p100_999_j_BE
Pre-tax national income 
P80-100 | share | all ages | equal split
",p80p100,2001,0.4855,4.0,BEL,Western Europe
Belgium,"sptinc_p80p100_999_j_BE
Pre-tax national income 
P80-100 | share | all ages | equal split
",p80p100,2002,0.4797,4.0,BEL,Western Europe
Belgium,"sptinc_p80p100_999_j_BE
Pre-tax national income 
P80-100 | share | all ages | equal split
",p80p100,2003,0.4792,4.0,BEL,Western Europe
Belgium,"sptinc_p80p100_999_j_BE
Pre-tax national income 
P80-100 | share | all ages | equal split
",p80p100,2004,0.4813,4.0,BEL,Western Europe
Belgium,"sptinc_p80p100_999_j_BE
Pre-tax national income 
P80-100 | share | all ages | equal split
",p80p100,2005,0.4789,4.0,BEL,Western Europe
Belgium,"sptinc_p80p100_999_j_BE
Pre-tax national income 
P80-100 | share | all ages | equal split
",p80p100,2006,0.4818,4.0,BEL,Western Europe
Belgium,"sptinc_p80p100_999_j_BE
Pre-tax national income 
P80-100 | share | all ages | equal split
",p80p100,2007,0.4876,4.0,BEL,Western Europe
Belgium,"sptinc_p80p100_999_j_BE
Pre-tax national income 
P80-100 | share | all ages | equal split
",p80p100,2008,0.4722,4.0,BEL,Western Europe
Belgium,"sptinc_p80p100_999_j_BE
Pre-tax national income 
P80-100 | share | all ages | equal split
",p80p100,2009,0.4698,4.0,BEL,Western Europe
Belgium,"sptinc_p80p100_999_j_BE
Pre-tax national income 
P80-100 | share | all ages | equal split
",p80p100,2010,0.4769,4.0,BEL,Western Europe
Belgium,"sptinc_p80p100_999_j_BE
Pre-tax national income 
P80-100 | share | all ages | equal split
",p80p100,2011,0.4694,4.0,BEL,Western Europe
Belgium,"sptinc_p80p100_999_j_BE
Pre-tax national income 
P80-100 | share | all ages | equal split
",p80p100,2012,0.4704,4.0,BEL,Western Europe
Belgium,"sptinc_p80p100_999_j_BE
Pre-tax national income 
P80-100 | share | all ages | equal split
",p80p100,2013,0.4732,4.0,BEL,Western Europe
Belgium,"sptinc_p80p100_999_j_BE
Pre-tax national income 
P80-100 | share | all ages | equal split
",p80p100,2014,0.4758,3.0,BEL,Western Europe
Belgium,"sptinc_p80p100_999_j_BE
Pre-tax national income 
P80-100 | share | all ages | equal split
",p80p100,2015,0.4757,3.0,BEL,Western Europe
Belgium,"sptinc_p80p100_999_j_BE
Pre-tax national income 
P80-100 | share | all ages | equal split
",p80p100,2016,0.4773,3.0,BEL,Western Europe
Belgium,"sptinc_p80p100_999_j_BE
Pre-tax national income 
P80-100 | share | all ages | equal split
",p80p100,2017,0.4743,3.0,BEL,Western Europe
Belgium,"sptinc_p80p100_999_j_BE
Pre-tax national income 
P80-100 | share | all ages | equal split
",p80p100,2018,0.4885,3.0,BEL,Western Europe
Belgium,"sptinc_p80p100_999_j_BE
Pre-tax national income 
P80-100 | share | all ages | equal split
",p80p100,2019,0.4895,3.0,BEL,Western Europe
Belgium,"sptinc_p80p100_999_j_BE
Pre-tax national income 
P80-100 | share | all ages | equal split
",p80p100,2020,0.4895,3.0,BEL,Western Europe
Belgium,"sptinc_p80p100_999_j_BE
Pre-tax national income 
P80-100 | share | all ages | equal split
",p80p100,2021,0.4899,3.0,BEL,Western Europe
Belgium,"sptinc_p80p100_999_j_BE
Pre-tax national income 
P80-100 | share | all ages | equal split
",p80p100,2022,0.49,3.0,BEL,Western Europe
Belgium,"sptinc_p80p100_999_j_BE
Pre-tax national income 
P80-100 | share | all ages | equal split
",p80p100,2023,0.4895,3.0,BEL,Western Europe
Belgium,"sptinc_p80p100_999_j_BE
Pre-tax national income 
P80-100 | share | all ages | equal split
",p80p100,2024,0.4895,1.0,BEL,Western Europe
Bolivia,"sptinc_p80p100_999_j_BO
Pre-tax national income 
P80-100 | share | all ages | equal split
",p80p100,1980,0.7045,0.0,BOL,Latin America & Caribbean
Bolivia,"sptinc_p80p100_999_j_BO
Pre-tax national income 
P80-100 | share | all ages | equal split
",p80p100,1981,0.7045,0.0,BOL,Latin America & Caribbean
Bolivia,"sptinc_p80p100_999_j_BO
Pre-tax national income 
P80-100 | share | all ages | equal split
",p80p100,1982,0.7045,0.0,BOL,Latin America & Caribbean
Bolivia,"sptinc_p80p100_999_j_BO
Pre-tax national income 
P80-100 | share | all ages | equal split
",p80p100,1983,0.7045,0.0,BOL,Latin America & Caribbean
Bolivia,"sptinc_p80p100_999_j_BO
Pre-tax national income 
P80-100 | share | all ages | equal split
",p80p100,1984,0.7045,0.0,BOL,Latin America & Caribbean
Bolivia,"sptinc_p80p100_999_j_BO
Pre-tax national income 
P80-100 | share | all ages | equal split
",p80p100,1985,0.7045,0.0,BOL,Latin America & Caribbean
Bolivia,"sptinc_p80p100_999_j_BO
Pre-tax national income 
P80-100 | share | all ages | equal split
",p80p100,1986,0.7045,0.0,BOL,Latin America & Caribbean
Bolivia,"sptinc_p80p100_999_j_BO
Pre-tax national income 
P80-100 | share | all ages | equal split
",p80p100,1987,0.7045,0.0,BOL,Latin America & Caribbean
Bolivia,"sptinc_p80p100_999_j_BO
Pre-tax national income 
P80-100 | share | all ages | equal split
",p80p100,1988,0.7045,0.0,BOL,Latin America & Caribbean
Bolivia,"sptinc_p80p100_999_j_BO
Pre-tax national income 
P80-100 | share | all ages | equal split
",p80p100,1989,0.7045,0.0,BOL,Latin America & Caribbean
Bolivia,"sptinc_p80p100_999_j_BO
Pre-tax national income 
P80-100 | share | all ages | equal split
",p80p100,1990,0.7045,0.0,BOL,Latin America & Caribbean
Bolivia,"sptinc_p80p100_999_j_BO
Pre-tax national income 
P80-100 | share | all ages | equal split
",p80p100,1991,0.7045,0.0,BOL,Latin America & Caribbean
Bolivia,"sptinc_p80p100_999_j_BO
Pre-tax national income 
P80-100 | share | all ages | equal split
",p80p100,1992,0.7045,0.0,BOL,Latin America & Caribbean
Bolivia,"sptinc_p80p100_999_j_BO
Pre-tax national income 
P80-100 | share | all ages | equal split
",p80p100,1993,0.7045,0.0,BOL,Latin America & Caribbean
Bolivia,"sptinc_p80p100_999_j_BO
Pre-tax national income 
P80-100 | share | all ages | equal split
",p80p100,1994,0.7045,0.0,BOL,Latin America & Caribbean
Bolivia,"sptinc_p80p100_999_j_BO
Pre-tax national income 
P80-100 | share | all ages | equal split
",p80p100,1995,0.7045,0.0,BOL,Latin America & Caribbean
Bolivia,"sptinc_p80p100_999_j_BO
Pre-tax national income 
P80-100 | share | all ages | equal split
",p80p100,1996,0.7045,0.0,BOL,Latin America & Caribbean
Bolivia,"sptinc_p80p100_999_j_BO
Pre-tax national income 
P80-100 | share | all ages | equal split
",p80p100,1997,0.7045,0.0,BOL,Latin America & Caribbean
Bolivia,"sptinc_p80p100_999_j_BO
Pre-tax national income 
P80-100 | share | all ages | equal split
",p80p100,1998,0.7045,0.0,BOL,Latin America & Caribbean
Bolivia,"sptinc_p80p100_999_j_BO
Pre-tax national income 
P80-100 | share | all ages | equal split
",p80p100,1999,0.7045,0.0,BOL,Latin America & Caribbean
Bolivia,"sptinc_p80p100_999_j_BO
Pre-tax national income 
P80-100 | share | all ages | equal split
",p80p100,2000,0.7045,0.0,BOL,Latin America & Caribbean
Bolivia,"sptinc_p80p100_999_j_BO
Pre-tax national income 
P80-100 | share | all ages | equal split
",p80p100,2001,0.7130000000000001,0.0,BOL,Latin America & Caribbean
Bolivia,"sptinc_p80p100_999_j_BO
Pre-tax national income 
P80-100 | share | all ages | equal split
",p80p100,2002,0.7109000000000001,0.0,BOL,Latin America & Caribbean
Bolivia,"sptinc_p80p100_999_j_BO
Pre-tax national income 
P80-100 | share | all ages | equal split
",p80p100,2003,0.7069000000000001,0.0,BOL,Latin America & Caribbean
Bolivia,"sptinc_p80p100_999_j_BO
Pre-tax national income 
P80-100 | share | all ages | equal split
",p80p100,2004,0.7035,0.0,BOL,Latin America & Caribbean
Bolivia,"sptinc_p80p100_999_j_BO
Pre-tax national income 
P80-100 | share | all ages | equal split
",p80p100,2005,0.7021000000000001,0.0,BOL,Latin America & Caribbean
Bolivia,"sptinc_p80p100_999_j_BO
Pre-tax national income 
P80-100 | share | all ages | equal split
",p80p100,2006,0.6978000000000001,0.0,BOL,Latin America & Caribbean
Bolivia,"sptinc_p80p100_999_j_BO
Pre-tax national income 
P80-100 | share | all ages | equal split
",p80p100,2007,0.7043,0.0,BOL,Latin America & Caribbean
Bolivia,"sptinc_p80p100_999_j_BO
Pre-tax national income 
P80-100 | share | all ages | equal split
",p80p100,2008,0.6968000000000001,0.0,BOL,Latin America & Caribbean
Bolivia,"sptinc_p80p100_999_j_BO
Pre-tax national income 
P80-100 | share | all ages | equal split
",p80p100,2009,0.6902,0.0,BOL,Latin America & Caribbean
Bolivia,"sptinc_p80p100_999_j_BO
Pre-tax national income 
P80-100 | share | all ages | equal split
",p80p100,2010,0.6897,0.0,BOL,Latin America & Caribbean
Bolivia,"sptinc_p80p100_999_j_BO
Pre-tax national income 
P80-100 | share | all ages | equal split
",p80p100,2011,0.6831,0.0,BOL,Latin America & Caribbean
Bolivia,"sptinc_p80p100_999_j_BO
Pre-tax national income 
P80-100 | share | all ages | equal split
",p80p100,2012,0.677,0.0,BOL,Latin America & Caribbean
Bolivia,"sptinc_p80p100_999_j_BO
Pre-tax national income 
P80-100 | share | all ages | equal split
",p80p100,2013,0.6814,0.0,BOL,Latin America & Caribbean
Bolivia,"sptinc_p80p100_999_j_BO
Pre-tax national income 
P80-100 | share | all ages | equal split
",p80p100,2014,0.6761,0.0,BOL,Latin America & Caribbean
Bolivia,"sptinc_p80p100_999_j_BO
Pre-tax national income 
P80-100 | share | all ages | equal split
",p80p100,2015,0.6736000000000001,0.0,BOL,Latin America & Caribbean
Bolivia,"sptinc_p80p100_999_j_BO
Pre-tax national income 
P80-100 | share | all ages | equal split
",p80p100,2016,0.6738000000000001,0.0,BOL,Latin America & Caribbean
Bolivia,"sptinc_p80p100_999_j_BO
Pre-tax national income 
P80-100 | share | all ages | equal split
",p80p100,2017,0.6751,0.0,BOL,Latin America & Caribbean
Bolivia,"sptinc_p80p100_999_j_BO
Pre-tax national income 
P80-100 | share | all ages | equal split
",p80p100,2018,0.6765,0.0,BOL,Latin America & Caribbean
Bolivia,"sptinc_p80p100_999_j_BO
Pre-tax national income 
P80-100 | share | all ages | equal split
",p80p100,2019,0.6728000000000001,0.0,BOL,Latin America & Caribbean
Bolivia,"sptinc_p80p100_999_j_BO
Pre-tax national income 
P80-100 | share | all ages | equal split
",p80p100,2020,0.6896,0.0,BOL,Latin America & Caribbean
Bolivia,"sptinc_p80p100_999_j_BO
Pre-tax national income 
P80-100 | share | all ages | equal split
",p80p100,2021,0.6794,0.0,BOL,Latin America & Caribbean
Bolivia,"sptinc_p80p100_999_j_BO
Pre-tax national income 
P80-100 | share | all ages | equal split
",p80p100,2022,0.6706000000000001,0.0,BOL,Latin America & Caribbean
Bolivia,"sptinc_p80p100_999_j_BO
Pre-tax national income 
P80-100 | share | all ages | equal split
",p80p100,2023,0.6712,0.0,BOL,Latin America & Caribbean
Bolivia,"sptinc_p80p100_999_j_BO
Pre-tax national income 
P80-100 | share | all ages | equal split
",p80p100,2024,0.6712,0.0,BOL,Latin America & Caribbean
Botswana,"sptinc_p80p100_999_j_BW
Pre-tax national income 
P80-100 | share | all ages | equal split
",p80p100,1980,0.7413000000000001,1.0,BWA,Sub-Saharan Africa
Botswana,"sptinc_p80p100_999_j_BW
Pre-tax national income 
P80-100 | share | all ages | equal split
",p80p100,1981,0.7413000000000001,1.0,BWA,Sub-Saharan Africa
Botswana,"sptinc_p80p100_999_j_BW
Pre-tax national income 
P80-100 | share | all ages | equal split
",p80p100,1982,0.7413000000000001,1.0,BWA,Sub-Saharan Africa
Botswana,"sptinc_p80p100_999_j_BW
Pre-tax national income 
P80-100 | share | all ages | equal split
",p80p100,1983,0.7413000000000001,1.0,BWA,Sub-Saharan Africa
Botswana,"sptinc_p80p100_999_j_BW
Pre-tax national income 
P80-100 | share | all ages | equal split
",p80p100,1984,0.7413000000000001,1.0,BWA,Sub-Saharan Africa
Botswana,"sptinc_p80p100_999_j_BW
Pre-tax national income 
P80-100 | share | all ages | equal split
",p80p100,1985,0.7413000000000001,3.0,BWA,Sub-Saharan Africa
Botswana,"sptinc_p80p100_999_j_BW
Pre-tax national income 
P80-100 | share | all ages | equal split
",p80p100,1986,0.7481,2.0,BWA,Sub-Saharan Africa
Botswana,"sptinc_p80p100_999_j_BW
Pre-tax national income 
P80-100 | share | all ages | equal split
",p80p100,1987,0.7549,2.0,BWA,Sub-Saharan Africa
Botswana,"sptinc_p80p100_999_j_BW
Pre-tax national income 
P80-100 | share | all ages | equal split
",p80p100,1988,0.7617,2.0,BWA,Sub-Saharan Africa
Botswana,"sptinc_p80p100_999_j_BW
Pre-tax national income 
P80-100 | share | all ages | equal split
",p80p100,1989,0.7685000000000001,2.0,BWA,Sub-Saharan Africa
Botswana,"sptinc_p80p100_999_j_BW
Pre-tax national income 
P80-100 | share | all ages | equal split
",p80p100,1990,0.7753,2.0,BWA,Sub-Saharan Africa
Botswana,"sptinc_p80p100_999_j_BW
Pre-tax national income 
P80-100 | share | all ages | equal split
",p80p100,1991,0.7821,2.0,BWA,Sub-Saharan Africa
Botswana,"sptinc_p80p100_999_j_BW
Pre-tax national income 
P80-100 | share | all ages | equal split
",p80p100,1992,0.7889,2.0,BWA,Sub-Saharan Africa
Botswana,"sptinc_p80p100_999_j_BW
Pre-tax national income 
P80-100 | share | all ages | equal split
",p80p100,1993,0.7956000000000001,3.0,BWA,Sub-Saharan Africa
Botswana,"sptinc_p80p100_999_j_BW
Pre-tax national income 
P80-100 | share | all ages | equal split
",p80p100,1994,0.7959,2.0,BWA,Sub-Saharan Africa
Botswana,"sptinc_p80p100_999_j_BW
Pre-tax national income 
P80-100 | share | all ages | equal split
",p80p100,1995,0.7961,2.0,BWA,Sub-Saharan Africa
Botswana,"sptinc_p80p100_999_j_BW
Pre-tax national income 
P80-100 | share | all ages | equal split
",p80p100,1996,0.7963,2.0,BWA,Sub-Saharan Africa
Botswana,"sptinc_p80p100_999_j_BW
Pre-tax national income 
P80-100 | share | all ages | equal split
",p80p100,1997,0.7966000000000001,2.0,BWA,Sub-Saharan Africa
Botswana,"sptinc_p80p100_999_j_BW
Pre-tax national income 
P80-100 | share | all ages | equal split
",p80p100,1998,0.7968000000000001,2.0,BWA,Sub-Saharan Africa
Botswana,"sptinc_p80p100_999_j_BW
Pre-tax national income 
P80-100 | share | all ages | equal split
",p80p100,1999,0.797,2.0,BWA,Sub-Saharan Africa
Botswana,"sptinc_p80p100_999_j_BW
Pre-tax national income 
P80-100 | share | all ages | equal split
",p80p100,2000,0.7973,2.0,BWA,Sub-Saharan Africa
Botswana,"sptinc_p80p100_999_j_BW
Pre-tax national income 
P80-100 | share | all ages | equal split
",p80p100,2001,0.7975,2.0,BWA,Sub-Saharan Africa
Botswana,"sptinc_p80p100_999_j_BW
Pre-tax national income 
P80-100 | share | all ages | equal split
",p80p100,2002,0.7977000000000001,3.0,BWA,Sub-Saharan Africa
Botswana,"sptinc_p80p100_999_j_BW
Pre-tax national income 
P80-100 | share | all ages | equal split
",p80p100,2003,0.7934,2.0,BWA,Sub-Saharan Africa
Botswana,"sptinc_p80p100_999_j_BW
Pre-tax national income 
P80-100 | share | all ages | equal split
",p80p100,2004,0.7891,2.0,BWA,Sub-Saharan Africa
Botswana,"sptinc_p80p100_999_j_BW
Pre-tax national income 
P80-100 | share | all ages | equal split
",p80p100,2005,0.7848,2.0,BWA,Sub-Saharan Africa
Botswana,"sptinc_p80p100_999_j_BW
Pre-tax national income 
P80-100 | share | all ages | equal split
",p80p100,2006,0.7805000000000001,2.0,BWA,Sub-Saharan Africa
Botswana,"sptinc_p80p100_999_j_BW
Pre-tax national income 
P80-100 | share | all ages | equal split
",p80p100,2007,0.7761,2.0,BWA,Sub-Saharan Africa
Botswana,"sptinc_p80p100_999_j_BW
Pre-tax national income 
P80-100 | share | all ages | equal split
",p80p100,2008,0.7718,2.0,BWA,Sub-Saharan Africa
Botswana,"sptinc_p80p100_999_j_BW
Pre-tax national income 
P80-100 | share | all ages | equal split
",p80p100,2009,0.7675000000000001,3.0,BWA,Sub-Saharan Africa
Botswana,"sptinc_p80p100_999_j_BW
Pre-tax national income 
P80-100 | share | all ages | equal split
",p80p100,2010,0.7641,2.0,BWA,Sub-Saharan Africa
Botswana,"sptinc_p80p100_999_j_BW
Pre-tax national income 
P80-100 | share | all ages | equal split
",p80p100,2011,0.7607,2.0,BWA,Sub-Saharan Africa
Botswana,"sptinc_p80p100_999_j_BW
Pre-tax national income 
P80-100 | share | all ages | equal split
",p80p100,2012,0.7572,2.0,BWA,Sub-Saharan Africa
Botswana,"sptinc_p80p100_999_j_BW
Pre-tax national income 
P80-100 | share | all ages | equal split
",p80p100,2013,0.7538,2.0,BWA,Sub-Saharan Africa
Botswana,"sptinc_p80p100_999_j_BW
Pre-tax national income 
P80-100 | share | all ages | equal split
",p80p100,2014,0.7504000000000001,2.0,BWA,Sub-Saharan Africa
Botswana,"sptinc_p80p100_999_j_BW
Pre-tax national income 
P80-100 | share | all ages | equal split
",p80p100,2015,0.747,3.0,BWA,Sub-Saharan Africa
Botswana,"sptinc_p80p100_999_j_BW
Pre-tax national income 
P80-100 | share | all ages | equal split
",p80p100,2016,0.747,1.0,BWA,Sub-Saharan Africa
Botswana,"sptinc_p80p100_999_j_BW
Pre-tax national income 
P80-100 | share | all ages | equal split
",p80p100,2017,0.747,1.0,BWA,Sub-Saharan Africa
Botswana,"sptinc_p80p100_999_j_BW
Pre-tax national income 
P80-100 | share | all ages | equal split
",p80p100,2018,0.747,1.0,BWA,Sub-Saharan Africa
Botswana,"sptinc_p80p100_999_j_BW
Pre-tax national income 
P80-100 | share | all ages | equal split
",p80p100,2019,0.747,1.0,BWA,Sub-Saharan Africa
Botswana,"sptinc_p80p100_999_j_BW
Pre-tax national income 
P80-100 | share | all ages | equal split
",p80p100,2020,0.747,1.0,BWA,Sub-Saharan Africa
Botswana,"sptinc_p80p100_999_j_BW
Pre-tax national income 
P80-100 | share | all ages | equal split
",p80p100,2021,0.747,1.0,BWA,Sub-Saharan Africa
Botswana,"sptinc_p80p100_999_j_BW
Pre-tax national income 
P80-100 | share | all ages | equal split
",p80p100,2022,0.747,1.0,BWA,Sub-Saharan Africa
Botswana,"sptinc_p80p100_999_j_BW
Pre-tax national income 
P80-100 | share | all ages | equal split
",p80p100,2023,0.747,1.0,BWA,Sub-Saharan Africa
Botswana,"sptinc_p80p100_999_j_BW
Pre-tax national income 
P80-100 | share | all ages | equal split
",p80p100,2024,0.747,1.0,BWA,Sub-Saharan Africa
Brazil,"sptinc_p80p100_999_j_BR
Pre-tax national income 
P80-100 | share | all ages | equal split
",p80p100,1960,0.7359,0.0,BRA,Latin America & Caribbean
Brazil,"sptinc_p80p100_999_j_BR
Pre-tax national income 
P80-100 | share | all ages | equal split
",p80p100,1970,0.7429,0.0,BRA,Latin America & Caribbean
Brazil,"sptinc_p80p100_999_j_BR
Pre-tax national income 
P80-100 | share | all ages | equal split
",p80p100,1980,0.7234,1.0,BRA,Latin America & Caribbean
Brazil,"sptinc_p80p100_999_j_BR
Pre-tax national income 
P80-100 | share | all ages | equal split
",p80p100,1981,0.7234,1.0,BRA,Latin America & Caribbean
Brazil,"sptinc_p80p100_999_j_BR
Pre-tax national income 
P80-100 | share | all ages | equal split
",p80p100,1982,0.7234,1.0,BRA,Latin America & Caribbean
Brazil,"sptinc_p80p100_999_j_BR
Pre-tax national income 
P80-100 | share | all ages | equal split
",p80p100,1983,0.7234,1.0,BRA,Latin America & Caribbean
Brazil,"sptinc_p80p100_999_j_BR
Pre-tax national income 
P80-100 | share | all ages | equal split
",p80p100,1984,0.7234,1.0,BRA,Latin America & Caribbean
Brazil,"sptinc_p80p100_999_j_BR
Pre-tax national income 
P80-100 | share | all ages | equal split
",p80p100,1985,0.7234,1.0,BRA,Latin America & Caribbean
Brazil,"sptinc_p80p100_999_j_BR
Pre-tax national income 
P80-100 | share | all ages | equal split
",p80p100,1986,0.7234,1.0,BRA,Latin America & Caribbean
Brazil,"sptinc_p80p100_999_j_BR
Pre-tax national income 
P80-100 | share | all ages | equal split
",p80p100,1987,0.7234,1.0,BRA,Latin America & Caribbean
Brazil,"sptinc_p80p100_999_j_BR
Pre-tax national income 
P80-100 | share | all ages | equal split
",p80p100,1988,0.7234,1.0,BRA,Latin America & Caribbean
Brazil,"sptinc_p80p100_999_j_BR
Pre-tax national income 
P80-100 | share | all ages | equal split
",p80p100,1989,0.7234,1.0,BRA,Latin America & Caribbean
Brazil,"sptinc_p80p100_999_j_BR
Pre-tax national income 
P80-100 | share | all ages | equal split
",p80p100,1990,0.7234,1.0,BRA,Latin America & Caribbean
Brazil,"sptinc_p80p100_999_j_BR
Pre-tax national income 
P80-100 | share | all ages | equal split
",p80p100,1991,0.7234,1.0,BRA,Latin America & Caribbean
Brazil,"sptinc_p80p100_999_j_BR
Pre-tax national income 
P80-100 | share | all ages | equal split
",p80p100,1992,0.7234,1.0,BRA,Latin America & Caribbean
Brazil,"sptinc_p80p100_999_j_BR
Pre-tax national income 
P80-100 | share | all ages | equal split
",p80p100,1993,0.7234,1.0,BRA,Latin America & Caribbean
Brazil,"sptinc_p80p100_999_j_BR
Pre-tax national income 
P80-100 | share | all ages | equal split
",p80p100,1994,0.7234,1.0,BRA,Latin America & Caribbean
Brazil,"sptinc_p80p100_999_j_BR
Pre-tax national income 
P80-100 | share | all ages | equal split
",p80p100,1995,0.7234,1.0,BRA,Latin America & Caribbean
Brazil,"sptinc_p80p100_999_j_BR
Pre-tax national income 
P80-100 | share | all ages | equal split
",p80p100,1996,0.7234,1.0,BRA,Latin America & Caribbean
Brazil,"sptinc_p80p100_999_j_BR
Pre-tax national income 
P80-100 | share | all ages | equal split
",p80p100,1997,0.7234,1.0,BRA,Latin America & Caribbean
Brazil,"sptinc_p80p100_999_j_BR
Pre-tax national income 
P80-100 | share | all ages | equal split
",p80p100,1998,0.7234,1.0,BRA,Latin America & Caribbean
Brazil,"sptinc_p80p100_999_j_BR
Pre-tax national income 
P80-100 | share | all ages | equal split
",p80p100,1999,0.7234,1.0,BRA,Latin America & Caribbean
Brazil,"sptinc_p80p100_999_j_BR
Pre-tax national income 
P80-100 | share | all ages | equal split
",p80p100,2000,0.7234,1.0,BRA,Latin America & Caribbean
Brazil,"sptinc_p80p100_999_j_BR
Pre-tax national income 
P80-100 | share | all ages | equal split
",p80p100,2001,0.7234,3.0,BRA,Latin America & Caribbean
Brazil,"sptinc_p80p100_999_j_BR
Pre-tax national income 
P80-100 | share | all ages | equal split
",p80p100,2002,0.7296,4.0,BRA,Latin America & Caribbean
Brazil,"sptinc_p80p100_999_j_BR
Pre-tax national income 
P80-100 | share | all ages | equal split
",p80p100,2003,0.7235,3.0,BRA,Latin America & Caribbean
Brazil,"sptinc_p80p100_999_j_BR
Pre-tax national income 
P80-100 | share | all ages | equal split
",p80p100,2004,0.7177,3.0,BRA,Latin America & Caribbean
Brazil,"sptinc_p80p100_999_j_BR
Pre-tax national income 
P80-100 | share | all ages | equal split
",p80p100,2005,0.7337,3.0,BRA,Latin America & Caribbean
Brazil,"sptinc_p80p100_999_j_BR
Pre-tax national income 
P80-100 | share | all ages | equal split
",p80p100,2006,0.7304,4.0,BRA,Latin America & Caribbean
Brazil,"sptinc_p80p100_999_j_BR
Pre-tax national income 
P80-100 | share | all ages | equal split
",p80p100,2007,0.7172000000000001,4.0,BRA,Latin America & Caribbean
Brazil,"sptinc_p80p100_999_j_BR
Pre-tax national income 
P80-100 | share | all ages | equal split
",p80p100,2008,0.7135,4.0,BRA,Latin America & Caribbean
Brazil,"sptinc_p80p100_999_j_BR
Pre-tax national income 
P80-100 | share | all ages | equal split
",p80p100,2009,0.7105,4.0,BRA,Latin America & Caribbean
Brazil,"sptinc_p80p100_999_j_BR
Pre-tax national income 
P80-100 | share | all ages | equal split
",p80p100,2010,0.7150000000000001,2.0,BRA,Latin America & Caribbean
Brazil,"sptinc_p80p100_999_j_BR
Pre-tax national income 
P80-100 | share | all ages | equal split
",p80p100,2011,0.7195,4.0,BRA,Latin America & Caribbean
Brazil,"sptinc_p80p100_999_j_BR
Pre-tax national income 
P80-100 | share | all ages | equal split
",p80p100,2012,0.7100000000000001,4.0,BRA,Latin America & Caribbean
Brazil,"sptinc_p80p100_999_j_BR
Pre-tax national income 
P80-100 | share | all ages | equal split
",p80p100,2013,0.7037,4.0,BRA,Latin America & Caribbean
Brazil,"sptinc_p80p100_999_j_BR
Pre-tax national income 
P80-100 | share | all ages | equal split
",p80p100,2014,0.7071000000000001,4.0,BRA,Latin America & Caribbean
Brazil,"sptinc_p80p100_999_j_BR
Pre-tax national income 
P80-100 | share | all ages | equal split
",p80p100,2015,0.7164,4.0,BRA,Latin America & Caribbean
Brazil,"sptinc_p80p100_999_j_BR
Pre-tax national income 
P80-100 | share | all ages | equal split
",p80p100,2016,0.7176,4.0,BRA,Latin America & Caribbean
Brazil,"sptinc_p80p100_999_j_BR
Pre-tax national income 
P80-100 | share | all ages | equal split
",p80p100,2017,0.7128,4.0,BRA,Latin America & Caribbean
Brazil,"sptinc_p80p100_999_j_BR
Pre-tax national income 
P80-100 | share | all ages | equal split
",p80p100,2018,0.7108,4.0,BRA,Latin America & Caribbean
Brazil,"sptinc_p80p100_999_j_BR
Pre-tax national income 
P80-100 | share | all ages | equal split
",p80p100,2019,0.7022,4.0,BRA,Latin America & Caribbean
Brazil,"sptinc_p80p100_999_j_BR
Pre-tax national income 
P80-100 | share | all ages | equal split
",p80p100,2020,0.7260000000000001,4.0,BRA,Latin America & Caribbean
Brazil,"sptinc_p80p100_999_j_BR
Pre-tax national income 
P80-100 | share | all ages | equal split
",p80p100,2021,0.7334,4.0,BRA,Latin America & Caribbean
Brazil,"sptinc_p80p100_999_j_BR
Pre-tax national income 
P80-100 | share | all ages | equal split
",p80p100,2022,0.7282000000000001,4.0,BRA,Latin America & Caribbean
Brazil,"sptinc_p80p100_999_j_BR
Pre-tax national income 
P80-100 | share | all ages | equal split
",p80p100,2023,0.7256,4.0,BRA,Latin America & Caribbean
Brazil,"sptinc_p80p100_999_j_BR
Pre-tax national income 
P80-100 | share | all ages | equal split
",p80p100,2024,0.7256,1.0,BRA,Latin America & Caribbean
Bulgaria,"sptinc_p80p100_999_j_BG
Pre-tax national income 
P80-100 | share | all ages | equal split
",p80p100,1980,0.3751,2.0,BGR,Eastern Europe & FSU
Bulgaria,"sptinc_p80p100_999_j_BG
Pre-tax national income 
P80-100 | share | all ages | equal split
",p80p100,1981,0.3743,2.0,BGR,Eastern Europe & FSU
Bulgaria,"sptinc_p80p100_999_j_BG
Pre-tax national income 
P80-100 | share | all ages | equal split
",p80p100,1982,0.3954,2.0,BGR,Eastern Europe & FSU
Bulgaria,"sptinc_p80p100_999_j_BG
Pre-tax national income 
P80-100 | share | all ages | equal split
",p80p100,1983,0.3909,2.0,BGR,Eastern Europe & FSU
Bulgaria,"sptinc_p80p100_999_j_BG
Pre-tax national income 
P80-100 | share | all ages | equal split
",p80p100,1984,0.3867,2.0,BGR,Eastern Europe & FSU
Bulgaria,"sptinc_p80p100_999_j_BG
Pre-tax national income 
P80-100 | share | all ages | equal split
",p80p100,1985,0.3754,2.0,BGR,Eastern Europe & FSU
Bulgaria,"sptinc_p80p100_999_j_BG
Pre-tax national income 
P80-100 | share | all ages | equal split
",p80p100,1986,0.3649,2.0,BGR,Eastern Europe & FSU
Bulgaria,"sptinc_p80p100_999_j_BG
Pre-tax national income 
P80-100 | share | all ages | equal split
",p80p100,1987,0.3398,2.0,BGR,Eastern Europe & FSU
Bulgaria,"sptinc_p80p100_999_j_BG
Pre-tax national income 
P80-100 | share | all ages | equal split
",p80p100,1988,0.3318,2.0,BGR,Eastern Europe & FSU
Bulgaria,"sptinc_p80p100_999_j_BG
Pre-tax national income 
P80-100 | share | all ages | equal split
",p80p100,1989,0.376,2.0,BGR,Eastern Europe & FSU
Bulgaria,"sptinc_p80p100_999_j_BG
Pre-tax national income 
P80-100 | share | all ages | equal split
",p80p100,1990,0.4082,2.0,BGR,Eastern Europe & FSU
Bulgaria,"sptinc_p80p100_999_j_BG
Pre-tax national income 
P80-100 | share | all ages | equal split
",p80p100,1991,0.4422,2.0,BGR,Eastern Europe & FSU
Bulgaria,"sptinc_p80p100_999_j_BG
Pre-tax national income 
P80-100 | share | all ages | equal split
",p80p100,1992,0.4779,2.0,BGR,Eastern Europe & FSU
Bulgaria,"sptinc_p80p100_999_j_BG
Pre-tax national income 
P80-100 | share | all ages | equal split
",p80p100,1993,0.4903,2.0,BGR,Eastern Europe & FSU
Bulgaria,"sptinc_p80p100_999_j_BG
Pre-tax national income 
P80-100 | share | all ages | equal split
",p80p100,1994,0.5359,2.0,BGR,Eastern Europe & FSU
Bulgaria,"sptinc_p80p100_999_j_BG
Pre-tax national income 
P80-100 | share | all ages | equal split
",p80p100,1995,0.5504,2.0,BGR,Eastern Europe & FSU
Bulgaria,"sptinc_p80p100_999_j_BG
Pre-tax national income 
P80-100 | share | all ages | equal split
",p80p100,1996,0.5343,2.0,BGR,Eastern Europe & FSU
Bulgaria,"sptinc_p80p100_999_j_BG
Pre-tax national income 
P80-100 | share | all ages | equal split
",p80p100,1997,0.5293,2.0,BGR,Eastern Europe & FSU
Bulgaria,"sptinc_p80p100_999_j_BG
Pre-tax national income 
P80-100 | share | all ages | equal split
",p80p100,1998,0.5119,2.0,BGR,Eastern Europe & FSU
Bulgaria,"sptinc_p80p100_999_j_BG
Pre-tax national income 
P80-100 | share | all ages | equal split
",p80p100,1999,0.5083,2.0,BGR,Eastern Europe & FSU
Bulgaria,"sptinc_p80p100_999_j_BG
Pre-tax national income 
P80-100 | share | all ages | equal split
",p80p100,2000,0.4995,2.0,BGR,Eastern Europe & FSU
Bulgaria,"sptinc_p80p100_999_j_BG
Pre-tax national income 
P80-100 | share | all ages | equal split
",p80p100,2001,0.5097,2.0,BGR,Eastern Europe & FSU
Bulgaria,"sptinc_p80p100_999_j_BG
Pre-tax national income 
P80-100 | share | all ages | equal split
",p80p100,2002,0.5264,2.0,BGR,Eastern Europe & FSU
Bulgaria,"sptinc_p80p100_999_j_BG
Pre-tax national income 
P80-100 | share | all ages | equal split
",p80p100,2003,0.5145000000000001,2.0,BGR,Eastern Europe & FSU
Bulgaria,"sptinc_p80p100_999_j_BG
Pre-tax national income 
P80-100 | share | all ages | equal split
",p80p100,2004,0.51,2.0,BGR,Eastern Europe & FSU
Bulgaria,"sptinc_p80p100_999_j_BG
Pre-tax national income 
P80-100 | share | all ages | equal split
",p80p100,2005,0.5132,2.0,BGR,Eastern Europe & FSU
Bulgaria,"sptinc_p80p100_999_j_BG
Pre-tax national income 
P80-100 | share | all ages | equal split
",p80p100,2006,0.5169,3.0,BGR,Eastern Europe & FSU
Bulgaria,"sptinc_p80p100_999_j_BG
Pre-tax national income 
P80-100 | share | all ages | equal split
",p80p100,2007,0.5059,3.0,BGR,Eastern Europe & FSU
Bulgaria,"sptinc_p80p100_999_j_BG
Pre-tax national income 
P80-100 | share | all ages | equal split
",p80p100,2008,0.4988,3.0,BGR,Eastern Europe & FSU
Bulgaria,"sptinc_p80p100_999_j_BG
Pre-tax national income 
P80-100 | share | all ages | equal split
",p80p100,2009,0.5061,3.0,BGR,Eastern Europe & FSU
Bulgaria,"sptinc_p80p100_999_j_BG
Pre-tax national income 
P80-100 | share | all ages | equal split
",p80p100,2010,0.5066,3.0,BGR,Eastern Europe & FSU
Bulgaria,"sptinc_p80p100_999_j_BG
Pre-tax national income 
P80-100 | share | all ages | equal split
",p80p100,2011,0.5064000000000001,3.0,BGR,Eastern Europe & FSU
Bulgaria,"sptinc_p80p100_999_j_BG
Pre-tax national income 
P80-100 | share | all ages | equal split
",p80p100,2012,0.5251,3.0,BGR,Eastern Europe & FSU
Bulgaria,"sptinc_p80p100_999_j_BG
Pre-tax national income 
P80-100 | share | all ages | equal split
",p80p100,2013,0.5092,3.0,BGR,Eastern Europe & FSU
Bulgaria,"sptinc_p80p100_999_j_BG
Pre-tax national income 
P80-100 | share | all ages | equal split
",p80p100,2014,0.5289,3.0,BGR,Eastern Europe & FSU
Bulgaria,"sptinc_p80p100_999_j_BG
Pre-tax national income 
P80-100 | share | all ages | equal split
",p80p100,2015,0.5414,3.0,BGR,Eastern Europe & FSU
Bulgaria,"sptinc_p80p100_999_j_BG
Pre-tax national income 
P80-100 | share | all ages | equal split
",p80p100,2016,0.5624,3.0,BGR,Eastern Europe & FSU
Bulgaria,"sptinc_p80p100_999_j_BG
Pre-tax national income 
P80-100 | share | all ages | equal split
",p80p100,2017,0.5819,3.0,BGR,Eastern Europe & FSU
Bulgaria,"sptinc_p80p100_999_j_BG
Pre-tax national income 
P80-100 | share | all ages | equal split
",p80p100,2018,0.5822,3.0,BGR,Eastern Europe & FSU
Bulgaria,"sptinc_p80p100_999_j_BG
Pre-tax national income 
P80-100 | share | all ages | equal split
",p80p100,2019,0.5653,3.0,BGR,Eastern Europe & FSU
Bulgaria,"sptinc_p80p100_999_j_BG
Pre-tax national income 
P80-100 | share | all ages | equal split
",p80p100,2020,0.5653,3.0,BGR,Eastern Europe & FSU
Bulgaria,"sptinc_p80p100_999_j_BG
Pre-tax national income 
P80-100 | share | all ages | equal split
",p80p100,2021,0.5805,3.0,BGR,Eastern Europe & FSU
Bulgaria,"sptinc_p80p100_999_j_BG
Pre-tax national income 
P80-100 | share | all ages | equal split
",p80p100,2022,0.5909,3.0,BGR,Eastern Europe & FSU
Bulgaria,"sptinc_p80p100_999_j_BG
Pre-tax national income 
P80-100 | share | all ages | equal split
",p80p100,2023,0.5858,3.0,BGR,Eastern Europe & FSU
Bulgaria,"sptinc_p80p100_999_j_BG
Pre-tax national income 
P80-100 | share | all ages | equal split
",p80p100,2024,0.5858,1.0,BGR,Eastern Europe & FSU
Canada,"sptinc_p80p100_999_j_CA
Pre-tax national income 
P80-100 | share | all ages | equal split
",p80p100,1960,0.4523,4.0,CAN,North America
Canada,"sptinc_p80p100_999_j_CA
Pre-tax national income 
P80-100 | share | all ages | equal split
",p80p100,1961,0.4574,4.0,CAN,North America
Canada,"sptinc_p80p100_999_j_CA
Pre-tax national income 
P80-100 | share | all ages | equal split
",p80p100,1962,0.4439,4.0,CAN,North America
Canada,"sptinc_p80p100_999_j_CA
Pre-tax national income 
P80-100 | share | all ages | equal split
",p80p100,1963,0.4404,4.0,CAN,North America
Canada,"sptinc_p80p100_999_j_CA
Pre-tax national income 
P80-100 | share | all ages | equal split
",p80p100,1964,0.4437,4.0,CAN,North America
Canada,"sptinc_p80p100_999_j_CA
Pre-tax national income 
P80-100 | share | all ages | equal split
",p80p100,1965,0.4385,4.0,CAN,North America
Canada,"sptinc_p80p100_999_j_CA
Pre-tax national income 
P80-100 | share | all ages | equal split
",p80p100,1966,0.434,4.0,CAN,North America
Canada,"sptinc_p80p100_999_j_CA
Pre-tax national income 
P80-100 | share | all ages | equal split
",p80p100,1967,0.4372,4.0,CAN,North America
Canada,"sptinc_p80p100_999_j_CA
Pre-tax national income 
P80-100 | share | all ages | equal split
",p80p100,1968,0.4395,4.0,CAN,North America
Canada,"sptinc_p80p100_999_j_CA
Pre-tax national income 
P80-100 | share | all ages | equal split
",p80p100,1969,0.4405,4.0,CAN,North America
Canada,"sptinc_p80p100_999_j_CA
Pre-tax national income 
P80-100 | share | all ages | equal split
",p80p100,1970,0.4469,4.0,CAN,North America
Canada,"sptinc_p80p100_999_j_CA
Pre-tax national income 
P80-100 | share | all ages | equal split
",p80p100,1971,0.4458,4.0,CAN,North America
Canada,"sptinc_p80p100_999_j_CA
Pre-tax national income 
P80-100 | share | all ages | equal split
",p80p100,1972,0.4446,4.0,CAN,North America
Canada,"sptinc_p80p100_999_j_CA
Pre-tax national income 
P80-100 | share | all ages | equal split
",p80p100,1973,0.4414,4.0,CAN,North America
Canada,"sptinc_p80p100_999_j_CA
Pre-tax national income 
P80-100 | share | all ages | equal split
",p80p100,1974,0.4449,4.0,CAN,North America
Canada,"sptinc_p80p100_999_j_CA
Pre-tax national income 
P80-100 | share | all ages | equal split
",p80p100,1975,0.4548,4.0,CAN,North America
Canada,"sptinc_p80p100_999_j_CA
Pre-tax national income 
P80-100 | share | all ages | equal split
",p80p100,1976,0.4495,4.0,CAN,North America
Canada,"sptinc_p80p100_999_j_CA
Pre-tax national income 
P80-100 | share | all ages | equal split
",p80p100,1977,0.4447,4.0,CAN,North America
Canada,"sptinc_p80p100_999_j_CA
Pre-tax national income 
P80-100 | share | all ages | equal split
",p80p100,1978,0.4461,4.0,CAN,North America
Canada,"sptinc_p80p100_999_j_CA
Pre-tax national income 
P80-100 | share | all ages | equal split
",p80p100,1979,0.4474,4.0,CAN,North America
Canada,"sptinc_p80p100_999_j_CA
Pre-tax national income 
P80-100 | share | all ages | equal split
",p80p100,1980,0.4552,4.0,CAN,North America
Canada,"sptinc_p80p100_999_j_CA
Pre-tax national income 
P80-100 | share | all ages | equal split
",p80p100,1981,0.445,4.0,CAN,North America
Canada,"sptinc_p80p100_999_j_CA
Pre-tax national income 
P80-100 | share | all ages | equal split
",p80p100,1982,0.4423,5.0,CAN,North America
Canada,"sptinc_p80p100_999_j_CA
Pre-tax national income 
P80-100 | share | all ages | equal split
",p80p100,1983,0.446,5.0,CAN,North America
Canada,"sptinc_p80p100_999_j_CA
Pre-tax national income 
P80-100 | share | all ages | equal split
",p80p100,1984,0.4471,5.0,CAN,North America
Canada,"sptinc_p80p100_999_j_CA
Pre-tax national income 
P80-100 | share | all ages | equal split
",p80p100,1985,0.4486,5.0,CAN,North America
Canada,"sptinc_p80p100_999_j_CA
Pre-tax national income 
P80-100 | share | all ages | equal split
",p80p100,1986,0.4551,5.0,CAN,North America
Canada,"sptinc_p80p100_999_j_CA
Pre-tax national income 
P80-100 | share | all ages | equal split
",p80p100,1987,0.4569,5.0,CAN,North America
Canada,"sptinc_p80p100_999_j_CA
Pre-tax national income 
P80-100 | share | all ages | equal split
",p80p100,1988,0.463,5.0,CAN,North America
Canada,"sptinc_p80p100_999_j_CA
Pre-tax national income 
P80-100 | share | all ages | equal split
",p80p100,1989,0.4702,5.0,CAN,North America
Canada,"sptinc_p80p100_999_j_CA
Pre-tax national income 
P80-100 | share | all ages | equal split
",p80p100,1990,0.4745,5.0,CAN,North America
Canada,"sptinc_p80p100_999_j_CA
Pre-tax national income 
P80-100 | share | all ages | equal split
",p80p100,1991,0.4786,5.0,CAN,North America
Canada,"sptinc_p80p100_999_j_CA
Pre-tax national income 
P80-100 | share | all ages | equal split
",p80p100,1992,0.4807,5.0,CAN,North America
Canada,"sptinc_p80p100_999_j_CA
Pre-tax national income 
P80-100 | share | all ages | equal split
",p80p100,1993,0.4879,5.0,CAN,North America
Canada,"sptinc_p80p100_999_j_CA
Pre-tax national income 
P80-100 | share | all ages | equal split
",p80p100,1994,0.4897,5.0,CAN,North America
Canada,"sptinc_p80p100_999_j_CA
Pre-tax national income 
P80-100 | share | all ages | equal split
",p80p100,1995,0.4952,5.0,CAN,North America
Canada,"sptinc_p80p100_999_j_CA
Pre-tax national income 
P80-100 | share | all ages | equal split
",p80p100,1996,0.5008,5.0,CAN,North America
Canada,"sptinc_p80p100_999_j_CA
Pre-tax national income 
P80-100 | share | all ages | equal split
",p80p100,1997,0.5074000000000001,5.0,CAN,North America
Canada,"sptinc_p80p100_999_j_CA
Pre-tax national income 
P80-100 | share | all ages | equal split
",p80p100,1998,0.5092,5.0,CAN,North America
Canada,"sptinc_p80p100_999_j_CA
Pre-tax national income 
P80-100 | share | all ages | equal split
",p80p100,1999,0.5122,5.0,CAN,North America
Canada,"sptinc_p80p100_999_j_CA
Pre-tax national income 
P80-100 | share | all ages | equal split
",p80p100,2000,0.5218,5.0,CAN,North America
Canada,"sptinc_p80p100_999_j_CA
Pre-tax national income 
P80-100 | share | all ages | equal split
",p80p100,2001,0.5203,5.0,CAN,North America
Canada,"sptinc_p80p100_999_j_CA
Pre-tax national income 
P80-100 | share | all ages | equal split
",p80p100,2002,0.5216000000000001,5.0,CAN,North America
Canada,"sptinc_p80p100_999_j_CA
Pre-tax national income 
P80-100 | share | all ages | equal split
",p80p100,2003,0.5246000000000001,5.0,CAN,North America
Canada,"sptinc_p80p100_999_j_CA
Pre-tax national income 
P80-100 | share | all ages | equal split
",p80p100,2004,0.5291,5.0,CAN,North America
Canada,"sptinc_p80p100_999_j_CA
Pre-tax national income 
P80-100 | share | all ages | equal split
",p80p100,2005,0.5332,5.0,CAN,North America
Canada,"sptinc_p80p100_999_j_CA
Pre-tax national income 
P80-100 | share | all ages | equal split
",p80p100,2006,0.5362,5.0,CAN,North America
Canada,"sptinc_p80p100_999_j_CA
Pre-tax national income 
P80-100 | share | all ages | equal split
",p80p100,2007,0.5362,5.0,CAN,North America
Canada,"sptinc_p80p100_999_j_CA
Pre-tax national income 
P80-100 | share | all ages | equal split
",p80p100,2008,0.5304,5.0,CAN,North America
Canada,"sptinc_p80p100_999_j_CA
Pre-tax national income 
P80-100 | share | all ages | equal split
",p80p100,2009,0.519,5.0,CAN,North America
Canada,"sptinc_p80p100_999_j_CA
Pre-tax national income 
P80-100 | share | all ages | equal split
",p80p100,2010,0.5241,5.0,CAN,North America
Canada,"sptinc_p80p100_999_j_CA
Pre-tax national income 
P80-100 | share | all ages | equal split
",p80p100,2011,0.5236000000000001,5.0,CAN,North America
Canada,"sptinc_p80p100_999_j_CA
Pre-tax national income 
P80-100 | share | all ages | equal split
",p80p100,2012,0.519,5.0,CAN,North America
Canada,"sptinc_p80p100_999_j_CA
Pre-tax national income 
P80-100 | share | all ages | equal split
",p80p100,2013,0.5198,5.0,CAN,North America
Canada,"sptinc_p80p100_999_j_CA
Pre-tax national income 
P80-100 | share | all ages | equal split
",p80p100,2014,0.5175000000000001,5.0,CAN,North America
Canada,"sptinc_p80p100_999_j_CA
Pre-tax national income 
P80-100 | share | all ages | equal split
",p80p100,2015,0.5153,5.0,CAN,North America
Canada,"sptinc_p80p100_999_j_CA
Pre-tax national income 
P80-100 | share | all ages | equal split
",p80p100,2016,0.5054000000000001,5.0,CAN,North America
Canada,"sptinc_p80p100_999_j_CA
Pre-tax national income 
P80-100 | share | all ages | equal split
",p80p100,2017,0.5108,5.0,CAN,North America
Canada,"sptinc_p80p100_999_j_CA
Pre-tax national income 
P80-100 | share | all ages | equal split
",p80p100,2018,0.508,5.0,CAN,North America
Canada,"sptinc_p80p100_999_j_CA
Pre-tax national income 
P80-100 | share | all ages | equal split
",p80p100,2019,0.5066,5.0,CAN,North America
Canada,"sptinc_p80p100_999_j_CA
Pre-tax national income 
P80-100 | share | all ages | equal split
",p80p100,2020,0.5168,5.0,CAN,North America
Canada,"sptinc_p80p100_999_j_CA
Pre-tax national income 
P80-100 | share | all ages | equal split
",p80p100,2021,0.5216000000000001,5.0,CAN,North America
Canada,"sptinc_p80p100_999_j_CA
Pre-tax national income 
P80-100 | share | all ages | equal split
",p80p100,2022,0.5283,5.0,CAN,North America
Canada,"sptinc_p80p100_999_j_CA
Pre-tax national income 
P80-100 | share | all ages | equal split
",p80p100,2023,0.5283,5.0,CAN,North America
Canada,"sptinc_p80p100_999_j_CA
Pre-tax national income 
P80-100 | share | all ages | equal split
",p80p100,2024,0.5283,5.0,CAN,North America
Central African Republic,"sptinc_p80p100_999_j_CF
Pre-tax national income 
P80-100 | share | all ages | equal split
",p80p100,1980,0.7802,1.0,CAF,Sub-Saharan Africa
Central African Republic,"sptinc_p80p100_999_j_CF
Pre-tax national income 
P80-100 | share | all ages | equal split
",p80p100,1981,0.7802,1.0,CAF,Sub-Saharan Africa
Central African Republic,"sptinc_p80p100_999_j_CF
Pre-tax national income 
P80-100 | share | all ages | equal split
",p80p100,1982,0.7802,1.0,CAF,Sub-Saharan Africa
Central African Republic,"sptinc_p80p100_999_j_CF
Pre-tax national income 
P80-100 | share | all ages | equal split
",p80p100,1983,0.7802,1.0,CAF,Sub-Saharan Africa
Central African Republic,"sptinc_p80p100_999_j_CF
Pre-tax national income 
P80-100 | share | all ages | equal split
",p80p100,1984,0.7802,1.0,CAF,Sub-Saharan Africa
Central African Republic,"sptinc_p80p100_999_j_CF
Pre-tax national income 
P80-100 | share | all ages | equal split
",p80p100,1985,0.7802,1.0,CAF,Sub-Saharan Africa
Central African Republic,"sptinc_p80p100_999_j_CF
Pre-tax national income 
P80-100 | share | all ages | equal split
",p80p100,1986,0.7802,1.0,CAF,Sub-Saharan Africa
Central African Republic,"sptinc_p80p100_999_j_CF
Pre-tax national income 
P80-100 | share | all ages | equal split
",p80p100,1987,0.7802,1.0,CAF,Sub-Saharan Africa
Central African Republic,"sptinc_p80p100_999_j_CF
Pre-tax national income 
P80-100 | share | all ages | equal split
",p80p100,1988,0.7802,1.0,CAF,Sub-Saharan Africa
Central African Republic,"sptinc_p80p100_999_j_CF
Pre-tax national income 
P80-100 | share | all ages | equal split
",p80p100,1989,0.7802,1.0,CAF,Sub-Saharan Africa
Central African Republic,"sptinc_p80p100_999_j_CF
Pre-tax national income 
P80-100 | share | all ages | equal split
",p80p100,1990,0.7802,1.0,CAF,Sub-Saharan Africa
Central African Republic,"sptinc_p80p100_999_j_CF
Pre-tax national income 
P80-100 | share | all ages | equal split
",p80p100,1991,0.7802,1.0,CAF,Sub-Saharan Africa
Central African Republic,"sptinc_p80p100_999_j_CF
Pre-tax national income 
P80-100 | share | all ages | equal split
",p80p100,1992,0.7802,3.0,CAF,Sub-Saharan Africa
Central African Republic,"sptinc_p80p100_999_j_CF
Pre-tax national income 
P80-100 | share | all ages | equal split
",p80p100,1993,0.7792,2.0,CAF,Sub-Saharan Africa
Central African Republic,"sptinc_p80p100_999_j_CF
Pre-tax national income 
P80-100 | share | all ages | equal split
",p80p100,1994,0.7782,2.0,CAF,Sub-Saharan Africa
Central African Republic,"sptinc_p80p100_999_j_CF
Pre-tax national income 
P80-100 | share | all ages | equal split
",p80p100,1995,0.7772,2.0,CAF,Sub-Saharan Africa
Central African Republic,"sptinc_p80p100_999_j_CF
Pre-tax national income 
P80-100 | share | all ages | equal split
",p80p100,1996,0.7762,2.0,CAF,Sub-Saharan Africa
Central African Republic,"sptinc_p80p100_999_j_CF
Pre-tax national income 
P80-100 | share | all ages | equal split
",p80p100,1997,0.7753,2.0,CAF,Sub-Saharan Africa
Central African Republic,"sptinc_p80p100_999_j_CF
Pre-tax national income 
P80-100 | share | all ages | equal split
",p80p100,1998,0.7743,2.0,CAF,Sub-Saharan Africa
Central African Republic,"sptinc_p80p100_999_j_CF
Pre-tax national income 
P80-100 | share | all ages | equal split
",p80p100,1999,0.7733,2.0,CAF,Sub-Saharan Africa
Central African Republic,"sptinc_p80p100_999_j_CF
Pre-tax national income 
P80-100 | share | all ages | equal split
",p80p100,2000,0.7723,2.0,CAF,Sub-Saharan Africa
Central African Republic,"sptinc_p80p100_999_j_CF
Pre-tax national income 
P80-100 | share | all ages | equal split
",p80p100,2001,0.7713,2.0,CAF,Sub-Saharan Africa
Central African Republic,"sptinc_p80p100_999_j_CF
Pre-tax national income 
P80-100 | share | all ages | equal split
",p80p100,2002,0.7703,2.0,CAF,Sub-Saharan Africa
Central African Republic,"sptinc_p80p100_999_j_CF
Pre-tax national income 
P80-100 | share | all ages | equal split
",p80p100,2003,0.7694000000000001,2.0,CAF,Sub-Saharan Africa
Central African Republic,"sptinc_p80p100_999_j_CF
Pre-tax national income 
P80-100 | share | all ages | equal split
",p80p100,2004,0.7684000000000001,2.0,CAF,Sub-Saharan Africa
Central African Republic,"sptinc_p80p100_999_j_CF
Pre-tax national income 
P80-100 | share | all ages | equal split
",p80p100,2005,0.7674000000000001,2.0,CAF,Sub-Saharan Africa
Central African Republic,"sptinc_p80p100_999_j_CF
Pre-tax national income 
P80-100 | share | all ages | equal split
",p80p100,2006,0.7664000000000001,2.0,CAF,Sub-Saharan Africa
Central African Republic,"sptinc_p80p100_999_j_CF
Pre-tax national income 
P80-100 | share | all ages | equal split
",p80p100,2007,0.7654000000000001,2.0,CAF,Sub-Saharan Africa
Central African Republic,"sptinc_p80p100_999_j_CF
Pre-tax national income 
P80-100 | share | all ages | equal split
",p80p100,2008,0.7645000000000001,3.0,CAF,Sub-Saharan Africa
Central African Republic,"sptinc_p80p100_999_j_CF
Pre-tax national income 
P80-100 | share | all ages | equal split
",p80p100,2009,0.7558,2.0,CAF,Sub-Saharan Africa
Central African Republic,"sptinc_p80p100_999_j_CF
Pre-tax national income 
P80-100 | share | all ages | equal split
",p80p100,2010,0.7472000000000001,2.0,CAF,Sub-Saharan Africa
Central African Republic,"sptinc_p80p100_999_j_CF
Pre-tax national income 
P80-100 | share | all ages | equal split
",p80p100,2011,0.7386,2.0,CAF,Sub-Saharan Africa
Central African Republic,"sptinc_p80p100_999_j_CF
Pre-tax national income 
P80-100 | share | all ages | equal split
",p80p100,2012,0.7299,2.0,CAF,Sub-Saharan Africa
Central African Republic,"sptinc_p80p100_999_j_CF
Pre-tax national income 
P80-100 | share | all ages | equal split
",p80p100,2013,0.7213,2.0,CAF,Sub-Saharan Africa
Central African Republic,"sptinc_p80p100_999_j_CF
Pre-tax national income 
P80-100 | share | all ages | equal split
",p80p100,2014,0.7126,2.0,CAF,Sub-Saharan Africa
Central African Republic,"sptinc_p80p100_999_j_CF
Pre-tax national income 
P80-100 | share | all ages | equal split
",p80p100,2015,0.7040000000000001,2.0,CAF,Sub-Saharan Africa
Central African Republic,"sptinc_p80p100_999_j_CF
Pre-tax national income 
P80-100 | share | all ages | equal split
",p80p100,2016,0.6953,2.0,CAF,Sub-Saharan Africa
Central African Republic,"sptinc_p80p100_999_j_CF
Pre-tax national income 
P80-100 | share | all ages | equal split
",p80p100,2017,0.6866,2.0,CAF,Sub-Saharan Africa
Central African Republic,"sptinc_p80p100_999_j_CF
Pre-tax national income 
P80-100 | share | all ages | equal split
",p80p100,2018,0.6779000000000001,2.0,CAF,Sub-Saharan Africa
Central African Republic,"sptinc_p80p100_999_j_CF
Pre-tax national income 
P80-100 | share | all ages | equal split
",p80p100,2019,0.6693,2.0,CAF,Sub-Saharan Africa
Central African Republic,"sptinc_p80p100_999_j_CF
Pre-tax national income 
P80-100 | share | all ages | equal split
",p80p100,2020,0.6606000000000001,2.0,CAF,Sub-Saharan Africa
Central African Republic,"sptinc_p80p100_999_j_CF
Pre-tax national income 
P80-100 | share | all ages | equal split
",p80p100,2021,0.6519,3.0,CAF,Sub-Saharan Africa
Central African Republic,"sptinc_p80p100_999_j_CF
Pre-tax national income 
P80-100 | share | all ages | equal split
",p80p100,2022,0.6519,1.0,CAF,Sub-Saharan Africa
Central African Republic,"sptinc_p80p100_999_j_CF
Pre-tax national income 
P80-100 | share | all ages | equal split
",p80p100,2023,0.6519,1.0,CAF,Sub-Saharan Africa
Central African Republic,"sptinc_p80p100_999_j_CF
Pre-tax national income 
P80-100 | share | all ages | equal split
",p80p100,2024,0.6519,1.0,CAF,Sub-Saharan Africa
Chile,"sptinc_p80p100_999_j_CL
Pre-tax national income 
P80-100 | share | all ages | equal split
",p80p100,1960,0.7286,0.0,CHL,Latin America & Caribbean
Chile,"sptinc_p80p100_999_j_CL
Pre-tax national income 
P80-100 | share | all ages | equal split
",p80p100,1964,0.7196,3.0,CHL,Latin America & Caribbean
Chile,"sptinc_p80p100_999_j_CL
Pre-tax national income 
P80-100 | share | all ages | equal split
",p80p100,1965,0.7185,3.0,CHL,Latin America & Caribbean
Chile,"sptinc_p80p100_999_j_CL
Pre-tax national income 
P80-100 | share | all ages | equal split
",p80p100,1966,0.7184,3.0,CHL,Latin America & Caribbean
Chile,"sptinc_p80p100_999_j_CL
Pre-tax national income 
P80-100 | share | all ages | equal split
",p80p100,1967,0.7154,3.0,CHL,Latin America & Caribbean
Chile,"sptinc_p80p100_999_j_CL
Pre-tax national income 
P80-100 | share | all ages | equal split
",p80p100,1968,0.7116,3.0,CHL,Latin America & Caribbean
Chile,"sptinc_p80p100_999_j_CL
Pre-tax national income 
P80-100 | share | all ages | equal split
",p80p100,1969,0.7076,3.0,CHL,Latin America & Caribbean
Chile,"sptinc_p80p100_999_j_CL
Pre-tax national income 
P80-100 | share | all ages | equal split
",p80p100,1970,0.7069000000000001,3.0,CHL,Latin America & Caribbean
Chile,"sptinc_p80p100_999_j_CL
Pre-tax national income 
P80-100 | share | all ages | equal split
",p80p100,1971,0.7130000000000001,3.0,CHL,Latin America & Caribbean
Chile,"sptinc_p80p100_999_j_CL
Pre-tax national income 
P80-100 | share | all ages | equal split
",p80p100,1972,0.7161000000000001,3.0,CHL,Latin America & Caribbean
Chile,"sptinc_p80p100_999_j_CL
Pre-tax national income 
P80-100 | share | all ages | equal split
",p80p100,1973,0.7177,3.0,CHL,Latin America & Caribbean
Chile,"sptinc_p80p100_999_j_CL
Pre-tax national income 
P80-100 | share | all ages | equal split
",p80p100,1974,0.7234,3.0,CHL,Latin America & Caribbean
Chile,"sptinc_p80p100_999_j_CL
Pre-tax national income 
P80-100 | share | all ages | equal split
",p80p100,1976,0.7321000000000001,3.0,CHL,Latin America & Caribbean
Chile,"sptinc_p80p100_999_j_CL
Pre-tax national income 
P80-100 | share | all ages | equal split
",p80p100,1978,0.7432000000000001,3.0,CHL,Latin America & Caribbean
Chile,"sptinc_p80p100_999_j_CL
Pre-tax national income 
P80-100 | share | all ages | equal split
",p80p100,1979,0.746,3.0,CHL,Latin America & Caribbean
Chile,"sptinc_p80p100_999_j_CL
Pre-tax national income 
P80-100 | share | all ages | equal split
",p80p100,1980,0.7545000000000001,1.0,CHL,Latin America & Caribbean
Chile,"sptinc_p80p100_999_j_CL
Pre-tax national income 
P80-100 | share | all ages | equal split
",p80p100,1981,0.7545000000000001,1.0,CHL,Latin America & Caribbean
Chile,"sptinc_p80p100_999_j_CL
Pre-tax national income 
P80-100 | share | all ages | equal split
",p80p100,1982,0.7545000000000001,1.0,CHL,Latin America & Caribbean
Chile,"sptinc_p80p100_999_j_CL
Pre-tax national income 
P80-100 | share | all ages | equal split
",p80p100,1983,0.7545000000000001,1.0,CHL,Latin America & Caribbean
Chile,"sptinc_p80p100_999_j_CL
Pre-tax national income 
P80-100 | share | all ages | equal split
",p80p100,1984,0.7545000000000001,1.0,CHL,Latin America & Caribbean
Chile,"sptinc_p80p100_999_j_CL
Pre-tax national income 
P80-100 | share | all ages | equal split
",p80p100,1985,0.7545000000000001,1.0,CHL,Latin America & Caribbean
Chile,"sptinc_p80p100_999_j_CL
Pre-tax national income 
P80-100 | share | all ages | equal split
",p80p100,1986,0.7545000000000001,1.0,CHL,Latin America & Caribbean
Chile,"sptinc_p80p100_999_j_CL
Pre-tax national income 
P80-100 | share | all ages | equal split
",p80p100,1987,0.7545000000000001,1.0,CHL,Latin America & Caribbean
Chile,"sptinc_p80p100_999_j_CL
Pre-tax national income 
P80-100 | share | all ages | equal split
",p80p100,1988,0.7545000000000001,1.0,CHL,Latin America & Caribbean
Chile,"sptinc_p80p100_999_j_CL
Pre-tax national income 
P80-100 | share | all ages | equal split
",p80p100,1989,0.7545000000000001,1.0,CHL,Latin America & Caribbean
Chile,"sptinc_p80p100_999_j_CL
Pre-tax national income 
P80-100 | share | all ages | equal split
",p80p100,1990,0.7545000000000001,1.0,CHL,Latin America & Caribbean
Chile,"sptinc_p80p100_999_j_CL
Pre-tax national income 
P80-100 | share | all ages | equal split
",p80p100,1991,0.7545000000000001,1.0,CHL,Latin America & Caribbean
Chile,"sptinc_p80p100_999_j_CL
Pre-tax national income 
P80-100 | share | all ages | equal split
",p80p100,1992,0.7545000000000001,1.0,CHL,Latin America & Caribbean
Chile,"sptinc_p80p100_999_j_CL
Pre-tax national income 
P80-100 | share | all ages | equal split
",p80p100,1993,0.7545000000000001,1.0,CHL,Latin America & Caribbean
Chile,"sptinc_p80p100_999_j_CL
Pre-tax national income 
P80-100 | share | all ages | equal split
",p80p100,1994,0.7545000000000001,1.0,CHL,Latin America & Caribbean
Chile,"sptinc_p80p100_999_j_CL
Pre-tax national income 
P80-100 | share | all ages | equal split
",p80p100,1995,0.7545000000000001,1.0,CHL,Latin America & Caribbean
Chile,"sptinc_p80p100_999_j_CL
Pre-tax national income 
P80-100 | share | all ages | equal split
",p80p100,1996,0.7545000000000001,1.0,CHL,Latin America & Caribbean
Chile,"sptinc_p80p100_999_j_CL
Pre-tax national income 
P80-100 | share | all ages | equal split
",p80p100,1997,0.7545000000000001,1.0,CHL,Latin America & Caribbean
Chile,"sptinc_p80p100_999_j_CL
Pre-tax national income 
P80-100 | share | all ages | equal split
",p80p100,1998,0.7545000000000001,1.0,CHL,Latin America & Caribbean
Chile,"sptinc_p80p100_999_j_CL
Pre-tax national income 
P80-100 | share | all ages | equal split
",p80p100,1999,0.7545000000000001,1.0,CHL,Latin America & Caribbean
Chile,"sptinc_p80p100_999_j_CL
Pre-tax national income 
P80-100 | share | all ages | equal split
",p80p100,2000,0.7545000000000001,3.0,CHL,Latin America & Caribbean
Chile,"sptinc_p80p100_999_j_CL
Pre-tax national income 
P80-100 | share | all ages | equal split
",p80p100,2001,0.7474000000000001,2.0,CHL,Latin America & Caribbean
Chile,"sptinc_p80p100_999_j_CL
Pre-tax national income 
P80-100 | share | all ages | equal split
",p80p100,2002,0.7402000000000001,2.0,CHL,Latin America & Caribbean
Chile,"sptinc_p80p100_999_j_CL
Pre-tax national income 
P80-100 | share | all ages | equal split
",p80p100,2003,0.7331000000000001,3.0,CHL,Latin America & Caribbean
Chile,"sptinc_p80p100_999_j_CL
Pre-tax national income 
P80-100 | share | all ages | equal split
",p80p100,2004,0.744,2.0,CHL,Latin America & Caribbean
Chile,"sptinc_p80p100_999_j_CL
Pre-tax national income 
P80-100 | share | all ages | equal split
",p80p100,2005,0.7549,2.0,CHL,Latin America & Caribbean
Chile,"sptinc_p80p100_999_j_CL
Pre-tax national income 
P80-100 | share | all ages | equal split
",p80p100,2006,0.7658,4.0,CHL,Latin America & Caribbean
Chile,"sptinc_p80p100_999_j_CL
Pre-tax national income 
P80-100 | share | all ages | equal split
",p80p100,2007,0.7636000000000001,2.0,CHL,Latin America & Caribbean
Chile,"sptinc_p80p100_999_j_CL
Pre-tax national income 
P80-100 | share | all ages | equal split
",p80p100,2008,0.7614000000000001,2.0,CHL,Latin America & Caribbean
Chile,"sptinc_p80p100_999_j_CL
Pre-tax national income 
P80-100 | share | all ages | equal split
",p80p100,2009,0.7593000000000001,4.0,CHL,Latin America & Caribbean
Chile,"sptinc_p80p100_999_j_CL
Pre-tax national income 
P80-100 | share | all ages | equal split
",p80p100,2010,0.7772,2.0,CHL,Latin America & Caribbean
Chile,"sptinc_p80p100_999_j_CL
Pre-tax national income 
P80-100 | share | all ages | equal split
",p80p100,2011,0.7951,4.0,CHL,Latin America & Caribbean
Chile,"sptinc_p80p100_999_j_CL
Pre-tax national income 
P80-100 | share | all ages | equal split
",p80p100,2012,0.786,2.0,CHL,Latin America & Caribbean
Chile,"sptinc_p80p100_999_j_CL
Pre-tax national income 
P80-100 | share | all ages | equal split
",p80p100,2013,0.7768,4.0,CHL,Latin America & Caribbean
Chile,"sptinc_p80p100_999_j_CL
Pre-tax national income 
P80-100 | share | all ages | equal split
",p80p100,2014,0.7735000000000001,2.0,CHL,Latin America & Caribbean
Chile,"sptinc_p80p100_999_j_CL
Pre-tax national income 
P80-100 | share | all ages | equal split
",p80p100,2015,0.7701,4.0,CHL,Latin America & Caribbean
Chile,"sptinc_p80p100_999_j_CL
Pre-tax national income 
P80-100 | share | all ages | equal split
",p80p100,2016,0.7628,2.0,CHL,Latin America & Caribbean
Chile,"sptinc_p80p100_999_j_CL
Pre-tax national income 
P80-100 | share | all ages | equal split
",p80p100,2017,0.7556,4.0,CHL,Latin America & Caribbean
Chile,"sptinc_p80p100_999_j_CL
Pre-tax national income 
P80-100 | share | all ages | equal split
",p80p100,2018,0.7477,2.0,CHL,Latin America & Caribbean
Chile,"sptinc_p80p100_999_j_CL
Pre-tax national income 
P80-100 | share | all ages | equal split
",p80p100,2019,0.7397,2.0,CHL,Latin America & Caribbean
Chile,"sptinc_p80p100_999_j_CL
Pre-tax national income 
P80-100 | share | all ages | equal split
",p80p100,2020,0.7318,4.0,CHL,Latin America & Caribbean
Chile,"sptinc_p80p100_999_j_CL
Pre-tax national income 
P80-100 | share | all ages | equal split
",p80p100,2021,0.731,2.0,CHL,Latin America & Caribbean
Chile,"sptinc_p80p100_999_j_CL
Pre-tax national income 
P80-100 | share | all ages | equal split
",p80p100,2022,0.7302000000000001,4.0,CHL,Latin America & Caribbean
Chile,"sptinc_p80p100_999_j_CL
Pre-tax national income 
P80-100 | share | all ages | equal split
",p80p100,2023,0.7302000000000001,1.0,CHL,Latin America & Caribbean
Chile,"sptinc_p80p100_999_j_CL
Pre-tax national income 
P80-100 | share | all ages | equal split
",p80p100,2024,0.7302000000000001,1.0,CHL,Latin America & Caribbean
China,"sptinc_p80p100_999_j_CN
Pre-tax national income 
P80-100 | share | all ages | equal split
",p80p100,1960,0.4255,0.0,CHN,East Asia
China,"sptinc_p80p100_999_j_CN
Pre-tax national income 
P80-100 | share | all ages | equal split
",p80p100,1970,0.4255,0.0,CHN,East Asia
China,"sptinc_p80p100_999_j_CN
Pre-tax national income 
P80-100 | share | all ages | equal split
",p80p100,1978,0.4046,3.0,CHN,East Asia
China,"sptinc_p80p100_999_j_CN
Pre-tax national income 
P80-100 | share | all ages | equal split
",p80p100,1979,0.405,3.0,CHN,East Asia
China,"sptinc_p80p100_999_j_CN
Pre-tax national income 
P80-100 | share | all ages | equal split
",p80p100,1980,0.4166,3.0,CHN,East Asia
China,"sptinc_p80p100_999_j_CN
Pre-tax national income 
P80-100 | share | all ages | equal split
",p80p100,1981,0.4209,3.0,CHN,East Asia
China,"sptinc_p80p100_999_j_CN
Pre-tax national income 
P80-100 | share | all ages | equal split
",p80p100,1982,0.4167,3.0,CHN,East Asia
China,"sptinc_p80p100_999_j_CN
Pre-tax national income 
P80-100 | share | all ages | equal split
",p80p100,1983,0.4254,3.0,CHN,East Asia
China,"sptinc_p80p100_999_j_CN
Pre-tax national income 
P80-100 | share | all ages | equal split
",p80p100,1984,0.4299,3.0,CHN,East Asia
China,"sptinc_p80p100_999_j_CN
Pre-tax national income 
P80-100 | share | all ages | equal split
",p80p100,1985,0.4372,3.0,CHN,East Asia
China,"sptinc_p80p100_999_j_CN
Pre-tax national income 
P80-100 | share | all ages | equal split
",p80p100,1986,0.4386,3.0,CHN,East Asia
China,"sptinc_p80p100_999_j_CN
Pre-tax national income 
P80-100 | share | all ages | equal split
",p80p100,1987,0.441,3.0,CHN,East Asia
China,"sptinc_p80p100_999_j_CN
Pre-tax national income 
P80-100 | share | all ages | equal split
",p80p100,1988,0.4446,3.0,CHN,East Asia
China,"sptinc_p80p100_999_j_CN
Pre-tax national income 
P80-100 | share | all ages | equal split
",p80p100,1989,0.4527,3.0,CHN,East Asia
China,"sptinc_p80p100_999_j_CN
Pre-tax national income 
P80-100 | share | all ages | equal split
",p80p100,1990,0.4496,3.0,CHN,East Asia
China,"sptinc_p80p100_999_j_CN
Pre-tax national income 
P80-100 | share | all ages | equal split
",p80p100,1991,0.4628,3.0,CHN,East Asia
China,"sptinc_p80p100_999_j_CN
Pre-tax national income 
P80-100 | share | all ages | equal split
",p80p100,1992,0.4773,3.0,CHN,East Asia
China,"sptinc_p80p100_999_j_CN
Pre-tax national income 
P80-100 | share | all ages | equal split
",p80p100,1993,0.4918,3.0,CHN,East Asia
China,"sptinc_p80p100_999_j_CN
Pre-tax national income 
P80-100 | share | all ages | equal split
",p80p100,1994,0.4974,3.0,CHN,East Asia
China,"sptinc_p80p100_999_j_CN
Pre-tax national income 
P80-100 | share | all ages | equal split
",p80p100,1995,0.4916,3.0,CHN,East Asia
China,"sptinc_p80p100_999_j_CN
Pre-tax national income 
P80-100 | share | all ages | equal split
",p80p100,1996,0.4867,3.0,CHN,East Asia
China,"sptinc_p80p100_999_j_CN
Pre-tax national income 
P80-100 | share | all ages | equal split
",p80p100,1997,0.4865,3.0,CHN,East Asia
China,"sptinc_p80p100_999_j_CN
Pre-tax national income 
P80-100 | share | all ages | equal split
",p80p100,1998,0.4878,3.0,CHN,East Asia
China,"sptinc_p80p100_999_j_CN
Pre-tax national income 
P80-100 | share | all ages | equal split
",p80p100,1999,0.4965,3.0,CHN,East Asia
China,"sptinc_p80p100_999_j_CN
Pre-tax national income 
P80-100 | share | all ages | equal split
",p80p100,2000,0.5124000000000001,3.0,CHN,East Asia
China,"sptinc_p80p100_999_j_CN
Pre-tax national income 
P80-100 | share | all ages | equal split
",p80p100,2001,0.5212,3.0,CHN,East Asia
China,"sptinc_p80p100_999_j_CN
Pre-tax national income 
P80-100 | share | all ages | equal split
",p80p100,2002,0.5495,3.0,CHN,East Asia
China,"sptinc_p80p100_999_j_CN
Pre-tax national income 
P80-100 | share | all ages | equal split
",p80p100,2003,0.5578000000000001,3.0,CHN,East Asia
China,"sptinc_p80p100_999_j_CN
Pre-tax national income 
P80-100 | share | all ages | equal split
",p80p100,2004,0.5614,3.0,CHN,East Asia
China,"sptinc_p80p100_999_j_CN
Pre-tax national income 
P80-100 | share | all ages | equal split
",p80p100,2005,0.5734,3.0,CHN,East Asia
China,"sptinc_p80p100_999_j_CN
Pre-tax national income 
P80-100 | share | all ages | equal split
",p80p100,2006,0.5741,3.0,CHN,East Asia
China,"sptinc_p80p100_999_j_CN
Pre-tax national income 
P80-100 | share | all ages | equal split
",p80p100,2007,0.5770000000000001,3.0,CHN,East Asia
China,"sptinc_p80p100_999_j_CN
Pre-tax national income 
P80-100 | share | all ages | equal split
",p80p100,2008,0.5773,3.0,CHN,East Asia
China,"sptinc_p80p100_999_j_CN
Pre-tax national income 
P80-100 | share | all ages | equal split
",p80p100,2009,0.5773,3.0,CHN,East Asia
China,"sptinc_p80p100_999_j_CN
Pre-tax national income 
P80-100 | share | all ages | equal split
",p80p100,2010,0.5820000000000001,4.0,CHN,East Asia
China,"sptinc_p80p100_999_j_CN
Pre-tax national income 
P80-100 | share | all ages | equal split
",p80p100,2011,0.5823,4.0,CHN,East Asia
China,"sptinc_p80p100_999_j_CN
Pre-tax national income 
P80-100 | share | all ages | equal split
",p80p100,2012,0.5701,4.0,CHN,East Asia
China,"sptinc_p80p100_999_j_CN
Pre-tax national income 
P80-100 | share | all ages | equal split
",p80p100,2013,0.5789000000000001,4.0,CHN,East Asia
China,"sptinc_p80p100_999_j_CN
Pre-tax national income 
P80-100 | share | all ages | equal split
",p80p100,2014,0.5709000000000001,4.0,CHN,East Asia
China,"sptinc_p80p100_999_j_CN
Pre-tax national income 
P80-100 | share | all ages | equal split
",p80p100,2015,0.5715,4.0,CHN,East Asia
China,"sptinc_p80p100_999_j_CN
Pre-tax national income 
P80-100 | share | all ages | equal split
",p80p100,2016,0.5716,2.0,CHN,East Asia
China,"sptinc_p80p100_999_j_CN
Pre-tax national income 
P80-100 | share | all ages | equal split
",p80p100,2017,0.5794,2.0,CHN,East Asia
China,"sptinc_p80p100_999_j_CN
Pre-tax national income 
P80-100 | share | all ages | equal split
",p80p100,2018,0.5772,2.0,CHN,East Asia
China,"sptinc_p80p100_999_j_CN
Pre-tax national income 
P80-100 | share | all ages | equal split
",p80p100,2019,0.5759000000000001,2.0,CHN,East Asia
China,"sptinc_p80p100_999_j_CN
Pre-tax national income 
P80-100 | share | all ages | equal split
",p80p100,2020,0.5822,2.0,CHN,East Asia
China,"sptinc_p80p100_999_j_CN
Pre-tax national income 
P80-100 | share | all ages | equal split
",p80p100,2021,0.5833,2.0,CHN,East Asia
China,"sptinc_p80p100_999_j_CN
Pre-tax national income 
P80-100 | share | all ages | equal split
",p80p100,2022,0.5861000000000001,2.0,CHN,East Asia
China,"sptinc_p80p100_999_j_CN
Pre-tax national income 
P80-100 | share | all ages | equal split
",p80p100,2023,0.5861000000000001,1.0,CHN,East Asia
China,"sptinc_p80p100_999_j_CN
Pre-tax national income 
P80-100 | share | all ages | equal split
",p80p100,2024,0.5861000000000001,1.0,CHN,East Asia
Colombia,"sptinc_p80p100_999_j_CO
Pre-tax national income 
P80-100 | share | all ages | equal split
",p80p100,1960,0.6763,0.0,COL,Latin America & Caribbean
Colombia,"sptinc_p80p100_999_j_CO
Pre-tax national income 
P80-100 | share | all ages | equal split
",p80p100,1970,0.6784,0.0,COL,Latin America & Caribbean
Colombia,"sptinc_p80p100_999_j_CO
Pre-tax national income 
P80-100 | share | all ages | equal split
",p80p100,1980,0.7638,1.0,COL,Latin America & Caribbean
Colombia,"sptinc_p80p100_999_j_CO
Pre-tax national income 
P80-100 | share | all ages | equal split
",p80p100,1981,0.7638,1.0,COL,Latin America & Caribbean
Colombia,"sptinc_p80p100_999_j_CO
Pre-tax national income 
P80-100 | share | all ages | equal split
",p80p100,1982,0.7638,1.0,COL,Latin America & Caribbean
Colombia,"sptinc_p80p100_999_j_CO
Pre-tax national income 
P80-100 | share | all ages | equal split
",p80p100,1983,0.7638,1.0,COL,Latin America & Caribbean
Colombia,"sptinc_p80p100_999_j_CO
Pre-tax national income 
P80-100 | share | all ages | equal split
",p80p100,1984,0.7638,1.0,COL,Latin America & Caribbean
Colombia,"sptinc_p80p100_999_j_CO
Pre-tax national income 
P80-100 | share | all ages | equal split
",p80p100,1985,0.7638,1.0,COL,Latin America & Caribbean
Colombia,"sptinc_p80p100_999_j_CO
Pre-tax national income 
P80-100 | share | all ages | equal split
",p80p100,1986,0.7638,1.0,COL,Latin America & Caribbean
Colombia,"sptinc_p80p100_999_j_CO
Pre-tax national income 
P80-100 | share | all ages | equal split
",p80p100,1987,0.7638,1.0,COL,Latin America & Caribbean
Colombia,"sptinc_p80p100_999_j_CO
Pre-tax national income 
P80-100 | share | all ages | equal split
",p80p100,1988,0.7638,1.0,COL,Latin America & Caribbean
Colombia,"sptinc_p80p100_999_j_CO
Pre-tax national income 
P80-100 | share | all ages | equal split
",p80p100,1989,0.7638,1.0,COL,Latin America & Caribbean
Colombia,"sptinc_p80p100_999_j_CO
Pre-tax national income 
P80-100 | share | all ages | equal split
",p80p100,1990,0.7638,1.0,COL,Latin America & Caribbean
Colombia,"sptinc_p80p100_999_j_CO
Pre-tax national income 
P80-100 | share | all ages | equal split
",p80p100,1991,0.7638,1.0,COL,Latin America & Caribbean
Colombia,"sptinc_p80p100_999_j_CO
Pre-tax national income 
P80-100 | share | all ages | equal split
",p80p100,1992,0.7638,1.0,COL,Latin America & Caribbean
Colombia,"sptinc_p80p100_999_j_CO
Pre-tax national income 
P80-100 | share | all ages | equal split
",p80p100,1993,0.7638,1.0,COL,Latin America & Caribbean
Colombia,"sptinc_p80p100_999_j_CO
Pre-tax national income 
P80-100 | share | all ages | equal split
",p80p100,1994,0.7638,1.0,COL,Latin America & Caribbean
Colombia,"sptinc_p80p100_999_j_CO
Pre-tax national income 
P80-100 | share | all ages | equal split
",p80p100,1995,0.7638,1.0,COL,Latin America & Caribbean
Colombia,"sptinc_p80p100_999_j_CO
Pre-tax national income 
P80-100 | share | all ages | equal split
",p80p100,1996,0.7638,1.0,COL,Latin America & Caribbean
Colombia,"sptinc_p80p100_999_j_CO
Pre-tax national income 
P80-100 | share | all ages | equal split
",p80p100,1997,0.7638,1.0,COL,Latin America & Caribbean
Colombia,"sptinc_p80p100_999_j_CO
Pre-tax national income 
P80-100 | share | all ages | equal split
",p80p100,1998,0.7638,1.0,COL,Latin America & Caribbean
Colombia,"sptinc_p80p100_999_j_CO
Pre-tax national income 
P80-100 | share | all ages | equal split
",p80p100,1999,0.7638,1.0,COL,Latin America & Caribbean
Colombia,"sptinc_p80p100_999_j_CO
Pre-tax national income 
P80-100 | share | all ages | equal split
",p80p100,2000,0.7638,1.0,COL,Latin America & Caribbean
Colombia,"sptinc_p80p100_999_j_CO
Pre-tax national income 
P80-100 | share | all ages | equal split
",p80p100,2001,0.7638,1.0,COL,Latin America & Caribbean
Colombia,"sptinc_p80p100_999_j_CO
Pre-tax national income 
P80-100 | share | all ages | equal split
",p80p100,2002,0.7638,3.0,COL,Latin America & Caribbean
Colombia,"sptinc_p80p100_999_j_CO
Pre-tax national income 
P80-100 | share | all ages | equal split
",p80p100,2003,0.7352000000000001,3.0,COL,Latin America & Caribbean
Colombia,"sptinc_p80p100_999_j_CO
Pre-tax national income 
P80-100 | share | all ages | equal split
",p80p100,2004,0.7474000000000001,3.0,COL,Latin America & Caribbean
Colombia,"sptinc_p80p100_999_j_CO
Pre-tax national income 
P80-100 | share | all ages | equal split
",p80p100,2005,0.7379,3.0,COL,Latin America & Caribbean
Colombia,"sptinc_p80p100_999_j_CO
Pre-tax national income 
P80-100 | share | all ages | equal split
",p80p100,2006,0.7397,2.0,COL,Latin America & Caribbean
Colombia,"sptinc_p80p100_999_j_CO
Pre-tax national income 
P80-100 | share | all ages | equal split
",p80p100,2007,0.7417,2.0,COL,Latin America & Caribbean
Colombia,"sptinc_p80p100_999_j_CO
Pre-tax national income 
P80-100 | share | all ages | equal split
",p80p100,2008,0.7436,3.0,COL,Latin America & Caribbean
Colombia,"sptinc_p80p100_999_j_CO
Pre-tax national income 
P80-100 | share | all ages | equal split
",p80p100,2009,0.7325,3.0,COL,Latin America & Caribbean
Colombia,"sptinc_p80p100_999_j_CO
Pre-tax national income 
P80-100 | share | all ages | equal split
",p80p100,2010,0.7309,3.0,COL,Latin America & Caribbean
Colombia,"sptinc_p80p100_999_j_CO
Pre-tax national income 
P80-100 | share | all ages | equal split
",p80p100,2011,0.7324,3.0,COL,Latin America & Caribbean
Colombia,"sptinc_p80p100_999_j_CO
Pre-tax national income 
P80-100 | share | all ages | equal split
",p80p100,2012,0.7161000000000001,3.0,COL,Latin America & Caribbean
Colombia,"sptinc_p80p100_999_j_CO
Pre-tax national income 
P80-100 | share | all ages | equal split
",p80p100,2013,0.7187,3.0,COL,Latin America & Caribbean
Colombia,"sptinc_p80p100_999_j_CO
Pre-tax national income 
P80-100 | share | all ages | equal split
",p80p100,2014,0.6980000000000001,4.0,COL,Latin America & Caribbean
Colombia,"sptinc_p80p100_999_j_CO
Pre-tax national income 
P80-100 | share | all ages | equal split
",p80p100,2015,0.7012,4.0,COL,Latin America & Caribbean
Colombia,"sptinc_p80p100_999_j_CO
Pre-tax national income 
P80-100 | share | all ages | equal split
",p80p100,2016,0.7036,4.0,COL,Latin America & Caribbean
Colombia,"sptinc_p80p100_999_j_CO
Pre-tax national income 
P80-100 | share | all ages | equal split
",p80p100,2017,0.7309,4.0,COL,Latin America & Caribbean
Colombia,"sptinc_p80p100_999_j_CO
Pre-tax national income 
P80-100 | share | all ages | equal split
",p80p100,2018,0.7378,4.0,COL,Latin America & Caribbean
Colombia,"sptinc_p80p100_999_j_CO
Pre-tax national income 
P80-100 | share | all ages | equal split
",p80p100,2019,0.7417,4.0,COL,Latin America & Caribbean
Colombia,"sptinc_p80p100_999_j_CO
Pre-tax national income 
P80-100 | share | all ages | equal split
",p80p100,2020,0.7653000000000001,4.0,COL,Latin America & Caribbean
Colombia,"sptinc_p80p100_999_j_CO
Pre-tax national income 
P80-100 | share | all ages | equal split
",p80p100,2021,0.7653000000000001,4.0,COL,Latin America & Caribbean
Colombia,"sptinc_p80p100_999_j_CO
Pre-tax national income 
P80-100 | share | all ages | equal split
",p80p100,2022,0.7833,4.0,COL,Latin America & Caribbean
Colombia,"sptinc_p80p100_999_j_CO
Pre-tax national income 
P80-100 | share | all ages | equal split
",p80p100,2023,0.7607,4.0,COL,Latin America & Caribbean
Colombia,"sptinc_p80p100_999_j_CO
Pre-tax national income 
P80-100 | share | all ages | equal split
",p80p100,2024,0.7607,1.0,COL,Latin America & Caribbean
Costa Rica,"sptinc_p80p100_999_j_CR
Pre-tax national income 
P80-100 | share | all ages | equal split
",p80p100,1980,0.6737000000000001,1.0,CRI,Latin America & Caribbean
Costa Rica,"sptinc_p80p100_999_j_CR
Pre-tax national income 
P80-100 | share | all ages | equal split
",p80p100,1981,0.6737000000000001,1.0,CRI,Latin America & Caribbean
Costa Rica,"sptinc_p80p100_999_j_CR
Pre-tax national income 
P80-100 | share | all ages | equal split
",p80p100,1982,0.6737000000000001,1.0,CRI,Latin America & Caribbean
Costa Rica,"sptinc_p80p100_999_j_CR
Pre-tax national income 
P80-100 | share | all ages | equal split
",p80p100,1983,0.6737000000000001,1.0,CRI,Latin America & Caribbean
Costa Rica,"sptinc_p80p100_999_j_CR
Pre-tax national income 
P80-100 | share | all ages | equal split
",p80p100,1984,0.6737000000000001,1.0,CRI,Latin America & Caribbean
Costa Rica,"sptinc_p80p100_999_j_CR
Pre-tax national income 
P80-100 | share | all ages | equal split
",p80p100,1985,0.6737000000000001,1.0,CRI,Latin America & Caribbean
Costa Rica,"sptinc_p80p100_999_j_CR
Pre-tax national income 
P80-100 | share | all ages | equal split
",p80p100,1986,0.6737000000000001,1.0,CRI,Latin America & Caribbean
Costa Rica,"sptinc_p80p100_999_j_CR
Pre-tax national income 
P80-100 | share | all ages | equal split
",p80p100,1987,0.6737000000000001,1.0,CRI,Latin America & Caribbean
Costa Rica,"sptinc_p80p100_999_j_CR
Pre-tax national income 
P80-100 | share | all ages | equal split
",p80p100,1988,0.6737000000000001,1.0,CRI,Latin America & Caribbean
Costa Rica,"sptinc_p80p100_999_j_CR
Pre-tax national income 
P80-100 | share | all ages | equal split
",p80p100,1989,0.6737000000000001,1.0,CRI,Latin America & Caribbean
Costa Rica,"sptinc_p80p100_999_j_CR
Pre-tax national income 
P80-100 | share | all ages | equal split
",p80p100,1990,0.6737000000000001,1.0,CRI,Latin America & Caribbean
Costa Rica,"sptinc_p80p100_999_j_CR
Pre-tax national income 
P80-100 | share | all ages | equal split
",p80p100,1991,0.6737000000000001,1.0,CRI,Latin America & Caribbean
Costa Rica,"sptinc_p80p100_999_j_CR
Pre-tax national income 
P80-100 | share | all ages | equal split
",p80p100,1992,0.6737000000000001,1.0,CRI,Latin America & Caribbean
Costa Rica,"sptinc_p80p100_999_j_CR
Pre-tax national income 
P80-100 | share | all ages | equal split
",p80p100,1993,0.6737000000000001,1.0,CRI,Latin America & Caribbean
Costa Rica,"sptinc_p80p100_999_j_CR
Pre-tax national income 
P80-100 | share | all ages | equal split
",p80p100,1994,0.6737000000000001,1.0,CRI,Latin America & Caribbean
Costa Rica,"sptinc_p80p100_999_j_CR
Pre-tax national income 
P80-100 | share | all ages | equal split
",p80p100,1995,0.6737000000000001,1.0,CRI,Latin America & Caribbean
Costa Rica,"sptinc_p80p100_999_j_CR
Pre-tax national income 
P80-100 | share | all ages | equal split
",p80p100,1996,0.6737000000000001,1.0,CRI,Latin America & Caribbean
Costa Rica,"sptinc_p80p100_999_j_CR
Pre-tax national income 
P80-100 | share | all ages | equal split
",p80p100,1997,0.6737000000000001,1.0,CRI,Latin America & Caribbean
Costa Rica,"sptinc_p80p100_999_j_CR
Pre-tax national income 
P80-100 | share | all ages | equal split
",p80p100,1998,0.6737000000000001,1.0,CRI,Latin America & Caribbean
Costa Rica,"sptinc_p80p100_999_j_CR
Pre-tax national income 
P80-100 | share | all ages | equal split
",p80p100,1999,0.6737000000000001,1.0,CRI,Latin America & Caribbean
Costa Rica,"sptinc_p80p100_999_j_CR
Pre-tax national income 
P80-100 | share | all ages | equal split
",p80p100,2000,0.6737000000000001,3.0,CRI,Latin America & Caribbean
Costa Rica,"sptinc_p80p100_999_j_CR
Pre-tax national income 
P80-100 | share | all ages | equal split
",p80p100,2001,0.6737000000000001,5.0,CRI,Latin America & Caribbean
Costa Rica,"sptinc_p80p100_999_j_CR
Pre-tax national income 
P80-100 | share | all ages | equal split
",p80p100,2002,0.6737000000000001,5.0,CRI,Latin America & Caribbean
Costa Rica,"sptinc_p80p100_999_j_CR
Pre-tax national income 
P80-100 | share | all ages | equal split
",p80p100,2003,0.6737000000000001,5.0,CRI,Latin America & Caribbean
Costa Rica,"sptinc_p80p100_999_j_CR
Pre-tax national income 
P80-100 | share | all ages | equal split
",p80p100,2004,0.6737000000000001,5.0,CRI,Latin America & Caribbean
Costa Rica,"sptinc_p80p100_999_j_CR
Pre-tax national income 
P80-100 | share | all ages | equal split
",p80p100,2005,0.6737000000000001,5.0,CRI,Latin America & Caribbean
Costa Rica,"sptinc_p80p100_999_j_CR
Pre-tax national income 
P80-100 | share | all ages | equal split
",p80p100,2006,0.6737000000000001,5.0,CRI,Latin America & Caribbean
Costa Rica,"sptinc_p80p100_999_j_CR
Pre-tax national income 
P80-100 | share | all ages | equal split
",p80p100,2007,0.6737000000000001,5.0,CRI,Latin America & Caribbean
Costa Rica,"sptinc_p80p100_999_j_CR
Pre-tax national income 
P80-100 | share | all ages | equal split
",p80p100,2008,0.6737000000000001,5.0,CRI,Latin America & Caribbean
Costa Rica,"sptinc_p80p100_999_j_CR
Pre-tax national income 
P80-100 | share | all ages | equal split
",p80p100,2009,0.6737000000000001,5.0,CRI,Latin America & Caribbean
Costa Rica,"sptinc_p80p100_999_j_CR
Pre-tax national income 
P80-100 | share | all ages | equal split
",p80p100,2010,0.6737000000000001,5.0,CRI,Latin America & Caribbean
Costa Rica,"sptinc_p80p100_999_j_CR
Pre-tax national income 
P80-100 | share | all ages | equal split
",p80p100,2011,0.678,5.0,CRI,Latin America & Caribbean
Costa Rica,"sptinc_p80p100_999_j_CR
Pre-tax national income 
P80-100 | share | all ages | equal split
",p80p100,2012,0.6714,5.0,CRI,Latin America & Caribbean
Costa Rica,"sptinc_p80p100_999_j_CR
Pre-tax national income 
P80-100 | share | all ages | equal split
",p80p100,2013,0.6917,5.0,CRI,Latin America & Caribbean
Costa Rica,"sptinc_p80p100_999_j_CR
Pre-tax national income 
P80-100 | share | all ages | equal split
",p80p100,2014,0.6865,5.0,CRI,Latin America & Caribbean
Costa Rica,"sptinc_p80p100_999_j_CR
Pre-tax national income 
P80-100 | share | all ages | equal split
",p80p100,2015,0.6947,5.0,CRI,Latin America & Caribbean
Costa Rica,"sptinc_p80p100_999_j_CR
Pre-tax national income 
P80-100 | share | all ages | equal split
",p80p100,2016,0.7000000000000001,5.0,CRI,Latin America & Caribbean
Costa Rica,"sptinc_p80p100_999_j_CR
Pre-tax national income 
P80-100 | share | all ages | equal split
",p80p100,2017,0.6867000000000001,3.0,CRI,Latin America & Caribbean
Costa Rica,"sptinc_p80p100_999_j_CR
Pre-tax national income 
P80-100 | share | all ages | equal split
",p80p100,2018,0.6834,3.0,CRI,Latin America & Caribbean
Costa Rica,"sptinc_p80p100_999_j_CR
Pre-tax national income 
P80-100 | share | all ages | equal split
",p80p100,2019,0.7051000000000001,3.0,CRI,Latin America & Caribbean
Costa Rica,"sptinc_p80p100_999_j_CR
Pre-tax national income 
P80-100 | share | all ages | equal split
",p80p100,2020,0.7268,3.0,CRI,Latin America & Caribbean
Costa Rica,"sptinc_p80p100_999_j_CR
Pre-tax national income 
P80-100 | share | all ages | equal split
",p80p100,2021,0.7208,3.0,CRI,Latin America & Caribbean
Costa Rica,"sptinc_p80p100_999_j_CR
Pre-tax national income 
P80-100 | share | all ages | equal split
",p80p100,2022,0.664,3.0,CRI,Latin America & Caribbean
Costa Rica,"sptinc_p80p100_999_j_CR
Pre-tax national income 
P80-100 | share | all ages | equal split
",p80p100,2023,0.6622,3.0,CRI,Latin America & Caribbean
Costa Rica,"sptinc_p80p100_999_j_CR
Pre-tax national income 
P80-100 | share | all ages | equal split
",p80p100,2024,0.6622,1.0,CRI,Latin America & Caribbean
Cote d’Ivoire,"sptinc_p80p100_999_j_CI
Pre-tax national income 
P80-100 | share | all ages | equal split
",p80p100,1960,0.7368,0.0,CIV,Sub-Saharan Africa
Cote d’Ivoire,"sptinc_p80p100_999_j_CI
Pre-tax national income 
P80-100 | share | all ages | equal split
",p80p100,1970,0.7402000000000001,0.0,CIV,Sub-Saharan Africa
Cote d’Ivoire,"sptinc_p80p100_999_j_CI
Pre-tax national income 
P80-100 | share | all ages | equal split
",p80p100,1980,0.6742,1.0,CIV,Sub-Saharan Africa
Cote d’Ivoire,"sptinc_p80p100_999_j_CI
Pre-tax national income 
P80-100 | share | all ages | equal split
",p80p100,1981,0.6742,1.0,CIV,Sub-Saharan Africa
Cote d’Ivoire,"sptinc_p80p100_999_j_CI
Pre-tax national income 
P80-100 | share | all ages | equal split
",p80p100,1982,0.6742,1.0,CIV,Sub-Saharan Africa
Cote d’Ivoire,"sptinc_p80p100_999_j_CI
Pre-tax national income 
P80-100 | share | all ages | equal split
",p80p100,1983,0.6742,1.0,CIV,Sub-Saharan Africa
Cote d’Ivoire,"sptinc_p80p100_999_j_CI
Pre-tax national income 
P80-100 | share | all ages | equal split
",p80p100,1984,0.6742,1.0,CIV,Sub-Saharan Africa
Cote d’Ivoire,"sptinc_p80p100_999_j_CI
Pre-tax national income 
P80-100 | share | all ages | equal split
",p80p100,1985,0.6742,3.0,CIV,Sub-Saharan Africa
Cote d’Ivoire,"sptinc_p80p100_999_j_CI
Pre-tax national income 
P80-100 | share | all ages | equal split
",p80p100,1986,0.6157,2.0,CIV,Sub-Saharan Africa
Cote d’Ivoire,"sptinc_p80p100_999_j_CI
Pre-tax national income 
P80-100 | share | all ages | equal split
",p80p100,1987,0.6387,3.0,CIV,Sub-Saharan Africa
Cote d’Ivoire,"sptinc_p80p100_999_j_CI
Pre-tax national income 
P80-100 | share | all ages | equal split
",p80p100,1988,0.5994,3.0,CIV,Sub-Saharan Africa
Cote d’Ivoire,"sptinc_p80p100_999_j_CI
Pre-tax national income 
P80-100 | share | all ages | equal split
",p80p100,1989,0.603,2.0,CIV,Sub-Saharan Africa
Cote d’Ivoire,"sptinc_p80p100_999_j_CI
Pre-tax national income 
P80-100 | share | all ages | equal split
",p80p100,1990,0.6067,2.0,CIV,Sub-Saharan Africa
Cote d’Ivoire,"sptinc_p80p100_999_j_CI
Pre-tax national income 
P80-100 | share | all ages | equal split
",p80p100,1991,0.6103000000000001,2.0,CIV,Sub-Saharan Africa
Cote d’Ivoire,"sptinc_p80p100_999_j_CI
Pre-tax national income 
P80-100 | share | all ages | equal split
",p80p100,1992,0.6139,3.0,CIV,Sub-Saharan Africa
Cote d’Ivoire,"sptinc_p80p100_999_j_CI
Pre-tax national income 
P80-100 | share | all ages | equal split
",p80p100,1993,0.623,2.0,CIV,Sub-Saharan Africa
Cote d’Ivoire,"sptinc_p80p100_999_j_CI
Pre-tax national income 
P80-100 | share | all ages | equal split
",p80p100,1994,0.632,2.0,CIV,Sub-Saharan Africa
Cote d’Ivoire,"sptinc_p80p100_999_j_CI
Pre-tax national income 
P80-100 | share | all ages | equal split
",p80p100,1995,0.6411,3.0,CIV,Sub-Saharan Africa
Cote d’Ivoire,"sptinc_p80p100_999_j_CI
Pre-tax national income 
P80-100 | share | all ages | equal split
",p80p100,1996,0.6342,2.0,CIV,Sub-Saharan Africa
Cote d’Ivoire,"sptinc_p80p100_999_j_CI
Pre-tax national income 
P80-100 | share | all ages | equal split
",p80p100,1997,0.6272,2.0,CIV,Sub-Saharan Africa
Cote d’Ivoire,"sptinc_p80p100_999_j_CI
Pre-tax national income 
P80-100 | share | all ages | equal split
",p80p100,1998,0.6202000000000001,3.0,CIV,Sub-Saharan Africa
Cote d’Ivoire,"sptinc_p80p100_999_j_CI
Pre-tax national income 
P80-100 | share | all ages | equal split
",p80p100,1999,0.6271,2.0,CIV,Sub-Saharan Africa
Cote d’Ivoire,"sptinc_p80p100_999_j_CI
Pre-tax national income 
P80-100 | share | all ages | equal split
",p80p100,2000,0.6339,2.0,CIV,Sub-Saharan Africa
Cote d’Ivoire,"sptinc_p80p100_999_j_CI
Pre-tax national income 
P80-100 | share | all ages | equal split
",p80p100,2001,0.6407,2.0,CIV,Sub-Saharan Africa
Cote d’Ivoire,"sptinc_p80p100_999_j_CI
Pre-tax national income 
P80-100 | share | all ages | equal split
",p80p100,2002,0.6475000000000001,3.0,CIV,Sub-Saharan Africa
Cote d’Ivoire,"sptinc_p80p100_999_j_CI
Pre-tax national income 
P80-100 | share | all ages | equal split
",p80p100,2003,0.6472,2.0,CIV,Sub-Saharan Africa
Cote d’Ivoire,"sptinc_p80p100_999_j_CI
Pre-tax national income 
P80-100 | share | all ages | equal split
",p80p100,2004,0.6469,2.0,CIV,Sub-Saharan Africa
Cote d’Ivoire,"sptinc_p80p100_999_j_CI
Pre-tax national income 
P80-100 | share | all ages | equal split
",p80p100,2005,0.6466000000000001,2.0,CIV,Sub-Saharan Africa
Cote d’Ivoire,"sptinc_p80p100_999_j_CI
Pre-tax national income 
P80-100 | share | all ages | equal split
",p80p100,2006,0.6463,2.0,CIV,Sub-Saharan Africa
Cote d’Ivoire,"sptinc_p80p100_999_j_CI
Pre-tax national income 
P80-100 | share | all ages | equal split
",p80p100,2007,0.6461,2.0,CIV,Sub-Saharan Africa
Cote d’Ivoire,"sptinc_p80p100_999_j_CI
Pre-tax national income 
P80-100 | share | all ages | equal split
",p80p100,2008,0.6458,3.0,CIV,Sub-Saharan Africa
Cote d’Ivoire,"sptinc_p80p100_999_j_CI
Pre-tax national income 
P80-100 | share | all ages | equal split
",p80p100,2009,0.6446000000000001,2.0,CIV,Sub-Saharan Africa
Cote d’Ivoire,"sptinc_p80p100_999_j_CI
Pre-tax national income 
P80-100 | share | all ages | equal split
",p80p100,2010,0.6433,2.0,CIV,Sub-Saharan Africa
Cote d’Ivoire,"sptinc_p80p100_999_j_CI
Pre-tax national income 
P80-100 | share | all ages | equal split
",p80p100,2011,0.6421,2.0,CIV,Sub-Saharan Africa
Cote d’Ivoire,"sptinc_p80p100_999_j_CI
Pre-tax national income 
P80-100 | share | all ages | equal split
",p80p100,2012,0.6409,2.0,CIV,Sub-Saharan Africa
Cote d’Ivoire,"sptinc_p80p100_999_j_CI
Pre-tax national income 
P80-100 | share | all ages | equal split
",p80p100,2013,0.6397,2.0,CIV,Sub-Saharan Africa
Cote d’Ivoire,"sptinc_p80p100_999_j_CI
Pre-tax national income 
P80-100 | share | all ages | equal split
",p80p100,2014,0.6384000000000001,2.0,CIV,Sub-Saharan Africa
Cote d’Ivoire,"sptinc_p80p100_999_j_CI
Pre-tax national income 
P80-100 | share | all ages | equal split
",p80p100,2015,0.6372,3.0,CIV,Sub-Saharan Africa
Cote d’Ivoire,"sptinc_p80p100_999_j_CI
Pre-tax national income 
P80-100 | share | all ages | equal split
",p80p100,2016,0.6273000000000001,2.0,CIV,Sub-Saharan Africa
Cote d’Ivoire,"sptinc_p80p100_999_j_CI
Pre-tax national income 
P80-100 | share | all ages | equal split
",p80p100,2017,0.6174000000000001,2.0,CIV,Sub-Saharan Africa
Cote d’Ivoire,"sptinc_p80p100_999_j_CI
Pre-tax national income 
P80-100 | share | all ages | equal split
",p80p100,2018,0.6075,3.0,CIV,Sub-Saharan Africa
Cote d’Ivoire,"sptinc_p80p100_999_j_CI
Pre-tax national income 
P80-100 | share | all ages | equal split
",p80p100,2019,0.6035,2.0,CIV,Sub-Saharan Africa
Cote d’Ivoire,"sptinc_p80p100_999_j_CI
Pre-tax national income 
P80-100 | share | all ages | equal split
",p80p100,2020,0.5994,2.0,CIV,Sub-Saharan Africa
Cote d’Ivoire,"sptinc_p80p100_999_j_CI
Pre-tax national income 
P80-100 | share | all ages | equal split
",p80p100,2021,0.5954,3.0,CIV,Sub-Saharan Africa
Cote d’Ivoire,"sptinc_p80p100_999_j_CI
Pre-tax national income 
P80-100 | share | all ages | equal split
",p80p100,2022,0.5954,1.0,CIV,Sub-Saharan Africa
Cote d’Ivoire,"sptinc_p80p100_999_j_CI
Pre-tax national income 
P80-100 | share | all ages | equal split
",p80p100,2023,0.5954,1.0,CIV,Sub-Saharan Africa
Cote d’Ivoire,"sptinc_p80p100_999_j_CI
Pre-tax national income 
P80-100 | share | all ages | equal split
",p80p100,2024,0.5954,1.0,CIV,Sub-Saharan Africa
Croatia,"sptinc_p80p100_999_j_HR
Pre-tax national income 
P80-100 | share | all ages | equal split
",p80p100,1967,0.45,3.0,HRV,Eastern Europe & FSU
Croatia,"sptinc_p80p100_999_j_HR
Pre-tax national income 
P80-100 | share | all ages | equal split
",p80p100,1968,0.4495,3.0,HRV,Eastern Europe & FSU
Croatia,"sptinc_p80p100_999_j_HR
Pre-tax national income 
P80-100 | share | all ages | equal split
",p80p100,1970,0.4492,3.0,HRV,Eastern Europe & FSU
Croatia,"sptinc_p80p100_999_j_HR
Pre-tax national income 
P80-100 | share | all ages | equal split
",p80p100,1973,0.447,3.0,HRV,Eastern Europe & FSU
Croatia,"sptinc_p80p100_999_j_HR
Pre-tax national income 
P80-100 | share | all ages | equal split
",p80p100,1974,0.4468,3.0,HRV,Eastern Europe & FSU
Croatia,"sptinc_p80p100_999_j_HR
Pre-tax national income 
P80-100 | share | all ages | equal split
",p80p100,1977,0.4458,3.0,HRV,Eastern Europe & FSU
Croatia,"sptinc_p80p100_999_j_HR
Pre-tax national income 
P80-100 | share | all ages | equal split
",p80p100,1978,0.4457,3.0,HRV,Eastern Europe & FSU
Croatia,"sptinc_p80p100_999_j_HR
Pre-tax national income 
P80-100 | share | all ages | equal split
",p80p100,1979,0.446,3.0,HRV,Eastern Europe & FSU
Croatia,"sptinc_p80p100_999_j_HR
Pre-tax national income 
P80-100 | share | all ages | equal split
",p80p100,1980,0.4474,1.0,HRV,Eastern Europe & FSU
Croatia,"sptinc_p80p100_999_j_HR
Pre-tax national income 
P80-100 | share | all ages | equal split
",p80p100,1981,0.4474,1.0,HRV,Eastern Europe & FSU
Croatia,"sptinc_p80p100_999_j_HR
Pre-tax national income 
P80-100 | share | all ages | equal split
",p80p100,1982,0.4474,1.0,HRV,Eastern Europe & FSU
Croatia,"sptinc_p80p100_999_j_HR
Pre-tax national income 
P80-100 | share | all ages | equal split
",p80p100,1983,0.4474,4.0,HRV,Eastern Europe & FSU
Croatia,"sptinc_p80p100_999_j_HR
Pre-tax national income 
P80-100 | share | all ages | equal split
",p80p100,1984,0.453,4.0,HRV,Eastern Europe & FSU
Croatia,"sptinc_p80p100_999_j_HR
Pre-tax national income 
P80-100 | share | all ages | equal split
",p80p100,1985,0.4547,4.0,HRV,Eastern Europe & FSU
Croatia,"sptinc_p80p100_999_j_HR
Pre-tax national income 
P80-100 | share | all ages | equal split
",p80p100,1986,0.4556,4.0,HRV,Eastern Europe & FSU
Croatia,"sptinc_p80p100_999_j_HR
Pre-tax national income 
P80-100 | share | all ages | equal split
",p80p100,1987,0.436,4.0,HRV,Eastern Europe & FSU
Croatia,"sptinc_p80p100_999_j_HR
Pre-tax national income 
P80-100 | share | all ages | equal split
",p80p100,1988,0.4355,4.0,HRV,Eastern Europe & FSU
Croatia,"sptinc_p80p100_999_j_HR
Pre-tax national income 
P80-100 | share | all ages | equal split
",p80p100,1989,0.4807,4.0,HRV,Eastern Europe & FSU
Croatia,"sptinc_p80p100_999_j_HR
Pre-tax national income 
P80-100 | share | all ages | equal split
",p80p100,1990,0.4806,4.0,HRV,Eastern Europe & FSU
Croatia,"sptinc_p80p100_999_j_HR
Pre-tax national income 
P80-100 | share | all ages | equal split
",p80p100,1991,0.4819000000000001,4.0,HRV,Eastern Europe & FSU
Croatia,"sptinc_p80p100_999_j_HR
Pre-tax national income 
P80-100 | share | all ages | equal split
",p80p100,1992,0.4849,4.0,HRV,Eastern Europe & FSU
Croatia,"sptinc_p80p100_999_j_HR
Pre-tax national income 
P80-100 | share | all ages | equal split
",p80p100,1993,0.4911,4.0,HRV,Eastern Europe & FSU
Croatia,"sptinc_p80p100_999_j_HR
Pre-tax national income 
P80-100 | share | all ages | equal split
",p80p100,1994,0.4933,4.0,HRV,Eastern Europe & FSU
Croatia,"sptinc_p80p100_999_j_HR
Pre-tax national income 
P80-100 | share | all ages | equal split
",p80p100,1995,0.4947,4.0,HRV,Eastern Europe & FSU
Croatia,"sptinc_p80p100_999_j_HR
Pre-tax national income 
P80-100 | share | all ages | equal split
",p80p100,1996,0.4926,4.0,HRV,Eastern Europe & FSU
Croatia,"sptinc_p80p100_999_j_HR
Pre-tax national income 
P80-100 | share | all ages | equal split
",p80p100,1997,0.4963,4.0,HRV,Eastern Europe & FSU
Croatia,"sptinc_p80p100_999_j_HR
Pre-tax national income 
P80-100 | share | all ages | equal split
",p80p100,1998,0.4999,4.0,HRV,Eastern Europe & FSU
Croatia,"sptinc_p80p100_999_j_HR
Pre-tax national income 
P80-100 | share | all ages | equal split
",p80p100,1999,0.508,4.0,HRV,Eastern Europe & FSU
Croatia,"sptinc_p80p100_999_j_HR
Pre-tax national income 
P80-100 | share | all ages | equal split
",p80p100,2000,0.4895,4.0,HRV,Eastern Europe & FSU
Croatia,"sptinc_p80p100_999_j_HR
Pre-tax national income 
P80-100 | share | all ages | equal split
",p80p100,2001,0.4895,4.0,HRV,Eastern Europe & FSU
Croatia,"sptinc_p80p100_999_j_HR
Pre-tax national income 
P80-100 | share | all ages | equal split
",p80p100,2002,0.4781,4.0,HRV,Eastern Europe & FSU
Croatia,"sptinc_p80p100_999_j_HR
Pre-tax national income 
P80-100 | share | all ages | equal split
",p80p100,2003,0.4712,4.0,HRV,Eastern Europe & FSU
Croatia,"sptinc_p80p100_999_j_HR
Pre-tax national income 
P80-100 | share | all ages | equal split
",p80p100,2004,0.4798,4.0,HRV,Eastern Europe & FSU
Croatia,"sptinc_p80p100_999_j_HR
Pre-tax national income 
P80-100 | share | all ages | equal split
",p80p100,2005,0.4932,4.0,HRV,Eastern Europe & FSU
Croatia,"sptinc_p80p100_999_j_HR
Pre-tax national income 
P80-100 | share | all ages | equal split
",p80p100,2006,0.4916,4.0,HRV,Eastern Europe & FSU
Croatia,"sptinc_p80p100_999_j_HR
Pre-tax national income 
P80-100 | share | all ages | equal split
",p80p100,2007,0.5024000000000001,4.0,HRV,Eastern Europe & FSU
Croatia,"sptinc_p80p100_999_j_HR
Pre-tax national income 
P80-100 | share | all ages | equal split
",p80p100,2008,0.4998,4.0,HRV,Eastern Europe & FSU
Croatia,"sptinc_p80p100_999_j_HR
Pre-tax national income 
P80-100 | share | all ages | equal split
",p80p100,2009,0.4916,4.0,HRV,Eastern Europe & FSU
Croatia,"sptinc_p80p100_999_j_HR
Pre-tax national income 
P80-100 | share | all ages | equal split
",p80p100,2010,0.4886,4.0,HRV,Eastern Europe & FSU
Croatia,"sptinc_p80p100_999_j_HR
Pre-tax national income 
P80-100 | share | all ages | equal split
",p80p100,2011,0.4965,4.0,HRV,Eastern Europe & FSU
Croatia,"sptinc_p80p100_999_j_HR
Pre-tax national income 
P80-100 | share | all ages | equal split
",p80p100,2012,0.4971,4.0,HRV,Eastern Europe & FSU
Croatia,"sptinc_p80p100_999_j_HR
Pre-tax national income 
P80-100 | share | all ages | equal split
",p80p100,2013,0.4962,4.0,HRV,Eastern Europe & FSU
Croatia,"sptinc_p80p100_999_j_HR
Pre-tax national income 
P80-100 | share | all ages | equal split
",p80p100,2014,0.5006,3.0,HRV,Eastern Europe & FSU
Croatia,"sptinc_p80p100_999_j_HR
Pre-tax national income 
P80-100 | share | all ages | equal split
",p80p100,2015,0.4987,3.0,HRV,Eastern Europe & FSU
Croatia,"sptinc_p80p100_999_j_HR
Pre-tax national income 
P80-100 | share | all ages | equal split
",p80p100,2016,0.489,3.0,HRV,Eastern Europe & FSU
Croatia,"sptinc_p80p100_999_j_HR
Pre-tax national income 
P80-100 | share | all ages | equal split
",p80p100,2017,0.4906,3.0,HRV,Eastern Europe & FSU
Croatia,"sptinc_p80p100_999_j_HR
Pre-tax national income 
P80-100 | share | all ages | equal split
",p80p100,2018,0.5026,3.0,HRV,Eastern Europe & FSU
Croatia,"sptinc_p80p100_999_j_HR
Pre-tax national income 
P80-100 | share | all ages | equal split
",p80p100,2019,0.501,3.0,HRV,Eastern Europe & FSU
Croatia,"sptinc_p80p100_999_j_HR
Pre-tax national income 
P80-100 | share | all ages | equal split
",p80p100,2020,0.501,3.0,HRV,Eastern Europe & FSU
Croatia,"sptinc_p80p100_999_j_HR
Pre-tax national income 
P80-100 | share | all ages | equal split
",p80p100,2021,0.5024000000000001,3.0,HRV,Eastern Europe & FSU
Croatia,"sptinc_p80p100_999_j_HR
Pre-tax national income 
P80-100 | share | all ages | equal split
",p80p100,2022,0.5018,3.0,HRV,Eastern Europe & FSU
Croatia,"sptinc_p80p100_999_j_HR
Pre-tax national income 
P80-100 | share | all ages | equal split
",p80p100,2023,0.5022,3.0,HRV,Eastern Europe & FSU
Croatia,"sptinc_p80p100_999_j_HR
Pre-tax national income 
P80-100 | share | all ages | equal split
",p80p100,2024,0.5022,1.0,HRV,Eastern Europe & FSU
Cyprus,"sptinc_p80p100_999_j_CY
Pre-tax national income 
P80-100 | share | all ages | equal split
",p80p100,1980,0.5306000000000001,1.0,CYP,Southern Europe
Cyprus,"sptinc_p80p100_999_j_CY
Pre-tax national income 
P80-100 | share | all ages | equal split
",p80p100,1981,0.5299,1.0,CYP,Southern Europe
Cyprus,"sptinc_p80p100_999_j_CY
Pre-tax national income 
P80-100 | share | all ages | equal split
",p80p100,1982,0.5295,1.0,CYP,Southern Europe
Cyprus,"sptinc_p80p100_999_j_CY
Pre-tax national income 
P80-100 | share | all ages | equal split
",p80p100,1983,0.5286000000000001,1.0,CYP,Southern Europe
Cyprus,"sptinc_p80p100_999_j_CY
Pre-tax national income 
P80-100 | share | all ages | equal split
",p80p100,1984,0.5283,1.0,CYP,Southern Europe
Cyprus,"sptinc_p80p100_999_j_CY
Pre-tax national income 
P80-100 | share | all ages | equal split
",p80p100,1985,0.5286000000000001,1.0,CYP,Southern Europe
Cyprus,"sptinc_p80p100_999_j_CY
Pre-tax national income 
P80-100 | share | all ages | equal split
",p80p100,1986,0.5301,1.0,CYP,Southern Europe
Cyprus,"sptinc_p80p100_999_j_CY
Pre-tax national income 
P80-100 | share | all ages | equal split
",p80p100,1987,0.5298,1.0,CYP,Southern Europe
Cyprus,"sptinc_p80p100_999_j_CY
Pre-tax national income 
P80-100 | share | all ages | equal split
",p80p100,1988,0.5301,1.0,CYP,Southern Europe
Cyprus,"sptinc_p80p100_999_j_CY
Pre-tax national income 
P80-100 | share | all ages | equal split
",p80p100,1989,0.5311,1.0,CYP,Southern Europe
Cyprus,"sptinc_p80p100_999_j_CY
Pre-tax national income 
P80-100 | share | all ages | equal split
",p80p100,1990,0.5295,3.0,CYP,Southern Europe
Cyprus,"sptinc_p80p100_999_j_CY
Pre-tax national income 
P80-100 | share | all ages | equal split
",p80p100,1991,0.5262,3.0,CYP,Southern Europe
Cyprus,"sptinc_p80p100_999_j_CY
Pre-tax national income 
P80-100 | share | all ages | equal split
",p80p100,1992,0.5225000000000001,3.0,CYP,Southern Europe
Cyprus,"sptinc_p80p100_999_j_CY
Pre-tax national income 
P80-100 | share | all ages | equal split
",p80p100,1993,0.521,3.0,CYP,Southern Europe
Cyprus,"sptinc_p80p100_999_j_CY
Pre-tax national income 
P80-100 | share | all ages | equal split
",p80p100,1994,0.5199,3.0,CYP,Southern Europe
Cyprus,"sptinc_p80p100_999_j_CY
Pre-tax national income 
P80-100 | share | all ages | equal split
",p80p100,1995,0.5188,3.0,CYP,Southern Europe
Cyprus,"sptinc_p80p100_999_j_CY
Pre-tax national income 
P80-100 | share | all ages | equal split
",p80p100,1996,0.512,3.0,CYP,Southern Europe
Cyprus,"sptinc_p80p100_999_j_CY
Pre-tax national income 
P80-100 | share | all ages | equal split
",p80p100,1997,0.5031,3.0,CYP,Southern Europe
Cyprus,"sptinc_p80p100_999_j_CY
Pre-tax national income 
P80-100 | share | all ages | equal split
",p80p100,1998,0.5474,3.0,CYP,Southern Europe
Cyprus,"sptinc_p80p100_999_j_CY
Pre-tax national income 
P80-100 | share | all ages | equal split
",p80p100,1999,0.5127,3.0,CYP,Southern Europe
Cyprus,"sptinc_p80p100_999_j_CY
Pre-tax national income 
P80-100 | share | all ages | equal split
",p80p100,2000,0.5028,3.0,CYP,Southern Europe
Cyprus,"sptinc_p80p100_999_j_CY
Pre-tax national income 
P80-100 | share | all ages | equal split
",p80p100,2001,0.5122,3.0,CYP,Southern Europe
Cyprus,"sptinc_p80p100_999_j_CY
Pre-tax national income 
P80-100 | share | all ages | equal split
",p80p100,2002,0.5293,3.0,CYP,Southern Europe
Cyprus,"sptinc_p80p100_999_j_CY
Pre-tax national income 
P80-100 | share | all ages | equal split
",p80p100,2003,0.517,3.0,CYP,Southern Europe
Cyprus,"sptinc_p80p100_999_j_CY
Pre-tax national income 
P80-100 | share | all ages | equal split
",p80p100,2004,0.465,3.0,CYP,Southern Europe
Cyprus,"sptinc_p80p100_999_j_CY
Pre-tax national income 
P80-100 | share | all ages | equal split
",p80p100,2005,0.4626,3.0,CYP,Southern Europe
Cyprus,"sptinc_p80p100_999_j_CY
Pre-tax national income 
P80-100 | share | all ages | equal split
",p80p100,2006,0.4784,3.0,CYP,Southern Europe
Cyprus,"sptinc_p80p100_999_j_CY
Pre-tax national income 
P80-100 | share | all ages | equal split
",p80p100,2007,0.4677,3.0,CYP,Southern Europe
Cyprus,"sptinc_p80p100_999_j_CY
Pre-tax national income 
P80-100 | share | all ages | equal split
",p80p100,2008,0.5032,3.0,CYP,Southern Europe
Cyprus,"sptinc_p80p100_999_j_CY
Pre-tax national income 
P80-100 | share | all ages | equal split
",p80p100,2009,0.5063,3.0,CYP,Southern Europe
Cyprus,"sptinc_p80p100_999_j_CY
Pre-tax national income 
P80-100 | share | all ages | equal split
",p80p100,2010,0.4957,3.0,CYP,Southern Europe
Cyprus,"sptinc_p80p100_999_j_CY
Pre-tax national income 
P80-100 | share | all ages | equal split
",p80p100,2011,0.531,3.0,CYP,Southern Europe
Cyprus,"sptinc_p80p100_999_j_CY
Pre-tax national income 
P80-100 | share | all ages | equal split
",p80p100,2012,0.5362,3.0,CYP,Southern Europe
Cyprus,"sptinc_p80p100_999_j_CY
Pre-tax national income 
P80-100 | share | all ages | equal split
",p80p100,2013,0.5662,3.0,CYP,Southern Europe
Cyprus,"sptinc_p80p100_999_j_CY
Pre-tax national income 
P80-100 | share | all ages | equal split
",p80p100,2014,0.5352,3.0,CYP,Southern Europe
Cyprus,"sptinc_p80p100_999_j_CY
Pre-tax national income 
P80-100 | share | all ages | equal split
",p80p100,2015,0.5354,3.0,CYP,Southern Europe
Cyprus,"sptinc_p80p100_999_j_CY
Pre-tax national income 
P80-100 | share | all ages | equal split
",p80p100,2016,0.5192,3.0,CYP,Southern Europe
Cyprus,"sptinc_p80p100_999_j_CY
Pre-tax national income 
P80-100 | share | all ages | equal split
",p80p100,2017,0.5116,3.0,CYP,Southern Europe
Cyprus,"sptinc_p80p100_999_j_CY
Pre-tax national income 
P80-100 | share | all ages | equal split
",p80p100,2018,0.5254,3.0,CYP,Southern Europe
Cyprus,"sptinc_p80p100_999_j_CY
Pre-tax national income 
P80-100 | share | all ages | equal split
",p80p100,2019,0.4978,3.0,CYP,Southern Europe
Cyprus,"sptinc_p80p100_999_j_CY
Pre-tax national income 
P80-100 | share | all ages | equal split
",p80p100,2020,0.4978,3.0,CYP,Southern Europe
Cyprus,"sptinc_p80p100_999_j_CY
Pre-tax national income 
P80-100 | share | all ages | equal split
",p80p100,2021,0.4971,3.0,CYP,Southern Europe
Cyprus,"sptinc_p80p100_999_j_CY
Pre-tax national income 
P80-100 | share | all ages | equal split
",p80p100,2022,0.4933,3.0,CYP,Southern Europe
Cyprus,"sptinc_p80p100_999_j_CY
Pre-tax national income 
P80-100 | share | all ages | equal split
",p80p100,2023,0.4858,3.0,CYP,Southern Europe
Cyprus,"sptinc_p80p100_999_j_CY
Pre-tax national income 
P80-100 | share | all ages | equal split
",p80p100,2024,0.4858,1.0,CYP,Southern Europe
Czech Republic,"sptinc_p80p100_999_j_CZ
Pre-tax national income 
P80-100 | share | all ages | equal split
",p80p100,1980,0.3266,4.0,CZE,Eastern Europe & FSU
Czech Republic,"sptinc_p80p100_999_j_CZ
Pre-tax national income 
P80-100 | share | all ages | equal split
",p80p100,1981,0.3223,4.0,CZE,Eastern Europe & FSU
Czech Republic,"sptinc_p80p100_999_j_CZ
Pre-tax national income 
P80-100 | share | all ages | equal split
",p80p100,1982,0.3253,4.0,CZE,Eastern Europe & FSU
Czech Republic,"sptinc_p80p100_999_j_CZ
Pre-tax national income 
P80-100 | share | all ages | equal split
",p80p100,1983,0.3247,4.0,CZE,Eastern Europe & FSU
Czech Republic,"sptinc_p80p100_999_j_CZ
Pre-tax national income 
P80-100 | share | all ages | equal split
",p80p100,1984,0.324,4.0,CZE,Eastern Europe & FSU
Czech Republic,"sptinc_p80p100_999_j_CZ
Pre-tax national income 
P80-100 | share | all ages | equal split
",p80p100,1985,0.323,4.0,CZE,Eastern Europe & FSU
Czech Republic,"sptinc_p80p100_999_j_CZ
Pre-tax national income 
P80-100 | share | all ages | equal split
",p80p100,1986,0.3246,4.0,CZE,Eastern Europe & FSU
Czech Republic,"sptinc_p80p100_999_j_CZ
Pre-tax national income 
P80-100 | share | all ages | equal split
",p80p100,1987,0.3267,4.0,CZE,Eastern Europe & FSU
Czech Republic,"sptinc_p80p100_999_j_CZ
Pre-tax national income 
P80-100 | share | all ages | equal split
",p80p100,1988,0.3287,4.0,CZE,Eastern Europe & FSU
Czech Republic,"sptinc_p80p100_999_j_CZ
Pre-tax national income 
P80-100 | share | all ages | equal split
",p80p100,1989,0.3392,4.0,CZE,Eastern Europe & FSU
Czech Republic,"sptinc_p80p100_999_j_CZ
Pre-tax national income 
P80-100 | share | all ages | equal split
",p80p100,1990,0.3513,4.0,CZE,Eastern Europe & FSU
Czech Republic,"sptinc_p80p100_999_j_CZ
Pre-tax national income 
P80-100 | share | all ages | equal split
",p80p100,1991,0.3736,4.0,CZE,Eastern Europe & FSU
Czech Republic,"sptinc_p80p100_999_j_CZ
Pre-tax national income 
P80-100 | share | all ages | equal split
",p80p100,1992,0.3991,4.0,CZE,Eastern Europe & FSU
Czech Republic,"sptinc_p80p100_999_j_CZ
Pre-tax national income 
P80-100 | share | all ages | equal split
",p80p100,1993,0.4185,4.0,CZE,Eastern Europe & FSU
Czech Republic,"sptinc_p80p100_999_j_CZ
Pre-tax national income 
P80-100 | share | all ages | equal split
",p80p100,1994,0.4332,4.0,CZE,Eastern Europe & FSU
Czech Republic,"sptinc_p80p100_999_j_CZ
Pre-tax national income 
P80-100 | share | all ages | equal split
",p80p100,1995,0.43,4.0,CZE,Eastern Europe & FSU
Czech Republic,"sptinc_p80p100_999_j_CZ
Pre-tax national income 
P80-100 | share | all ages | equal split
",p80p100,1996,0.4343,4.0,CZE,Eastern Europe & FSU
Czech Republic,"sptinc_p80p100_999_j_CZ
Pre-tax national income 
P80-100 | share | all ages | equal split
",p80p100,1997,0.4252,4.0,CZE,Eastern Europe & FSU
Czech Republic,"sptinc_p80p100_999_j_CZ
Pre-tax national income 
P80-100 | share | all ages | equal split
",p80p100,1998,0.4366,4.0,CZE,Eastern Europe & FSU
Czech Republic,"sptinc_p80p100_999_j_CZ
Pre-tax national income 
P80-100 | share | all ages | equal split
",p80p100,1999,0.4342,4.0,CZE,Eastern Europe & FSU
Czech Republic,"sptinc_p80p100_999_j_CZ
Pre-tax national income 
P80-100 | share | all ages | equal split
",p80p100,2000,0.4336,4.0,CZE,Eastern Europe & FSU
Czech Republic,"sptinc_p80p100_999_j_CZ
Pre-tax national income 
P80-100 | share | all ages | equal split
",p80p100,2001,0.4353,4.0,CZE,Eastern Europe & FSU
Czech Republic,"sptinc_p80p100_999_j_CZ
Pre-tax national income 
P80-100 | share | all ages | equal split
",p80p100,2002,0.4273,4.0,CZE,Eastern Europe & FSU
Czech Republic,"sptinc_p80p100_999_j_CZ
Pre-tax national income 
P80-100 | share | all ages | equal split
",p80p100,2003,0.4288,4.0,CZE,Eastern Europe & FSU
Czech Republic,"sptinc_p80p100_999_j_CZ
Pre-tax national income 
P80-100 | share | all ages | equal split
",p80p100,2004,0.4345,4.0,CZE,Eastern Europe & FSU
Czech Republic,"sptinc_p80p100_999_j_CZ
Pre-tax national income 
P80-100 | share | all ages | equal split
",p80p100,2005,0.4363,4.0,CZE,Eastern Europe & FSU
Czech Republic,"sptinc_p80p100_999_j_CZ
Pre-tax national income 
P80-100 | share | all ages | equal split
",p80p100,2006,0.4406,4.0,CZE,Eastern Europe & FSU
Czech Republic,"sptinc_p80p100_999_j_CZ
Pre-tax national income 
P80-100 | share | all ages | equal split
",p80p100,2007,0.439,4.0,CZE,Eastern Europe & FSU
Czech Republic,"sptinc_p80p100_999_j_CZ
Pre-tax national income 
P80-100 | share | all ages | equal split
",p80p100,2008,0.4541,4.0,CZE,Eastern Europe & FSU
Czech Republic,"sptinc_p80p100_999_j_CZ
Pre-tax national income 
P80-100 | share | all ages | equal split
",p80p100,2009,0.4334,4.0,CZE,Eastern Europe & FSU
Czech Republic,"sptinc_p80p100_999_j_CZ
Pre-tax national income 
P80-100 | share | all ages | equal split
",p80p100,2010,0.4352,4.0,CZE,Eastern Europe & FSU
Czech Republic,"sptinc_p80p100_999_j_CZ
Pre-tax national income 
P80-100 | share | all ages | equal split
",p80p100,2011,0.4252,4.0,CZE,Eastern Europe & FSU
Czech Republic,"sptinc_p80p100_999_j_CZ
Pre-tax national income 
P80-100 | share | all ages | equal split
",p80p100,2012,0.4378,4.0,CZE,Eastern Europe & FSU
Czech Republic,"sptinc_p80p100_999_j_CZ
Pre-tax national income 
P80-100 | share | all ages | equal split
",p80p100,2013,0.4287,4.0,CZE,Eastern Europe & FSU
Czech Republic,"sptinc_p80p100_999_j_CZ
Pre-tax national income 
P80-100 | share | all ages | equal split
",p80p100,2014,0.4383,4.0,CZE,Eastern Europe & FSU
Czech Republic,"sptinc_p80p100_999_j_CZ
Pre-tax national income 
P80-100 | share | all ages | equal split
",p80p100,2015,0.4438,4.0,CZE,Eastern Europe & FSU
Czech Republic,"sptinc_p80p100_999_j_CZ
Pre-tax national income 
P80-100 | share | all ages | equal split
",p80p100,2016,0.4335,3.0,CZE,Eastern Europe & FSU
Czech Republic,"sptinc_p80p100_999_j_CZ
Pre-tax national income 
P80-100 | share | all ages | equal split
",p80p100,2017,0.431,3.0,CZE,Eastern Europe & FSU
Czech Republic,"sptinc_p80p100_999_j_CZ
Pre-tax national income 
P80-100 | share | all ages | equal split
",p80p100,2018,0.4239,3.0,CZE,Eastern Europe & FSU
Czech Republic,"sptinc_p80p100_999_j_CZ
Pre-tax national income 
P80-100 | share | all ages | equal split
",p80p100,2019,0.4247,3.0,CZE,Eastern Europe & FSU
Czech Republic,"sptinc_p80p100_999_j_CZ
Pre-tax national income 
P80-100 | share | all ages | equal split
",p80p100,2020,0.4247,3.0,CZE,Eastern Europe & FSU
Czech Republic,"sptinc_p80p100_999_j_CZ
Pre-tax national income 
P80-100 | share | all ages | equal split
",p80p100,2021,0.4249,3.0,CZE,Eastern Europe & FSU
Czech Republic,"sptinc_p80p100_999_j_CZ
Pre-tax national income 
P80-100 | share | all ages | equal split
",p80p100,2022,0.4251,3.0,CZE,Eastern Europe & FSU
Czech Republic,"sptinc_p80p100_999_j_CZ
Pre-tax national income 
P80-100 | share | all ages | equal split
",p80p100,2023,0.4252,3.0,CZE,Eastern Europe & FSU
Czech Republic,"sptinc_p80p100_999_j_CZ
Pre-tax national income 
P80-100 | share | all ages | equal split
",p80p100,2024,0.4252,1.0,CZE,Eastern Europe & FSU
Denmark,"sptinc_p80p100_999_j_DK
Pre-tax national income 
P80-100 | share | all ages | equal split
",p80p100,1960,0.4777,3.0,DNK,Nordic
Denmark,"sptinc_p80p100_999_j_DK
Pre-tax national income 
P80-100 | share | all ages | equal split
",p80p100,1961,0.4732,3.0,DNK,Nordic
Denmark,"sptinc_p80p100_999_j_DK
Pre-tax national income 
P80-100 | share | all ages | equal split
",p80p100,1962,0.47,3.0,DNK,Nordic
Denmark,"sptinc_p80p100_999_j_DK
Pre-tax national income 
P80-100 | share | all ages | equal split
",p80p100,1963,0.4641,3.0,DNK,Nordic
Denmark,"sptinc_p80p100_999_j_DK
Pre-tax national income 
P80-100 | share | all ages | equal split
",p80p100,1964,0.46,3.0,DNK,Nordic
Denmark,"sptinc_p80p100_999_j_DK
Pre-tax national income 
P80-100 | share | all ages | equal split
",p80p100,1965,0.4573,3.0,DNK,Nordic
Denmark,"sptinc_p80p100_999_j_DK
Pre-tax national income 
P80-100 | share | all ages | equal split
",p80p100,1966,0.4518,3.0,DNK,Nordic
Denmark,"sptinc_p80p100_999_j_DK
Pre-tax national income 
P80-100 | share | all ages | equal split
",p80p100,1967,0.4484,3.0,DNK,Nordic
Denmark,"sptinc_p80p100_999_j_DK
Pre-tax national income 
P80-100 | share | all ages | equal split
",p80p100,1968,0.4464,3.0,DNK,Nordic
Denmark,"sptinc_p80p100_999_j_DK
Pre-tax national income 
P80-100 | share | all ages | equal split
",p80p100,1970,0.4538,3.0,DNK,Nordic
Denmark,"sptinc_p80p100_999_j_DK
Pre-tax national income 
P80-100 | share | all ages | equal split
",p80p100,1971,0.4353,3.0,DNK,Nordic
Denmark,"sptinc_p80p100_999_j_DK
Pre-tax national income 
P80-100 | share | all ages | equal split
",p80p100,1972,0.4324,3.0,DNK,Nordic
Denmark,"sptinc_p80p100_999_j_DK
Pre-tax national income 
P80-100 | share | all ages | equal split
",p80p100,1973,0.4279,3.0,DNK,Nordic
Denmark,"sptinc_p80p100_999_j_DK
Pre-tax national income 
P80-100 | share | all ages | equal split
",p80p100,1974,0.4243,3.0,DNK,Nordic
Denmark,"sptinc_p80p100_999_j_DK
Pre-tax national income 
P80-100 | share | all ages | equal split
",p80p100,1975,0.4208,3.0,DNK,Nordic
Denmark,"sptinc_p80p100_999_j_DK
Pre-tax national income 
P80-100 | share | all ages | equal split
",p80p100,1976,0.4171,3.0,DNK,Nordic
Denmark,"sptinc_p80p100_999_j_DK
Pre-tax national income 
P80-100 | share | all ages | equal split
",p80p100,1977,0.4135,3.0,DNK,Nordic
Denmark,"sptinc_p80p100_999_j_DK
Pre-tax national income 
P80-100 | share | all ages | equal split
",p80p100,1978,0.4099,3.0,DNK,Nordic
Denmark,"sptinc_p80p100_999_j_DK
Pre-tax national income 
P80-100 | share | all ages | equal split
",p80p100,1979,0.4063,3.0,DNK,Nordic
Denmark,"sptinc_p80p100_999_j_DK
Pre-tax national income 
P80-100 | share | all ages | equal split
",p80p100,1980,0.4126,4.0,DNK,Nordic
Denmark,"sptinc_p80p100_999_j_DK
Pre-tax national income 
P80-100 | share | all ages | equal split
",p80p100,1981,0.4124,4.0,DNK,Nordic
Denmark,"sptinc_p80p100_999_j_DK
Pre-tax national income 
P80-100 | share | all ages | equal split
",p80p100,1982,0.411,4.0,DNK,Nordic
Denmark,"sptinc_p80p100_999_j_DK
Pre-tax national income 
P80-100 | share | all ages | equal split
",p80p100,1983,0.42,4.0,DNK,Nordic
Denmark,"sptinc_p80p100_999_j_DK
Pre-tax national income 
P80-100 | share | all ages | equal split
",p80p100,1984,0.4229,4.0,DNK,Nordic
Denmark,"sptinc_p80p100_999_j_DK
Pre-tax national income 
P80-100 | share | all ages | equal split
",p80p100,1985,0.4286,4.0,DNK,Nordic
Denmark,"sptinc_p80p100_999_j_DK
Pre-tax national income 
P80-100 | share | all ages | equal split
",p80p100,1986,0.4198,4.0,DNK,Nordic
Denmark,"sptinc_p80p100_999_j_DK
Pre-tax national income 
P80-100 | share | all ages | equal split
",p80p100,1987,0.4192,4.0,DNK,Nordic
Denmark,"sptinc_p80p100_999_j_DK
Pre-tax national income 
P80-100 | share | all ages | equal split
",p80p100,1988,0.4172,4.0,DNK,Nordic
Denmark,"sptinc_p80p100_999_j_DK
Pre-tax national income 
P80-100 | share | all ages | equal split
",p80p100,1989,0.4201,4.0,DNK,Nordic
Denmark,"sptinc_p80p100_999_j_DK
Pre-tax national income 
P80-100 | share | all ages | equal split
",p80p100,1990,0.4209,4.0,DNK,Nordic
Denmark,"sptinc_p80p100_999_j_DK
Pre-tax national income 
P80-100 | share | all ages | equal split
",p80p100,1991,0.4188,4.0,DNK,Nordic
Denmark,"sptinc_p80p100_999_j_DK
Pre-tax national income 
P80-100 | share | all ages | equal split
",p80p100,1992,0.421,4.0,DNK,Nordic
Denmark,"sptinc_p80p100_999_j_DK
Pre-tax national income 
P80-100 | share | all ages | equal split
",p80p100,1993,0.4204,4.0,DNK,Nordic
Denmark,"sptinc_p80p100_999_j_DK
Pre-tax national income 
P80-100 | share | all ages | equal split
",p80p100,1994,0.4269,4.0,DNK,Nordic
Denmark,"sptinc_p80p100_999_j_DK
Pre-tax national income 
P80-100 | share | all ages | equal split
",p80p100,1995,0.4276,4.0,DNK,Nordic
Denmark,"sptinc_p80p100_999_j_DK
Pre-tax national income 
P80-100 | share | all ages | equal split
",p80p100,1996,0.4297,4.0,DNK,Nordic
Denmark,"sptinc_p80p100_999_j_DK
Pre-tax national income 
P80-100 | share | all ages | equal split
",p80p100,1997,0.4397,4.0,DNK,Nordic
Denmark,"sptinc_p80p100_999_j_DK
Pre-tax national income 
P80-100 | share | all ages | equal split
",p80p100,1998,0.4376,4.0,DNK,Nordic
Denmark,"sptinc_p80p100_999_j_DK
Pre-tax national income 
P80-100 | share | all ages | equal split
",p80p100,1999,0.4505,4.0,DNK,Nordic
Denmark,"sptinc_p80p100_999_j_DK
Pre-tax national income 
P80-100 | share | all ages | equal split
",p80p100,2000,0.4534,4.0,DNK,Nordic
Denmark,"sptinc_p80p100_999_j_DK
Pre-tax national income 
P80-100 | share | all ages | equal split
",p80p100,2001,0.4389,4.0,DNK,Nordic
Denmark,"sptinc_p80p100_999_j_DK
Pre-tax national income 
P80-100 | share | all ages | equal split
",p80p100,2002,0.4342,4.0,DNK,Nordic
Denmark,"sptinc_p80p100_999_j_DK
Pre-tax national income 
P80-100 | share | all ages | equal split
",p80p100,2003,0.4298,4.0,DNK,Nordic
Denmark,"sptinc_p80p100_999_j_DK
Pre-tax national income 
P80-100 | share | all ages | equal split
",p80p100,2004,0.4356,4.0,DNK,Nordic
Denmark,"sptinc_p80p100_999_j_DK
Pre-tax national income 
P80-100 | share | all ages | equal split
",p80p100,2005,0.4486,4.0,DNK,Nordic
Denmark,"sptinc_p80p100_999_j_DK
Pre-tax national income 
P80-100 | share | all ages | equal split
",p80p100,2006,0.4525,4.0,DNK,Nordic
Denmark,"sptinc_p80p100_999_j_DK
Pre-tax national income 
P80-100 | share | all ages | equal split
",p80p100,2007,0.4468,4.0,DNK,Nordic
Denmark,"sptinc_p80p100_999_j_DK
Pre-tax national income 
P80-100 | share | all ages | equal split
",p80p100,2008,0.4457,4.0,DNK,Nordic
Denmark,"sptinc_p80p100_999_j_DK
Pre-tax national income 
P80-100 | share | all ages | equal split
",p80p100,2009,0.4368,4.0,DNK,Nordic
Denmark,"sptinc_p80p100_999_j_DK
Pre-tax national income 
P80-100 | share | all ages | equal split
",p80p100,2010,0.4611,4.0,DNK,Nordic
Denmark,"sptinc_p80p100_999_j_DK
Pre-tax national income 
P80-100 | share | all ages | equal split
",p80p100,2011,0.4622,3.0,DNK,Nordic
Denmark,"sptinc_p80p100_999_j_DK
Pre-tax national income 
P80-100 | share | all ages | equal split
",p80p100,2012,0.4633,3.0,DNK,Nordic
Denmark,"sptinc_p80p100_999_j_DK
Pre-tax national income 
P80-100 | share | all ages | equal split
",p80p100,2013,0.4743,3.0,DNK,Nordic
Denmark,"sptinc_p80p100_999_j_DK
Pre-tax national income 
P80-100 | share | all ages | equal split
",p80p100,2014,0.4802,3.0,DNK,Nordic
Denmark,"sptinc_p80p100_999_j_DK
Pre-tax national income 
P80-100 | share | all ages | equal split
",p80p100,2015,0.4756,3.0,DNK,Nordic
Denmark,"sptinc_p80p100_999_j_DK
Pre-tax national income 
P80-100 | share | all ages | equal split
",p80p100,2016,0.4786,3.0,DNK,Nordic
Denmark,"sptinc_p80p100_999_j_DK
Pre-tax national income 
P80-100 | share | all ages | equal split
",p80p100,2017,0.4803,3.0,DNK,Nordic
Denmark,"sptinc_p80p100_999_j_DK
Pre-tax national income 
P80-100 | share | all ages | equal split
",p80p100,2018,0.4811,3.0,DNK,Nordic
Denmark,"sptinc_p80p100_999_j_DK
Pre-tax national income 
P80-100 | share | all ages | equal split
",p80p100,2019,0.4787,3.0,DNK,Nordic
Denmark,"sptinc_p80p100_999_j_DK
Pre-tax national income 
P80-100 | share | all ages | equal split
",p80p100,2020,0.4787,3.0,DNK,Nordic
Denmark,"sptinc_p80p100_999_j_DK
Pre-tax national income 
P80-100 | share | all ages | equal split
",p80p100,2021,0.4809,3.0,DNK,Nordic
Denmark,"sptinc_p80p100_999_j_DK
Pre-tax national income 
P80-100 | share | all ages | equal split
",p80p100,2022,0.4817,3.0,DNK,Nordic
Denmark,"sptinc_p80p100_999_j_DK
Pre-tax national income 
P80-100 | share | all ages | equal split
",p80p100,2023,0.4798,1.0,DNK,Nordic
Denmark,"sptinc_p80p100_999_j_DK
Pre-tax national income 
P80-100 | share | all ages | equal split
",p80p100,2024,0.4798,1.0,DNK,Nordic
Dominican Republic,"sptinc_p80p100_999_j_DO
Pre-tax national income 
P80-100 | share | all ages | equal split
",p80p100,1980,0.6929000000000001,1.0,DOM,Latin America & Caribbean
Dominican Republic,"sptinc_p80p100_999_j_DO
Pre-tax national income 
P80-100 | share | all ages | equal split
",p80p100,1981,0.6929000000000001,1.0,DOM,Latin America & Caribbean
Dominican Republic,"sptinc_p80p100_999_j_DO
Pre-tax national income 
P80-100 | share | all ages | equal split
",p80p100,1982,0.6929000000000001,1.0,DOM,Latin America & Caribbean
Dominican Republic,"sptinc_p80p100_999_j_DO
Pre-tax national income 
P80-100 | share | all ages | equal split
",p80p100,1983,0.6929000000000001,1.0,DOM,Latin America & Caribbean
Dominican Republic,"sptinc_p80p100_999_j_DO
Pre-tax national income 
P80-100 | share | all ages | equal split
",p80p100,1984,0.6929000000000001,1.0,DOM,Latin America & Caribbean
Dominican Republic,"sptinc_p80p100_999_j_DO
Pre-tax national income 
P80-100 | share | all ages | equal split
",p80p100,1985,0.6929000000000001,1.0,DOM,Latin America & Caribbean
Dominican Republic,"sptinc_p80p100_999_j_DO
Pre-tax national income 
P80-100 | share | all ages | equal split
",p80p100,1986,0.6929000000000001,1.0,DOM,Latin America & Caribbean
Dominican Republic,"sptinc_p80p100_999_j_DO
Pre-tax national income 
P80-100 | share | all ages | equal split
",p80p100,1987,0.6929000000000001,1.0,DOM,Latin America & Caribbean
Dominican Republic,"sptinc_p80p100_999_j_DO
Pre-tax national income 
P80-100 | share | all ages | equal split
",p80p100,1988,0.6929000000000001,1.0,DOM,Latin America & Caribbean
Dominican Republic,"sptinc_p80p100_999_j_DO
Pre-tax national income 
P80-100 | share | all ages | equal split
",p80p100,1989,0.6929000000000001,1.0,DOM,Latin America & Caribbean
Dominican Republic,"sptinc_p80p100_999_j_DO
Pre-tax national income 
P80-100 | share | all ages | equal split
",p80p100,1990,0.6929000000000001,1.0,DOM,Latin America & Caribbean
Dominican Republic,"sptinc_p80p100_999_j_DO
Pre-tax national income 
P80-100 | share | all ages | equal split
",p80p100,1991,0.6929000000000001,1.0,DOM,Latin America & Caribbean
Dominican Republic,"sptinc_p80p100_999_j_DO
Pre-tax national income 
P80-100 | share | all ages | equal split
",p80p100,1992,0.6929000000000001,1.0,DOM,Latin America & Caribbean
Dominican Republic,"sptinc_p80p100_999_j_DO
Pre-tax national income 
P80-100 | share | all ages | equal split
",p80p100,1993,0.6929000000000001,1.0,DOM,Latin America & Caribbean
Dominican Republic,"sptinc_p80p100_999_j_DO
Pre-tax national income 
P80-100 | share | all ages | equal split
",p80p100,1994,0.6929000000000001,1.0,DOM,Latin America & Caribbean
Dominican Republic,"sptinc_p80p100_999_j_DO
Pre-tax national income 
P80-100 | share | all ages | equal split
",p80p100,1995,0.6929000000000001,1.0,DOM,Latin America & Caribbean
Dominican Republic,"sptinc_p80p100_999_j_DO
Pre-tax national income 
P80-100 | share | all ages | equal split
",p80p100,1996,0.6929000000000001,1.0,DOM,Latin America & Caribbean
Dominican Republic,"sptinc_p80p100_999_j_DO
Pre-tax national income 
P80-100 | share | all ages | equal split
",p80p100,1997,0.6929000000000001,1.0,DOM,Latin America & Caribbean
Dominican Republic,"sptinc_p80p100_999_j_DO
Pre-tax national income 
P80-100 | share | all ages | equal split
",p80p100,1998,0.6929000000000001,1.0,DOM,Latin America & Caribbean
Dominican Republic,"sptinc_p80p100_999_j_DO
Pre-tax national income 
P80-100 | share | all ages | equal split
",p80p100,1999,0.6929000000000001,1.0,DOM,Latin America & Caribbean
Dominican Republic,"sptinc_p80p100_999_j_DO
Pre-tax national income 
P80-100 | share | all ages | equal split
",p80p100,2000,0.6929000000000001,1.0,DOM,Latin America & Caribbean
Dominican Republic,"sptinc_p80p100_999_j_DO
Pre-tax national income 
P80-100 | share | all ages | equal split
",p80p100,2001,0.6929000000000001,1.0,DOM,Latin America & Caribbean
Dominican Republic,"sptinc_p80p100_999_j_DO
Pre-tax national income 
P80-100 | share | all ages | equal split
",p80p100,2002,0.6929000000000001,1.0,DOM,Latin America & Caribbean
Dominican Republic,"sptinc_p80p100_999_j_DO
Pre-tax national income 
P80-100 | share | all ages | equal split
",p80p100,2003,0.6929000000000001,1.0,DOM,Latin America & Caribbean
Dominican Republic,"sptinc_p80p100_999_j_DO
Pre-tax national income 
P80-100 | share | all ages | equal split
",p80p100,2004,0.6929000000000001,1.0,DOM,Latin America & Caribbean
Dominican Republic,"sptinc_p80p100_999_j_DO
Pre-tax national income 
P80-100 | share | all ages | equal split
",p80p100,2005,0.6929000000000001,1.0,DOM,Latin America & Caribbean
Dominican Republic,"sptinc_p80p100_999_j_DO
Pre-tax national income 
P80-100 | share | all ages | equal split
",p80p100,2006,0.6929000000000001,1.0,DOM,Latin America & Caribbean
Dominican Republic,"sptinc_p80p100_999_j_DO
Pre-tax national income 
P80-100 | share | all ages | equal split
",p80p100,2007,0.6929000000000001,1.0,DOM,Latin America & Caribbean
Dominican Republic,"sptinc_p80p100_999_j_DO
Pre-tax national income 
P80-100 | share | all ages | equal split
",p80p100,2008,0.6929000000000001,1.0,DOM,Latin America & Caribbean
Dominican Republic,"sptinc_p80p100_999_j_DO
Pre-tax national income 
P80-100 | share | all ages | equal split
",p80p100,2009,0.6929000000000001,1.0,DOM,Latin America & Caribbean
Dominican Republic,"sptinc_p80p100_999_j_DO
Pre-tax national income 
P80-100 | share | all ages | equal split
",p80p100,2010,0.6929000000000001,1.0,DOM,Latin America & Caribbean
Dominican Republic,"sptinc_p80p100_999_j_DO
Pre-tax national income 
P80-100 | share | all ages | equal split
",p80p100,2011,0.6929000000000001,1.0,DOM,Latin America & Caribbean
Dominican Republic,"sptinc_p80p100_999_j_DO
Pre-tax national income 
P80-100 | share | all ages | equal split
",p80p100,2012,0.6929000000000001,4.0,DOM,Latin America & Caribbean
Dominican Republic,"sptinc_p80p100_999_j_DO
Pre-tax national income 
P80-100 | share | all ages | equal split
",p80p100,2013,0.7078,4.0,DOM,Latin America & Caribbean
Dominican Republic,"sptinc_p80p100_999_j_DO
Pre-tax national income 
P80-100 | share | all ages | equal split
",p80p100,2014,0.6909000000000001,4.0,DOM,Latin America & Caribbean
Dominican Republic,"sptinc_p80p100_999_j_DO
Pre-tax national income 
P80-100 | share | all ages | equal split
",p80p100,2015,0.6958000000000001,4.0,DOM,Latin America & Caribbean
Dominican Republic,"sptinc_p80p100_999_j_DO
Pre-tax national income 
P80-100 | share | all ages | equal split
",p80p100,2016,0.6952,4.0,DOM,Latin America & Caribbean
Dominican Republic,"sptinc_p80p100_999_j_DO
Pre-tax national income 
P80-100 | share | all ages | equal split
",p80p100,2017,0.672,4.0,DOM,Latin America & Caribbean
Dominican Republic,"sptinc_p80p100_999_j_DO
Pre-tax national income 
P80-100 | share | all ages | equal split
",p80p100,2018,0.687,4.0,DOM,Latin America & Caribbean
Dominican Republic,"sptinc_p80p100_999_j_DO
Pre-tax national income 
P80-100 | share | all ages | equal split
",p80p100,2019,0.6645,4.0,DOM,Latin America & Caribbean
Dominican Republic,"sptinc_p80p100_999_j_DO
Pre-tax national income 
P80-100 | share | all ages | equal split
",p80p100,2020,0.6522,4.0,DOM,Latin America & Caribbean
Dominican Republic,"sptinc_p80p100_999_j_DO
Pre-tax national income 
P80-100 | share | all ages | equal split
",p80p100,2021,0.637,3.0,DOM,Latin America & Caribbean
Dominican Republic,"sptinc_p80p100_999_j_DO
Pre-tax national income 
P80-100 | share | all ages | equal split
",p80p100,2022,0.6122000000000001,3.0,DOM,Latin America & Caribbean
Dominican Republic,"sptinc_p80p100_999_j_DO
Pre-tax national income 
P80-100 | share | all ages | equal split
",p80p100,2023,0.6096,3.0,DOM,Latin America & Caribbean
Dominican Republic,"sptinc_p80p100_999_j_DO
Pre-tax national income 
P80-100 | share | all ages | equal split
",p80p100,2024,0.6096,1.0,DOM,Latin America & Caribbean
Ecuador,"sptinc_p80p100_999_j_EC
Pre-tax national income 
P80-100 | share | all ages | equal split
",p80p100,1980,0.6904,1.0,ECU,Latin America & Caribbean
Ecuador,"sptinc_p80p100_999_j_EC
Pre-tax national income 
P80-100 | share | all ages | equal split
",p80p100,1981,0.6904,1.0,ECU,Latin America & Caribbean
Ecuador,"sptinc_p80p100_999_j_EC
Pre-tax national income 
P80-100 | share | all ages | equal split
",p80p100,1982,0.6904,1.0,ECU,Latin America & Caribbean
Ecuador,"sptinc_p80p100_999_j_EC
Pre-tax national income 
P80-100 | share | all ages | equal split
",p80p100,1983,0.6904,1.0,ECU,Latin America & Caribbean
Ecuador,"sptinc_p80p100_999_j_EC
Pre-tax national income 
P80-100 | share | all ages | equal split
",p80p100,1984,0.6904,1.0,ECU,Latin America & Caribbean
Ecuador,"sptinc_p80p100_999_j_EC
Pre-tax national income 
P80-100 | share | all ages | equal split
",p80p100,1985,0.6904,1.0,ECU,Latin America & Caribbean
Ecuador,"sptinc_p80p100_999_j_EC
Pre-tax national income 
P80-100 | share | all ages | equal split
",p80p100,1986,0.6904,1.0,ECU,Latin America & Caribbean
Ecuador,"sptinc_p80p100_999_j_EC
Pre-tax national income 
P80-100 | share | all ages | equal split
",p80p100,1987,0.6904,1.0,ECU,Latin America & Caribbean
Ecuador,"sptinc_p80p100_999_j_EC
Pre-tax national income 
P80-100 | share | all ages | equal split
",p80p100,1988,0.6904,1.0,ECU,Latin America & Caribbean
Ecuador,"sptinc_p80p100_999_j_EC
Pre-tax national income 
P80-100 | share | all ages | equal split
",p80p100,1989,0.6904,1.0,ECU,Latin America & Caribbean
Ecuador,"sptinc_p80p100_999_j_EC
Pre-tax national income 
P80-100 | share | all ages | equal split
",p80p100,1990,0.6904,1.0,ECU,Latin America & Caribbean
Ecuador,"sptinc_p80p100_999_j_EC
Pre-tax national income 
P80-100 | share | all ages | equal split
",p80p100,1991,0.6904,1.0,ECU,Latin America & Caribbean
Ecuador,"sptinc_p80p100_999_j_EC
Pre-tax national income 
P80-100 | share | all ages | equal split
",p80p100,1992,0.6904,1.0,ECU,Latin America & Caribbean
Ecuador,"sptinc_p80p100_999_j_EC
Pre-tax national income 
P80-100 | share | all ages | equal split
",p80p100,1993,0.6904,1.0,ECU,Latin America & Caribbean
Ecuador,"sptinc_p80p100_999_j_EC
Pre-tax national income 
P80-100 | share | all ages | equal split
",p80p100,1994,0.6904,1.0,ECU,Latin America & Caribbean
Ecuador,"sptinc_p80p100_999_j_EC
Pre-tax national income 
P80-100 | share | all ages | equal split
",p80p100,1995,0.6904,1.0,ECU,Latin America & Caribbean
Ecuador,"sptinc_p80p100_999_j_EC
Pre-tax national income 
P80-100 | share | all ages | equal split
",p80p100,1996,0.6904,1.0,ECU,Latin America & Caribbean
Ecuador,"sptinc_p80p100_999_j_EC
Pre-tax national income 
P80-100 | share | all ages | equal split
",p80p100,1997,0.6904,1.0,ECU,Latin America & Caribbean
Ecuador,"sptinc_p80p100_999_j_EC
Pre-tax national income 
P80-100 | share | all ages | equal split
",p80p100,1998,0.6904,1.0,ECU,Latin America & Caribbean
Ecuador,"sptinc_p80p100_999_j_EC
Pre-tax national income 
P80-100 | share | all ages | equal split
",p80p100,1999,0.6904,1.0,ECU,Latin America & Caribbean
Ecuador,"sptinc_p80p100_999_j_EC
Pre-tax national income 
P80-100 | share | all ages | equal split
",p80p100,2000,0.6904,1.0,ECU,Latin America & Caribbean
Ecuador,"sptinc_p80p100_999_j_EC
Pre-tax national income 
P80-100 | share | all ages | equal split
",p80p100,2001,0.6904,3.0,ECU,Latin America & Caribbean
Ecuador,"sptinc_p80p100_999_j_EC
Pre-tax national income 
P80-100 | share | all ages | equal split
",p80p100,2002,0.6822,2.0,ECU,Latin America & Caribbean
Ecuador,"sptinc_p80p100_999_j_EC
Pre-tax national income 
P80-100 | share | all ages | equal split
",p80p100,2003,0.674,3.0,ECU,Latin America & Caribbean
Ecuador,"sptinc_p80p100_999_j_EC
Pre-tax national income 
P80-100 | share | all ages | equal split
",p80p100,2004,0.6679,2.0,ECU,Latin America & Caribbean
Ecuador,"sptinc_p80p100_999_j_EC
Pre-tax national income 
P80-100 | share | all ages | equal split
",p80p100,2005,0.6618,3.0,ECU,Latin America & Caribbean
Ecuador,"sptinc_p80p100_999_j_EC
Pre-tax national income 
P80-100 | share | all ages | equal split
",p80p100,2006,0.6426000000000001,3.0,ECU,Latin America & Caribbean
Ecuador,"sptinc_p80p100_999_j_EC
Pre-tax national income 
P80-100 | share | all ages | equal split
",p80p100,2007,0.6886,3.0,ECU,Latin America & Caribbean
Ecuador,"sptinc_p80p100_999_j_EC
Pre-tax national income 
P80-100 | share | all ages | equal split
",p80p100,2008,0.6545000000000001,4.0,ECU,Latin America & Caribbean
Ecuador,"sptinc_p80p100_999_j_EC
Pre-tax national income 
P80-100 | share | all ages | equal split
",p80p100,2009,0.6421,4.0,ECU,Latin America & Caribbean
Ecuador,"sptinc_p80p100_999_j_EC
Pre-tax national income 
P80-100 | share | all ages | equal split
",p80p100,2010,0.658,4.0,ECU,Latin America & Caribbean
Ecuador,"sptinc_p80p100_999_j_EC
Pre-tax national income 
P80-100 | share | all ages | equal split
",p80p100,2011,0.6153000000000001,4.0,ECU,Latin America & Caribbean
Ecuador,"sptinc_p80p100_999_j_EC
Pre-tax national income 
P80-100 | share | all ages | equal split
",p80p100,2012,0.6238,3.0,ECU,Latin America & Caribbean
Ecuador,"sptinc_p80p100_999_j_EC
Pre-tax national income 
P80-100 | share | all ages | equal split
",p80p100,2013,0.6086,3.0,ECU,Latin America & Caribbean
Ecuador,"sptinc_p80p100_999_j_EC
Pre-tax national income 
P80-100 | share | all ages | equal split
",p80p100,2014,0.5910000000000001,3.0,ECU,Latin America & Caribbean
Ecuador,"sptinc_p80p100_999_j_EC
Pre-tax national income 
P80-100 | share | all ages | equal split
",p80p100,2015,0.5799000000000001,3.0,ECU,Latin America & Caribbean
Ecuador,"sptinc_p80p100_999_j_EC
Pre-tax national income 
P80-100 | share | all ages | equal split
",p80p100,2016,0.5701,3.0,ECU,Latin America & Caribbean
Ecuador,"sptinc_p80p100_999_j_EC
Pre-tax national income 
P80-100 | share | all ages | equal split
",p80p100,2017,0.5839,3.0,ECU,Latin America & Caribbean
Ecuador,"sptinc_p80p100_999_j_EC
Pre-tax national income 
P80-100 | share | all ages | equal split
",p80p100,2018,0.5985,3.0,ECU,Latin America & Caribbean
Ecuador,"sptinc_p80p100_999_j_EC
Pre-tax national income 
P80-100 | share | all ages | equal split
",p80p100,2019,0.5974,3.0,ECU,Latin America & Caribbean
Ecuador,"sptinc_p80p100_999_j_EC
Pre-tax national income 
P80-100 | share | all ages | equal split
",p80p100,2020,0.6239,3.0,ECU,Latin America & Caribbean
Ecuador,"sptinc_p80p100_999_j_EC
Pre-tax national income 
P80-100 | share | all ages | equal split
",p80p100,2021,0.6365000000000001,3.0,ECU,Latin America & Caribbean
Ecuador,"sptinc_p80p100_999_j_EC
Pre-tax national income 
P80-100 | share | all ages | equal split
",p80p100,2022,0.6206,3.0,ECU,Latin America & Caribbean
Ecuador,"sptinc_p80p100_999_j_EC
Pre-tax national income 
P80-100 | share | all ages | equal split
",p80p100,2023,0.6119,3.0,ECU,Latin America & Caribbean
Ecuador,"sptinc_p80p100_999_j_EC
Pre-tax national income 
P80-100 | share | all ages | equal split
",p80p100,2024,0.6119,1.0,ECU,Latin America & Caribbean
Egypt,"sptinc_p80p100_999_j_EG
Pre-tax national income 
P80-100 | share | all ages | equal split
",p80p100,1960,0.6824,0.0,EGY,MENA
Egypt,"sptinc_p80p100_999_j_EG
Pre-tax national income 
P80-100 | share | all ages | equal split
",p80p100,1970,0.6555000000000001,0.0,EGY,MENA
Egypt,"sptinc_p80p100_999_j_EG
Pre-tax national income 
P80-100 | share | all ages | equal split
",p80p100,1980,0.6065,1.0,EGY,MENA
Egypt,"sptinc_p80p100_999_j_EG
Pre-tax national income 
P80-100 | share | all ages | equal split
",p80p100,1981,0.6065,1.0,EGY,MENA
Egypt,"sptinc_p80p100_999_j_EG
Pre-tax national income 
P80-100 | share | all ages | equal split
",p80p100,1982,0.6065,1.0,EGY,MENA
Egypt,"sptinc_p80p100_999_j_EG
Pre-tax national income 
P80-100 | share | all ages | equal split
",p80p100,1983,0.6065,1.0,EGY,MENA
Egypt,"sptinc_p80p100_999_j_EG
Pre-tax national income 
P80-100 | share | all ages | equal split
",p80p100,1984,0.6065,1.0,EGY,MENA
Egypt,"sptinc_p80p100_999_j_EG
Pre-tax national income 
P80-100 | share | all ages | equal split
",p80p100,1985,0.6065,1.0,EGY,MENA
Egypt,"sptinc_p80p100_999_j_EG
Pre-tax national income 
P80-100 | share | all ages | equal split
",p80p100,1986,0.6065,1.0,EGY,MENA
Egypt,"sptinc_p80p100_999_j_EG
Pre-tax national income 
P80-100 | share | all ages | equal split
",p80p100,1987,0.6065,1.0,EGY,MENA
Egypt,"sptinc_p80p100_999_j_EG
Pre-tax national income 
P80-100 | share | all ages | equal split
",p80p100,1988,0.6065,1.0,EGY,MENA
Egypt,"sptinc_p80p100_999_j_EG
Pre-tax national income 
P80-100 | share | all ages | equal split
",p80p100,1989,0.6065,1.0,EGY,MENA
Egypt,"sptinc_p80p100_999_j_EG
Pre-tax national income 
P80-100 | share | all ages | equal split
",p80p100,1990,0.6065,3.0,EGY,MENA
Egypt,"sptinc_p80p100_999_j_EG
Pre-tax national income 
P80-100 | share | all ages | equal split
",p80p100,1991,0.6052000000000001,2.0,EGY,MENA
Egypt,"sptinc_p80p100_999_j_EG
Pre-tax national income 
P80-100 | share | all ages | equal split
",p80p100,1992,0.604,2.0,EGY,MENA
Egypt,"sptinc_p80p100_999_j_EG
Pre-tax national income 
P80-100 | share | all ages | equal split
",p80p100,1993,0.6029,2.0,EGY,MENA
Egypt,"sptinc_p80p100_999_j_EG
Pre-tax national income 
P80-100 | share | all ages | equal split
",p80p100,1994,0.6018,2.0,EGY,MENA
Egypt,"sptinc_p80p100_999_j_EG
Pre-tax national income 
P80-100 | share | all ages | equal split
",p80p100,1995,0.6007,3.0,EGY,MENA
Egypt,"sptinc_p80p100_999_j_EG
Pre-tax national income 
P80-100 | share | all ages | equal split
",p80p100,1996,0.6131,2.0,EGY,MENA
Egypt,"sptinc_p80p100_999_j_EG
Pre-tax national income 
P80-100 | share | all ages | equal split
",p80p100,1997,0.6247,2.0,EGY,MENA
Egypt,"sptinc_p80p100_999_j_EG
Pre-tax national income 
P80-100 | share | all ages | equal split
",p80p100,1998,0.6358,2.0,EGY,MENA
Egypt,"sptinc_p80p100_999_j_EG
Pre-tax national income 
P80-100 | share | all ages | equal split
",p80p100,1999,0.6462,3.0,EGY,MENA
Egypt,"sptinc_p80p100_999_j_EG
Pre-tax national income 
P80-100 | share | all ages | equal split
",p80p100,2000,0.6446000000000001,2.0,EGY,MENA
Egypt,"sptinc_p80p100_999_j_EG
Pre-tax national income 
P80-100 | share | all ages | equal split
",p80p100,2001,0.6429,2.0,EGY,MENA
Egypt,"sptinc_p80p100_999_j_EG
Pre-tax national income 
P80-100 | share | all ages | equal split
",p80p100,2002,0.6413,2.0,EGY,MENA
Egypt,"sptinc_p80p100_999_j_EG
Pre-tax national income 
P80-100 | share | all ages | equal split
",p80p100,2003,0.6396000000000001,2.0,EGY,MENA
Egypt,"sptinc_p80p100_999_j_EG
Pre-tax national income 
P80-100 | share | all ages | equal split
",p80p100,2004,0.638,3.0,EGY,MENA
Egypt,"sptinc_p80p100_999_j_EG
Pre-tax national income 
P80-100 | share | all ages | equal split
",p80p100,2005,0.638,2.0,EGY,MENA
Egypt,"sptinc_p80p100_999_j_EG
Pre-tax national income 
P80-100 | share | all ages | equal split
",p80p100,2006,0.6379,2.0,EGY,MENA
Egypt,"sptinc_p80p100_999_j_EG
Pre-tax national income 
P80-100 | share | all ages | equal split
",p80p100,2007,0.6379,2.0,EGY,MENA
Egypt,"sptinc_p80p100_999_j_EG
Pre-tax national income 
P80-100 | share | all ages | equal split
",p80p100,2008,0.6379,3.0,EGY,MENA
Egypt,"sptinc_p80p100_999_j_EG
Pre-tax national income 
P80-100 | share | all ages | equal split
",p80p100,2009,0.6287,2.0,EGY,MENA
Egypt,"sptinc_p80p100_999_j_EG
Pre-tax national income 
P80-100 | share | all ages | equal split
",p80p100,2010,0.6195,3.0,EGY,MENA
Egypt,"sptinc_p80p100_999_j_EG
Pre-tax national income 
P80-100 | share | all ages | equal split
",p80p100,2011,0.6248,2.0,EGY,MENA
Egypt,"sptinc_p80p100_999_j_EG
Pre-tax national income 
P80-100 | share | all ages | equal split
",p80p100,2012,0.63,3.0,EGY,MENA
Egypt,"sptinc_p80p100_999_j_EG
Pre-tax national income 
P80-100 | share | all ages | equal split
",p80p100,2013,0.6343,2.0,EGY,MENA
Egypt,"sptinc_p80p100_999_j_EG
Pre-tax national income 
P80-100 | share | all ages | equal split
",p80p100,2014,0.6385000000000001,2.0,EGY,MENA
Egypt,"sptinc_p80p100_999_j_EG
Pre-tax national income 
P80-100 | share | all ages | equal split
",p80p100,2015,0.6426000000000001,3.0,EGY,MENA
Egypt,"sptinc_p80p100_999_j_EG
Pre-tax national income 
P80-100 | share | all ages | equal split
",p80p100,2016,0.6381,2.0,EGY,MENA
Egypt,"sptinc_p80p100_999_j_EG
Pre-tax national income 
P80-100 | share | all ages | equal split
",p80p100,2017,0.6337,3.0,EGY,MENA
Egypt,"sptinc_p80p100_999_j_EG
Pre-tax national income 
P80-100 | share | all ages | equal split
",p80p100,2018,0.6339,2.0,EGY,MENA
Egypt,"sptinc_p80p100_999_j_EG
Pre-tax national income 
P80-100 | share | all ages | equal split
",p80p100,2019,0.6342,3.0,EGY,MENA
Egypt,"sptinc_p80p100_999_j_EG
Pre-tax national income 
P80-100 | share | all ages | equal split
",p80p100,2020,0.6273000000000001,1.0,EGY,MENA
Egypt,"sptinc_p80p100_999_j_EG
Pre-tax national income 
P80-100 | share | all ages | equal split
",p80p100,2021,0.6273000000000001,1.0,EGY,MENA
Egypt,"sptinc_p80p100_999_j_EG
Pre-tax national income 
P80-100 | share | all ages | equal split
",p80p100,2022,0.6273000000000001,1.0,EGY,MENA
Egypt,"sptinc_p80p100_999_j_EG
Pre-tax national income 
P80-100 | share | all ages | equal split
",p80p100,2023,0.6273000000000001,1.0,EGY,MENA
Egypt,"sptinc_p80p100_999_j_EG
Pre-tax national income 
P80-100 | share | all ages | equal split
",p80p100,2024,0.6273000000000001,1.0,EGY,MENA
El Salvador,"sptinc_p80p100_999_j_SV
Pre-tax national income 
P80-100 | share | all ages | equal split
",p80p100,1980,0.6796,1.0,SLV,Latin America & Caribbean
El Salvador,"sptinc_p80p100_999_j_SV
Pre-tax national income 
P80-100 | share | all ages | equal split
",p80p100,1981,0.6796,1.0,SLV,Latin America & Caribbean
El Salvador,"sptinc_p80p100_999_j_SV
Pre-tax national income 
P80-100 | share | all ages | equal split
",p80p100,1982,0.6796,1.0,SLV,Latin America & Caribbean
El Salvador,"sptinc_p80p100_999_j_SV
Pre-tax national income 
P80-100 | share | all ages | equal split
",p80p100,1983,0.6796,1.0,SLV,Latin America & Caribbean
El Salvador,"sptinc_p80p100_999_j_SV
Pre-tax national income 
P80-100 | share | all ages | equal split
",p80p100,1984,0.6796,1.0,SLV,Latin America & Caribbean
El Salvador,"sptinc_p80p100_999_j_SV
Pre-tax national income 
P80-100 | share | all ages | equal split
",p80p100,1985,0.6796,1.0,SLV,Latin America & Caribbean
El Salvador,"sptinc_p80p100_999_j_SV
Pre-tax national income 
P80-100 | share | all ages | equal split
",p80p100,1986,0.6796,1.0,SLV,Latin America & Caribbean
El Salvador,"sptinc_p80p100_999_j_SV
Pre-tax national income 
P80-100 | share | all ages | equal split
",p80p100,1987,0.6796,1.0,SLV,Latin America & Caribbean
El Salvador,"sptinc_p80p100_999_j_SV
Pre-tax national income 
P80-100 | share | all ages | equal split
",p80p100,1988,0.6796,1.0,SLV,Latin America & Caribbean
El Salvador,"sptinc_p80p100_999_j_SV
Pre-tax national income 
P80-100 | share | all ages | equal split
",p80p100,1989,0.6796,1.0,SLV,Latin America & Caribbean
El Salvador,"sptinc_p80p100_999_j_SV
Pre-tax national income 
P80-100 | share | all ages | equal split
",p80p100,1990,0.6796,1.0,SLV,Latin America & Caribbean
El Salvador,"sptinc_p80p100_999_j_SV
Pre-tax national income 
P80-100 | share | all ages | equal split
",p80p100,1991,0.6796,1.0,SLV,Latin America & Caribbean
El Salvador,"sptinc_p80p100_999_j_SV
Pre-tax national income 
P80-100 | share | all ages | equal split
",p80p100,1992,0.6796,1.0,SLV,Latin America & Caribbean
El Salvador,"sptinc_p80p100_999_j_SV
Pre-tax national income 
P80-100 | share | all ages | equal split
",p80p100,1993,0.6796,1.0,SLV,Latin America & Caribbean
El Salvador,"sptinc_p80p100_999_j_SV
Pre-tax national income 
P80-100 | share | all ages | equal split
",p80p100,1994,0.6796,1.0,SLV,Latin America & Caribbean
El Salvador,"sptinc_p80p100_999_j_SV
Pre-tax national income 
P80-100 | share | all ages | equal split
",p80p100,1995,0.6796,1.0,SLV,Latin America & Caribbean
El Salvador,"sptinc_p80p100_999_j_SV
Pre-tax national income 
P80-100 | share | all ages | equal split
",p80p100,1996,0.6796,1.0,SLV,Latin America & Caribbean
El Salvador,"sptinc_p80p100_999_j_SV
Pre-tax national income 
P80-100 | share | all ages | equal split
",p80p100,1997,0.6796,1.0,SLV,Latin America & Caribbean
El Salvador,"sptinc_p80p100_999_j_SV
Pre-tax national income 
P80-100 | share | all ages | equal split
",p80p100,1998,0.6796,1.0,SLV,Latin America & Caribbean
El Salvador,"sptinc_p80p100_999_j_SV
Pre-tax national income 
P80-100 | share | all ages | equal split
",p80p100,1999,0.6796,1.0,SLV,Latin America & Caribbean
El Salvador,"sptinc_p80p100_999_j_SV
Pre-tax national income 
P80-100 | share | all ages | equal split
",p80p100,2000,0.6796,3.0,SLV,Latin America & Caribbean
El Salvador,"sptinc_p80p100_999_j_SV
Pre-tax national income 
P80-100 | share | all ages | equal split
",p80p100,2001,0.6796,4.0,SLV,Latin America & Caribbean
El Salvador,"sptinc_p80p100_999_j_SV
Pre-tax national income 
P80-100 | share | all ages | equal split
",p80p100,2002,0.6738000000000001,4.0,SLV,Latin America & Caribbean
El Salvador,"sptinc_p80p100_999_j_SV
Pre-tax national income 
P80-100 | share | all ages | equal split
",p80p100,2003,0.6628000000000001,4.0,SLV,Latin America & Caribbean
El Salvador,"sptinc_p80p100_999_j_SV
Pre-tax national income 
P80-100 | share | all ages | equal split
",p80p100,2004,0.6651,4.0,SLV,Latin America & Caribbean
El Salvador,"sptinc_p80p100_999_j_SV
Pre-tax national income 
P80-100 | share | all ages | equal split
",p80p100,2005,0.6794,4.0,SLV,Latin America & Caribbean
El Salvador,"sptinc_p80p100_999_j_SV
Pre-tax national income 
P80-100 | share | all ages | equal split
",p80p100,2006,0.6606000000000001,4.0,SLV,Latin America & Caribbean
El Salvador,"sptinc_p80p100_999_j_SV
Pre-tax national income 
P80-100 | share | all ages | equal split
",p80p100,2007,0.6694,4.0,SLV,Latin America & Caribbean
El Salvador,"sptinc_p80p100_999_j_SV
Pre-tax national income 
P80-100 | share | all ages | equal split
",p80p100,2008,0.6651,2.0,SLV,Latin America & Caribbean
El Salvador,"sptinc_p80p100_999_j_SV
Pre-tax national income 
P80-100 | share | all ages | equal split
",p80p100,2009,0.6608,4.0,SLV,Latin America & Caribbean
El Salvador,"sptinc_p80p100_999_j_SV
Pre-tax national income 
P80-100 | share | all ages | equal split
",p80p100,2010,0.6436000000000001,4.0,SLV,Latin America & Caribbean
El Salvador,"sptinc_p80p100_999_j_SV
Pre-tax national income 
P80-100 | share | all ages | equal split
",p80p100,2011,0.6347,2.0,SLV,Latin America & Caribbean
El Salvador,"sptinc_p80p100_999_j_SV
Pre-tax national income 
P80-100 | share | all ages | equal split
",p80p100,2012,0.6259,4.0,SLV,Latin America & Caribbean
El Salvador,"sptinc_p80p100_999_j_SV
Pre-tax national income 
P80-100 | share | all ages | equal split
",p80p100,2013,0.6721,4.0,SLV,Latin America & Caribbean
El Salvador,"sptinc_p80p100_999_j_SV
Pre-tax national income 
P80-100 | share | all ages | equal split
",p80p100,2014,0.6667000000000001,4.0,SLV,Latin America & Caribbean
El Salvador,"sptinc_p80p100_999_j_SV
Pre-tax national income 
P80-100 | share | all ages | equal split
",p80p100,2015,0.6315000000000001,4.0,SLV,Latin America & Caribbean
El Salvador,"sptinc_p80p100_999_j_SV
Pre-tax national income 
P80-100 | share | all ages | equal split
",p80p100,2016,0.6442,4.0,SLV,Latin America & Caribbean
El Salvador,"sptinc_p80p100_999_j_SV
Pre-tax national income 
P80-100 | share | all ages | equal split
",p80p100,2017,0.6062000000000001,4.0,SLV,Latin America & Caribbean
El Salvador,"sptinc_p80p100_999_j_SV
Pre-tax national income 
P80-100 | share | all ages | equal split
",p80p100,2018,0.6078,3.0,SLV,Latin America & Caribbean
El Salvador,"sptinc_p80p100_999_j_SV
Pre-tax national income 
P80-100 | share | all ages | equal split
",p80p100,2019,0.6128,3.0,SLV,Latin America & Caribbean
El Salvador,"sptinc_p80p100_999_j_SV
Pre-tax national income 
P80-100 | share | all ages | equal split
",p80p100,2020,0.6338,3.0,SLV,Latin America & Caribbean
El Salvador,"sptinc_p80p100_999_j_SV
Pre-tax national income 
P80-100 | share | all ages | equal split
",p80p100,2021,0.5979,3.0,SLV,Latin America & Caribbean
El Salvador,"sptinc_p80p100_999_j_SV
Pre-tax national income 
P80-100 | share | all ages | equal split
",p80p100,2022,0.5881000000000001,3.0,SLV,Latin America & Caribbean
El Salvador,"sptinc_p80p100_999_j_SV
Pre-tax national income 
P80-100 | share | all ages | equal split
",p80p100,2023,0.6026,3.0,SLV,Latin America & Caribbean
El Salvador,"sptinc_p80p100_999_j_SV
Pre-tax national income 
P80-100 | share | all ages | equal split
",p80p100,2024,0.6026,1.0,SLV,Latin America & Caribbean
Estonia,"sptinc_p80p100_999_j_EE
Pre-tax national income 
P80-100 | share | all ages | equal split
",p80p100,1980,0.394,2.0,EST,Eastern Europe & FSU
Estonia,"sptinc_p80p100_999_j_EE
Pre-tax national income 
P80-100 | share | all ages | equal split
",p80p100,1981,0.394,2.0,EST,Eastern Europe & FSU
Estonia,"sptinc_p80p100_999_j_EE
Pre-tax national income 
P80-100 | share | all ages | equal split
",p80p100,1982,0.3941,2.0,EST,Eastern Europe & FSU
Estonia,"sptinc_p80p100_999_j_EE
Pre-tax national income 
P80-100 | share | all ages | equal split
",p80p100,1983,0.394,2.0,EST,Eastern Europe & FSU
Estonia,"sptinc_p80p100_999_j_EE
Pre-tax national income 
P80-100 | share | all ages | equal split
",p80p100,1984,0.3941,2.0,EST,Eastern Europe & FSU
Estonia,"sptinc_p80p100_999_j_EE
Pre-tax national income 
P80-100 | share | all ages | equal split
",p80p100,1985,0.3943,2.0,EST,Eastern Europe & FSU
Estonia,"sptinc_p80p100_999_j_EE
Pre-tax national income 
P80-100 | share | all ages | equal split
",p80p100,1986,0.3942,2.0,EST,Eastern Europe & FSU
Estonia,"sptinc_p80p100_999_j_EE
Pre-tax national income 
P80-100 | share | all ages | equal split
",p80p100,1987,0.3943,2.0,EST,Eastern Europe & FSU
Estonia,"sptinc_p80p100_999_j_EE
Pre-tax national income 
P80-100 | share | all ages | equal split
",p80p100,1988,0.3943,2.0,EST,Eastern Europe & FSU
Estonia,"sptinc_p80p100_999_j_EE
Pre-tax national income 
P80-100 | share | all ages | equal split
",p80p100,1989,0.4342,2.0,EST,Eastern Europe & FSU
Estonia,"sptinc_p80p100_999_j_EE
Pre-tax national income 
P80-100 | share | all ages | equal split
",p80p100,1990,0.4826,2.0,EST,Eastern Europe & FSU
Estonia,"sptinc_p80p100_999_j_EE
Pre-tax national income 
P80-100 | share | all ages | equal split
",p80p100,1991,0.5204,2.0,EST,Eastern Europe & FSU
Estonia,"sptinc_p80p100_999_j_EE
Pre-tax national income 
P80-100 | share | all ages | equal split
",p80p100,1992,0.5264,2.0,EST,Eastern Europe & FSU
Estonia,"sptinc_p80p100_999_j_EE
Pre-tax national income 
P80-100 | share | all ages | equal split
",p80p100,1993,0.5591,2.0,EST,Eastern Europe & FSU
Estonia,"sptinc_p80p100_999_j_EE
Pre-tax national income 
P80-100 | share | all ages | equal split
",p80p100,1994,0.5725,2.0,EST,Eastern Europe & FSU
Estonia,"sptinc_p80p100_999_j_EE
Pre-tax national income 
P80-100 | share | all ages | equal split
",p80p100,1995,0.5724,2.0,EST,Eastern Europe & FSU
Estonia,"sptinc_p80p100_999_j_EE
Pre-tax national income 
P80-100 | share | all ages | equal split
",p80p100,1996,0.5871000000000001,2.0,EST,Eastern Europe & FSU
Estonia,"sptinc_p80p100_999_j_EE
Pre-tax national income 
P80-100 | share | all ages | equal split
",p80p100,1997,0.5852,2.0,EST,Eastern Europe & FSU
Estonia,"sptinc_p80p100_999_j_EE
Pre-tax national income 
P80-100 | share | all ages | equal split
",p80p100,1998,0.5720000000000001,2.0,EST,Eastern Europe & FSU
Estonia,"sptinc_p80p100_999_j_EE
Pre-tax national income 
P80-100 | share | all ages | equal split
",p80p100,1999,0.5690000000000001,2.0,EST,Eastern Europe & FSU
Estonia,"sptinc_p80p100_999_j_EE
Pre-tax national income 
P80-100 | share | all ages | equal split
",p80p100,2000,0.5749000000000001,2.0,EST,Eastern Europe & FSU
Estonia,"sptinc_p80p100_999_j_EE
Pre-tax national income 
P80-100 | share | all ages | equal split
",p80p100,2001,0.5655,2.0,EST,Eastern Europe & FSU
Estonia,"sptinc_p80p100_999_j_EE
Pre-tax national income 
P80-100 | share | all ages | equal split
",p80p100,2002,0.5819,2.0,EST,Eastern Europe & FSU
Estonia,"sptinc_p80p100_999_j_EE
Pre-tax national income 
P80-100 | share | all ages | equal split
",p80p100,2003,0.5891000000000001,4.0,EST,Eastern Europe & FSU
Estonia,"sptinc_p80p100_999_j_EE
Pre-tax national income 
P80-100 | share | all ages | equal split
",p80p100,2004,0.5673,4.0,EST,Eastern Europe & FSU
Estonia,"sptinc_p80p100_999_j_EE
Pre-tax national income 
P80-100 | share | all ages | equal split
",p80p100,2005,0.5916,4.0,EST,Eastern Europe & FSU
Estonia,"sptinc_p80p100_999_j_EE
Pre-tax national income 
P80-100 | share | all ages | equal split
",p80p100,2006,0.5628000000000001,4.0,EST,Eastern Europe & FSU
Estonia,"sptinc_p80p100_999_j_EE
Pre-tax national income 
P80-100 | share | all ages | equal split
",p80p100,2007,0.5451,4.0,EST,Eastern Europe & FSU
Estonia,"sptinc_p80p100_999_j_EE
Pre-tax national income 
P80-100 | share | all ages | equal split
",p80p100,2008,0.5296000000000001,4.0,EST,Eastern Europe & FSU
Estonia,"sptinc_p80p100_999_j_EE
Pre-tax national income 
P80-100 | share | all ages | equal split
",p80p100,2009,0.5081,4.0,EST,Eastern Europe & FSU
Estonia,"sptinc_p80p100_999_j_EE
Pre-tax national income 
P80-100 | share | all ages | equal split
",p80p100,2010,0.5232,4.0,EST,Eastern Europe & FSU
Estonia,"sptinc_p80p100_999_j_EE
Pre-tax national income 
P80-100 | share | all ages | equal split
",p80p100,2011,0.5328,4.0,EST,Eastern Europe & FSU
Estonia,"sptinc_p80p100_999_j_EE
Pre-tax national income 
P80-100 | share | all ages | equal split
",p80p100,2012,0.5466,4.0,EST,Eastern Europe & FSU
Estonia,"sptinc_p80p100_999_j_EE
Pre-tax national income 
P80-100 | share | all ages | equal split
",p80p100,2013,0.5513,4.0,EST,Eastern Europe & FSU
Estonia,"sptinc_p80p100_999_j_EE
Pre-tax national income 
P80-100 | share | all ages | equal split
",p80p100,2014,0.5475,4.0,EST,Eastern Europe & FSU
Estonia,"sptinc_p80p100_999_j_EE
Pre-tax national income 
P80-100 | share | all ages | equal split
",p80p100,2015,0.5231,4.0,EST,Eastern Europe & FSU
Estonia,"sptinc_p80p100_999_j_EE
Pre-tax national income 
P80-100 | share | all ages | equal split
",p80p100,2016,0.5147,4.0,EST,Eastern Europe & FSU
Estonia,"sptinc_p80p100_999_j_EE
Pre-tax national income 
P80-100 | share | all ages | equal split
",p80p100,2017,0.5111,4.0,EST,Eastern Europe & FSU
Estonia,"sptinc_p80p100_999_j_EE
Pre-tax national income 
P80-100 | share | all ages | equal split
",p80p100,2018,0.5123,4.0,EST,Eastern Europe & FSU
Estonia,"sptinc_p80p100_999_j_EE
Pre-tax national income 
P80-100 | share | all ages | equal split
",p80p100,2019,0.555,4.0,EST,Eastern Europe & FSU
Estonia,"sptinc_p80p100_999_j_EE
Pre-tax national income 
P80-100 | share | all ages | equal split
",p80p100,2020,0.555,4.0,EST,Eastern Europe & FSU
Estonia,"sptinc_p80p100_999_j_EE
Pre-tax national income 
P80-100 | share | all ages | equal split
",p80p100,2021,0.5652,4.0,EST,Eastern Europe & FSU
Estonia,"sptinc_p80p100_999_j_EE
Pre-tax national income 
P80-100 | share | all ages | equal split
",p80p100,2022,0.5760000000000001,4.0,EST,Eastern Europe & FSU
Estonia,"sptinc_p80p100_999_j_EE
Pre-tax national income 
P80-100 | share | all ages | equal split
",p80p100,2023,0.5642,4.0,EST,Eastern Europe & FSU
Estonia,"sptinc_p80p100_999_j_EE
Pre-tax national income 
P80-100 | share | all ages | equal split
",p80p100,2024,0.5642,1.0,EST,Eastern Europe & FSU
Fiji,"sptinc_p80p100_999_j_FJ
Pre-tax national income 
P80-100 | share | all ages | equal split
",p80p100,1980,0.4749,0.0,FJI,Oceania
Fiji,"sptinc_p80p100_999_j_FJ
Pre-tax national income 
P80-100 | share | all ages | equal split
",p80p100,1981,0.4755,0.0,FJI,Oceania
Fiji,"sptinc_p80p100_999_j_FJ
Pre-tax national income 
P80-100 | share | all ages | equal split
",p80p100,1982,0.4762,0.0,FJI,Oceania
Fiji,"sptinc_p80p100_999_j_FJ
Pre-tax national income 
P80-100 | share | all ages | equal split
",p80p100,1983,0.4769,0.0,FJI,Oceania
Fiji,"sptinc_p80p100_999_j_FJ
Pre-tax national income 
P80-100 | share | all ages | equal split
",p80p100,1984,0.4776,0.0,FJI,Oceania
Fiji,"sptinc_p80p100_999_j_FJ
Pre-tax national income 
P80-100 | share | all ages | equal split
",p80p100,1985,0.4783,0.0,FJI,Oceania
Fiji,"sptinc_p80p100_999_j_FJ
Pre-tax national income 
P80-100 | share | all ages | equal split
",p80p100,1986,0.4791,0.0,FJI,Oceania
Fiji,"sptinc_p80p100_999_j_FJ
Pre-tax national income 
P80-100 | share | all ages | equal split
",p80p100,1987,0.4798,0.0,FJI,Oceania
Fiji,"sptinc_p80p100_999_j_FJ
Pre-tax national income 
P80-100 | share | all ages | equal split
",p80p100,1988,0.4806,0.0,FJI,Oceania
Fiji,"sptinc_p80p100_999_j_FJ
Pre-tax national income 
P80-100 | share | all ages | equal split
",p80p100,1989,0.4813,0.0,FJI,Oceania
Fiji,"sptinc_p80p100_999_j_FJ
Pre-tax national income 
P80-100 | share | all ages | equal split
",p80p100,1990,0.4821,0.0,FJI,Oceania
Fiji,"sptinc_p80p100_999_j_FJ
Pre-tax national income 
P80-100 | share | all ages | equal split
",p80p100,1991,0.4838,0.0,FJI,Oceania
Fiji,"sptinc_p80p100_999_j_FJ
Pre-tax national income 
P80-100 | share | all ages | equal split
",p80p100,1992,0.4854,0.0,FJI,Oceania
Fiji,"sptinc_p80p100_999_j_FJ
Pre-tax national income 
P80-100 | share | all ages | equal split
",p80p100,1993,0.4869,0.0,FJI,Oceania
Fiji,"sptinc_p80p100_999_j_FJ
Pre-tax national income 
P80-100 | share | all ages | equal split
",p80p100,1994,0.4885,0.0,FJI,Oceania
Fiji,"sptinc_p80p100_999_j_FJ
Pre-tax national income 
P80-100 | share | all ages | equal split
",p80p100,1995,0.4899,0.0,FJI,Oceania
Fiji,"sptinc_p80p100_999_j_FJ
Pre-tax national income 
P80-100 | share | all ages | equal split
",p80p100,1996,0.4913,0.0,FJI,Oceania
Fiji,"sptinc_p80p100_999_j_FJ
Pre-tax national income 
P80-100 | share | all ages | equal split
",p80p100,1997,0.4927,0.0,FJI,Oceania
Fiji,"sptinc_p80p100_999_j_FJ
Pre-tax national income 
P80-100 | share | all ages | equal split
",p80p100,1998,0.4940000000000001,0.0,FJI,Oceania
Fiji,"sptinc_p80p100_999_j_FJ
Pre-tax national income 
P80-100 | share | all ages | equal split
",p80p100,1999,0.4953,0.0,FJI,Oceania
Fiji,"sptinc_p80p100_999_j_FJ
Pre-tax national income 
P80-100 | share | all ages | equal split
",p80p100,2000,0.4966,0.0,FJI,Oceania
Fiji,"sptinc_p80p100_999_j_FJ
Pre-tax national income 
P80-100 | share | all ages | equal split
",p80p100,2001,0.5054000000000001,0.0,FJI,Oceania
Fiji,"sptinc_p80p100_999_j_FJ
Pre-tax national income 
P80-100 | share | all ages | equal split
",p80p100,2002,0.514,0.0,FJI,Oceania
Fiji,"sptinc_p80p100_999_j_FJ
Pre-tax national income 
P80-100 | share | all ages | equal split
",p80p100,2003,0.5224,0.0,FJI,Oceania
Fiji,"sptinc_p80p100_999_j_FJ
Pre-tax national income 
P80-100 | share | all ages | equal split
",p80p100,2004,0.5306000000000001,0.0,FJI,Oceania
Fiji,"sptinc_p80p100_999_j_FJ
Pre-tax national income 
P80-100 | share | all ages | equal split
",p80p100,2005,0.5386000000000001,0.0,FJI,Oceania
Fiji,"sptinc_p80p100_999_j_FJ
Pre-tax national income 
P80-100 | share | all ages | equal split
",p80p100,2006,0.5465,0.0,FJI,Oceania
Fiji,"sptinc_p80p100_999_j_FJ
Pre-tax national income 
P80-100 | share | all ages | equal split
",p80p100,2007,0.5541,0.0,FJI,Oceania
Fiji,"sptinc_p80p100_999_j_FJ
Pre-tax national income 
P80-100 | share | all ages | equal split
",p80p100,2008,0.5616,0.0,FJI,Oceania
Fiji,"sptinc_p80p100_999_j_FJ
Pre-tax national income 
P80-100 | share | all ages | equal split
",p80p100,2009,0.5689000000000001,0.0,FJI,Oceania
Fiji,"sptinc_p80p100_999_j_FJ
Pre-tax national income 
P80-100 | share | all ages | equal split
",p80p100,2010,0.5761000000000001,0.0,FJI,Oceania
Fiji,"sptinc_p80p100_999_j_FJ
Pre-tax national income 
P80-100 | share | all ages | equal split
",p80p100,2011,0.5782,0.0,FJI,Oceania
Fiji,"sptinc_p80p100_999_j_FJ
Pre-tax national income 
P80-100 | share | all ages | equal split
",p80p100,2012,0.5803,0.0,FJI,Oceania
Fiji,"sptinc_p80p100_999_j_FJ
Pre-tax national income 
P80-100 | share | all ages | equal split
",p80p100,2013,0.5822,0.0,FJI,Oceania
Fiji,"sptinc_p80p100_999_j_FJ
Pre-tax national income 
P80-100 | share | all ages | equal split
",p80p100,2014,0.5841000000000001,0.0,FJI,Oceania
Fiji,"sptinc_p80p100_999_j_FJ
Pre-tax national income 
P80-100 | share | all ages | equal split
",p80p100,2015,0.5859,0.0,FJI,Oceania
Fiji,"sptinc_p80p100_999_j_FJ
Pre-tax national income 
P80-100 | share | all ages | equal split
",p80p100,2016,0.5876,0.0,FJI,Oceania
Fiji,"sptinc_p80p100_999_j_FJ
Pre-tax national income 
P80-100 | share | all ages | equal split
",p80p100,2017,0.5892000000000001,0.0,FJI,Oceania
Fiji,"sptinc_p80p100_999_j_FJ
Pre-tax national income 
P80-100 | share | all ages | equal split
",p80p100,2018,0.5908,0.0,FJI,Oceania
Fiji,"sptinc_p80p100_999_j_FJ
Pre-tax national income 
P80-100 | share | all ages | equal split
",p80p100,2019,0.5923,0.0,FJI,Oceania
Fiji,"sptinc_p80p100_999_j_FJ
Pre-tax national income 
P80-100 | share | all ages | equal split
",p80p100,2020,0.5937,0.0,FJI,Oceania
Fiji,"sptinc_p80p100_999_j_FJ
Pre-tax national income 
P80-100 | share | all ages | equal split
",p80p100,2021,0.5937,0.0,FJI,Oceania
Fiji,"sptinc_p80p100_999_j_FJ
Pre-tax national income 
P80-100 | share | all ages | equal split
",p80p100,2022,0.5937,0.0,FJI,Oceania
Fiji,"sptinc_p80p100_999_j_FJ
Pre-tax national income 
P80-100 | share | all ages | equal split
",p80p100,2023,0.5937,0.0,FJI,Oceania
Fiji,"sptinc_p80p100_999_j_FJ
Pre-tax national income 
P80-100 | share | all ages | equal split
",p80p100,2024,0.5937,0.0,FJI,Oceania
Finland,"sptinc_p80p100_999_j_FI
Pre-tax national income 
P80-100 | share | all ages | equal split
",p80p100,1960,0.4777,3.0,FIN,Nordic
Finland,"sptinc_p80p100_999_j_FI
Pre-tax national income 
P80-100 | share | all ages | equal split
",p80p100,1961,0.4767,3.0,FIN,Nordic
Finland,"sptinc_p80p100_999_j_FI
Pre-tax national income 
P80-100 | share | all ages | equal split
",p80p100,1962,0.4727,3.0,FIN,Nordic
Finland,"sptinc_p80p100_999_j_FI
Pre-tax national income 
P80-100 | share | all ages | equal split
",p80p100,1963,0.4725,3.0,FIN,Nordic
Finland,"sptinc_p80p100_999_j_FI
Pre-tax national income 
P80-100 | share | all ages | equal split
",p80p100,1964,0.4682,3.0,FIN,Nordic
Finland,"sptinc_p80p100_999_j_FI
Pre-tax national income 
P80-100 | share | all ages | equal split
",p80p100,1965,0.4653,3.0,FIN,Nordic
Finland,"sptinc_p80p100_999_j_FI
Pre-tax national income 
P80-100 | share | all ages | equal split
",p80p100,1966,0.4637,3.0,FIN,Nordic
Finland,"sptinc_p80p100_999_j_FI
Pre-tax national income 
P80-100 | share | all ages | equal split
",p80p100,1967,0.4612,3.0,FIN,Nordic
Finland,"sptinc_p80p100_999_j_FI
Pre-tax national income 
P80-100 | share | all ages | equal split
",p80p100,1968,0.4579,3.0,FIN,Nordic
Finland,"sptinc_p80p100_999_j_FI
Pre-tax national income 
P80-100 | share | all ages | equal split
",p80p100,1969,0.4512,3.0,FIN,Nordic
Finland,"sptinc_p80p100_999_j_FI
Pre-tax national income 
P80-100 | share | all ages | equal split
",p80p100,1970,0.4492,3.0,FIN,Nordic
Finland,"sptinc_p80p100_999_j_FI
Pre-tax national income 
P80-100 | share | all ages | equal split
",p80p100,1971,0.4475,3.0,FIN,Nordic
Finland,"sptinc_p80p100_999_j_FI
Pre-tax national income 
P80-100 | share | all ages | equal split
",p80p100,1972,0.4464,3.0,FIN,Nordic
Finland,"sptinc_p80p100_999_j_FI
Pre-tax national income 
P80-100 | share | all ages | equal split
",p80p100,1973,0.4417,3.0,FIN,Nordic
Finland,"sptinc_p80p100_999_j_FI
Pre-tax national income 
P80-100 | share | all ages | equal split
",p80p100,1974,0.4397,3.0,FIN,Nordic
Finland,"sptinc_p80p100_999_j_FI
Pre-tax national income 
P80-100 | share | all ages | equal split
",p80p100,1975,0.438,3.0,FIN,Nordic
Finland,"sptinc_p80p100_999_j_FI
Pre-tax national income 
P80-100 | share | all ages | equal split
",p80p100,1976,0.4346,3.0,FIN,Nordic
Finland,"sptinc_p80p100_999_j_FI
Pre-tax national income 
P80-100 | share | all ages | equal split
",p80p100,1977,0.4324,3.0,FIN,Nordic
Finland,"sptinc_p80p100_999_j_FI
Pre-tax national income 
P80-100 | share | all ages | equal split
",p80p100,1978,0.4303,3.0,FIN,Nordic
Finland,"sptinc_p80p100_999_j_FI
Pre-tax national income 
P80-100 | share | all ages | equal split
",p80p100,1979,0.4279,3.0,FIN,Nordic
Finland,"sptinc_p80p100_999_j_FI
Pre-tax national income 
P80-100 | share | all ages | equal split
",p80p100,1980,0.4382,4.0,FIN,Nordic
Finland,"sptinc_p80p100_999_j_FI
Pre-tax national income 
P80-100 | share | all ages | equal split
",p80p100,1981,0.4314,4.0,FIN,Nordic
Finland,"sptinc_p80p100_999_j_FI
Pre-tax national income 
P80-100 | share | all ages | equal split
",p80p100,1982,0.4351,4.0,FIN,Nordic
Finland,"sptinc_p80p100_999_j_FI
Pre-tax national income 
P80-100 | share | all ages | equal split
",p80p100,1983,0.4369,4.0,FIN,Nordic
Finland,"sptinc_p80p100_999_j_FI
Pre-tax national income 
P80-100 | share | all ages | equal split
",p80p100,1984,0.4301,4.0,FIN,Nordic
Finland,"sptinc_p80p100_999_j_FI
Pre-tax national income 
P80-100 | share | all ages | equal split
",p80p100,1985,0.4333,4.0,FIN,Nordic
Finland,"sptinc_p80p100_999_j_FI
Pre-tax national income 
P80-100 | share | all ages | equal split
",p80p100,1986,0.4326,4.0,FIN,Nordic
Finland,"sptinc_p80p100_999_j_FI
Pre-tax national income 
P80-100 | share | all ages | equal split
",p80p100,1987,0.4342,4.0,FIN,Nordic
Finland,"sptinc_p80p100_999_j_FI
Pre-tax national income 
P80-100 | share | all ages | equal split
",p80p100,1988,0.437,4.0,FIN,Nordic
Finland,"sptinc_p80p100_999_j_FI
Pre-tax national income 
P80-100 | share | all ages | equal split
",p80p100,1989,0.4299,4.0,FIN,Nordic
Finland,"sptinc_p80p100_999_j_FI
Pre-tax national income 
P80-100 | share | all ages | equal split
",p80p100,1990,0.4159,4.0,FIN,Nordic
Finland,"sptinc_p80p100_999_j_FI
Pre-tax national income 
P80-100 | share | all ages | equal split
",p80p100,1991,0.4044,4.0,FIN,Nordic
Finland,"sptinc_p80p100_999_j_FI
Pre-tax national income 
P80-100 | share | all ages | equal split
",p80p100,1992,0.4038,4.0,FIN,Nordic
Finland,"sptinc_p80p100_999_j_FI
Pre-tax national income 
P80-100 | share | all ages | equal split
",p80p100,1993,0.4106,4.0,FIN,Nordic
Finland,"sptinc_p80p100_999_j_FI
Pre-tax national income 
P80-100 | share | all ages | equal split
",p80p100,1994,0.44,4.0,FIN,Nordic
Finland,"sptinc_p80p100_999_j_FI
Pre-tax national income 
P80-100 | share | all ages | equal split
",p80p100,1995,0.45,4.0,FIN,Nordic
Finland,"sptinc_p80p100_999_j_FI
Pre-tax national income 
P80-100 | share | all ages | equal split
",p80p100,1996,0.4518,4.0,FIN,Nordic
Finland,"sptinc_p80p100_999_j_FI
Pre-tax national income 
P80-100 | share | all ages | equal split
",p80p100,1997,0.4634,4.0,FIN,Nordic
Finland,"sptinc_p80p100_999_j_FI
Pre-tax national income 
P80-100 | share | all ages | equal split
",p80p100,1998,0.4685,4.0,FIN,Nordic
Finland,"sptinc_p80p100_999_j_FI
Pre-tax national income 
P80-100 | share | all ages | equal split
",p80p100,1999,0.469,4.0,FIN,Nordic
Finland,"sptinc_p80p100_999_j_FI
Pre-tax national income 
P80-100 | share | all ages | equal split
",p80p100,2000,0.4801,4.0,FIN,Nordic
Finland,"sptinc_p80p100_999_j_FI
Pre-tax national income 
P80-100 | share | all ages | equal split
",p80p100,2001,0.4736,4.0,FIN,Nordic
Finland,"sptinc_p80p100_999_j_FI
Pre-tax national income 
P80-100 | share | all ages | equal split
",p80p100,2002,0.4687,4.0,FIN,Nordic
Finland,"sptinc_p80p100_999_j_FI
Pre-tax national income 
P80-100 | share | all ages | equal split
",p80p100,2003,0.4642,4.0,FIN,Nordic
Finland,"sptinc_p80p100_999_j_FI
Pre-tax national income 
P80-100 | share | all ages | equal split
",p80p100,2004,0.4717,4.0,FIN,Nordic
Finland,"sptinc_p80p100_999_j_FI
Pre-tax national income 
P80-100 | share | all ages | equal split
",p80p100,2005,0.4641,4.0,FIN,Nordic
Finland,"sptinc_p80p100_999_j_FI
Pre-tax national income 
P80-100 | share | all ages | equal split
",p80p100,2006,0.4741,4.0,FIN,Nordic
Finland,"sptinc_p80p100_999_j_FI
Pre-tax national income 
P80-100 | share | all ages | equal split
",p80p100,2007,0.473,4.0,FIN,Nordic
Finland,"sptinc_p80p100_999_j_FI
Pre-tax national income 
P80-100 | share | all ages | equal split
",p80p100,2008,0.4889,4.0,FIN,Nordic
Finland,"sptinc_p80p100_999_j_FI
Pre-tax national income 
P80-100 | share | all ages | equal split
",p80p100,2009,0.4812,4.0,FIN,Nordic
Finland,"sptinc_p80p100_999_j_FI
Pre-tax national income 
P80-100 | share | all ages | equal split
",p80p100,2010,0.4857,3.0,FIN,Nordic
Finland,"sptinc_p80p100_999_j_FI
Pre-tax national income 
P80-100 | share | all ages | equal split
",p80p100,2011,0.484,3.0,FIN,Nordic
Finland,"sptinc_p80p100_999_j_FI
Pre-tax national income 
P80-100 | share | all ages | equal split
",p80p100,2012,0.4793,3.0,FIN,Nordic
Finland,"sptinc_p80p100_999_j_FI
Pre-tax national income 
P80-100 | share | all ages | equal split
",p80p100,2013,0.4766,3.0,FIN,Nordic
Finland,"sptinc_p80p100_999_j_FI
Pre-tax national income 
P80-100 | share | all ages | equal split
",p80p100,2014,0.4807,3.0,FIN,Nordic
Finland,"sptinc_p80p100_999_j_FI
Pre-tax national income 
P80-100 | share | all ages | equal split
",p80p100,2015,0.4881,3.0,FIN,Nordic
Finland,"sptinc_p80p100_999_j_FI
Pre-tax national income 
P80-100 | share | all ages | equal split
",p80p100,2016,0.4861,3.0,FIN,Nordic
Finland,"sptinc_p80p100_999_j_FI
Pre-tax national income 
P80-100 | share | all ages | equal split
",p80p100,2017,0.4921,3.0,FIN,Nordic
Finland,"sptinc_p80p100_999_j_FI
Pre-tax national income 
P80-100 | share | all ages | equal split
",p80p100,2018,0.4899,3.0,FIN,Nordic
Finland,"sptinc_p80p100_999_j_FI
Pre-tax national income 
P80-100 | share | all ages | equal split
",p80p100,2019,0.4855,3.0,FIN,Nordic
Finland,"sptinc_p80p100_999_j_FI
Pre-tax national income 
P80-100 | share | all ages | equal split
",p80p100,2020,0.4855,3.0,FIN,Nordic
Finland,"sptinc_p80p100_999_j_FI
Pre-tax national income 
P80-100 | share | all ages | equal split
",p80p100,2021,0.481,3.0,FIN,Nordic
Finland,"sptinc_p80p100_999_j_FI
Pre-tax national income 
P80-100 | share | all ages | equal split
",p80p100,2022,0.4771,3.0,FIN,Nordic
Finland,"sptinc_p80p100_999_j_FI
Pre-tax national income 
P80-100 | share | all ages | equal split
",p80p100,2023,0.4603,3.0,FIN,Nordic
Finland,"sptinc_p80p100_999_j_FI
Pre-tax national income 
P80-100 | share | all ages | equal split
",p80p100,2024,0.4603,1.0,FIN,Nordic
France,"sptinc_p80p100_999_j_FR
Pre-tax national income 
P80-100 | share | all ages | equal split
",p80p100,1960,0.5364,3.0,FRA,Western Europe
France,"sptinc_p80p100_999_j_FR
Pre-tax national income 
P80-100 | share | all ages | equal split
",p80p100,1961,0.5429,3.0,FRA,Western Europe
France,"sptinc_p80p100_999_j_FR
Pre-tax national income 
P80-100 | share | all ages | equal split
",p80p100,1962,0.5339,3.0,FRA,Western Europe
France,"sptinc_p80p100_999_j_FR
Pre-tax national income 
P80-100 | share | all ages | equal split
",p80p100,1963,0.5365,3.0,FRA,Western Europe
France,"sptinc_p80p100_999_j_FR
Pre-tax national income 
P80-100 | share | all ages | equal split
",p80p100,1964,0.5436,3.0,FRA,Western Europe
France,"sptinc_p80p100_999_j_FR
Pre-tax national income 
P80-100 | share | all ages | equal split
",p80p100,1965,0.5492,3.0,FRA,Western Europe
France,"sptinc_p80p100_999_j_FR
Pre-tax national income 
P80-100 | share | all ages | equal split
",p80p100,1966,0.5386000000000001,3.0,FRA,Western Europe
France,"sptinc_p80p100_999_j_FR
Pre-tax national income 
P80-100 | share | all ages | equal split
",p80p100,1967,0.5356000000000001,3.0,FRA,Western Europe
France,"sptinc_p80p100_999_j_FR
Pre-tax national income 
P80-100 | share | all ages | equal split
",p80p100,1968,0.5208,3.0,FRA,Western Europe
France,"sptinc_p80p100_999_j_FR
Pre-tax national income 
P80-100 | share | all ages | equal split
",p80p100,1969,0.5103,3.0,FRA,Western Europe
France,"sptinc_p80p100_999_j_FR
Pre-tax national income 
P80-100 | share | all ages | equal split
",p80p100,1970,0.5049,5.0,FRA,Western Europe
France,"sptinc_p80p100_999_j_FR
Pre-tax national income 
P80-100 | share | all ages | equal split
",p80p100,1971,0.5021,3.0,FRA,Western Europe
France,"sptinc_p80p100_999_j_FR
Pre-tax national income 
P80-100 | share | all ages | equal split
",p80p100,1972,0.4979,3.0,FRA,Western Europe
France,"sptinc_p80p100_999_j_FR
Pre-tax national income 
P80-100 | share | all ages | equal split
",p80p100,1973,0.5056,3.0,FRA,Western Europe
France,"sptinc_p80p100_999_j_FR
Pre-tax national income 
P80-100 | share | all ages | equal split
",p80p100,1974,0.5016,3.0,FRA,Western Europe
France,"sptinc_p80p100_999_j_FR
Pre-tax national income 
P80-100 | share | all ages | equal split
",p80p100,1975,0.4995,5.0,FRA,Western Europe
France,"sptinc_p80p100_999_j_FR
Pre-tax national income 
P80-100 | share | all ages | equal split
",p80p100,1976,0.4939,3.0,FRA,Western Europe
France,"sptinc_p80p100_999_j_FR
Pre-tax national income 
P80-100 | share | all ages | equal split
",p80p100,1977,0.4757,3.0,FRA,Western Europe
France,"sptinc_p80p100_999_j_FR
Pre-tax national income 
P80-100 | share | all ages | equal split
",p80p100,1978,0.4683,3.0,FRA,Western Europe
France,"sptinc_p80p100_999_j_FR
Pre-tax national income 
P80-100 | share | all ages | equal split
",p80p100,1979,0.478,5.0,FRA,Western Europe
France,"sptinc_p80p100_999_j_FR
Pre-tax national income 
P80-100 | share | all ages | equal split
",p80p100,1980,0.4443,5.0,FRA,Western Europe
France,"sptinc_p80p100_999_j_FR
Pre-tax national income 
P80-100 | share | all ages | equal split
",p80p100,1981,0.4427,5.0,FRA,Western Europe
France,"sptinc_p80p100_999_j_FR
Pre-tax national income 
P80-100 | share | all ages | equal split
",p80p100,1982,0.4406,5.0,FRA,Western Europe
France,"sptinc_p80p100_999_j_FR
Pre-tax national income 
P80-100 | share | all ages | equal split
",p80p100,1983,0.4417,5.0,FRA,Western Europe
France,"sptinc_p80p100_999_j_FR
Pre-tax national income 
P80-100 | share | all ages | equal split
",p80p100,1984,0.444,5.0,FRA,Western Europe
France,"sptinc_p80p100_999_j_FR
Pre-tax national income 
P80-100 | share | all ages | equal split
",p80p100,1985,0.4469,5.0,FRA,Western Europe
France,"sptinc_p80p100_999_j_FR
Pre-tax national income 
P80-100 | share | all ages | equal split
",p80p100,1986,0.454,5.0,FRA,Western Europe
France,"sptinc_p80p100_999_j_FR
Pre-tax national income 
P80-100 | share | all ages | equal split
",p80p100,1987,0.4583,5.0,FRA,Western Europe
France,"sptinc_p80p100_999_j_FR
Pre-tax national income 
P80-100 | share | all ages | equal split
",p80p100,1988,0.4619,5.0,FRA,Western Europe
France,"sptinc_p80p100_999_j_FR
Pre-tax national income 
P80-100 | share | all ages | equal split
",p80p100,1989,0.4698,5.0,FRA,Western Europe
France,"sptinc_p80p100_999_j_FR
Pre-tax national income 
P80-100 | share | all ages | equal split
",p80p100,1990,0.4719,5.0,FRA,Western Europe
France,"sptinc_p80p100_999_j_FR
Pre-tax national income 
P80-100 | share | all ages | equal split
",p80p100,1991,0.4667,5.0,FRA,Western Europe
France,"sptinc_p80p100_999_j_FR
Pre-tax national income 
P80-100 | share | all ages | equal split
",p80p100,1992,0.4671,5.0,FRA,Western Europe
France,"sptinc_p80p100_999_j_FR
Pre-tax national income 
P80-100 | share | all ages | equal split
",p80p100,1993,0.4634,5.0,FRA,Western Europe
France,"sptinc_p80p100_999_j_FR
Pre-tax national income 
P80-100 | share | all ages | equal split
",p80p100,1994,0.4703,5.0,FRA,Western Europe
France,"sptinc_p80p100_999_j_FR
Pre-tax national income 
P80-100 | share | all ages | equal split
",p80p100,1995,0.4698,5.0,FRA,Western Europe
France,"sptinc_p80p100_999_j_FR
Pre-tax national income 
P80-100 | share | all ages | equal split
",p80p100,1996,0.4765,5.0,FRA,Western Europe
France,"sptinc_p80p100_999_j_FR
Pre-tax national income 
P80-100 | share | all ages | equal split
",p80p100,1997,0.4806,5.0,FRA,Western Europe
France,"sptinc_p80p100_999_j_FR
Pre-tax national income 
P80-100 | share | all ages | equal split
",p80p100,1998,0.4861,5.0,FRA,Western Europe
France,"sptinc_p80p100_999_j_FR
Pre-tax national income 
P80-100 | share | all ages | equal split
",p80p100,1999,0.4857,5.0,FRA,Western Europe
France,"sptinc_p80p100_999_j_FR
Pre-tax national income 
P80-100 | share | all ages | equal split
",p80p100,2000,0.4886,5.0,FRA,Western Europe
France,"sptinc_p80p100_999_j_FR
Pre-tax national income 
P80-100 | share | all ages | equal split
",p80p100,2001,0.489,5.0,FRA,Western Europe
France,"sptinc_p80p100_999_j_FR
Pre-tax national income 
P80-100 | share | all ages | equal split
",p80p100,2002,0.4895,5.0,FRA,Western Europe
France,"sptinc_p80p100_999_j_FR
Pre-tax national income 
P80-100 | share | all ages | equal split
",p80p100,2003,0.4912,5.0,FRA,Western Europe
France,"sptinc_p80p100_999_j_FR
Pre-tax national income 
P80-100 | share | all ages | equal split
",p80p100,2004,0.496,5.0,FRA,Western Europe
France,"sptinc_p80p100_999_j_FR
Pre-tax national income 
P80-100 | share | all ages | equal split
",p80p100,2005,0.4954,5.0,FRA,Western Europe
France,"sptinc_p80p100_999_j_FR
Pre-tax national income 
P80-100 | share | all ages | equal split
",p80p100,2006,0.4931,5.0,FRA,Western Europe
France,"sptinc_p80p100_999_j_FR
Pre-tax national income 
P80-100 | share | all ages | equal split
",p80p100,2007,0.5006,5.0,FRA,Western Europe
France,"sptinc_p80p100_999_j_FR
Pre-tax national income 
P80-100 | share | all ages | equal split
",p80p100,2008,0.5026,5.0,FRA,Western Europe
France,"sptinc_p80p100_999_j_FR
Pre-tax national income 
P80-100 | share | all ages | equal split
",p80p100,2009,0.4869,5.0,FRA,Western Europe
France,"sptinc_p80p100_999_j_FR
Pre-tax national income 
P80-100 | share | all ages | equal split
",p80p100,2010,0.4907,5.0,FRA,Western Europe
France,"sptinc_p80p100_999_j_FR
Pre-tax national income 
P80-100 | share | all ages | equal split
",p80p100,2011,0.4902,5.0,FRA,Western Europe
France,"sptinc_p80p100_999_j_FR
Pre-tax national income 
P80-100 | share | all ages | equal split
",p80p100,2012,0.4819000000000001,5.0,FRA,Western Europe
France,"sptinc_p80p100_999_j_FR
Pre-tax national income 
P80-100 | share | all ages | equal split
",p80p100,2013,0.4778,5.0,FRA,Western Europe
France,"sptinc_p80p100_999_j_FR
Pre-tax national income 
P80-100 | share | all ages | equal split
",p80p100,2014,0.4779,5.0,FRA,Western Europe
France,"sptinc_p80p100_999_j_FR
Pre-tax national income 
P80-100 | share | all ages | equal split
",p80p100,2015,0.4866,5.0,FRA,Western Europe
France,"sptinc_p80p100_999_j_FR
Pre-tax national income 
P80-100 | share | all ages | equal split
",p80p100,2016,0.4864,5.0,FRA,Western Europe
France,"sptinc_p80p100_999_j_FR
Pre-tax national income 
P80-100 | share | all ages | equal split
",p80p100,2017,0.4882,5.0,FRA,Western Europe
France,"sptinc_p80p100_999_j_FR
Pre-tax national income 
P80-100 | share | all ages | equal split
",p80p100,2018,0.4932,5.0,FRA,Western Europe
France,"sptinc_p80p100_999_j_FR
Pre-tax national income 
P80-100 | share | all ages | equal split
",p80p100,2019,0.4909,4.0,FRA,Western Europe
France,"sptinc_p80p100_999_j_FR
Pre-tax national income 
P80-100 | share | all ages | equal split
",p80p100,2020,0.4892,4.0,FRA,Western Europe
France,"sptinc_p80p100_999_j_FR
Pre-tax national income 
P80-100 | share | all ages | equal split
",p80p100,2021,0.4966,4.0,FRA,Western Europe
France,"sptinc_p80p100_999_j_FR
Pre-tax national income 
P80-100 | share | all ages | equal split
",p80p100,2022,0.4928,4.0,FRA,Western Europe
France,"sptinc_p80p100_999_j_FR
Pre-tax national income 
P80-100 | share | all ages | equal split
",p80p100,2023,0.4904,4.0,FRA,Western Europe
France,"sptinc_p80p100_999_j_FR
Pre-tax national income 
P80-100 | share | all ages | equal split
",p80p100,2024,0.4904,4.0,FRA,Western Europe
Georgia,"sptinc_p80p100_999_j_GE
Pre-tax national income 
P80-100 | share | all ages | equal split
",p80p100,1980,0.3925,1.0,GEO,Eastern Europe & FSU
Georgia,"sptinc_p80p100_999_j_GE
Pre-tax national income 
P80-100 | share | all ages | equal split
",p80p100,1981,0.3927,1.0,GEO,Eastern Europe & FSU
Georgia,"sptinc_p80p100_999_j_GE
Pre-tax national income 
P80-100 | share | all ages | equal split
",p80p100,1982,0.3929,1.0,GEO,Eastern Europe & FSU
Georgia,"sptinc_p80p100_999_j_GE
Pre-tax national income 
P80-100 | share | all ages | equal split
",p80p100,1983,0.3931,1.0,GEO,Eastern Europe & FSU
Georgia,"sptinc_p80p100_999_j_GE
Pre-tax national income 
P80-100 | share | all ages | equal split
",p80p100,1984,0.3933,1.0,GEO,Eastern Europe & FSU
Georgia,"sptinc_p80p100_999_j_GE
Pre-tax national income 
P80-100 | share | all ages | equal split
",p80p100,1985,0.3935,1.0,GEO,Eastern Europe & FSU
Georgia,"sptinc_p80p100_999_j_GE
Pre-tax national income 
P80-100 | share | all ages | equal split
",p80p100,1986,0.3932,1.0,GEO,Eastern Europe & FSU
Georgia,"sptinc_p80p100_999_j_GE
Pre-tax national income 
P80-100 | share | all ages | equal split
",p80p100,1987,0.3928,1.0,GEO,Eastern Europe & FSU
Georgia,"sptinc_p80p100_999_j_GE
Pre-tax national income 
P80-100 | share | all ages | equal split
",p80p100,1988,0.3925,1.0,GEO,Eastern Europe & FSU
Georgia,"sptinc_p80p100_999_j_GE
Pre-tax national income 
P80-100 | share | all ages | equal split
",p80p100,1989,0.3932,1.0,GEO,Eastern Europe & FSU
Georgia,"sptinc_p80p100_999_j_GE
Pre-tax national income 
P80-100 | share | all ages | equal split
",p80p100,1990,0.3799,1.0,GEO,Eastern Europe & FSU
Georgia,"sptinc_p80p100_999_j_GE
Pre-tax national income 
P80-100 | share | all ages | equal split
",p80p100,1991,0.4166,1.0,GEO,Eastern Europe & FSU
Georgia,"sptinc_p80p100_999_j_GE
Pre-tax national income 
P80-100 | share | all ages | equal split
",p80p100,1992,0.4532,1.0,GEO,Eastern Europe & FSU
Georgia,"sptinc_p80p100_999_j_GE
Pre-tax national income 
P80-100 | share | all ages | equal split
",p80p100,1993,0.4896,1.0,GEO,Eastern Europe & FSU
Georgia,"sptinc_p80p100_999_j_GE
Pre-tax national income 
P80-100 | share | all ages | equal split
",p80p100,1994,0.5261,1.0,GEO,Eastern Europe & FSU
Georgia,"sptinc_p80p100_999_j_GE
Pre-tax national income 
P80-100 | share | all ages | equal split
",p80p100,1995,0.5625,1.0,GEO,Eastern Europe & FSU
Georgia,"sptinc_p80p100_999_j_GE
Pre-tax national income 
P80-100 | share | all ages | equal split
",p80p100,1996,0.5999,3.0,GEO,Eastern Europe & FSU
Georgia,"sptinc_p80p100_999_j_GE
Pre-tax national income 
P80-100 | share | all ages | equal split
",p80p100,1997,0.616,3.0,GEO,Eastern Europe & FSU
Georgia,"sptinc_p80p100_999_j_GE
Pre-tax national income 
P80-100 | share | all ages | equal split
",p80p100,1998,0.641,3.0,GEO,Eastern Europe & FSU
Georgia,"sptinc_p80p100_999_j_GE
Pre-tax national income 
P80-100 | share | all ages | equal split
",p80p100,1999,0.6191,3.0,GEO,Eastern Europe & FSU
Georgia,"sptinc_p80p100_999_j_GE
Pre-tax national income 
P80-100 | share | all ages | equal split
",p80p100,2000,0.6213000000000001,3.0,GEO,Eastern Europe & FSU
Georgia,"sptinc_p80p100_999_j_GE
Pre-tax national income 
P80-100 | share | all ages | equal split
",p80p100,2001,0.6208,3.0,GEO,Eastern Europe & FSU
Georgia,"sptinc_p80p100_999_j_GE
Pre-tax national income 
P80-100 | share | all ages | equal split
",p80p100,2002,0.5999,3.0,GEO,Eastern Europe & FSU
Georgia,"sptinc_p80p100_999_j_GE
Pre-tax national income 
P80-100 | share | all ages | equal split
",p80p100,2003,0.5934,3.0,GEO,Eastern Europe & FSU
Georgia,"sptinc_p80p100_999_j_GE
Pre-tax national income 
P80-100 | share | all ages | equal split
",p80p100,2004,0.5890000000000001,3.0,GEO,Eastern Europe & FSU
Georgia,"sptinc_p80p100_999_j_GE
Pre-tax national income 
P80-100 | share | all ages | equal split
",p80p100,2005,0.6025,3.0,GEO,Eastern Europe & FSU
Georgia,"sptinc_p80p100_999_j_GE
Pre-tax national income 
P80-100 | share | all ages | equal split
",p80p100,2006,0.6022000000000001,3.0,GEO,Eastern Europe & FSU
Georgia,"sptinc_p80p100_999_j_GE
Pre-tax national income 
P80-100 | share | all ages | equal split
",p80p100,2007,0.6191,3.0,GEO,Eastern Europe & FSU
Georgia,"sptinc_p80p100_999_j_GE
Pre-tax national income 
P80-100 | share | all ages | equal split
",p80p100,2008,0.614,3.0,GEO,Eastern Europe & FSU
Georgia,"sptinc_p80p100_999_j_GE
Pre-tax national income 
P80-100 | share | all ages | equal split
",p80p100,2009,0.5968,3.0,GEO,Eastern Europe & FSU
Georgia,"sptinc_p80p100_999_j_GE
Pre-tax national income 
P80-100 | share | all ages | equal split
",p80p100,2010,0.6049,4.0,GEO,Eastern Europe & FSU
Georgia,"sptinc_p80p100_999_j_GE
Pre-tax national income 
P80-100 | share | all ages | equal split
",p80p100,2011,0.636,4.0,GEO,Eastern Europe & FSU
Georgia,"sptinc_p80p100_999_j_GE
Pre-tax national income 
P80-100 | share | all ages | equal split
",p80p100,2012,0.6096,4.0,GEO,Eastern Europe & FSU
Georgia,"sptinc_p80p100_999_j_GE
Pre-tax national income 
P80-100 | share | all ages | equal split
",p80p100,2013,0.644,4.0,GEO,Eastern Europe & FSU
Georgia,"sptinc_p80p100_999_j_GE
Pre-tax national income 
P80-100 | share | all ages | equal split
",p80p100,2014,0.6112000000000001,4.0,GEO,Eastern Europe & FSU
Georgia,"sptinc_p80p100_999_j_GE
Pre-tax national income 
P80-100 | share | all ages | equal split
",p80p100,2015,0.6101,4.0,GEO,Eastern Europe & FSU
Georgia,"sptinc_p80p100_999_j_GE
Pre-tax national income 
P80-100 | share | all ages | equal split
",p80p100,2016,0.6238,4.0,GEO,Eastern Europe & FSU
Georgia,"sptinc_p80p100_999_j_GE
Pre-tax national income 
P80-100 | share | all ages | equal split
",p80p100,2017,0.6288,4.0,GEO,Eastern Europe & FSU
Georgia,"sptinc_p80p100_999_j_GE
Pre-tax national income 
P80-100 | share | all ages | equal split
",p80p100,2018,0.6272,4.0,GEO,Eastern Europe & FSU
Georgia,"sptinc_p80p100_999_j_GE
Pre-tax national income 
P80-100 | share | all ages | equal split
",p80p100,2019,0.6278,4.0,GEO,Eastern Europe & FSU
Georgia,"sptinc_p80p100_999_j_GE
Pre-tax national income 
P80-100 | share | all ages | equal split
",p80p100,2020,0.6278,1.0,GEO,Eastern Europe & FSU
Georgia,"sptinc_p80p100_999_j_GE
Pre-tax national income 
P80-100 | share | all ages | equal split
",p80p100,2021,0.6278,1.0,GEO,Eastern Europe & FSU
Georgia,"sptinc_p80p100_999_j_GE
Pre-tax national income 
P80-100 | share | all ages | equal split
",p80p100,2022,0.6278,1.0,GEO,Eastern Europe & FSU
Georgia,"sptinc_p80p100_999_j_GE
Pre-tax national income 
P80-100 | share | all ages | equal split
",p80p100,2023,0.6278,1.0,GEO,Eastern Europe & FSU
Georgia,"sptinc_p80p100_999_j_GE
Pre-tax national income 
P80-100 | share | all ages | equal split
",p80p100,2024,0.6278,1.0,GEO,Eastern Europe & FSU
Germany,"sptinc_p80p100_999_j_DE
Pre-tax national income 
P80-100 | share | all ages | equal split
",p80p100,1960,0.4776,2.0,DEU,Western Europe
Germany,"sptinc_p80p100_999_j_DE
Pre-tax national income 
P80-100 | share | all ages | equal split
",p80p100,1961,0.477,3.0,DEU,Western Europe
Germany,"sptinc_p80p100_999_j_DE
Pre-tax national income 
P80-100 | share | all ages | equal split
",p80p100,1965,0.4676,3.0,DEU,Western Europe
Germany,"sptinc_p80p100_999_j_DE
Pre-tax national income 
P80-100 | share | all ages | equal split
",p80p100,1968,0.4595,3.0,DEU,Western Europe
Germany,"sptinc_p80p100_999_j_DE
Pre-tax national income 
P80-100 | share | all ages | equal split
",p80p100,1970,0.4388,2.0,DEU,Western Europe
Germany,"sptinc_p80p100_999_j_DE
Pre-tax national income 
P80-100 | share | all ages | equal split
",p80p100,1971,0.4539,3.0,DEU,Western Europe
Germany,"sptinc_p80p100_999_j_DE
Pre-tax national income 
P80-100 | share | all ages | equal split
",p80p100,1974,0.4456,3.0,DEU,Western Europe
Germany,"sptinc_p80p100_999_j_DE
Pre-tax national income 
P80-100 | share | all ages | equal split
",p80p100,1977,0.4397,3.0,DEU,Western Europe
Germany,"sptinc_p80p100_999_j_DE
Pre-tax national income 
P80-100 | share | all ages | equal split
",p80p100,1980,0.4431,4.0,DEU,Western Europe
Germany,"sptinc_p80p100_999_j_DE
Pre-tax national income 
P80-100 | share | all ages | equal split
",p80p100,1981,0.4395,4.0,DEU,Western Europe
Germany,"sptinc_p80p100_999_j_DE
Pre-tax national income 
P80-100 | share | all ages | equal split
",p80p100,1982,0.4364,4.0,DEU,Western Europe
Germany,"sptinc_p80p100_999_j_DE
Pre-tax national income 
P80-100 | share | all ages | equal split
",p80p100,1983,0.4395,4.0,DEU,Western Europe
Germany,"sptinc_p80p100_999_j_DE
Pre-tax national income 
P80-100 | share | all ages | equal split
",p80p100,1984,0.4377,4.0,DEU,Western Europe
Germany,"sptinc_p80p100_999_j_DE
Pre-tax national income 
P80-100 | share | all ages | equal split
",p80p100,1985,0.4394,4.0,DEU,Western Europe
Germany,"sptinc_p80p100_999_j_DE
Pre-tax national income 
P80-100 | share | all ages | equal split
",p80p100,1986,0.4446,4.0,DEU,Western Europe
Germany,"sptinc_p80p100_999_j_DE
Pre-tax national income 
P80-100 | share | all ages | equal split
",p80p100,1987,0.4518,4.0,DEU,Western Europe
Germany,"sptinc_p80p100_999_j_DE
Pre-tax national income 
P80-100 | share | all ages | equal split
",p80p100,1988,0.4648,4.0,DEU,Western Europe
Germany,"sptinc_p80p100_999_j_DE
Pre-tax national income 
P80-100 | share | all ages | equal split
",p80p100,1989,0.474,4.0,DEU,Western Europe
Germany,"sptinc_p80p100_999_j_DE
Pre-tax national income 
P80-100 | share | all ages | equal split
",p80p100,1990,0.4752,4.0,DEU,Western Europe
Germany,"sptinc_p80p100_999_j_DE
Pre-tax national income 
P80-100 | share | all ages | equal split
",p80p100,1991,0.4644,4.0,DEU,Western Europe
Germany,"sptinc_p80p100_999_j_DE
Pre-tax national income 
P80-100 | share | all ages | equal split
",p80p100,1992,0.4592,4.0,DEU,Western Europe
Germany,"sptinc_p80p100_999_j_DE
Pre-tax national income 
P80-100 | share | all ages | equal split
",p80p100,1993,0.4545,4.0,DEU,Western Europe
Germany,"sptinc_p80p100_999_j_DE
Pre-tax national income 
P80-100 | share | all ages | equal split
",p80p100,1994,0.4513,4.0,DEU,Western Europe
Germany,"sptinc_p80p100_999_j_DE
Pre-tax national income 
P80-100 | share | all ages | equal split
",p80p100,1995,0.4496,4.0,DEU,Western Europe
Germany,"sptinc_p80p100_999_j_DE
Pre-tax national income 
P80-100 | share | all ages | equal split
",p80p100,1996,0.4594,4.0,DEU,Western Europe
Germany,"sptinc_p80p100_999_j_DE
Pre-tax national income 
P80-100 | share | all ages | equal split
",p80p100,1997,0.4694,4.0,DEU,Western Europe
Germany,"sptinc_p80p100_999_j_DE
Pre-tax national income 
P80-100 | share | all ages | equal split
",p80p100,1998,0.4778,4.0,DEU,Western Europe
Germany,"sptinc_p80p100_999_j_DE
Pre-tax national income 
P80-100 | share | all ages | equal split
",p80p100,1999,0.4764,4.0,DEU,Western Europe
Germany,"sptinc_p80p100_999_j_DE
Pre-tax national income 
P80-100 | share | all ages | equal split
",p80p100,2000,0.476,4.0,DEU,Western Europe
Germany,"sptinc_p80p100_999_j_DE
Pre-tax national income 
P80-100 | share | all ages | equal split
",p80p100,2001,0.4771,4.0,DEU,Western Europe
Germany,"sptinc_p80p100_999_j_DE
Pre-tax national income 
P80-100 | share | all ages | equal split
",p80p100,2002,0.4823,4.0,DEU,Western Europe
Germany,"sptinc_p80p100_999_j_DE
Pre-tax national income 
P80-100 | share | all ages | equal split
",p80p100,2003,0.4733,4.0,DEU,Western Europe
Germany,"sptinc_p80p100_999_j_DE
Pre-tax national income 
P80-100 | share | all ages | equal split
",p80p100,2004,0.4841,4.0,DEU,Western Europe
Germany,"sptinc_p80p100_999_j_DE
Pre-tax national income 
P80-100 | share | all ages | equal split
",p80p100,2005,0.5044000000000001,4.0,DEU,Western Europe
Germany,"sptinc_p80p100_999_j_DE
Pre-tax national income 
P80-100 | share | all ages | equal split
",p80p100,2006,0.5071,4.0,DEU,Western Europe
Germany,"sptinc_p80p100_999_j_DE
Pre-tax national income 
P80-100 | share | all ages | equal split
",p80p100,2007,0.5209,4.0,DEU,Western Europe
Germany,"sptinc_p80p100_999_j_DE
Pre-tax national income 
P80-100 | share | all ages | equal split
",p80p100,2008,0.52,4.0,DEU,Western Europe
Germany,"sptinc_p80p100_999_j_DE
Pre-tax national income 
P80-100 | share | all ages | equal split
",p80p100,2009,0.5215000000000001,4.0,DEU,Western Europe
Germany,"sptinc_p80p100_999_j_DE
Pre-tax national income 
P80-100 | share | all ages | equal split
",p80p100,2010,0.5158,4.0,DEU,Western Europe
Germany,"sptinc_p80p100_999_j_DE
Pre-tax national income 
P80-100 | share | all ages | equal split
",p80p100,2011,0.518,4.0,DEU,Western Europe
Germany,"sptinc_p80p100_999_j_DE
Pre-tax national income 
P80-100 | share | all ages | equal split
",p80p100,2012,0.5166000000000001,4.0,DEU,Western Europe
Germany,"sptinc_p80p100_999_j_DE
Pre-tax national income 
P80-100 | share | all ages | equal split
",p80p100,2013,0.5294,4.0,DEU,Western Europe
Germany,"sptinc_p80p100_999_j_DE
Pre-tax national income 
P80-100 | share | all ages | equal split
",p80p100,2014,0.5331,3.0,DEU,Western Europe
Germany,"sptinc_p80p100_999_j_DE
Pre-tax national income 
P80-100 | share | all ages | equal split
",p80p100,2015,0.5317000000000001,3.0,DEU,Western Europe
Germany,"sptinc_p80p100_999_j_DE
Pre-tax national income 
P80-100 | share | all ages | equal split
",p80p100,2016,0.5307000000000001,3.0,DEU,Western Europe
Germany,"sptinc_p80p100_999_j_DE
Pre-tax national income 
P80-100 | share | all ages | equal split
",p80p100,2017,0.5276000000000001,3.0,DEU,Western Europe
Germany,"sptinc_p80p100_999_j_DE
Pre-tax national income 
P80-100 | share | all ages | equal split
",p80p100,2018,0.5226000000000001,3.0,DEU,Western Europe
Germany,"sptinc_p80p100_999_j_DE
Pre-tax national income 
P80-100 | share | all ages | equal split
",p80p100,2019,0.5234,3.0,DEU,Western Europe
Germany,"sptinc_p80p100_999_j_DE
Pre-tax national income 
P80-100 | share | all ages | equal split
",p80p100,2020,0.5234,3.0,DEU,Western Europe
Germany,"sptinc_p80p100_999_j_DE
Pre-tax national income 
P80-100 | share | all ages | equal split
",p80p100,2021,0.5232,3.0,DEU,Western Europe
Germany,"sptinc_p80p100_999_j_DE
Pre-tax national income 
P80-100 | share | all ages | equal split
",p80p100,2022,0.5251,3.0,DEU,Western Europe
Germany,"sptinc_p80p100_999_j_DE
Pre-tax national income 
P80-100 | share | all ages | equal split
",p80p100,2023,0.5252,3.0,DEU,Western Europe
Germany,"sptinc_p80p100_999_j_DE
Pre-tax national income 
P80-100 | share | all ages | equal split
",p80p100,2024,0.5252,1.0,DEU,Western Europe
Ghana,"sptinc_p80p100_999_j_GH
Pre-tax national income 
P80-100 | share | all ages | equal split
",p80p100,1980,0.5856,1.0,GHA,Sub-Saharan Africa
Ghana,"sptinc_p80p100_999_j_GH
Pre-tax national income 
P80-100 | share | all ages | equal split
",p80p100,1981,0.5856,1.0,GHA,Sub-Saharan Africa
Ghana,"sptinc_p80p100_999_j_GH
Pre-tax national income 
P80-100 | share | all ages | equal split
",p80p100,1982,0.5856,1.0,GHA,Sub-Saharan Africa
Ghana,"sptinc_p80p100_999_j_GH
Pre-tax national income 
P80-100 | share | all ages | equal split
",p80p100,1983,0.5856,1.0,GHA,Sub-Saharan Africa
Ghana,"sptinc_p80p100_999_j_GH
Pre-tax national income 
P80-100 | share | all ages | equal split
",p80p100,1984,0.5856,1.0,GHA,Sub-Saharan Africa
Ghana,"sptinc_p80p100_999_j_GH
Pre-tax national income 
P80-100 | share | all ages | equal split
",p80p100,1985,0.5856,1.0,GHA,Sub-Saharan Africa
Ghana,"sptinc_p80p100_999_j_GH
Pre-tax national income 
P80-100 | share | all ages | equal split
",p80p100,1986,0.5856,1.0,GHA,Sub-Saharan Africa
Ghana,"sptinc_p80p100_999_j_GH
Pre-tax national income 
P80-100 | share | all ages | equal split
",p80p100,1987,0.5856,3.0,GHA,Sub-Saharan Africa
Ghana,"sptinc_p80p100_999_j_GH
Pre-tax national income 
P80-100 | share | all ages | equal split
",p80p100,1988,0.5953,3.0,GHA,Sub-Saharan Africa
Ghana,"sptinc_p80p100_999_j_GH
Pre-tax national income 
P80-100 | share | all ages | equal split
",p80p100,1989,0.6028,2.0,GHA,Sub-Saharan Africa
Ghana,"sptinc_p80p100_999_j_GH
Pre-tax national income 
P80-100 | share | all ages | equal split
",p80p100,1990,0.6103000000000001,2.0,GHA,Sub-Saharan Africa
Ghana,"sptinc_p80p100_999_j_GH
Pre-tax national income 
P80-100 | share | all ages | equal split
",p80p100,1991,0.6178,3.0,GHA,Sub-Saharan Africa
Ghana,"sptinc_p80p100_999_j_GH
Pre-tax national income 
P80-100 | share | all ages | equal split
",p80p100,1992,0.6175,2.0,GHA,Sub-Saharan Africa
Ghana,"sptinc_p80p100_999_j_GH
Pre-tax national income 
P80-100 | share | all ages | equal split
",p80p100,1993,0.6171,2.0,GHA,Sub-Saharan Africa
Ghana,"sptinc_p80p100_999_j_GH
Pre-tax national income 
P80-100 | share | all ages | equal split
",p80p100,1994,0.6168,2.0,GHA,Sub-Saharan Africa
Ghana,"sptinc_p80p100_999_j_GH
Pre-tax national income 
P80-100 | share | all ages | equal split
",p80p100,1995,0.6164000000000001,2.0,GHA,Sub-Saharan Africa
Ghana,"sptinc_p80p100_999_j_GH
Pre-tax national income 
P80-100 | share | all ages | equal split
",p80p100,1996,0.6161,2.0,GHA,Sub-Saharan Africa
Ghana,"sptinc_p80p100_999_j_GH
Pre-tax national income 
P80-100 | share | all ages | equal split
",p80p100,1997,0.6157,2.0,GHA,Sub-Saharan Africa
Ghana,"sptinc_p80p100_999_j_GH
Pre-tax national income 
P80-100 | share | all ages | equal split
",p80p100,1998,0.6153000000000001,3.0,GHA,Sub-Saharan Africa
Ghana,"sptinc_p80p100_999_j_GH
Pre-tax national income 
P80-100 | share | all ages | equal split
",p80p100,1999,0.6195,2.0,GHA,Sub-Saharan Africa
Ghana,"sptinc_p80p100_999_j_GH
Pre-tax national income 
P80-100 | share | all ages | equal split
",p80p100,2000,0.6237,2.0,GHA,Sub-Saharan Africa
Ghana,"sptinc_p80p100_999_j_GH
Pre-tax national income 
P80-100 | share | all ages | equal split
",p80p100,2001,0.6279,2.0,GHA,Sub-Saharan Africa
Ghana,"sptinc_p80p100_999_j_GH
Pre-tax national income 
P80-100 | share | all ages | equal split
",p80p100,2002,0.6321,2.0,GHA,Sub-Saharan Africa
Ghana,"sptinc_p80p100_999_j_GH
Pre-tax national income 
P80-100 | share | all ages | equal split
",p80p100,2003,0.6362,2.0,GHA,Sub-Saharan Africa
Ghana,"sptinc_p80p100_999_j_GH
Pre-tax national income 
P80-100 | share | all ages | equal split
",p80p100,2004,0.6404000000000001,2.0,GHA,Sub-Saharan Africa
Ghana,"sptinc_p80p100_999_j_GH
Pre-tax national income 
P80-100 | share | all ages | equal split
",p80p100,2005,0.6446000000000001,3.0,GHA,Sub-Saharan Africa
Ghana,"sptinc_p80p100_999_j_GH
Pre-tax national income 
P80-100 | share | all ages | equal split
",p80p100,2006,0.6437,2.0,GHA,Sub-Saharan Africa
Ghana,"sptinc_p80p100_999_j_GH
Pre-tax national income 
P80-100 | share | all ages | equal split
",p80p100,2007,0.6429,2.0,GHA,Sub-Saharan Africa
Ghana,"sptinc_p80p100_999_j_GH
Pre-tax national income 
P80-100 | share | all ages | equal split
",p80p100,2008,0.642,2.0,GHA,Sub-Saharan Africa
Ghana,"sptinc_p80p100_999_j_GH
Pre-tax national income 
P80-100 | share | all ages | equal split
",p80p100,2009,0.6412,2.0,GHA,Sub-Saharan Africa
Ghana,"sptinc_p80p100_999_j_GH
Pre-tax national income 
P80-100 | share | all ages | equal split
",p80p100,2010,0.6403,2.0,GHA,Sub-Saharan Africa
Ghana,"sptinc_p80p100_999_j_GH
Pre-tax national income 
P80-100 | share | all ages | equal split
",p80p100,2011,0.6395000000000001,2.0,GHA,Sub-Saharan Africa
Ghana,"sptinc_p80p100_999_j_GH
Pre-tax national income 
P80-100 | share | all ages | equal split
",p80p100,2012,0.6387,3.0,GHA,Sub-Saharan Africa
Ghana,"sptinc_p80p100_999_j_GH
Pre-tax national income 
P80-100 | share | all ages | equal split
",p80p100,2013,0.639,2.0,GHA,Sub-Saharan Africa
Ghana,"sptinc_p80p100_999_j_GH
Pre-tax national income 
P80-100 | share | all ages | equal split
",p80p100,2014,0.6394000000000001,2.0,GHA,Sub-Saharan Africa
Ghana,"sptinc_p80p100_999_j_GH
Pre-tax national income 
P80-100 | share | all ages | equal split
",p80p100,2015,0.6398,2.0,GHA,Sub-Saharan Africa
Ghana,"sptinc_p80p100_999_j_GH
Pre-tax national income 
P80-100 | share | all ages | equal split
",p80p100,2016,0.6402,3.0,GHA,Sub-Saharan Africa
Ghana,"sptinc_p80p100_999_j_GH
Pre-tax national income 
P80-100 | share | all ages | equal split
",p80p100,2017,0.6402,1.0,GHA,Sub-Saharan Africa
Ghana,"sptinc_p80p100_999_j_GH
Pre-tax national income 
P80-100 | share | all ages | equal split
",p80p100,2018,0.6402,1.0,GHA,Sub-Saharan Africa
Ghana,"sptinc_p80p100_999_j_GH
Pre-tax national income 
P80-100 | share | all ages | equal split
",p80p100,2019,0.6402,1.0,GHA,Sub-Saharan Africa
Ghana,"sptinc_p80p100_999_j_GH
Pre-tax national income 
P80-100 | share | all ages | equal split
",p80p100,2020,0.6402,1.0,GHA,Sub-Saharan Africa
Ghana,"sptinc_p80p100_999_j_GH
Pre-tax national income 
P80-100 | share | all ages | equal split
",p80p100,2021,0.6402,1.0,GHA,Sub-Saharan Africa
Ghana,"sptinc_p80p100_999_j_GH
Pre-tax national income 
P80-100 | share | all ages | equal split
",p80p100,2022,0.6402,1.0,GHA,Sub-Saharan Africa
Ghana,"sptinc_p80p100_999_j_GH
Pre-tax national income 
P80-100 | share | all ages | equal split
",p80p100,2023,0.6402,1.0,GHA,Sub-Saharan Africa
Ghana,"sptinc_p80p100_999_j_GH
Pre-tax national income 
P80-100 | share | all ages | equal split
",p80p100,2024,0.6402,1.0,GHA,Sub-Saharan Africa
Greece,"sptinc_p80p100_999_j_GR
Pre-tax national income 
P80-100 | share | all ages | equal split
",p80p100,1967,0.4962,3.0,GRC,Southern Europe
Greece,"sptinc_p80p100_999_j_GR
Pre-tax national income 
P80-100 | share | all ages | equal split
",p80p100,1968,0.4973,3.0,GRC,Southern Europe
Greece,"sptinc_p80p100_999_j_GR
Pre-tax national income 
P80-100 | share | all ages | equal split
",p80p100,1969,0.5019,3.0,GRC,Southern Europe
Greece,"sptinc_p80p100_999_j_GR
Pre-tax national income 
P80-100 | share | all ages | equal split
",p80p100,1970,0.5034000000000001,3.0,GRC,Southern Europe
Greece,"sptinc_p80p100_999_j_GR
Pre-tax national income 
P80-100 | share | all ages | equal split
",p80p100,1971,0.5047,3.0,GRC,Southern Europe
Greece,"sptinc_p80p100_999_j_GR
Pre-tax national income 
P80-100 | share | all ages | equal split
",p80p100,1972,0.5056,3.0,GRC,Southern Europe
Greece,"sptinc_p80p100_999_j_GR
Pre-tax national income 
P80-100 | share | all ages | equal split
",p80p100,1973,0.5102,3.0,GRC,Southern Europe
Greece,"sptinc_p80p100_999_j_GR
Pre-tax national income 
P80-100 | share | all ages | equal split
",p80p100,1974,0.5116,3.0,GRC,Southern Europe
Greece,"sptinc_p80p100_999_j_GR
Pre-tax national income 
P80-100 | share | all ages | equal split
",p80p100,1975,0.5129,3.0,GRC,Southern Europe
Greece,"sptinc_p80p100_999_j_GR
Pre-tax national income 
P80-100 | share | all ages | equal split
",p80p100,1976,0.5148,3.0,GRC,Southern Europe
Greece,"sptinc_p80p100_999_j_GR
Pre-tax national income 
P80-100 | share | all ages | equal split
",p80p100,1977,0.518,3.0,GRC,Southern Europe
Greece,"sptinc_p80p100_999_j_GR
Pre-tax national income 
P80-100 | share | all ages | equal split
",p80p100,1978,0.52,3.0,GRC,Southern Europe
Greece,"sptinc_p80p100_999_j_GR
Pre-tax national income 
P80-100 | share | all ages | equal split
",p80p100,1979,0.5222,3.0,GRC,Southern Europe
Greece,"sptinc_p80p100_999_j_GR
Pre-tax national income 
P80-100 | share | all ages | equal split
",p80p100,1980,0.5248,4.0,GRC,Southern Europe
Greece,"sptinc_p80p100_999_j_GR
Pre-tax national income 
P80-100 | share | all ages | equal split
",p80p100,1981,0.5414,4.0,GRC,Southern Europe
Greece,"sptinc_p80p100_999_j_GR
Pre-tax national income 
P80-100 | share | all ages | equal split
",p80p100,1982,0.5357000000000001,4.0,GRC,Southern Europe
Greece,"sptinc_p80p100_999_j_GR
Pre-tax national income 
P80-100 | share | all ages | equal split
",p80p100,1983,0.522,4.0,GRC,Southern Europe
Greece,"sptinc_p80p100_999_j_GR
Pre-tax national income 
P80-100 | share | all ages | equal split
",p80p100,1984,0.5183,4.0,GRC,Southern Europe
Greece,"sptinc_p80p100_999_j_GR
Pre-tax national income 
P80-100 | share | all ages | equal split
",p80p100,1985,0.5273,4.0,GRC,Southern Europe
Greece,"sptinc_p80p100_999_j_GR
Pre-tax national income 
P80-100 | share | all ages | equal split
",p80p100,1986,0.5116,4.0,GRC,Southern Europe
Greece,"sptinc_p80p100_999_j_GR
Pre-tax national income 
P80-100 | share | all ages | equal split
",p80p100,1987,0.5067,4.0,GRC,Southern Europe
Greece,"sptinc_p80p100_999_j_GR
Pre-tax national income 
P80-100 | share | all ages | equal split
",p80p100,1988,0.5113,4.0,GRC,Southern Europe
Greece,"sptinc_p80p100_999_j_GR
Pre-tax national income 
P80-100 | share | all ages | equal split
",p80p100,1989,0.4952,4.0,GRC,Southern Europe
Greece,"sptinc_p80p100_999_j_GR
Pre-tax national income 
P80-100 | share | all ages | equal split
",p80p100,1990,0.5034000000000001,4.0,GRC,Southern Europe
Greece,"sptinc_p80p100_999_j_GR
Pre-tax national income 
P80-100 | share | all ages | equal split
",p80p100,1991,0.4959,4.0,GRC,Southern Europe
Greece,"sptinc_p80p100_999_j_GR
Pre-tax national income 
P80-100 | share | all ages | equal split
",p80p100,1992,0.4915,4.0,GRC,Southern Europe
Greece,"sptinc_p80p100_999_j_GR
Pre-tax national income 
P80-100 | share | all ages | equal split
",p80p100,1993,0.5108,4.0,GRC,Southern Europe
Greece,"sptinc_p80p100_999_j_GR
Pre-tax national income 
P80-100 | share | all ages | equal split
",p80p100,1994,0.5193,4.0,GRC,Southern Europe
Greece,"sptinc_p80p100_999_j_GR
Pre-tax national income 
P80-100 | share | all ages | equal split
",p80p100,1995,0.525,4.0,GRC,Southern Europe
Greece,"sptinc_p80p100_999_j_GR
Pre-tax national income 
P80-100 | share | all ages | equal split
",p80p100,1996,0.5314,4.0,GRC,Southern Europe
Greece,"sptinc_p80p100_999_j_GR
Pre-tax national income 
P80-100 | share | all ages | equal split
",p80p100,1997,0.5506,4.0,GRC,Southern Europe
Greece,"sptinc_p80p100_999_j_GR
Pre-tax national income 
P80-100 | share | all ages | equal split
",p80p100,1998,0.5571,4.0,GRC,Southern Europe
Greece,"sptinc_p80p100_999_j_GR
Pre-tax national income 
P80-100 | share | all ages | equal split
",p80p100,1999,0.5606,4.0,GRC,Southern Europe
Greece,"sptinc_p80p100_999_j_GR
Pre-tax national income 
P80-100 | share | all ages | equal split
",p80p100,2000,0.5716,4.0,GRC,Southern Europe
Greece,"sptinc_p80p100_999_j_GR
Pre-tax national income 
P80-100 | share | all ages | equal split
",p80p100,2001,0.5684,4.0,GRC,Southern Europe
Greece,"sptinc_p80p100_999_j_GR
Pre-tax national income 
P80-100 | share | all ages | equal split
",p80p100,2002,0.5438000000000001,4.0,GRC,Southern Europe
Greece,"sptinc_p80p100_999_j_GR
Pre-tax national income 
P80-100 | share | all ages | equal split
",p80p100,2003,0.5264,4.0,GRC,Southern Europe
Greece,"sptinc_p80p100_999_j_GR
Pre-tax national income 
P80-100 | share | all ages | equal split
",p80p100,2004,0.5328,4.0,GRC,Southern Europe
Greece,"sptinc_p80p100_999_j_GR
Pre-tax national income 
P80-100 | share | all ages | equal split
",p80p100,2005,0.5391,4.0,GRC,Southern Europe
Greece,"sptinc_p80p100_999_j_GR
Pre-tax national income 
P80-100 | share | all ages | equal split
",p80p100,2006,0.529,4.0,GRC,Southern Europe
Greece,"sptinc_p80p100_999_j_GR
Pre-tax national income 
P80-100 | share | all ages | equal split
",p80p100,2007,0.5182,4.0,GRC,Southern Europe
Greece,"sptinc_p80p100_999_j_GR
Pre-tax national income 
P80-100 | share | all ages | equal split
",p80p100,2008,0.4945000000000001,4.0,GRC,Southern Europe
Greece,"sptinc_p80p100_999_j_GR
Pre-tax national income 
P80-100 | share | all ages | equal split
",p80p100,2009,0.486,4.0,GRC,Southern Europe
Greece,"sptinc_p80p100_999_j_GR
Pre-tax national income 
P80-100 | share | all ages | equal split
",p80p100,2010,0.4963,4.0,GRC,Southern Europe
Greece,"sptinc_p80p100_999_j_GR
Pre-tax national income 
P80-100 | share | all ages | equal split
",p80p100,2011,0.4802,4.0,GRC,Southern Europe
Greece,"sptinc_p80p100_999_j_GR
Pre-tax national income 
P80-100 | share | all ages | equal split
",p80p100,2012,0.4841,4.0,GRC,Southern Europe
Greece,"sptinc_p80p100_999_j_GR
Pre-tax national income 
P80-100 | share | all ages | equal split
",p80p100,2013,0.4919,4.0,GRC,Southern Europe
Greece,"sptinc_p80p100_999_j_GR
Pre-tax national income 
P80-100 | share | all ages | equal split
",p80p100,2014,0.5114000000000001,4.0,GRC,Southern Europe
Greece,"sptinc_p80p100_999_j_GR
Pre-tax national income 
P80-100 | share | all ages | equal split
",p80p100,2015,0.5098,4.0,GRC,Southern Europe
Greece,"sptinc_p80p100_999_j_GR
Pre-tax national income 
P80-100 | share | all ages | equal split
",p80p100,2016,0.4983,4.0,GRC,Southern Europe
Greece,"sptinc_p80p100_999_j_GR
Pre-tax national income 
P80-100 | share | all ages | equal split
",p80p100,2017,0.4925,4.0,GRC,Southern Europe
Greece,"sptinc_p80p100_999_j_GR
Pre-tax national income 
P80-100 | share | all ages | equal split
",p80p100,2018,0.4809,3.0,GRC,Southern Europe
Greece,"sptinc_p80p100_999_j_GR
Pre-tax national income 
P80-100 | share | all ages | equal split
",p80p100,2019,0.4782,3.0,GRC,Southern Europe
Greece,"sptinc_p80p100_999_j_GR
Pre-tax national income 
P80-100 | share | all ages | equal split
",p80p100,2020,0.4782,3.0,GRC,Southern Europe
Greece,"sptinc_p80p100_999_j_GR
Pre-tax national income 
P80-100 | share | all ages | equal split
",p80p100,2021,0.4813,3.0,GRC,Southern Europe
Greece,"sptinc_p80p100_999_j_GR
Pre-tax national income 
P80-100 | share | all ages | equal split
",p80p100,2022,0.4817,3.0,GRC,Southern Europe
Greece,"sptinc_p80p100_999_j_GR
Pre-tax national income 
P80-100 | share | all ages | equal split
",p80p100,2023,0.4818,3.0,GRC,Southern Europe
Greece,"sptinc_p80p100_999_j_GR
Pre-tax national income 
P80-100 | share | all ages | equal split
",p80p100,2024,0.4818,1.0,GRC,Southern Europe
Guatemala,"sptinc_p80p100_999_j_GT
Pre-tax national income 
P80-100 | share | all ages | equal split
",p80p100,1980,0.7045,0.0,GTM,Latin America & Caribbean
Guatemala,"sptinc_p80p100_999_j_GT
Pre-tax national income 
P80-100 | share | all ages | equal split
",p80p100,1981,0.7045,0.0,GTM,Latin America & Caribbean
Guatemala,"sptinc_p80p100_999_j_GT
Pre-tax national income 
P80-100 | share | all ages | equal split
",p80p100,1982,0.7045,0.0,GTM,Latin America & Caribbean
Guatemala,"sptinc_p80p100_999_j_GT
Pre-tax national income 
P80-100 | share | all ages | equal split
",p80p100,1983,0.7045,0.0,GTM,Latin America & Caribbean
Guatemala,"sptinc_p80p100_999_j_GT
Pre-tax national income 
P80-100 | share | all ages | equal split
",p80p100,1984,0.7045,0.0,GTM,Latin America & Caribbean
Guatemala,"sptinc_p80p100_999_j_GT
Pre-tax national income 
P80-100 | share | all ages | equal split
",p80p100,1985,0.7045,0.0,GTM,Latin America & Caribbean
Guatemala,"sptinc_p80p100_999_j_GT
Pre-tax national income 
P80-100 | share | all ages | equal split
",p80p100,1986,0.7045,0.0,GTM,Latin America & Caribbean
Guatemala,"sptinc_p80p100_999_j_GT
Pre-tax national income 
P80-100 | share | all ages | equal split
",p80p100,1987,0.7045,0.0,GTM,Latin America & Caribbean
Guatemala,"sptinc_p80p100_999_j_GT
Pre-tax national income 
P80-100 | share | all ages | equal split
",p80p100,1988,0.7045,0.0,GTM,Latin America & Caribbean
Guatemala,"sptinc_p80p100_999_j_GT
Pre-tax national income 
P80-100 | share | all ages | equal split
",p80p100,1989,0.7045,0.0,GTM,Latin America & Caribbean
Guatemala,"sptinc_p80p100_999_j_GT
Pre-tax national income 
P80-100 | share | all ages | equal split
",p80p100,1990,0.7045,0.0,GTM,Latin America & Caribbean
Guatemala,"sptinc_p80p100_999_j_GT
Pre-tax national income 
P80-100 | share | all ages | equal split
",p80p100,1991,0.7045,0.0,GTM,Latin America & Caribbean
Guatemala,"sptinc_p80p100_999_j_GT
Pre-tax national income 
P80-100 | share | all ages | equal split
",p80p100,1992,0.7045,0.0,GTM,Latin America & Caribbean
Guatemala,"sptinc_p80p100_999_j_GT
Pre-tax national income 
P80-100 | share | all ages | equal split
",p80p100,1993,0.7045,0.0,GTM,Latin America & Caribbean
Guatemala,"sptinc_p80p100_999_j_GT
Pre-tax national income 
P80-100 | share | all ages | equal split
",p80p100,1994,0.7045,0.0,GTM,Latin America & Caribbean
Guatemala,"sptinc_p80p100_999_j_GT
Pre-tax national income 
P80-100 | share | all ages | equal split
",p80p100,1995,0.7045,0.0,GTM,Latin America & Caribbean
Guatemala,"sptinc_p80p100_999_j_GT
Pre-tax national income 
P80-100 | share | all ages | equal split
",p80p100,1996,0.7045,0.0,GTM,Latin America & Caribbean
Guatemala,"sptinc_p80p100_999_j_GT
Pre-tax national income 
P80-100 | share | all ages | equal split
",p80p100,1997,0.7045,0.0,GTM,Latin America & Caribbean
Guatemala,"sptinc_p80p100_999_j_GT
Pre-tax national income 
P80-100 | share | all ages | equal split
",p80p100,1998,0.7045,0.0,GTM,Latin America & Caribbean
Guatemala,"sptinc_p80p100_999_j_GT
Pre-tax national income 
P80-100 | share | all ages | equal split
",p80p100,1999,0.7045,0.0,GTM,Latin America & Caribbean
Guatemala,"sptinc_p80p100_999_j_GT
Pre-tax national income 
P80-100 | share | all ages | equal split
",p80p100,2000,0.7045,0.0,GTM,Latin America & Caribbean
Guatemala,"sptinc_p80p100_999_j_GT
Pre-tax national income 
P80-100 | share | all ages | equal split
",p80p100,2001,0.7130000000000001,0.0,GTM,Latin America & Caribbean
Guatemala,"sptinc_p80p100_999_j_GT
Pre-tax national income 
P80-100 | share | all ages | equal split
",p80p100,2002,0.7109000000000001,0.0,GTM,Latin America & Caribbean
Guatemala,"sptinc_p80p100_999_j_GT
Pre-tax national income 
P80-100 | share | all ages | equal split
",p80p100,2003,0.7069000000000001,0.0,GTM,Latin America & Caribbean
Guatemala,"sptinc_p80p100_999_j_GT
Pre-tax national income 
P80-100 | share | all ages | equal split
",p80p100,2004,0.7035,0.0,GTM,Latin America & Caribbean
Guatemala,"sptinc_p80p100_999_j_GT
Pre-tax national income 
P80-100 | share | all ages | equal split
",p80p100,2005,0.7021000000000001,0.0,GTM,Latin America & Caribbean
Guatemala,"sptinc_p80p100_999_j_GT
Pre-tax national income 
P80-100 | share | all ages | equal split
",p80p100,2006,0.6978000000000001,0.0,GTM,Latin America & Caribbean
Guatemala,"sptinc_p80p100_999_j_GT
Pre-tax national income 
P80-100 | share | all ages | equal split
",p80p100,2007,0.7043,0.0,GTM,Latin America & Caribbean
Guatemala,"sptinc_p80p100_999_j_GT
Pre-tax national income 
P80-100 | share | all ages | equal split
",p80p100,2008,0.6968000000000001,0.0,GTM,Latin America & Caribbean
Guatemala,"sptinc_p80p100_999_j_GT
Pre-tax national income 
P80-100 | share | all ages | equal split
",p80p100,2009,0.6902,0.0,GTM,Latin America & Caribbean
Guatemala,"sptinc_p80p100_999_j_GT
Pre-tax national income 
P80-100 | share | all ages | equal split
",p80p100,2010,0.6897,0.0,GTM,Latin America & Caribbean
Guatemala,"sptinc_p80p100_999_j_GT
Pre-tax national income 
P80-100 | share | all ages | equal split
",p80p100,2011,0.6831,0.0,GTM,Latin America & Caribbean
Guatemala,"sptinc_p80p100_999_j_GT
Pre-tax national income 
P80-100 | share | all ages | equal split
",p80p100,2012,0.677,0.0,GTM,Latin America & Caribbean
Guatemala,"sptinc_p80p100_999_j_GT
Pre-tax national income 
P80-100 | share | all ages | equal split
",p80p100,2013,0.6814,0.0,GTM,Latin America & Caribbean
Guatemala,"sptinc_p80p100_999_j_GT
Pre-tax national income 
P80-100 | share | all ages | equal split
",p80p100,2014,0.6761,0.0,GTM,Latin America & Caribbean
Guatemala,"sptinc_p80p100_999_j_GT
Pre-tax national income 
P80-100 | share | all ages | equal split
",p80p100,2015,0.6736000000000001,0.0,GTM,Latin America & Caribbean
Guatemala,"sptinc_p80p100_999_j_GT
Pre-tax national income 
P80-100 | share | all ages | equal split
",p80p100,2016,0.6738000000000001,0.0,GTM,Latin America & Caribbean
Guatemala,"sptinc_p80p100_999_j_GT
Pre-tax national income 
P80-100 | share | all ages | equal split
",p80p100,2017,0.6751,0.0,GTM,Latin America & Caribbean
Guatemala,"sptinc_p80p100_999_j_GT
Pre-tax national income 
P80-100 | share | all ages | equal split
",p80p100,2018,0.6765,0.0,GTM,Latin America & Caribbean
Guatemala,"sptinc_p80p100_999_j_GT
Pre-tax national income 
P80-100 | share | all ages | equal split
",p80p100,2019,0.6728000000000001,0.0,GTM,Latin America & Caribbean
Guatemala,"sptinc_p80p100_999_j_GT
Pre-tax national income 
P80-100 | share | all ages | equal split
",p80p100,2020,0.6896,0.0,GTM,Latin America & Caribbean
Guatemala,"sptinc_p80p100_999_j_GT
Pre-tax national income 
P80-100 | share | all ages | equal split
",p80p100,2021,0.6794,0.0,GTM,Latin America & Caribbean
Guatemala,"sptinc_p80p100_999_j_GT
Pre-tax national income 
P80-100 | share | all ages | equal split
",p80p100,2022,0.6706000000000001,0.0,GTM,Latin America & Caribbean
Guatemala,"sptinc_p80p100_999_j_GT
Pre-tax national income 
P80-100 | share | all ages | equal split
",p80p100,2023,0.6712,0.0,GTM,Latin America & Caribbean
Guatemala,"sptinc_p80p100_999_j_GT
Pre-tax national income 
P80-100 | share | all ages | equal split
",p80p100,2024,0.6712,0.0,GTM,Latin America & Caribbean
Guinea-Bissau,"sptinc_p80p100_999_j_GW
Pre-tax national income 
P80-100 | share | all ages | equal split
",p80p100,1980,0.7323000000000001,1.0,GNB,Sub-Saharan Africa
Guinea-Bissau,"sptinc_p80p100_999_j_GW
Pre-tax national income 
P80-100 | share | all ages | equal split
",p80p100,1981,0.7323000000000001,1.0,GNB,Sub-Saharan Africa
Guinea-Bissau,"sptinc_p80p100_999_j_GW
Pre-tax national income 
P80-100 | share | all ages | equal split
",p80p100,1982,0.7323000000000001,1.0,GNB,Sub-Saharan Africa
Guinea-Bissau,"sptinc_p80p100_999_j_GW
Pre-tax national income 
P80-100 | share | all ages | equal split
",p80p100,1983,0.7323000000000001,1.0,GNB,Sub-Saharan Africa
Guinea-Bissau,"sptinc_p80p100_999_j_GW
Pre-tax national income 
P80-100 | share | all ages | equal split
",p80p100,1984,0.7323000000000001,1.0,GNB,Sub-Saharan Africa
Guinea-Bissau,"sptinc_p80p100_999_j_GW
Pre-tax national income 
P80-100 | share | all ages | equal split
",p80p100,1985,0.7323000000000001,1.0,GNB,Sub-Saharan Africa
Guinea-Bissau,"sptinc_p80p100_999_j_GW
Pre-tax national income 
P80-100 | share | all ages | equal split
",p80p100,1986,0.7323000000000001,1.0,GNB,Sub-Saharan Africa
Guinea-Bissau,"sptinc_p80p100_999_j_GW
Pre-tax national income 
P80-100 | share | all ages | equal split
",p80p100,1987,0.7323000000000001,1.0,GNB,Sub-Saharan Africa
Guinea-Bissau,"sptinc_p80p100_999_j_GW
Pre-tax national income 
P80-100 | share | all ages | equal split
",p80p100,1988,0.7323000000000001,1.0,GNB,Sub-Saharan Africa
Guinea-Bissau,"sptinc_p80p100_999_j_GW
Pre-tax national income 
P80-100 | share | all ages | equal split
",p80p100,1989,0.7323000000000001,1.0,GNB,Sub-Saharan Africa
Guinea-Bissau,"sptinc_p80p100_999_j_GW
Pre-tax national income 
P80-100 | share | all ages | equal split
",p80p100,1990,0.7323000000000001,1.0,GNB,Sub-Saharan Africa
Guinea-Bissau,"sptinc_p80p100_999_j_GW
Pre-tax national income 
P80-100 | share | all ages | equal split
",p80p100,1991,0.7323000000000001,3.0,GNB,Sub-Saharan Africa
Guinea-Bissau,"sptinc_p80p100_999_j_GW
Pre-tax national income 
P80-100 | share | all ages | equal split
",p80p100,1992,0.6976,2.0,GNB,Sub-Saharan Africa
Guinea-Bissau,"sptinc_p80p100_999_j_GW
Pre-tax national income 
P80-100 | share | all ages | equal split
",p80p100,1993,0.6626000000000001,3.0,GNB,Sub-Saharan Africa
Guinea-Bissau,"sptinc_p80p100_999_j_GW
Pre-tax national income 
P80-100 | share | all ages | equal split
",p80p100,1994,0.6552,2.0,GNB,Sub-Saharan Africa
Guinea-Bissau,"sptinc_p80p100_999_j_GW
Pre-tax national income 
P80-100 | share | all ages | equal split
",p80p100,1995,0.6478,2.0,GNB,Sub-Saharan Africa
Guinea-Bissau,"sptinc_p80p100_999_j_GW
Pre-tax national income 
P80-100 | share | all ages | equal split
",p80p100,1996,0.6404000000000001,2.0,GNB,Sub-Saharan Africa
Guinea-Bissau,"sptinc_p80p100_999_j_GW
Pre-tax national income 
P80-100 | share | all ages | equal split
",p80p100,1997,0.6329,2.0,GNB,Sub-Saharan Africa
Guinea-Bissau,"sptinc_p80p100_999_j_GW
Pre-tax national income 
P80-100 | share | all ages | equal split
",p80p100,1998,0.6255000000000001,2.0,GNB,Sub-Saharan Africa
Guinea-Bissau,"sptinc_p80p100_999_j_GW
Pre-tax national income 
P80-100 | share | all ages | equal split
",p80p100,1999,0.6181,2.0,GNB,Sub-Saharan Africa
Guinea-Bissau,"sptinc_p80p100_999_j_GW
Pre-tax national income 
P80-100 | share | all ages | equal split
",p80p100,2000,0.6106,2.0,GNB,Sub-Saharan Africa
Guinea-Bissau,"sptinc_p80p100_999_j_GW
Pre-tax national income 
P80-100 | share | all ages | equal split
",p80p100,2001,0.6031000000000001,2.0,GNB,Sub-Saharan Africa
Guinea-Bissau,"sptinc_p80p100_999_j_GW
Pre-tax national income 
P80-100 | share | all ages | equal split
",p80p100,2002,0.5957,3.0,GNB,Sub-Saharan Africa
Guinea-Bissau,"sptinc_p80p100_999_j_GW
Pre-tax national income 
P80-100 | share | all ages | equal split
",p80p100,2003,0.612,2.0,GNB,Sub-Saharan Africa
Guinea-Bissau,"sptinc_p80p100_999_j_GW
Pre-tax national income 
P80-100 | share | all ages | equal split
",p80p100,2004,0.6283000000000001,2.0,GNB,Sub-Saharan Africa
Guinea-Bissau,"sptinc_p80p100_999_j_GW
Pre-tax national income 
P80-100 | share | all ages | equal split
",p80p100,2005,0.6446000000000001,2.0,GNB,Sub-Saharan Africa
Guinea-Bissau,"sptinc_p80p100_999_j_GW
Pre-tax national income 
P80-100 | share | all ages | equal split
",p80p100,2006,0.6609,2.0,GNB,Sub-Saharan Africa
Guinea-Bissau,"sptinc_p80p100_999_j_GW
Pre-tax national income 
P80-100 | share | all ages | equal split
",p80p100,2007,0.6771,2.0,GNB,Sub-Saharan Africa
Guinea-Bissau,"sptinc_p80p100_999_j_GW
Pre-tax national income 
P80-100 | share | all ages | equal split
",p80p100,2008,0.6933,2.0,GNB,Sub-Saharan Africa
Guinea-Bissau,"sptinc_p80p100_999_j_GW
Pre-tax national income 
P80-100 | share | all ages | equal split
",p80p100,2009,0.7095,2.0,GNB,Sub-Saharan Africa
Guinea-Bissau,"sptinc_p80p100_999_j_GW
Pre-tax national income 
P80-100 | share | all ages | equal split
",p80p100,2010,0.7256,3.0,GNB,Sub-Saharan Africa
Guinea-Bissau,"sptinc_p80p100_999_j_GW
Pre-tax national income 
P80-100 | share | all ages | equal split
",p80p100,2011,0.7092,2.0,GNB,Sub-Saharan Africa
Guinea-Bissau,"sptinc_p80p100_999_j_GW
Pre-tax national income 
P80-100 | share | all ages | equal split
",p80p100,2012,0.6928000000000001,2.0,GNB,Sub-Saharan Africa
Guinea-Bissau,"sptinc_p80p100_999_j_GW
Pre-tax national income 
P80-100 | share | all ages | equal split
",p80p100,2013,0.6763,2.0,GNB,Sub-Saharan Africa
Guinea-Bissau,"sptinc_p80p100_999_j_GW
Pre-tax national income 
P80-100 | share | all ages | equal split
",p80p100,2014,0.6598,2.0,GNB,Sub-Saharan Africa
Guinea-Bissau,"sptinc_p80p100_999_j_GW
Pre-tax national income 
P80-100 | share | all ages | equal split
",p80p100,2015,0.6433,2.0,GNB,Sub-Saharan Africa
Guinea-Bissau,"sptinc_p80p100_999_j_GW
Pre-tax national income 
P80-100 | share | all ages | equal split
",p80p100,2016,0.6267,2.0,GNB,Sub-Saharan Africa
Guinea-Bissau,"sptinc_p80p100_999_j_GW
Pre-tax national income 
P80-100 | share | all ages | equal split
",p80p100,2017,0.61,2.0,GNB,Sub-Saharan Africa
Guinea-Bissau,"sptinc_p80p100_999_j_GW
Pre-tax national income 
P80-100 | share | all ages | equal split
",p80p100,2018,0.5934,3.0,GNB,Sub-Saharan Africa
Guinea-Bissau,"sptinc_p80p100_999_j_GW
Pre-tax national income 
P80-100 | share | all ages | equal split
",p80p100,2019,0.5877,2.0,GNB,Sub-Saharan Africa
Guinea-Bissau,"sptinc_p80p100_999_j_GW
Pre-tax national income 
P80-100 | share | all ages | equal split
",p80p100,2020,0.5819,2.0,GNB,Sub-Saharan Africa
Guinea-Bissau,"sptinc_p80p100_999_j_GW
Pre-tax national income 
P80-100 | share | all ages | equal split
",p80p100,2021,0.5762,3.0,GNB,Sub-Saharan Africa
Guinea-Bissau,"sptinc_p80p100_999_j_GW
Pre-tax national income 
P80-100 | share | all ages | equal split
",p80p100,2022,0.5762,1.0,GNB,Sub-Saharan Africa
Guinea-Bissau,"sptinc_p80p100_999_j_GW
Pre-tax national income 
P80-100 | share | all ages | equal split
",p80p100,2023,0.5762,1.0,GNB,Sub-Saharan Africa
Guinea-Bissau,"sptinc_p80p100_999_j_GW
Pre-tax national income 
P80-100 | share | all ages | equal split
",p80p100,2024,0.5762,1.0,GNB,Sub-Saharan Africa
Honduras,"sptinc_p80p100_999_j_HN
Pre-tax national income 
P80-100 | share | all ages | equal split
",p80p100,1980,0.7045,0.0,HND,Latin America & Caribbean
Honduras,"sptinc_p80p100_999_j_HN
Pre-tax national income 
P80-100 | share | all ages | equal split
",p80p100,1981,0.7045,0.0,HND,Latin America & Caribbean
Honduras,"sptinc_p80p100_999_j_HN
Pre-tax national income 
P80-100 | share | all ages | equal split
",p80p100,1982,0.7045,0.0,HND,Latin America & Caribbean
Honduras,"sptinc_p80p100_999_j_HN
Pre-tax national income 
P80-100 | share | all ages | equal split
",p80p100,1983,0.7045,0.0,HND,Latin America & Caribbean
Honduras,"sptinc_p80p100_999_j_HN
Pre-tax national income 
P80-100 | share | all ages | equal split
",p80p100,1984,0.7045,0.0,HND,Latin America & Caribbean
Honduras,"sptinc_p80p100_999_j_HN
Pre-tax national income 
P80-100 | share | all ages | equal split
",p80p100,1985,0.7045,0.0,HND,Latin America & Caribbean
Honduras,"sptinc_p80p100_999_j_HN
Pre-tax national income 
P80-100 | share | all ages | equal split
",p80p100,1986,0.7045,0.0,HND,Latin America & Caribbean
Honduras,"sptinc_p80p100_999_j_HN
Pre-tax national income 
P80-100 | share | all ages | equal split
",p80p100,1987,0.7045,0.0,HND,Latin America & Caribbean
Honduras,"sptinc_p80p100_999_j_HN
Pre-tax national income 
P80-100 | share | all ages | equal split
",p80p100,1988,0.7045,0.0,HND,Latin America & Caribbean
Honduras,"sptinc_p80p100_999_j_HN
Pre-tax national income 
P80-100 | share | all ages | equal split
",p80p100,1989,0.7045,0.0,HND,Latin America & Caribbean
Honduras,"sptinc_p80p100_999_j_HN
Pre-tax national income 
P80-100 | share | all ages | equal split
",p80p100,1990,0.7045,0.0,HND,Latin America & Caribbean
Honduras,"sptinc_p80p100_999_j_HN
Pre-tax national income 
P80-100 | share | all ages | equal split
",p80p100,1991,0.7045,0.0,HND,Latin America & Caribbean
Honduras,"sptinc_p80p100_999_j_HN
Pre-tax national income 
P80-100 | share | all ages | equal split
",p80p100,1992,0.7045,0.0,HND,Latin America & Caribbean
Honduras,"sptinc_p80p100_999_j_HN
Pre-tax national income 
P80-100 | share | all ages | equal split
",p80p100,1993,0.7045,0.0,HND,Latin America & Caribbean
Honduras,"sptinc_p80p100_999_j_HN
Pre-tax national income 
P80-100 | share | all ages | equal split
",p80p100,1994,0.7045,0.0,HND,Latin America & Caribbean
Honduras,"sptinc_p80p100_999_j_HN
Pre-tax national income 
P80-100 | share | all ages | equal split
",p80p100,1995,0.7045,0.0,HND,Latin America & Caribbean
Honduras,"sptinc_p80p100_999_j_HN
Pre-tax national income 
P80-100 | share | all ages | equal split
",p80p100,1996,0.7045,0.0,HND,Latin America & Caribbean
Honduras,"sptinc_p80p100_999_j_HN
Pre-tax national income 
P80-100 | share | all ages | equal split
",p80p100,1997,0.7045,0.0,HND,Latin America & Caribbean
Honduras,"sptinc_p80p100_999_j_HN
Pre-tax national income 
P80-100 | share | all ages | equal split
",p80p100,1998,0.7045,0.0,HND,Latin America & Caribbean
Honduras,"sptinc_p80p100_999_j_HN
Pre-tax national income 
P80-100 | share | all ages | equal split
",p80p100,1999,0.7045,0.0,HND,Latin America & Caribbean
Honduras,"sptinc_p80p100_999_j_HN
Pre-tax national income 
P80-100 | share | all ages | equal split
",p80p100,2000,0.7045,0.0,HND,Latin America & Caribbean
Honduras,"sptinc_p80p100_999_j_HN
Pre-tax national income 
P80-100 | share | all ages | equal split
",p80p100,2001,0.7130000000000001,0.0,HND,Latin America & Caribbean
Honduras,"sptinc_p80p100_999_j_HN
Pre-tax national income 
P80-100 | share | all ages | equal split
",p80p100,2002,0.7109000000000001,0.0,HND,Latin America & Caribbean
Honduras,"sptinc_p80p100_999_j_HN
Pre-tax national income 
P80-100 | share | all ages | equal split
",p80p100,2003,0.7069000000000001,0.0,HND,Latin America & Caribbean
Honduras,"sptinc_p80p100_999_j_HN
Pre-tax national income 
P80-100 | share | all ages | equal split
",p80p100,2004,0.7035,0.0,HND,Latin America & Caribbean
Honduras,"sptinc_p80p100_999_j_HN
Pre-tax national income 
P80-100 | share | all ages | equal split
",p80p100,2005,0.7021000000000001,0.0,HND,Latin America & Caribbean
Honduras,"sptinc_p80p100_999_j_HN
Pre-tax national income 
P80-100 | share | all ages | equal split
",p80p100,2006,0.6978000000000001,0.0,HND,Latin America & Caribbean
Honduras,"sptinc_p80p100_999_j_HN
Pre-tax national income 
P80-100 | share | all ages | equal split
",p80p100,2007,0.7043,0.0,HND,Latin America & Caribbean
Honduras,"sptinc_p80p100_999_j_HN
Pre-tax national income 
P80-100 | share | all ages | equal split
",p80p100,2008,0.6968000000000001,0.0,HND,Latin America & Caribbean
Honduras,"sptinc_p80p100_999_j_HN
Pre-tax national income 
P80-100 | share | all ages | equal split
",p80p100,2009,0.6902,0.0,HND,Latin America & Caribbean
Honduras,"sptinc_p80p100_999_j_HN
Pre-tax national income 
P80-100 | share | all ages | equal split
",p80p100,2010,0.6897,0.0,HND,Latin America & Caribbean
Honduras,"sptinc_p80p100_999_j_HN
Pre-tax national income 
P80-100 | share | all ages | equal split
",p80p100,2011,0.6831,0.0,HND,Latin America & Caribbean
Honduras,"sptinc_p80p100_999_j_HN
Pre-tax national income 
P80-100 | share | all ages | equal split
",p80p100,2012,0.677,0.0,HND,Latin America & Caribbean
Honduras,"sptinc_p80p100_999_j_HN
Pre-tax national income 
P80-100 | share | all ages | equal split
",p80p100,2013,0.6814,0.0,HND,Latin America & Caribbean
Honduras,"sptinc_p80p100_999_j_HN
Pre-tax national income 
P80-100 | share | all ages | equal split
",p80p100,2014,0.6761,0.0,HND,Latin America & Caribbean
Honduras,"sptinc_p80p100_999_j_HN
Pre-tax national income 
P80-100 | share | all ages | equal split
",p80p100,2015,0.6736000000000001,0.0,HND,Latin America & Caribbean
Honduras,"sptinc_p80p100_999_j_HN
Pre-tax national income 
P80-100 | share | all ages | equal split
",p80p100,2016,0.6738000000000001,0.0,HND,Latin America & Caribbean
Honduras,"sptinc_p80p100_999_j_HN
Pre-tax national income 
P80-100 | share | all ages | equal split
",p80p100,2017,0.6751,0.0,HND,Latin America & Caribbean
Honduras,"sptinc_p80p100_999_j_HN
Pre-tax national income 
P80-100 | share | all ages | equal split
",p80p100,2018,0.6765,0.0,HND,Latin America & Caribbean
Honduras,"sptinc_p80p100_999_j_HN
Pre-tax national income 
P80-100 | share | all ages | equal split
",p80p100,2019,0.6728000000000001,0.0,HND,Latin America & Caribbean
Honduras,"sptinc_p80p100_999_j_HN
Pre-tax national income 
P80-100 | share | all ages | equal split
",p80p100,2020,0.6896,0.0,HND,Latin America & Caribbean
Honduras,"sptinc_p80p100_999_j_HN
Pre-tax national income 
P80-100 | share | all ages | equal split
",p80p100,2021,0.6794,0.0,HND,Latin America & Caribbean
Honduras,"sptinc_p80p100_999_j_HN
Pre-tax national income 
P80-100 | share | all ages | equal split
",p80p100,2022,0.6706000000000001,0.0,HND,Latin America & Caribbean
Honduras,"sptinc_p80p100_999_j_HN
Pre-tax national income 
P80-100 | share | all ages | equal split
",p80p100,2023,0.6712,0.0,HND,Latin America & Caribbean
Honduras,"sptinc_p80p100_999_j_HN
Pre-tax national income 
P80-100 | share | all ages | equal split
",p80p100,2024,0.6712,0.0,HND,Latin America & Caribbean
Hong Kong,"sptinc_p80p100_999_j_HK
Pre-tax national income 
P80-100 | share | all ages | equal split
",p80p100,1980,0.5867,2.0,HKG,East Asia
Hong Kong,"sptinc_p80p100_999_j_HK
Pre-tax national income 
P80-100 | share | all ages | equal split
",p80p100,1981,0.5867,4.0,HKG,East Asia
Hong Kong,"sptinc_p80p100_999_j_HK
Pre-tax national income 
P80-100 | share | all ages | equal split
",p80p100,1982,0.5835,2.0,HKG,East Asia
Hong Kong,"sptinc_p80p100_999_j_HK
Pre-tax national income 
P80-100 | share | all ages | equal split
",p80p100,1983,0.5804,2.0,HKG,East Asia
Hong Kong,"sptinc_p80p100_999_j_HK
Pre-tax national income 
P80-100 | share | all ages | equal split
",p80p100,1984,0.5778,2.0,HKG,East Asia
Hong Kong,"sptinc_p80p100_999_j_HK
Pre-tax national income 
P80-100 | share | all ages | equal split
",p80p100,1985,0.5755,2.0,HKG,East Asia
Hong Kong,"sptinc_p80p100_999_j_HK
Pre-tax national income 
P80-100 | share | all ages | equal split
",p80p100,1986,0.5736,4.0,HKG,East Asia
Hong Kong,"sptinc_p80p100_999_j_HK
Pre-tax national income 
P80-100 | share | all ages | equal split
",p80p100,1987,0.5819,2.0,HKG,East Asia
Hong Kong,"sptinc_p80p100_999_j_HK
Pre-tax national income 
P80-100 | share | all ages | equal split
",p80p100,1988,0.5876,2.0,HKG,East Asia
Hong Kong,"sptinc_p80p100_999_j_HK
Pre-tax national income 
P80-100 | share | all ages | equal split
",p80p100,1989,0.5917,2.0,HKG,East Asia
Hong Kong,"sptinc_p80p100_999_j_HK
Pre-tax national income 
P80-100 | share | all ages | equal split
",p80p100,1990,0.5948,2.0,HKG,East Asia
Hong Kong,"sptinc_p80p100_999_j_HK
Pre-tax national income 
P80-100 | share | all ages | equal split
",p80p100,1991,0.5973,4.0,HKG,East Asia
Hong Kong,"sptinc_p80p100_999_j_HK
Pre-tax national income 
P80-100 | share | all ages | equal split
",p80p100,1992,0.5902000000000001,2.0,HKG,East Asia
Hong Kong,"sptinc_p80p100_999_j_HK
Pre-tax national income 
P80-100 | share | all ages | equal split
",p80p100,1993,0.5847,2.0,HKG,East Asia
Hong Kong,"sptinc_p80p100_999_j_HK
Pre-tax national income 
P80-100 | share | all ages | equal split
",p80p100,1994,0.5802,2.0,HKG,East Asia
Hong Kong,"sptinc_p80p100_999_j_HK
Pre-tax national income 
P80-100 | share | all ages | equal split
",p80p100,1995,0.5764,2.0,HKG,East Asia
Hong Kong,"sptinc_p80p100_999_j_HK
Pre-tax national income 
P80-100 | share | all ages | equal split
",p80p100,1996,0.5732,4.0,HKG,East Asia
Hong Kong,"sptinc_p80p100_999_j_HK
Pre-tax national income 
P80-100 | share | all ages | equal split
",p80p100,1997,0.5773,2.0,HKG,East Asia
Hong Kong,"sptinc_p80p100_999_j_HK
Pre-tax national income 
P80-100 | share | all ages | equal split
",p80p100,1998,0.5814,2.0,HKG,East Asia
Hong Kong,"sptinc_p80p100_999_j_HK
Pre-tax national income 
P80-100 | share | all ages | equal split
",p80p100,1999,0.5853,2.0,HKG,East Asia
Hong Kong,"sptinc_p80p100_999_j_HK
Pre-tax national income 
P80-100 | share | all ages | equal split
",p80p100,2000,0.5892000000000001,2.0,HKG,East Asia
Hong Kong,"sptinc_p80p100_999_j_HK
Pre-tax national income 
P80-100 | share | all ages | equal split
",p80p100,2001,0.5923,4.0,HKG,East Asia
Hong Kong,"sptinc_p80p100_999_j_HK
Pre-tax national income 
P80-100 | share | all ages | equal split
",p80p100,2002,0.6042000000000001,2.0,HKG,East Asia
Hong Kong,"sptinc_p80p100_999_j_HK
Pre-tax national income 
P80-100 | share | all ages | equal split
",p80p100,2003,0.6147,2.0,HKG,East Asia
Hong Kong,"sptinc_p80p100_999_j_HK
Pre-tax national income 
P80-100 | share | all ages | equal split
",p80p100,2004,0.6246,2.0,HKG,East Asia
Hong Kong,"sptinc_p80p100_999_j_HK
Pre-tax national income 
P80-100 | share | all ages | equal split
",p80p100,2005,0.6339,2.0,HKG,East Asia
Hong Kong,"sptinc_p80p100_999_j_HK
Pre-tax national income 
P80-100 | share | all ages | equal split
",p80p100,2006,0.6425000000000001,4.0,HKG,East Asia
Hong Kong,"sptinc_p80p100_999_j_HK
Pre-tax national income 
P80-100 | share | all ages | equal split
",p80p100,2007,0.6432,2.0,HKG,East Asia
Hong Kong,"sptinc_p80p100_999_j_HK
Pre-tax national income 
P80-100 | share | all ages | equal split
",p80p100,2008,0.6438,2.0,HKG,East Asia
Hong Kong,"sptinc_p80p100_999_j_HK
Pre-tax national income 
P80-100 | share | all ages | equal split
",p80p100,2009,0.6444000000000001,2.0,HKG,East Asia
Hong Kong,"sptinc_p80p100_999_j_HK
Pre-tax national income 
P80-100 | share | all ages | equal split
",p80p100,2010,0.645,2.0,HKG,East Asia
Hong Kong,"sptinc_p80p100_999_j_HK
Pre-tax national income 
P80-100 | share | all ages | equal split
",p80p100,2011,0.6455000000000001,4.0,HKG,East Asia
Hong Kong,"sptinc_p80p100_999_j_HK
Pre-tax national income 
P80-100 | share | all ages | equal split
",p80p100,2012,0.6422,2.0,HKG,East Asia
Hong Kong,"sptinc_p80p100_999_j_HK
Pre-tax national income 
P80-100 | share | all ages | equal split
",p80p100,2013,0.6391,2.0,HKG,East Asia
Hong Kong,"sptinc_p80p100_999_j_HK
Pre-tax national income 
P80-100 | share | all ages | equal split
",p80p100,2014,0.6361,2.0,HKG,East Asia
Hong Kong,"sptinc_p80p100_999_j_HK
Pre-tax national income 
P80-100 | share | all ages | equal split
",p80p100,2015,0.6331,2.0,HKG,East Asia
Hong Kong,"sptinc_p80p100_999_j_HK
Pre-tax national income 
P80-100 | share | all ages | equal split
",p80p100,2016,0.6303000000000001,4.0,HKG,East Asia
Hong Kong,"sptinc_p80p100_999_j_HK
Pre-tax national income 
P80-100 | share | all ages | equal split
",p80p100,2017,0.6303000000000001,2.0,HKG,East Asia
Hong Kong,"sptinc_p80p100_999_j_HK
Pre-tax national income 
P80-100 | share | all ages | equal split
",p80p100,2018,0.6303000000000001,2.0,HKG,East Asia
Hong Kong,"sptinc_p80p100_999_j_HK
Pre-tax national income 
P80-100 | share | all ages | equal split
",p80p100,2019,0.6303000000000001,2.0,HKG,East Asia
Hong Kong,"sptinc_p80p100_999_j_HK
Pre-tax national income 
P80-100 | share | all ages | equal split
",p80p100,2020,0.6303000000000001,2.0,HKG,East Asia
Hong Kong,"sptinc_p80p100_999_j_HK
Pre-tax national income 
P80-100 | share | all ages | equal split
",p80p100,2021,0.6303000000000001,1.0,HKG,East Asia
Hong Kong,"sptinc_p80p100_999_j_HK
Pre-tax national income 
P80-100 | share | all ages | equal split
",p80p100,2022,0.6303000000000001,1.0,HKG,East Asia
Hong Kong,"sptinc_p80p100_999_j_HK
Pre-tax national income 
P80-100 | share | all ages | equal split
",p80p100,2023,0.6303000000000001,1.0,HKG,East Asia
Hong Kong,"sptinc_p80p100_999_j_HK
Pre-tax national income 
P80-100 | share | all ages | equal split
",p80p100,2024,0.6303000000000001,1.0,HKG,East Asia
Hungary,"sptinc_p80p100_999_j_HU
Pre-tax national income 
P80-100 | share | all ages | equal split
",p80p100,1960,0.4518,3.0,HUN,Eastern Europe & FSU
Hungary,"sptinc_p80p100_999_j_HU
Pre-tax national income 
P80-100 | share | all ages | equal split
",p80p100,1961,0.444,3.0,HUN,Eastern Europe & FSU
Hungary,"sptinc_p80p100_999_j_HU
Pre-tax national income 
P80-100 | share | all ages | equal split
",p80p100,1962,0.4363,3.0,HUN,Eastern Europe & FSU
Hungary,"sptinc_p80p100_999_j_HU
Pre-tax national income 
P80-100 | share | all ages | equal split
",p80p100,1964,0.4207,3.0,HUN,Eastern Europe & FSU
Hungary,"sptinc_p80p100_999_j_HU
Pre-tax national income 
P80-100 | share | all ages | equal split
",p80p100,1966,0.4051,3.0,HUN,Eastern Europe & FSU
Hungary,"sptinc_p80p100_999_j_HU
Pre-tax national income 
P80-100 | share | all ages | equal split
",p80p100,1968,0.3896,3.0,HUN,Eastern Europe & FSU
Hungary,"sptinc_p80p100_999_j_HU
Pre-tax national income 
P80-100 | share | all ages | equal split
",p80p100,1970,0.374,3.0,HUN,Eastern Europe & FSU
Hungary,"sptinc_p80p100_999_j_HU
Pre-tax national income 
P80-100 | share | all ages | equal split
",p80p100,1972,0.3584,3.0,HUN,Eastern Europe & FSU
Hungary,"sptinc_p80p100_999_j_HU
Pre-tax national income 
P80-100 | share | all ages | equal split
",p80p100,1974,0.3429,3.0,HUN,Eastern Europe & FSU
Hungary,"sptinc_p80p100_999_j_HU
Pre-tax national income 
P80-100 | share | all ages | equal split
",p80p100,1976,0.3273,3.0,HUN,Eastern Europe & FSU
Hungary,"sptinc_p80p100_999_j_HU
Pre-tax national income 
P80-100 | share | all ages | equal split
",p80p100,1978,0.3118,3.0,HUN,Eastern Europe & FSU
Hungary,"sptinc_p80p100_999_j_HU
Pre-tax national income 
P80-100 | share | all ages | equal split
",p80p100,1980,0.3154,4.0,HUN,Eastern Europe & FSU
Hungary,"sptinc_p80p100_999_j_HU
Pre-tax national income 
P80-100 | share | all ages | equal split
",p80p100,1981,0.3145,4.0,HUN,Eastern Europe & FSU
Hungary,"sptinc_p80p100_999_j_HU
Pre-tax national income 
P80-100 | share | all ages | equal split
",p80p100,1982,0.312,4.0,HUN,Eastern Europe & FSU
Hungary,"sptinc_p80p100_999_j_HU
Pre-tax national income 
P80-100 | share | all ages | equal split
",p80p100,1983,0.3014,4.0,HUN,Eastern Europe & FSU
Hungary,"sptinc_p80p100_999_j_HU
Pre-tax national income 
P80-100 | share | all ages | equal split
",p80p100,1984,0.2911,4.0,HUN,Eastern Europe & FSU
Hungary,"sptinc_p80p100_999_j_HU
Pre-tax national income 
P80-100 | share | all ages | equal split
",p80p100,1985,0.2924,4.0,HUN,Eastern Europe & FSU
Hungary,"sptinc_p80p100_999_j_HU
Pre-tax national income 
P80-100 | share | all ages | equal split
",p80p100,1986,0.2952,4.0,HUN,Eastern Europe & FSU
Hungary,"sptinc_p80p100_999_j_HU
Pre-tax national income 
P80-100 | share | all ages | equal split
",p80p100,1987,0.3061,4.0,HUN,Eastern Europe & FSU
Hungary,"sptinc_p80p100_999_j_HU
Pre-tax national income 
P80-100 | share | all ages | equal split
",p80p100,1988,0.3167,4.0,HUN,Eastern Europe & FSU
Hungary,"sptinc_p80p100_999_j_HU
Pre-tax national income 
P80-100 | share | all ages | equal split
",p80p100,1989,0.3361,4.0,HUN,Eastern Europe & FSU
Hungary,"sptinc_p80p100_999_j_HU
Pre-tax national income 
P80-100 | share | all ages | equal split
",p80p100,1990,0.3598,4.0,HUN,Eastern Europe & FSU
Hungary,"sptinc_p80p100_999_j_HU
Pre-tax national income 
P80-100 | share | all ages | equal split
",p80p100,1991,0.38,4.0,HUN,Eastern Europe & FSU
Hungary,"sptinc_p80p100_999_j_HU
Pre-tax national income 
P80-100 | share | all ages | equal split
",p80p100,1992,0.4008,4.0,HUN,Eastern Europe & FSU
Hungary,"sptinc_p80p100_999_j_HU
Pre-tax national income 
P80-100 | share | all ages | equal split
",p80p100,1993,0.4006,4.0,HUN,Eastern Europe & FSU
Hungary,"sptinc_p80p100_999_j_HU
Pre-tax national income 
P80-100 | share | all ages | equal split
",p80p100,1994,0.404,4.0,HUN,Eastern Europe & FSU
Hungary,"sptinc_p80p100_999_j_HU
Pre-tax national income 
P80-100 | share | all ages | equal split
",p80p100,1995,0.3924,4.0,HUN,Eastern Europe & FSU
Hungary,"sptinc_p80p100_999_j_HU
Pre-tax national income 
P80-100 | share | all ages | equal split
",p80p100,1996,0.3983,4.0,HUN,Eastern Europe & FSU
Hungary,"sptinc_p80p100_999_j_HU
Pre-tax national income 
P80-100 | share | all ages | equal split
",p80p100,1997,0.409,4.0,HUN,Eastern Europe & FSU
Hungary,"sptinc_p80p100_999_j_HU
Pre-tax national income 
P80-100 | share | all ages | equal split
",p80p100,1998,0.41,4.0,HUN,Eastern Europe & FSU
Hungary,"sptinc_p80p100_999_j_HU
Pre-tax national income 
P80-100 | share | all ages | equal split
",p80p100,1999,0.4246,4.0,HUN,Eastern Europe & FSU
Hungary,"sptinc_p80p100_999_j_HU
Pre-tax national income 
P80-100 | share | all ages | equal split
",p80p100,2000,0.4208,4.0,HUN,Eastern Europe & FSU
Hungary,"sptinc_p80p100_999_j_HU
Pre-tax national income 
P80-100 | share | all ages | equal split
",p80p100,2001,0.4387,4.0,HUN,Eastern Europe & FSU
Hungary,"sptinc_p80p100_999_j_HU
Pre-tax national income 
P80-100 | share | all ages | equal split
",p80p100,2002,0.4541,4.0,HUN,Eastern Europe & FSU
Hungary,"sptinc_p80p100_999_j_HU
Pre-tax national income 
P80-100 | share | all ages | equal split
",p80p100,2003,0.4569,4.0,HUN,Eastern Europe & FSU
Hungary,"sptinc_p80p100_999_j_HU
Pre-tax national income 
P80-100 | share | all ages | equal split
",p80p100,2004,0.4478,4.0,HUN,Eastern Europe & FSU
Hungary,"sptinc_p80p100_999_j_HU
Pre-tax national income 
P80-100 | share | all ages | equal split
",p80p100,2005,0.4619,4.0,HUN,Eastern Europe & FSU
Hungary,"sptinc_p80p100_999_j_HU
Pre-tax national income 
P80-100 | share | all ages | equal split
",p80p100,2006,0.4781,4.0,HUN,Eastern Europe & FSU
Hungary,"sptinc_p80p100_999_j_HU
Pre-tax national income 
P80-100 | share | all ages | equal split
",p80p100,2007,0.4888,4.0,HUN,Eastern Europe & FSU
Hungary,"sptinc_p80p100_999_j_HU
Pre-tax national income 
P80-100 | share | all ages | equal split
",p80p100,2008,0.4789,4.0,HUN,Eastern Europe & FSU
Hungary,"sptinc_p80p100_999_j_HU
Pre-tax national income 
P80-100 | share | all ages | equal split
",p80p100,2009,0.4697,3.0,HUN,Eastern Europe & FSU
Hungary,"sptinc_p80p100_999_j_HU
Pre-tax national income 
P80-100 | share | all ages | equal split
",p80p100,2010,0.473,3.0,HUN,Eastern Europe & FSU
Hungary,"sptinc_p80p100_999_j_HU
Pre-tax national income 
P80-100 | share | all ages | equal split
",p80p100,2011,0.4661,3.0,HUN,Eastern Europe & FSU
Hungary,"sptinc_p80p100_999_j_HU
Pre-tax national income 
P80-100 | share | all ages | equal split
",p80p100,2012,0.4582,3.0,HUN,Eastern Europe & FSU
Hungary,"sptinc_p80p100_999_j_HU
Pre-tax national income 
P80-100 | share | all ages | equal split
",p80p100,2013,0.4702,3.0,HUN,Eastern Europe & FSU
Hungary,"sptinc_p80p100_999_j_HU
Pre-tax national income 
P80-100 | share | all ages | equal split
",p80p100,2014,0.4663,3.0,HUN,Eastern Europe & FSU
Hungary,"sptinc_p80p100_999_j_HU
Pre-tax national income 
P80-100 | share | all ages | equal split
",p80p100,2015,0.4669,3.0,HUN,Eastern Europe & FSU
Hungary,"sptinc_p80p100_999_j_HU
Pre-tax national income 
P80-100 | share | all ages | equal split
",p80p100,2016,0.4652,3.0,HUN,Eastern Europe & FSU
Hungary,"sptinc_p80p100_999_j_HU
Pre-tax national income 
P80-100 | share | all ages | equal split
",p80p100,2017,0.4657,3.0,HUN,Eastern Europe & FSU
Hungary,"sptinc_p80p100_999_j_HU
Pre-tax national income 
P80-100 | share | all ages | equal split
",p80p100,2018,0.4623,1.0,HUN,Eastern Europe & FSU
Hungary,"sptinc_p80p100_999_j_HU
Pre-tax national income 
P80-100 | share | all ages | equal split
",p80p100,2019,0.4654,1.0,HUN,Eastern Europe & FSU
Hungary,"sptinc_p80p100_999_j_HU
Pre-tax national income 
P80-100 | share | all ages | equal split
",p80p100,2020,0.4654,1.0,HUN,Eastern Europe & FSU
Hungary,"sptinc_p80p100_999_j_HU
Pre-tax national income 
P80-100 | share | all ages | equal split
",p80p100,2021,0.4647,1.0,HUN,Eastern Europe & FSU
Hungary,"sptinc_p80p100_999_j_HU
Pre-tax national income 
P80-100 | share | all ages | equal split
",p80p100,2022,0.4705,1.0,HUN,Eastern Europe & FSU
Hungary,"sptinc_p80p100_999_j_HU
Pre-tax national income 
P80-100 | share | all ages | equal split
",p80p100,2023,0.4684,1.0,HUN,Eastern Europe & FSU
Hungary,"sptinc_p80p100_999_j_HU
Pre-tax national income 
P80-100 | share | all ages | equal split
",p80p100,2024,0.4684,1.0,HUN,Eastern Europe & FSU
India,"sptinc_p80p100_999_j_IN
Pre-tax national income 
P80-100 | share | all ages | equal split
",p80p100,1960,0.5335,4.0,IND,South Asia
India,"sptinc_p80p100_999_j_IN
Pre-tax national income 
P80-100 | share | all ages | equal split
",p80p100,1961,0.5334,4.0,IND,South Asia
India,"sptinc_p80p100_999_j_IN
Pre-tax national income 
P80-100 | share | all ages | equal split
",p80p100,1962,0.5299,4.0,IND,South Asia
India,"sptinc_p80p100_999_j_IN
Pre-tax national income 
P80-100 | share | all ages | equal split
",p80p100,1963,0.5115000000000001,4.0,IND,South Asia
India,"sptinc_p80p100_999_j_IN
Pre-tax national income 
P80-100 | share | all ages | equal split
",p80p100,1964,0.5162,4.0,IND,South Asia
India,"sptinc_p80p100_999_j_IN
Pre-tax national income 
P80-100 | share | all ages | equal split
",p80p100,1965,0.5169,4.0,IND,South Asia
India,"sptinc_p80p100_999_j_IN
Pre-tax national income 
P80-100 | share | all ages | equal split
",p80p100,1966,0.5193,4.0,IND,South Asia
India,"sptinc_p80p100_999_j_IN
Pre-tax national income 
P80-100 | share | all ages | equal split
",p80p100,1967,0.5184,4.0,IND,South Asia
India,"sptinc_p80p100_999_j_IN
Pre-tax national income 
P80-100 | share | all ages | equal split
",p80p100,1968,0.5137,4.0,IND,South Asia
India,"sptinc_p80p100_999_j_IN
Pre-tax national income 
P80-100 | share | all ages | equal split
",p80p100,1969,0.5231,4.0,IND,South Asia
India,"sptinc_p80p100_999_j_IN
Pre-tax national income 
P80-100 | share | all ages | equal split
",p80p100,1970,0.5255000000000001,4.0,IND,South Asia
India,"sptinc_p80p100_999_j_IN
Pre-tax national income 
P80-100 | share | all ages | equal split
",p80p100,1971,0.5099,4.0,IND,South Asia
India,"sptinc_p80p100_999_j_IN
Pre-tax national income 
P80-100 | share | all ages | equal split
",p80p100,1972,0.507,4.0,IND,South Asia
India,"sptinc_p80p100_999_j_IN
Pre-tax national income 
P80-100 | share | all ages | equal split
",p80p100,1973,0.5049,4.0,IND,South Asia
India,"sptinc_p80p100_999_j_IN
Pre-tax national income 
P80-100 | share | all ages | equal split
",p80p100,1974,0.5057,4.0,IND,South Asia
India,"sptinc_p80p100_999_j_IN
Pre-tax national income 
P80-100 | share | all ages | equal split
",p80p100,1975,0.5069,4.0,IND,South Asia
India,"sptinc_p80p100_999_j_IN
Pre-tax national income 
P80-100 | share | all ages | equal split
",p80p100,1976,0.509,4.0,IND,South Asia
India,"sptinc_p80p100_999_j_IN
Pre-tax national income 
P80-100 | share | all ages | equal split
",p80p100,1977,0.5078,4.0,IND,South Asia
India,"sptinc_p80p100_999_j_IN
Pre-tax national income 
P80-100 | share | all ages | equal split
",p80p100,1978,0.5046,4.0,IND,South Asia
India,"sptinc_p80p100_999_j_IN
Pre-tax national income 
P80-100 | share | all ages | equal split
",p80p100,1979,0.4937,4.0,IND,South Asia
India,"sptinc_p80p100_999_j_IN
Pre-tax national income 
P80-100 | share | all ages | equal split
",p80p100,1980,0.4881,4.0,IND,South Asia
India,"sptinc_p80p100_999_j_IN
Pre-tax national income 
P80-100 | share | all ages | equal split
",p80p100,1981,0.4821,4.0,IND,South Asia
India,"sptinc_p80p100_999_j_IN
Pre-tax national income 
P80-100 | share | all ages | equal split
",p80p100,1982,0.4772,4.0,IND,South Asia
India,"sptinc_p80p100_999_j_IN
Pre-tax national income 
P80-100 | share | all ages | equal split
",p80p100,1983,0.5173,4.0,IND,South Asia
India,"sptinc_p80p100_999_j_IN
Pre-tax national income 
P80-100 | share | all ages | equal split
",p80p100,1984,0.5031,4.0,IND,South Asia
India,"sptinc_p80p100_999_j_IN
Pre-tax national income 
P80-100 | share | all ages | equal split
",p80p100,1985,0.5143,4.0,IND,South Asia
India,"sptinc_p80p100_999_j_IN
Pre-tax national income 
P80-100 | share | all ages | equal split
",p80p100,1986,0.5168,4.0,IND,South Asia
India,"sptinc_p80p100_999_j_IN
Pre-tax national income 
P80-100 | share | all ages | equal split
",p80p100,1987,0.5126000000000001,4.0,IND,South Asia
India,"sptinc_p80p100_999_j_IN
Pre-tax national income 
P80-100 | share | all ages | equal split
",p80p100,1988,0.5199,4.0,IND,South Asia
India,"sptinc_p80p100_999_j_IN
Pre-tax national income 
P80-100 | share | all ages | equal split
",p80p100,1989,0.5201,4.0,IND,South Asia
India,"sptinc_p80p100_999_j_IN
Pre-tax national income 
P80-100 | share | all ages | equal split
",p80p100,1990,0.5054000000000001,4.0,IND,South Asia
India,"sptinc_p80p100_999_j_IN
Pre-tax national income 
P80-100 | share | all ages | equal split
",p80p100,1991,0.5099,4.0,IND,South Asia
India,"sptinc_p80p100_999_j_IN
Pre-tax national income 
P80-100 | share | all ages | equal split
",p80p100,1992,0.5172,4.0,IND,South Asia
India,"sptinc_p80p100_999_j_IN
Pre-tax national income 
P80-100 | share | all ages | equal split
",p80p100,1993,0.5298,4.0,IND,South Asia
India,"sptinc_p80p100_999_j_IN
Pre-tax national income 
P80-100 | share | all ages | equal split
",p80p100,1994,0.5414,4.0,IND,South Asia
India,"sptinc_p80p100_999_j_IN
Pre-tax national income 
P80-100 | share | all ages | equal split
",p80p100,1995,0.5413,4.0,IND,South Asia
India,"sptinc_p80p100_999_j_IN
Pre-tax national income 
P80-100 | share | all ages | equal split
",p80p100,1996,0.5382,4.0,IND,South Asia
India,"sptinc_p80p100_999_j_IN
Pre-tax national income 
P80-100 | share | all ages | equal split
",p80p100,1997,0.544,4.0,IND,South Asia
India,"sptinc_p80p100_999_j_IN
Pre-tax national income 
P80-100 | share | all ages | equal split
",p80p100,1998,0.5475,4.0,IND,South Asia
India,"sptinc_p80p100_999_j_IN
Pre-tax national income 
P80-100 | share | all ages | equal split
",p80p100,1999,0.5493,4.0,IND,South Asia
India,"sptinc_p80p100_999_j_IN
Pre-tax national income 
P80-100 | share | all ages | equal split
",p80p100,2000,0.552,4.0,IND,South Asia
India,"sptinc_p80p100_999_j_IN
Pre-tax national income 
P80-100 | share | all ages | equal split
",p80p100,2001,0.5611,4.0,IND,South Asia
India,"sptinc_p80p100_999_j_IN
Pre-tax national income 
P80-100 | share | all ages | equal split
",p80p100,2002,0.5704,4.0,IND,South Asia
India,"sptinc_p80p100_999_j_IN
Pre-tax national income 
P80-100 | share | all ages | equal split
",p80p100,2003,0.5798,4.0,IND,South Asia
India,"sptinc_p80p100_999_j_IN
Pre-tax national income 
P80-100 | share | all ages | equal split
",p80p100,2004,0.5893,4.0,IND,South Asia
India,"sptinc_p80p100_999_j_IN
Pre-tax national income 
P80-100 | share | all ages | equal split
",p80p100,2005,0.5989,4.0,IND,South Asia
India,"sptinc_p80p100_999_j_IN
Pre-tax national income 
P80-100 | share | all ages | equal split
",p80p100,2006,0.6086,4.0,IND,South Asia
India,"sptinc_p80p100_999_j_IN
Pre-tax national income 
P80-100 | share | all ages | equal split
",p80p100,2007,0.6185,4.0,IND,South Asia
India,"sptinc_p80p100_999_j_IN
Pre-tax national income 
P80-100 | share | all ages | equal split
",p80p100,2008,0.6286,4.0,IND,South Asia
India,"sptinc_p80p100_999_j_IN
Pre-tax national income 
P80-100 | share | all ages | equal split
",p80p100,2009,0.639,4.0,IND,South Asia
India,"sptinc_p80p100_999_j_IN
Pre-tax national income 
P80-100 | share | all ages | equal split
",p80p100,2010,0.6495000000000001,4.0,IND,South Asia
India,"sptinc_p80p100_999_j_IN
Pre-tax national income 
P80-100 | share | all ages | equal split
",p80p100,2011,0.6642,4.0,IND,South Asia
India,"sptinc_p80p100_999_j_IN
Pre-tax national income 
P80-100 | share | all ages | equal split
",p80p100,2012,0.6706000000000001,4.0,IND,South Asia
India,"sptinc_p80p100_999_j_IN
Pre-tax national income 
P80-100 | share | all ages | equal split
",p80p100,2013,0.6724,4.0,IND,South Asia
India,"sptinc_p80p100_999_j_IN
Pre-tax national income 
P80-100 | share | all ages | equal split
",p80p100,2014,0.6788000000000001,4.0,IND,South Asia
India,"sptinc_p80p100_999_j_IN
Pre-tax national income 
P80-100 | share | all ages | equal split
",p80p100,2015,0.6834,4.0,IND,South Asia
India,"sptinc_p80p100_999_j_IN
Pre-tax national income 
P80-100 | share | all ages | equal split
",p80p100,2016,0.6941,4.0,IND,South Asia
India,"sptinc_p80p100_999_j_IN
Pre-tax national income 
P80-100 | share | all ages | equal split
",p80p100,2017,0.6988000000000001,4.0,IND,South Asia
India,"sptinc_p80p100_999_j_IN
Pre-tax national income 
P80-100 | share | all ages | equal split
",p80p100,2018,0.6901,4.0,IND,South Asia
India,"sptinc_p80p100_999_j_IN
Pre-tax national income 
P80-100 | share | all ages | equal split
",p80p100,2019,0.6867000000000001,4.0,IND,South Asia
India,"sptinc_p80p100_999_j_IN
Pre-tax national income 
P80-100 | share | all ages | equal split
",p80p100,2020,0.678,4.0,IND,South Asia
India,"sptinc_p80p100_999_j_IN
Pre-tax national income 
P80-100 | share | all ages | equal split
",p80p100,2021,0.68,4.0,IND,South Asia
India,"sptinc_p80p100_999_j_IN
Pre-tax national income 
P80-100 | share | all ages | equal split
",p80p100,2022,0.6867000000000001,4.0,IND,South Asia
India,"sptinc_p80p100_999_j_IN
Pre-tax national income 
P80-100 | share | all ages | equal split
",p80p100,2023,0.6867000000000001,1.0,IND,South Asia
India,"sptinc_p80p100_999_j_IN
Pre-tax national income 
P80-100 | share | all ages | equal split
",p80p100,2024,0.6867000000000001,1.0,IND,South Asia
Indonesia,"sptinc_p80p100_999_j_ID
Pre-tax national income 
P80-100 | share | all ages | equal split
",p80p100,1960,0.5683,2.0,IDN,Southeast Asia
Indonesia,"sptinc_p80p100_999_j_ID
Pre-tax national income 
P80-100 | share | all ages | equal split
",p80p100,1970,0.5536,2.0,IDN,Southeast Asia
Indonesia,"sptinc_p80p100_999_j_ID
Pre-tax national income 
P80-100 | share | all ages | equal split
",p80p100,1980,0.5656,1.0,IDN,Southeast Asia
Indonesia,"sptinc_p80p100_999_j_ID
Pre-tax national income 
P80-100 | share | all ages | equal split
",p80p100,1981,0.5656,1.0,IDN,Southeast Asia
Indonesia,"sptinc_p80p100_999_j_ID
Pre-tax national income 
P80-100 | share | all ages | equal split
",p80p100,1982,0.5656,1.0,IDN,Southeast Asia
Indonesia,"sptinc_p80p100_999_j_ID
Pre-tax national income 
P80-100 | share | all ages | equal split
",p80p100,1983,0.5656,1.0,IDN,Southeast Asia
Indonesia,"sptinc_p80p100_999_j_ID
Pre-tax national income 
P80-100 | share | all ages | equal split
",p80p100,1984,0.5656,3.0,IDN,Southeast Asia
Indonesia,"sptinc_p80p100_999_j_ID
Pre-tax national income 
P80-100 | share | all ages | equal split
",p80p100,1985,0.5753,2.0,IDN,Southeast Asia
Indonesia,"sptinc_p80p100_999_j_ID
Pre-tax national income 
P80-100 | share | all ages | equal split
",p80p100,1986,0.5840000000000001,2.0,IDN,Southeast Asia
Indonesia,"sptinc_p80p100_999_j_ID
Pre-tax national income 
P80-100 | share | all ages | equal split
",p80p100,1987,0.5921000000000001,3.0,IDN,Southeast Asia
Indonesia,"sptinc_p80p100_999_j_ID
Pre-tax national income 
P80-100 | share | all ages | equal split
",p80p100,1988,0.5959,2.0,IDN,Southeast Asia
Indonesia,"sptinc_p80p100_999_j_ID
Pre-tax national income 
P80-100 | share | all ages | equal split
",p80p100,1989,0.5993,2.0,IDN,Southeast Asia
Indonesia,"sptinc_p80p100_999_j_ID
Pre-tax national income 
P80-100 | share | all ages | equal split
",p80p100,1990,0.6023000000000001,3.0,IDN,Southeast Asia
Indonesia,"sptinc_p80p100_999_j_ID
Pre-tax national income 
P80-100 | share | all ages | equal split
",p80p100,1991,0.6064,2.0,IDN,Southeast Asia
Indonesia,"sptinc_p80p100_999_j_ID
Pre-tax national income 
P80-100 | share | all ages | equal split
",p80p100,1992,0.6099,3.0,IDN,Southeast Asia
Indonesia,"sptinc_p80p100_999_j_ID
Pre-tax national income 
P80-100 | share | all ages | equal split
",p80p100,1993,0.6129,3.0,IDN,Southeast Asia
Indonesia,"sptinc_p80p100_999_j_ID
Pre-tax national income 
P80-100 | share | all ages | equal split
",p80p100,1994,0.6201,3.0,IDN,Southeast Asia
Indonesia,"sptinc_p80p100_999_j_ID
Pre-tax national income 
P80-100 | share | all ages | equal split
",p80p100,1995,0.6258,3.0,IDN,Southeast Asia
Indonesia,"sptinc_p80p100_999_j_ID
Pre-tax national income 
P80-100 | share | all ages | equal split
",p80p100,1996,0.6302,3.0,IDN,Southeast Asia
Indonesia,"sptinc_p80p100_999_j_ID
Pre-tax national income 
P80-100 | share | all ages | equal split
",p80p100,1997,0.5902000000000001,3.0,IDN,Southeast Asia
Indonesia,"sptinc_p80p100_999_j_ID
Pre-tax national income 
P80-100 | share | all ages | equal split
",p80p100,1998,0.5462,3.0,IDN,Southeast Asia
Indonesia,"sptinc_p80p100_999_j_ID
Pre-tax national income 
P80-100 | share | all ages | equal split
",p80p100,1999,0.5394,3.0,IDN,Southeast Asia
Indonesia,"sptinc_p80p100_999_j_ID
Pre-tax national income 
P80-100 | share | all ages | equal split
",p80p100,2000,0.5414,3.0,IDN,Southeast Asia
Indonesia,"sptinc_p80p100_999_j_ID
Pre-tax national income 
P80-100 | share | all ages | equal split
",p80p100,2001,0.5502,3.0,IDN,Southeast Asia
Indonesia,"sptinc_p80p100_999_j_ID
Pre-tax national income 
P80-100 | share | all ages | equal split
",p80p100,2002,0.5511,3.0,IDN,Southeast Asia
Indonesia,"sptinc_p80p100_999_j_ID
Pre-tax national income 
P80-100 | share | all ages | equal split
",p80p100,2003,0.5517000000000001,3.0,IDN,Southeast Asia
Indonesia,"sptinc_p80p100_999_j_ID
Pre-tax national income 
P80-100 | share | all ages | equal split
",p80p100,2004,0.5656,3.0,IDN,Southeast Asia
Indonesia,"sptinc_p80p100_999_j_ID
Pre-tax national income 
P80-100 | share | all ages | equal split
",p80p100,2005,0.5756,3.0,IDN,Southeast Asia
Indonesia,"sptinc_p80p100_999_j_ID
Pre-tax national income 
P80-100 | share | all ages | equal split
",p80p100,2006,0.5680000000000001,3.0,IDN,Southeast Asia
Indonesia,"sptinc_p80p100_999_j_ID
Pre-tax national income 
P80-100 | share | all ages | equal split
",p80p100,2007,0.5778,3.0,IDN,Southeast Asia
Indonesia,"sptinc_p80p100_999_j_ID
Pre-tax national income 
P80-100 | share | all ages | equal split
",p80p100,2008,0.6173000000000001,3.0,IDN,Southeast Asia
Indonesia,"sptinc_p80p100_999_j_ID
Pre-tax national income 
P80-100 | share | all ages | equal split
",p80p100,2009,0.6276,3.0,IDN,Southeast Asia
Indonesia,"sptinc_p80p100_999_j_ID
Pre-tax national income 
P80-100 | share | all ages | equal split
",p80p100,2010,0.5855,3.0,IDN,Southeast Asia
Indonesia,"sptinc_p80p100_999_j_ID
Pre-tax national income 
P80-100 | share | all ages | equal split
",p80p100,2011,0.6016,3.0,IDN,Southeast Asia
Indonesia,"sptinc_p80p100_999_j_ID
Pre-tax national income 
P80-100 | share | all ages | equal split
",p80p100,2012,0.5953,3.0,IDN,Southeast Asia
Indonesia,"sptinc_p80p100_999_j_ID
Pre-tax national income 
P80-100 | share | all ages | equal split
",p80p100,2013,0.5879,3.0,IDN,Southeast Asia
Indonesia,"sptinc_p80p100_999_j_ID
Pre-tax national income 
P80-100 | share | all ages | equal split
",p80p100,2014,0.5861000000000001,3.0,IDN,Southeast Asia
Indonesia,"sptinc_p80p100_999_j_ID
Pre-tax national income 
P80-100 | share | all ages | equal split
",p80p100,2015,0.5988,3.0,IDN,Southeast Asia
Indonesia,"sptinc_p80p100_999_j_ID
Pre-tax national income 
P80-100 | share | all ages | equal split
",p80p100,2016,0.5852,3.0,IDN,Southeast Asia
Indonesia,"sptinc_p80p100_999_j_ID
Pre-tax national income 
P80-100 | share | all ages | equal split
",p80p100,2017,0.5738,3.0,IDN,Southeast Asia
Indonesia,"sptinc_p80p100_999_j_ID
Pre-tax national income 
P80-100 | share | all ages | equal split
",p80p100,2018,0.6253000000000001,3.0,IDN,Southeast Asia
Indonesia,"sptinc_p80p100_999_j_ID
Pre-tax national income 
P80-100 | share | all ages | equal split
",p80p100,2019,0.6253000000000001,1.0,IDN,Southeast Asia
Indonesia,"sptinc_p80p100_999_j_ID
Pre-tax national income 
P80-100 | share | all ages | equal split
",p80p100,2020,0.6253000000000001,1.0,IDN,Southeast Asia
Indonesia,"sptinc_p80p100_999_j_ID
Pre-tax national income 
P80-100 | share | all ages | equal split
",p80p100,2021,0.6253000000000001,1.0,IDN,Southeast Asia
Indonesia,"sptinc_p80p100_999_j_ID
Pre-tax national income 
P80-100 | share | all ages | equal split
",p80p100,2022,0.6253000000000001,1.0,IDN,Southeast Asia
Indonesia,"sptinc_p80p100_999_j_ID
Pre-tax national income 
P80-100 | share | all ages | equal split
",p80p100,2023,0.6253000000000001,1.0,IDN,Southeast Asia
Indonesia,"sptinc_p80p100_999_j_ID
Pre-tax national income 
P80-100 | share | all ages | equal split
",p80p100,2024,0.6253000000000001,1.0,IDN,Southeast Asia
Iran,"sptinc_p80p100_999_j_IR
Pre-tax national income 
P80-100 | share | all ages | equal split
",p80p100,1960,0.7073,0.0,IRN,MENA
Iran,"sptinc_p80p100_999_j_IR
Pre-tax national income 
P80-100 | share | all ages | equal split
",p80p100,1970,0.7628,0.0,IRN,MENA
Iran,"sptinc_p80p100_999_j_IR
Pre-tax national income 
P80-100 | share | all ages | equal split
",p80p100,1980,0.7043,1.0,IRN,MENA
Iran,"sptinc_p80p100_999_j_IR
Pre-tax national income 
P80-100 | share | all ages | equal split
",p80p100,1981,0.7043,1.0,IRN,MENA
Iran,"sptinc_p80p100_999_j_IR
Pre-tax national income 
P80-100 | share | all ages | equal split
",p80p100,1982,0.7043,1.0,IRN,MENA
Iran,"sptinc_p80p100_999_j_IR
Pre-tax national income 
P80-100 | share | all ages | equal split
",p80p100,1983,0.7043,1.0,IRN,MENA
Iran,"sptinc_p80p100_999_j_IR
Pre-tax national income 
P80-100 | share | all ages | equal split
",p80p100,1984,0.7043,1.0,IRN,MENA
Iran,"sptinc_p80p100_999_j_IR
Pre-tax national income 
P80-100 | share | all ages | equal split
",p80p100,1985,0.7043,1.0,IRN,MENA
Iran,"sptinc_p80p100_999_j_IR
Pre-tax national income 
P80-100 | share | all ages | equal split
",p80p100,1986,0.7043,1.0,IRN,MENA
Iran,"sptinc_p80p100_999_j_IR
Pre-tax national income 
P80-100 | share | all ages | equal split
",p80p100,1987,0.6967,1.0,IRN,MENA
Iran,"sptinc_p80p100_999_j_IR
Pre-tax national income 
P80-100 | share | all ages | equal split
",p80p100,1988,0.6889000000000001,1.0,IRN,MENA
Iran,"sptinc_p80p100_999_j_IR
Pre-tax national income 
P80-100 | share | all ages | equal split
",p80p100,1989,0.6808000000000001,1.0,IRN,MENA
Iran,"sptinc_p80p100_999_j_IR
Pre-tax national income 
P80-100 | share | all ages | equal split
",p80p100,1990,0.6725,1.0,IRN,MENA
Iran,"sptinc_p80p100_999_j_IR
Pre-tax national income 
P80-100 | share | all ages | equal split
",p80p100,1991,0.6721,1.0,IRN,MENA
Iran,"sptinc_p80p100_999_j_IR
Pre-tax national income 
P80-100 | share | all ages | equal split
",p80p100,1992,0.6717000000000001,1.0,IRN,MENA
Iran,"sptinc_p80p100_999_j_IR
Pre-tax national income 
P80-100 | share | all ages | equal split
",p80p100,1993,0.6713,1.0,IRN,MENA
Iran,"sptinc_p80p100_999_j_IR
Pre-tax national income 
P80-100 | share | all ages | equal split
",p80p100,1994,0.671,1.0,IRN,MENA
Iran,"sptinc_p80p100_999_j_IR
Pre-tax national income 
P80-100 | share | all ages | equal split
",p80p100,1995,0.6675,1.0,IRN,MENA
Iran,"sptinc_p80p100_999_j_IR
Pre-tax national income 
P80-100 | share | all ages | equal split
",p80p100,1996,0.6642,1.0,IRN,MENA
Iran,"sptinc_p80p100_999_j_IR
Pre-tax national income 
P80-100 | share | all ages | equal split
",p80p100,1997,0.661,3.0,IRN,MENA
Iran,"sptinc_p80p100_999_j_IR
Pre-tax national income 
P80-100 | share | all ages | equal split
",p80p100,1998,0.6635,3.0,IRN,MENA
Iran,"sptinc_p80p100_999_j_IR
Pre-tax national income 
P80-100 | share | all ages | equal split
",p80p100,1999,0.6787000000000001,3.0,IRN,MENA
Iran,"sptinc_p80p100_999_j_IR
Pre-tax national income 
P80-100 | share | all ages | equal split
",p80p100,2000,0.6811,3.0,IRN,MENA
Iran,"sptinc_p80p100_999_j_IR
Pre-tax national income 
P80-100 | share | all ages | equal split
",p80p100,2001,0.664,3.0,IRN,MENA
Iran,"sptinc_p80p100_999_j_IR
Pre-tax national income 
P80-100 | share | all ages | equal split
",p80p100,2002,0.6639,3.0,IRN,MENA
Iran,"sptinc_p80p100_999_j_IR
Pre-tax national income 
P80-100 | share | all ages | equal split
",p80p100,2003,0.6694,3.0,IRN,MENA
Iran,"sptinc_p80p100_999_j_IR
Pre-tax national income 
P80-100 | share | all ages | equal split
",p80p100,2004,0.6699,3.0,IRN,MENA
Iran,"sptinc_p80p100_999_j_IR
Pre-tax national income 
P80-100 | share | all ages | equal split
",p80p100,2005,0.6652,3.0,IRN,MENA
Iran,"sptinc_p80p100_999_j_IR
Pre-tax national income 
P80-100 | share | all ages | equal split
",p80p100,2006,0.6648000000000001,3.0,IRN,MENA
Iran,"sptinc_p80p100_999_j_IR
Pre-tax national income 
P80-100 | share | all ages | equal split
",p80p100,2007,0.672,3.0,IRN,MENA
Iran,"sptinc_p80p100_999_j_IR
Pre-tax national income 
P80-100 | share | all ages | equal split
",p80p100,2008,0.6314000000000001,3.0,IRN,MENA
Iran,"sptinc_p80p100_999_j_IR
Pre-tax national income 
P80-100 | share | all ages | equal split
",p80p100,2009,0.6288,3.0,IRN,MENA
Iran,"sptinc_p80p100_999_j_IR
Pre-tax national income 
P80-100 | share | all ages | equal split
",p80p100,2010,0.6557000000000001,3.0,IRN,MENA
Iran,"sptinc_p80p100_999_j_IR
Pre-tax national income 
P80-100 | share | all ages | equal split
",p80p100,2011,0.6,3.0,IRN,MENA
Iran,"sptinc_p80p100_999_j_IR
Pre-tax national income 
P80-100 | share | all ages | equal split
",p80p100,2012,0.6368,3.0,IRN,MENA
Iran,"sptinc_p80p100_999_j_IR
Pre-tax national income 
P80-100 | share | all ages | equal split
",p80p100,2013,0.6314000000000001,3.0,IRN,MENA
Iran,"sptinc_p80p100_999_j_IR
Pre-tax national income 
P80-100 | share | all ages | equal split
",p80p100,2014,0.6218,3.0,IRN,MENA
Iran,"sptinc_p80p100_999_j_IR
Pre-tax national income 
P80-100 | share | all ages | equal split
",p80p100,2015,0.606,3.0,IRN,MENA
Iran,"sptinc_p80p100_999_j_IR
Pre-tax national income 
P80-100 | share | all ages | equal split
",p80p100,2016,0.5963,3.0,IRN,MENA
Iran,"sptinc_p80p100_999_j_IR
Pre-tax national income 
P80-100 | share | all ages | equal split
",p80p100,2017,0.6182000000000001,3.0,IRN,MENA
Iran,"sptinc_p80p100_999_j_IR
Pre-tax national income 
P80-100 | share | all ages | equal split
",p80p100,2018,0.6219,3.0,IRN,MENA
Iran,"sptinc_p80p100_999_j_IR
Pre-tax national income 
P80-100 | share | all ages | equal split
",p80p100,2019,0.6095,3.0,IRN,MENA
Iran,"sptinc_p80p100_999_j_IR
Pre-tax national income 
P80-100 | share | all ages | equal split
",p80p100,2020,0.5974,3.0,IRN,MENA
Iran,"sptinc_p80p100_999_j_IR
Pre-tax national income 
P80-100 | share | all ages | equal split
",p80p100,2021,0.5962000000000001,3.0,IRN,MENA
Iran,"sptinc_p80p100_999_j_IR
Pre-tax national income 
P80-100 | share | all ages | equal split
",p80p100,2022,0.5906,3.0,IRN,MENA
Iran,"sptinc_p80p100_999_j_IR
Pre-tax national income 
P80-100 | share | all ages | equal split
",p80p100,2023,0.6033000000000001,3.0,IRN,MENA
Iran,"sptinc_p80p100_999_j_IR
Pre-tax national income 
P80-100 | share | all ages | equal split
",p80p100,2024,0.6033000000000001,1.0,IRN,MENA
Ireland,"sptinc_p80p100_999_j_IE
Pre-tax national income 
P80-100 | share | all ages | equal split
",p80p100,1964,0.4705,3.0,IRL,Western Europe
Ireland,"sptinc_p80p100_999_j_IE
Pre-tax national income 
P80-100 | share | all ages | equal split
",p80p100,1965,0.4706,3.0,IRL,Western Europe
Ireland,"sptinc_p80p100_999_j_IE
Pre-tax national income 
P80-100 | share | all ages | equal split
",p80p100,1966,0.4703,3.0,IRL,Western Europe
Ireland,"sptinc_p80p100_999_j_IE
Pre-tax national income 
P80-100 | share | all ages | equal split
",p80p100,1967,0.4679,3.0,IRL,Western Europe
Ireland,"sptinc_p80p100_999_j_IE
Pre-tax national income 
P80-100 | share | all ages | equal split
",p80p100,1968,0.4644,3.0,IRL,Western Europe
Ireland,"sptinc_p80p100_999_j_IE
Pre-tax national income 
P80-100 | share | all ages | equal split
",p80p100,1969,0.4617,3.0,IRL,Western Europe
Ireland,"sptinc_p80p100_999_j_IE
Pre-tax national income 
P80-100 | share | all ages | equal split
",p80p100,1970,0.4602,3.0,IRL,Western Europe
Ireland,"sptinc_p80p100_999_j_IE
Pre-tax national income 
P80-100 | share | all ages | equal split
",p80p100,1971,0.4577,3.0,IRL,Western Europe
Ireland,"sptinc_p80p100_999_j_IE
Pre-tax national income 
P80-100 | share | all ages | equal split
",p80p100,1972,0.4586,3.0,IRL,Western Europe
Ireland,"sptinc_p80p100_999_j_IE
Pre-tax national income 
P80-100 | share | all ages | equal split
",p80p100,1973,0.4516,3.0,IRL,Western Europe
Ireland,"sptinc_p80p100_999_j_IE
Pre-tax national income 
P80-100 | share | all ages | equal split
",p80p100,1975,0.4527,3.0,IRL,Western Europe
Ireland,"sptinc_p80p100_999_j_IE
Pre-tax national income 
P80-100 | share | all ages | equal split
",p80p100,1976,0.4474,3.0,IRL,Western Europe
Ireland,"sptinc_p80p100_999_j_IE
Pre-tax national income 
P80-100 | share | all ages | equal split
",p80p100,1977,0.4467,3.0,IRL,Western Europe
Ireland,"sptinc_p80p100_999_j_IE
Pre-tax national income 
P80-100 | share | all ages | equal split
",p80p100,1978,0.4474,3.0,IRL,Western Europe
Ireland,"sptinc_p80p100_999_j_IE
Pre-tax national income 
P80-100 | share | all ages | equal split
",p80p100,1979,0.4534,3.0,IRL,Western Europe
Ireland,"sptinc_p80p100_999_j_IE
Pre-tax national income 
P80-100 | share | all ages | equal split
",p80p100,1980,0.4552,4.0,IRL,Western Europe
Ireland,"sptinc_p80p100_999_j_IE
Pre-tax national income 
P80-100 | share | all ages | equal split
",p80p100,1981,0.4513,4.0,IRL,Western Europe
Ireland,"sptinc_p80p100_999_j_IE
Pre-tax national income 
P80-100 | share | all ages | equal split
",p80p100,1982,0.4644,4.0,IRL,Western Europe
Ireland,"sptinc_p80p100_999_j_IE
Pre-tax national income 
P80-100 | share | all ages | equal split
",p80p100,1983,0.4701,4.0,IRL,Western Europe
Ireland,"sptinc_p80p100_999_j_IE
Pre-tax national income 
P80-100 | share | all ages | equal split
",p80p100,1984,0.4585,4.0,IRL,Western Europe
Ireland,"sptinc_p80p100_999_j_IE
Pre-tax national income 
P80-100 | share | all ages | equal split
",p80p100,1985,0.4567,4.0,IRL,Western Europe
Ireland,"sptinc_p80p100_999_j_IE
Pre-tax national income 
P80-100 | share | all ages | equal split
",p80p100,1986,0.4545,4.0,IRL,Western Europe
Ireland,"sptinc_p80p100_999_j_IE
Pre-tax national income 
P80-100 | share | all ages | equal split
",p80p100,1987,0.4578,4.0,IRL,Western Europe
Ireland,"sptinc_p80p100_999_j_IE
Pre-tax national income 
P80-100 | share | all ages | equal split
",p80p100,1988,0.4516,4.0,IRL,Western Europe
Ireland,"sptinc_p80p100_999_j_IE
Pre-tax national income 
P80-100 | share | all ages | equal split
",p80p100,1989,0.4529,4.0,IRL,Western Europe
Ireland,"sptinc_p80p100_999_j_IE
Pre-tax national income 
P80-100 | share | all ages | equal split
",p80p100,1990,0.4545,4.0,IRL,Western Europe
Ireland,"sptinc_p80p100_999_j_IE
Pre-tax national income 
P80-100 | share | all ages | equal split
",p80p100,1991,0.4648,4.0,IRL,Western Europe
Ireland,"sptinc_p80p100_999_j_IE
Pre-tax national income 
P80-100 | share | all ages | equal split
",p80p100,1992,0.4709,4.0,IRL,Western Europe
Ireland,"sptinc_p80p100_999_j_IE
Pre-tax national income 
P80-100 | share | all ages | equal split
",p80p100,1993,0.4696,4.0,IRL,Western Europe
Ireland,"sptinc_p80p100_999_j_IE
Pre-tax national income 
P80-100 | share | all ages | equal split
",p80p100,1994,0.4815,4.0,IRL,Western Europe
Ireland,"sptinc_p80p100_999_j_IE
Pre-tax national income 
P80-100 | share | all ages | equal split
",p80p100,1995,0.4768,4.0,IRL,Western Europe
Ireland,"sptinc_p80p100_999_j_IE
Pre-tax national income 
P80-100 | share | all ages | equal split
",p80p100,1996,0.4591,4.0,IRL,Western Europe
Ireland,"sptinc_p80p100_999_j_IE
Pre-tax national income 
P80-100 | share | all ages | equal split
",p80p100,1997,0.4734,4.0,IRL,Western Europe
Ireland,"sptinc_p80p100_999_j_IE
Pre-tax national income 
P80-100 | share | all ages | equal split
",p80p100,1998,0.4941,4.0,IRL,Western Europe
Ireland,"sptinc_p80p100_999_j_IE
Pre-tax national income 
P80-100 | share | all ages | equal split
",p80p100,1999,0.4881,4.0,IRL,Western Europe
Ireland,"sptinc_p80p100_999_j_IE
Pre-tax national income 
P80-100 | share | all ages | equal split
",p80p100,2000,0.5017,4.0,IRL,Western Europe
Ireland,"sptinc_p80p100_999_j_IE
Pre-tax national income 
P80-100 | share | all ages | equal split
",p80p100,2001,0.493,4.0,IRL,Western Europe
Ireland,"sptinc_p80p100_999_j_IE
Pre-tax national income 
P80-100 | share | all ages | equal split
",p80p100,2002,0.492,4.0,IRL,Western Europe
Ireland,"sptinc_p80p100_999_j_IE
Pre-tax national income 
P80-100 | share | all ages | equal split
",p80p100,2003,0.5001,4.0,IRL,Western Europe
Ireland,"sptinc_p80p100_999_j_IE
Pre-tax national income 
P80-100 | share | all ages | equal split
",p80p100,2004,0.5013000000000001,4.0,IRL,Western Europe
Ireland,"sptinc_p80p100_999_j_IE
Pre-tax national income 
P80-100 | share | all ages | equal split
",p80p100,2005,0.5055000000000001,4.0,IRL,Western Europe
Ireland,"sptinc_p80p100_999_j_IE
Pre-tax national income 
P80-100 | share | all ages | equal split
",p80p100,2006,0.5128,4.0,IRL,Western Europe
Ireland,"sptinc_p80p100_999_j_IE
Pre-tax national income 
P80-100 | share | all ages | equal split
",p80p100,2007,0.5114000000000001,4.0,IRL,Western Europe
Ireland,"sptinc_p80p100_999_j_IE
Pre-tax national income 
P80-100 | share | all ages | equal split
",p80p100,2008,0.4844,4.0,IRL,Western Europe
Ireland,"sptinc_p80p100_999_j_IE
Pre-tax national income 
P80-100 | share | all ages | equal split
",p80p100,2009,0.4731,4.0,IRL,Western Europe
Ireland,"sptinc_p80p100_999_j_IE
Pre-tax national income 
P80-100 | share | all ages | equal split
",p80p100,2010,0.4774,4.0,IRL,Western Europe
Ireland,"sptinc_p80p100_999_j_IE
Pre-tax national income 
P80-100 | share | all ages | equal split
",p80p100,2011,0.4806,4.0,IRL,Western Europe
Ireland,"sptinc_p80p100_999_j_IE
Pre-tax national income 
P80-100 | share | all ages | equal split
",p80p100,2012,0.4684,4.0,IRL,Western Europe
Ireland,"sptinc_p80p100_999_j_IE
Pre-tax national income 
P80-100 | share | all ages | equal split
",p80p100,2013,0.4842,4.0,IRL,Western Europe
Ireland,"sptinc_p80p100_999_j_IE
Pre-tax national income 
P80-100 | share | all ages | equal split
",p80p100,2014,0.4888,4.0,IRL,Western Europe
Ireland,"sptinc_p80p100_999_j_IE
Pre-tax national income 
P80-100 | share | all ages | equal split
",p80p100,2015,0.5089,4.0,IRL,Western Europe
Ireland,"sptinc_p80p100_999_j_IE
Pre-tax national income 
P80-100 | share | all ages | equal split
",p80p100,2016,0.5133,3.0,IRL,Western Europe
Ireland,"sptinc_p80p100_999_j_IE
Pre-tax national income 
P80-100 | share | all ages | equal split
",p80p100,2017,0.5021,3.0,IRL,Western Europe
Ireland,"sptinc_p80p100_999_j_IE
Pre-tax national income 
P80-100 | share | all ages | equal split
",p80p100,2018,0.5109,3.0,IRL,Western Europe
Ireland,"sptinc_p80p100_999_j_IE
Pre-tax national income 
P80-100 | share | all ages | equal split
",p80p100,2019,0.5163,3.0,IRL,Western Europe
Ireland,"sptinc_p80p100_999_j_IE
Pre-tax national income 
P80-100 | share | all ages | equal split
",p80p100,2020,0.5163,3.0,IRL,Western Europe
Ireland,"sptinc_p80p100_999_j_IE
Pre-tax national income 
P80-100 | share | all ages | equal split
",p80p100,2021,0.5173,3.0,IRL,Western Europe
Ireland,"sptinc_p80p100_999_j_IE
Pre-tax national income 
P80-100 | share | all ages | equal split
",p80p100,2022,0.5177,3.0,IRL,Western Europe
Ireland,"sptinc_p80p100_999_j_IE
Pre-tax national income 
P80-100 | share | all ages | equal split
",p80p100,2023,0.5174,3.0,IRL,Western Europe
Ireland,"sptinc_p80p100_999_j_IE
Pre-tax national income 
P80-100 | share | all ages | equal split
",p80p100,2024,0.5174,1.0,IRL,Western Europe
Israel,"sptinc_p80p100_999_j_IL
Pre-tax national income 
P80-100 | share | all ages | equal split
",p80p100,1979,0.6399,3.0,ISR,MENA
Israel,"sptinc_p80p100_999_j_IL
Pre-tax national income 
P80-100 | share | all ages | equal split
",p80p100,1980,0.6396000000000001,2.0,ISR,MENA
Israel,"sptinc_p80p100_999_j_IL
Pre-tax national income 
P80-100 | share | all ages | equal split
",p80p100,1981,0.6393,2.0,ISR,MENA
Israel,"sptinc_p80p100_999_j_IL
Pre-tax national income 
P80-100 | share | all ages | equal split
",p80p100,1982,0.6391,2.0,ISR,MENA
Israel,"sptinc_p80p100_999_j_IL
Pre-tax national income 
P80-100 | share | all ages | equal split
",p80p100,1983,0.6388,2.0,ISR,MENA
Israel,"sptinc_p80p100_999_j_IL
Pre-tax national income 
P80-100 | share | all ages | equal split
",p80p100,1984,0.6386000000000001,2.0,ISR,MENA
Israel,"sptinc_p80p100_999_j_IL
Pre-tax national income 
P80-100 | share | all ages | equal split
",p80p100,1985,0.6383,2.0,ISR,MENA
Israel,"sptinc_p80p100_999_j_IL
Pre-tax national income 
P80-100 | share | all ages | equal split
",p80p100,1986,0.6381,2.0,ISR,MENA
Israel,"sptinc_p80p100_999_j_IL
Pre-tax national income 
P80-100 | share | all ages | equal split
",p80p100,1987,0.6392,2.0,ISR,MENA
Israel,"sptinc_p80p100_999_j_IL
Pre-tax national income 
P80-100 | share | all ages | equal split
",p80p100,1988,0.6402,2.0,ISR,MENA
Israel,"sptinc_p80p100_999_j_IL
Pre-tax national income 
P80-100 | share | all ages | equal split
",p80p100,1989,0.6412,2.0,ISR,MENA
Israel,"sptinc_p80p100_999_j_IL
Pre-tax national income 
P80-100 | share | all ages | equal split
",p80p100,1990,0.6421,2.0,ISR,MENA
Israel,"sptinc_p80p100_999_j_IL
Pre-tax national income 
P80-100 | share | all ages | equal split
",p80p100,1991,0.6429,2.0,ISR,MENA
Israel,"sptinc_p80p100_999_j_IL
Pre-tax national income 
P80-100 | share | all ages | equal split
",p80p100,1992,0.6437,3.0,ISR,MENA
Israel,"sptinc_p80p100_999_j_IL
Pre-tax national income 
P80-100 | share | all ages | equal split
",p80p100,1993,0.6453,2.0,ISR,MENA
Israel,"sptinc_p80p100_999_j_IL
Pre-tax national income 
P80-100 | share | all ages | equal split
",p80p100,1994,0.6469,2.0,ISR,MENA
Israel,"sptinc_p80p100_999_j_IL
Pre-tax national income 
P80-100 | share | all ages | equal split
",p80p100,1995,0.6484,2.0,ISR,MENA
Israel,"sptinc_p80p100_999_j_IL
Pre-tax national income 
P80-100 | share | all ages | equal split
",p80p100,1996,0.6498,3.0,ISR,MENA
Israel,"sptinc_p80p100_999_j_IL
Pre-tax national income 
P80-100 | share | all ages | equal split
",p80p100,1997,0.6512,3.0,ISR,MENA
Israel,"sptinc_p80p100_999_j_IL
Pre-tax national income 
P80-100 | share | all ages | equal split
",p80p100,1998,0.6523,2.0,ISR,MENA
Israel,"sptinc_p80p100_999_j_IL
Pre-tax national income 
P80-100 | share | all ages | equal split
",p80p100,1999,0.6533,2.0,ISR,MENA
Israel,"sptinc_p80p100_999_j_IL
Pre-tax national income 
P80-100 | share | all ages | equal split
",p80p100,2000,0.6543,2.0,ISR,MENA
Israel,"sptinc_p80p100_999_j_IL
Pre-tax national income 
P80-100 | share | all ages | equal split
",p80p100,2001,0.6553,3.0,ISR,MENA
Israel,"sptinc_p80p100_999_j_IL
Pre-tax national income 
P80-100 | share | all ages | equal split
",p80p100,2002,0.6581,2.0,ISR,MENA
Israel,"sptinc_p80p100_999_j_IL
Pre-tax national income 
P80-100 | share | all ages | equal split
",p80p100,2003,0.6609,2.0,ISR,MENA
Israel,"sptinc_p80p100_999_j_IL
Pre-tax national income 
P80-100 | share | all ages | equal split
",p80p100,2004,0.6636000000000001,2.0,ISR,MENA
Israel,"sptinc_p80p100_999_j_IL
Pre-tax national income 
P80-100 | share | all ages | equal split
",p80p100,2005,0.6662,3.0,ISR,MENA
Israel,"sptinc_p80p100_999_j_IL
Pre-tax national income 
P80-100 | share | all ages | equal split
",p80p100,2006,0.6659,2.0,ISR,MENA
Israel,"sptinc_p80p100_999_j_IL
Pre-tax national income 
P80-100 | share | all ages | equal split
",p80p100,2007,0.6657000000000001,3.0,ISR,MENA
Israel,"sptinc_p80p100_999_j_IL
Pre-tax national income 
P80-100 | share | all ages | equal split
",p80p100,2008,0.6667000000000001,2.0,ISR,MENA
Israel,"sptinc_p80p100_999_j_IL
Pre-tax national income 
P80-100 | share | all ages | equal split
",p80p100,2009,0.6676000000000001,2.0,ISR,MENA
Israel,"sptinc_p80p100_999_j_IL
Pre-tax national income 
P80-100 | share | all ages | equal split
",p80p100,2010,0.6685,3.0,ISR,MENA
Israel,"sptinc_p80p100_999_j_IL
Pre-tax national income 
P80-100 | share | all ages | equal split
",p80p100,2011,0.6648000000000001,2.0,ISR,MENA
Israel,"sptinc_p80p100_999_j_IL
Pre-tax national income 
P80-100 | share | all ages | equal split
",p80p100,2012,0.6611,3.0,ISR,MENA
Israel,"sptinc_p80p100_999_j_IL
Pre-tax national income 
P80-100 | share | all ages | equal split
",p80p100,2013,0.6525000000000001,2.0,ISR,MENA
Israel,"sptinc_p80p100_999_j_IL
Pre-tax national income 
P80-100 | share | all ages | equal split
",p80p100,2014,0.6442,3.0,ISR,MENA
Israel,"sptinc_p80p100_999_j_IL
Pre-tax national income 
P80-100 | share | all ages | equal split
",p80p100,2015,0.6415000000000001,2.0,ISR,MENA
Israel,"sptinc_p80p100_999_j_IL
Pre-tax national income 
P80-100 | share | all ages | equal split
",p80p100,2016,0.6388,3.0,ISR,MENA
Israel,"sptinc_p80p100_999_j_IL
Pre-tax national income 
P80-100 | share | all ages | equal split
",p80p100,2017,0.6388,1.0,ISR,MENA
Israel,"sptinc_p80p100_999_j_IL
Pre-tax national income 
P80-100 | share | all ages | equal split
",p80p100,2018,0.6388,1.0,ISR,MENA
Israel,"sptinc_p80p100_999_j_IL
Pre-tax national income 
P80-100 | share | all ages | equal split
",p80p100,2019,0.6388,1.0,ISR,MENA
Israel,"sptinc_p80p100_999_j_IL
Pre-tax national income 
P80-100 | share | all ages | equal split
",p80p100,2020,0.6388,1.0,ISR,MENA
Israel,"sptinc_p80p100_999_j_IL
Pre-tax national income 
P80-100 | share | all ages | equal split
",p80p100,2021,0.6388,1.0,ISR,MENA
Israel,"sptinc_p80p100_999_j_IL
Pre-tax national income 
P80-100 | share | all ages | equal split
",p80p100,2022,0.6388,1.0,ISR,MENA
Israel,"sptinc_p80p100_999_j_IL
Pre-tax national income 
P80-100 | share | all ages | equal split
",p80p100,2023,0.6388,1.0,ISR,MENA
Israel,"sptinc_p80p100_999_j_IL
Pre-tax national income 
P80-100 | share | all ages | equal split
",p80p100,2024,0.6388,1.0,ISR,MENA
Italy,"sptinc_p80p100_999_j_IT
Pre-tax national income 
P80-100 | share | all ages | equal split
",p80p100,1960,0.4777,0.0,ITA,Southern Europe
Italy,"sptinc_p80p100_999_j_IT
Pre-tax national income 
P80-100 | share | all ages | equal split
",p80p100,1970,0.388,0.0,ITA,Southern Europe
Italy,"sptinc_p80p100_999_j_IT
Pre-tax national income 
P80-100 | share | all ages | equal split
",p80p100,1974,0.4106,3.0,ITA,Southern Europe
Italy,"sptinc_p80p100_999_j_IT
Pre-tax national income 
P80-100 | share | all ages | equal split
",p80p100,1975,0.4057,3.0,ITA,Southern Europe
Italy,"sptinc_p80p100_999_j_IT
Pre-tax national income 
P80-100 | share | all ages | equal split
",p80p100,1976,0.4009,3.0,ITA,Southern Europe
Italy,"sptinc_p80p100_999_j_IT
Pre-tax national income 
P80-100 | share | all ages | equal split
",p80p100,1977,0.3958,3.0,ITA,Southern Europe
Italy,"sptinc_p80p100_999_j_IT
Pre-tax national income 
P80-100 | share | all ages | equal split
",p80p100,1978,0.3911,3.0,ITA,Southern Europe
Italy,"sptinc_p80p100_999_j_IT
Pre-tax national income 
P80-100 | share | all ages | equal split
",p80p100,1979,0.3862,3.0,ITA,Southern Europe
Italy,"sptinc_p80p100_999_j_IT
Pre-tax national income 
P80-100 | share | all ages | equal split
",p80p100,1980,0.393,3.0,ITA,Southern Europe
Italy,"sptinc_p80p100_999_j_IT
Pre-tax national income 
P80-100 | share | all ages | equal split
",p80p100,1981,0.3868,4.0,ITA,Southern Europe
Italy,"sptinc_p80p100_999_j_IT
Pre-tax national income 
P80-100 | share | all ages | equal split
",p80p100,1982,0.3904,4.0,ITA,Southern Europe
Italy,"sptinc_p80p100_999_j_IT
Pre-tax national income 
P80-100 | share | all ages | equal split
",p80p100,1983,0.3886,4.0,ITA,Southern Europe
Italy,"sptinc_p80p100_999_j_IT
Pre-tax national income 
P80-100 | share | all ages | equal split
",p80p100,1984,0.3932,4.0,ITA,Southern Europe
Italy,"sptinc_p80p100_999_j_IT
Pre-tax national income 
P80-100 | share | all ages | equal split
",p80p100,1985,0.3978,4.0,ITA,Southern Europe
Italy,"sptinc_p80p100_999_j_IT
Pre-tax national income 
P80-100 | share | all ages | equal split
",p80p100,1986,0.4079,4.0,ITA,Southern Europe
Italy,"sptinc_p80p100_999_j_IT
Pre-tax national income 
P80-100 | share | all ages | equal split
",p80p100,1987,0.412,4.0,ITA,Southern Europe
Italy,"sptinc_p80p100_999_j_IT
Pre-tax national income 
P80-100 | share | all ages | equal split
",p80p100,1988,0.4208,4.0,ITA,Southern Europe
Italy,"sptinc_p80p100_999_j_IT
Pre-tax national income 
P80-100 | share | all ages | equal split
",p80p100,1989,0.4253,4.0,ITA,Southern Europe
Italy,"sptinc_p80p100_999_j_IT
Pre-tax national income 
P80-100 | share | all ages | equal split
",p80p100,1990,0.4287,4.0,ITA,Southern Europe
Italy,"sptinc_p80p100_999_j_IT
Pre-tax national income 
P80-100 | share | all ages | equal split
",p80p100,1991,0.4262,4.0,ITA,Southern Europe
Italy,"sptinc_p80p100_999_j_IT
Pre-tax national income 
P80-100 | share | all ages | equal split
",p80p100,1992,0.4294,4.0,ITA,Southern Europe
Italy,"sptinc_p80p100_999_j_IT
Pre-tax national income 
P80-100 | share | all ages | equal split
",p80p100,1993,0.4354,4.0,ITA,Southern Europe
Italy,"sptinc_p80p100_999_j_IT
Pre-tax national income 
P80-100 | share | all ages | equal split
",p80p100,1994,0.4357,4.0,ITA,Southern Europe
Italy,"sptinc_p80p100_999_j_IT
Pre-tax national income 
P80-100 | share | all ages | equal split
",p80p100,1995,0.4439,4.0,ITA,Southern Europe
Italy,"sptinc_p80p100_999_j_IT
Pre-tax national income 
P80-100 | share | all ages | equal split
",p80p100,1996,0.4497,4.0,ITA,Southern Europe
Italy,"sptinc_p80p100_999_j_IT
Pre-tax national income 
P80-100 | share | all ages | equal split
",p80p100,1997,0.4519,4.0,ITA,Southern Europe
Italy,"sptinc_p80p100_999_j_IT
Pre-tax national income 
P80-100 | share | all ages | equal split
",p80p100,1998,0.4594,4.0,ITA,Southern Europe
Italy,"sptinc_p80p100_999_j_IT
Pre-tax national income 
P80-100 | share | all ages | equal split
",p80p100,1999,0.4583,4.0,ITA,Southern Europe
Italy,"sptinc_p80p100_999_j_IT
Pre-tax national income 
P80-100 | share | all ages | equal split
",p80p100,2000,0.4664,4.0,ITA,Southern Europe
Italy,"sptinc_p80p100_999_j_IT
Pre-tax national income 
P80-100 | share | all ages | equal split
",p80p100,2001,0.4697,4.0,ITA,Southern Europe
Italy,"sptinc_p80p100_999_j_IT
Pre-tax national income 
P80-100 | share | all ages | equal split
",p80p100,2002,0.4628,4.0,ITA,Southern Europe
Italy,"sptinc_p80p100_999_j_IT
Pre-tax national income 
P80-100 | share | all ages | equal split
",p80p100,2003,0.4644,4.0,ITA,Southern Europe
Italy,"sptinc_p80p100_999_j_IT
Pre-tax national income 
P80-100 | share | all ages | equal split
",p80p100,2004,0.4582,4.0,ITA,Southern Europe
Italy,"sptinc_p80p100_999_j_IT
Pre-tax national income 
P80-100 | share | all ages | equal split
",p80p100,2005,0.4644,4.0,ITA,Southern Europe
Italy,"sptinc_p80p100_999_j_IT
Pre-tax national income 
P80-100 | share | all ages | equal split
",p80p100,2006,0.4649,4.0,ITA,Southern Europe
Italy,"sptinc_p80p100_999_j_IT
Pre-tax national income 
P80-100 | share | all ages | equal split
",p80p100,2007,0.4664,4.0,ITA,Southern Europe
Italy,"sptinc_p80p100_999_j_IT
Pre-tax national income 
P80-100 | share | all ages | equal split
",p80p100,2008,0.4654,4.0,ITA,Southern Europe
Italy,"sptinc_p80p100_999_j_IT
Pre-tax national income 
P80-100 | share | all ages | equal split
",p80p100,2009,0.4618,4.0,ITA,Southern Europe
Italy,"sptinc_p80p100_999_j_IT
Pre-tax national income 
P80-100 | share | all ages | equal split
",p80p100,2010,0.4666,4.0,ITA,Southern Europe
Italy,"sptinc_p80p100_999_j_IT
Pre-tax national income 
P80-100 | share | all ages | equal split
",p80p100,2011,0.4694,4.0,ITA,Southern Europe
Italy,"sptinc_p80p100_999_j_IT
Pre-tax national income 
P80-100 | share | all ages | equal split
",p80p100,2012,0.4693,4.0,ITA,Southern Europe
Italy,"sptinc_p80p100_999_j_IT
Pre-tax national income 
P80-100 | share | all ages | equal split
",p80p100,2013,0.4661,4.0,ITA,Southern Europe
Italy,"sptinc_p80p100_999_j_IT
Pre-tax national income 
P80-100 | share | all ages | equal split
",p80p100,2014,0.4672,4.0,ITA,Southern Europe
Italy,"sptinc_p80p100_999_j_IT
Pre-tax national income 
P80-100 | share | all ages | equal split
",p80p100,2015,0.4669,4.0,ITA,Southern Europe
Italy,"sptinc_p80p100_999_j_IT
Pre-tax national income 
P80-100 | share | all ages | equal split
",p80p100,2016,0.4781,4.0,ITA,Southern Europe
Italy,"sptinc_p80p100_999_j_IT
Pre-tax national income 
P80-100 | share | all ages | equal split
",p80p100,2017,0.484,4.0,ITA,Southern Europe
Italy,"sptinc_p80p100_999_j_IT
Pre-tax national income 
P80-100 | share | all ages | equal split
",p80p100,2018,0.4845,4.0,ITA,Southern Europe
Italy,"sptinc_p80p100_999_j_IT
Pre-tax national income 
P80-100 | share | all ages | equal split
",p80p100,2019,0.4829,3.0,ITA,Southern Europe
Italy,"sptinc_p80p100_999_j_IT
Pre-tax national income 
P80-100 | share | all ages | equal split
",p80p100,2020,0.4829,3.0,ITA,Southern Europe
Italy,"sptinc_p80p100_999_j_IT
Pre-tax national income 
P80-100 | share | all ages | equal split
",p80p100,2021,0.4751,3.0,ITA,Southern Europe
Italy,"sptinc_p80p100_999_j_IT
Pre-tax national income 
P80-100 | share | all ages | equal split
",p80p100,2022,0.4725,3.0,ITA,Southern Europe
Italy,"sptinc_p80p100_999_j_IT
Pre-tax national income 
P80-100 | share | all ages | equal split
",p80p100,2023,0.4738,3.0,ITA,Southern Europe
Italy,"sptinc_p80p100_999_j_IT
Pre-tax national income 
P80-100 | share | all ages | equal split
",p80p100,2024,0.4738,1.0,ITA,Southern Europe
Jamaica,"sptinc_p80p100_999_j_JM
Pre-tax national income 
P80-100 | share | all ages | equal split
",p80p100,1980,0.7045,0.0,JAM,Latin America & Caribbean
Jamaica,"sptinc_p80p100_999_j_JM
Pre-tax national income 
P80-100 | share | all ages | equal split
",p80p100,1981,0.7045,0.0,JAM,Latin America & Caribbean
Jamaica,"sptinc_p80p100_999_j_JM
Pre-tax national income 
P80-100 | share | all ages | equal split
",p80p100,1982,0.7045,0.0,JAM,Latin America & Caribbean
Jamaica,"sptinc_p80p100_999_j_JM
Pre-tax national income 
P80-100 | share | all ages | equal split
",p80p100,1983,0.7045,0.0,JAM,Latin America & Caribbean
Jamaica,"sptinc_p80p100_999_j_JM
Pre-tax national income 
P80-100 | share | all ages | equal split
",p80p100,1984,0.7045,0.0,JAM,Latin America & Caribbean
Jamaica,"sptinc_p80p100_999_j_JM
Pre-tax national income 
P80-100 | share | all ages | equal split
",p80p100,1985,0.7045,0.0,JAM,Latin America & Caribbean
Jamaica,"sptinc_p80p100_999_j_JM
Pre-tax national income 
P80-100 | share | all ages | equal split
",p80p100,1986,0.7045,0.0,JAM,Latin America & Caribbean
Jamaica,"sptinc_p80p100_999_j_JM
Pre-tax national income 
P80-100 | share | all ages | equal split
",p80p100,1987,0.7045,0.0,JAM,Latin America & Caribbean
Jamaica,"sptinc_p80p100_999_j_JM
Pre-tax national income 
P80-100 | share | all ages | equal split
",p80p100,1988,0.7045,0.0,JAM,Latin America & Caribbean
Jamaica,"sptinc_p80p100_999_j_JM
Pre-tax national income 
P80-100 | share | all ages | equal split
",p80p100,1989,0.7045,0.0,JAM,Latin America & Caribbean
Jamaica,"sptinc_p80p100_999_j_JM
Pre-tax national income 
P80-100 | share | all ages | equal split
",p80p100,1990,0.7045,0.0,JAM,Latin America & Caribbean
Jamaica,"sptinc_p80p100_999_j_JM
Pre-tax national income 
P80-100 | share | all ages | equal split
",p80p100,1991,0.7045,0.0,JAM,Latin America & Caribbean
Jamaica,"sptinc_p80p100_999_j_JM
Pre-tax national income 
P80-100 | share | all ages | equal split
",p80p100,1992,0.7045,0.0,JAM,Latin America & Caribbean
Jamaica,"sptinc_p80p100_999_j_JM
Pre-tax national income 
P80-100 | share | all ages | equal split
",p80p100,1993,0.7045,0.0,JAM,Latin America & Caribbean
Jamaica,"sptinc_p80p100_999_j_JM
Pre-tax national income 
P80-100 | share | all ages | equal split
",p80p100,1994,0.7045,0.0,JAM,Latin America & Caribbean
Jamaica,"sptinc_p80p100_999_j_JM
Pre-tax national income 
P80-100 | share | all ages | equal split
",p80p100,1995,0.7045,0.0,JAM,Latin America & Caribbean
Jamaica,"sptinc_p80p100_999_j_JM
Pre-tax national income 
P80-100 | share | all ages | equal split
",p80p100,1996,0.7045,0.0,JAM,Latin America & Caribbean
Jamaica,"sptinc_p80p100_999_j_JM
Pre-tax national income 
P80-100 | share | all ages | equal split
",p80p100,1997,0.7045,0.0,JAM,Latin America & Caribbean
Jamaica,"sptinc_p80p100_999_j_JM
Pre-tax national income 
P80-100 | share | all ages | equal split
",p80p100,1998,0.7045,0.0,JAM,Latin America & Caribbean
Jamaica,"sptinc_p80p100_999_j_JM
Pre-tax national income 
P80-100 | share | all ages | equal split
",p80p100,1999,0.7045,0.0,JAM,Latin America & Caribbean
Jamaica,"sptinc_p80p100_999_j_JM
Pre-tax national income 
P80-100 | share | all ages | equal split
",p80p100,2000,0.7045,0.0,JAM,Latin America & Caribbean
Jamaica,"sptinc_p80p100_999_j_JM
Pre-tax national income 
P80-100 | share | all ages | equal split
",p80p100,2001,0.7130000000000001,0.0,JAM,Latin America & Caribbean
Jamaica,"sptinc_p80p100_999_j_JM
Pre-tax national income 
P80-100 | share | all ages | equal split
",p80p100,2002,0.7109000000000001,0.0,JAM,Latin America & Caribbean
Jamaica,"sptinc_p80p100_999_j_JM
Pre-tax national income 
P80-100 | share | all ages | equal split
",p80p100,2003,0.7069000000000001,0.0,JAM,Latin America & Caribbean
Jamaica,"sptinc_p80p100_999_j_JM
Pre-tax national income 
P80-100 | share | all ages | equal split
",p80p100,2004,0.7035,0.0,JAM,Latin America & Caribbean
Jamaica,"sptinc_p80p100_999_j_JM
Pre-tax national income 
P80-100 | share | all ages | equal split
",p80p100,2005,0.7021000000000001,0.0,JAM,Latin America & Caribbean
Jamaica,"sptinc_p80p100_999_j_JM
Pre-tax national income 
P80-100 | share | all ages | equal split
",p80p100,2006,0.6978000000000001,0.0,JAM,Latin America & Caribbean
Jamaica,"sptinc_p80p100_999_j_JM
Pre-tax national income 
P80-100 | share | all ages | equal split
",p80p100,2007,0.7043,0.0,JAM,Latin America & Caribbean
Jamaica,"sptinc_p80p100_999_j_JM
Pre-tax national income 
P80-100 | share | all ages | equal split
",p80p100,2008,0.6968000000000001,0.0,JAM,Latin America & Caribbean
Jamaica,"sptinc_p80p100_999_j_JM
Pre-tax national income 
P80-100 | share | all ages | equal split
",p80p100,2009,0.6902,0.0,JAM,Latin America & Caribbean
Jamaica,"sptinc_p80p100_999_j_JM
Pre-tax national income 
P80-100 | share | all ages | equal split
",p80p100,2010,0.6897,0.0,JAM,Latin America & Caribbean
Jamaica,"sptinc_p80p100_999_j_JM
Pre-tax national income 
P80-100 | share | all ages | equal split
",p80p100,2011,0.6831,0.0,JAM,Latin America & Caribbean
Jamaica,"sptinc_p80p100_999_j_JM
Pre-tax national income 
P80-100 | share | all ages | equal split
",p80p100,2012,0.677,0.0,JAM,Latin America & Caribbean
Jamaica,"sptinc_p80p100_999_j_JM
Pre-tax national income 
P80-100 | share | all ages | equal split
",p80p100,2013,0.6814,0.0,JAM,Latin America & Caribbean
Jamaica,"sptinc_p80p100_999_j_JM
Pre-tax national income 
P80-100 | share | all ages | equal split
",p80p100,2014,0.6761,0.0,JAM,Latin America & Caribbean
Jamaica,"sptinc_p80p100_999_j_JM
Pre-tax national income 
P80-100 | share | all ages | equal split
",p80p100,2015,0.6736000000000001,0.0,JAM,Latin America & Caribbean
Jamaica,"sptinc_p80p100_999_j_JM
Pre-tax national income 
P80-100 | share | all ages | equal split
",p80p100,2016,0.6738000000000001,0.0,JAM,Latin America & Caribbean
Jamaica,"sptinc_p80p100_999_j_JM
Pre-tax national income 
P80-100 | share | all ages | equal split
",p80p100,2017,0.6751,0.0,JAM,Latin America & Caribbean
Jamaica,"sptinc_p80p100_999_j_JM
Pre-tax national income 
P80-100 | share | all ages | equal split
",p80p100,2018,0.6765,0.0,JAM,Latin America & Caribbean
Jamaica,"sptinc_p80p100_999_j_JM
Pre-tax national income 
P80-100 | share | all ages | equal split
",p80p100,2019,0.6728000000000001,0.0,JAM,Latin America & Caribbean
Jamaica,"sptinc_p80p100_999_j_JM
Pre-tax national income 
P80-100 | share | all ages | equal split
",p80p100,2020,0.6896,0.0,JAM,Latin America & Caribbean
Jamaica,"sptinc_p80p100_999_j_JM
Pre-tax national income 
P80-100 | share | all ages | equal split
",p80p100,2021,0.6794,0.0,JAM,Latin America & Caribbean
Jamaica,"sptinc_p80p100_999_j_JM
Pre-tax national income 
P80-100 | share | all ages | equal split
",p80p100,2022,0.6706000000000001,0.0,JAM,Latin America & Caribbean
Jamaica,"sptinc_p80p100_999_j_JM
Pre-tax national income 
P80-100 | share | all ages | equal split
",p80p100,2023,0.6712,0.0,JAM,Latin America & Caribbean
Jamaica,"sptinc_p80p100_999_j_JM
Pre-tax national income 
P80-100 | share | all ages | equal split
",p80p100,2024,0.6712,0.0,JAM,Latin America & Caribbean
Japan,"sptinc_p80p100_999_j_JP
Pre-tax national income 
P80-100 | share | all ages | equal split
",p80p100,1960,0.497,4.0,JPN,East Asia
Japan,"sptinc_p80p100_999_j_JP
Pre-tax national income 
P80-100 | share | all ages | equal split
",p80p100,1961,0.4978,4.0,JPN,East Asia
Japan,"sptinc_p80p100_999_j_JP
Pre-tax national income 
P80-100 | share | all ages | equal split
",p80p100,1962,0.4951,4.0,JPN,East Asia
Japan,"sptinc_p80p100_999_j_JP
Pre-tax national income 
P80-100 | share | all ages | equal split
",p80p100,1963,0.4922,4.0,JPN,East Asia
Japan,"sptinc_p80p100_999_j_JP
Pre-tax national income 
P80-100 | share | all ages | equal split
",p80p100,1964,0.4905,4.0,JPN,East Asia
Japan,"sptinc_p80p100_999_j_JP
Pre-tax national income 
P80-100 | share | all ages | equal split
",p80p100,1965,0.49,4.0,JPN,East Asia
Japan,"sptinc_p80p100_999_j_JP
Pre-tax national income 
P80-100 | share | all ages | equal split
",p80p100,1966,0.4859,4.0,JPN,East Asia
Japan,"sptinc_p80p100_999_j_JP
Pre-tax national income 
P80-100 | share | all ages | equal split
",p80p100,1967,0.4857,4.0,JPN,East Asia
Japan,"sptinc_p80p100_999_j_JP
Pre-tax national income 
P80-100 | share | all ages | equal split
",p80p100,1968,0.4858,4.0,JPN,East Asia
Japan,"sptinc_p80p100_999_j_JP
Pre-tax national income 
P80-100 | share | all ages | equal split
",p80p100,1969,0.4918,4.0,JPN,East Asia
Japan,"sptinc_p80p100_999_j_JP
Pre-tax national income 
P80-100 | share | all ages | equal split
",p80p100,1970,0.5106,4.0,JPN,East Asia
Japan,"sptinc_p80p100_999_j_JP
Pre-tax national income 
P80-100 | share | all ages | equal split
",p80p100,1971,0.4896,4.0,JPN,East Asia
Japan,"sptinc_p80p100_999_j_JP
Pre-tax national income 
P80-100 | share | all ages | equal split
",p80p100,1972,0.4842,4.0,JPN,East Asia
Japan,"sptinc_p80p100_999_j_JP
Pre-tax national income 
P80-100 | share | all ages | equal split
",p80p100,1973,0.4918,4.0,JPN,East Asia
Japan,"sptinc_p80p100_999_j_JP
Pre-tax national income 
P80-100 | share | all ages | equal split
",p80p100,1974,0.4799,4.0,JPN,East Asia
Japan,"sptinc_p80p100_999_j_JP
Pre-tax national income 
P80-100 | share | all ages | equal split
",p80p100,1975,0.4816,4.0,JPN,East Asia
Japan,"sptinc_p80p100_999_j_JP
Pre-tax national income 
P80-100 | share | all ages | equal split
",p80p100,1976,0.4747,4.0,JPN,East Asia
Japan,"sptinc_p80p100_999_j_JP
Pre-tax national income 
P80-100 | share | all ages | equal split
",p80p100,1977,0.4746,4.0,JPN,East Asia
Japan,"sptinc_p80p100_999_j_JP
Pre-tax national income 
P80-100 | share | all ages | equal split
",p80p100,1978,0.4751,4.0,JPN,East Asia
Japan,"sptinc_p80p100_999_j_JP
Pre-tax national income 
P80-100 | share | all ages | equal split
",p80p100,1979,0.4758,4.0,JPN,East Asia
Japan,"sptinc_p80p100_999_j_JP
Pre-tax national income 
P80-100 | share | all ages | equal split
",p80p100,1980,0.4774,1.0,JPN,East Asia
Japan,"sptinc_p80p100_999_j_JP
Pre-tax national income 
P80-100 | share | all ages | equal split
",p80p100,1981,0.4725,1.0,JPN,East Asia
Japan,"sptinc_p80p100_999_j_JP
Pre-tax national income 
P80-100 | share | all ages | equal split
",p80p100,1982,0.4709,1.0,JPN,East Asia
Japan,"sptinc_p80p100_999_j_JP
Pre-tax national income 
P80-100 | share | all ages | equal split
",p80p100,1983,0.4742,1.0,JPN,East Asia
Japan,"sptinc_p80p100_999_j_JP
Pre-tax national income 
P80-100 | share | all ages | equal split
",p80p100,1984,0.4779,1.0,JPN,East Asia
Japan,"sptinc_p80p100_999_j_JP
Pre-tax national income 
P80-100 | share | all ages | equal split
",p80p100,1985,0.4857,1.0,JPN,East Asia
Japan,"sptinc_p80p100_999_j_JP
Pre-tax national income 
P80-100 | share | all ages | equal split
",p80p100,1986,0.4927,1.0,JPN,East Asia
Japan,"sptinc_p80p100_999_j_JP
Pre-tax national income 
P80-100 | share | all ages | equal split
",p80p100,1987,0.5079,1.0,JPN,East Asia
Japan,"sptinc_p80p100_999_j_JP
Pre-tax national income 
P80-100 | share | all ages | equal split
",p80p100,1988,0.5142,1.0,JPN,East Asia
Japan,"sptinc_p80p100_999_j_JP
Pre-tax national income 
P80-100 | share | all ages | equal split
",p80p100,1989,0.5198,1.0,JPN,East Asia
Japan,"sptinc_p80p100_999_j_JP
Pre-tax national income 
P80-100 | share | all ages | equal split
",p80p100,1990,0.5221,1.0,JPN,East Asia
Japan,"sptinc_p80p100_999_j_JP
Pre-tax national income 
P80-100 | share | all ages | equal split
",p80p100,1991,0.5111,1.0,JPN,East Asia
Japan,"sptinc_p80p100_999_j_JP
Pre-tax national income 
P80-100 | share | all ages | equal split
",p80p100,1992,0.478,1.0,JPN,East Asia
Japan,"sptinc_p80p100_999_j_JP
Pre-tax national income 
P80-100 | share | all ages | equal split
",p80p100,1993,0.4834,1.0,JPN,East Asia
Japan,"sptinc_p80p100_999_j_JP
Pre-tax national income 
P80-100 | share | all ages | equal split
",p80p100,1994,0.4875,1.0,JPN,East Asia
Japan,"sptinc_p80p100_999_j_JP
Pre-tax national income 
P80-100 | share | all ages | equal split
",p80p100,1995,0.4982,1.0,JPN,East Asia
Japan,"sptinc_p80p100_999_j_JP
Pre-tax national income 
P80-100 | share | all ages | equal split
",p80p100,1996,0.5084000000000001,1.0,JPN,East Asia
Japan,"sptinc_p80p100_999_j_JP
Pre-tax national income 
P80-100 | share | all ages | equal split
",p80p100,1997,0.5074000000000001,1.0,JPN,East Asia
Japan,"sptinc_p80p100_999_j_JP
Pre-tax national income 
P80-100 | share | all ages | equal split
",p80p100,1998,0.5108,1.0,JPN,East Asia
Japan,"sptinc_p80p100_999_j_JP
Pre-tax national income 
P80-100 | share | all ages | equal split
",p80p100,1999,0.5171,1.0,JPN,East Asia
Japan,"sptinc_p80p100_999_j_JP
Pre-tax national income 
P80-100 | share | all ages | equal split
",p80p100,2000,0.5283,1.0,JPN,East Asia
Japan,"sptinc_p80p100_999_j_JP
Pre-tax national income 
P80-100 | share | all ages | equal split
",p80p100,2001,0.5399,1.0,JPN,East Asia
Japan,"sptinc_p80p100_999_j_JP
Pre-tax national income 
P80-100 | share | all ages | equal split
",p80p100,2002,0.55,1.0,JPN,East Asia
Japan,"sptinc_p80p100_999_j_JP
Pre-tax national income 
P80-100 | share | all ages | equal split
",p80p100,2003,0.5568000000000001,1.0,JPN,East Asia
Japan,"sptinc_p80p100_999_j_JP
Pre-tax national income 
P80-100 | share | all ages | equal split
",p80p100,2004,0.5654,1.0,JPN,East Asia
Japan,"sptinc_p80p100_999_j_JP
Pre-tax national income 
P80-100 | share | all ages | equal split
",p80p100,2005,0.5661,1.0,JPN,East Asia
Japan,"sptinc_p80p100_999_j_JP
Pre-tax national income 
P80-100 | share | all ages | equal split
",p80p100,2006,0.5670000000000001,1.0,JPN,East Asia
Japan,"sptinc_p80p100_999_j_JP
Pre-tax national income 
P80-100 | share | all ages | equal split
",p80p100,2007,0.5687,1.0,JPN,East Asia
Japan,"sptinc_p80p100_999_j_JP
Pre-tax national income 
P80-100 | share | all ages | equal split
",p80p100,2008,0.5602,3.0,JPN,East Asia
Japan,"sptinc_p80p100_999_j_JP
Pre-tax national income 
P80-100 | share | all ages | equal split
",p80p100,2009,0.5421,2.0,JPN,East Asia
Japan,"sptinc_p80p100_999_j_JP
Pre-tax national income 
P80-100 | share | all ages | equal split
",p80p100,2010,0.5434,3.0,JPN,East Asia
Japan,"sptinc_p80p100_999_j_JP
Pre-tax national income 
P80-100 | share | all ages | equal split
",p80p100,2011,0.5413,2.0,JPN,East Asia
Japan,"sptinc_p80p100_999_j_JP
Pre-tax national income 
P80-100 | share | all ages | equal split
",p80p100,2012,0.5423,2.0,JPN,East Asia
Japan,"sptinc_p80p100_999_j_JP
Pre-tax national income 
P80-100 | share | all ages | equal split
",p80p100,2013,0.5444,3.0,JPN,East Asia
Japan,"sptinc_p80p100_999_j_JP
Pre-tax national income 
P80-100 | share | all ages | equal split
",p80p100,2014,0.544,1.0,JPN,East Asia
Japan,"sptinc_p80p100_999_j_JP
Pre-tax national income 
P80-100 | share | all ages | equal split
",p80p100,2015,0.5452,1.0,JPN,East Asia
Japan,"sptinc_p80p100_999_j_JP
Pre-tax national income 
P80-100 | share | all ages | equal split
",p80p100,2016,0.5444,1.0,JPN,East Asia
Japan,"sptinc_p80p100_999_j_JP
Pre-tax national income 
P80-100 | share | all ages | equal split
",p80p100,2017,0.544,1.0,JPN,East Asia
Japan,"sptinc_p80p100_999_j_JP
Pre-tax national income 
P80-100 | share | all ages | equal split
",p80p100,2018,0.544,1.0,JPN,East Asia
Japan,"sptinc_p80p100_999_j_JP
Pre-tax national income 
P80-100 | share | all ages | equal split
",p80p100,2019,0.544,1.0,JPN,East Asia
Japan,"sptinc_p80p100_999_j_JP
Pre-tax national income 
P80-100 | share | all ages | equal split
",p80p100,2020,0.544,1.0,JPN,East Asia
Japan,"sptinc_p80p100_999_j_JP
Pre-tax national income 
P80-100 | share | all ages | equal split
",p80p100,2021,0.544,1.0,JPN,East Asia
Japan,"sptinc_p80p100_999_j_JP
Pre-tax national income 
P80-100 | share | all ages | equal split
",p80p100,2022,0.544,1.0,JPN,East Asia
Japan,"sptinc_p80p100_999_j_JP
Pre-tax national income 
P80-100 | share | all ages | equal split
",p80p100,2023,0.544,1.0,JPN,East Asia
Japan,"sptinc_p80p100_999_j_JP
Pre-tax national income 
P80-100 | share | all ages | equal split
",p80p100,2024,0.544,1.0,JPN,East Asia
Jordan,"sptinc_p80p100_999_j_JO
Pre-tax national income 
P80-100 | share | all ages | equal split
",p80p100,1980,0.6381,1.0,JOR,MENA
Jordan,"sptinc_p80p100_999_j_JO
Pre-tax national income 
P80-100 | share | all ages | equal split
",p80p100,1981,0.6381,1.0,JOR,MENA
Jordan,"sptinc_p80p100_999_j_JO
Pre-tax national income 
P80-100 | share | all ages | equal split
",p80p100,1982,0.6381,1.0,JOR,MENA
Jordan,"sptinc_p80p100_999_j_JO
Pre-tax national income 
P80-100 | share | all ages | equal split
",p80p100,1983,0.6381,1.0,JOR,MENA
Jordan,"sptinc_p80p100_999_j_JO
Pre-tax national income 
P80-100 | share | all ages | equal split
",p80p100,1984,0.6381,1.0,JOR,MENA
Jordan,"sptinc_p80p100_999_j_JO
Pre-tax national income 
P80-100 | share | all ages | equal split
",p80p100,1985,0.6381,1.0,JOR,MENA
Jordan,"sptinc_p80p100_999_j_JO
Pre-tax national income 
P80-100 | share | all ages | equal split
",p80p100,1986,0.6381,3.0,JOR,MENA
Jordan,"sptinc_p80p100_999_j_JO
Pre-tax national income 
P80-100 | share | all ages | equal split
",p80p100,1987,0.6427,2.0,JOR,MENA
Jordan,"sptinc_p80p100_999_j_JO
Pre-tax national income 
P80-100 | share | all ages | equal split
",p80p100,1988,0.648,2.0,JOR,MENA
Jordan,"sptinc_p80p100_999_j_JO
Pre-tax national income 
P80-100 | share | all ages | equal split
",p80p100,1989,0.654,2.0,JOR,MENA
Jordan,"sptinc_p80p100_999_j_JO
Pre-tax national income 
P80-100 | share | all ages | equal split
",p80p100,1990,0.6611,2.0,JOR,MENA
Jordan,"sptinc_p80p100_999_j_JO
Pre-tax national income 
P80-100 | share | all ages | equal split
",p80p100,1991,0.6694,2.0,JOR,MENA
Jordan,"sptinc_p80p100_999_j_JO
Pre-tax national income 
P80-100 | share | all ages | equal split
",p80p100,1992,0.6794,3.0,JOR,MENA
Jordan,"sptinc_p80p100_999_j_JO
Pre-tax national income 
P80-100 | share | all ages | equal split
",p80p100,1993,0.6667000000000001,2.0,JOR,MENA
Jordan,"sptinc_p80p100_999_j_JO
Pre-tax national income 
P80-100 | share | all ages | equal split
",p80p100,1994,0.6537000000000001,2.0,JOR,MENA
Jordan,"sptinc_p80p100_999_j_JO
Pre-tax national income 
P80-100 | share | all ages | equal split
",p80p100,1995,0.6405000000000001,2.0,JOR,MENA
Jordan,"sptinc_p80p100_999_j_JO
Pre-tax national income 
P80-100 | share | all ages | equal split
",p80p100,1996,0.627,2.0,JOR,MENA
Jordan,"sptinc_p80p100_999_j_JO
Pre-tax national income 
P80-100 | share | all ages | equal split
",p80p100,1997,0.6132000000000001,2.0,JOR,MENA
Jordan,"sptinc_p80p100_999_j_JO
Pre-tax national income 
P80-100 | share | all ages | equal split
",p80p100,1998,0.6209,2.0,JOR,MENA
Jordan,"sptinc_p80p100_999_j_JO
Pre-tax national income 
P80-100 | share | all ages | equal split
",p80p100,1999,0.6282,2.0,JOR,MENA
Jordan,"sptinc_p80p100_999_j_JO
Pre-tax national income 
P80-100 | share | all ages | equal split
",p80p100,2000,0.635,2.0,JOR,MENA
Jordan,"sptinc_p80p100_999_j_JO
Pre-tax national income 
P80-100 | share | all ages | equal split
",p80p100,2001,0.6413,2.0,JOR,MENA
Jordan,"sptinc_p80p100_999_j_JO
Pre-tax national income 
P80-100 | share | all ages | equal split
",p80p100,2002,0.6473,3.0,JOR,MENA
Jordan,"sptinc_p80p100_999_j_JO
Pre-tax national income 
P80-100 | share | all ages | equal split
",p80p100,2003,0.6506000000000001,2.0,JOR,MENA
Jordan,"sptinc_p80p100_999_j_JO
Pre-tax national income 
P80-100 | share | all ages | equal split
",p80p100,2004,0.6537000000000001,2.0,JOR,MENA
Jordan,"sptinc_p80p100_999_j_JO
Pre-tax national income 
P80-100 | share | all ages | equal split
",p80p100,2005,0.6566000000000001,2.0,JOR,MENA
Jordan,"sptinc_p80p100_999_j_JO
Pre-tax national income 
P80-100 | share | all ages | equal split
",p80p100,2006,0.6593,3.0,JOR,MENA
Jordan,"sptinc_p80p100_999_j_JO
Pre-tax national income 
P80-100 | share | all ages | equal split
",p80p100,2007,0.6602,2.0,JOR,MENA
Jordan,"sptinc_p80p100_999_j_JO
Pre-tax national income 
P80-100 | share | all ages | equal split
",p80p100,2008,0.661,3.0,JOR,MENA
Jordan,"sptinc_p80p100_999_j_JO
Pre-tax national income 
P80-100 | share | all ages | equal split
",p80p100,2009,0.6616000000000001,2.0,JOR,MENA
Jordan,"sptinc_p80p100_999_j_JO
Pre-tax national income 
P80-100 | share | all ages | equal split
",p80p100,2010,0.6623,3.0,JOR,MENA
Jordan,"sptinc_p80p100_999_j_JO
Pre-tax national income 
P80-100 | share | all ages | equal split
",p80p100,2011,0.6449,3.0,JOR,MENA
Jordan,"sptinc_p80p100_999_j_JO
Pre-tax national income 
P80-100 | share | all ages | equal split
",p80p100,2012,0.6408,2.0,JOR,MENA
Jordan,"sptinc_p80p100_999_j_JO
Pre-tax national income 
P80-100 | share | all ages | equal split
",p80p100,2013,0.6367,3.0,JOR,MENA
Jordan,"sptinc_p80p100_999_j_JO
Pre-tax national income 
P80-100 | share | all ages | equal split
",p80p100,2014,0.6367,1.0,JOR,MENA
Jordan,"sptinc_p80p100_999_j_JO
Pre-tax national income 
P80-100 | share | all ages | equal split
",p80p100,2015,0.6367,1.0,JOR,MENA
Jordan,"sptinc_p80p100_999_j_JO
Pre-tax national income 
P80-100 | share | all ages | equal split
",p80p100,2016,0.6367,1.0,JOR,MENA
Jordan,"sptinc_p80p100_999_j_JO
Pre-tax national income 
P80-100 | share | all ages | equal split
",p80p100,2017,0.6367,1.0,JOR,MENA
Jordan,"sptinc_p80p100_999_j_JO
Pre-tax national income 
P80-100 | share | all ages | equal split
",p80p100,2018,0.6367,1.0,JOR,MENA
Jordan,"sptinc_p80p100_999_j_JO
Pre-tax national income 
P80-100 | share | all ages | equal split
",p80p100,2019,0.6367,1.0,JOR,MENA
Jordan,"sptinc_p80p100_999_j_JO
Pre-tax national income 
P80-100 | share | all ages | equal split
",p80p100,2020,0.6367,1.0,JOR,MENA
Jordan,"sptinc_p80p100_999_j_JO
Pre-tax national income 
P80-100 | share | all ages | equal split
",p80p100,2021,0.6367,1.0,JOR,MENA
Jordan,"sptinc_p80p100_999_j_JO
Pre-tax national income 
P80-100 | share | all ages | equal split
",p80p100,2022,0.6367,1.0,JOR,MENA
Jordan,"sptinc_p80p100_999_j_JO
Pre-tax national income 
P80-100 | share | all ages | equal split
",p80p100,2023,0.6367,1.0,JOR,MENA
Jordan,"sptinc_p80p100_999_j_JO
Pre-tax national income 
P80-100 | share | all ages | equal split
",p80p100,2024,0.6367,1.0,JOR,MENA
Kazakhstan,"sptinc_p80p100_999_j_KZ
Pre-tax national income 
P80-100 | share | all ages | equal split
",p80p100,1980,0.3925,1.0,KAZ,Eastern Europe & FSU
Kazakhstan,"sptinc_p80p100_999_j_KZ
Pre-tax national income 
P80-100 | share | all ages | equal split
",p80p100,1981,0.3927,1.0,KAZ,Eastern Europe & FSU
Kazakhstan,"sptinc_p80p100_999_j_KZ
Pre-tax national income 
P80-100 | share | all ages | equal split
",p80p100,1982,0.3929,1.0,KAZ,Eastern Europe & FSU
Kazakhstan,"sptinc_p80p100_999_j_KZ
Pre-tax national income 
P80-100 | share | all ages | equal split
",p80p100,1983,0.3931,1.0,KAZ,Eastern Europe & FSU
Kazakhstan,"sptinc_p80p100_999_j_KZ
Pre-tax national income 
P80-100 | share | all ages | equal split
",p80p100,1984,0.3933,1.0,KAZ,Eastern Europe & FSU
Kazakhstan,"sptinc_p80p100_999_j_KZ
Pre-tax national income 
P80-100 | share | all ages | equal split
",p80p100,1985,0.3935,1.0,KAZ,Eastern Europe & FSU
Kazakhstan,"sptinc_p80p100_999_j_KZ
Pre-tax national income 
P80-100 | share | all ages | equal split
",p80p100,1986,0.3932,1.0,KAZ,Eastern Europe & FSU
Kazakhstan,"sptinc_p80p100_999_j_KZ
Pre-tax national income 
P80-100 | share | all ages | equal split
",p80p100,1987,0.3928,1.0,KAZ,Eastern Europe & FSU
Kazakhstan,"sptinc_p80p100_999_j_KZ
Pre-tax national income 
P80-100 | share | all ages | equal split
",p80p100,1988,0.3925,1.0,KAZ,Eastern Europe & FSU
Kazakhstan,"sptinc_p80p100_999_j_KZ
Pre-tax national income 
P80-100 | share | all ages | equal split
",p80p100,1989,0.3932,1.0,KAZ,Eastern Europe & FSU
Kazakhstan,"sptinc_p80p100_999_j_KZ
Pre-tax national income 
P80-100 | share | all ages | equal split
",p80p100,1990,0.3799,1.0,KAZ,Eastern Europe & FSU
Kazakhstan,"sptinc_p80p100_999_j_KZ
Pre-tax national income 
P80-100 | share | all ages | equal split
",p80p100,1991,0.4225,1.0,KAZ,Eastern Europe & FSU
Kazakhstan,"sptinc_p80p100_999_j_KZ
Pre-tax national income 
P80-100 | share | all ages | equal split
",p80p100,1992,0.4655,1.0,KAZ,Eastern Europe & FSU
Kazakhstan,"sptinc_p80p100_999_j_KZ
Pre-tax national income 
P80-100 | share | all ages | equal split
",p80p100,1993,0.5095000000000001,3.0,KAZ,Eastern Europe & FSU
Kazakhstan,"sptinc_p80p100_999_j_KZ
Pre-tax national income 
P80-100 | share | all ages | equal split
",p80p100,1994,0.5191,2.0,KAZ,Eastern Europe & FSU
Kazakhstan,"sptinc_p80p100_999_j_KZ
Pre-tax national income 
P80-100 | share | all ages | equal split
",p80p100,1995,0.5447000000000001,2.0,KAZ,Eastern Europe & FSU
Kazakhstan,"sptinc_p80p100_999_j_KZ
Pre-tax national income 
P80-100 | share | all ages | equal split
",p80p100,1996,0.5682,3.0,KAZ,Eastern Europe & FSU
Kazakhstan,"sptinc_p80p100_999_j_KZ
Pre-tax national income 
P80-100 | share | all ages | equal split
",p80p100,1997,0.5732,2.0,KAZ,Eastern Europe & FSU
Kazakhstan,"sptinc_p80p100_999_j_KZ
Pre-tax national income 
P80-100 | share | all ages | equal split
",p80p100,1998,0.5850000000000001,2.0,KAZ,Eastern Europe & FSU
Kazakhstan,"sptinc_p80p100_999_j_KZ
Pre-tax national income 
P80-100 | share | all ages | equal split
",p80p100,1999,0.5860000000000001,2.0,KAZ,Eastern Europe & FSU
Kazakhstan,"sptinc_p80p100_999_j_KZ
Pre-tax national income 
P80-100 | share | all ages | equal split
",p80p100,2000,0.5895,3.0,KAZ,Eastern Europe & FSU
Kazakhstan,"sptinc_p80p100_999_j_KZ
Pre-tax national income 
P80-100 | share | all ages | equal split
",p80p100,2001,0.5944,3.0,KAZ,Eastern Europe & FSU
Kazakhstan,"sptinc_p80p100_999_j_KZ
Pre-tax national income 
P80-100 | share | all ages | equal split
",p80p100,2002,0.6007,3.0,KAZ,Eastern Europe & FSU
Kazakhstan,"sptinc_p80p100_999_j_KZ
Pre-tax national income 
P80-100 | share | all ages | equal split
",p80p100,2003,0.5870000000000001,3.0,KAZ,Eastern Europe & FSU
Kazakhstan,"sptinc_p80p100_999_j_KZ
Pre-tax national income 
P80-100 | share | all ages | equal split
",p80p100,2004,0.5487000000000001,3.0,KAZ,Eastern Europe & FSU
Kazakhstan,"sptinc_p80p100_999_j_KZ
Pre-tax national income 
P80-100 | share | all ages | equal split
",p80p100,2005,0.5722,3.0,KAZ,Eastern Europe & FSU
Kazakhstan,"sptinc_p80p100_999_j_KZ
Pre-tax national income 
P80-100 | share | all ages | equal split
",p80p100,2006,0.5767,3.0,KAZ,Eastern Europe & FSU
Kazakhstan,"sptinc_p80p100_999_j_KZ
Pre-tax national income 
P80-100 | share | all ages | equal split
",p80p100,2007,0.5602,3.0,KAZ,Eastern Europe & FSU
Kazakhstan,"sptinc_p80p100_999_j_KZ
Pre-tax national income 
P80-100 | share | all ages | equal split
",p80p100,2008,0.5654,3.0,KAZ,Eastern Europe & FSU
Kazakhstan,"sptinc_p80p100_999_j_KZ
Pre-tax national income 
P80-100 | share | all ages | equal split
",p80p100,2009,0.5745,3.0,KAZ,Eastern Europe & FSU
Kazakhstan,"sptinc_p80p100_999_j_KZ
Pre-tax national income 
P80-100 | share | all ages | equal split
",p80p100,2010,0.5698,3.0,KAZ,Eastern Europe & FSU
Kazakhstan,"sptinc_p80p100_999_j_KZ
Pre-tax national income 
P80-100 | share | all ages | equal split
",p80p100,2011,0.5504,3.0,KAZ,Eastern Europe & FSU
Kazakhstan,"sptinc_p80p100_999_j_KZ
Pre-tax national income 
P80-100 | share | all ages | equal split
",p80p100,2012,0.5534,3.0,KAZ,Eastern Europe & FSU
Kazakhstan,"sptinc_p80p100_999_j_KZ
Pre-tax national income 
P80-100 | share | all ages | equal split
",p80p100,2013,0.5522,3.0,KAZ,Eastern Europe & FSU
Kazakhstan,"sptinc_p80p100_999_j_KZ
Pre-tax national income 
P80-100 | share | all ages | equal split
",p80p100,2014,0.5401,3.0,KAZ,Eastern Europe & FSU
Kazakhstan,"sptinc_p80p100_999_j_KZ
Pre-tax national income 
P80-100 | share | all ages | equal split
",p80p100,2015,0.5229,3.0,KAZ,Eastern Europe & FSU
Kazakhstan,"sptinc_p80p100_999_j_KZ
Pre-tax national income 
P80-100 | share | all ages | equal split
",p80p100,2016,0.5599000000000001,3.0,KAZ,Eastern Europe & FSU
Kazakhstan,"sptinc_p80p100_999_j_KZ
Pre-tax national income 
P80-100 | share | all ages | equal split
",p80p100,2017,0.5628000000000001,3.0,KAZ,Eastern Europe & FSU
Kazakhstan,"sptinc_p80p100_999_j_KZ
Pre-tax national income 
P80-100 | share | all ages | equal split
",p80p100,2018,0.5670000000000001,3.0,KAZ,Eastern Europe & FSU
Kazakhstan,"sptinc_p80p100_999_j_KZ
Pre-tax national income 
P80-100 | share | all ages | equal split
",p80p100,2019,0.5670000000000001,1.0,KAZ,Eastern Europe & FSU
Kazakhstan,"sptinc_p80p100_999_j_KZ
Pre-tax national income 
P80-100 | share | all ages | equal split
",p80p100,2020,0.5670000000000001,1.0,KAZ,Eastern Europe & FSU
Kazakhstan,"sptinc_p80p100_999_j_KZ
Pre-tax national income 
P80-100 | share | all ages | equal split
",p80p100,2021,0.5670000000000001,1.0,KAZ,Eastern Europe & FSU
Kazakhstan,"sptinc_p80p100_999_j_KZ
Pre-tax national income 
P80-100 | share | all ages | equal split
",p80p100,2022,0.5670000000000001,1.0,KAZ,Eastern Europe & FSU
Kazakhstan,"sptinc_p80p100_999_j_KZ
Pre-tax national income 
P80-100 | share | all ages | equal split
",p80p100,2023,0.5670000000000001,1.0,KAZ,Eastern Europe & FSU
Kazakhstan,"sptinc_p80p100_999_j_KZ
Pre-tax national income 
P80-100 | share | all ages | equal split
",p80p100,2024,0.5670000000000001,1.0,KAZ,Eastern Europe & FSU
Kenya,"sptinc_p80p100_999_j_KE
Pre-tax national income 
P80-100 | share | all ages | equal split
",p80p100,1960,0.7368,0.0,KEN,Sub-Saharan Africa
Kenya,"sptinc_p80p100_999_j_KE
Pre-tax national income 
P80-100 | share | all ages | equal split
",p80p100,1961,0.7389,0.0,KEN,Sub-Saharan Africa
Kenya,"sptinc_p80p100_999_j_KE
Pre-tax national income 
P80-100 | share | all ages | equal split
",p80p100,1962,0.74,0.0,KEN,Sub-Saharan Africa
Kenya,"sptinc_p80p100_999_j_KE
Pre-tax national income 
P80-100 | share | all ages | equal split
",p80p100,1963,0.7415,0.0,KEN,Sub-Saharan Africa
Kenya,"sptinc_p80p100_999_j_KE
Pre-tax national income 
P80-100 | share | all ages | equal split
",p80p100,1964,0.7425,0.0,KEN,Sub-Saharan Africa
Kenya,"sptinc_p80p100_999_j_KE
Pre-tax national income 
P80-100 | share | all ages | equal split
",p80p100,1965,0.7451,0.0,KEN,Sub-Saharan Africa
Kenya,"sptinc_p80p100_999_j_KE
Pre-tax national income 
P80-100 | share | all ages | equal split
",p80p100,1966,0.7447,0.0,KEN,Sub-Saharan Africa
Kenya,"sptinc_p80p100_999_j_KE
Pre-tax national income 
P80-100 | share | all ages | equal split
",p80p100,1967,0.7468,0.0,KEN,Sub-Saharan Africa
Kenya,"sptinc_p80p100_999_j_KE
Pre-tax national income 
P80-100 | share | all ages | equal split
",p80p100,1968,0.7489,0.0,KEN,Sub-Saharan Africa
Kenya,"sptinc_p80p100_999_j_KE
Pre-tax national income 
P80-100 | share | all ages | equal split
",p80p100,1969,0.7491,0.0,KEN,Sub-Saharan Africa
Kenya,"sptinc_p80p100_999_j_KE
Pre-tax national income 
P80-100 | share | all ages | equal split
",p80p100,1970,0.7402000000000001,0.0,KEN,Sub-Saharan Africa
Kenya,"sptinc_p80p100_999_j_KE
Pre-tax national income 
P80-100 | share | all ages | equal split
",p80p100,1980,0.7721,1.0,KEN,Sub-Saharan Africa
Kenya,"sptinc_p80p100_999_j_KE
Pre-tax national income 
P80-100 | share | all ages | equal split
",p80p100,1981,0.7721,1.0,KEN,Sub-Saharan Africa
Kenya,"sptinc_p80p100_999_j_KE
Pre-tax national income 
P80-100 | share | all ages | equal split
",p80p100,1982,0.7721,1.0,KEN,Sub-Saharan Africa
Kenya,"sptinc_p80p100_999_j_KE
Pre-tax national income 
P80-100 | share | all ages | equal split
",p80p100,1983,0.7721,1.0,KEN,Sub-Saharan Africa
Kenya,"sptinc_p80p100_999_j_KE
Pre-tax national income 
P80-100 | share | all ages | equal split
",p80p100,1984,0.7721,1.0,KEN,Sub-Saharan Africa
Kenya,"sptinc_p80p100_999_j_KE
Pre-tax national income 
P80-100 | share | all ages | equal split
",p80p100,1985,0.7721,1.0,KEN,Sub-Saharan Africa
Kenya,"sptinc_p80p100_999_j_KE
Pre-tax national income 
P80-100 | share | all ages | equal split
",p80p100,1986,0.7721,1.0,KEN,Sub-Saharan Africa
Kenya,"sptinc_p80p100_999_j_KE
Pre-tax national income 
P80-100 | share | all ages | equal split
",p80p100,1987,0.7721,1.0,KEN,Sub-Saharan Africa
Kenya,"sptinc_p80p100_999_j_KE
Pre-tax national income 
P80-100 | share | all ages | equal split
",p80p100,1988,0.7721,1.0,KEN,Sub-Saharan Africa
Kenya,"sptinc_p80p100_999_j_KE
Pre-tax national income 
P80-100 | share | all ages | equal split
",p80p100,1989,0.7721,1.0,KEN,Sub-Saharan Africa
Kenya,"sptinc_p80p100_999_j_KE
Pre-tax national income 
P80-100 | share | all ages | equal split
",p80p100,1990,0.7721,1.0,KEN,Sub-Saharan Africa
Kenya,"sptinc_p80p100_999_j_KE
Pre-tax national income 
P80-100 | share | all ages | equal split
",p80p100,1991,0.7721,1.0,KEN,Sub-Saharan Africa
Kenya,"sptinc_p80p100_999_j_KE
Pre-tax national income 
P80-100 | share | all ages | equal split
",p80p100,1992,0.7721,3.0,KEN,Sub-Saharan Africa
Kenya,"sptinc_p80p100_999_j_KE
Pre-tax national income 
P80-100 | share | all ages | equal split
",p80p100,1993,0.7123,2.0,KEN,Sub-Saharan Africa
Kenya,"sptinc_p80p100_999_j_KE
Pre-tax national income 
P80-100 | share | all ages | equal split
",p80p100,1994,0.6523,3.0,KEN,Sub-Saharan Africa
Kenya,"sptinc_p80p100_999_j_KE
Pre-tax national income 
P80-100 | share | all ages | equal split
",p80p100,1995,0.6613,2.0,KEN,Sub-Saharan Africa
Kenya,"sptinc_p80p100_999_j_KE
Pre-tax national income 
P80-100 | share | all ages | equal split
",p80p100,1996,0.6703,2.0,KEN,Sub-Saharan Africa
Kenya,"sptinc_p80p100_999_j_KE
Pre-tax national income 
P80-100 | share | all ages | equal split
",p80p100,1997,0.6793,3.0,KEN,Sub-Saharan Africa
Kenya,"sptinc_p80p100_999_j_KE
Pre-tax national income 
P80-100 | share | all ages | equal split
",p80p100,1998,0.6801,2.0,KEN,Sub-Saharan Africa
Kenya,"sptinc_p80p100_999_j_KE
Pre-tax national income 
P80-100 | share | all ages | equal split
",p80p100,1999,0.6808000000000001,2.0,KEN,Sub-Saharan Africa
Kenya,"sptinc_p80p100_999_j_KE
Pre-tax national income 
P80-100 | share | all ages | equal split
",p80p100,2000,0.6816,2.0,KEN,Sub-Saharan Africa
Kenya,"sptinc_p80p100_999_j_KE
Pre-tax national income 
P80-100 | share | all ages | equal split
",p80p100,2001,0.6824,2.0,KEN,Sub-Saharan Africa
Kenya,"sptinc_p80p100_999_j_KE
Pre-tax national income 
P80-100 | share | all ages | equal split
",p80p100,2002,0.6831,2.0,KEN,Sub-Saharan Africa
Kenya,"sptinc_p80p100_999_j_KE
Pre-tax national income 
P80-100 | share | all ages | equal split
",p80p100,2003,0.6839000000000001,2.0,KEN,Sub-Saharan Africa
Kenya,"sptinc_p80p100_999_j_KE
Pre-tax national income 
P80-100 | share | all ages | equal split
",p80p100,2004,0.6847000000000001,2.0,KEN,Sub-Saharan Africa
Kenya,"sptinc_p80p100_999_j_KE
Pre-tax national income 
P80-100 | share | all ages | equal split
",p80p100,2005,0.6855,3.0,KEN,Sub-Saharan Africa
Kenya,"sptinc_p80p100_999_j_KE
Pre-tax national income 
P80-100 | share | all ages | equal split
",p80p100,2006,0.6806,2.0,KEN,Sub-Saharan Africa
Kenya,"sptinc_p80p100_999_j_KE
Pre-tax national income 
P80-100 | share | all ages | equal split
",p80p100,2007,0.6757000000000001,2.0,KEN,Sub-Saharan Africa
Kenya,"sptinc_p80p100_999_j_KE
Pre-tax national income 
P80-100 | share | all ages | equal split
",p80p100,2008,0.6708000000000001,2.0,KEN,Sub-Saharan Africa
Kenya,"sptinc_p80p100_999_j_KE
Pre-tax national income 
P80-100 | share | all ages | equal split
",p80p100,2009,0.6659,2.0,KEN,Sub-Saharan Africa
Kenya,"sptinc_p80p100_999_j_KE
Pre-tax national income 
P80-100 | share | all ages | equal split
",p80p100,2010,0.661,2.0,KEN,Sub-Saharan Africa
Kenya,"sptinc_p80p100_999_j_KE
Pre-tax national income 
P80-100 | share | all ages | equal split
",p80p100,2011,0.6561,2.0,KEN,Sub-Saharan Africa
Kenya,"sptinc_p80p100_999_j_KE
Pre-tax national income 
P80-100 | share | all ages | equal split
",p80p100,2012,0.6512,2.0,KEN,Sub-Saharan Africa
Kenya,"sptinc_p80p100_999_j_KE
Pre-tax national income 
P80-100 | share | all ages | equal split
",p80p100,2013,0.6463,2.0,KEN,Sub-Saharan Africa
Kenya,"sptinc_p80p100_999_j_KE
Pre-tax national income 
P80-100 | share | all ages | equal split
",p80p100,2014,0.6414000000000001,2.0,KEN,Sub-Saharan Africa
Kenya,"sptinc_p80p100_999_j_KE
Pre-tax national income 
P80-100 | share | all ages | equal split
",p80p100,2015,0.6365000000000001,3.0,KEN,Sub-Saharan Africa
Kenya,"sptinc_p80p100_999_j_KE
Pre-tax national income 
P80-100 | share | all ages | equal split
",p80p100,2016,0.6297,2.0,KEN,Sub-Saharan Africa
Kenya,"sptinc_p80p100_999_j_KE
Pre-tax national income 
P80-100 | share | all ages | equal split
",p80p100,2017,0.6228,2.0,KEN,Sub-Saharan Africa
Kenya,"sptinc_p80p100_999_j_KE
Pre-tax national income 
P80-100 | share | all ages | equal split
",p80p100,2018,0.6159,2.0,KEN,Sub-Saharan Africa
Kenya,"sptinc_p80p100_999_j_KE
Pre-tax national income 
P80-100 | share | all ages | equal split
",p80p100,2019,0.609,2.0,KEN,Sub-Saharan Africa
Kenya,"sptinc_p80p100_999_j_KE
Pre-tax national income 
P80-100 | share | all ages | equal split
",p80p100,2020,0.6021000000000001,3.0,KEN,Sub-Saharan Africa
Kenya,"sptinc_p80p100_999_j_KE
Pre-tax national income 
P80-100 | share | all ages | equal split
",p80p100,2021,0.6364000000000001,3.0,KEN,Sub-Saharan Africa
Kenya,"sptinc_p80p100_999_j_KE
Pre-tax national income 
P80-100 | share | all ages | equal split
",p80p100,2022,0.6204000000000001,3.0,KEN,Sub-Saharan Africa
Kenya,"sptinc_p80p100_999_j_KE
Pre-tax national income 
P80-100 | share | all ages | equal split
",p80p100,2023,0.6204000000000001,1.0,KEN,Sub-Saharan Africa
Kenya,"sptinc_p80p100_999_j_KE
Pre-tax national income 
P80-100 | share | all ages | equal split
",p80p100,2024,0.6204000000000001,1.0,KEN,Sub-Saharan Africa
Korea,"sptinc_p80p100_999_j_KR
Pre-tax national income 
P80-100 | share | all ages | equal split
",p80p100,1960,0.497,0.0,KOR,East Asia
Korea,"sptinc_p80p100_999_j_KR
Pre-tax national income 
P80-100 | share | all ages | equal split
",p80p100,1961,0.4948,0.0,KOR,East Asia
Korea,"sptinc_p80p100_999_j_KR
Pre-tax national income 
P80-100 | share | all ages | equal split
",p80p100,1962,0.4935,0.0,KOR,East Asia
Korea,"sptinc_p80p100_999_j_KR
Pre-tax national income 
P80-100 | share | all ages | equal split
",p80p100,1963,0.4907,0.0,KOR,East Asia
Korea,"sptinc_p80p100_999_j_KR
Pre-tax national income 
P80-100 | share | all ages | equal split
",p80p100,1964,0.4891,0.0,KOR,East Asia
Korea,"sptinc_p80p100_999_j_KR
Pre-tax national income 
P80-100 | share | all ages | equal split
",p80p100,1965,0.488,0.0,KOR,East Asia
Korea,"sptinc_p80p100_999_j_KR
Pre-tax national income 
P80-100 | share | all ages | equal split
",p80p100,1966,0.485,0.0,KOR,East Asia
Korea,"sptinc_p80p100_999_j_KR
Pre-tax national income 
P80-100 | share | all ages | equal split
",p80p100,1967,0.4836,0.0,KOR,East Asia
Korea,"sptinc_p80p100_999_j_KR
Pre-tax national income 
P80-100 | share | all ages | equal split
",p80p100,1968,0.4825,0.0,KOR,East Asia
Korea,"sptinc_p80p100_999_j_KR
Pre-tax national income 
P80-100 | share | all ages | equal split
",p80p100,1969,0.4794,0.0,KOR,East Asia
Korea,"sptinc_p80p100_999_j_KR
Pre-tax national income 
P80-100 | share | all ages | equal split
",p80p100,1970,0.5106,0.0,KOR,East Asia
Korea,"sptinc_p80p100_999_j_KR
Pre-tax national income 
P80-100 | share | all ages | equal split
",p80p100,1971,0.477,0.0,KOR,East Asia
Korea,"sptinc_p80p100_999_j_KR
Pre-tax national income 
P80-100 | share | all ages | equal split
",p80p100,1972,0.4765,0.0,KOR,East Asia
Korea,"sptinc_p80p100_999_j_KR
Pre-tax national income 
P80-100 | share | all ages | equal split
",p80p100,1973,0.4726,0.0,KOR,East Asia
Korea,"sptinc_p80p100_999_j_KR
Pre-tax national income 
P80-100 | share | all ages | equal split
",p80p100,1974,0.4716,0.0,KOR,East Asia
Korea,"sptinc_p80p100_999_j_KR
Pre-tax national income 
P80-100 | share | all ages | equal split
",p80p100,1975,0.4709,0.0,KOR,East Asia
Korea,"sptinc_p80p100_999_j_KR
Pre-tax national income 
P80-100 | share | all ages | equal split
",p80p100,1976,0.4672,0.0,KOR,East Asia
Korea,"sptinc_p80p100_999_j_KR
Pre-tax national income 
P80-100 | share | all ages | equal split
",p80p100,1977,0.4663,0.0,KOR,East Asia
Korea,"sptinc_p80p100_999_j_KR
Pre-tax national income 
P80-100 | share | all ages | equal split
",p80p100,1978,0.4655,0.0,KOR,East Asia
Korea,"sptinc_p80p100_999_j_KR
Pre-tax national income 
P80-100 | share | all ages | equal split
",p80p100,1979,0.4629,0.0,KOR,East Asia
Korea,"sptinc_p80p100_999_j_KR
Pre-tax national income 
P80-100 | share | all ages | equal split
",p80p100,1980,0.4755,1.0,KOR,East Asia
Korea,"sptinc_p80p100_999_j_KR
Pre-tax national income 
P80-100 | share | all ages | equal split
",p80p100,1981,0.4755,1.0,KOR,East Asia
Korea,"sptinc_p80p100_999_j_KR
Pre-tax national income 
P80-100 | share | all ages | equal split
",p80p100,1982,0.4755,3.0,KOR,East Asia
Korea,"sptinc_p80p100_999_j_KR
Pre-tax national income 
P80-100 | share | all ages | equal split
",p80p100,1983,0.4289,2.0,KOR,East Asia
Korea,"sptinc_p80p100_999_j_KR
Pre-tax national income 
P80-100 | share | all ages | equal split
",p80p100,1984,0.4334,2.0,KOR,East Asia
Korea,"sptinc_p80p100_999_j_KR
Pre-tax national income 
P80-100 | share | all ages | equal split
",p80p100,1985,0.4288,2.0,KOR,East Asia
Korea,"sptinc_p80p100_999_j_KR
Pre-tax national income 
P80-100 | share | all ages | equal split
",p80p100,1986,0.4241,2.0,KOR,East Asia
Korea,"sptinc_p80p100_999_j_KR
Pre-tax national income 
P80-100 | share | all ages | equal split
",p80p100,1987,0.419,2.0,KOR,East Asia
Korea,"sptinc_p80p100_999_j_KR
Pre-tax national income 
P80-100 | share | all ages | equal split
",p80p100,1988,0.4136,2.0,KOR,East Asia
Korea,"sptinc_p80p100_999_j_KR
Pre-tax national income 
P80-100 | share | all ages | equal split
",p80p100,1989,0.4221,2.0,KOR,East Asia
Korea,"sptinc_p80p100_999_j_KR
Pre-tax national income 
P80-100 | share | all ages | equal split
",p80p100,1990,0.4175,2.0,KOR,East Asia
Korea,"sptinc_p80p100_999_j_KR
Pre-tax national income 
P80-100 | share | all ages | equal split
",p80p100,1991,0.4477,3.0,KOR,East Asia
Korea,"sptinc_p80p100_999_j_KR
Pre-tax national income 
P80-100 | share | all ages | equal split
",p80p100,1992,0.4022,2.0,KOR,East Asia
Korea,"sptinc_p80p100_999_j_KR
Pre-tax national income 
P80-100 | share | all ages | equal split
",p80p100,1993,0.4037,2.0,KOR,East Asia
Korea,"sptinc_p80p100_999_j_KR
Pre-tax national income 
P80-100 | share | all ages | equal split
",p80p100,1994,0.3875,2.0,KOR,East Asia
Korea,"sptinc_p80p100_999_j_KR
Pre-tax national income 
P80-100 | share | all ages | equal split
",p80p100,1995,0.3836,2.0,KOR,East Asia
Korea,"sptinc_p80p100_999_j_KR
Pre-tax national income 
P80-100 | share | all ages | equal split
",p80p100,1996,0.4123,2.0,KOR,East Asia
Korea,"sptinc_p80p100_999_j_KR
Pre-tax national income 
P80-100 | share | all ages | equal split
",p80p100,1997,0.3887,2.0,KOR,East Asia
Korea,"sptinc_p80p100_999_j_KR
Pre-tax national income 
P80-100 | share | all ages | equal split
",p80p100,1998,0.3899,2.0,KOR,East Asia
Korea,"sptinc_p80p100_999_j_KR
Pre-tax national income 
P80-100 | share | all ages | equal split
",p80p100,1999,0.3979,2.0,KOR,East Asia
Korea,"sptinc_p80p100_999_j_KR
Pre-tax national income 
P80-100 | share | all ages | equal split
",p80p100,2000,0.449,4.0,KOR,East Asia
Korea,"sptinc_p80p100_999_j_KR
Pre-tax national income 
P80-100 | share | all ages | equal split
",p80p100,2001,0.4175,2.0,KOR,East Asia
Korea,"sptinc_p80p100_999_j_KR
Pre-tax national income 
P80-100 | share | all ages | equal split
",p80p100,2002,0.4377,2.0,KOR,East Asia
Korea,"sptinc_p80p100_999_j_KR
Pre-tax national income 
P80-100 | share | all ages | equal split
",p80p100,2003,0.4378,2.0,KOR,East Asia
Korea,"sptinc_p80p100_999_j_KR
Pre-tax national income 
P80-100 | share | all ages | equal split
",p80p100,2004,0.4476,2.0,KOR,East Asia
Korea,"sptinc_p80p100_999_j_KR
Pre-tax national income 
P80-100 | share | all ages | equal split
",p80p100,2005,0.4571,2.0,KOR,East Asia
Korea,"sptinc_p80p100_999_j_KR
Pre-tax national income 
P80-100 | share | all ages | equal split
",p80p100,2006,0.4969,4.0,KOR,East Asia
Korea,"sptinc_p80p100_999_j_KR
Pre-tax national income 
P80-100 | share | all ages | equal split
",p80p100,2007,0.5073,4.0,KOR,East Asia
Korea,"sptinc_p80p100_999_j_KR
Pre-tax national income 
P80-100 | share | all ages | equal split
",p80p100,2008,0.5127,4.0,KOR,East Asia
Korea,"sptinc_p80p100_999_j_KR
Pre-tax national income 
P80-100 | share | all ages | equal split
",p80p100,2009,0.5085000000000001,4.0,KOR,East Asia
Korea,"sptinc_p80p100_999_j_KR
Pre-tax national income 
P80-100 | share | all ages | equal split
",p80p100,2010,0.5252,4.0,KOR,East Asia
Korea,"sptinc_p80p100_999_j_KR
Pre-tax national income 
P80-100 | share | all ages | equal split
",p80p100,2011,0.5193,4.0,KOR,East Asia
Korea,"sptinc_p80p100_999_j_KR
Pre-tax national income 
P80-100 | share | all ages | equal split
",p80p100,2012,0.5137,4.0,KOR,East Asia
Korea,"sptinc_p80p100_999_j_KR
Pre-tax national income 
P80-100 | share | all ages | equal split
",p80p100,2013,0.5025000000000001,4.0,KOR,East Asia
Korea,"sptinc_p80p100_999_j_KR
Pre-tax national income 
P80-100 | share | all ages | equal split
",p80p100,2014,0.5054000000000001,4.0,KOR,East Asia
Korea,"sptinc_p80p100_999_j_KR
Pre-tax national income 
P80-100 | share | all ages | equal split
",p80p100,2015,0.5118,4.0,KOR,East Asia
Korea,"sptinc_p80p100_999_j_KR
Pre-tax national income 
P80-100 | share | all ages | equal split
",p80p100,2016,0.5294,4.0,KOR,East Asia
Korea,"sptinc_p80p100_999_j_KR
Pre-tax national income 
P80-100 | share | all ages | equal split
",p80p100,2017,0.538,4.0,KOR,East Asia
Korea,"sptinc_p80p100_999_j_KR
Pre-tax national income 
P80-100 | share | all ages | equal split
",p80p100,2018,0.5349,4.0,KOR,East Asia
Korea,"sptinc_p80p100_999_j_KR
Pre-tax national income 
P80-100 | share | all ages | equal split
",p80p100,2019,0.5265000000000001,4.0,KOR,East Asia
Korea,"sptinc_p80p100_999_j_KR
Pre-tax national income 
P80-100 | share | all ages | equal split
",p80p100,2020,0.5304,4.0,KOR,East Asia
Korea,"sptinc_p80p100_999_j_KR
Pre-tax national income 
P80-100 | share | all ages | equal split
",p80p100,2021,0.5371,4.0,KOR,East Asia
Korea,"sptinc_p80p100_999_j_KR
Pre-tax national income 
P80-100 | share | all ages | equal split
",p80p100,2022,0.5334,4.0,KOR,East Asia
Korea,"sptinc_p80p100_999_j_KR
Pre-tax national income 
P80-100 | share | all ages | equal split
",p80p100,2023,0.5334,1.0,KOR,East Asia
Korea,"sptinc_p80p100_999_j_KR
Pre-tax national income 
P80-100 | share | all ages | equal split
",p80p100,2024,0.5334,1.0,KOR,East Asia
Kyrgyzstan,"sptinc_p80p100_999_j_KG
Pre-tax national income 
P80-100 | share | all ages | equal split
",p80p100,1980,0.3925,1.0,KGZ,Eastern Europe & FSU
Kyrgyzstan,"sptinc_p80p100_999_j_KG
Pre-tax national income 
P80-100 | share | all ages | equal split
",p80p100,1981,0.3927,1.0,KGZ,Eastern Europe & FSU
Kyrgyzstan,"sptinc_p80p100_999_j_KG
Pre-tax national income 
P80-100 | share | all ages | equal split
",p80p100,1982,0.3929,1.0,KGZ,Eastern Europe & FSU
Kyrgyzstan,"sptinc_p80p100_999_j_KG
Pre-tax national income 
P80-100 | share | all ages | equal split
",p80p100,1983,0.3931,1.0,KGZ,Eastern Europe & FSU
Kyrgyzstan,"sptinc_p80p100_999_j_KG
Pre-tax national income 
P80-100 | share | all ages | equal split
",p80p100,1984,0.3933,1.0,KGZ,Eastern Europe & FSU
Kyrgyzstan,"sptinc_p80p100_999_j_KG
Pre-tax national income 
P80-100 | share | all ages | equal split
",p80p100,1985,0.3935,1.0,KGZ,Eastern Europe & FSU
Kyrgyzstan,"sptinc_p80p100_999_j_KG
Pre-tax national income 
P80-100 | share | all ages | equal split
",p80p100,1986,0.3932,1.0,KGZ,Eastern Europe & FSU
Kyrgyzstan,"sptinc_p80p100_999_j_KG
Pre-tax national income 
P80-100 | share | all ages | equal split
",p80p100,1987,0.3928,1.0,KGZ,Eastern Europe & FSU
Kyrgyzstan,"sptinc_p80p100_999_j_KG
Pre-tax national income 
P80-100 | share | all ages | equal split
",p80p100,1988,0.3925,1.0,KGZ,Eastern Europe & FSU
Kyrgyzstan,"sptinc_p80p100_999_j_KG
Pre-tax national income 
P80-100 | share | all ages | equal split
",p80p100,1989,0.3932,1.0,KGZ,Eastern Europe & FSU
Kyrgyzstan,"sptinc_p80p100_999_j_KG
Pre-tax national income 
P80-100 | share | all ages | equal split
",p80p100,1990,0.3799,1.0,KGZ,Eastern Europe & FSU
Kyrgyzstan,"sptinc_p80p100_999_j_KG
Pre-tax national income 
P80-100 | share | all ages | equal split
",p80p100,1991,0.4044,1.0,KGZ,Eastern Europe & FSU
Kyrgyzstan,"sptinc_p80p100_999_j_KG
Pre-tax national income 
P80-100 | share | all ages | equal split
",p80p100,1992,0.4289,1.0,KGZ,Eastern Europe & FSU
Kyrgyzstan,"sptinc_p80p100_999_j_KG
Pre-tax national income 
P80-100 | share | all ages | equal split
",p80p100,1993,0.4534,1.0,KGZ,Eastern Europe & FSU
Kyrgyzstan,"sptinc_p80p100_999_j_KG
Pre-tax national income 
P80-100 | share | all ages | equal split
",p80p100,1994,0.4779,1.0,KGZ,Eastern Europe & FSU
Kyrgyzstan,"sptinc_p80p100_999_j_KG
Pre-tax national income 
P80-100 | share | all ages | equal split
",p80p100,1995,0.5024000000000001,1.0,KGZ,Eastern Europe & FSU
Kyrgyzstan,"sptinc_p80p100_999_j_KG
Pre-tax national income 
P80-100 | share | all ages | equal split
",p80p100,1996,0.527,1.0,KGZ,Eastern Europe & FSU
Kyrgyzstan,"sptinc_p80p100_999_j_KG
Pre-tax national income 
P80-100 | share | all ages | equal split
",p80p100,1997,0.5516,1.0,KGZ,Eastern Europe & FSU
Kyrgyzstan,"sptinc_p80p100_999_j_KG
Pre-tax national income 
P80-100 | share | all ages | equal split
",p80p100,1998,0.5762,3.0,KGZ,Eastern Europe & FSU
Kyrgyzstan,"sptinc_p80p100_999_j_KG
Pre-tax national income 
P80-100 | share | all ages | equal split
",p80p100,1999,0.5537000000000001,1.0,KGZ,Eastern Europe & FSU
Kyrgyzstan,"sptinc_p80p100_999_j_KG
Pre-tax national income 
P80-100 | share | all ages | equal split
",p80p100,2000,0.5356000000000001,1.0,KGZ,Eastern Europe & FSU
Kyrgyzstan,"sptinc_p80p100_999_j_KG
Pre-tax national income 
P80-100 | share | all ages | equal split
",p80p100,2001,0.5384,3.0,KGZ,Eastern Europe & FSU
Kyrgyzstan,"sptinc_p80p100_999_j_KG
Pre-tax national income 
P80-100 | share | all ages | equal split
",p80p100,2002,0.5374,3.0,KGZ,Eastern Europe & FSU
Kyrgyzstan,"sptinc_p80p100_999_j_KG
Pre-tax national income 
P80-100 | share | all ages | equal split
",p80p100,2003,0.5277000000000001,3.0,KGZ,Eastern Europe & FSU
Kyrgyzstan,"sptinc_p80p100_999_j_KG
Pre-tax national income 
P80-100 | share | all ages | equal split
",p80p100,2004,0.5860000000000001,3.0,KGZ,Eastern Europe & FSU
Kyrgyzstan,"sptinc_p80p100_999_j_KG
Pre-tax national income 
P80-100 | share | all ages | equal split
",p80p100,2005,0.5769000000000001,3.0,KGZ,Eastern Europe & FSU
Kyrgyzstan,"sptinc_p80p100_999_j_KG
Pre-tax national income 
P80-100 | share | all ages | equal split
",p80p100,2006,0.5997,3.0,KGZ,Eastern Europe & FSU
Kyrgyzstan,"sptinc_p80p100_999_j_KG
Pre-tax national income 
P80-100 | share | all ages | equal split
",p80p100,2007,0.5642,3.0,KGZ,Eastern Europe & FSU
Kyrgyzstan,"sptinc_p80p100_999_j_KG
Pre-tax national income 
P80-100 | share | all ages | equal split
",p80p100,2008,0.5559000000000001,3.0,KGZ,Eastern Europe & FSU
Kyrgyzstan,"sptinc_p80p100_999_j_KG
Pre-tax national income 
P80-100 | share | all ages | equal split
",p80p100,2009,0.5575,3.0,KGZ,Eastern Europe & FSU
Kyrgyzstan,"sptinc_p80p100_999_j_KG
Pre-tax national income 
P80-100 | share | all ages | equal split
",p80p100,2010,0.553,3.0,KGZ,Eastern Europe & FSU
Kyrgyzstan,"sptinc_p80p100_999_j_KG
Pre-tax national income 
P80-100 | share | all ages | equal split
",p80p100,2011,0.5344,3.0,KGZ,Eastern Europe & FSU
Kyrgyzstan,"sptinc_p80p100_999_j_KG
Pre-tax national income 
P80-100 | share | all ages | equal split
",p80p100,2012,0.5299,3.0,KGZ,Eastern Europe & FSU
Kyrgyzstan,"sptinc_p80p100_999_j_KG
Pre-tax national income 
P80-100 | share | all ages | equal split
",p80p100,2013,0.5322,3.0,KGZ,Eastern Europe & FSU
Kyrgyzstan,"sptinc_p80p100_999_j_KG
Pre-tax national income 
P80-100 | share | all ages | equal split
",p80p100,2014,0.5176000000000001,3.0,KGZ,Eastern Europe & FSU
Kyrgyzstan,"sptinc_p80p100_999_j_KG
Pre-tax national income 
P80-100 | share | all ages | equal split
",p80p100,2015,0.5396000000000001,3.0,KGZ,Eastern Europe & FSU
Kyrgyzstan,"sptinc_p80p100_999_j_KG
Pre-tax national income 
P80-100 | share | all ages | equal split
",p80p100,2016,0.5295,3.0,KGZ,Eastern Europe & FSU
Kyrgyzstan,"sptinc_p80p100_999_j_KG
Pre-tax national income 
P80-100 | share | all ages | equal split
",p80p100,2017,0.5425,3.0,KGZ,Eastern Europe & FSU
Kyrgyzstan,"sptinc_p80p100_999_j_KG
Pre-tax national income 
P80-100 | share | all ages | equal split
",p80p100,2018,0.5477000000000001,3.0,KGZ,Eastern Europe & FSU
Kyrgyzstan,"sptinc_p80p100_999_j_KG
Pre-tax national income 
P80-100 | share | all ages | equal split
",p80p100,2019,0.5741,3.0,KGZ,Eastern Europe & FSU
Kyrgyzstan,"sptinc_p80p100_999_j_KG
Pre-tax national income 
P80-100 | share | all ages | equal split
",p80p100,2020,0.5741,1.0,KGZ,Eastern Europe & FSU
Kyrgyzstan,"sptinc_p80p100_999_j_KG
Pre-tax national income 
P80-100 | share | all ages | equal split
",p80p100,2021,0.5741,1.0,KGZ,Eastern Europe & FSU
Kyrgyzstan,"sptinc_p80p100_999_j_KG
Pre-tax national income 
P80-100 | share | all ages | equal split
",p80p100,2022,0.5741,1.0,KGZ,Eastern Europe & FSU
Kyrgyzstan,"sptinc_p80p100_999_j_KG
Pre-tax national income 
P80-100 | share | all ages | equal split
",p80p100,2023,0.5741,1.0,KGZ,Eastern Europe & FSU
Kyrgyzstan,"sptinc_p80p100_999_j_KG
Pre-tax national income 
P80-100 | share | all ages | equal split
",p80p100,2024,0.5741,1.0,KGZ,Eastern Europe & FSU
Lao PDR,"sptinc_p80p100_999_j_LA
Pre-tax national income 
P80-100 | share | all ages | equal split
",p80p100,1980,0.6076,1.0,LAO,Southeast Asia
Lao PDR,"sptinc_p80p100_999_j_LA
Pre-tax national income 
P80-100 | share | all ages | equal split
",p80p100,1981,0.6076,1.0,LAO,Southeast Asia
Lao PDR,"sptinc_p80p100_999_j_LA
Pre-tax national income 
P80-100 | share | all ages | equal split
",p80p100,1982,0.6076,1.0,LAO,Southeast Asia
Lao PDR,"sptinc_p80p100_999_j_LA
Pre-tax national income 
P80-100 | share | all ages | equal split
",p80p100,1983,0.6076,1.0,LAO,Southeast Asia
Lao PDR,"sptinc_p80p100_999_j_LA
Pre-tax national income 
P80-100 | share | all ages | equal split
",p80p100,1984,0.6076,1.0,LAO,Southeast Asia
Lao PDR,"sptinc_p80p100_999_j_LA
Pre-tax national income 
P80-100 | share | all ages | equal split
",p80p100,1985,0.6076,1.0,LAO,Southeast Asia
Lao PDR,"sptinc_p80p100_999_j_LA
Pre-tax national income 
P80-100 | share | all ages | equal split
",p80p100,1986,0.6076,1.0,LAO,Southeast Asia
Lao PDR,"sptinc_p80p100_999_j_LA
Pre-tax national income 
P80-100 | share | all ages | equal split
",p80p100,1987,0.6076,1.0,LAO,Southeast Asia
Lao PDR,"sptinc_p80p100_999_j_LA
Pre-tax national income 
P80-100 | share | all ages | equal split
",p80p100,1988,0.6076,1.0,LAO,Southeast Asia
Lao PDR,"sptinc_p80p100_999_j_LA
Pre-tax national income 
P80-100 | share | all ages | equal split
",p80p100,1989,0.6076,1.0,LAO,Southeast Asia
Lao PDR,"sptinc_p80p100_999_j_LA
Pre-tax national income 
P80-100 | share | all ages | equal split
",p80p100,1990,0.6076,1.0,LAO,Southeast Asia
Lao PDR,"sptinc_p80p100_999_j_LA
Pre-tax national income 
P80-100 | share | all ages | equal split
",p80p100,1991,0.6076,1.0,LAO,Southeast Asia
Lao PDR,"sptinc_p80p100_999_j_LA
Pre-tax national income 
P80-100 | share | all ages | equal split
",p80p100,1992,0.6076,3.0,LAO,Southeast Asia
Lao PDR,"sptinc_p80p100_999_j_LA
Pre-tax national income 
P80-100 | share | all ages | equal split
",p80p100,1993,0.6104,2.0,LAO,Southeast Asia
Lao PDR,"sptinc_p80p100_999_j_LA
Pre-tax national income 
P80-100 | share | all ages | equal split
",p80p100,1994,0.6137,2.0,LAO,Southeast Asia
Lao PDR,"sptinc_p80p100_999_j_LA
Pre-tax national income 
P80-100 | share | all ages | equal split
",p80p100,1995,0.6162000000000001,2.0,LAO,Southeast Asia
Lao PDR,"sptinc_p80p100_999_j_LA
Pre-tax national income 
P80-100 | share | all ages | equal split
",p80p100,1996,0.6179,2.0,LAO,Southeast Asia
Lao PDR,"sptinc_p80p100_999_j_LA
Pre-tax national income 
P80-100 | share | all ages | equal split
",p80p100,1997,0.6198,3.0,LAO,Southeast Asia
Lao PDR,"sptinc_p80p100_999_j_LA
Pre-tax national income 
P80-100 | share | all ages | equal split
",p80p100,1998,0.6162000000000001,2.0,LAO,Southeast Asia
Lao PDR,"sptinc_p80p100_999_j_LA
Pre-tax national income 
P80-100 | share | all ages | equal split
",p80p100,1999,0.6127,2.0,LAO,Southeast Asia
Lao PDR,"sptinc_p80p100_999_j_LA
Pre-tax national income 
P80-100 | share | all ages | equal split
",p80p100,2000,0.613,2.0,LAO,Southeast Asia
Lao PDR,"sptinc_p80p100_999_j_LA
Pre-tax national income 
P80-100 | share | all ages | equal split
",p80p100,2001,0.6118,2.0,LAO,Southeast Asia
Lao PDR,"sptinc_p80p100_999_j_LA
Pre-tax national income 
P80-100 | share | all ages | equal split
",p80p100,2002,0.6078,3.0,LAO,Southeast Asia
Lao PDR,"sptinc_p80p100_999_j_LA
Pre-tax national income 
P80-100 | share | all ages | equal split
",p80p100,2003,0.609,2.0,LAO,Southeast Asia
Lao PDR,"sptinc_p80p100_999_j_LA
Pre-tax national income 
P80-100 | share | all ages | equal split
",p80p100,2004,0.6126,2.0,LAO,Southeast Asia
Lao PDR,"sptinc_p80p100_999_j_LA
Pre-tax national income 
P80-100 | share | all ages | equal split
",p80p100,2005,0.6144000000000001,2.0,LAO,Southeast Asia
Lao PDR,"sptinc_p80p100_999_j_LA
Pre-tax national income 
P80-100 | share | all ages | equal split
",p80p100,2006,0.6154000000000001,2.0,LAO,Southeast Asia
Lao PDR,"sptinc_p80p100_999_j_LA
Pre-tax national income 
P80-100 | share | all ages | equal split
",p80p100,2007,0.6172000000000001,3.0,LAO,Southeast Asia
Lao PDR,"sptinc_p80p100_999_j_LA
Pre-tax national income 
P80-100 | share | all ages | equal split
",p80p100,2008,0.6154000000000001,2.0,LAO,Southeast Asia
Lao PDR,"sptinc_p80p100_999_j_LA
Pre-tax national income 
P80-100 | share | all ages | equal split
",p80p100,2009,0.6155,2.0,LAO,Southeast Asia
Lao PDR,"sptinc_p80p100_999_j_LA
Pre-tax national income 
P80-100 | share | all ages | equal split
",p80p100,2010,0.6144000000000001,2.0,LAO,Southeast Asia
Lao PDR,"sptinc_p80p100_999_j_LA
Pre-tax national income 
P80-100 | share | all ages | equal split
",p80p100,2011,0.6125,2.0,LAO,Southeast Asia
Lao PDR,"sptinc_p80p100_999_j_LA
Pre-tax national income 
P80-100 | share | all ages | equal split
",p80p100,2012,0.6098,3.0,LAO,Southeast Asia
Lao PDR,"sptinc_p80p100_999_j_LA
Pre-tax national income 
P80-100 | share | all ages | equal split
",p80p100,2013,0.6144000000000001,2.0,LAO,Southeast Asia
Lao PDR,"sptinc_p80p100_999_j_LA
Pre-tax national income 
P80-100 | share | all ages | equal split
",p80p100,2014,0.6195,2.0,LAO,Southeast Asia
Lao PDR,"sptinc_p80p100_999_j_LA
Pre-tax national income 
P80-100 | share | all ages | equal split
",p80p100,2015,0.623,2.0,LAO,Southeast Asia
Lao PDR,"sptinc_p80p100_999_j_LA
Pre-tax national income 
P80-100 | share | all ages | equal split
",p80p100,2016,0.6266,2.0,LAO,Southeast Asia
Lao PDR,"sptinc_p80p100_999_j_LA
Pre-tax national income 
P80-100 | share | all ages | equal split
",p80p100,2017,0.6294000000000001,2.0,LAO,Southeast Asia
Lao PDR,"sptinc_p80p100_999_j_LA
Pre-tax national income 
P80-100 | share | all ages | equal split
",p80p100,2018,0.6317,3.0,LAO,Southeast Asia
Lao PDR,"sptinc_p80p100_999_j_LA
Pre-tax national income 
P80-100 | share | all ages | equal split
",p80p100,2019,0.6317,1.0,LAO,Southeast Asia
Lao PDR,"sptinc_p80p100_999_j_LA
Pre-tax national income 
P80-100 | share | all ages | equal split
",p80p100,2020,0.6317,1.0,LAO,Southeast Asia
Lao PDR,"sptinc_p80p100_999_j_LA
Pre-tax national income 
P80-100 | share | all ages | equal split
",p80p100,2021,0.6317,1.0,LAO,Southeast Asia
Lao PDR,"sptinc_p80p100_999_j_LA
Pre-tax national income 
P80-100 | share | all ages | equal split
",p80p100,2022,0.6317,1.0,LAO,Southeast Asia
Lao PDR,"sptinc_p80p100_999_j_LA
Pre-tax national income 
P80-100 | share | all ages | equal split
",p80p100,2023,0.6317,1.0,LAO,Southeast Asia
Lao PDR,"sptinc_p80p100_999_j_LA
Pre-tax national income 
P80-100 | share | all ages | equal split
",p80p100,2024,0.6317,1.0,LAO,Southeast Asia
Latvia,"sptinc_p80p100_999_j_LV
Pre-tax national income 
P80-100 | share | all ages | equal split
",p80p100,1980,0.3814,1.0,LVA,Eastern Europe & FSU
Latvia,"sptinc_p80p100_999_j_LV
Pre-tax national income 
P80-100 | share | all ages | equal split
",p80p100,1981,0.3814,1.0,LVA,Eastern Europe & FSU
Latvia,"sptinc_p80p100_999_j_LV
Pre-tax national income 
P80-100 | share | all ages | equal split
",p80p100,1982,0.3814,1.0,LVA,Eastern Europe & FSU
Latvia,"sptinc_p80p100_999_j_LV
Pre-tax national income 
P80-100 | share | all ages | equal split
",p80p100,1983,0.3814,1.0,LVA,Eastern Europe & FSU
Latvia,"sptinc_p80p100_999_j_LV
Pre-tax national income 
P80-100 | share | all ages | equal split
",p80p100,1984,0.3814,1.0,LVA,Eastern Europe & FSU
Latvia,"sptinc_p80p100_999_j_LV
Pre-tax national income 
P80-100 | share | all ages | equal split
",p80p100,1985,0.3814,1.0,LVA,Eastern Europe & FSU
Latvia,"sptinc_p80p100_999_j_LV
Pre-tax national income 
P80-100 | share | all ages | equal split
",p80p100,1986,0.3814,1.0,LVA,Eastern Europe & FSU
Latvia,"sptinc_p80p100_999_j_LV
Pre-tax national income 
P80-100 | share | all ages | equal split
",p80p100,1987,0.3814,1.0,LVA,Eastern Europe & FSU
Latvia,"sptinc_p80p100_999_j_LV
Pre-tax national income 
P80-100 | share | all ages | equal split
",p80p100,1988,0.3814,3.0,LVA,Eastern Europe & FSU
Latvia,"sptinc_p80p100_999_j_LV
Pre-tax national income 
P80-100 | share | all ages | equal split
",p80p100,1989,0.3901,3.0,LVA,Eastern Europe & FSU
Latvia,"sptinc_p80p100_999_j_LV
Pre-tax national income 
P80-100 | share | all ages | equal split
",p80p100,1990,0.3989,3.0,LVA,Eastern Europe & FSU
Latvia,"sptinc_p80p100_999_j_LV
Pre-tax national income 
P80-100 | share | all ages | equal split
",p80p100,1991,0.4127,3.0,LVA,Eastern Europe & FSU
Latvia,"sptinc_p80p100_999_j_LV
Pre-tax national income 
P80-100 | share | all ages | equal split
",p80p100,1992,0.4302,3.0,LVA,Eastern Europe & FSU
Latvia,"sptinc_p80p100_999_j_LV
Pre-tax national income 
P80-100 | share | all ages | equal split
",p80p100,1993,0.4689,3.0,LVA,Eastern Europe & FSU
Latvia,"sptinc_p80p100_999_j_LV
Pre-tax national income 
P80-100 | share | all ages | equal split
",p80p100,1994,0.4872,3.0,LVA,Eastern Europe & FSU
Latvia,"sptinc_p80p100_999_j_LV
Pre-tax national income 
P80-100 | share | all ages | equal split
",p80p100,1995,0.4932,3.0,LVA,Eastern Europe & FSU
Latvia,"sptinc_p80p100_999_j_LV
Pre-tax national income 
P80-100 | share | all ages | equal split
",p80p100,1996,0.5143,3.0,LVA,Eastern Europe & FSU
Latvia,"sptinc_p80p100_999_j_LV
Pre-tax national income 
P80-100 | share | all ages | equal split
",p80p100,1997,0.519,3.0,LVA,Eastern Europe & FSU
Latvia,"sptinc_p80p100_999_j_LV
Pre-tax national income 
P80-100 | share | all ages | equal split
",p80p100,1998,0.5244,3.0,LVA,Eastern Europe & FSU
Latvia,"sptinc_p80p100_999_j_LV
Pre-tax national income 
P80-100 | share | all ages | equal split
",p80p100,1999,0.5266000000000001,3.0,LVA,Eastern Europe & FSU
Latvia,"sptinc_p80p100_999_j_LV
Pre-tax national income 
P80-100 | share | all ages | equal split
",p80p100,2000,0.5268,3.0,LVA,Eastern Europe & FSU
Latvia,"sptinc_p80p100_999_j_LV
Pre-tax national income 
P80-100 | share | all ages | equal split
",p80p100,2001,0.5243,3.0,LVA,Eastern Europe & FSU
Latvia,"sptinc_p80p100_999_j_LV
Pre-tax national income 
P80-100 | share | all ages | equal split
",p80p100,2002,0.536,3.0,LVA,Eastern Europe & FSU
Latvia,"sptinc_p80p100_999_j_LV
Pre-tax national income 
P80-100 | share | all ages | equal split
",p80p100,2003,0.5426,3.0,LVA,Eastern Europe & FSU
Latvia,"sptinc_p80p100_999_j_LV
Pre-tax national income 
P80-100 | share | all ages | equal split
",p80p100,2004,0.545,3.0,LVA,Eastern Europe & FSU
Latvia,"sptinc_p80p100_999_j_LV
Pre-tax national income 
P80-100 | share | all ages | equal split
",p80p100,2005,0.5605,3.0,LVA,Eastern Europe & FSU
Latvia,"sptinc_p80p100_999_j_LV
Pre-tax national income 
P80-100 | share | all ages | equal split
",p80p100,2006,0.5262,3.0,LVA,Eastern Europe & FSU
Latvia,"sptinc_p80p100_999_j_LV
Pre-tax national income 
P80-100 | share | all ages | equal split
",p80p100,2007,0.5538000000000001,3.0,LVA,Eastern Europe & FSU
Latvia,"sptinc_p80p100_999_j_LV
Pre-tax national income 
P80-100 | share | all ages | equal split
",p80p100,2008,0.5454,3.0,LVA,Eastern Europe & FSU
Latvia,"sptinc_p80p100_999_j_LV
Pre-tax national income 
P80-100 | share | all ages | equal split
",p80p100,2009,0.5407000000000001,3.0,LVA,Eastern Europe & FSU
Latvia,"sptinc_p80p100_999_j_LV
Pre-tax national income 
P80-100 | share | all ages | equal split
",p80p100,2010,0.5255000000000001,3.0,LVA,Eastern Europe & FSU
Latvia,"sptinc_p80p100_999_j_LV
Pre-tax national income 
P80-100 | share | all ages | equal split
",p80p100,2011,0.5352,3.0,LVA,Eastern Europe & FSU
Latvia,"sptinc_p80p100_999_j_LV
Pre-tax national income 
P80-100 | share | all ages | equal split
",p80p100,2012,0.5414,3.0,LVA,Eastern Europe & FSU
Latvia,"sptinc_p80p100_999_j_LV
Pre-tax national income 
P80-100 | share | all ages | equal split
",p80p100,2013,0.5405,3.0,LVA,Eastern Europe & FSU
Latvia,"sptinc_p80p100_999_j_LV
Pre-tax national income 
P80-100 | share | all ages | equal split
",p80p100,2014,0.5289,3.0,LVA,Eastern Europe & FSU
Latvia,"sptinc_p80p100_999_j_LV
Pre-tax national income 
P80-100 | share | all ages | equal split
",p80p100,2015,0.5201,3.0,LVA,Eastern Europe & FSU
Latvia,"sptinc_p80p100_999_j_LV
Pre-tax national income 
P80-100 | share | all ages | equal split
",p80p100,2016,0.5079,3.0,LVA,Eastern Europe & FSU
Latvia,"sptinc_p80p100_999_j_LV
Pre-tax national income 
P80-100 | share | all ages | equal split
",p80p100,2017,0.5255000000000001,3.0,LVA,Eastern Europe & FSU
Latvia,"sptinc_p80p100_999_j_LV
Pre-tax national income 
P80-100 | share | all ages | equal split
",p80p100,2018,0.523,3.0,LVA,Eastern Europe & FSU
Latvia,"sptinc_p80p100_999_j_LV
Pre-tax national income 
P80-100 | share | all ages | equal split
",p80p100,2019,0.5205000000000001,3.0,LVA,Eastern Europe & FSU
Latvia,"sptinc_p80p100_999_j_LV
Pre-tax national income 
P80-100 | share | all ages | equal split
",p80p100,2020,0.5205000000000001,3.0,LVA,Eastern Europe & FSU
Latvia,"sptinc_p80p100_999_j_LV
Pre-tax national income 
P80-100 | share | all ages | equal split
",p80p100,2021,0.5219,3.0,LVA,Eastern Europe & FSU
Latvia,"sptinc_p80p100_999_j_LV
Pre-tax national income 
P80-100 | share | all ages | equal split
",p80p100,2022,0.5217,3.0,LVA,Eastern Europe & FSU
Latvia,"sptinc_p80p100_999_j_LV
Pre-tax national income 
P80-100 | share | all ages | equal split
",p80p100,2023,0.5195000000000001,3.0,LVA,Eastern Europe & FSU
Latvia,"sptinc_p80p100_999_j_LV
Pre-tax national income 
P80-100 | share | all ages | equal split
",p80p100,2024,0.5195000000000001,1.0,LVA,Eastern Europe & FSU
Lesotho,"sptinc_p80p100_999_j_LS
Pre-tax national income 
P80-100 | share | all ages | equal split
",p80p100,1980,0.7458,1.0,LSO,Sub-Saharan Africa
Lesotho,"sptinc_p80p100_999_j_LS
Pre-tax national income 
P80-100 | share | all ages | equal split
",p80p100,1981,0.7458,1.0,LSO,Sub-Saharan Africa
Lesotho,"sptinc_p80p100_999_j_LS
Pre-tax national income 
P80-100 | share | all ages | equal split
",p80p100,1982,0.7458,1.0,LSO,Sub-Saharan Africa
Lesotho,"sptinc_p80p100_999_j_LS
Pre-tax national income 
P80-100 | share | all ages | equal split
",p80p100,1983,0.7458,1.0,LSO,Sub-Saharan Africa
Lesotho,"sptinc_p80p100_999_j_LS
Pre-tax national income 
P80-100 | share | all ages | equal split
",p80p100,1984,0.7458,1.0,LSO,Sub-Saharan Africa
Lesotho,"sptinc_p80p100_999_j_LS
Pre-tax national income 
P80-100 | share | all ages | equal split
",p80p100,1985,0.7458,1.0,LSO,Sub-Saharan Africa
Lesotho,"sptinc_p80p100_999_j_LS
Pre-tax national income 
P80-100 | share | all ages | equal split
",p80p100,1986,0.7458,3.0,LSO,Sub-Saharan Africa
Lesotho,"sptinc_p80p100_999_j_LS
Pre-tax national income 
P80-100 | share | all ages | equal split
",p80p100,1987,0.7511,2.0,LSO,Sub-Saharan Africa
Lesotho,"sptinc_p80p100_999_j_LS
Pre-tax national income 
P80-100 | share | all ages | equal split
",p80p100,1988,0.7563000000000001,2.0,LSO,Sub-Saharan Africa
Lesotho,"sptinc_p80p100_999_j_LS
Pre-tax national income 
P80-100 | share | all ages | equal split
",p80p100,1989,0.7615000000000001,2.0,LSO,Sub-Saharan Africa
Lesotho,"sptinc_p80p100_999_j_LS
Pre-tax national income 
P80-100 | share | all ages | equal split
",p80p100,1990,0.7667,2.0,LSO,Sub-Saharan Africa
Lesotho,"sptinc_p80p100_999_j_LS
Pre-tax national income 
P80-100 | share | all ages | equal split
",p80p100,1991,0.772,2.0,LSO,Sub-Saharan Africa
Lesotho,"sptinc_p80p100_999_j_LS
Pre-tax national income 
P80-100 | share | all ages | equal split
",p80p100,1992,0.7772,2.0,LSO,Sub-Saharan Africa
Lesotho,"sptinc_p80p100_999_j_LS
Pre-tax national income 
P80-100 | share | all ages | equal split
",p80p100,1993,0.7824,2.0,LSO,Sub-Saharan Africa
Lesotho,"sptinc_p80p100_999_j_LS
Pre-tax national income 
P80-100 | share | all ages | equal split
",p80p100,1994,0.7876000000000001,3.0,LSO,Sub-Saharan Africa
Lesotho,"sptinc_p80p100_999_j_LS
Pre-tax national income 
P80-100 | share | all ages | equal split
",p80p100,1995,0.7767000000000001,2.0,LSO,Sub-Saharan Africa
Lesotho,"sptinc_p80p100_999_j_LS
Pre-tax national income 
P80-100 | share | all ages | equal split
",p80p100,1996,0.7657,2.0,LSO,Sub-Saharan Africa
Lesotho,"sptinc_p80p100_999_j_LS
Pre-tax national income 
P80-100 | share | all ages | equal split
",p80p100,1997,0.7547,2.0,LSO,Sub-Saharan Africa
Lesotho,"sptinc_p80p100_999_j_LS
Pre-tax national income 
P80-100 | share | all ages | equal split
",p80p100,1998,0.7438,2.0,LSO,Sub-Saharan Africa
Lesotho,"sptinc_p80p100_999_j_LS
Pre-tax national income 
P80-100 | share | all ages | equal split
",p80p100,1999,0.7328,2.0,LSO,Sub-Saharan Africa
Lesotho,"sptinc_p80p100_999_j_LS
Pre-tax national income 
P80-100 | share | all ages | equal split
",p80p100,2000,0.7218,2.0,LSO,Sub-Saharan Africa
Lesotho,"sptinc_p80p100_999_j_LS
Pre-tax national income 
P80-100 | share | all ages | equal split
",p80p100,2001,0.7108,2.0,LSO,Sub-Saharan Africa
Lesotho,"sptinc_p80p100_999_j_LS
Pre-tax national income 
P80-100 | share | all ages | equal split
",p80p100,2002,0.6998000000000001,3.0,LSO,Sub-Saharan Africa
Lesotho,"sptinc_p80p100_999_j_LS
Pre-tax national income 
P80-100 | share | all ages | equal split
",p80p100,2003,0.6965,2.0,LSO,Sub-Saharan Africa
Lesotho,"sptinc_p80p100_999_j_LS
Pre-tax national income 
P80-100 | share | all ages | equal split
",p80p100,2004,0.6932,2.0,LSO,Sub-Saharan Africa
Lesotho,"sptinc_p80p100_999_j_LS
Pre-tax national income 
P80-100 | share | all ages | equal split
",p80p100,2005,0.6898000000000001,2.0,LSO,Sub-Saharan Africa
Lesotho,"sptinc_p80p100_999_j_LS
Pre-tax national income 
P80-100 | share | all ages | equal split
",p80p100,2006,0.6865,2.0,LSO,Sub-Saharan Africa
Lesotho,"sptinc_p80p100_999_j_LS
Pre-tax national income 
P80-100 | share | all ages | equal split
",p80p100,2007,0.6832,2.0,LSO,Sub-Saharan Africa
Lesotho,"sptinc_p80p100_999_j_LS
Pre-tax national income 
P80-100 | share | all ages | equal split
",p80p100,2008,0.6798000000000001,2.0,LSO,Sub-Saharan Africa
Lesotho,"sptinc_p80p100_999_j_LS
Pre-tax national income 
P80-100 | share | all ages | equal split
",p80p100,2009,0.6765,2.0,LSO,Sub-Saharan Africa
Lesotho,"sptinc_p80p100_999_j_LS
Pre-tax national income 
P80-100 | share | all ages | equal split
",p80p100,2010,0.6731,2.0,LSO,Sub-Saharan Africa
Lesotho,"sptinc_p80p100_999_j_LS
Pre-tax national income 
P80-100 | share | all ages | equal split
",p80p100,2011,0.6698000000000001,2.0,LSO,Sub-Saharan Africa
Lesotho,"sptinc_p80p100_999_j_LS
Pre-tax national income 
P80-100 | share | all ages | equal split
",p80p100,2012,0.6665,2.0,LSO,Sub-Saharan Africa
Lesotho,"sptinc_p80p100_999_j_LS
Pre-tax national income 
P80-100 | share | all ages | equal split
",p80p100,2013,0.6631,2.0,LSO,Sub-Saharan Africa
Lesotho,"sptinc_p80p100_999_j_LS
Pre-tax national income 
P80-100 | share | all ages | equal split
",p80p100,2014,0.6598,2.0,LSO,Sub-Saharan Africa
Lesotho,"sptinc_p80p100_999_j_LS
Pre-tax national income 
P80-100 | share | all ages | equal split
",p80p100,2015,0.6564,2.0,LSO,Sub-Saharan Africa
Lesotho,"sptinc_p80p100_999_j_LS
Pre-tax national income 
P80-100 | share | all ages | equal split
",p80p100,2016,0.6531,2.0,LSO,Sub-Saharan Africa
Lesotho,"sptinc_p80p100_999_j_LS
Pre-tax national income 
P80-100 | share | all ages | equal split
",p80p100,2017,0.6497,3.0,LSO,Sub-Saharan Africa
Lesotho,"sptinc_p80p100_999_j_LS
Pre-tax national income 
P80-100 | share | all ages | equal split
",p80p100,2018,0.6497,1.0,LSO,Sub-Saharan Africa
Lesotho,"sptinc_p80p100_999_j_LS
Pre-tax national income 
P80-100 | share | all ages | equal split
",p80p100,2019,0.6497,1.0,LSO,Sub-Saharan Africa
Lesotho,"sptinc_p80p100_999_j_LS
Pre-tax national income 
P80-100 | share | all ages | equal split
",p80p100,2020,0.6497,1.0,LSO,Sub-Saharan Africa
Lesotho,"sptinc_p80p100_999_j_LS
Pre-tax national income 
P80-100 | share | all ages | equal split
",p80p100,2021,0.6497,1.0,LSO,Sub-Saharan Africa
Lesotho,"sptinc_p80p100_999_j_LS
Pre-tax national income 
P80-100 | share | all ages | equal split
",p80p100,2022,0.6497,1.0,LSO,Sub-Saharan Africa
Lesotho,"sptinc_p80p100_999_j_LS
Pre-tax national income 
P80-100 | share | all ages | equal split
",p80p100,2023,0.6497,1.0,LSO,Sub-Saharan Africa
Lesotho,"sptinc_p80p100_999_j_LS
Pre-tax national income 
P80-100 | share | all ages | equal split
",p80p100,2024,0.6497,1.0,LSO,Sub-Saharan Africa
Lithuania,"sptinc_p80p100_999_j_LT
Pre-tax national income 
P80-100 | share | all ages | equal split
",p80p100,1980,0.4118,1.0,LTU,Eastern Europe & FSU
Lithuania,"sptinc_p80p100_999_j_LT
Pre-tax national income 
P80-100 | share | all ages | equal split
",p80p100,1981,0.4118,1.0,LTU,Eastern Europe & FSU
Lithuania,"sptinc_p80p100_999_j_LT
Pre-tax national income 
P80-100 | share | all ages | equal split
",p80p100,1982,0.4118,1.0,LTU,Eastern Europe & FSU
Lithuania,"sptinc_p80p100_999_j_LT
Pre-tax national income 
P80-100 | share | all ages | equal split
",p80p100,1983,0.4118,1.0,LTU,Eastern Europe & FSU
Lithuania,"sptinc_p80p100_999_j_LT
Pre-tax national income 
P80-100 | share | all ages | equal split
",p80p100,1984,0.4118,1.0,LTU,Eastern Europe & FSU
Lithuania,"sptinc_p80p100_999_j_LT
Pre-tax national income 
P80-100 | share | all ages | equal split
",p80p100,1985,0.4118,1.0,LTU,Eastern Europe & FSU
Lithuania,"sptinc_p80p100_999_j_LT
Pre-tax national income 
P80-100 | share | all ages | equal split
",p80p100,1986,0.4118,1.0,LTU,Eastern Europe & FSU
Lithuania,"sptinc_p80p100_999_j_LT
Pre-tax national income 
P80-100 | share | all ages | equal split
",p80p100,1987,0.4118,1.0,LTU,Eastern Europe & FSU
Lithuania,"sptinc_p80p100_999_j_LT
Pre-tax national income 
P80-100 | share | all ages | equal split
",p80p100,1988,0.4118,3.0,LTU,Eastern Europe & FSU
Lithuania,"sptinc_p80p100_999_j_LT
Pre-tax national income 
P80-100 | share | all ages | equal split
",p80p100,1989,0.4327,3.0,LTU,Eastern Europe & FSU
Lithuania,"sptinc_p80p100_999_j_LT
Pre-tax national income 
P80-100 | share | all ages | equal split
",p80p100,1990,0.4527,3.0,LTU,Eastern Europe & FSU
Lithuania,"sptinc_p80p100_999_j_LT
Pre-tax national income 
P80-100 | share | all ages | equal split
",p80p100,1991,0.4737,3.0,LTU,Eastern Europe & FSU
Lithuania,"sptinc_p80p100_999_j_LT
Pre-tax national income 
P80-100 | share | all ages | equal split
",p80p100,1992,0.4966,3.0,LTU,Eastern Europe & FSU
Lithuania,"sptinc_p80p100_999_j_LT
Pre-tax national income 
P80-100 | share | all ages | equal split
",p80p100,1993,0.5163,3.0,LTU,Eastern Europe & FSU
Lithuania,"sptinc_p80p100_999_j_LT
Pre-tax national income 
P80-100 | share | all ages | equal split
",p80p100,1994,0.5278,3.0,LTU,Eastern Europe & FSU
Lithuania,"sptinc_p80p100_999_j_LT
Pre-tax national income 
P80-100 | share | all ages | equal split
",p80p100,1995,0.5166000000000001,3.0,LTU,Eastern Europe & FSU
Lithuania,"sptinc_p80p100_999_j_LT
Pre-tax national income 
P80-100 | share | all ages | equal split
",p80p100,1996,0.507,3.0,LTU,Eastern Europe & FSU
Lithuania,"sptinc_p80p100_999_j_LT
Pre-tax national income 
P80-100 | share | all ages | equal split
",p80p100,1997,0.4955,3.0,LTU,Eastern Europe & FSU
Lithuania,"sptinc_p80p100_999_j_LT
Pre-tax national income 
P80-100 | share | all ages | equal split
",p80p100,1998,0.4893,3.0,LTU,Eastern Europe & FSU
Lithuania,"sptinc_p80p100_999_j_LT
Pre-tax national income 
P80-100 | share | all ages | equal split
",p80p100,1999,0.4832,3.0,LTU,Eastern Europe & FSU
Lithuania,"sptinc_p80p100_999_j_LT
Pre-tax national income 
P80-100 | share | all ages | equal split
",p80p100,2000,0.5,3.0,LTU,Eastern Europe & FSU
Lithuania,"sptinc_p80p100_999_j_LT
Pre-tax national income 
P80-100 | share | all ages | equal split
",p80p100,2001,0.5016,3.0,LTU,Eastern Europe & FSU
Lithuania,"sptinc_p80p100_999_j_LT
Pre-tax national income 
P80-100 | share | all ages | equal split
",p80p100,2002,0.4958,3.0,LTU,Eastern Europe & FSU
Lithuania,"sptinc_p80p100_999_j_LT
Pre-tax national income 
P80-100 | share | all ages | equal split
",p80p100,2003,0.5008,3.0,LTU,Eastern Europe & FSU
Lithuania,"sptinc_p80p100_999_j_LT
Pre-tax national income 
P80-100 | share | all ages | equal split
",p80p100,2004,0.5289,3.0,LTU,Eastern Europe & FSU
Lithuania,"sptinc_p80p100_999_j_LT
Pre-tax national income 
P80-100 | share | all ages | equal split
",p80p100,2005,0.5294,3.0,LTU,Eastern Europe & FSU
Lithuania,"sptinc_p80p100_999_j_LT
Pre-tax national income 
P80-100 | share | all ages | equal split
",p80p100,2006,0.5076,3.0,LTU,Eastern Europe & FSU
Lithuania,"sptinc_p80p100_999_j_LT
Pre-tax national income 
P80-100 | share | all ages | equal split
",p80p100,2007,0.5296000000000001,3.0,LTU,Eastern Europe & FSU
Lithuania,"sptinc_p80p100_999_j_LT
Pre-tax national income 
P80-100 | share | all ages | equal split
",p80p100,2008,0.5333,3.0,LTU,Eastern Europe & FSU
Lithuania,"sptinc_p80p100_999_j_LT
Pre-tax national income 
P80-100 | share | all ages | equal split
",p80p100,2009,0.5371,3.0,LTU,Eastern Europe & FSU
Lithuania,"sptinc_p80p100_999_j_LT
Pre-tax national income 
P80-100 | share | all ages | equal split
",p80p100,2010,0.5125000000000001,3.0,LTU,Eastern Europe & FSU
Lithuania,"sptinc_p80p100_999_j_LT
Pre-tax national income 
P80-100 | share | all ages | equal split
",p80p100,2011,0.5114000000000001,3.0,LTU,Eastern Europe & FSU
Lithuania,"sptinc_p80p100_999_j_LT
Pre-tax national income 
P80-100 | share | all ages | equal split
",p80p100,2012,0.5338,3.0,LTU,Eastern Europe & FSU
Lithuania,"sptinc_p80p100_999_j_LT
Pre-tax national income 
P80-100 | share | all ages | equal split
",p80p100,2013,0.5407000000000001,3.0,LTU,Eastern Europe & FSU
Lithuania,"sptinc_p80p100_999_j_LT
Pre-tax national income 
P80-100 | share | all ages | equal split
",p80p100,2014,0.5697,3.0,LTU,Eastern Europe & FSU
Lithuania,"sptinc_p80p100_999_j_LT
Pre-tax national income 
P80-100 | share | all ages | equal split
",p80p100,2015,0.5389,3.0,LTU,Eastern Europe & FSU
Lithuania,"sptinc_p80p100_999_j_LT
Pre-tax national income 
P80-100 | share | all ages | equal split
",p80p100,2016,0.5374,3.0,LTU,Eastern Europe & FSU
Lithuania,"sptinc_p80p100_999_j_LT
Pre-tax national income 
P80-100 | share | all ages | equal split
",p80p100,2017,0.5453,3.0,LTU,Eastern Europe & FSU
Lithuania,"sptinc_p80p100_999_j_LT
Pre-tax national income 
P80-100 | share | all ages | equal split
",p80p100,2018,0.5342,3.0,LTU,Eastern Europe & FSU
Lithuania,"sptinc_p80p100_999_j_LT
Pre-tax national income 
P80-100 | share | all ages | equal split
",p80p100,2019,0.5451,3.0,LTU,Eastern Europe & FSU
Lithuania,"sptinc_p80p100_999_j_LT
Pre-tax national income 
P80-100 | share | all ages | equal split
",p80p100,2020,0.5495,3.0,LTU,Eastern Europe & FSU
Lithuania,"sptinc_p80p100_999_j_LT
Pre-tax national income 
P80-100 | share | all ages | equal split
",p80p100,2021,0.5426,3.0,LTU,Eastern Europe & FSU
Lithuania,"sptinc_p80p100_999_j_LT
Pre-tax national income 
P80-100 | share | all ages | equal split
",p80p100,2022,0.5418000000000001,3.0,LTU,Eastern Europe & FSU
Lithuania,"sptinc_p80p100_999_j_LT
Pre-tax national income 
P80-100 | share | all ages | equal split
",p80p100,2023,0.5365,3.0,LTU,Eastern Europe & FSU
Lithuania,"sptinc_p80p100_999_j_LT
Pre-tax national income 
P80-100 | share | all ages | equal split
",p80p100,2024,0.5365,1.0,LTU,Eastern Europe & FSU
Luxembourg,"sptinc_p80p100_999_j_LU
Pre-tax national income 
P80-100 | share | all ages | equal split
",p80p100,1980,0.497,2.0,LUX,Western Europe
Luxembourg,"sptinc_p80p100_999_j_LU
Pre-tax national income 
P80-100 | share | all ages | equal split
",p80p100,1981,0.497,2.0,LUX,Western Europe
Luxembourg,"sptinc_p80p100_999_j_LU
Pre-tax national income 
P80-100 | share | all ages | equal split
",p80p100,1982,0.497,2.0,LUX,Western Europe
Luxembourg,"sptinc_p80p100_999_j_LU
Pre-tax national income 
P80-100 | share | all ages | equal split
",p80p100,1983,0.497,2.0,LUX,Western Europe
Luxembourg,"sptinc_p80p100_999_j_LU
Pre-tax national income 
P80-100 | share | all ages | equal split
",p80p100,1984,0.4971,2.0,LUX,Western Europe
Luxembourg,"sptinc_p80p100_999_j_LU
Pre-tax national income 
P80-100 | share | all ages | equal split
",p80p100,1985,0.4964,4.0,LUX,Western Europe
Luxembourg,"sptinc_p80p100_999_j_LU
Pre-tax national income 
P80-100 | share | all ages | equal split
",p80p100,1986,0.4979,4.0,LUX,Western Europe
Luxembourg,"sptinc_p80p100_999_j_LU
Pre-tax national income 
P80-100 | share | all ages | equal split
",p80p100,1987,0.4972,4.0,LUX,Western Europe
Luxembourg,"sptinc_p80p100_999_j_LU
Pre-tax national income 
P80-100 | share | all ages | equal split
",p80p100,1988,0.4974,4.0,LUX,Western Europe
Luxembourg,"sptinc_p80p100_999_j_LU
Pre-tax national income 
P80-100 | share | all ages | equal split
",p80p100,1989,0.499,4.0,LUX,Western Europe
Luxembourg,"sptinc_p80p100_999_j_LU
Pre-tax national income 
P80-100 | share | all ages | equal split
",p80p100,1990,0.4976,4.0,LUX,Western Europe
Luxembourg,"sptinc_p80p100_999_j_LU
Pre-tax national income 
P80-100 | share | all ages | equal split
",p80p100,1991,0.4975,4.0,LUX,Western Europe
Luxembourg,"sptinc_p80p100_999_j_LU
Pre-tax national income 
P80-100 | share | all ages | equal split
",p80p100,1992,0.4964,4.0,LUX,Western Europe
Luxembourg,"sptinc_p80p100_999_j_LU
Pre-tax national income 
P80-100 | share | all ages | equal split
",p80p100,1993,0.4983,3.0,LUX,Western Europe
Luxembourg,"sptinc_p80p100_999_j_LU
Pre-tax national income 
P80-100 | share | all ages | equal split
",p80p100,1994,0.5003000000000001,4.0,LUX,Western Europe
Luxembourg,"sptinc_p80p100_999_j_LU
Pre-tax national income 
P80-100 | share | all ages | equal split
",p80p100,1995,0.504,3.0,LUX,Western Europe
Luxembourg,"sptinc_p80p100_999_j_LU
Pre-tax national income 
P80-100 | share | all ages | equal split
",p80p100,1996,0.5079,3.0,LUX,Western Europe
Luxembourg,"sptinc_p80p100_999_j_LU
Pre-tax national income 
P80-100 | share | all ages | equal split
",p80p100,1997,0.5221,4.0,LUX,Western Europe
Luxembourg,"sptinc_p80p100_999_j_LU
Pre-tax national income 
P80-100 | share | all ages | equal split
",p80p100,1998,0.5433,4.0,LUX,Western Europe
Luxembourg,"sptinc_p80p100_999_j_LU
Pre-tax national income 
P80-100 | share | all ages | equal split
",p80p100,1999,0.5368,4.0,LUX,Western Europe
Luxembourg,"sptinc_p80p100_999_j_LU
Pre-tax national income 
P80-100 | share | all ages | equal split
",p80p100,2000,0.5453,4.0,LUX,Western Europe
Luxembourg,"sptinc_p80p100_999_j_LU
Pre-tax national income 
P80-100 | share | all ages | equal split
",p80p100,2001,0.5393,4.0,LUX,Western Europe
Luxembourg,"sptinc_p80p100_999_j_LU
Pre-tax national income 
P80-100 | share | all ages | equal split
",p80p100,2002,0.5206000000000001,4.0,LUX,Western Europe
Luxembourg,"sptinc_p80p100_999_j_LU
Pre-tax national income 
P80-100 | share | all ages | equal split
",p80p100,2003,0.5218,4.0,LUX,Western Europe
Luxembourg,"sptinc_p80p100_999_j_LU
Pre-tax national income 
P80-100 | share | all ages | equal split
",p80p100,2004,0.5581,4.0,LUX,Western Europe
Luxembourg,"sptinc_p80p100_999_j_LU
Pre-tax national income 
P80-100 | share | all ages | equal split
",p80p100,2005,0.5642,4.0,LUX,Western Europe
Luxembourg,"sptinc_p80p100_999_j_LU
Pre-tax national income 
P80-100 | share | all ages | equal split
",p80p100,2006,0.5356000000000001,4.0,LUX,Western Europe
Luxembourg,"sptinc_p80p100_999_j_LU
Pre-tax national income 
P80-100 | share | all ages | equal split
",p80p100,2007,0.5607,4.0,LUX,Western Europe
Luxembourg,"sptinc_p80p100_999_j_LU
Pre-tax national income 
P80-100 | share | all ages | equal split
",p80p100,2008,0.5495,4.0,LUX,Western Europe
Luxembourg,"sptinc_p80p100_999_j_LU
Pre-tax national income 
P80-100 | share | all ages | equal split
",p80p100,2009,0.5174,4.0,LUX,Western Europe
Luxembourg,"sptinc_p80p100_999_j_LU
Pre-tax national income 
P80-100 | share | all ages | equal split
",p80p100,2010,0.5109,4.0,LUX,Western Europe
Luxembourg,"sptinc_p80p100_999_j_LU
Pre-tax national income 
P80-100 | share | all ages | equal split
",p80p100,2011,0.5075000000000001,3.0,LUX,Western Europe
Luxembourg,"sptinc_p80p100_999_j_LU
Pre-tax national income 
P80-100 | share | all ages | equal split
",p80p100,2012,0.5347000000000001,3.0,LUX,Western Europe
Luxembourg,"sptinc_p80p100_999_j_LU
Pre-tax national income 
P80-100 | share | all ages | equal split
",p80p100,2013,0.513,3.0,LUX,Western Europe
Luxembourg,"sptinc_p80p100_999_j_LU
Pre-tax national income 
P80-100 | share | all ages | equal split
",p80p100,2014,0.5158,3.0,LUX,Western Europe
Luxembourg,"sptinc_p80p100_999_j_LU
Pre-tax national income 
P80-100 | share | all ages | equal split
",p80p100,2015,0.4896,3.0,LUX,Western Europe
Luxembourg,"sptinc_p80p100_999_j_LU
Pre-tax national income 
P80-100 | share | all ages | equal split
",p80p100,2016,0.5036,3.0,LUX,Western Europe
Luxembourg,"sptinc_p80p100_999_j_LU
Pre-tax national income 
P80-100 | share | all ages | equal split
",p80p100,2017,0.5254,3.0,LUX,Western Europe
Luxembourg,"sptinc_p80p100_999_j_LU
Pre-tax national income 
P80-100 | share | all ages | equal split
",p80p100,2018,0.517,3.0,LUX,Western Europe
Luxembourg,"sptinc_p80p100_999_j_LU
Pre-tax national income 
P80-100 | share | all ages | equal split
",p80p100,2019,0.4945000000000001,3.0,LUX,Western Europe
Luxembourg,"sptinc_p80p100_999_j_LU
Pre-tax national income 
P80-100 | share | all ages | equal split
",p80p100,2020,0.4945000000000001,3.0,LUX,Western Europe
Luxembourg,"sptinc_p80p100_999_j_LU
Pre-tax national income 
P80-100 | share | all ages | equal split
",p80p100,2021,0.4888,3.0,LUX,Western Europe
Luxembourg,"sptinc_p80p100_999_j_LU
Pre-tax national income 
P80-100 | share | all ages | equal split
",p80p100,2022,0.4941,3.0,LUX,Western Europe
Luxembourg,"sptinc_p80p100_999_j_LU
Pre-tax national income 
P80-100 | share | all ages | equal split
",p80p100,2023,0.4812,3.0,LUX,Western Europe
Luxembourg,"sptinc_p80p100_999_j_LU
Pre-tax national income 
P80-100 | share | all ages | equal split
",p80p100,2024,0.4812,1.0,LUX,Western Europe
Madagascar,"sptinc_p80p100_999_j_MG
Pre-tax national income 
P80-100 | share | all ages | equal split
",p80p100,1980,0.6888000000000001,3.0,MDG,Sub-Saharan Africa
Madagascar,"sptinc_p80p100_999_j_MG
Pre-tax national income 
P80-100 | share | all ages | equal split
",p80p100,1981,0.6888000000000001,2.0,MDG,Sub-Saharan Africa
Madagascar,"sptinc_p80p100_999_j_MG
Pre-tax national income 
P80-100 | share | all ages | equal split
",p80p100,1982,0.6888000000000001,2.0,MDG,Sub-Saharan Africa
Madagascar,"sptinc_p80p100_999_j_MG
Pre-tax national income 
P80-100 | share | all ages | equal split
",p80p100,1983,0.6888000000000001,2.0,MDG,Sub-Saharan Africa
Madagascar,"sptinc_p80p100_999_j_MG
Pre-tax national income 
P80-100 | share | all ages | equal split
",p80p100,1984,0.6888000000000001,2.0,MDG,Sub-Saharan Africa
Madagascar,"sptinc_p80p100_999_j_MG
Pre-tax national income 
P80-100 | share | all ages | equal split
",p80p100,1985,0.6888000000000001,2.0,MDG,Sub-Saharan Africa
Madagascar,"sptinc_p80p100_999_j_MG
Pre-tax national income 
P80-100 | share | all ages | equal split
",p80p100,1986,0.6888000000000001,2.0,MDG,Sub-Saharan Africa
Madagascar,"sptinc_p80p100_999_j_MG
Pre-tax national income 
P80-100 | share | all ages | equal split
",p80p100,1987,0.6888000000000001,2.0,MDG,Sub-Saharan Africa
Madagascar,"sptinc_p80p100_999_j_MG
Pre-tax national income 
P80-100 | share | all ages | equal split
",p80p100,1988,0.6888000000000001,2.0,MDG,Sub-Saharan Africa
Madagascar,"sptinc_p80p100_999_j_MG
Pre-tax national income 
P80-100 | share | all ages | equal split
",p80p100,1989,0.6888000000000001,2.0,MDG,Sub-Saharan Africa
Madagascar,"sptinc_p80p100_999_j_MG
Pre-tax national income 
P80-100 | share | all ages | equal split
",p80p100,1990,0.6888000000000001,2.0,MDG,Sub-Saharan Africa
Madagascar,"sptinc_p80p100_999_j_MG
Pre-tax national income 
P80-100 | share | all ages | equal split
",p80p100,1991,0.6888000000000001,2.0,MDG,Sub-Saharan Africa
Madagascar,"sptinc_p80p100_999_j_MG
Pre-tax national income 
P80-100 | share | all ages | equal split
",p80p100,1992,0.6888000000000001,2.0,MDG,Sub-Saharan Africa
Madagascar,"sptinc_p80p100_999_j_MG
Pre-tax national income 
P80-100 | share | all ages | equal split
",p80p100,1993,0.6888000000000001,3.0,MDG,Sub-Saharan Africa
Madagascar,"sptinc_p80p100_999_j_MG
Pre-tax national income 
P80-100 | share | all ages | equal split
",p80p100,1994,0.6718000000000001,2.0,MDG,Sub-Saharan Africa
Madagascar,"sptinc_p80p100_999_j_MG
Pre-tax national income 
P80-100 | share | all ages | equal split
",p80p100,1995,0.6547000000000001,2.0,MDG,Sub-Saharan Africa
Madagascar,"sptinc_p80p100_999_j_MG
Pre-tax national income 
P80-100 | share | all ages | equal split
",p80p100,1996,0.6376000000000001,2.0,MDG,Sub-Saharan Africa
Madagascar,"sptinc_p80p100_999_j_MG
Pre-tax national income 
P80-100 | share | all ages | equal split
",p80p100,1997,0.6205,3.0,MDG,Sub-Saharan Africa
Madagascar,"sptinc_p80p100_999_j_MG
Pre-tax national income 
P80-100 | share | all ages | equal split
",p80p100,1998,0.6139,2.0,MDG,Sub-Saharan Africa
Madagascar,"sptinc_p80p100_999_j_MG
Pre-tax national income 
P80-100 | share | all ages | equal split
",p80p100,1999,0.6073000000000001,3.0,MDG,Sub-Saharan Africa
Madagascar,"sptinc_p80p100_999_j_MG
Pre-tax national income 
P80-100 | share | all ages | equal split
",p80p100,2000,0.6481,2.0,MDG,Sub-Saharan Africa
Madagascar,"sptinc_p80p100_999_j_MG
Pre-tax national income 
P80-100 | share | all ages | equal split
",p80p100,2001,0.6886,3.0,MDG,Sub-Saharan Africa
Madagascar,"sptinc_p80p100_999_j_MG
Pre-tax national income 
P80-100 | share | all ages | equal split
",p80p100,2002,0.6777000000000001,2.0,MDG,Sub-Saharan Africa
Madagascar,"sptinc_p80p100_999_j_MG
Pre-tax national income 
P80-100 | share | all ages | equal split
",p80p100,2003,0.6668000000000001,2.0,MDG,Sub-Saharan Africa
Madagascar,"sptinc_p80p100_999_j_MG
Pre-tax national income 
P80-100 | share | all ages | equal split
",p80p100,2004,0.6558,2.0,MDG,Sub-Saharan Africa
Madagascar,"sptinc_p80p100_999_j_MG
Pre-tax national income 
P80-100 | share | all ages | equal split
",p80p100,2005,0.6448,3.0,MDG,Sub-Saharan Africa
Madagascar,"sptinc_p80p100_999_j_MG
Pre-tax national income 
P80-100 | share | all ages | equal split
",p80p100,2006,0.6484,2.0,MDG,Sub-Saharan Africa
Madagascar,"sptinc_p80p100_999_j_MG
Pre-tax national income 
P80-100 | share | all ages | equal split
",p80p100,2007,0.652,2.0,MDG,Sub-Saharan Africa
Madagascar,"sptinc_p80p100_999_j_MG
Pre-tax national income 
P80-100 | share | all ages | equal split
",p80p100,2008,0.6556000000000001,2.0,MDG,Sub-Saharan Africa
Madagascar,"sptinc_p80p100_999_j_MG
Pre-tax national income 
P80-100 | share | all ages | equal split
",p80p100,2009,0.6592,2.0,MDG,Sub-Saharan Africa
Madagascar,"sptinc_p80p100_999_j_MG
Pre-tax national income 
P80-100 | share | all ages | equal split
",p80p100,2010,0.6628000000000001,3.0,MDG,Sub-Saharan Africa
Madagascar,"sptinc_p80p100_999_j_MG
Pre-tax national income 
P80-100 | share | all ages | equal split
",p80p100,2011,0.6585000000000001,2.0,MDG,Sub-Saharan Africa
Madagascar,"sptinc_p80p100_999_j_MG
Pre-tax national income 
P80-100 | share | all ages | equal split
",p80p100,2012,0.6542,3.0,MDG,Sub-Saharan Africa
Madagascar,"sptinc_p80p100_999_j_MG
Pre-tax national income 
P80-100 | share | all ages | equal split
",p80p100,2013,0.6496000000000001,2.0,MDG,Sub-Saharan Africa
Madagascar,"sptinc_p80p100_999_j_MG
Pre-tax national income 
P80-100 | share | all ages | equal split
",p80p100,2014,0.6451,2.0,MDG,Sub-Saharan Africa
Madagascar,"sptinc_p80p100_999_j_MG
Pre-tax national income 
P80-100 | share | all ages | equal split
",p80p100,2015,0.6405000000000001,2.0,MDG,Sub-Saharan Africa
Madagascar,"sptinc_p80p100_999_j_MG
Pre-tax national income 
P80-100 | share | all ages | equal split
",p80p100,2016,0.6359,2.0,MDG,Sub-Saharan Africa
Madagascar,"sptinc_p80p100_999_j_MG
Pre-tax national income 
P80-100 | share | all ages | equal split
",p80p100,2017,0.6314000000000001,2.0,MDG,Sub-Saharan Africa
Madagascar,"sptinc_p80p100_999_j_MG
Pre-tax national income 
P80-100 | share | all ages | equal split
",p80p100,2018,0.6268,2.0,MDG,Sub-Saharan Africa
Madagascar,"sptinc_p80p100_999_j_MG
Pre-tax national income 
P80-100 | share | all ages | equal split
",p80p100,2019,0.6222,2.0,MDG,Sub-Saharan Africa
Madagascar,"sptinc_p80p100_999_j_MG
Pre-tax national income 
P80-100 | share | all ages | equal split
",p80p100,2020,0.6176,2.0,MDG,Sub-Saharan Africa
Madagascar,"sptinc_p80p100_999_j_MG
Pre-tax national income 
P80-100 | share | all ages | equal split
",p80p100,2021,0.613,3.0,MDG,Sub-Saharan Africa
Madagascar,"sptinc_p80p100_999_j_MG
Pre-tax national income 
P80-100 | share | all ages | equal split
",p80p100,2022,0.613,1.0,MDG,Sub-Saharan Africa
Madagascar,"sptinc_p80p100_999_j_MG
Pre-tax national income 
P80-100 | share | all ages | equal split
",p80p100,2023,0.613,1.0,MDG,Sub-Saharan Africa
Madagascar,"sptinc_p80p100_999_j_MG
Pre-tax national income 
P80-100 | share | all ages | equal split
",p80p100,2024,0.613,1.0,MDG,Sub-Saharan Africa
Malawi,"sptinc_p80p100_999_j_MW
Pre-tax national income 
P80-100 | share | all ages | equal split
",p80p100,1964,0.7517,3.0,MWI,Sub-Saharan Africa
Malawi,"sptinc_p80p100_999_j_MW
Pre-tax national income 
P80-100 | share | all ages | equal split
",p80p100,1965,0.762,3.0,MWI,Sub-Saharan Africa
Malawi,"sptinc_p80p100_999_j_MW
Pre-tax national income 
P80-100 | share | all ages | equal split
",p80p100,1966,0.756,3.0,MWI,Sub-Saharan Africa
Malawi,"sptinc_p80p100_999_j_MW
Pre-tax national income 
P80-100 | share | all ages | equal split
",p80p100,1967,0.7647,3.0,MWI,Sub-Saharan Africa
Malawi,"sptinc_p80p100_999_j_MW
Pre-tax national income 
P80-100 | share | all ages | equal split
",p80p100,1968,0.7768,3.0,MWI,Sub-Saharan Africa
Malawi,"sptinc_p80p100_999_j_MW
Pre-tax national income 
P80-100 | share | all ages | equal split
",p80p100,1969,0.7691,3.0,MWI,Sub-Saharan Africa
Malawi,"sptinc_p80p100_999_j_MW
Pre-tax national income 
P80-100 | share | all ages | equal split
",p80p100,1970,0.779,3.0,MWI,Sub-Saharan Africa
Malawi,"sptinc_p80p100_999_j_MW
Pre-tax national income 
P80-100 | share | all ages | equal split
",p80p100,1971,0.7914,3.0,MWI,Sub-Saharan Africa
Malawi,"sptinc_p80p100_999_j_MW
Pre-tax national income 
P80-100 | share | all ages | equal split
",p80p100,1972,0.807,3.0,MWI,Sub-Saharan Africa
Malawi,"sptinc_p80p100_999_j_MW
Pre-tax national income 
P80-100 | share | all ages | equal split
",p80p100,1973,0.7943,3.0,MWI,Sub-Saharan Africa
Malawi,"sptinc_p80p100_999_j_MW
Pre-tax national income 
P80-100 | share | all ages | equal split
",p80p100,1974,0.807,3.0,MWI,Sub-Saharan Africa
Malawi,"sptinc_p80p100_999_j_MW
Pre-tax national income 
P80-100 | share | all ages | equal split
",p80p100,1975,0.8216,3.0,MWI,Sub-Saharan Africa
Malawi,"sptinc_p80p100_999_j_MW
Pre-tax national income 
P80-100 | share | all ages | equal split
",p80p100,1976,0.8099000000000001,3.0,MWI,Sub-Saharan Africa
Malawi,"sptinc_p80p100_999_j_MW
Pre-tax national income 
P80-100 | share | all ages | equal split
",p80p100,1977,0.8229000000000001,3.0,MWI,Sub-Saharan Africa
Malawi,"sptinc_p80p100_999_j_MW
Pre-tax national income 
P80-100 | share | all ages | equal split
",p80p100,1978,0.8368,3.0,MWI,Sub-Saharan Africa
Malawi,"sptinc_p80p100_999_j_MW
Pre-tax national income 
P80-100 | share | all ages | equal split
",p80p100,1979,0.8269000000000001,3.0,MWI,Sub-Saharan Africa
Malawi,"sptinc_p80p100_999_j_MW
Pre-tax national income 
P80-100 | share | all ages | equal split
",p80p100,1980,0.8596,1.0,MWI,Sub-Saharan Africa
Malawi,"sptinc_p80p100_999_j_MW
Pre-tax national income 
P80-100 | share | all ages | equal split
",p80p100,1981,0.8596,1.0,MWI,Sub-Saharan Africa
Malawi,"sptinc_p80p100_999_j_MW
Pre-tax national income 
P80-100 | share | all ages | equal split
",p80p100,1982,0.8596,1.0,MWI,Sub-Saharan Africa
Malawi,"sptinc_p80p100_999_j_MW
Pre-tax national income 
P80-100 | share | all ages | equal split
",p80p100,1983,0.8596,1.0,MWI,Sub-Saharan Africa
Malawi,"sptinc_p80p100_999_j_MW
Pre-tax national income 
P80-100 | share | all ages | equal split
",p80p100,1984,0.8596,1.0,MWI,Sub-Saharan Africa
Malawi,"sptinc_p80p100_999_j_MW
Pre-tax national income 
P80-100 | share | all ages | equal split
",p80p100,1985,0.8596,1.0,MWI,Sub-Saharan Africa
Malawi,"sptinc_p80p100_999_j_MW
Pre-tax national income 
P80-100 | share | all ages | equal split
",p80p100,1986,0.8596,1.0,MWI,Sub-Saharan Africa
Malawi,"sptinc_p80p100_999_j_MW
Pre-tax national income 
P80-100 | share | all ages | equal split
",p80p100,1987,0.8596,1.0,MWI,Sub-Saharan Africa
Malawi,"sptinc_p80p100_999_j_MW
Pre-tax national income 
P80-100 | share | all ages | equal split
",p80p100,1988,0.8596,1.0,MWI,Sub-Saharan Africa
Malawi,"sptinc_p80p100_999_j_MW
Pre-tax national income 
P80-100 | share | all ages | equal split
",p80p100,1989,0.8596,1.0,MWI,Sub-Saharan Africa
Malawi,"sptinc_p80p100_999_j_MW
Pre-tax national income 
P80-100 | share | all ages | equal split
",p80p100,1990,0.8596,1.0,MWI,Sub-Saharan Africa
Malawi,"sptinc_p80p100_999_j_MW
Pre-tax national income 
P80-100 | share | all ages | equal split
",p80p100,1991,0.8596,1.0,MWI,Sub-Saharan Africa
Malawi,"sptinc_p80p100_999_j_MW
Pre-tax national income 
P80-100 | share | all ages | equal split
",p80p100,1992,0.8596,1.0,MWI,Sub-Saharan Africa
Malawi,"sptinc_p80p100_999_j_MW
Pre-tax national income 
P80-100 | share | all ages | equal split
",p80p100,1993,0.8596,1.0,MWI,Sub-Saharan Africa
Malawi,"sptinc_p80p100_999_j_MW
Pre-tax national income 
P80-100 | share | all ages | equal split
",p80p100,1994,0.8596,1.0,MWI,Sub-Saharan Africa
Malawi,"sptinc_p80p100_999_j_MW
Pre-tax national income 
P80-100 | share | all ages | equal split
",p80p100,1995,0.8596,1.0,MWI,Sub-Saharan Africa
Malawi,"sptinc_p80p100_999_j_MW
Pre-tax national income 
P80-100 | share | all ages | equal split
",p80p100,1996,0.8596,1.0,MWI,Sub-Saharan Africa
Malawi,"sptinc_p80p100_999_j_MW
Pre-tax national income 
P80-100 | share | all ages | equal split
",p80p100,1997,0.8596,3.0,MWI,Sub-Saharan Africa
Malawi,"sptinc_p80p100_999_j_MW
Pre-tax national income 
P80-100 | share | all ages | equal split
",p80p100,1998,0.8297,2.0,MWI,Sub-Saharan Africa
Malawi,"sptinc_p80p100_999_j_MW
Pre-tax national income 
P80-100 | share | all ages | equal split
",p80p100,1999,0.7996000000000001,2.0,MWI,Sub-Saharan Africa
Malawi,"sptinc_p80p100_999_j_MW
Pre-tax national income 
P80-100 | share | all ages | equal split
",p80p100,2000,0.7695000000000001,2.0,MWI,Sub-Saharan Africa
Malawi,"sptinc_p80p100_999_j_MW
Pre-tax national income 
P80-100 | share | all ages | equal split
",p80p100,2001,0.7394000000000001,2.0,MWI,Sub-Saharan Africa
Malawi,"sptinc_p80p100_999_j_MW
Pre-tax national income 
P80-100 | share | all ages | equal split
",p80p100,2002,0.7091000000000001,2.0,MWI,Sub-Saharan Africa
Malawi,"sptinc_p80p100_999_j_MW
Pre-tax national income 
P80-100 | share | all ages | equal split
",p80p100,2003,0.6788000000000001,2.0,MWI,Sub-Saharan Africa
Malawi,"sptinc_p80p100_999_j_MW
Pre-tax national income 
P80-100 | share | all ages | equal split
",p80p100,2004,0.6484,3.0,MWI,Sub-Saharan Africa
Malawi,"sptinc_p80p100_999_j_MW
Pre-tax national income 
P80-100 | share | all ages | equal split
",p80p100,2005,0.6547000000000001,2.0,MWI,Sub-Saharan Africa
Malawi,"sptinc_p80p100_999_j_MW
Pre-tax national income 
P80-100 | share | all ages | equal split
",p80p100,2006,0.6611,2.0,MWI,Sub-Saharan Africa
Malawi,"sptinc_p80p100_999_j_MW
Pre-tax national income 
P80-100 | share | all ages | equal split
",p80p100,2007,0.6674,2.0,MWI,Sub-Saharan Africa
Malawi,"sptinc_p80p100_999_j_MW
Pre-tax national income 
P80-100 | share | all ages | equal split
",p80p100,2008,0.6737000000000001,2.0,MWI,Sub-Saharan Africa
Malawi,"sptinc_p80p100_999_j_MW
Pre-tax national income 
P80-100 | share | all ages | equal split
",p80p100,2009,0.68,2.0,MWI,Sub-Saharan Africa
Malawi,"sptinc_p80p100_999_j_MW
Pre-tax national income 
P80-100 | share | all ages | equal split
",p80p100,2010,0.6863,3.0,MWI,Sub-Saharan Africa
Malawi,"sptinc_p80p100_999_j_MW
Pre-tax national income 
P80-100 | share | all ages | equal split
",p80p100,2011,0.6887,2.0,MWI,Sub-Saharan Africa
Malawi,"sptinc_p80p100_999_j_MW
Pre-tax national income 
P80-100 | share | all ages | equal split
",p80p100,2012,0.6910000000000001,2.0,MWI,Sub-Saharan Africa
Malawi,"sptinc_p80p100_999_j_MW
Pre-tax national income 
P80-100 | share | all ages | equal split
",p80p100,2013,0.6934,2.0,MWI,Sub-Saharan Africa
Malawi,"sptinc_p80p100_999_j_MW
Pre-tax national income 
P80-100 | share | all ages | equal split
",p80p100,2014,0.6958000000000001,2.0,MWI,Sub-Saharan Africa
Malawi,"sptinc_p80p100_999_j_MW
Pre-tax national income 
P80-100 | share | all ages | equal split
",p80p100,2015,0.6982,2.0,MWI,Sub-Saharan Africa
Malawi,"sptinc_p80p100_999_j_MW
Pre-tax national income 
P80-100 | share | all ages | equal split
",p80p100,2016,0.7006,3.0,MWI,Sub-Saharan Africa
Malawi,"sptinc_p80p100_999_j_MW
Pre-tax national income 
P80-100 | share | all ages | equal split
",p80p100,2017,0.6765,2.0,MWI,Sub-Saharan Africa
Malawi,"sptinc_p80p100_999_j_MW
Pre-tax national income 
P80-100 | share | all ages | equal split
",p80p100,2018,0.6525000000000001,2.0,MWI,Sub-Saharan Africa
Malawi,"sptinc_p80p100_999_j_MW
Pre-tax national income 
P80-100 | share | all ages | equal split
",p80p100,2019,0.6284000000000001,3.0,MWI,Sub-Saharan Africa
Malawi,"sptinc_p80p100_999_j_MW
Pre-tax national income 
P80-100 | share | all ages | equal split
",p80p100,2020,0.6284000000000001,1.0,MWI,Sub-Saharan Africa
Malawi,"sptinc_p80p100_999_j_MW
Pre-tax national income 
P80-100 | share | all ages | equal split
",p80p100,2021,0.6284000000000001,1.0,MWI,Sub-Saharan Africa
Malawi,"sptinc_p80p100_999_j_MW
Pre-tax national income 
P80-100 | share | all ages | equal split
",p80p100,2022,0.6284000000000001,1.0,MWI,Sub-Saharan Africa
Malawi,"sptinc_p80p100_999_j_MW
Pre-tax national income 
P80-100 | share | all ages | equal split
",p80p100,2023,0.6284000000000001,1.0,MWI,Sub-Saharan Africa
Malawi,"sptinc_p80p100_999_j_MW
Pre-tax national income 
P80-100 | share | all ages | equal split
",p80p100,2024,0.6284000000000001,1.0,MWI,Sub-Saharan Africa
Malaysia,"sptinc_p80p100_999_j_MY
Pre-tax national income 
P80-100 | share | all ages | equal split
",p80p100,1960,0.5909,3.0,MYS,Southeast Asia
Malaysia,"sptinc_p80p100_999_j_MY
Pre-tax national income 
P80-100 | share | all ages | equal split
",p80p100,1961,0.5940000000000001,3.0,MYS,Southeast Asia
Malaysia,"sptinc_p80p100_999_j_MY
Pre-tax national income 
P80-100 | share | all ages | equal split
",p80p100,1962,0.5928,3.0,MYS,Southeast Asia
Malaysia,"sptinc_p80p100_999_j_MY
Pre-tax national income 
P80-100 | share | all ages | equal split
",p80p100,1963,0.5953,3.0,MYS,Southeast Asia
Malaysia,"sptinc_p80p100_999_j_MY
Pre-tax national income 
P80-100 | share | all ages | equal split
",p80p100,1964,0.5966,3.0,MYS,Southeast Asia
Malaysia,"sptinc_p80p100_999_j_MY
Pre-tax national income 
P80-100 | share | all ages | equal split
",p80p100,1965,0.5971000000000001,3.0,MYS,Southeast Asia
Malaysia,"sptinc_p80p100_999_j_MY
Pre-tax national income 
P80-100 | share | all ages | equal split
",p80p100,1966,0.5931000000000001,3.0,MYS,Southeast Asia
Malaysia,"sptinc_p80p100_999_j_MY
Pre-tax national income 
P80-100 | share | all ages | equal split
",p80p100,1967,0.5947,3.0,MYS,Southeast Asia
Malaysia,"sptinc_p80p100_999_j_MY
Pre-tax national income 
P80-100 | share | all ages | equal split
",p80p100,1968,0.5976,3.0,MYS,Southeast Asia
Malaysia,"sptinc_p80p100_999_j_MY
Pre-tax national income 
P80-100 | share | all ages | equal split
",p80p100,1969,0.5956,3.0,MYS,Southeast Asia
Malaysia,"sptinc_p80p100_999_j_MY
Pre-tax national income 
P80-100 | share | all ages | equal split
",p80p100,1970,0.605,3.0,MYS,Southeast Asia
Malaysia,"sptinc_p80p100_999_j_MY
Pre-tax national income 
P80-100 | share | all ages | equal split
",p80p100,1971,0.6046,3.0,MYS,Southeast Asia
Malaysia,"sptinc_p80p100_999_j_MY
Pre-tax national income 
P80-100 | share | all ages | equal split
",p80p100,1972,0.6034,3.0,MYS,Southeast Asia
Malaysia,"sptinc_p80p100_999_j_MY
Pre-tax national income 
P80-100 | share | all ages | equal split
",p80p100,1973,0.6094,3.0,MYS,Southeast Asia
Malaysia,"sptinc_p80p100_999_j_MY
Pre-tax national income 
P80-100 | share | all ages | equal split
",p80p100,1974,0.6077,3.0,MYS,Southeast Asia
Malaysia,"sptinc_p80p100_999_j_MY
Pre-tax national income 
P80-100 | share | all ages | equal split
",p80p100,1975,0.6073000000000001,3.0,MYS,Southeast Asia
Malaysia,"sptinc_p80p100_999_j_MY
Pre-tax national income 
P80-100 | share | all ages | equal split
",p80p100,1980,0.6217,1.0,MYS,Southeast Asia
Malaysia,"sptinc_p80p100_999_j_MY
Pre-tax national income 
P80-100 | share | all ages | equal split
",p80p100,1981,0.6217,1.0,MYS,Southeast Asia
Malaysia,"sptinc_p80p100_999_j_MY
Pre-tax national income 
P80-100 | share | all ages | equal split
",p80p100,1982,0.6217,1.0,MYS,Southeast Asia
Malaysia,"sptinc_p80p100_999_j_MY
Pre-tax national income 
P80-100 | share | all ages | equal split
",p80p100,1983,0.6217,1.0,MYS,Southeast Asia
Malaysia,"sptinc_p80p100_999_j_MY
Pre-tax national income 
P80-100 | share | all ages | equal split
",p80p100,1984,0.6217,4.0,MYS,Southeast Asia
Malaysia,"sptinc_p80p100_999_j_MY
Pre-tax national income 
P80-100 | share | all ages | equal split
",p80p100,1985,0.6187,2.0,MYS,Southeast Asia
Malaysia,"sptinc_p80p100_999_j_MY
Pre-tax national income 
P80-100 | share | all ages | equal split
",p80p100,1986,0.6156,2.0,MYS,Southeast Asia
Malaysia,"sptinc_p80p100_999_j_MY
Pre-tax national income 
P80-100 | share | all ages | equal split
",p80p100,1987,0.6124,4.0,MYS,Southeast Asia
Malaysia,"sptinc_p80p100_999_j_MY
Pre-tax national income 
P80-100 | share | all ages | equal split
",p80p100,1988,0.6103000000000001,2.0,MYS,Southeast Asia
Malaysia,"sptinc_p80p100_999_j_MY
Pre-tax national income 
P80-100 | share | all ages | equal split
",p80p100,1989,0.6086,4.0,MYS,Southeast Asia
Malaysia,"sptinc_p80p100_999_j_MY
Pre-tax national income 
P80-100 | share | all ages | equal split
",p80p100,1990,0.611,2.0,MYS,Southeast Asia
Malaysia,"sptinc_p80p100_999_j_MY
Pre-tax national income 
P80-100 | share | all ages | equal split
",p80p100,1991,0.6129,2.0,MYS,Southeast Asia
Malaysia,"sptinc_p80p100_999_j_MY
Pre-tax national income 
P80-100 | share | all ages | equal split
",p80p100,1992,0.6146,4.0,MYS,Southeast Asia
Malaysia,"sptinc_p80p100_999_j_MY
Pre-tax national income 
P80-100 | share | all ages | equal split
",p80p100,1993,0.6166,2.0,MYS,Southeast Asia
Malaysia,"sptinc_p80p100_999_j_MY
Pre-tax national income 
P80-100 | share | all ages | equal split
",p80p100,1994,0.6182000000000001,2.0,MYS,Southeast Asia
Malaysia,"sptinc_p80p100_999_j_MY
Pre-tax national income 
P80-100 | share | all ages | equal split
",p80p100,1995,0.6196,4.0,MYS,Southeast Asia
Malaysia,"sptinc_p80p100_999_j_MY
Pre-tax national income 
P80-100 | share | all ages | equal split
",p80p100,1996,0.6211,2.0,MYS,Southeast Asia
Malaysia,"sptinc_p80p100_999_j_MY
Pre-tax national income 
P80-100 | share | all ages | equal split
",p80p100,1997,0.6224000000000001,4.0,MYS,Southeast Asia
Malaysia,"sptinc_p80p100_999_j_MY
Pre-tax national income 
P80-100 | share | all ages | equal split
",p80p100,1998,0.6172000000000001,2.0,MYS,Southeast Asia
Malaysia,"sptinc_p80p100_999_j_MY
Pre-tax national income 
P80-100 | share | all ages | equal split
",p80p100,1999,0.6126,2.0,MYS,Southeast Asia
Malaysia,"sptinc_p80p100_999_j_MY
Pre-tax national income 
P80-100 | share | all ages | equal split
",p80p100,2000,0.6085,2.0,MYS,Southeast Asia
Malaysia,"sptinc_p80p100_999_j_MY
Pre-tax national income 
P80-100 | share | all ages | equal split
",p80p100,2001,0.6047,2.0,MYS,Southeast Asia
Malaysia,"sptinc_p80p100_999_j_MY
Pre-tax national income 
P80-100 | share | all ages | equal split
",p80p100,2002,0.6013000000000001,4.0,MYS,Southeast Asia
Malaysia,"sptinc_p80p100_999_j_MY
Pre-tax national income 
P80-100 | share | all ages | equal split
",p80p100,2003,0.6022000000000001,2.0,MYS,Southeast Asia
Malaysia,"sptinc_p80p100_999_j_MY
Pre-tax national income 
P80-100 | share | all ages | equal split
",p80p100,2004,0.6032000000000001,4.0,MYS,Southeast Asia
Malaysia,"sptinc_p80p100_999_j_MY
Pre-tax national income 
P80-100 | share | all ages | equal split
",p80p100,2005,0.6068,2.0,MYS,Southeast Asia
Malaysia,"sptinc_p80p100_999_j_MY
Pre-tax national income 
P80-100 | share | all ages | equal split
",p80p100,2006,0.6104,2.0,MYS,Southeast Asia
Malaysia,"sptinc_p80p100_999_j_MY
Pre-tax national income 
P80-100 | share | all ages | equal split
",p80p100,2007,0.6141,4.0,MYS,Southeast Asia
Malaysia,"sptinc_p80p100_999_j_MY
Pre-tax national income 
P80-100 | share | all ages | equal split
",p80p100,2008,0.6063000000000001,2.0,MYS,Southeast Asia
Malaysia,"sptinc_p80p100_999_j_MY
Pre-tax national income 
P80-100 | share | all ages | equal split
",p80p100,2009,0.5984,4.0,MYS,Southeast Asia
Malaysia,"sptinc_p80p100_999_j_MY
Pre-tax national income 
P80-100 | share | all ages | equal split
",p80p100,2010,0.5917,2.0,MYS,Southeast Asia
Malaysia,"sptinc_p80p100_999_j_MY
Pre-tax national income 
P80-100 | share | all ages | equal split
",p80p100,2011,0.5849,2.0,MYS,Southeast Asia
Malaysia,"sptinc_p80p100_999_j_MY
Pre-tax national income 
P80-100 | share | all ages | equal split
",p80p100,2012,0.5781000000000001,4.0,MYS,Southeast Asia
Malaysia,"sptinc_p80p100_999_j_MY
Pre-tax national income 
P80-100 | share | all ages | equal split
",p80p100,2013,0.5662,2.0,MYS,Southeast Asia
Malaysia,"sptinc_p80p100_999_j_MY
Pre-tax national income 
P80-100 | share | all ages | equal split
",p80p100,2014,0.5543,4.0,MYS,Southeast Asia
Malaysia,"sptinc_p80p100_999_j_MY
Pre-tax national income 
P80-100 | share | all ages | equal split
",p80p100,2015,0.5543,2.0,MYS,Southeast Asia
Malaysia,"sptinc_p80p100_999_j_MY
Pre-tax national income 
P80-100 | share | all ages | equal split
",p80p100,2016,0.5129,4.0,MYS,Southeast Asia
Malaysia,"sptinc_p80p100_999_j_MY
Pre-tax national income 
P80-100 | share | all ages | equal split
",p80p100,2017,0.5137,2.0,MYS,Southeast Asia
Malaysia,"sptinc_p80p100_999_j_MY
Pre-tax national income 
P80-100 | share | all ages | equal split
",p80p100,2018,0.5145000000000001,2.0,MYS,Southeast Asia
Malaysia,"sptinc_p80p100_999_j_MY
Pre-tax national income 
P80-100 | share | all ages | equal split
",p80p100,2019,0.5151,4.0,MYS,Southeast Asia
Malaysia,"sptinc_p80p100_999_j_MY
Pre-tax national income 
P80-100 | share | all ages | equal split
",p80p100,2020,0.5167,2.0,MYS,Southeast Asia
Malaysia,"sptinc_p80p100_999_j_MY
Pre-tax national income 
P80-100 | share | all ages | equal split
",p80p100,2021,0.5181,2.0,MYS,Southeast Asia
Malaysia,"sptinc_p80p100_999_j_MY
Pre-tax national income 
P80-100 | share | all ages | equal split
",p80p100,2022,0.5195000000000001,4.0,MYS,Southeast Asia
Malaysia,"sptinc_p80p100_999_j_MY
Pre-tax national income 
P80-100 | share | all ages | equal split
",p80p100,2023,0.5195000000000001,1.0,MYS,Southeast Asia
Malaysia,"sptinc_p80p100_999_j_MY
Pre-tax national income 
P80-100 | share | all ages | equal split
",p80p100,2024,0.5195000000000001,1.0,MYS,Southeast Asia
Mali,"sptinc_p80p100_999_j_ML
Pre-tax national income 
P80-100 | share | all ages | equal split
",p80p100,1960,0.7368,0.0,MLI,Sub-Saharan Africa
Mali,"sptinc_p80p100_999_j_ML
Pre-tax national income 
P80-100 | share | all ages | equal split
",p80p100,1970,0.7402000000000001,0.0,MLI,Sub-Saharan Africa
Mali,"sptinc_p80p100_999_j_ML
Pre-tax national income 
P80-100 | share | all ages | equal split
",p80p100,1980,0.7199,1.0,MLI,Sub-Saharan Africa
Mali,"sptinc_p80p100_999_j_ML
Pre-tax national income 
P80-100 | share | all ages | equal split
",p80p100,1981,0.7199,1.0,MLI,Sub-Saharan Africa
Mali,"sptinc_p80p100_999_j_ML
Pre-tax national income 
P80-100 | share | all ages | equal split
",p80p100,1982,0.7199,1.0,MLI,Sub-Saharan Africa
Mali,"sptinc_p80p100_999_j_ML
Pre-tax national income 
P80-100 | share | all ages | equal split
",p80p100,1983,0.7199,1.0,MLI,Sub-Saharan Africa
Mali,"sptinc_p80p100_999_j_ML
Pre-tax national income 
P80-100 | share | all ages | equal split
",p80p100,1984,0.7199,1.0,MLI,Sub-Saharan Africa
Mali,"sptinc_p80p100_999_j_ML
Pre-tax national income 
P80-100 | share | all ages | equal split
",p80p100,1985,0.7199,1.0,MLI,Sub-Saharan Africa
Mali,"sptinc_p80p100_999_j_ML
Pre-tax national income 
P80-100 | share | all ages | equal split
",p80p100,1986,0.7199,1.0,MLI,Sub-Saharan Africa
Mali,"sptinc_p80p100_999_j_ML
Pre-tax national income 
P80-100 | share | all ages | equal split
",p80p100,1987,0.7199,1.0,MLI,Sub-Saharan Africa
Mali,"sptinc_p80p100_999_j_ML
Pre-tax national income 
P80-100 | share | all ages | equal split
",p80p100,1988,0.7199,1.0,MLI,Sub-Saharan Africa
Mali,"sptinc_p80p100_999_j_ML
Pre-tax national income 
P80-100 | share | all ages | equal split
",p80p100,1989,0.7199,1.0,MLI,Sub-Saharan Africa
Mali,"sptinc_p80p100_999_j_ML
Pre-tax national income 
P80-100 | share | all ages | equal split
",p80p100,1990,0.7199,1.0,MLI,Sub-Saharan Africa
Mali,"sptinc_p80p100_999_j_ML
Pre-tax national income 
P80-100 | share | all ages | equal split
",p80p100,1991,0.7199,1.0,MLI,Sub-Saharan Africa
Mali,"sptinc_p80p100_999_j_ML
Pre-tax national income 
P80-100 | share | all ages | equal split
",p80p100,1992,0.7199,1.0,MLI,Sub-Saharan Africa
Mali,"sptinc_p80p100_999_j_ML
Pre-tax national income 
P80-100 | share | all ages | equal split
",p80p100,1993,0.7199,1.0,MLI,Sub-Saharan Africa
Mali,"sptinc_p80p100_999_j_ML
Pre-tax national income 
P80-100 | share | all ages | equal split
",p80p100,1994,0.7199,3.0,MLI,Sub-Saharan Africa
Mali,"sptinc_p80p100_999_j_ML
Pre-tax national income 
P80-100 | share | all ages | equal split
",p80p100,1995,0.7062,2.0,MLI,Sub-Saharan Africa
Mali,"sptinc_p80p100_999_j_ML
Pre-tax national income 
P80-100 | share | all ages | equal split
",p80p100,1996,0.6925,2.0,MLI,Sub-Saharan Africa
Mali,"sptinc_p80p100_999_j_ML
Pre-tax national income 
P80-100 | share | all ages | equal split
",p80p100,1997,0.6787000000000001,2.0,MLI,Sub-Saharan Africa
Mali,"sptinc_p80p100_999_j_ML
Pre-tax national income 
P80-100 | share | all ages | equal split
",p80p100,1998,0.665,2.0,MLI,Sub-Saharan Africa
Mali,"sptinc_p80p100_999_j_ML
Pre-tax national income 
P80-100 | share | all ages | equal split
",p80p100,1999,0.6512,2.0,MLI,Sub-Saharan Africa
Mali,"sptinc_p80p100_999_j_ML
Pre-tax national income 
P80-100 | share | all ages | equal split
",p80p100,2000,0.6374000000000001,2.0,MLI,Sub-Saharan Africa
Mali,"sptinc_p80p100_999_j_ML
Pre-tax national income 
P80-100 | share | all ages | equal split
",p80p100,2001,0.6236,3.0,MLI,Sub-Saharan Africa
Mali,"sptinc_p80p100_999_j_ML
Pre-tax national income 
P80-100 | share | all ages | equal split
",p80p100,2002,0.623,2.0,MLI,Sub-Saharan Africa
Mali,"sptinc_p80p100_999_j_ML
Pre-tax national income 
P80-100 | share | all ages | equal split
",p80p100,2003,0.6225,2.0,MLI,Sub-Saharan Africa
Mali,"sptinc_p80p100_999_j_ML
Pre-tax national income 
P80-100 | share | all ages | equal split
",p80p100,2004,0.6219,2.0,MLI,Sub-Saharan Africa
Mali,"sptinc_p80p100_999_j_ML
Pre-tax national income 
P80-100 | share | all ages | equal split
",p80p100,2005,0.6213000000000001,2.0,MLI,Sub-Saharan Africa
Mali,"sptinc_p80p100_999_j_ML
Pre-tax national income 
P80-100 | share | all ages | equal split
",p80p100,2006,0.6207,3.0,MLI,Sub-Saharan Africa
Mali,"sptinc_p80p100_999_j_ML
Pre-tax national income 
P80-100 | share | all ages | equal split
",p80p100,2007,0.6039,2.0,MLI,Sub-Saharan Africa
Mali,"sptinc_p80p100_999_j_ML
Pre-tax national income 
P80-100 | share | all ages | equal split
",p80p100,2008,0.5871000000000001,2.0,MLI,Sub-Saharan Africa
Mali,"sptinc_p80p100_999_j_ML
Pre-tax national income 
P80-100 | share | all ages | equal split
",p80p100,2009,0.5702,3.0,MLI,Sub-Saharan Africa
Mali,"sptinc_p80p100_999_j_ML
Pre-tax national income 
P80-100 | share | all ages | equal split
",p80p100,2010,0.5735,2.0,MLI,Sub-Saharan Africa
Mali,"sptinc_p80p100_999_j_ML
Pre-tax national income 
P80-100 | share | all ages | equal split
",p80p100,2011,0.5767,2.0,MLI,Sub-Saharan Africa
Mali,"sptinc_p80p100_999_j_ML
Pre-tax national income 
P80-100 | share | all ages | equal split
",p80p100,2012,0.5800000000000001,2.0,MLI,Sub-Saharan Africa
Mali,"sptinc_p80p100_999_j_ML
Pre-tax national income 
P80-100 | share | all ages | equal split
",p80p100,2013,0.5832,2.0,MLI,Sub-Saharan Africa
Mali,"sptinc_p80p100_999_j_ML
Pre-tax national income 
P80-100 | share | all ages | equal split
",p80p100,2014,0.5865,2.0,MLI,Sub-Saharan Africa
Mali,"sptinc_p80p100_999_j_ML
Pre-tax national income 
P80-100 | share | all ages | equal split
",p80p100,2015,0.5897,2.0,MLI,Sub-Saharan Africa
Mali,"sptinc_p80p100_999_j_ML
Pre-tax national income 
P80-100 | share | all ages | equal split
",p80p100,2016,0.5930000000000001,2.0,MLI,Sub-Saharan Africa
Mali,"sptinc_p80p100_999_j_ML
Pre-tax national income 
P80-100 | share | all ages | equal split
",p80p100,2017,0.5962000000000001,2.0,MLI,Sub-Saharan Africa
Mali,"sptinc_p80p100_999_j_ML
Pre-tax national income 
P80-100 | share | all ages | equal split
",p80p100,2018,0.5995,3.0,MLI,Sub-Saharan Africa
Mali,"sptinc_p80p100_999_j_ML
Pre-tax national income 
P80-100 | share | all ages | equal split
",p80p100,2019,0.6002000000000001,2.0,MLI,Sub-Saharan Africa
Mali,"sptinc_p80p100_999_j_ML
Pre-tax national income 
P80-100 | share | all ages | equal split
",p80p100,2020,0.6009,2.0,MLI,Sub-Saharan Africa
Mali,"sptinc_p80p100_999_j_ML
Pre-tax national income 
P80-100 | share | all ages | equal split
",p80p100,2021,0.6015,3.0,MLI,Sub-Saharan Africa
Mali,"sptinc_p80p100_999_j_ML
Pre-tax national income 
P80-100 | share | all ages | equal split
",p80p100,2022,0.6015,1.0,MLI,Sub-Saharan Africa
Mali,"sptinc_p80p100_999_j_ML
Pre-tax national income 
P80-100 | share | all ages | equal split
",p80p100,2023,0.6015,1.0,MLI,Sub-Saharan Africa
Mali,"sptinc_p80p100_999_j_ML
Pre-tax national income 
P80-100 | share | all ages | equal split
",p80p100,2024,0.6015,1.0,MLI,Sub-Saharan Africa
Mauritania,"sptinc_p80p100_999_j_MR
Pre-tax national income 
P80-100 | share | all ages | equal split
",p80p100,1980,0.6356,1.0,MRT,Sub-Saharan Africa
Mauritania,"sptinc_p80p100_999_j_MR
Pre-tax national income 
P80-100 | share | all ages | equal split
",p80p100,1981,0.6356,1.0,MRT,Sub-Saharan Africa
Mauritania,"sptinc_p80p100_999_j_MR
Pre-tax national income 
P80-100 | share | all ages | equal split
",p80p100,1982,0.6356,1.0,MRT,Sub-Saharan Africa
Mauritania,"sptinc_p80p100_999_j_MR
Pre-tax national income 
P80-100 | share | all ages | equal split
",p80p100,1983,0.6356,1.0,MRT,Sub-Saharan Africa
Mauritania,"sptinc_p80p100_999_j_MR
Pre-tax national income 
P80-100 | share | all ages | equal split
",p80p100,1984,0.6356,1.0,MRT,Sub-Saharan Africa
Mauritania,"sptinc_p80p100_999_j_MR
Pre-tax national income 
P80-100 | share | all ages | equal split
",p80p100,1985,0.6356,1.0,MRT,Sub-Saharan Africa
Mauritania,"sptinc_p80p100_999_j_MR
Pre-tax national income 
P80-100 | share | all ages | equal split
",p80p100,1986,0.6356,1.0,MRT,Sub-Saharan Africa
Mauritania,"sptinc_p80p100_999_j_MR
Pre-tax national income 
P80-100 | share | all ages | equal split
",p80p100,1987,0.6356,3.0,MRT,Sub-Saharan Africa
Mauritania,"sptinc_p80p100_999_j_MR
Pre-tax national income 
P80-100 | share | all ages | equal split
",p80p100,1988,0.6514,2.0,MRT,Sub-Saharan Africa
Mauritania,"sptinc_p80p100_999_j_MR
Pre-tax national income 
P80-100 | share | all ages | equal split
",p80p100,1989,0.6673,2.0,MRT,Sub-Saharan Africa
Mauritania,"sptinc_p80p100_999_j_MR
Pre-tax national income 
P80-100 | share | all ages | equal split
",p80p100,1990,0.6831,2.0,MRT,Sub-Saharan Africa
Mauritania,"sptinc_p80p100_999_j_MR
Pre-tax national income 
P80-100 | share | all ages | equal split
",p80p100,1991,0.6990000000000001,2.0,MRT,Sub-Saharan Africa
Mauritania,"sptinc_p80p100_999_j_MR
Pre-tax national income 
P80-100 | share | all ages | equal split
",p80p100,1992,0.7149,2.0,MRT,Sub-Saharan Africa
Mauritania,"sptinc_p80p100_999_j_MR
Pre-tax national income 
P80-100 | share | all ages | equal split
",p80p100,1993,0.7308,3.0,MRT,Sub-Saharan Africa
Mauritania,"sptinc_p80p100_999_j_MR
Pre-tax national income 
P80-100 | share | all ages | equal split
",p80p100,1994,0.6666000000000001,2.0,MRT,Sub-Saharan Africa
Mauritania,"sptinc_p80p100_999_j_MR
Pre-tax national income 
P80-100 | share | all ages | equal split
",p80p100,1995,0.6022000000000001,3.0,MRT,Sub-Saharan Africa
Mauritania,"sptinc_p80p100_999_j_MR
Pre-tax national income 
P80-100 | share | all ages | equal split
",p80p100,1996,0.6041000000000001,2.0,MRT,Sub-Saharan Africa
Mauritania,"sptinc_p80p100_999_j_MR
Pre-tax national income 
P80-100 | share | all ages | equal split
",p80p100,1997,0.606,2.0,MRT,Sub-Saharan Africa
Mauritania,"sptinc_p80p100_999_j_MR
Pre-tax national income 
P80-100 | share | all ages | equal split
",p80p100,1998,0.6079,2.0,MRT,Sub-Saharan Africa
Mauritania,"sptinc_p80p100_999_j_MR
Pre-tax national income 
P80-100 | share | all ages | equal split
",p80p100,1999,0.6098,2.0,MRT,Sub-Saharan Africa
Mauritania,"sptinc_p80p100_999_j_MR
Pre-tax national income 
P80-100 | share | all ages | equal split
",p80p100,2000,0.6117,3.0,MRT,Sub-Saharan Africa
Mauritania,"sptinc_p80p100_999_j_MR
Pre-tax national income 
P80-100 | share | all ages | equal split
",p80p100,2001,0.6195,2.0,MRT,Sub-Saharan Africa
Mauritania,"sptinc_p80p100_999_j_MR
Pre-tax national income 
P80-100 | share | all ages | equal split
",p80p100,2002,0.6273000000000001,2.0,MRT,Sub-Saharan Africa
Mauritania,"sptinc_p80p100_999_j_MR
Pre-tax national income 
P80-100 | share | all ages | equal split
",p80p100,2003,0.6351,2.0,MRT,Sub-Saharan Africa
Mauritania,"sptinc_p80p100_999_j_MR
Pre-tax national income 
P80-100 | share | all ages | equal split
",p80p100,2004,0.6428,3.0,MRT,Sub-Saharan Africa
Mauritania,"sptinc_p80p100_999_j_MR
Pre-tax national income 
P80-100 | share | all ages | equal split
",p80p100,2005,0.6261,2.0,MRT,Sub-Saharan Africa
Mauritania,"sptinc_p80p100_999_j_MR
Pre-tax national income 
P80-100 | share | all ages | equal split
",p80p100,2006,0.6094,2.0,MRT,Sub-Saharan Africa
Mauritania,"sptinc_p80p100_999_j_MR
Pre-tax national income 
P80-100 | share | all ages | equal split
",p80p100,2007,0.5926,2.0,MRT,Sub-Saharan Africa
Mauritania,"sptinc_p80p100_999_j_MR
Pre-tax national income 
P80-100 | share | all ages | equal split
",p80p100,2008,0.5759000000000001,3.0,MRT,Sub-Saharan Africa
Mauritania,"sptinc_p80p100_999_j_MR
Pre-tax national income 
P80-100 | share | all ages | equal split
",p80p100,2009,0.5730000000000001,2.0,MRT,Sub-Saharan Africa
Mauritania,"sptinc_p80p100_999_j_MR
Pre-tax national income 
P80-100 | share | all ages | equal split
",p80p100,2010,0.5701,2.0,MRT,Sub-Saharan Africa
Mauritania,"sptinc_p80p100_999_j_MR
Pre-tax national income 
P80-100 | share | all ages | equal split
",p80p100,2011,0.5672,2.0,MRT,Sub-Saharan Africa
Mauritania,"sptinc_p80p100_999_j_MR
Pre-tax national income 
P80-100 | share | all ages | equal split
",p80p100,2012,0.5643,2.0,MRT,Sub-Saharan Africa
Mauritania,"sptinc_p80p100_999_j_MR
Pre-tax national income 
P80-100 | share | all ages | equal split
",p80p100,2013,0.5614,2.0,MRT,Sub-Saharan Africa
Mauritania,"sptinc_p80p100_999_j_MR
Pre-tax national income 
P80-100 | share | all ages | equal split
",p80p100,2014,0.5584,2.0,MRT,Sub-Saharan Africa
Mauritania,"sptinc_p80p100_999_j_MR
Pre-tax national income 
P80-100 | share | all ages | equal split
",p80p100,2015,0.5579000000000001,2.0,MRT,Sub-Saharan Africa
Mauritania,"sptinc_p80p100_999_j_MR
Pre-tax national income 
P80-100 | share | all ages | equal split
",p80p100,2016,0.5573,2.0,MRT,Sub-Saharan Africa
Mauritania,"sptinc_p80p100_999_j_MR
Pre-tax national income 
P80-100 | share | all ages | equal split
",p80p100,2017,0.5567,2.0,MRT,Sub-Saharan Africa
Mauritania,"sptinc_p80p100_999_j_MR
Pre-tax national income 
P80-100 | share | all ages | equal split
",p80p100,2018,0.5562,2.0,MRT,Sub-Saharan Africa
Mauritania,"sptinc_p80p100_999_j_MR
Pre-tax national income 
P80-100 | share | all ages | equal split
",p80p100,2019,0.5556,3.0,MRT,Sub-Saharan Africa
Mauritania,"sptinc_p80p100_999_j_MR
Pre-tax national income 
P80-100 | share | all ages | equal split
",p80p100,2020,0.5556,1.0,MRT,Sub-Saharan Africa
Mauritania,"sptinc_p80p100_999_j_MR
Pre-tax national income 
P80-100 | share | all ages | equal split
",p80p100,2021,0.5556,2.0,MRT,Sub-Saharan Africa
Mauritania,"sptinc_p80p100_999_j_MR
Pre-tax national income 
P80-100 | share | all ages | equal split
",p80p100,2022,0.5556,2.0,MRT,Sub-Saharan Africa
Mauritania,"sptinc_p80p100_999_j_MR
Pre-tax national income 
P80-100 | share | all ages | equal split
",p80p100,2023,0.5556,2.0,MRT,Sub-Saharan Africa
Mauritania,"sptinc_p80p100_999_j_MR
Pre-tax national income 
P80-100 | share | all ages | equal split
",p80p100,2024,0.5556,2.0,MRT,Sub-Saharan Africa
Mauritius,"sptinc_p80p100_999_j_MU
Pre-tax national income 
P80-100 | share | all ages | equal split
",p80p100,1960,0.7368,3.0,MUS,Sub-Saharan Africa
Mauritius,"sptinc_p80p100_999_j_MU
Pre-tax national income 
P80-100 | share | all ages | equal split
",p80p100,1961,0.7304,3.0,MUS,Sub-Saharan Africa
Mauritius,"sptinc_p80p100_999_j_MU
Pre-tax national income 
P80-100 | share | all ages | equal split
",p80p100,1962,0.7225,3.0,MUS,Sub-Saharan Africa
Mauritius,"sptinc_p80p100_999_j_MU
Pre-tax national income 
P80-100 | share | all ages | equal split
",p80p100,1963,0.7197,3.0,MUS,Sub-Saharan Africa
Mauritius,"sptinc_p80p100_999_j_MU
Pre-tax national income 
P80-100 | share | all ages | equal split
",p80p100,1964,0.7105,3.0,MUS,Sub-Saharan Africa
Mauritius,"sptinc_p80p100_999_j_MU
Pre-tax national income 
P80-100 | share | all ages | equal split
",p80p100,1965,0.7021000000000001,3.0,MUS,Sub-Saharan Africa
Mauritius,"sptinc_p80p100_999_j_MU
Pre-tax national income 
P80-100 | share | all ages | equal split
",p80p100,1966,0.6964,3.0,MUS,Sub-Saharan Africa
Mauritius,"sptinc_p80p100_999_j_MU
Pre-tax national income 
P80-100 | share | all ages | equal split
",p80p100,1967,0.6903,3.0,MUS,Sub-Saharan Africa
Mauritius,"sptinc_p80p100_999_j_MU
Pre-tax national income 
P80-100 | share | all ages | equal split
",p80p100,1968,0.6812,3.0,MUS,Sub-Saharan Africa
Mauritius,"sptinc_p80p100_999_j_MU
Pre-tax national income 
P80-100 | share | all ages | equal split
",p80p100,1969,0.678,3.0,MUS,Sub-Saharan Africa
Mauritius,"sptinc_p80p100_999_j_MU
Pre-tax national income 
P80-100 | share | all ages | equal split
",p80p100,1970,0.6705,3.0,MUS,Sub-Saharan Africa
Mauritius,"sptinc_p80p100_999_j_MU
Pre-tax national income 
P80-100 | share | all ages | equal split
",p80p100,1971,0.6614,3.0,MUS,Sub-Saharan Africa
Mauritius,"sptinc_p80p100_999_j_MU
Pre-tax national income 
P80-100 | share | all ages | equal split
",p80p100,1972,0.6518,3.0,MUS,Sub-Saharan Africa
Mauritius,"sptinc_p80p100_999_j_MU
Pre-tax national income 
P80-100 | share | all ages | equal split
",p80p100,1975,0.6315000000000001,3.0,MUS,Sub-Saharan Africa
Mauritius,"sptinc_p80p100_999_j_MU
Pre-tax national income 
P80-100 | share | all ages | equal split
",p80p100,1976,0.6264000000000001,3.0,MUS,Sub-Saharan Africa
Mauritius,"sptinc_p80p100_999_j_MU
Pre-tax national income 
P80-100 | share | all ages | equal split
",p80p100,1977,0.6166,3.0,MUS,Sub-Saharan Africa
Mauritius,"sptinc_p80p100_999_j_MU
Pre-tax national income 
P80-100 | share | all ages | equal split
",p80p100,1978,0.6073000000000001,3.0,MUS,Sub-Saharan Africa
Mauritius,"sptinc_p80p100_999_j_MU
Pre-tax national income 
P80-100 | share | all ages | equal split
",p80p100,1979,0.6008,3.0,MUS,Sub-Saharan Africa
Mauritius,"sptinc_p80p100_999_j_MU
Pre-tax national income 
P80-100 | share | all ages | equal split
",p80p100,1980,0.6041000000000001,2.0,MUS,Sub-Saharan Africa
Mauritius,"sptinc_p80p100_999_j_MU
Pre-tax national income 
P80-100 | share | all ages | equal split
",p80p100,1981,0.6041000000000001,1.0,MUS,Sub-Saharan Africa
Mauritius,"sptinc_p80p100_999_j_MU
Pre-tax national income 
P80-100 | share | all ages | equal split
",p80p100,1982,0.6041000000000001,1.0,MUS,Sub-Saharan Africa
Mauritius,"sptinc_p80p100_999_j_MU
Pre-tax national income 
P80-100 | share | all ages | equal split
",p80p100,1983,0.6041000000000001,1.0,MUS,Sub-Saharan Africa
Mauritius,"sptinc_p80p100_999_j_MU
Pre-tax national income 
P80-100 | share | all ages | equal split
",p80p100,1984,0.6041000000000001,1.0,MUS,Sub-Saharan Africa
Mauritius,"sptinc_p80p100_999_j_MU
Pre-tax national income 
P80-100 | share | all ages | equal split
",p80p100,1985,0.6041000000000001,1.0,MUS,Sub-Saharan Africa
Mauritius,"sptinc_p80p100_999_j_MU
Pre-tax national income 
P80-100 | share | all ages | equal split
",p80p100,1986,0.6041000000000001,1.0,MUS,Sub-Saharan Africa
Mauritius,"sptinc_p80p100_999_j_MU
Pre-tax national income 
P80-100 | share | all ages | equal split
",p80p100,1987,0.6041000000000001,1.0,MUS,Sub-Saharan Africa
Mauritius,"sptinc_p80p100_999_j_MU
Pre-tax national income 
P80-100 | share | all ages | equal split
",p80p100,1988,0.6041000000000001,1.0,MUS,Sub-Saharan Africa
Mauritius,"sptinc_p80p100_999_j_MU
Pre-tax national income 
P80-100 | share | all ages | equal split
",p80p100,1989,0.6041000000000001,1.0,MUS,Sub-Saharan Africa
Mauritius,"sptinc_p80p100_999_j_MU
Pre-tax national income 
P80-100 | share | all ages | equal split
",p80p100,1990,0.6041000000000001,1.0,MUS,Sub-Saharan Africa
Mauritius,"sptinc_p80p100_999_j_MU
Pre-tax national income 
P80-100 | share | all ages | equal split
",p80p100,1991,0.6041000000000001,1.0,MUS,Sub-Saharan Africa
Mauritius,"sptinc_p80p100_999_j_MU
Pre-tax national income 
P80-100 | share | all ages | equal split
",p80p100,1992,0.6041000000000001,1.0,MUS,Sub-Saharan Africa
Mauritius,"sptinc_p80p100_999_j_MU
Pre-tax national income 
P80-100 | share | all ages | equal split
",p80p100,1993,0.6041000000000001,1.0,MUS,Sub-Saharan Africa
Mauritius,"sptinc_p80p100_999_j_MU
Pre-tax national income 
P80-100 | share | all ages | equal split
",p80p100,1994,0.6041000000000001,1.0,MUS,Sub-Saharan Africa
Mauritius,"sptinc_p80p100_999_j_MU
Pre-tax national income 
P80-100 | share | all ages | equal split
",p80p100,1995,0.6041000000000001,1.0,MUS,Sub-Saharan Africa
Mauritius,"sptinc_p80p100_999_j_MU
Pre-tax national income 
P80-100 | share | all ages | equal split
",p80p100,1996,0.6041000000000001,1.0,MUS,Sub-Saharan Africa
Mauritius,"sptinc_p80p100_999_j_MU
Pre-tax national income 
P80-100 | share | all ages | equal split
",p80p100,1997,0.6041000000000001,1.0,MUS,Sub-Saharan Africa
Mauritius,"sptinc_p80p100_999_j_MU
Pre-tax national income 
P80-100 | share | all ages | equal split
",p80p100,1998,0.6041000000000001,1.0,MUS,Sub-Saharan Africa
Mauritius,"sptinc_p80p100_999_j_MU
Pre-tax national income 
P80-100 | share | all ages | equal split
",p80p100,1999,0.6041000000000001,1.0,MUS,Sub-Saharan Africa
Mauritius,"sptinc_p80p100_999_j_MU
Pre-tax national income 
P80-100 | share | all ages | equal split
",p80p100,2000,0.6041000000000001,1.0,MUS,Sub-Saharan Africa
Mauritius,"sptinc_p80p100_999_j_MU
Pre-tax national income 
P80-100 | share | all ages | equal split
",p80p100,2001,0.6041000000000001,1.0,MUS,Sub-Saharan Africa
Mauritius,"sptinc_p80p100_999_j_MU
Pre-tax national income 
P80-100 | share | all ages | equal split
",p80p100,2002,0.6041000000000001,1.0,MUS,Sub-Saharan Africa
Mauritius,"sptinc_p80p100_999_j_MU
Pre-tax national income 
P80-100 | share | all ages | equal split
",p80p100,2003,0.6041000000000001,1.0,MUS,Sub-Saharan Africa
Mauritius,"sptinc_p80p100_999_j_MU
Pre-tax national income 
P80-100 | share | all ages | equal split
",p80p100,2004,0.6041000000000001,1.0,MUS,Sub-Saharan Africa
Mauritius,"sptinc_p80p100_999_j_MU
Pre-tax national income 
P80-100 | share | all ages | equal split
",p80p100,2005,0.6041000000000001,1.0,MUS,Sub-Saharan Africa
Mauritius,"sptinc_p80p100_999_j_MU
Pre-tax national income 
P80-100 | share | all ages | equal split
",p80p100,2006,0.6041000000000001,3.0,MUS,Sub-Saharan Africa
Mauritius,"sptinc_p80p100_999_j_MU
Pre-tax national income 
P80-100 | share | all ages | equal split
",p80p100,2007,0.6089,2.0,MUS,Sub-Saharan Africa
Mauritius,"sptinc_p80p100_999_j_MU
Pre-tax national income 
P80-100 | share | all ages | equal split
",p80p100,2008,0.6137,2.0,MUS,Sub-Saharan Africa
Mauritius,"sptinc_p80p100_999_j_MU
Pre-tax national income 
P80-100 | share | all ages | equal split
",p80p100,2009,0.6186,2.0,MUS,Sub-Saharan Africa
Mauritius,"sptinc_p80p100_999_j_MU
Pre-tax national income 
P80-100 | share | all ages | equal split
",p80p100,2010,0.6234000000000001,2.0,MUS,Sub-Saharan Africa
Mauritius,"sptinc_p80p100_999_j_MU
Pre-tax national income 
P80-100 | share | all ages | equal split
",p80p100,2011,0.6283000000000001,2.0,MUS,Sub-Saharan Africa
Mauritius,"sptinc_p80p100_999_j_MU
Pre-tax national income 
P80-100 | share | all ages | equal split
",p80p100,2012,0.6331,3.0,MUS,Sub-Saharan Africa
Mauritius,"sptinc_p80p100_999_j_MU
Pre-tax national income 
P80-100 | share | all ages | equal split
",p80p100,2013,0.6295000000000001,2.0,MUS,Sub-Saharan Africa
Mauritius,"sptinc_p80p100_999_j_MU
Pre-tax national income 
P80-100 | share | all ages | equal split
",p80p100,2014,0.6258,2.0,MUS,Sub-Saharan Africa
Mauritius,"sptinc_p80p100_999_j_MU
Pre-tax national income 
P80-100 | share | all ages | equal split
",p80p100,2015,0.6222,2.0,MUS,Sub-Saharan Africa
Mauritius,"sptinc_p80p100_999_j_MU
Pre-tax national income 
P80-100 | share | all ages | equal split
",p80p100,2016,0.6186,2.0,MUS,Sub-Saharan Africa
Mauritius,"sptinc_p80p100_999_j_MU
Pre-tax national income 
P80-100 | share | all ages | equal split
",p80p100,2017,0.6149,3.0,MUS,Sub-Saharan Africa
Mauritius,"sptinc_p80p100_999_j_MU
Pre-tax national income 
P80-100 | share | all ages | equal split
",p80p100,2018,0.6149,1.0,MUS,Sub-Saharan Africa
Mauritius,"sptinc_p80p100_999_j_MU
Pre-tax national income 
P80-100 | share | all ages | equal split
",p80p100,2019,0.6149,1.0,MUS,Sub-Saharan Africa
Mauritius,"sptinc_p80p100_999_j_MU
Pre-tax national income 
P80-100 | share | all ages | equal split
",p80p100,2020,0.6149,1.0,MUS,Sub-Saharan Africa
Mauritius,"sptinc_p80p100_999_j_MU
Pre-tax national income 
P80-100 | share | all ages | equal split
",p80p100,2021,0.6149,1.0,MUS,Sub-Saharan Africa
Mauritius,"sptinc_p80p100_999_j_MU
Pre-tax national income 
P80-100 | share | all ages | equal split
",p80p100,2022,0.6149,1.0,MUS,Sub-Saharan Africa
Mauritius,"sptinc_p80p100_999_j_MU
Pre-tax national income 
P80-100 | share | all ages | equal split
",p80p100,2023,0.6149,1.0,MUS,Sub-Saharan Africa
Mauritius,"sptinc_p80p100_999_j_MU
Pre-tax national income 
P80-100 | share | all ages | equal split
",p80p100,2024,0.6149,1.0,MUS,Sub-Saharan Africa
Mexico,"sptinc_p80p100_999_j_MX
Pre-tax national income 
P80-100 | share | all ages | equal split
",p80p100,1960,0.6763,0.0,MEX,Latin America & Caribbean
Mexico,"sptinc_p80p100_999_j_MX
Pre-tax national income 
P80-100 | share | all ages | equal split
",p80p100,1970,0.6784,0.0,MEX,Latin America & Caribbean
Mexico,"sptinc_p80p100_999_j_MX
Pre-tax national income 
P80-100 | share | all ages | equal split
",p80p100,1980,0.7309,1.0,MEX,Latin America & Caribbean
Mexico,"sptinc_p80p100_999_j_MX
Pre-tax national income 
P80-100 | share | all ages | equal split
",p80p100,1981,0.7309,1.0,MEX,Latin America & Caribbean
Mexico,"sptinc_p80p100_999_j_MX
Pre-tax national income 
P80-100 | share | all ages | equal split
",p80p100,1982,0.7309,1.0,MEX,Latin America & Caribbean
Mexico,"sptinc_p80p100_999_j_MX
Pre-tax national income 
P80-100 | share | all ages | equal split
",p80p100,1983,0.7309,1.0,MEX,Latin America & Caribbean
Mexico,"sptinc_p80p100_999_j_MX
Pre-tax national income 
P80-100 | share | all ages | equal split
",p80p100,1984,0.7309,1.0,MEX,Latin America & Caribbean
Mexico,"sptinc_p80p100_999_j_MX
Pre-tax national income 
P80-100 | share | all ages | equal split
",p80p100,1985,0.7309,1.0,MEX,Latin America & Caribbean
Mexico,"sptinc_p80p100_999_j_MX
Pre-tax national income 
P80-100 | share | all ages | equal split
",p80p100,1986,0.7309,1.0,MEX,Latin America & Caribbean
Mexico,"sptinc_p80p100_999_j_MX
Pre-tax national income 
P80-100 | share | all ages | equal split
",p80p100,1987,0.7309,1.0,MEX,Latin America & Caribbean
Mexico,"sptinc_p80p100_999_j_MX
Pre-tax national income 
P80-100 | share | all ages | equal split
",p80p100,1988,0.7309,1.0,MEX,Latin America & Caribbean
Mexico,"sptinc_p80p100_999_j_MX
Pre-tax national income 
P80-100 | share | all ages | equal split
",p80p100,1989,0.7309,1.0,MEX,Latin America & Caribbean
Mexico,"sptinc_p80p100_999_j_MX
Pre-tax national income 
P80-100 | share | all ages | equal split
",p80p100,1990,0.7309,1.0,MEX,Latin America & Caribbean
Mexico,"sptinc_p80p100_999_j_MX
Pre-tax national income 
P80-100 | share | all ages | equal split
",p80p100,1991,0.7309,1.0,MEX,Latin America & Caribbean
Mexico,"sptinc_p80p100_999_j_MX
Pre-tax national income 
P80-100 | share | all ages | equal split
",p80p100,1992,0.7309,1.0,MEX,Latin America & Caribbean
Mexico,"sptinc_p80p100_999_j_MX
Pre-tax national income 
P80-100 | share | all ages | equal split
",p80p100,1993,0.7309,1.0,MEX,Latin America & Caribbean
Mexico,"sptinc_p80p100_999_j_MX
Pre-tax national income 
P80-100 | share | all ages | equal split
",p80p100,1994,0.7309,1.0,MEX,Latin America & Caribbean
Mexico,"sptinc_p80p100_999_j_MX
Pre-tax national income 
P80-100 | share | all ages | equal split
",p80p100,1995,0.7309,1.0,MEX,Latin America & Caribbean
Mexico,"sptinc_p80p100_999_j_MX
Pre-tax national income 
P80-100 | share | all ages | equal split
",p80p100,1996,0.7309,1.0,MEX,Latin America & Caribbean
Mexico,"sptinc_p80p100_999_j_MX
Pre-tax national income 
P80-100 | share | all ages | equal split
",p80p100,1997,0.7309,1.0,MEX,Latin America & Caribbean
Mexico,"sptinc_p80p100_999_j_MX
Pre-tax national income 
P80-100 | share | all ages | equal split
",p80p100,1998,0.7309,1.0,MEX,Latin America & Caribbean
Mexico,"sptinc_p80p100_999_j_MX
Pre-tax national income 
P80-100 | share | all ages | equal split
",p80p100,1999,0.7309,1.0,MEX,Latin America & Caribbean
Mexico,"sptinc_p80p100_999_j_MX
Pre-tax national income 
P80-100 | share | all ages | equal split
",p80p100,2000,0.7309,3.0,MEX,Latin America & Caribbean
Mexico,"sptinc_p80p100_999_j_MX
Pre-tax national income 
P80-100 | share | all ages | equal split
",p80p100,2001,0.7309,2.0,MEX,Latin America & Caribbean
Mexico,"sptinc_p80p100_999_j_MX
Pre-tax national income 
P80-100 | share | all ages | equal split
",p80p100,2002,0.7309,3.0,MEX,Latin America & Caribbean
Mexico,"sptinc_p80p100_999_j_MX
Pre-tax national income 
P80-100 | share | all ages | equal split
",p80p100,2003,0.7446,2.0,MEX,Latin America & Caribbean
Mexico,"sptinc_p80p100_999_j_MX
Pre-tax national income 
P80-100 | share | all ages | equal split
",p80p100,2004,0.7583000000000001,3.0,MEX,Latin America & Caribbean
Mexico,"sptinc_p80p100_999_j_MX
Pre-tax national income 
P80-100 | share | all ages | equal split
",p80p100,2005,0.7577,2.0,MEX,Latin America & Caribbean
Mexico,"sptinc_p80p100_999_j_MX
Pre-tax national income 
P80-100 | share | all ages | equal split
",p80p100,2006,0.7572,3.0,MEX,Latin America & Caribbean
Mexico,"sptinc_p80p100_999_j_MX
Pre-tax national income 
P80-100 | share | all ages | equal split
",p80p100,2007,0.7735000000000001,2.0,MEX,Latin America & Caribbean
Mexico,"sptinc_p80p100_999_j_MX
Pre-tax national income 
P80-100 | share | all ages | equal split
",p80p100,2008,0.7899,3.0,MEX,Latin America & Caribbean
Mexico,"sptinc_p80p100_999_j_MX
Pre-tax national income 
P80-100 | share | all ages | equal split
",p80p100,2009,0.7791,2.0,MEX,Latin America & Caribbean
Mexico,"sptinc_p80p100_999_j_MX
Pre-tax national income 
P80-100 | share | all ages | equal split
",p80p100,2010,0.7683,5.0,MEX,Latin America & Caribbean
Mexico,"sptinc_p80p100_999_j_MX
Pre-tax national income 
P80-100 | share | all ages | equal split
",p80p100,2011,0.7745000000000001,2.0,MEX,Latin America & Caribbean
Mexico,"sptinc_p80p100_999_j_MX
Pre-tax national income 
P80-100 | share | all ages | equal split
",p80p100,2012,0.7806000000000001,5.0,MEX,Latin America & Caribbean
Mexico,"sptinc_p80p100_999_j_MX
Pre-tax national income 
P80-100 | share | all ages | equal split
",p80p100,2013,0.7788,2.0,MEX,Latin America & Caribbean
Mexico,"sptinc_p80p100_999_j_MX
Pre-tax national income 
P80-100 | share | all ages | equal split
",p80p100,2014,0.7769,5.0,MEX,Latin America & Caribbean
Mexico,"sptinc_p80p100_999_j_MX
Pre-tax national income 
P80-100 | share | all ages | equal split
",p80p100,2015,0.7739,2.0,MEX,Latin America & Caribbean
Mexico,"sptinc_p80p100_999_j_MX
Pre-tax national income 
P80-100 | share | all ages | equal split
",p80p100,2016,0.7709,3.0,MEX,Latin America & Caribbean
Mexico,"sptinc_p80p100_999_j_MX
Pre-tax national income 
P80-100 | share | all ages | equal split
",p80p100,2017,0.7771,2.0,MEX,Latin America & Caribbean
Mexico,"sptinc_p80p100_999_j_MX
Pre-tax national income 
P80-100 | share | all ages | equal split
",p80p100,2018,0.7833,3.0,MEX,Latin America & Caribbean
Mexico,"sptinc_p80p100_999_j_MX
Pre-tax national income 
P80-100 | share | all ages | equal split
",p80p100,2019,0.7699,2.0,MEX,Latin America & Caribbean
Mexico,"sptinc_p80p100_999_j_MX
Pre-tax national income 
P80-100 | share | all ages | equal split
",p80p100,2020,0.7564000000000001,3.0,MEX,Latin America & Caribbean
Mexico,"sptinc_p80p100_999_j_MX
Pre-tax national income 
P80-100 | share | all ages | equal split
",p80p100,2021,0.7463000000000001,2.0,MEX,Latin America & Caribbean
Mexico,"sptinc_p80p100_999_j_MX
Pre-tax national income 
P80-100 | share | all ages | equal split
",p80p100,2022,0.7362000000000001,3.0,MEX,Latin America & Caribbean
Mexico,"sptinc_p80p100_999_j_MX
Pre-tax national income 
P80-100 | share | all ages | equal split
",p80p100,2023,0.7362000000000001,1.0,MEX,Latin America & Caribbean
Mexico,"sptinc_p80p100_999_j_MX
Pre-tax national income 
P80-100 | share | all ages | equal split
",p80p100,2024,0.7362000000000001,1.0,MEX,Latin America & Caribbean
Moldova,"sptinc_p80p100_999_j_MD
Pre-tax national income 
P80-100 | share | all ages | equal split
",p80p100,1980,0.4015,1.0,MDA,Eastern Europe & FSU
Moldova,"sptinc_p80p100_999_j_MD
Pre-tax national income 
P80-100 | share | all ages | equal split
",p80p100,1981,0.4015,1.0,MDA,Eastern Europe & FSU
Moldova,"sptinc_p80p100_999_j_MD
Pre-tax national income 
P80-100 | share | all ages | equal split
",p80p100,1982,0.4015,1.0,MDA,Eastern Europe & FSU
Moldova,"sptinc_p80p100_999_j_MD
Pre-tax national income 
P80-100 | share | all ages | equal split
",p80p100,1983,0.4015,1.0,MDA,Eastern Europe & FSU
Moldova,"sptinc_p80p100_999_j_MD
Pre-tax national income 
P80-100 | share | all ages | equal split
",p80p100,1984,0.4015,1.0,MDA,Eastern Europe & FSU
Moldova,"sptinc_p80p100_999_j_MD
Pre-tax national income 
P80-100 | share | all ages | equal split
",p80p100,1985,0.4015,1.0,MDA,Eastern Europe & FSU
Moldova,"sptinc_p80p100_999_j_MD
Pre-tax national income 
P80-100 | share | all ages | equal split
",p80p100,1986,0.4015,1.0,MDA,Eastern Europe & FSU
Moldova,"sptinc_p80p100_999_j_MD
Pre-tax national income 
P80-100 | share | all ages | equal split
",p80p100,1987,0.4015,1.0,MDA,Eastern Europe & FSU
Moldova,"sptinc_p80p100_999_j_MD
Pre-tax national income 
P80-100 | share | all ages | equal split
",p80p100,1988,0.4015,1.0,MDA,Eastern Europe & FSU
Moldova,"sptinc_p80p100_999_j_MD
Pre-tax national income 
P80-100 | share | all ages | equal split
",p80p100,1989,0.4237,1.0,MDA,Eastern Europe & FSU
Moldova,"sptinc_p80p100_999_j_MD
Pre-tax national income 
P80-100 | share | all ages | equal split
",p80p100,1990,0.4395,1.0,MDA,Eastern Europe & FSU
Moldova,"sptinc_p80p100_999_j_MD
Pre-tax national income 
P80-100 | share | all ages | equal split
",p80p100,1991,0.4633,1.0,MDA,Eastern Europe & FSU
Moldova,"sptinc_p80p100_999_j_MD
Pre-tax national income 
P80-100 | share | all ages | equal split
",p80p100,1992,0.4859,1.0,MDA,Eastern Europe & FSU
Moldova,"sptinc_p80p100_999_j_MD
Pre-tax national income 
P80-100 | share | all ages | equal split
",p80p100,1993,0.5099,1.0,MDA,Eastern Europe & FSU
Moldova,"sptinc_p80p100_999_j_MD
Pre-tax national income 
P80-100 | share | all ages | equal split
",p80p100,1994,0.5201,1.0,MDA,Eastern Europe & FSU
Moldova,"sptinc_p80p100_999_j_MD
Pre-tax national income 
P80-100 | share | all ages | equal split
",p80p100,1995,0.529,1.0,MDA,Eastern Europe & FSU
Moldova,"sptinc_p80p100_999_j_MD
Pre-tax national income 
P80-100 | share | all ages | equal split
",p80p100,1996,0.5375,1.0,MDA,Eastern Europe & FSU
Moldova,"sptinc_p80p100_999_j_MD
Pre-tax national income 
P80-100 | share | all ages | equal split
",p80p100,1997,0.5473,1.0,MDA,Eastern Europe & FSU
Moldova,"sptinc_p80p100_999_j_MD
Pre-tax national income 
P80-100 | share | all ages | equal split
",p80p100,1998,0.5327000000000001,1.0,MDA,Eastern Europe & FSU
Moldova,"sptinc_p80p100_999_j_MD
Pre-tax national income 
P80-100 | share | all ages | equal split
",p80p100,1999,0.5284,1.0,MDA,Eastern Europe & FSU
Moldova,"sptinc_p80p100_999_j_MD
Pre-tax national income 
P80-100 | share | all ages | equal split
",p80p100,2000,0.5265000000000001,1.0,MDA,Eastern Europe & FSU
Moldova,"sptinc_p80p100_999_j_MD
Pre-tax national income 
P80-100 | share | all ages | equal split
",p80p100,2001,0.5277000000000001,1.0,MDA,Eastern Europe & FSU
Moldova,"sptinc_p80p100_999_j_MD
Pre-tax national income 
P80-100 | share | all ages | equal split
",p80p100,2002,0.5279,1.0,MDA,Eastern Europe & FSU
Moldova,"sptinc_p80p100_999_j_MD
Pre-tax national income 
P80-100 | share | all ages | equal split
",p80p100,2003,0.5303,1.0,MDA,Eastern Europe & FSU
Moldova,"sptinc_p80p100_999_j_MD
Pre-tax national income 
P80-100 | share | all ages | equal split
",p80p100,2004,0.5277000000000001,1.0,MDA,Eastern Europe & FSU
Moldova,"sptinc_p80p100_999_j_MD
Pre-tax national income 
P80-100 | share | all ages | equal split
",p80p100,2005,0.5332,1.0,MDA,Eastern Europe & FSU
Moldova,"sptinc_p80p100_999_j_MD
Pre-tax national income 
P80-100 | share | all ages | equal split
",p80p100,2006,0.5344,1.0,MDA,Eastern Europe & FSU
Moldova,"sptinc_p80p100_999_j_MD
Pre-tax national income 
P80-100 | share | all ages | equal split
",p80p100,2007,0.5356000000000001,1.0,MDA,Eastern Europe & FSU
Moldova,"sptinc_p80p100_999_j_MD
Pre-tax national income 
P80-100 | share | all ages | equal split
",p80p100,2008,0.5384,1.0,MDA,Eastern Europe & FSU
Moldova,"sptinc_p80p100_999_j_MD
Pre-tax national income 
P80-100 | share | all ages | equal split
",p80p100,2009,0.5396000000000001,1.0,MDA,Eastern Europe & FSU
Moldova,"sptinc_p80p100_999_j_MD
Pre-tax national income 
P80-100 | share | all ages | equal split
",p80p100,2010,0.53,1.0,MDA,Eastern Europe & FSU
Moldova,"sptinc_p80p100_999_j_MD
Pre-tax national income 
P80-100 | share | all ages | equal split
",p80p100,2011,0.5257000000000001,1.0,MDA,Eastern Europe & FSU
Moldova,"sptinc_p80p100_999_j_MD
Pre-tax national income 
P80-100 | share | all ages | equal split
",p80p100,2012,0.5213,1.0,MDA,Eastern Europe & FSU
Moldova,"sptinc_p80p100_999_j_MD
Pre-tax national income 
P80-100 | share | all ages | equal split
",p80p100,2013,0.5181,1.0,MDA,Eastern Europe & FSU
Moldova,"sptinc_p80p100_999_j_MD
Pre-tax national income 
P80-100 | share | all ages | equal split
",p80p100,2014,0.5157,1.0,MDA,Eastern Europe & FSU
Moldova,"sptinc_p80p100_999_j_MD
Pre-tax national income 
P80-100 | share | all ages | equal split
",p80p100,2015,0.5177,1.0,MDA,Eastern Europe & FSU
Moldova,"sptinc_p80p100_999_j_MD
Pre-tax national income 
P80-100 | share | all ages | equal split
",p80p100,2016,0.5115000000000001,1.0,MDA,Eastern Europe & FSU
Moldova,"sptinc_p80p100_999_j_MD
Pre-tax national income 
P80-100 | share | all ages | equal split
",p80p100,2017,0.5112,1.0,MDA,Eastern Europe & FSU
Moldova,"sptinc_p80p100_999_j_MD
Pre-tax national income 
P80-100 | share | all ages | equal split
",p80p100,2018,0.5115000000000001,1.0,MDA,Eastern Europe & FSU
Moldova,"sptinc_p80p100_999_j_MD
Pre-tax national income 
P80-100 | share | all ages | equal split
",p80p100,2019,0.5149,1.0,MDA,Eastern Europe & FSU
Moldova,"sptinc_p80p100_999_j_MD
Pre-tax national income 
P80-100 | share | all ages | equal split
",p80p100,2020,0.5149,1.0,MDA,Eastern Europe & FSU
Moldova,"sptinc_p80p100_999_j_MD
Pre-tax national income 
P80-100 | share | all ages | equal split
",p80p100,2021,0.5219,1.0,MDA,Eastern Europe & FSU
Moldova,"sptinc_p80p100_999_j_MD
Pre-tax national income 
P80-100 | share | all ages | equal split
",p80p100,2022,0.5221,1.0,MDA,Eastern Europe & FSU
Moldova,"sptinc_p80p100_999_j_MD
Pre-tax national income 
P80-100 | share | all ages | equal split
",p80p100,2023,0.5337000000000001,1.0,MDA,Eastern Europe & FSU
Moldova,"sptinc_p80p100_999_j_MD
Pre-tax national income 
P80-100 | share | all ages | equal split
",p80p100,2024,0.5337000000000001,1.0,MDA,Eastern Europe & FSU
Morocco,"sptinc_p80p100_999_j_MA
Pre-tax national income 
P80-100 | share | all ages | equal split
",p80p100,1960,0.7073,0.0,MAR,MENA
Morocco,"sptinc_p80p100_999_j_MA
Pre-tax national income 
P80-100 | share | all ages | equal split
",p80p100,1970,0.7628,0.0,MAR,MENA
Morocco,"sptinc_p80p100_999_j_MA
Pre-tax national income 
P80-100 | share | all ages | equal split
",p80p100,1980,0.6294000000000001,1.0,MAR,MENA
Morocco,"sptinc_p80p100_999_j_MA
Pre-tax national income 
P80-100 | share | all ages | equal split
",p80p100,1981,0.6294000000000001,1.0,MAR,MENA
Morocco,"sptinc_p80p100_999_j_MA
Pre-tax national income 
P80-100 | share | all ages | equal split
",p80p100,1982,0.6294000000000001,1.0,MAR,MENA
Morocco,"sptinc_p80p100_999_j_MA
Pre-tax national income 
P80-100 | share | all ages | equal split
",p80p100,1983,0.6294000000000001,1.0,MAR,MENA
Morocco,"sptinc_p80p100_999_j_MA
Pre-tax national income 
P80-100 | share | all ages | equal split
",p80p100,1984,0.6294000000000001,1.0,MAR,MENA
Morocco,"sptinc_p80p100_999_j_MA
Pre-tax national income 
P80-100 | share | all ages | equal split
",p80p100,1985,0.6294000000000001,1.0,MAR,MENA
Morocco,"sptinc_p80p100_999_j_MA
Pre-tax national income 
P80-100 | share | all ages | equal split
",p80p100,1986,0.6294000000000001,1.0,MAR,MENA
Morocco,"sptinc_p80p100_999_j_MA
Pre-tax national income 
P80-100 | share | all ages | equal split
",p80p100,1987,0.6294000000000001,1.0,MAR,MENA
Morocco,"sptinc_p80p100_999_j_MA
Pre-tax national income 
P80-100 | share | all ages | equal split
",p80p100,1988,0.6294000000000001,1.0,MAR,MENA
Morocco,"sptinc_p80p100_999_j_MA
Pre-tax national income 
P80-100 | share | all ages | equal split
",p80p100,1989,0.6294000000000001,1.0,MAR,MENA
Morocco,"sptinc_p80p100_999_j_MA
Pre-tax national income 
P80-100 | share | all ages | equal split
",p80p100,1990,0.6294000000000001,1.0,MAR,MENA
Morocco,"sptinc_p80p100_999_j_MA
Pre-tax national income 
P80-100 | share | all ages | equal split
",p80p100,1991,0.6294000000000001,1.0,MAR,MENA
Morocco,"sptinc_p80p100_999_j_MA
Pre-tax national income 
P80-100 | share | all ages | equal split
",p80p100,1992,0.6294000000000001,1.0,MAR,MENA
Morocco,"sptinc_p80p100_999_j_MA
Pre-tax national income 
P80-100 | share | all ages | equal split
",p80p100,1993,0.6294000000000001,1.0,MAR,MENA
Morocco,"sptinc_p80p100_999_j_MA
Pre-tax national income 
P80-100 | share | all ages | equal split
",p80p100,1994,0.6294000000000001,1.0,MAR,MENA
Morocco,"sptinc_p80p100_999_j_MA
Pre-tax national income 
P80-100 | share | all ages | equal split
",p80p100,1995,0.6294000000000001,1.0,MAR,MENA
Morocco,"sptinc_p80p100_999_j_MA
Pre-tax national income 
P80-100 | share | all ages | equal split
",p80p100,1996,0.6294000000000001,1.0,MAR,MENA
Morocco,"sptinc_p80p100_999_j_MA
Pre-tax national income 
P80-100 | share | all ages | equal split
",p80p100,1997,0.6294000000000001,1.0,MAR,MENA
Morocco,"sptinc_p80p100_999_j_MA
Pre-tax national income 
P80-100 | share | all ages | equal split
",p80p100,1998,0.6294000000000001,1.0,MAR,MENA
Morocco,"sptinc_p80p100_999_j_MA
Pre-tax national income 
P80-100 | share | all ages | equal split
",p80p100,1999,0.6294000000000001,1.0,MAR,MENA
Morocco,"sptinc_p80p100_999_j_MA
Pre-tax national income 
P80-100 | share | all ages | equal split
",p80p100,2000,0.6294000000000001,1.0,MAR,MENA
Morocco,"sptinc_p80p100_999_j_MA
Pre-tax national income 
P80-100 | share | all ages | equal split
",p80p100,2001,0.6294000000000001,1.0,MAR,MENA
Morocco,"sptinc_p80p100_999_j_MA
Pre-tax national income 
P80-100 | share | all ages | equal split
",p80p100,2002,0.6294000000000001,1.0,MAR,MENA
Morocco,"sptinc_p80p100_999_j_MA
Pre-tax national income 
P80-100 | share | all ages | equal split
",p80p100,2003,0.6294000000000001,1.0,MAR,MENA
Morocco,"sptinc_p80p100_999_j_MA
Pre-tax national income 
P80-100 | share | all ages | equal split
",p80p100,2004,0.6294000000000001,1.0,MAR,MENA
Morocco,"sptinc_p80p100_999_j_MA
Pre-tax national income 
P80-100 | share | all ages | equal split
",p80p100,2005,0.6294000000000001,1.0,MAR,MENA
Morocco,"sptinc_p80p100_999_j_MA
Pre-tax national income 
P80-100 | share | all ages | equal split
",p80p100,2006,0.6294000000000001,1.0,MAR,MENA
Morocco,"sptinc_p80p100_999_j_MA
Pre-tax national income 
P80-100 | share | all ages | equal split
",p80p100,2007,0.6294000000000001,1.0,MAR,MENA
Morocco,"sptinc_p80p100_999_j_MA
Pre-tax national income 
P80-100 | share | all ages | equal split
",p80p100,2008,0.6294000000000001,1.0,MAR,MENA
Morocco,"sptinc_p80p100_999_j_MA
Pre-tax national income 
P80-100 | share | all ages | equal split
",p80p100,2009,0.6294000000000001,1.0,MAR,MENA
Morocco,"sptinc_p80p100_999_j_MA
Pre-tax national income 
P80-100 | share | all ages | equal split
",p80p100,2010,0.6294000000000001,1.0,MAR,MENA
Morocco,"sptinc_p80p100_999_j_MA
Pre-tax national income 
P80-100 | share | all ages | equal split
",p80p100,2011,0.6294000000000001,1.0,MAR,MENA
Morocco,"sptinc_p80p100_999_j_MA
Pre-tax national income 
P80-100 | share | all ages | equal split
",p80p100,2012,0.6294000000000001,1.0,MAR,MENA
Morocco,"sptinc_p80p100_999_j_MA
Pre-tax national income 
P80-100 | share | all ages | equal split
",p80p100,2013,0.6294000000000001,3.0,MAR,MENA
Morocco,"sptinc_p80p100_999_j_MA
Pre-tax national income 
P80-100 | share | all ages | equal split
",p80p100,2014,0.6294000000000001,1.0,MAR,MENA
Morocco,"sptinc_p80p100_999_j_MA
Pre-tax national income 
P80-100 | share | all ages | equal split
",p80p100,2015,0.6294000000000001,1.0,MAR,MENA
Morocco,"sptinc_p80p100_999_j_MA
Pre-tax national income 
P80-100 | share | all ages | equal split
",p80p100,2016,0.6294000000000001,1.0,MAR,MENA
Morocco,"sptinc_p80p100_999_j_MA
Pre-tax national income 
P80-100 | share | all ages | equal split
",p80p100,2017,0.6294000000000001,1.0,MAR,MENA
Morocco,"sptinc_p80p100_999_j_MA
Pre-tax national income 
P80-100 | share | all ages | equal split
",p80p100,2018,0.6294000000000001,1.0,MAR,MENA
Morocco,"sptinc_p80p100_999_j_MA
Pre-tax national income 
P80-100 | share | all ages | equal split
",p80p100,2019,0.6294000000000001,1.0,MAR,MENA
Morocco,"sptinc_p80p100_999_j_MA
Pre-tax national income 
P80-100 | share | all ages | equal split
",p80p100,2020,0.6294000000000001,1.0,MAR,MENA
Morocco,"sptinc_p80p100_999_j_MA
Pre-tax national income 
P80-100 | share | all ages | equal split
",p80p100,2021,0.6294000000000001,1.0,MAR,MENA
Morocco,"sptinc_p80p100_999_j_MA
Pre-tax national income 
P80-100 | share | all ages | equal split
",p80p100,2022,0.6294000000000001,1.0,MAR,MENA
Morocco,"sptinc_p80p100_999_j_MA
Pre-tax national income 
P80-100 | share | all ages | equal split
",p80p100,2023,0.6294000000000001,1.0,MAR,MENA
Morocco,"sptinc_p80p100_999_j_MA
Pre-tax national income 
P80-100 | share | all ages | equal split
",p80p100,2024,0.6294000000000001,1.0,MAR,MENA
Nepal,"sptinc_p80p100_999_j_NP
Pre-tax national income 
P80-100 | share | all ages | equal split
",p80p100,1980,0.4848,1.0,NPL,South Asia
Nepal,"sptinc_p80p100_999_j_NP
Pre-tax national income 
P80-100 | share | all ages | equal split
",p80p100,1981,0.4848,1.0,NPL,South Asia
Nepal,"sptinc_p80p100_999_j_NP
Pre-tax national income 
P80-100 | share | all ages | equal split
",p80p100,1982,0.4848,1.0,NPL,South Asia
Nepal,"sptinc_p80p100_999_j_NP
Pre-tax national income 
P80-100 | share | all ages | equal split
",p80p100,1983,0.4848,1.0,NPL,South Asia
Nepal,"sptinc_p80p100_999_j_NP
Pre-tax national income 
P80-100 | share | all ages | equal split
",p80p100,1984,0.4848,3.0,NPL,South Asia
Nepal,"sptinc_p80p100_999_j_NP
Pre-tax national income 
P80-100 | share | all ages | equal split
",p80p100,1985,0.5025000000000001,2.0,NPL,South Asia
Nepal,"sptinc_p80p100_999_j_NP
Pre-tax national income 
P80-100 | share | all ages | equal split
",p80p100,1986,0.518,2.0,NPL,South Asia
Nepal,"sptinc_p80p100_999_j_NP
Pre-tax national income 
P80-100 | share | all ages | equal split
",p80p100,1987,0.5316000000000001,2.0,NPL,South Asia
Nepal,"sptinc_p80p100_999_j_NP
Pre-tax national income 
P80-100 | share | all ages | equal split
",p80p100,1988,0.5438000000000001,2.0,NPL,South Asia
Nepal,"sptinc_p80p100_999_j_NP
Pre-tax national income 
P80-100 | share | all ages | equal split
",p80p100,1989,0.5546,2.0,NPL,South Asia
Nepal,"sptinc_p80p100_999_j_NP
Pre-tax national income 
P80-100 | share | all ages | equal split
",p80p100,1990,0.5644,2.0,NPL,South Asia
Nepal,"sptinc_p80p100_999_j_NP
Pre-tax national income 
P80-100 | share | all ages | equal split
",p80p100,1991,0.5732,2.0,NPL,South Asia
Nepal,"sptinc_p80p100_999_j_NP
Pre-tax national income 
P80-100 | share | all ages | equal split
",p80p100,1992,0.5813,2.0,NPL,South Asia
Nepal,"sptinc_p80p100_999_j_NP
Pre-tax national income 
P80-100 | share | all ages | equal split
",p80p100,1993,0.5886,2.0,NPL,South Asia
Nepal,"sptinc_p80p100_999_j_NP
Pre-tax national income 
P80-100 | share | all ages | equal split
",p80p100,1994,0.5953,2.0,NPL,South Asia
Nepal,"sptinc_p80p100_999_j_NP
Pre-tax national income 
P80-100 | share | all ages | equal split
",p80p100,1995,0.6015,3.0,NPL,South Asia
Nepal,"sptinc_p80p100_999_j_NP
Pre-tax national income 
P80-100 | share | all ages | equal split
",p80p100,1996,0.5985,2.0,NPL,South Asia
Nepal,"sptinc_p80p100_999_j_NP
Pre-tax national income 
P80-100 | share | all ages | equal split
",p80p100,1997,0.5958,2.0,NPL,South Asia
Nepal,"sptinc_p80p100_999_j_NP
Pre-tax national income 
P80-100 | share | all ages | equal split
",p80p100,1998,0.5926,2.0,NPL,South Asia
Nepal,"sptinc_p80p100_999_j_NP
Pre-tax national income 
P80-100 | share | all ages | equal split
",p80p100,1999,0.5911000000000001,2.0,NPL,South Asia
Nepal,"sptinc_p80p100_999_j_NP
Pre-tax national income 
P80-100 | share | all ages | equal split
",p80p100,2000,0.5887,2.0,NPL,South Asia
Nepal,"sptinc_p80p100_999_j_NP
Pre-tax national income 
P80-100 | share | all ages | equal split
",p80p100,2001,0.5861000000000001,2.0,NPL,South Asia
Nepal,"sptinc_p80p100_999_j_NP
Pre-tax national income 
P80-100 | share | all ages | equal split
",p80p100,2002,0.5859,2.0,NPL,South Asia
Nepal,"sptinc_p80p100_999_j_NP
Pre-tax national income 
P80-100 | share | all ages | equal split
",p80p100,2003,0.5870000000000001,3.0,NPL,South Asia
Nepal,"sptinc_p80p100_999_j_NP
Pre-tax national income 
P80-100 | share | all ages | equal split
",p80p100,2004,0.5847,2.0,NPL,South Asia
Nepal,"sptinc_p80p100_999_j_NP
Pre-tax national income 
P80-100 | share | all ages | equal split
",p80p100,2005,0.5835,2.0,NPL,South Asia
Nepal,"sptinc_p80p100_999_j_NP
Pre-tax national income 
P80-100 | share | all ages | equal split
",p80p100,2006,0.5833,2.0,NPL,South Asia
Nepal,"sptinc_p80p100_999_j_NP
Pre-tax national income 
P80-100 | share | all ages | equal split
",p80p100,2007,0.5840000000000001,2.0,NPL,South Asia
Nepal,"sptinc_p80p100_999_j_NP
Pre-tax national income 
P80-100 | share | all ages | equal split
",p80p100,2008,0.5768,2.0,NPL,South Asia
Nepal,"sptinc_p80p100_999_j_NP
Pre-tax national income 
P80-100 | share | all ages | equal split
",p80p100,2009,0.5740000000000001,2.0,NPL,South Asia
Nepal,"sptinc_p80p100_999_j_NP
Pre-tax national income 
P80-100 | share | all ages | equal split
",p80p100,2010,0.5769000000000001,3.0,NPL,South Asia
Nepal,"sptinc_p80p100_999_j_NP
Pre-tax national income 
P80-100 | share | all ages | equal split
",p80p100,2011,0.5739000000000001,1.0,NPL,South Asia
Nepal,"sptinc_p80p100_999_j_NP
Pre-tax national income 
P80-100 | share | all ages | equal split
",p80p100,2012,0.5733,1.0,NPL,South Asia
Nepal,"sptinc_p80p100_999_j_NP
Pre-tax national income 
P80-100 | share | all ages | equal split
",p80p100,2013,0.5723,1.0,NPL,South Asia
Nepal,"sptinc_p80p100_999_j_NP
Pre-tax national income 
P80-100 | share | all ages | equal split
",p80p100,2014,0.5704,1.0,NPL,South Asia
Nepal,"sptinc_p80p100_999_j_NP
Pre-tax national income 
P80-100 | share | all ages | equal split
",p80p100,2015,0.5671,1.0,NPL,South Asia
Nepal,"sptinc_p80p100_999_j_NP
Pre-tax national income 
P80-100 | share | all ages | equal split
",p80p100,2016,0.5666,1.0,NPL,South Asia
Nepal,"sptinc_p80p100_999_j_NP
Pre-tax national income 
P80-100 | share | all ages | equal split
",p80p100,2017,0.5668000000000001,1.0,NPL,South Asia
Nepal,"sptinc_p80p100_999_j_NP
Pre-tax national income 
P80-100 | share | all ages | equal split
",p80p100,2018,0.5668000000000001,1.0,NPL,South Asia
Nepal,"sptinc_p80p100_999_j_NP
Pre-tax national income 
P80-100 | share | all ages | equal split
",p80p100,2019,0.5668000000000001,1.0,NPL,South Asia
Nepal,"sptinc_p80p100_999_j_NP
Pre-tax national income 
P80-100 | share | all ages | equal split
",p80p100,2020,0.5668000000000001,1.0,NPL,South Asia
Nepal,"sptinc_p80p100_999_j_NP
Pre-tax national income 
P80-100 | share | all ages | equal split
",p80p100,2021,0.5668000000000001,1.0,NPL,South Asia
Nepal,"sptinc_p80p100_999_j_NP
Pre-tax national income 
P80-100 | share | all ages | equal split
",p80p100,2022,0.5668000000000001,1.0,NPL,South Asia
Nepal,"sptinc_p80p100_999_j_NP
Pre-tax national income 
P80-100 | share | all ages | equal split
",p80p100,2023,0.5668000000000001,1.0,NPL,South Asia
Nepal,"sptinc_p80p100_999_j_NP
Pre-tax national income 
P80-100 | share | all ages | equal split
",p80p100,2024,0.5668000000000001,1.0,NPL,South Asia
Netherlands,"sptinc_p80p100_999_j_NL
Pre-tax national income 
P80-100 | share | all ages | equal split
",p80p100,1960,0.4777,3.0,NLD,Western Europe
Netherlands,"sptinc_p80p100_999_j_NL
Pre-tax national income 
P80-100 | share | all ages | equal split
",p80p100,1962,0.4715,3.0,NLD,Western Europe
Netherlands,"sptinc_p80p100_999_j_NL
Pre-tax national income 
P80-100 | share | all ages | equal split
",p80p100,1964,0.4667,3.0,NLD,Western Europe
Netherlands,"sptinc_p80p100_999_j_NL
Pre-tax national income 
P80-100 | share | all ages | equal split
",p80p100,1966,0.4601,3.0,NLD,Western Europe
Netherlands,"sptinc_p80p100_999_j_NL
Pre-tax national income 
P80-100 | share | all ages | equal split
",p80p100,1967,0.4568,3.0,NLD,Western Europe
Netherlands,"sptinc_p80p100_999_j_NL
Pre-tax national income 
P80-100 | share | all ages | equal split
",p80p100,1970,0.4538,3.0,NLD,Western Europe
Netherlands,"sptinc_p80p100_999_j_NL
Pre-tax national income 
P80-100 | share | all ages | equal split
",p80p100,1973,0.4333,3.0,NLD,Western Europe
Netherlands,"sptinc_p80p100_999_j_NL
Pre-tax national income 
P80-100 | share | all ages | equal split
",p80p100,1975,0.4281,3.0,NLD,Western Europe
Netherlands,"sptinc_p80p100_999_j_NL
Pre-tax national income 
P80-100 | share | all ages | equal split
",p80p100,1977,0.4205,4.0,NLD,Western Europe
Netherlands,"sptinc_p80p100_999_j_NL
Pre-tax national income 
P80-100 | share | all ages | equal split
",p80p100,1980,0.4226,4.0,NLD,Western Europe
Netherlands,"sptinc_p80p100_999_j_NL
Pre-tax national income 
P80-100 | share | all ages | equal split
",p80p100,1981,0.4242,4.0,NLD,Western Europe
Netherlands,"sptinc_p80p100_999_j_NL
Pre-tax national income 
P80-100 | share | all ages | equal split
",p80p100,1982,0.4262,4.0,NLD,Western Europe
Netherlands,"sptinc_p80p100_999_j_NL
Pre-tax national income 
P80-100 | share | all ages | equal split
",p80p100,1983,0.4293,4.0,NLD,Western Europe
Netherlands,"sptinc_p80p100_999_j_NL
Pre-tax national income 
P80-100 | share | all ages | equal split
",p80p100,1984,0.4308,4.0,NLD,Western Europe
Netherlands,"sptinc_p80p100_999_j_NL
Pre-tax national income 
P80-100 | share | all ages | equal split
",p80p100,1985,0.4312,4.0,NLD,Western Europe
Netherlands,"sptinc_p80p100_999_j_NL
Pre-tax national income 
P80-100 | share | all ages | equal split
",p80p100,1986,0.4305,4.0,NLD,Western Europe
Netherlands,"sptinc_p80p100_999_j_NL
Pre-tax national income 
P80-100 | share | all ages | equal split
",p80p100,1987,0.4293,4.0,NLD,Western Europe
Netherlands,"sptinc_p80p100_999_j_NL
Pre-tax national income 
P80-100 | share | all ages | equal split
",p80p100,1988,0.4287,4.0,NLD,Western Europe
Netherlands,"sptinc_p80p100_999_j_NL
Pre-tax national income 
P80-100 | share | all ages | equal split
",p80p100,1989,0.4256,4.0,NLD,Western Europe
Netherlands,"sptinc_p80p100_999_j_NL
Pre-tax national income 
P80-100 | share | all ages | equal split
",p80p100,1990,0.424,4.0,NLD,Western Europe
Netherlands,"sptinc_p80p100_999_j_NL
Pre-tax national income 
P80-100 | share | all ages | equal split
",p80p100,1991,0.4237,4.0,NLD,Western Europe
Netherlands,"sptinc_p80p100_999_j_NL
Pre-tax national income 
P80-100 | share | all ages | equal split
",p80p100,1992,0.4237,4.0,NLD,Western Europe
Netherlands,"sptinc_p80p100_999_j_NL
Pre-tax national income 
P80-100 | share | all ages | equal split
",p80p100,1993,0.4251,4.0,NLD,Western Europe
Netherlands,"sptinc_p80p100_999_j_NL
Pre-tax national income 
P80-100 | share | all ages | equal split
",p80p100,1994,0.4295,4.0,NLD,Western Europe
Netherlands,"sptinc_p80p100_999_j_NL
Pre-tax national income 
P80-100 | share | all ages | equal split
",p80p100,1995,0.431,4.0,NLD,Western Europe
Netherlands,"sptinc_p80p100_999_j_NL
Pre-tax national income 
P80-100 | share | all ages | equal split
",p80p100,1996,0.4285,4.0,NLD,Western Europe
Netherlands,"sptinc_p80p100_999_j_NL
Pre-tax national income 
P80-100 | share | all ages | equal split
",p80p100,1997,0.4308,4.0,NLD,Western Europe
Netherlands,"sptinc_p80p100_999_j_NL
Pre-tax national income 
P80-100 | share | all ages | equal split
",p80p100,1998,0.4296,4.0,NLD,Western Europe
Netherlands,"sptinc_p80p100_999_j_NL
Pre-tax national income 
P80-100 | share | all ages | equal split
",p80p100,1999,0.4302,4.0,NLD,Western Europe
Netherlands,"sptinc_p80p100_999_j_NL
Pre-tax national income 
P80-100 | share | all ages | equal split
",p80p100,2000,0.4317,4.0,NLD,Western Europe
Netherlands,"sptinc_p80p100_999_j_NL
Pre-tax national income 
P80-100 | share | all ages | equal split
",p80p100,2001,0.4396,4.0,NLD,Western Europe
Netherlands,"sptinc_p80p100_999_j_NL
Pre-tax national income 
P80-100 | share | all ages | equal split
",p80p100,2002,0.4401,4.0,NLD,Western Europe
Netherlands,"sptinc_p80p100_999_j_NL
Pre-tax national income 
P80-100 | share | all ages | equal split
",p80p100,2003,0.4434,4.0,NLD,Western Europe
Netherlands,"sptinc_p80p100_999_j_NL
Pre-tax national income 
P80-100 | share | all ages | equal split
",p80p100,2004,0.448,4.0,NLD,Western Europe
Netherlands,"sptinc_p80p100_999_j_NL
Pre-tax national income 
P80-100 | share | all ages | equal split
",p80p100,2005,0.4517,4.0,NLD,Western Europe
Netherlands,"sptinc_p80p100_999_j_NL
Pre-tax national income 
P80-100 | share | all ages | equal split
",p80p100,2006,0.4538,4.0,NLD,Western Europe
Netherlands,"sptinc_p80p100_999_j_NL
Pre-tax national income 
P80-100 | share | all ages | equal split
",p80p100,2007,0.4655,4.0,NLD,Western Europe
Netherlands,"sptinc_p80p100_999_j_NL
Pre-tax national income 
P80-100 | share | all ages | equal split
",p80p100,2008,0.4401,4.0,NLD,Western Europe
Netherlands,"sptinc_p80p100_999_j_NL
Pre-tax national income 
P80-100 | share | all ages | equal split
",p80p100,2009,0.4414,4.0,NLD,Western Europe
Netherlands,"sptinc_p80p100_999_j_NL
Pre-tax national income 
P80-100 | share | all ages | equal split
",p80p100,2010,0.4482,4.0,NLD,Western Europe
Netherlands,"sptinc_p80p100_999_j_NL
Pre-tax national income 
P80-100 | share | all ages | equal split
",p80p100,2011,0.447,4.0,NLD,Western Europe
Netherlands,"sptinc_p80p100_999_j_NL
Pre-tax national income 
P80-100 | share | all ages | equal split
",p80p100,2012,0.4493,4.0,NLD,Western Europe
Netherlands,"sptinc_p80p100_999_j_NL
Pre-tax national income 
P80-100 | share | all ages | equal split
",p80p100,2013,0.4442,4.0,NLD,Western Europe
Netherlands,"sptinc_p80p100_999_j_NL
Pre-tax national income 
P80-100 | share | all ages | equal split
",p80p100,2014,0.4509,4.0,NLD,Western Europe
Netherlands,"sptinc_p80p100_999_j_NL
Pre-tax national income 
P80-100 | share | all ages | equal split
",p80p100,2015,0.45,3.0,NLD,Western Europe
Netherlands,"sptinc_p80p100_999_j_NL
Pre-tax national income 
P80-100 | share | all ages | equal split
",p80p100,2016,0.4503,3.0,NLD,Western Europe
Netherlands,"sptinc_p80p100_999_j_NL
Pre-tax national income 
P80-100 | share | all ages | equal split
",p80p100,2017,0.4574,3.0,NLD,Western Europe
Netherlands,"sptinc_p80p100_999_j_NL
Pre-tax national income 
P80-100 | share | all ages | equal split
",p80p100,2018,0.4537,3.0,NLD,Western Europe
Netherlands,"sptinc_p80p100_999_j_NL
Pre-tax national income 
P80-100 | share | all ages | equal split
",p80p100,2019,0.4515,3.0,NLD,Western Europe
Netherlands,"sptinc_p80p100_999_j_NL
Pre-tax national income 
P80-100 | share | all ages | equal split
",p80p100,2020,0.4515,3.0,NLD,Western Europe
Netherlands,"sptinc_p80p100_999_j_NL
Pre-tax national income 
P80-100 | share | all ages | equal split
",p80p100,2021,0.455,3.0,NLD,Western Europe
Netherlands,"sptinc_p80p100_999_j_NL
Pre-tax national income 
P80-100 | share | all ages | equal split
",p80p100,2022,0.4608,3.0,NLD,Western Europe
Netherlands,"sptinc_p80p100_999_j_NL
Pre-tax national income 
P80-100 | share | all ages | equal split
",p80p100,2023,0.4671,3.0,NLD,Western Europe
Netherlands,"sptinc_p80p100_999_j_NL
Pre-tax national income 
P80-100 | share | all ages | equal split
",p80p100,2024,0.4671,1.0,NLD,Western Europe
New Zealand,"sptinc_p80p100_999_j_NZ
Pre-tax national income 
P80-100 | share | all ages | equal split
",p80p100,1960,0.5911000000000001,4.0,NZL,Oceania
New Zealand,"sptinc_p80p100_999_j_NZ
Pre-tax national income 
P80-100 | share | all ages | equal split
",p80p100,1961,0.5906,4.0,NZL,Oceania
New Zealand,"sptinc_p80p100_999_j_NZ
Pre-tax national income 
P80-100 | share | all ages | equal split
",p80p100,1962,0.5898,4.0,NZL,Oceania
New Zealand,"sptinc_p80p100_999_j_NZ
Pre-tax national income 
P80-100 | share | all ages | equal split
",p80p100,1963,0.5900000000000001,4.0,NZL,Oceania
New Zealand,"sptinc_p80p100_999_j_NZ
Pre-tax national income 
P80-100 | share | all ages | equal split
",p80p100,1964,0.5948,4.0,NZL,Oceania
New Zealand,"sptinc_p80p100_999_j_NZ
Pre-tax national income 
P80-100 | share | all ages | equal split
",p80p100,1965,0.5812,4.0,NZL,Oceania
New Zealand,"sptinc_p80p100_999_j_NZ
Pre-tax national income 
P80-100 | share | all ages | equal split
",p80p100,1966,0.5781000000000001,4.0,NZL,Oceania
New Zealand,"sptinc_p80p100_999_j_NZ
Pre-tax national income 
P80-100 | share | all ages | equal split
",p80p100,1967,0.5804,4.0,NZL,Oceania
New Zealand,"sptinc_p80p100_999_j_NZ
Pre-tax national income 
P80-100 | share | all ages | equal split
",p80p100,1968,0.5825,4.0,NZL,Oceania
New Zealand,"sptinc_p80p100_999_j_NZ
Pre-tax national income 
P80-100 | share | all ages | equal split
",p80p100,1969,0.5811000000000001,4.0,NZL,Oceania
New Zealand,"sptinc_p80p100_999_j_NZ
Pre-tax national income 
P80-100 | share | all ages | equal split
",p80p100,1970,0.5788,4.0,NZL,Oceania
New Zealand,"sptinc_p80p100_999_j_NZ
Pre-tax national income 
P80-100 | share | all ages | equal split
",p80p100,1971,0.5795,4.0,NZL,Oceania
New Zealand,"sptinc_p80p100_999_j_NZ
Pre-tax national income 
P80-100 | share | all ages | equal split
",p80p100,1972,0.5861000000000001,4.0,NZL,Oceania
New Zealand,"sptinc_p80p100_999_j_NZ
Pre-tax national income 
P80-100 | share | all ages | equal split
",p80p100,1973,0.5911000000000001,4.0,NZL,Oceania
New Zealand,"sptinc_p80p100_999_j_NZ
Pre-tax national income 
P80-100 | share | all ages | equal split
",p80p100,1974,0.5771000000000001,4.0,NZL,Oceania
New Zealand,"sptinc_p80p100_999_j_NZ
Pre-tax national income 
P80-100 | share | all ages | equal split
",p80p100,1975,0.5463,4.0,NZL,Oceania
New Zealand,"sptinc_p80p100_999_j_NZ
Pre-tax national income 
P80-100 | share | all ages | equal split
",p80p100,1976,0.5648000000000001,4.0,NZL,Oceania
New Zealand,"sptinc_p80p100_999_j_NZ
Pre-tax national income 
P80-100 | share | all ages | equal split
",p80p100,1977,0.5395,4.0,NZL,Oceania
New Zealand,"sptinc_p80p100_999_j_NZ
Pre-tax national income 
P80-100 | share | all ages | equal split
",p80p100,1978,0.538,4.0,NZL,Oceania
New Zealand,"sptinc_p80p100_999_j_NZ
Pre-tax national income 
P80-100 | share | all ages | equal split
",p80p100,1979,0.53,4.0,NZL,Oceania
New Zealand,"sptinc_p80p100_999_j_NZ
Pre-tax national income 
P80-100 | share | all ages | equal split
",p80p100,1980,0.534,4.0,NZL,Oceania
New Zealand,"sptinc_p80p100_999_j_NZ
Pre-tax national income 
P80-100 | share | all ages | equal split
",p80p100,1981,0.5338,4.0,NZL,Oceania
New Zealand,"sptinc_p80p100_999_j_NZ
Pre-tax national income 
P80-100 | share | all ages | equal split
",p80p100,1982,0.5397000000000001,4.0,NZL,Oceania
New Zealand,"sptinc_p80p100_999_j_NZ
Pre-tax national income 
P80-100 | share | all ages | equal split
",p80p100,1983,0.5553,4.0,NZL,Oceania
New Zealand,"sptinc_p80p100_999_j_NZ
Pre-tax national income 
P80-100 | share | all ages | equal split
",p80p100,1984,0.547,4.0,NZL,Oceania
New Zealand,"sptinc_p80p100_999_j_NZ
Pre-tax national income 
P80-100 | share | all ages | equal split
",p80p100,1985,0.5331,4.0,NZL,Oceania
New Zealand,"sptinc_p80p100_999_j_NZ
Pre-tax national income 
P80-100 | share | all ages | equal split
",p80p100,1986,0.5222,4.0,NZL,Oceania
New Zealand,"sptinc_p80p100_999_j_NZ
Pre-tax national income 
P80-100 | share | all ages | equal split
",p80p100,1987,0.5156000000000001,4.0,NZL,Oceania
New Zealand,"sptinc_p80p100_999_j_NZ
Pre-tax national income 
P80-100 | share | all ages | equal split
",p80p100,1988,0.5223,4.0,NZL,Oceania
New Zealand,"sptinc_p80p100_999_j_NZ
Pre-tax national income 
P80-100 | share | all ages | equal split
",p80p100,1989,0.5429,4.0,NZL,Oceania
New Zealand,"sptinc_p80p100_999_j_NZ
Pre-tax national income 
P80-100 | share | all ages | equal split
",p80p100,1990,0.5666,4.0,NZL,Oceania
New Zealand,"sptinc_p80p100_999_j_NZ
Pre-tax national income 
P80-100 | share | all ages | equal split
",p80p100,1991,0.5543,4.0,NZL,Oceania
New Zealand,"sptinc_p80p100_999_j_NZ
Pre-tax national income 
P80-100 | share | all ages | equal split
",p80p100,1992,0.5674,4.0,NZL,Oceania
New Zealand,"sptinc_p80p100_999_j_NZ
Pre-tax national income 
P80-100 | share | all ages | equal split
",p80p100,1993,0.5743,4.0,NZL,Oceania
New Zealand,"sptinc_p80p100_999_j_NZ
Pre-tax national income 
P80-100 | share | all ages | equal split
",p80p100,1994,0.5734,4.0,NZL,Oceania
New Zealand,"sptinc_p80p100_999_j_NZ
Pre-tax national income 
P80-100 | share | all ages | equal split
",p80p100,1995,0.5727,4.0,NZL,Oceania
New Zealand,"sptinc_p80p100_999_j_NZ
Pre-tax national income 
P80-100 | share | all ages | equal split
",p80p100,1996,0.5596,4.0,NZL,Oceania
New Zealand,"sptinc_p80p100_999_j_NZ
Pre-tax national income 
P80-100 | share | all ages | equal split
",p80p100,1997,0.5709000000000001,4.0,NZL,Oceania
New Zealand,"sptinc_p80p100_999_j_NZ
Pre-tax national income 
P80-100 | share | all ages | equal split
",p80p100,1998,0.5869,4.0,NZL,Oceania
New Zealand,"sptinc_p80p100_999_j_NZ
Pre-tax national income 
P80-100 | share | all ages | equal split
",p80p100,1999,0.5506,4.0,NZL,Oceania
New Zealand,"sptinc_p80p100_999_j_NZ
Pre-tax national income 
P80-100 | share | all ages | equal split
",p80p100,2000,0.5263,5.0,NZL,Oceania
New Zealand,"sptinc_p80p100_999_j_NZ
Pre-tax national income 
P80-100 | share | all ages | equal split
",p80p100,2001,0.5365,5.0,NZL,Oceania
New Zealand,"sptinc_p80p100_999_j_NZ
Pre-tax national income 
P80-100 | share | all ages | equal split
",p80p100,2002,0.5208,5.0,NZL,Oceania
New Zealand,"sptinc_p80p100_999_j_NZ
Pre-tax national income 
P80-100 | share | all ages | equal split
",p80p100,2003,0.519,5.0,NZL,Oceania
New Zealand,"sptinc_p80p100_999_j_NZ
Pre-tax national income 
P80-100 | share | all ages | equal split
",p80p100,2004,0.5398000000000001,5.0,NZL,Oceania
New Zealand,"sptinc_p80p100_999_j_NZ
Pre-tax national income 
P80-100 | share | all ages | equal split
",p80p100,2005,0.5062,5.0,NZL,Oceania
New Zealand,"sptinc_p80p100_999_j_NZ
Pre-tax national income 
P80-100 | share | all ages | equal split
",p80p100,2006,0.4648,5.0,NZL,Oceania
New Zealand,"sptinc_p80p100_999_j_NZ
Pre-tax national income 
P80-100 | share | all ages | equal split
",p80p100,2007,0.4737,5.0,NZL,Oceania
New Zealand,"sptinc_p80p100_999_j_NZ
Pre-tax national income 
P80-100 | share | all ages | equal split
",p80p100,2008,0.4839,5.0,NZL,Oceania
New Zealand,"sptinc_p80p100_999_j_NZ
Pre-tax national income 
P80-100 | share | all ages | equal split
",p80p100,2009,0.5149,5.0,NZL,Oceania
New Zealand,"sptinc_p80p100_999_j_NZ
Pre-tax national income 
P80-100 | share | all ages | equal split
",p80p100,2010,0.549,5.0,NZL,Oceania
New Zealand,"sptinc_p80p100_999_j_NZ
Pre-tax national income 
P80-100 | share | all ages | equal split
",p80p100,2011,0.5212,5.0,NZL,Oceania
New Zealand,"sptinc_p80p100_999_j_NZ
Pre-tax national income 
P80-100 | share | all ages | equal split
",p80p100,2012,0.4889,5.0,NZL,Oceania
New Zealand,"sptinc_p80p100_999_j_NZ
Pre-tax national income 
P80-100 | share | all ages | equal split
",p80p100,2013,0.483,5.0,NZL,Oceania
New Zealand,"sptinc_p80p100_999_j_NZ
Pre-tax national income 
P80-100 | share | all ages | equal split
",p80p100,2014,0.4803,5.0,NZL,Oceania
New Zealand,"sptinc_p80p100_999_j_NZ
Pre-tax national income 
P80-100 | share | all ages | equal split
",p80p100,2015,0.4775,5.0,NZL,Oceania
New Zealand,"sptinc_p80p100_999_j_NZ
Pre-tax national income 
P80-100 | share | all ages | equal split
",p80p100,2016,0.4747,5.0,NZL,Oceania
New Zealand,"sptinc_p80p100_999_j_NZ
Pre-tax national income 
P80-100 | share | all ages | equal split
",p80p100,2017,0.4721,5.0,NZL,Oceania
New Zealand,"sptinc_p80p100_999_j_NZ
Pre-tax national income 
P80-100 | share | all ages | equal split
",p80p100,2018,0.4606,5.0,NZL,Oceania
New Zealand,"sptinc_p80p100_999_j_NZ
Pre-tax national income 
P80-100 | share | all ages | equal split
",p80p100,2019,0.4861,5.0,NZL,Oceania
New Zealand,"sptinc_p80p100_999_j_NZ
Pre-tax national income 
P80-100 | share | all ages | equal split
",p80p100,2020,0.5113,5.0,NZL,Oceania
New Zealand,"sptinc_p80p100_999_j_NZ
Pre-tax national income 
P80-100 | share | all ages | equal split
",p80p100,2021,0.5255000000000001,5.0,NZL,Oceania
New Zealand,"sptinc_p80p100_999_j_NZ
Pre-tax national income 
P80-100 | share | all ages | equal split
",p80p100,2022,0.4984,5.0,NZL,Oceania
New Zealand,"sptinc_p80p100_999_j_NZ
Pre-tax national income 
P80-100 | share | all ages | equal split
",p80p100,2023,0.4984,5.0,NZL,Oceania
New Zealand,"sptinc_p80p100_999_j_NZ
Pre-tax national income 
P80-100 | share | all ages | equal split
",p80p100,2024,0.4984,5.0,NZL,Oceania
Niger,"sptinc_p80p100_999_j_NE
Pre-tax national income 
P80-100 | share | all ages | equal split
",p80p100,1960,0.7368,0.0,NER,Sub-Saharan Africa
Niger,"sptinc_p80p100_999_j_NE
Pre-tax national income 
P80-100 | share | all ages | equal split
",p80p100,1970,0.7402000000000001,0.0,NER,Sub-Saharan Africa
Niger,"sptinc_p80p100_999_j_NE
Pre-tax national income 
P80-100 | share | all ages | equal split
",p80p100,1980,0.6126,1.0,NER,Sub-Saharan Africa
Niger,"sptinc_p80p100_999_j_NE
Pre-tax national income 
P80-100 | share | all ages | equal split
",p80p100,1981,0.6126,1.0,NER,Sub-Saharan Africa
Niger,"sptinc_p80p100_999_j_NE
Pre-tax national income 
P80-100 | share | all ages | equal split
",p80p100,1982,0.6126,1.0,NER,Sub-Saharan Africa
Niger,"sptinc_p80p100_999_j_NE
Pre-tax national income 
P80-100 | share | all ages | equal split
",p80p100,1983,0.6126,1.0,NER,Sub-Saharan Africa
Niger,"sptinc_p80p100_999_j_NE
Pre-tax national income 
P80-100 | share | all ages | equal split
",p80p100,1984,0.6126,1.0,NER,Sub-Saharan Africa
Niger,"sptinc_p80p100_999_j_NE
Pre-tax national income 
P80-100 | share | all ages | equal split
",p80p100,1985,0.6126,1.0,NER,Sub-Saharan Africa
Niger,"sptinc_p80p100_999_j_NE
Pre-tax national income 
P80-100 | share | all ages | equal split
",p80p100,1986,0.6126,1.0,NER,Sub-Saharan Africa
Niger,"sptinc_p80p100_999_j_NE
Pre-tax national income 
P80-100 | share | all ages | equal split
",p80p100,1987,0.6126,1.0,NER,Sub-Saharan Africa
Niger,"sptinc_p80p100_999_j_NE
Pre-tax national income 
P80-100 | share | all ages | equal split
",p80p100,1988,0.6126,1.0,NER,Sub-Saharan Africa
Niger,"sptinc_p80p100_999_j_NE
Pre-tax national income 
P80-100 | share | all ages | equal split
",p80p100,1989,0.6126,1.0,NER,Sub-Saharan Africa
Niger,"sptinc_p80p100_999_j_NE
Pre-tax national income 
P80-100 | share | all ages | equal split
",p80p100,1990,0.6126,1.0,NER,Sub-Saharan Africa
Niger,"sptinc_p80p100_999_j_NE
Pre-tax national income 
P80-100 | share | all ages | equal split
",p80p100,1991,0.6126,1.0,NER,Sub-Saharan Africa
Niger,"sptinc_p80p100_999_j_NE
Pre-tax national income 
P80-100 | share | all ages | equal split
",p80p100,1992,0.6126,3.0,NER,Sub-Saharan Africa
Niger,"sptinc_p80p100_999_j_NE
Pre-tax national income 
P80-100 | share | all ages | equal split
",p80p100,1993,0.6296,2.0,NER,Sub-Saharan Africa
Niger,"sptinc_p80p100_999_j_NE
Pre-tax national income 
P80-100 | share | all ages | equal split
",p80p100,1994,0.6465000000000001,3.0,NER,Sub-Saharan Africa
Niger,"sptinc_p80p100_999_j_NE
Pre-tax national income 
P80-100 | share | all ages | equal split
",p80p100,1995,0.6498,2.0,NER,Sub-Saharan Africa
Niger,"sptinc_p80p100_999_j_NE
Pre-tax national income 
P80-100 | share | all ages | equal split
",p80p100,1996,0.653,2.0,NER,Sub-Saharan Africa
Niger,"sptinc_p80p100_999_j_NE
Pre-tax national income 
P80-100 | share | all ages | equal split
",p80p100,1997,0.6562,2.0,NER,Sub-Saharan Africa
Niger,"sptinc_p80p100_999_j_NE
Pre-tax national income 
P80-100 | share | all ages | equal split
",p80p100,1998,0.6595000000000001,2.0,NER,Sub-Saharan Africa
Niger,"sptinc_p80p100_999_j_NE
Pre-tax national income 
P80-100 | share | all ages | equal split
",p80p100,1999,0.6627000000000001,2.0,NER,Sub-Saharan Africa
Niger,"sptinc_p80p100_999_j_NE
Pre-tax national income 
P80-100 | share | all ages | equal split
",p80p100,2000,0.666,2.0,NER,Sub-Saharan Africa
Niger,"sptinc_p80p100_999_j_NE
Pre-tax national income 
P80-100 | share | all ages | equal split
",p80p100,2001,0.6692,2.0,NER,Sub-Saharan Africa
Niger,"sptinc_p80p100_999_j_NE
Pre-tax national income 
P80-100 | share | all ages | equal split
",p80p100,2002,0.6724,2.0,NER,Sub-Saharan Africa
Niger,"sptinc_p80p100_999_j_NE
Pre-tax national income 
P80-100 | share | all ages | equal split
",p80p100,2003,0.6757000000000001,2.0,NER,Sub-Saharan Africa
Niger,"sptinc_p80p100_999_j_NE
Pre-tax national income 
P80-100 | share | all ages | equal split
",p80p100,2004,0.6789000000000001,2.0,NER,Sub-Saharan Africa
Niger,"sptinc_p80p100_999_j_NE
Pre-tax national income 
P80-100 | share | all ages | equal split
",p80p100,2005,0.6822,3.0,NER,Sub-Saharan Africa
Niger,"sptinc_p80p100_999_j_NE
Pre-tax national income 
P80-100 | share | all ages | equal split
",p80p100,2006,0.6565000000000001,2.0,NER,Sub-Saharan Africa
Niger,"sptinc_p80p100_999_j_NE
Pre-tax national income 
P80-100 | share | all ages | equal split
",p80p100,2007,0.6307,3.0,NER,Sub-Saharan Africa
Niger,"sptinc_p80p100_999_j_NE
Pre-tax national income 
P80-100 | share | all ages | equal split
",p80p100,2008,0.6171,2.0,NER,Sub-Saharan Africa
Niger,"sptinc_p80p100_999_j_NE
Pre-tax national income 
P80-100 | share | all ages | equal split
",p80p100,2009,0.6036,2.0,NER,Sub-Saharan Africa
Niger,"sptinc_p80p100_999_j_NE
Pre-tax national income 
P80-100 | share | all ages | equal split
",p80p100,2010,0.5900000000000001,2.0,NER,Sub-Saharan Africa
Niger,"sptinc_p80p100_999_j_NE
Pre-tax national income 
P80-100 | share | all ages | equal split
",p80p100,2011,0.5764,3.0,NER,Sub-Saharan Africa
Niger,"sptinc_p80p100_999_j_NE
Pre-tax national income 
P80-100 | share | all ages | equal split
",p80p100,2012,0.5795,2.0,NER,Sub-Saharan Africa
Niger,"sptinc_p80p100_999_j_NE
Pre-tax national income 
P80-100 | share | all ages | equal split
",p80p100,2013,0.5826,2.0,NER,Sub-Saharan Africa
Niger,"sptinc_p80p100_999_j_NE
Pre-tax national income 
P80-100 | share | all ages | equal split
",p80p100,2014,0.5856,3.0,NER,Sub-Saharan Africa
Niger,"sptinc_p80p100_999_j_NE
Pre-tax national income 
P80-100 | share | all ages | equal split
",p80p100,2015,0.5966,2.0,NER,Sub-Saharan Africa
Niger,"sptinc_p80p100_999_j_NE
Pre-tax national income 
P80-100 | share | all ages | equal split
",p80p100,2016,0.6075,2.0,NER,Sub-Saharan Africa
Niger,"sptinc_p80p100_999_j_NE
Pre-tax national income 
P80-100 | share | all ages | equal split
",p80p100,2017,0.6184000000000001,2.0,NER,Sub-Saharan Africa
Niger,"sptinc_p80p100_999_j_NE
Pre-tax national income 
P80-100 | share | all ages | equal split
",p80p100,2018,0.6293000000000001,3.0,NER,Sub-Saharan Africa
Niger,"sptinc_p80p100_999_j_NE
Pre-tax national income 
P80-100 | share | all ages | equal split
",p80p100,2019,0.6176,2.0,NER,Sub-Saharan Africa
Niger,"sptinc_p80p100_999_j_NE
Pre-tax national income 
P80-100 | share | all ages | equal split
",p80p100,2020,0.606,2.0,NER,Sub-Saharan Africa
Niger,"sptinc_p80p100_999_j_NE
Pre-tax national income 
P80-100 | share | all ages | equal split
",p80p100,2021,0.5943,3.0,NER,Sub-Saharan Africa
Niger,"sptinc_p80p100_999_j_NE
Pre-tax national income 
P80-100 | share | all ages | equal split
",p80p100,2022,0.5943,1.0,NER,Sub-Saharan Africa
Niger,"sptinc_p80p100_999_j_NE
Pre-tax national income 
P80-100 | share | all ages | equal split
",p80p100,2023,0.5943,1.0,NER,Sub-Saharan Africa
Niger,"sptinc_p80p100_999_j_NE
Pre-tax national income 
P80-100 | share | all ages | equal split
",p80p100,2024,0.5943,1.0,NER,Sub-Saharan Africa
Nigeria,"sptinc_p80p100_999_j_NG
Pre-tax national income 
P80-100 | share | all ages | equal split
",p80p100,1960,0.7368,2.0,NGA,Sub-Saharan Africa
Nigeria,"sptinc_p80p100_999_j_NG
Pre-tax national income 
P80-100 | share | all ages | equal split
",p80p100,1970,0.7402000000000001,2.0,NGA,Sub-Saharan Africa
Nigeria,"sptinc_p80p100_999_j_NG
Pre-tax national income 
P80-100 | share | all ages | equal split
",p80p100,1980,0.5994,1.0,NGA,Sub-Saharan Africa
Nigeria,"sptinc_p80p100_999_j_NG
Pre-tax national income 
P80-100 | share | all ages | equal split
",p80p100,1981,0.5994,1.0,NGA,Sub-Saharan Africa
Nigeria,"sptinc_p80p100_999_j_NG
Pre-tax national income 
P80-100 | share | all ages | equal split
",p80p100,1982,0.5994,1.0,NGA,Sub-Saharan Africa
Nigeria,"sptinc_p80p100_999_j_NG
Pre-tax national income 
P80-100 | share | all ages | equal split
",p80p100,1983,0.5994,1.0,NGA,Sub-Saharan Africa
Nigeria,"sptinc_p80p100_999_j_NG
Pre-tax national income 
P80-100 | share | all ages | equal split
",p80p100,1984,0.5994,1.0,NGA,Sub-Saharan Africa
Nigeria,"sptinc_p80p100_999_j_NG
Pre-tax national income 
P80-100 | share | all ages | equal split
",p80p100,1985,0.5994,3.0,NGA,Sub-Saharan Africa
Nigeria,"sptinc_p80p100_999_j_NG
Pre-tax national income 
P80-100 | share | all ages | equal split
",p80p100,1986,0.6046,2.0,NGA,Sub-Saharan Africa
Nigeria,"sptinc_p80p100_999_j_NG
Pre-tax national income 
P80-100 | share | all ages | equal split
",p80p100,1987,0.6098,2.0,NGA,Sub-Saharan Africa
Nigeria,"sptinc_p80p100_999_j_NG
Pre-tax national income 
P80-100 | share | all ages | equal split
",p80p100,1988,0.615,2.0,NGA,Sub-Saharan Africa
Nigeria,"sptinc_p80p100_999_j_NG
Pre-tax national income 
P80-100 | share | all ages | equal split
",p80p100,1989,0.6201,2.0,NGA,Sub-Saharan Africa
Nigeria,"sptinc_p80p100_999_j_NG
Pre-tax national income 
P80-100 | share | all ages | equal split
",p80p100,1990,0.6253000000000001,2.0,NGA,Sub-Saharan Africa
Nigeria,"sptinc_p80p100_999_j_NG
Pre-tax national income 
P80-100 | share | all ages | equal split
",p80p100,1991,0.6304000000000001,2.0,NGA,Sub-Saharan Africa
Nigeria,"sptinc_p80p100_999_j_NG
Pre-tax national income 
P80-100 | share | all ages | equal split
",p80p100,1992,0.6356,3.0,NGA,Sub-Saharan Africa
Nigeria,"sptinc_p80p100_999_j_NG
Pre-tax national income 
P80-100 | share | all ages | equal split
",p80p100,1993,0.6338,2.0,NGA,Sub-Saharan Africa
Nigeria,"sptinc_p80p100_999_j_NG
Pre-tax national income 
P80-100 | share | all ages | equal split
",p80p100,1994,0.6321,2.0,NGA,Sub-Saharan Africa
Nigeria,"sptinc_p80p100_999_j_NG
Pre-tax national income 
P80-100 | share | all ages | equal split
",p80p100,1995,0.6303000000000001,2.0,NGA,Sub-Saharan Africa
Nigeria,"sptinc_p80p100_999_j_NG
Pre-tax national income 
P80-100 | share | all ages | equal split
",p80p100,1996,0.6286,3.0,NGA,Sub-Saharan Africa
Nigeria,"sptinc_p80p100_999_j_NG
Pre-tax national income 
P80-100 | share | all ages | equal split
",p80p100,1997,0.6268,2.0,NGA,Sub-Saharan Africa
Nigeria,"sptinc_p80p100_999_j_NG
Pre-tax national income 
P80-100 | share | all ages | equal split
",p80p100,1998,0.6251,2.0,NGA,Sub-Saharan Africa
Nigeria,"sptinc_p80p100_999_j_NG
Pre-tax national income 
P80-100 | share | all ages | equal split
",p80p100,1999,0.6233000000000001,2.0,NGA,Sub-Saharan Africa
Nigeria,"sptinc_p80p100_999_j_NG
Pre-tax national income 
P80-100 | share | all ages | equal split
",p80p100,2000,0.6215,2.0,NGA,Sub-Saharan Africa
Nigeria,"sptinc_p80p100_999_j_NG
Pre-tax national income 
P80-100 | share | all ages | equal split
",p80p100,2001,0.6198,2.0,NGA,Sub-Saharan Africa
Nigeria,"sptinc_p80p100_999_j_NG
Pre-tax national income 
P80-100 | share | all ages | equal split
",p80p100,2002,0.618,2.0,NGA,Sub-Saharan Africa
Nigeria,"sptinc_p80p100_999_j_NG
Pre-tax national income 
P80-100 | share | all ages | equal split
",p80p100,2003,0.6162000000000001,3.0,NGA,Sub-Saharan Africa
Nigeria,"sptinc_p80p100_999_j_NG
Pre-tax national income 
P80-100 | share | all ages | equal split
",p80p100,2004,0.6117,2.0,NGA,Sub-Saharan Africa
Nigeria,"sptinc_p80p100_999_j_NG
Pre-tax national income 
P80-100 | share | all ages | equal split
",p80p100,2005,0.6071000000000001,2.0,NGA,Sub-Saharan Africa
Nigeria,"sptinc_p80p100_999_j_NG
Pre-tax national income 
P80-100 | share | all ages | equal split
",p80p100,2006,0.6025,2.0,NGA,Sub-Saharan Africa
Nigeria,"sptinc_p80p100_999_j_NG
Pre-tax national income 
P80-100 | share | all ages | equal split
",p80p100,2007,0.5979,2.0,NGA,Sub-Saharan Africa
Nigeria,"sptinc_p80p100_999_j_NG
Pre-tax national income 
P80-100 | share | all ages | equal split
",p80p100,2008,0.5933,2.0,NGA,Sub-Saharan Africa
Nigeria,"sptinc_p80p100_999_j_NG
Pre-tax national income 
P80-100 | share | all ages | equal split
",p80p100,2009,0.5887,2.0,NGA,Sub-Saharan Africa
Nigeria,"sptinc_p80p100_999_j_NG
Pre-tax national income 
P80-100 | share | all ages | equal split
",p80p100,2010,0.5841000000000001,3.0,NGA,Sub-Saharan Africa
Nigeria,"sptinc_p80p100_999_j_NG
Pre-tax national income 
P80-100 | share | all ages | equal split
",p80p100,2011,0.5833,2.0,NGA,Sub-Saharan Africa
Nigeria,"sptinc_p80p100_999_j_NG
Pre-tax national income 
P80-100 | share | all ages | equal split
",p80p100,2012,0.5826,3.0,NGA,Sub-Saharan Africa
Nigeria,"sptinc_p80p100_999_j_NG
Pre-tax national income 
P80-100 | share | all ages | equal split
",p80p100,2013,0.5835,2.0,NGA,Sub-Saharan Africa
Nigeria,"sptinc_p80p100_999_j_NG
Pre-tax national income 
P80-100 | share | all ages | equal split
",p80p100,2014,0.5844,2.0,NGA,Sub-Saharan Africa
Nigeria,"sptinc_p80p100_999_j_NG
Pre-tax national income 
P80-100 | share | all ages | equal split
",p80p100,2015,0.5853,3.0,NGA,Sub-Saharan Africa
Nigeria,"sptinc_p80p100_999_j_NG
Pre-tax national income 
P80-100 | share | all ages | equal split
",p80p100,2016,0.5842,2.0,NGA,Sub-Saharan Africa
Nigeria,"sptinc_p80p100_999_j_NG
Pre-tax national income 
P80-100 | share | all ages | equal split
",p80p100,2017,0.5830000000000001,2.0,NGA,Sub-Saharan Africa
Nigeria,"sptinc_p80p100_999_j_NG
Pre-tax national income 
P80-100 | share | all ages | equal split
",p80p100,2018,0.5818,3.0,NGA,Sub-Saharan Africa
Nigeria,"sptinc_p80p100_999_j_NG
Pre-tax national income 
P80-100 | share | all ages | equal split
",p80p100,2019,0.5803,2.0,NGA,Sub-Saharan Africa
Nigeria,"sptinc_p80p100_999_j_NG
Pre-tax national income 
P80-100 | share | all ages | equal split
",p80p100,2020,0.5788,2.0,NGA,Sub-Saharan Africa
Nigeria,"sptinc_p80p100_999_j_NG
Pre-tax national income 
P80-100 | share | all ages | equal split
",p80p100,2021,0.5772,2.0,NGA,Sub-Saharan Africa
Nigeria,"sptinc_p80p100_999_j_NG
Pre-tax national income 
P80-100 | share | all ages | equal split
",p80p100,2022,0.5757,3.0,NGA,Sub-Saharan Africa
Nigeria,"sptinc_p80p100_999_j_NG
Pre-tax national income 
P80-100 | share | all ages | equal split
",p80p100,2023,0.5757,1.0,NGA,Sub-Saharan Africa
Nigeria,"sptinc_p80p100_999_j_NG
Pre-tax national income 
P80-100 | share | all ages | equal split
",p80p100,2024,0.5757,1.0,NGA,Sub-Saharan Africa
Norway,"sptinc_p80p100_999_j_NO
Pre-tax national income 
P80-100 | share | all ages | equal split
",p80p100,1960,0.4777,3.0,NOR,Nordic
Norway,"sptinc_p80p100_999_j_NO
Pre-tax national income 
P80-100 | share | all ages | equal split
",p80p100,1961,0.4741,3.0,NOR,Nordic
Norway,"sptinc_p80p100_999_j_NO
Pre-tax national income 
P80-100 | share | all ages | equal split
",p80p100,1962,0.471,3.0,NOR,Nordic
Norway,"sptinc_p80p100_999_j_NO
Pre-tax national income 
P80-100 | share | all ages | equal split
",p80p100,1963,0.467,3.0,NOR,Nordic
Norway,"sptinc_p80p100_999_j_NO
Pre-tax national income 
P80-100 | share | all ages | equal split
",p80p100,1964,0.4636,3.0,NOR,Nordic
Norway,"sptinc_p80p100_999_j_NO
Pre-tax national income 
P80-100 | share | all ages | equal split
",p80p100,1965,0.4605,3.0,NOR,Nordic
Norway,"sptinc_p80p100_999_j_NO
Pre-tax national income 
P80-100 | share | all ages | equal split
",p80p100,1966,0.4567,3.0,NOR,Nordic
Norway,"sptinc_p80p100_999_j_NO
Pre-tax national income 
P80-100 | share | all ages | equal split
",p80p100,1967,0.4527,4.0,NOR,Nordic
Norway,"sptinc_p80p100_999_j_NO
Pre-tax national income 
P80-100 | share | all ages | equal split
",p80p100,1968,0.4507,4.0,NOR,Nordic
Norway,"sptinc_p80p100_999_j_NO
Pre-tax national income 
P80-100 | share | all ages | equal split
",p80p100,1969,0.449,4.0,NOR,Nordic
Norway,"sptinc_p80p100_999_j_NO
Pre-tax national income 
P80-100 | share | all ages | equal split
",p80p100,1970,0.4538,4.0,NOR,Nordic
Norway,"sptinc_p80p100_999_j_NO
Pre-tax national income 
P80-100 | share | all ages | equal split
",p80p100,1971,0.4433,4.0,NOR,Nordic
Norway,"sptinc_p80p100_999_j_NO
Pre-tax national income 
P80-100 | share | all ages | equal split
",p80p100,1972,0.4387,4.0,NOR,Nordic
Norway,"sptinc_p80p100_999_j_NO
Pre-tax national income 
P80-100 | share | all ages | equal split
",p80p100,1973,0.4371,4.0,NOR,Nordic
Norway,"sptinc_p80p100_999_j_NO
Pre-tax national income 
P80-100 | share | all ages | equal split
",p80p100,1974,0.4333,4.0,NOR,Nordic
Norway,"sptinc_p80p100_999_j_NO
Pre-tax national income 
P80-100 | share | all ages | equal split
",p80p100,1975,0.4295,4.0,NOR,Nordic
Norway,"sptinc_p80p100_999_j_NO
Pre-tax national income 
P80-100 | share | all ages | equal split
",p80p100,1976,0.4273,4.0,NOR,Nordic
Norway,"sptinc_p80p100_999_j_NO
Pre-tax national income 
P80-100 | share | all ages | equal split
",p80p100,1977,0.4244,4.0,NOR,Nordic
Norway,"sptinc_p80p100_999_j_NO
Pre-tax national income 
P80-100 | share | all ages | equal split
",p80p100,1978,0.4196,4.0,NOR,Nordic
Norway,"sptinc_p80p100_999_j_NO
Pre-tax national income 
P80-100 | share | all ages | equal split
",p80p100,1979,0.4172,4.0,NOR,Nordic
Norway,"sptinc_p80p100_999_j_NO
Pre-tax national income 
P80-100 | share | all ages | equal split
",p80p100,1980,0.4235,3.0,NOR,Nordic
Norway,"sptinc_p80p100_999_j_NO
Pre-tax national income 
P80-100 | share | all ages | equal split
",p80p100,1981,0.416,3.0,NOR,Nordic
Norway,"sptinc_p80p100_999_j_NO
Pre-tax national income 
P80-100 | share | all ages | equal split
",p80p100,1982,0.4133,3.0,NOR,Nordic
Norway,"sptinc_p80p100_999_j_NO
Pre-tax national income 
P80-100 | share | all ages | equal split
",p80p100,1983,0.407,3.0,NOR,Nordic
Norway,"sptinc_p80p100_999_j_NO
Pre-tax national income 
P80-100 | share | all ages | equal split
",p80p100,1984,0.41,3.0,NOR,Nordic
Norway,"sptinc_p80p100_999_j_NO
Pre-tax national income 
P80-100 | share | all ages | equal split
",p80p100,1985,0.4126,3.0,NOR,Nordic
Norway,"sptinc_p80p100_999_j_NO
Pre-tax national income 
P80-100 | share | all ages | equal split
",p80p100,1986,0.386,4.0,NOR,Nordic
Norway,"sptinc_p80p100_999_j_NO
Pre-tax national income 
P80-100 | share | all ages | equal split
",p80p100,1987,0.3843,4.0,NOR,Nordic
Norway,"sptinc_p80p100_999_j_NO
Pre-tax national income 
P80-100 | share | all ages | equal split
",p80p100,1988,0.3756,4.0,NOR,Nordic
Norway,"sptinc_p80p100_999_j_NO
Pre-tax national income 
P80-100 | share | all ages | equal split
",p80p100,1989,0.3728,2.0,NOR,Nordic
Norway,"sptinc_p80p100_999_j_NO
Pre-tax national income 
P80-100 | share | all ages | equal split
",p80p100,1990,0.3782,4.0,NOR,Nordic
Norway,"sptinc_p80p100_999_j_NO
Pre-tax national income 
P80-100 | share | all ages | equal split
",p80p100,1991,0.3783,4.0,NOR,Nordic
Norway,"sptinc_p80p100_999_j_NO
Pre-tax national income 
P80-100 | share | all ages | equal split
",p80p100,1992,0.3825,4.0,NOR,Nordic
Norway,"sptinc_p80p100_999_j_NO
Pre-tax national income 
P80-100 | share | all ages | equal split
",p80p100,1993,0.4014,4.0,NOR,Nordic
Norway,"sptinc_p80p100_999_j_NO
Pre-tax national income 
P80-100 | share | all ages | equal split
",p80p100,1994,0.4152,4.0,NOR,Nordic
Norway,"sptinc_p80p100_999_j_NO
Pre-tax national income 
P80-100 | share | all ages | equal split
",p80p100,1995,0.4152,4.0,NOR,Nordic
Norway,"sptinc_p80p100_999_j_NO
Pre-tax national income 
P80-100 | share | all ages | equal split
",p80p100,1996,0.4323,4.0,NOR,Nordic
Norway,"sptinc_p80p100_999_j_NO
Pre-tax national income 
P80-100 | share | all ages | equal split
",p80p100,1997,0.4458,4.0,NOR,Nordic
Norway,"sptinc_p80p100_999_j_NO
Pre-tax national income 
P80-100 | share | all ages | equal split
",p80p100,1998,0.4233,4.0,NOR,Nordic
Norway,"sptinc_p80p100_999_j_NO
Pre-tax national income 
P80-100 | share | all ages | equal split
",p80p100,1999,0.4329,4.0,NOR,Nordic
Norway,"sptinc_p80p100_999_j_NO
Pre-tax national income 
P80-100 | share | all ages | equal split
",p80p100,2000,0.461,4.0,NOR,Nordic
Norway,"sptinc_p80p100_999_j_NO
Pre-tax national income 
P80-100 | share | all ages | equal split
",p80p100,2001,0.4381,4.0,NOR,Nordic
Norway,"sptinc_p80p100_999_j_NO
Pre-tax national income 
P80-100 | share | all ages | equal split
",p80p100,2002,0.4412,4.0,NOR,Nordic
Norway,"sptinc_p80p100_999_j_NO
Pre-tax national income 
P80-100 | share | all ages | equal split
",p80p100,2003,0.4451,4.0,NOR,Nordic
Norway,"sptinc_p80p100_999_j_NO
Pre-tax national income 
P80-100 | share | all ages | equal split
",p80p100,2004,0.4622,4.0,NOR,Nordic
Norway,"sptinc_p80p100_999_j_NO
Pre-tax national income 
P80-100 | share | all ages | equal split
",p80p100,2005,0.5032,4.0,NOR,Nordic
Norway,"sptinc_p80p100_999_j_NO
Pre-tax national income 
P80-100 | share | all ages | equal split
",p80p100,2006,0.4688000000000001,4.0,NOR,Nordic
Norway,"sptinc_p80p100_999_j_NO
Pre-tax national income 
P80-100 | share | all ages | equal split
",p80p100,2007,0.471,4.0,NOR,Nordic
Norway,"sptinc_p80p100_999_j_NO
Pre-tax national income 
P80-100 | share | all ages | equal split
",p80p100,2008,0.4727,4.0,NOR,Nordic
Norway,"sptinc_p80p100_999_j_NO
Pre-tax national income 
P80-100 | share | all ages | equal split
",p80p100,2009,0.4456,4.0,NOR,Nordic
Norway,"sptinc_p80p100_999_j_NO
Pre-tax national income 
P80-100 | share | all ages | equal split
",p80p100,2010,0.4616,4.0,NOR,Nordic
Norway,"sptinc_p80p100_999_j_NO
Pre-tax national income 
P80-100 | share | all ages | equal split
",p80p100,2011,0.4655,3.0,NOR,Nordic
Norway,"sptinc_p80p100_999_j_NO
Pre-tax national income 
P80-100 | share | all ages | equal split
",p80p100,2012,0.4675,3.0,NOR,Nordic
Norway,"sptinc_p80p100_999_j_NO
Pre-tax national income 
P80-100 | share | all ages | equal split
",p80p100,2013,0.4625,3.0,NOR,Nordic
Norway,"sptinc_p80p100_999_j_NO
Pre-tax national income 
P80-100 | share | all ages | equal split
",p80p100,2014,0.4616,3.0,NOR,Nordic
Norway,"sptinc_p80p100_999_j_NO
Pre-tax national income 
P80-100 | share | all ages | equal split
",p80p100,2015,0.4479,3.0,NOR,Nordic
Norway,"sptinc_p80p100_999_j_NO
Pre-tax national income 
P80-100 | share | all ages | equal split
",p80p100,2016,0.4478,3.0,NOR,Nordic
Norway,"sptinc_p80p100_999_j_NO
Pre-tax national income 
P80-100 | share | all ages | equal split
",p80p100,2017,0.4512,3.0,NOR,Nordic
Norway,"sptinc_p80p100_999_j_NO
Pre-tax national income 
P80-100 | share | all ages | equal split
",p80p100,2018,0.4606,3.0,NOR,Nordic
Norway,"sptinc_p80p100_999_j_NO
Pre-tax national income 
P80-100 | share | all ages | equal split
",p80p100,2019,0.445,3.0,NOR,Nordic
Norway,"sptinc_p80p100_999_j_NO
Pre-tax national income 
P80-100 | share | all ages | equal split
",p80p100,2020,0.445,3.0,NOR,Nordic
Norway,"sptinc_p80p100_999_j_NO
Pre-tax national income 
P80-100 | share | all ages | equal split
",p80p100,2021,0.4494,3.0,NOR,Nordic
Norway,"sptinc_p80p100_999_j_NO
Pre-tax national income 
P80-100 | share | all ages | equal split
",p80p100,2022,0.4579,3.0,NOR,Nordic
Norway,"sptinc_p80p100_999_j_NO
Pre-tax national income 
P80-100 | share | all ages | equal split
",p80p100,2023,0.4577,3.0,NOR,Nordic
Norway,"sptinc_p80p100_999_j_NO
Pre-tax national income 
P80-100 | share | all ages | equal split
",p80p100,2024,0.4577,1.0,NOR,Nordic
Pakistan,"sptinc_p80p100_999_j_PK
Pre-tax national income 
P80-100 | share | all ages | equal split
",p80p100,1960,0.5909,0.0,PAK,South Asia
Pakistan,"sptinc_p80p100_999_j_PK
Pre-tax national income 
P80-100 | share | all ages | equal split
",p80p100,1970,0.6394000000000001,0.0,PAK,South Asia
Pakistan,"sptinc_p80p100_999_j_PK
Pre-tax national income 
P80-100 | share | all ages | equal split
",p80p100,1980,0.5840000000000001,1.0,PAK,South Asia
Pakistan,"sptinc_p80p100_999_j_PK
Pre-tax national income 
P80-100 | share | all ages | equal split
",p80p100,1981,0.5840000000000001,1.0,PAK,South Asia
Pakistan,"sptinc_p80p100_999_j_PK
Pre-tax national income 
P80-100 | share | all ages | equal split
",p80p100,1982,0.5840000000000001,1.0,PAK,South Asia
Pakistan,"sptinc_p80p100_999_j_PK
Pre-tax national income 
P80-100 | share | all ages | equal split
",p80p100,1983,0.5840000000000001,1.0,PAK,South Asia
Pakistan,"sptinc_p80p100_999_j_PK
Pre-tax national income 
P80-100 | share | all ages | equal split
",p80p100,1984,0.5840000000000001,1.0,PAK,South Asia
Pakistan,"sptinc_p80p100_999_j_PK
Pre-tax national income 
P80-100 | share | all ages | equal split
",p80p100,1985,0.5840000000000001,1.0,PAK,South Asia
Pakistan,"sptinc_p80p100_999_j_PK
Pre-tax national income 
P80-100 | share | all ages | equal split
",p80p100,1986,0.5840000000000001,1.0,PAK,South Asia
Pakistan,"sptinc_p80p100_999_j_PK
Pre-tax national income 
P80-100 | share | all ages | equal split
",p80p100,1987,0.5840000000000001,3.0,PAK,South Asia
Pakistan,"sptinc_p80p100_999_j_PK
Pre-tax national income 
P80-100 | share | all ages | equal split
",p80p100,1988,0.5816,2.0,PAK,South Asia
Pakistan,"sptinc_p80p100_999_j_PK
Pre-tax national income 
P80-100 | share | all ages | equal split
",p80p100,1989,0.5793,2.0,PAK,South Asia
Pakistan,"sptinc_p80p100_999_j_PK
Pre-tax national income 
P80-100 | share | all ages | equal split
",p80p100,1990,0.5771000000000001,3.0,PAK,South Asia
Pakistan,"sptinc_p80p100_999_j_PK
Pre-tax national income 
P80-100 | share | all ages | equal split
",p80p100,1991,0.5746,2.0,PAK,South Asia
Pakistan,"sptinc_p80p100_999_j_PK
Pre-tax national income 
P80-100 | share | all ages | equal split
",p80p100,1992,0.5720000000000001,2.0,PAK,South Asia
Pakistan,"sptinc_p80p100_999_j_PK
Pre-tax national income 
P80-100 | share | all ages | equal split
",p80p100,1993,0.5696,2.0,PAK,South Asia
Pakistan,"sptinc_p80p100_999_j_PK
Pre-tax national income 
P80-100 | share | all ages | equal split
",p80p100,1994,0.5672,2.0,PAK,South Asia
Pakistan,"sptinc_p80p100_999_j_PK
Pre-tax national income 
P80-100 | share | all ages | equal split
",p80p100,1995,0.5648000000000001,2.0,PAK,South Asia
Pakistan,"sptinc_p80p100_999_j_PK
Pre-tax national income 
P80-100 | share | all ages | equal split
",p80p100,1996,0.5625,3.0,PAK,South Asia
Pakistan,"sptinc_p80p100_999_j_PK
Pre-tax national income 
P80-100 | share | all ages | equal split
",p80p100,1997,0.5798,2.0,PAK,South Asia
Pakistan,"sptinc_p80p100_999_j_PK
Pre-tax national income 
P80-100 | share | all ages | equal split
",p80p100,1998,0.5961000000000001,3.0,PAK,South Asia
Pakistan,"sptinc_p80p100_999_j_PK
Pre-tax national income 
P80-100 | share | all ages | equal split
",p80p100,1999,0.5910000000000001,2.0,PAK,South Asia
Pakistan,"sptinc_p80p100_999_j_PK
Pre-tax national income 
P80-100 | share | all ages | equal split
",p80p100,2000,0.5847,2.0,PAK,South Asia
Pakistan,"sptinc_p80p100_999_j_PK
Pre-tax national income 
P80-100 | share | all ages | equal split
",p80p100,2001,0.5776,3.0,PAK,South Asia
Pakistan,"sptinc_p80p100_999_j_PK
Pre-tax national income 
P80-100 | share | all ages | equal split
",p80p100,2002,0.5851000000000001,2.0,PAK,South Asia
Pakistan,"sptinc_p80p100_999_j_PK
Pre-tax national income 
P80-100 | share | all ages | equal split
",p80p100,2003,0.5930000000000001,2.0,PAK,South Asia
Pakistan,"sptinc_p80p100_999_j_PK
Pre-tax national income 
P80-100 | share | all ages | equal split
",p80p100,2004,0.5972000000000001,3.0,PAK,South Asia
Pakistan,"sptinc_p80p100_999_j_PK
Pre-tax national income 
P80-100 | share | all ages | equal split
",p80p100,2005,0.6075,3.0,PAK,South Asia
Pakistan,"sptinc_p80p100_999_j_PK
Pre-tax national income 
P80-100 | share | all ages | equal split
",p80p100,2006,0.5966,2.0,PAK,South Asia
Pakistan,"sptinc_p80p100_999_j_PK
Pre-tax national income 
P80-100 | share | all ages | equal split
",p80p100,2007,0.5863,3.0,PAK,South Asia
Pakistan,"sptinc_p80p100_999_j_PK
Pre-tax national income 
P80-100 | share | all ages | equal split
",p80p100,2008,0.5765,2.0,PAK,South Asia
Pakistan,"sptinc_p80p100_999_j_PK
Pre-tax national income 
P80-100 | share | all ages | equal split
",p80p100,2009,0.5711,2.0,PAK,South Asia
Pakistan,"sptinc_p80p100_999_j_PK
Pre-tax national income 
P80-100 | share | all ages | equal split
",p80p100,2010,0.5715,3.0,PAK,South Asia
Pakistan,"sptinc_p80p100_999_j_PK
Pre-tax national income 
P80-100 | share | all ages | equal split
",p80p100,2011,0.5736,3.0,PAK,South Asia
Pakistan,"sptinc_p80p100_999_j_PK
Pre-tax national income 
P80-100 | share | all ages | equal split
",p80p100,2012,0.5700000000000001,2.0,PAK,South Asia
Pakistan,"sptinc_p80p100_999_j_PK
Pre-tax national income 
P80-100 | share | all ages | equal split
",p80p100,2013,0.5661,3.0,PAK,South Asia
Pakistan,"sptinc_p80p100_999_j_PK
Pre-tax national income 
P80-100 | share | all ages | equal split
",p80p100,2014,0.5740000000000001,2.0,PAK,South Asia
Pakistan,"sptinc_p80p100_999_j_PK
Pre-tax national income 
P80-100 | share | all ages | equal split
",p80p100,2015,0.5802,3.0,PAK,South Asia
Pakistan,"sptinc_p80p100_999_j_PK
Pre-tax national income 
P80-100 | share | all ages | equal split
",p80p100,2016,0.5763,2.0,PAK,South Asia
Pakistan,"sptinc_p80p100_999_j_PK
Pre-tax national income 
P80-100 | share | all ages | equal split
",p80p100,2017,0.5730000000000001,2.0,PAK,South Asia
Pakistan,"sptinc_p80p100_999_j_PK
Pre-tax national income 
P80-100 | share | all ages | equal split
",p80p100,2018,0.5698,3.0,PAK,South Asia
Pakistan,"sptinc_p80p100_999_j_PK
Pre-tax national income 
P80-100 | share | all ages | equal split
",p80p100,2019,0.5698,1.0,PAK,South Asia
Pakistan,"sptinc_p80p100_999_j_PK
Pre-tax national income 
P80-100 | share | all ages | equal split
",p80p100,2020,0.5698,1.0,PAK,South Asia
Pakistan,"sptinc_p80p100_999_j_PK
Pre-tax national income 
P80-100 | share | all ages | equal split
",p80p100,2021,0.5698,1.0,PAK,South Asia
Pakistan,"sptinc_p80p100_999_j_PK
Pre-tax national income 
P80-100 | share | all ages | equal split
",p80p100,2022,0.5698,1.0,PAK,South Asia
Pakistan,"sptinc_p80p100_999_j_PK
Pre-tax national income 
P80-100 | share | all ages | equal split
",p80p100,2023,0.5698,1.0,PAK,South Asia
Pakistan,"sptinc_p80p100_999_j_PK
Pre-tax national income 
P80-100 | share | all ages | equal split
",p80p100,2024,0.5698,1.0,PAK,South Asia
Panama,"sptinc_p80p100_999_j_PA
Pre-tax national income 
P80-100 | share | all ages | equal split
",p80p100,1980,0.7045,0.0,PAN,Latin America & Caribbean
Panama,"sptinc_p80p100_999_j_PA
Pre-tax national income 
P80-100 | share | all ages | equal split
",p80p100,1981,0.7045,0.0,PAN,Latin America & Caribbean
Panama,"sptinc_p80p100_999_j_PA
Pre-tax national income 
P80-100 | share | all ages | equal split
",p80p100,1982,0.7045,0.0,PAN,Latin America & Caribbean
Panama,"sptinc_p80p100_999_j_PA
Pre-tax national income 
P80-100 | share | all ages | equal split
",p80p100,1983,0.7045,0.0,PAN,Latin America & Caribbean
Panama,"sptinc_p80p100_999_j_PA
Pre-tax national income 
P80-100 | share | all ages | equal split
",p80p100,1984,0.7045,0.0,PAN,Latin America & Caribbean
Panama,"sptinc_p80p100_999_j_PA
Pre-tax national income 
P80-100 | share | all ages | equal split
",p80p100,1985,0.7045,0.0,PAN,Latin America & Caribbean
Panama,"sptinc_p80p100_999_j_PA
Pre-tax national income 
P80-100 | share | all ages | equal split
",p80p100,1986,0.7045,0.0,PAN,Latin America & Caribbean
Panama,"sptinc_p80p100_999_j_PA
Pre-tax national income 
P80-100 | share | all ages | equal split
",p80p100,1987,0.7045,0.0,PAN,Latin America & Caribbean
Panama,"sptinc_p80p100_999_j_PA
Pre-tax national income 
P80-100 | share | all ages | equal split
",p80p100,1988,0.7045,0.0,PAN,Latin America & Caribbean
Panama,"sptinc_p80p100_999_j_PA
Pre-tax national income 
P80-100 | share | all ages | equal split
",p80p100,1989,0.7045,0.0,PAN,Latin America & Caribbean
Panama,"sptinc_p80p100_999_j_PA
Pre-tax national income 
P80-100 | share | all ages | equal split
",p80p100,1990,0.7045,0.0,PAN,Latin America & Caribbean
Panama,"sptinc_p80p100_999_j_PA
Pre-tax national income 
P80-100 | share | all ages | equal split
",p80p100,1991,0.7045,0.0,PAN,Latin America & Caribbean
Panama,"sptinc_p80p100_999_j_PA
Pre-tax national income 
P80-100 | share | all ages | equal split
",p80p100,1992,0.7045,0.0,PAN,Latin America & Caribbean
Panama,"sptinc_p80p100_999_j_PA
Pre-tax national income 
P80-100 | share | all ages | equal split
",p80p100,1993,0.7045,0.0,PAN,Latin America & Caribbean
Panama,"sptinc_p80p100_999_j_PA
Pre-tax national income 
P80-100 | share | all ages | equal split
",p80p100,1994,0.7045,0.0,PAN,Latin America & Caribbean
Panama,"sptinc_p80p100_999_j_PA
Pre-tax national income 
P80-100 | share | all ages | equal split
",p80p100,1995,0.7045,0.0,PAN,Latin America & Caribbean
Panama,"sptinc_p80p100_999_j_PA
Pre-tax national income 
P80-100 | share | all ages | equal split
",p80p100,1996,0.7045,0.0,PAN,Latin America & Caribbean
Panama,"sptinc_p80p100_999_j_PA
Pre-tax national income 
P80-100 | share | all ages | equal split
",p80p100,1997,0.7045,0.0,PAN,Latin America & Caribbean
Panama,"sptinc_p80p100_999_j_PA
Pre-tax national income 
P80-100 | share | all ages | equal split
",p80p100,1998,0.7045,0.0,PAN,Latin America & Caribbean
Panama,"sptinc_p80p100_999_j_PA
Pre-tax national income 
P80-100 | share | all ages | equal split
",p80p100,1999,0.7045,0.0,PAN,Latin America & Caribbean
Panama,"sptinc_p80p100_999_j_PA
Pre-tax national income 
P80-100 | share | all ages | equal split
",p80p100,2000,0.7045,0.0,PAN,Latin America & Caribbean
Panama,"sptinc_p80p100_999_j_PA
Pre-tax national income 
P80-100 | share | all ages | equal split
",p80p100,2001,0.7130000000000001,0.0,PAN,Latin America & Caribbean
Panama,"sptinc_p80p100_999_j_PA
Pre-tax national income 
P80-100 | share | all ages | equal split
",p80p100,2002,0.7109000000000001,0.0,PAN,Latin America & Caribbean
Panama,"sptinc_p80p100_999_j_PA
Pre-tax national income 
P80-100 | share | all ages | equal split
",p80p100,2003,0.7069000000000001,0.0,PAN,Latin America & Caribbean
Panama,"sptinc_p80p100_999_j_PA
Pre-tax national income 
P80-100 | share | all ages | equal split
",p80p100,2004,0.7035,0.0,PAN,Latin America & Caribbean
Panama,"sptinc_p80p100_999_j_PA
Pre-tax national income 
P80-100 | share | all ages | equal split
",p80p100,2005,0.7021000000000001,0.0,PAN,Latin America & Caribbean
Panama,"sptinc_p80p100_999_j_PA
Pre-tax national income 
P80-100 | share | all ages | equal split
",p80p100,2006,0.6978000000000001,0.0,PAN,Latin America & Caribbean
Panama,"sptinc_p80p100_999_j_PA
Pre-tax national income 
P80-100 | share | all ages | equal split
",p80p100,2007,0.7043,0.0,PAN,Latin America & Caribbean
Panama,"sptinc_p80p100_999_j_PA
Pre-tax national income 
P80-100 | share | all ages | equal split
",p80p100,2008,0.6968000000000001,0.0,PAN,Latin America & Caribbean
Panama,"sptinc_p80p100_999_j_PA
Pre-tax national income 
P80-100 | share | all ages | equal split
",p80p100,2009,0.6902,0.0,PAN,Latin America & Caribbean
Panama,"sptinc_p80p100_999_j_PA
Pre-tax national income 
P80-100 | share | all ages | equal split
",p80p100,2010,0.6897,0.0,PAN,Latin America & Caribbean
Panama,"sptinc_p80p100_999_j_PA
Pre-tax national income 
P80-100 | share | all ages | equal split
",p80p100,2011,0.6831,0.0,PAN,Latin America & Caribbean
Panama,"sptinc_p80p100_999_j_PA
Pre-tax national income 
P80-100 | share | all ages | equal split
",p80p100,2012,0.677,0.0,PAN,Latin America & Caribbean
Panama,"sptinc_p80p100_999_j_PA
Pre-tax national income 
P80-100 | share | all ages | equal split
",p80p100,2013,0.6814,0.0,PAN,Latin America & Caribbean
Panama,"sptinc_p80p100_999_j_PA
Pre-tax national income 
P80-100 | share | all ages | equal split
",p80p100,2014,0.6761,0.0,PAN,Latin America & Caribbean
Panama,"sptinc_p80p100_999_j_PA
Pre-tax national income 
P80-100 | share | all ages | equal split
",p80p100,2015,0.6736000000000001,0.0,PAN,Latin America & Caribbean
Panama,"sptinc_p80p100_999_j_PA
Pre-tax national income 
P80-100 | share | all ages | equal split
",p80p100,2016,0.6738000000000001,0.0,PAN,Latin America & Caribbean
Panama,"sptinc_p80p100_999_j_PA
Pre-tax national income 
P80-100 | share | all ages | equal split
",p80p100,2017,0.6751,0.0,PAN,Latin America & Caribbean
Panama,"sptinc_p80p100_999_j_PA
Pre-tax national income 
P80-100 | share | all ages | equal split
",p80p100,2018,0.6765,0.0,PAN,Latin America & Caribbean
Panama,"sptinc_p80p100_999_j_PA
Pre-tax national income 
P80-100 | share | all ages | equal split
",p80p100,2019,0.6728000000000001,0.0,PAN,Latin America & Caribbean
Panama,"sptinc_p80p100_999_j_PA
Pre-tax national income 
P80-100 | share | all ages | equal split
",p80p100,2020,0.6896,0.0,PAN,Latin America & Caribbean
Panama,"sptinc_p80p100_999_j_PA
Pre-tax national income 
P80-100 | share | all ages | equal split
",p80p100,2021,0.6794,0.0,PAN,Latin America & Caribbean
Panama,"sptinc_p80p100_999_j_PA
Pre-tax national income 
P80-100 | share | all ages | equal split
",p80p100,2022,0.6706000000000001,0.0,PAN,Latin America & Caribbean
Panama,"sptinc_p80p100_999_j_PA
Pre-tax national income 
P80-100 | share | all ages | equal split
",p80p100,2023,0.6712,0.0,PAN,Latin America & Caribbean
Panama,"sptinc_p80p100_999_j_PA
Pre-tax national income 
P80-100 | share | all ages | equal split
",p80p100,2024,0.6712,0.0,PAN,Latin America & Caribbean
Paraguay,"sptinc_p80p100_999_j_PY
Pre-tax national income 
P80-100 | share | all ages | equal split
",p80p100,1980,0.7045,0.0,PRY,Latin America & Caribbean
Paraguay,"sptinc_p80p100_999_j_PY
Pre-tax national income 
P80-100 | share | all ages | equal split
",p80p100,1981,0.7045,0.0,PRY,Latin America & Caribbean
Paraguay,"sptinc_p80p100_999_j_PY
Pre-tax national income 
P80-100 | share | all ages | equal split
",p80p100,1982,0.7045,0.0,PRY,Latin America & Caribbean
Paraguay,"sptinc_p80p100_999_j_PY
Pre-tax national income 
P80-100 | share | all ages | equal split
",p80p100,1983,0.7045,0.0,PRY,Latin America & Caribbean
Paraguay,"sptinc_p80p100_999_j_PY
Pre-tax national income 
P80-100 | share | all ages | equal split
",p80p100,1984,0.7045,0.0,PRY,Latin America & Caribbean
Paraguay,"sptinc_p80p100_999_j_PY
Pre-tax national income 
P80-100 | share | all ages | equal split
",p80p100,1985,0.7045,0.0,PRY,Latin America & Caribbean
Paraguay,"sptinc_p80p100_999_j_PY
Pre-tax national income 
P80-100 | share | all ages | equal split
",p80p100,1986,0.7045,0.0,PRY,Latin America & Caribbean
Paraguay,"sptinc_p80p100_999_j_PY
Pre-tax national income 
P80-100 | share | all ages | equal split
",p80p100,1987,0.7045,0.0,PRY,Latin America & Caribbean
Paraguay,"sptinc_p80p100_999_j_PY
Pre-tax national income 
P80-100 | share | all ages | equal split
",p80p100,1988,0.7045,0.0,PRY,Latin America & Caribbean
Paraguay,"sptinc_p80p100_999_j_PY
Pre-tax national income 
P80-100 | share | all ages | equal split
",p80p100,1989,0.7045,0.0,PRY,Latin America & Caribbean
Paraguay,"sptinc_p80p100_999_j_PY
Pre-tax national income 
P80-100 | share | all ages | equal split
",p80p100,1990,0.7045,0.0,PRY,Latin America & Caribbean
Paraguay,"sptinc_p80p100_999_j_PY
Pre-tax national income 
P80-100 | share | all ages | equal split
",p80p100,1991,0.7045,0.0,PRY,Latin America & Caribbean
Paraguay,"sptinc_p80p100_999_j_PY
Pre-tax national income 
P80-100 | share | all ages | equal split
",p80p100,1992,0.7045,0.0,PRY,Latin America & Caribbean
Paraguay,"sptinc_p80p100_999_j_PY
Pre-tax national income 
P80-100 | share | all ages | equal split
",p80p100,1993,0.7045,0.0,PRY,Latin America & Caribbean
Paraguay,"sptinc_p80p100_999_j_PY
Pre-tax national income 
P80-100 | share | all ages | equal split
",p80p100,1994,0.7045,0.0,PRY,Latin America & Caribbean
Paraguay,"sptinc_p80p100_999_j_PY
Pre-tax national income 
P80-100 | share | all ages | equal split
",p80p100,1995,0.7045,0.0,PRY,Latin America & Caribbean
Paraguay,"sptinc_p80p100_999_j_PY
Pre-tax national income 
P80-100 | share | all ages | equal split
",p80p100,1996,0.7045,0.0,PRY,Latin America & Caribbean
Paraguay,"sptinc_p80p100_999_j_PY
Pre-tax national income 
P80-100 | share | all ages | equal split
",p80p100,1997,0.7045,0.0,PRY,Latin America & Caribbean
Paraguay,"sptinc_p80p100_999_j_PY
Pre-tax national income 
P80-100 | share | all ages | equal split
",p80p100,1998,0.7045,0.0,PRY,Latin America & Caribbean
Paraguay,"sptinc_p80p100_999_j_PY
Pre-tax national income 
P80-100 | share | all ages | equal split
",p80p100,1999,0.7045,0.0,PRY,Latin America & Caribbean
Paraguay,"sptinc_p80p100_999_j_PY
Pre-tax national income 
P80-100 | share | all ages | equal split
",p80p100,2000,0.7045,0.0,PRY,Latin America & Caribbean
Paraguay,"sptinc_p80p100_999_j_PY
Pre-tax national income 
P80-100 | share | all ages | equal split
",p80p100,2001,0.7130000000000001,0.0,PRY,Latin America & Caribbean
Paraguay,"sptinc_p80p100_999_j_PY
Pre-tax national income 
P80-100 | share | all ages | equal split
",p80p100,2002,0.7109000000000001,0.0,PRY,Latin America & Caribbean
Paraguay,"sptinc_p80p100_999_j_PY
Pre-tax national income 
P80-100 | share | all ages | equal split
",p80p100,2003,0.7069000000000001,0.0,PRY,Latin America & Caribbean
Paraguay,"sptinc_p80p100_999_j_PY
Pre-tax national income 
P80-100 | share | all ages | equal split
",p80p100,2004,0.7035,0.0,PRY,Latin America & Caribbean
Paraguay,"sptinc_p80p100_999_j_PY
Pre-tax national income 
P80-100 | share | all ages | equal split
",p80p100,2005,0.7021000000000001,0.0,PRY,Latin America & Caribbean
Paraguay,"sptinc_p80p100_999_j_PY
Pre-tax national income 
P80-100 | share | all ages | equal split
",p80p100,2006,0.6978000000000001,0.0,PRY,Latin America & Caribbean
Paraguay,"sptinc_p80p100_999_j_PY
Pre-tax national income 
P80-100 | share | all ages | equal split
",p80p100,2007,0.7043,0.0,PRY,Latin America & Caribbean
Paraguay,"sptinc_p80p100_999_j_PY
Pre-tax national income 
P80-100 | share | all ages | equal split
",p80p100,2008,0.6968000000000001,0.0,PRY,Latin America & Caribbean
Paraguay,"sptinc_p80p100_999_j_PY
Pre-tax national income 
P80-100 | share | all ages | equal split
",p80p100,2009,0.6902,0.0,PRY,Latin America & Caribbean
Paraguay,"sptinc_p80p100_999_j_PY
Pre-tax national income 
P80-100 | share | all ages | equal split
",p80p100,2010,0.6897,0.0,PRY,Latin America & Caribbean
Paraguay,"sptinc_p80p100_999_j_PY
Pre-tax national income 
P80-100 | share | all ages | equal split
",p80p100,2011,0.6831,0.0,PRY,Latin America & Caribbean
Paraguay,"sptinc_p80p100_999_j_PY
Pre-tax national income 
P80-100 | share | all ages | equal split
",p80p100,2012,0.677,0.0,PRY,Latin America & Caribbean
Paraguay,"sptinc_p80p100_999_j_PY
Pre-tax national income 
P80-100 | share | all ages | equal split
",p80p100,2013,0.6814,0.0,PRY,Latin America & Caribbean
Paraguay,"sptinc_p80p100_999_j_PY
Pre-tax national income 
P80-100 | share | all ages | equal split
",p80p100,2014,0.6761,0.0,PRY,Latin America & Caribbean
Paraguay,"sptinc_p80p100_999_j_PY
Pre-tax national income 
P80-100 | share | all ages | equal split
",p80p100,2015,0.6736000000000001,0.0,PRY,Latin America & Caribbean
Paraguay,"sptinc_p80p100_999_j_PY
Pre-tax national income 
P80-100 | share | all ages | equal split
",p80p100,2016,0.6738000000000001,0.0,PRY,Latin America & Caribbean
Paraguay,"sptinc_p80p100_999_j_PY
Pre-tax national income 
P80-100 | share | all ages | equal split
",p80p100,2017,0.6751,0.0,PRY,Latin America & Caribbean
Paraguay,"sptinc_p80p100_999_j_PY
Pre-tax national income 
P80-100 | share | all ages | equal split
",p80p100,2018,0.6765,0.0,PRY,Latin America & Caribbean
Paraguay,"sptinc_p80p100_999_j_PY
Pre-tax national income 
P80-100 | share | all ages | equal split
",p80p100,2019,0.6728000000000001,0.0,PRY,Latin America & Caribbean
Paraguay,"sptinc_p80p100_999_j_PY
Pre-tax national income 
P80-100 | share | all ages | equal split
",p80p100,2020,0.6896,0.0,PRY,Latin America & Caribbean
Paraguay,"sptinc_p80p100_999_j_PY
Pre-tax national income 
P80-100 | share | all ages | equal split
",p80p100,2021,0.6794,0.0,PRY,Latin America & Caribbean
Paraguay,"sptinc_p80p100_999_j_PY
Pre-tax national income 
P80-100 | share | all ages | equal split
",p80p100,2022,0.6706000000000001,0.0,PRY,Latin America & Caribbean
Paraguay,"sptinc_p80p100_999_j_PY
Pre-tax national income 
P80-100 | share | all ages | equal split
",p80p100,2023,0.6712,0.0,PRY,Latin America & Caribbean
Paraguay,"sptinc_p80p100_999_j_PY
Pre-tax national income 
P80-100 | share | all ages | equal split
",p80p100,2024,0.6712,0.0,PRY,Latin America & Caribbean
Peru,"sptinc_p80p100_999_j_PE
Pre-tax national income 
P80-100 | share | all ages | equal split
",p80p100,1980,0.6974,1.0,PER,Latin America & Caribbean
Peru,"sptinc_p80p100_999_j_PE
Pre-tax national income 
P80-100 | share | all ages | equal split
",p80p100,1981,0.6974,1.0,PER,Latin America & Caribbean
Peru,"sptinc_p80p100_999_j_PE
Pre-tax national income 
P80-100 | share | all ages | equal split
",p80p100,1982,0.6974,1.0,PER,Latin America & Caribbean
Peru,"sptinc_p80p100_999_j_PE
Pre-tax national income 
P80-100 | share | all ages | equal split
",p80p100,1983,0.6974,1.0,PER,Latin America & Caribbean
Peru,"sptinc_p80p100_999_j_PE
Pre-tax national income 
P80-100 | share | all ages | equal split
",p80p100,1984,0.6974,1.0,PER,Latin America & Caribbean
Peru,"sptinc_p80p100_999_j_PE
Pre-tax national income 
P80-100 | share | all ages | equal split
",p80p100,1985,0.6974,1.0,PER,Latin America & Caribbean
Peru,"sptinc_p80p100_999_j_PE
Pre-tax national income 
P80-100 | share | all ages | equal split
",p80p100,1986,0.6974,1.0,PER,Latin America & Caribbean
Peru,"sptinc_p80p100_999_j_PE
Pre-tax national income 
P80-100 | share | all ages | equal split
",p80p100,1987,0.6974,1.0,PER,Latin America & Caribbean
Peru,"sptinc_p80p100_999_j_PE
Pre-tax national income 
P80-100 | share | all ages | equal split
",p80p100,1988,0.6974,1.0,PER,Latin America & Caribbean
Peru,"sptinc_p80p100_999_j_PE
Pre-tax national income 
P80-100 | share | all ages | equal split
",p80p100,1989,0.6974,1.0,PER,Latin America & Caribbean
Peru,"sptinc_p80p100_999_j_PE
Pre-tax national income 
P80-100 | share | all ages | equal split
",p80p100,1990,0.6974,1.0,PER,Latin America & Caribbean
Peru,"sptinc_p80p100_999_j_PE
Pre-tax national income 
P80-100 | share | all ages | equal split
",p80p100,1991,0.6974,1.0,PER,Latin America & Caribbean
Peru,"sptinc_p80p100_999_j_PE
Pre-tax national income 
P80-100 | share | all ages | equal split
",p80p100,1992,0.6974,1.0,PER,Latin America & Caribbean
Peru,"sptinc_p80p100_999_j_PE
Pre-tax national income 
P80-100 | share | all ages | equal split
",p80p100,1993,0.6974,1.0,PER,Latin America & Caribbean
Peru,"sptinc_p80p100_999_j_PE
Pre-tax national income 
P80-100 | share | all ages | equal split
",p80p100,1994,0.6974,1.0,PER,Latin America & Caribbean
Peru,"sptinc_p80p100_999_j_PE
Pre-tax national income 
P80-100 | share | all ages | equal split
",p80p100,1995,0.6974,1.0,PER,Latin America & Caribbean
Peru,"sptinc_p80p100_999_j_PE
Pre-tax national income 
P80-100 | share | all ages | equal split
",p80p100,1996,0.6974,1.0,PER,Latin America & Caribbean
Peru,"sptinc_p80p100_999_j_PE
Pre-tax national income 
P80-100 | share | all ages | equal split
",p80p100,1997,0.6974,1.0,PER,Latin America & Caribbean
Peru,"sptinc_p80p100_999_j_PE
Pre-tax national income 
P80-100 | share | all ages | equal split
",p80p100,1998,0.6974,1.0,PER,Latin America & Caribbean
Peru,"sptinc_p80p100_999_j_PE
Pre-tax national income 
P80-100 | share | all ages | equal split
",p80p100,1999,0.6974,1.0,PER,Latin America & Caribbean
Peru,"sptinc_p80p100_999_j_PE
Pre-tax national income 
P80-100 | share | all ages | equal split
",p80p100,2000,0.6974,3.0,PER,Latin America & Caribbean
Peru,"sptinc_p80p100_999_j_PE
Pre-tax national income 
P80-100 | share | all ages | equal split
",p80p100,2001,0.7593000000000001,3.0,PER,Latin America & Caribbean
Peru,"sptinc_p80p100_999_j_PE
Pre-tax national income 
P80-100 | share | all ages | equal split
",p80p100,2002,0.7487,3.0,PER,Latin America & Caribbean
Peru,"sptinc_p80p100_999_j_PE
Pre-tax national income 
P80-100 | share | all ages | equal split
",p80p100,2003,0.7843,3.0,PER,Latin America & Caribbean
Peru,"sptinc_p80p100_999_j_PE
Pre-tax national income 
P80-100 | share | all ages | equal split
",p80p100,2004,0.7323000000000001,3.0,PER,Latin America & Caribbean
Peru,"sptinc_p80p100_999_j_PE
Pre-tax national income 
P80-100 | share | all ages | equal split
",p80p100,2005,0.7217,3.0,PER,Latin America & Caribbean
Peru,"sptinc_p80p100_999_j_PE
Pre-tax national income 
P80-100 | share | all ages | equal split
",p80p100,2006,0.7257,3.0,PER,Latin America & Caribbean
Peru,"sptinc_p80p100_999_j_PE
Pre-tax national income 
P80-100 | share | all ages | equal split
",p80p100,2007,0.7151000000000001,3.0,PER,Latin America & Caribbean
Peru,"sptinc_p80p100_999_j_PE
Pre-tax national income 
P80-100 | share | all ages | equal split
",p80p100,2008,0.7147,3.0,PER,Latin America & Caribbean
Peru,"sptinc_p80p100_999_j_PE
Pre-tax national income 
P80-100 | share | all ages | equal split
",p80p100,2009,0.7033,3.0,PER,Latin America & Caribbean
Peru,"sptinc_p80p100_999_j_PE
Pre-tax national income 
P80-100 | share | all ages | equal split
",p80p100,2010,0.6983,3.0,PER,Latin America & Caribbean
Peru,"sptinc_p80p100_999_j_PE
Pre-tax national income 
P80-100 | share | all ages | equal split
",p80p100,2011,0.6936,3.0,PER,Latin America & Caribbean
Peru,"sptinc_p80p100_999_j_PE
Pre-tax national income 
P80-100 | share | all ages | equal split
",p80p100,2012,0.6885,3.0,PER,Latin America & Caribbean
Peru,"sptinc_p80p100_999_j_PE
Pre-tax national income 
P80-100 | share | all ages | equal split
",p80p100,2013,0.6916,3.0,PER,Latin America & Caribbean
Peru,"sptinc_p80p100_999_j_PE
Pre-tax national income 
P80-100 | share | all ages | equal split
",p80p100,2014,0.6808000000000001,3.0,PER,Latin America & Caribbean
Peru,"sptinc_p80p100_999_j_PE
Pre-tax national income 
P80-100 | share | all ages | equal split
",p80p100,2015,0.6859000000000001,3.0,PER,Latin America & Caribbean
Peru,"sptinc_p80p100_999_j_PE
Pre-tax national income 
P80-100 | share | all ages | equal split
",p80p100,2016,0.6909000000000001,4.0,PER,Latin America & Caribbean
Peru,"sptinc_p80p100_999_j_PE
Pre-tax national income 
P80-100 | share | all ages | equal split
",p80p100,2017,0.7194,4.0,PER,Latin America & Caribbean
Peru,"sptinc_p80p100_999_j_PE
Pre-tax national income 
P80-100 | share | all ages | equal split
",p80p100,2018,0.7010000000000001,4.0,PER,Latin America & Caribbean
Peru,"sptinc_p80p100_999_j_PE
Pre-tax national income 
P80-100 | share | all ages | equal split
",p80p100,2019,0.6932,4.0,PER,Latin America & Caribbean
Peru,"sptinc_p80p100_999_j_PE
Pre-tax national income 
P80-100 | share | all ages | equal split
",p80p100,2020,0.7752,4.0,PER,Latin America & Caribbean
Peru,"sptinc_p80p100_999_j_PE
Pre-tax national income 
P80-100 | share | all ages | equal split
",p80p100,2021,0.7434000000000001,3.0,PER,Latin America & Caribbean
Peru,"sptinc_p80p100_999_j_PE
Pre-tax national income 
P80-100 | share | all ages | equal split
",p80p100,2022,0.7117,3.0,PER,Latin America & Caribbean
Peru,"sptinc_p80p100_999_j_PE
Pre-tax national income 
P80-100 | share | all ages | equal split
",p80p100,2023,0.7067,3.0,PER,Latin America & Caribbean
Peru,"sptinc_p80p100_999_j_PE
Pre-tax national income 
P80-100 | share | all ages | equal split
",p80p100,2024,0.7067,1.0,PER,Latin America & Caribbean
Philippines,"sptinc_p80p100_999_j_PH
Pre-tax national income 
P80-100 | share | all ages | equal split
",p80p100,1960,0.5909,0.0,PHL,Southeast Asia
Philippines,"sptinc_p80p100_999_j_PH
Pre-tax national income 
P80-100 | share | all ages | equal split
",p80p100,1970,0.6394000000000001,0.0,PHL,Southeast Asia
Philippines,"sptinc_p80p100_999_j_PH
Pre-tax national income 
P80-100 | share | all ages | equal split
",p80p100,1980,0.6382,1.0,PHL,Southeast Asia
Philippines,"sptinc_p80p100_999_j_PH
Pre-tax national income 
P80-100 | share | all ages | equal split
",p80p100,1981,0.6382,1.0,PHL,Southeast Asia
Philippines,"sptinc_p80p100_999_j_PH
Pre-tax national income 
P80-100 | share | all ages | equal split
",p80p100,1982,0.6382,1.0,PHL,Southeast Asia
Philippines,"sptinc_p80p100_999_j_PH
Pre-tax national income 
P80-100 | share | all ages | equal split
",p80p100,1983,0.6382,1.0,PHL,Southeast Asia
Philippines,"sptinc_p80p100_999_j_PH
Pre-tax national income 
P80-100 | share | all ages | equal split
",p80p100,1984,0.6382,1.0,PHL,Southeast Asia
Philippines,"sptinc_p80p100_999_j_PH
Pre-tax national income 
P80-100 | share | all ages | equal split
",p80p100,1985,0.6382,3.0,PHL,Southeast Asia
Philippines,"sptinc_p80p100_999_j_PH
Pre-tax national income 
P80-100 | share | all ages | equal split
",p80p100,1986,0.6361,2.0,PHL,Southeast Asia
Philippines,"sptinc_p80p100_999_j_PH
Pre-tax national income 
P80-100 | share | all ages | equal split
",p80p100,1987,0.634,2.0,PHL,Southeast Asia
Philippines,"sptinc_p80p100_999_j_PH
Pre-tax national income 
P80-100 | share | all ages | equal split
",p80p100,1988,0.6321,3.0,PHL,Southeast Asia
Philippines,"sptinc_p80p100_999_j_PH
Pre-tax national income 
P80-100 | share | all ages | equal split
",p80p100,1989,0.6414000000000001,2.0,PHL,Southeast Asia
Philippines,"sptinc_p80p100_999_j_PH
Pre-tax national income 
P80-100 | share | all ages | equal split
",p80p100,1990,0.6503,2.0,PHL,Southeast Asia
Philippines,"sptinc_p80p100_999_j_PH
Pre-tax national income 
P80-100 | share | all ages | equal split
",p80p100,1991,0.6588,3.0,PHL,Southeast Asia
Philippines,"sptinc_p80p100_999_j_PH
Pre-tax national income 
P80-100 | share | all ages | equal split
",p80p100,1992,0.655,2.0,PHL,Southeast Asia
Philippines,"sptinc_p80p100_999_j_PH
Pre-tax national income 
P80-100 | share | all ages | equal split
",p80p100,1993,0.6512,2.0,PHL,Southeast Asia
Philippines,"sptinc_p80p100_999_j_PH
Pre-tax national income 
P80-100 | share | all ages | equal split
",p80p100,1994,0.6485000000000001,3.0,PHL,Southeast Asia
Philippines,"sptinc_p80p100_999_j_PH
Pre-tax national income 
P80-100 | share | all ages | equal split
",p80p100,1995,0.6608,2.0,PHL,Southeast Asia
Philippines,"sptinc_p80p100_999_j_PH
Pre-tax national income 
P80-100 | share | all ages | equal split
",p80p100,1996,0.6713,2.0,PHL,Southeast Asia
Philippines,"sptinc_p80p100_999_j_PH
Pre-tax national income 
P80-100 | share | all ages | equal split
",p80p100,1997,0.6811,3.0,PHL,Southeast Asia
Philippines,"sptinc_p80p100_999_j_PH
Pre-tax national income 
P80-100 | share | all ages | equal split
",p80p100,1998,0.6734,2.0,PHL,Southeast Asia
Philippines,"sptinc_p80p100_999_j_PH
Pre-tax national income 
P80-100 | share | all ages | equal split
",p80p100,1999,0.6652,2.0,PHL,Southeast Asia
Philippines,"sptinc_p80p100_999_j_PH
Pre-tax national income 
P80-100 | share | all ages | equal split
",p80p100,2000,0.6602,3.0,PHL,Southeast Asia
Philippines,"sptinc_p80p100_999_j_PH
Pre-tax national income 
P80-100 | share | all ages | equal split
",p80p100,2001,0.6569,2.0,PHL,Southeast Asia
Philippines,"sptinc_p80p100_999_j_PH
Pre-tax national income 
P80-100 | share | all ages | equal split
",p80p100,2002,0.6505000000000001,2.0,PHL,Southeast Asia
Philippines,"sptinc_p80p100_999_j_PH
Pre-tax national income 
P80-100 | share | all ages | equal split
",p80p100,2003,0.6434000000000001,3.0,PHL,Southeast Asia
Philippines,"sptinc_p80p100_999_j_PH
Pre-tax national income 
P80-100 | share | all ages | equal split
",p80p100,2004,0.6445000000000001,2.0,PHL,Southeast Asia
Philippines,"sptinc_p80p100_999_j_PH
Pre-tax national income 
P80-100 | share | all ages | equal split
",p80p100,2005,0.6437,2.0,PHL,Southeast Asia
Philippines,"sptinc_p80p100_999_j_PH
Pre-tax national income 
P80-100 | share | all ages | equal split
",p80p100,2006,0.6421,3.0,PHL,Southeast Asia
Philippines,"sptinc_p80p100_999_j_PH
Pre-tax national income 
P80-100 | share | all ages | equal split
",p80p100,2007,0.6403,2.0,PHL,Southeast Asia
Philippines,"sptinc_p80p100_999_j_PH
Pre-tax national income 
P80-100 | share | all ages | equal split
",p80p100,2008,0.6389,2.0,PHL,Southeast Asia
Philippines,"sptinc_p80p100_999_j_PH
Pre-tax national income 
P80-100 | share | all ages | equal split
",p80p100,2009,0.6398,3.0,PHL,Southeast Asia
Philippines,"sptinc_p80p100_999_j_PH
Pre-tax national income 
P80-100 | share | all ages | equal split
",p80p100,2010,0.6392,2.0,PHL,Southeast Asia
Philippines,"sptinc_p80p100_999_j_PH
Pre-tax national income 
P80-100 | share | all ages | equal split
",p80p100,2011,0.6373,2.0,PHL,Southeast Asia
Philippines,"sptinc_p80p100_999_j_PH
Pre-tax national income 
P80-100 | share | all ages | equal split
",p80p100,2012,0.6355000000000001,3.0,PHL,Southeast Asia
Philippines,"sptinc_p80p100_999_j_PH
Pre-tax national income 
P80-100 | share | all ages | equal split
",p80p100,2013,0.6317,2.0,PHL,Southeast Asia
Philippines,"sptinc_p80p100_999_j_PH
Pre-tax national income 
P80-100 | share | all ages | equal split
",p80p100,2014,0.6269,2.0,PHL,Southeast Asia
Philippines,"sptinc_p80p100_999_j_PH
Pre-tax national income 
P80-100 | share | all ages | equal split
",p80p100,2015,0.623,3.0,PHL,Southeast Asia
Philippines,"sptinc_p80p100_999_j_PH
Pre-tax national income 
P80-100 | share | all ages | equal split
",p80p100,2016,0.6176,2.0,PHL,Southeast Asia
Philippines,"sptinc_p80p100_999_j_PH
Pre-tax national income 
P80-100 | share | all ages | equal split
",p80p100,2017,0.6116,2.0,PHL,Southeast Asia
Philippines,"sptinc_p80p100_999_j_PH
Pre-tax national income 
P80-100 | share | all ages | equal split
",p80p100,2018,0.6055,3.0,PHL,Southeast Asia
Philippines,"sptinc_p80p100_999_j_PH
Pre-tax national income 
P80-100 | share | all ages | equal split
",p80p100,2019,0.6055,1.0,PHL,Southeast Asia
Philippines,"sptinc_p80p100_999_j_PH
Pre-tax national income 
P80-100 | share | all ages | equal split
",p80p100,2020,0.6055,1.0,PHL,Southeast Asia
Philippines,"sptinc_p80p100_999_j_PH
Pre-tax national income 
P80-100 | share | all ages | equal split
",p80p100,2021,0.6055,1.0,PHL,Southeast Asia
Philippines,"sptinc_p80p100_999_j_PH
Pre-tax national income 
P80-100 | share | all ages | equal split
",p80p100,2022,0.6055,1.0,PHL,Southeast Asia
Philippines,"sptinc_p80p100_999_j_PH
Pre-tax national income 
P80-100 | share | all ages | equal split
",p80p100,2023,0.6055,1.0,PHL,Southeast Asia
Philippines,"sptinc_p80p100_999_j_PH
Pre-tax national income 
P80-100 | share | all ages | equal split
",p80p100,2024,0.6055,1.0,PHL,Southeast Asia
Poland,"sptinc_p80p100_999_j_PL
Pre-tax national income 
P80-100 | share | all ages | equal split
",p80p100,1960,0.4518,3.0,POL,Eastern Europe & FSU
Poland,"sptinc_p80p100_999_j_PL
Pre-tax national income 
P80-100 | share | all ages | equal split
",p80p100,1961,0.4469,3.0,POL,Eastern Europe & FSU
Poland,"sptinc_p80p100_999_j_PL
Pre-tax national income 
P80-100 | share | all ages | equal split
",p80p100,1962,0.443,3.0,POL,Eastern Europe & FSU
Poland,"sptinc_p80p100_999_j_PL
Pre-tax national income 
P80-100 | share | all ages | equal split
",p80p100,1963,0.438,3.0,POL,Eastern Europe & FSU
Poland,"sptinc_p80p100_999_j_PL
Pre-tax national income 
P80-100 | share | all ages | equal split
",p80p100,1964,0.4333,3.0,POL,Eastern Europe & FSU
Poland,"sptinc_p80p100_999_j_PL
Pre-tax national income 
P80-100 | share | all ages | equal split
",p80p100,1965,0.4292,3.0,POL,Eastern Europe & FSU
Poland,"sptinc_p80p100_999_j_PL
Pre-tax national income 
P80-100 | share | all ages | equal split
",p80p100,1967,0.4194,3.0,POL,Eastern Europe & FSU
Poland,"sptinc_p80p100_999_j_PL
Pre-tax national income 
P80-100 | share | all ages | equal split
",p80p100,1970,0.4056,3.0,POL,Eastern Europe & FSU
Poland,"sptinc_p80p100_999_j_PL
Pre-tax national income 
P80-100 | share | all ages | equal split
",p80p100,1972,0.3982,3.0,POL,Eastern Europe & FSU
Poland,"sptinc_p80p100_999_j_PL
Pre-tax national income 
P80-100 | share | all ages | equal split
",p80p100,1976,0.3794,3.0,POL,Eastern Europe & FSU
Poland,"sptinc_p80p100_999_j_PL
Pre-tax national income 
P80-100 | share | all ages | equal split
",p80p100,1978,0.3721,3.0,POL,Eastern Europe & FSU
Poland,"sptinc_p80p100_999_j_PL
Pre-tax national income 
P80-100 | share | all ages | equal split
",p80p100,1980,0.3743,1.0,POL,Eastern Europe & FSU
Poland,"sptinc_p80p100_999_j_PL
Pre-tax national income 
P80-100 | share | all ages | equal split
",p80p100,1981,0.3743,1.0,POL,Eastern Europe & FSU
Poland,"sptinc_p80p100_999_j_PL
Pre-tax national income 
P80-100 | share | all ages | equal split
",p80p100,1982,0.3743,1.0,POL,Eastern Europe & FSU
Poland,"sptinc_p80p100_999_j_PL
Pre-tax national income 
P80-100 | share | all ages | equal split
",p80p100,1983,0.3743,3.0,POL,Eastern Europe & FSU
Poland,"sptinc_p80p100_999_j_PL
Pre-tax national income 
P80-100 | share | all ages | equal split
",p80p100,1984,0.3797,3.0,POL,Eastern Europe & FSU
Poland,"sptinc_p80p100_999_j_PL
Pre-tax national income 
P80-100 | share | all ages | equal split
",p80p100,1985,0.378,3.0,POL,Eastern Europe & FSU
Poland,"sptinc_p80p100_999_j_PL
Pre-tax national income 
P80-100 | share | all ages | equal split
",p80p100,1986,0.3782,3.0,POL,Eastern Europe & FSU
Poland,"sptinc_p80p100_999_j_PL
Pre-tax national income 
P80-100 | share | all ages | equal split
",p80p100,1987,0.3725,3.0,POL,Eastern Europe & FSU
Poland,"sptinc_p80p100_999_j_PL
Pre-tax national income 
P80-100 | share | all ages | equal split
",p80p100,1988,0.37,3.0,POL,Eastern Europe & FSU
Poland,"sptinc_p80p100_999_j_PL
Pre-tax national income 
P80-100 | share | all ages | equal split
",p80p100,1989,0.3816,3.0,POL,Eastern Europe & FSU
Poland,"sptinc_p80p100_999_j_PL
Pre-tax national income 
P80-100 | share | all ages | equal split
",p80p100,1990,0.3956,3.0,POL,Eastern Europe & FSU
Poland,"sptinc_p80p100_999_j_PL
Pre-tax national income 
P80-100 | share | all ages | equal split
",p80p100,1991,0.4072,3.0,POL,Eastern Europe & FSU
Poland,"sptinc_p80p100_999_j_PL
Pre-tax national income 
P80-100 | share | all ages | equal split
",p80p100,1992,0.4129,4.0,POL,Eastern Europe & FSU
Poland,"sptinc_p80p100_999_j_PL
Pre-tax national income 
P80-100 | share | all ages | equal split
",p80p100,1993,0.4193,4.0,POL,Eastern Europe & FSU
Poland,"sptinc_p80p100_999_j_PL
Pre-tax national income 
P80-100 | share | all ages | equal split
",p80p100,1994,0.4389,4.0,POL,Eastern Europe & FSU
Poland,"sptinc_p80p100_999_j_PL
Pre-tax national income 
P80-100 | share | all ages | equal split
",p80p100,1995,0.4575,4.0,POL,Eastern Europe & FSU
Poland,"sptinc_p80p100_999_j_PL
Pre-tax national income 
P80-100 | share | all ages | equal split
",p80p100,1996,0.4597,4.0,POL,Eastern Europe & FSU
Poland,"sptinc_p80p100_999_j_PL
Pre-tax national income 
P80-100 | share | all ages | equal split
",p80p100,1997,0.4574,4.0,POL,Eastern Europe & FSU
Poland,"sptinc_p80p100_999_j_PL
Pre-tax national income 
P80-100 | share | all ages | equal split
",p80p100,1998,0.468,4.0,POL,Eastern Europe & FSU
Poland,"sptinc_p80p100_999_j_PL
Pre-tax national income 
P80-100 | share | all ages | equal split
",p80p100,1999,0.4648,4.0,POL,Eastern Europe & FSU
Poland,"sptinc_p80p100_999_j_PL
Pre-tax national income 
P80-100 | share | all ages | equal split
",p80p100,2000,0.4814000000000001,4.0,POL,Eastern Europe & FSU
Poland,"sptinc_p80p100_999_j_PL
Pre-tax national income 
P80-100 | share | all ages | equal split
",p80p100,2001,0.4839,4.0,POL,Eastern Europe & FSU
Poland,"sptinc_p80p100_999_j_PL
Pre-tax national income 
P80-100 | share | all ages | equal split
",p80p100,2002,0.4929,4.0,POL,Eastern Europe & FSU
Poland,"sptinc_p80p100_999_j_PL
Pre-tax national income 
P80-100 | share | all ages | equal split
",p80p100,2003,0.5046,4.0,POL,Eastern Europe & FSU
Poland,"sptinc_p80p100_999_j_PL
Pre-tax national income 
P80-100 | share | all ages | equal split
",p80p100,2004,0.5123,4.0,POL,Eastern Europe & FSU
Poland,"sptinc_p80p100_999_j_PL
Pre-tax national income 
P80-100 | share | all ages | equal split
",p80p100,2005,0.5132,4.0,POL,Eastern Europe & FSU
Poland,"sptinc_p80p100_999_j_PL
Pre-tax national income 
P80-100 | share | all ages | equal split
",p80p100,2006,0.5177,4.0,POL,Eastern Europe & FSU
Poland,"sptinc_p80p100_999_j_PL
Pre-tax national income 
P80-100 | share | all ages | equal split
",p80p100,2007,0.5165000000000001,4.0,POL,Eastern Europe & FSU
Poland,"sptinc_p80p100_999_j_PL
Pre-tax national income 
P80-100 | share | all ages | equal split
",p80p100,2008,0.5239,4.0,POL,Eastern Europe & FSU
Poland,"sptinc_p80p100_999_j_PL
Pre-tax national income 
P80-100 | share | all ages | equal split
",p80p100,2009,0.5128,4.0,POL,Eastern Europe & FSU
Poland,"sptinc_p80p100_999_j_PL
Pre-tax national income 
P80-100 | share | all ages | equal split
",p80p100,2010,0.5127,4.0,POL,Eastern Europe & FSU
Poland,"sptinc_p80p100_999_j_PL
Pre-tax national income 
P80-100 | share | all ages | equal split
",p80p100,2011,0.5156000000000001,4.0,POL,Eastern Europe & FSU
Poland,"sptinc_p80p100_999_j_PL
Pre-tax national income 
P80-100 | share | all ages | equal split
",p80p100,2012,0.5121,4.0,POL,Eastern Europe & FSU
Poland,"sptinc_p80p100_999_j_PL
Pre-tax national income 
P80-100 | share | all ages | equal split
",p80p100,2013,0.5113,4.0,POL,Eastern Europe & FSU
Poland,"sptinc_p80p100_999_j_PL
Pre-tax national income 
P80-100 | share | all ages | equal split
",p80p100,2014,0.5164,4.0,POL,Eastern Europe & FSU
Poland,"sptinc_p80p100_999_j_PL
Pre-tax national income 
P80-100 | share | all ages | equal split
",p80p100,2015,0.5199,4.0,POL,Eastern Europe & FSU
Poland,"sptinc_p80p100_999_j_PL
Pre-tax national income 
P80-100 | share | all ages | equal split
",p80p100,2016,0.5183,3.0,POL,Eastern Europe & FSU
Poland,"sptinc_p80p100_999_j_PL
Pre-tax national income 
P80-100 | share | all ages | equal split
",p80p100,2017,0.5142,3.0,POL,Eastern Europe & FSU
Poland,"sptinc_p80p100_999_j_PL
Pre-tax national income 
P80-100 | share | all ages | equal split
",p80p100,2018,0.5193,3.0,POL,Eastern Europe & FSU
Poland,"sptinc_p80p100_999_j_PL
Pre-tax national income 
P80-100 | share | all ages | equal split
",p80p100,2019,0.5214,3.0,POL,Eastern Europe & FSU
Poland,"sptinc_p80p100_999_j_PL
Pre-tax national income 
P80-100 | share | all ages | equal split
",p80p100,2020,0.5214,3.0,POL,Eastern Europe & FSU
Poland,"sptinc_p80p100_999_j_PL
Pre-tax national income 
P80-100 | share | all ages | equal split
",p80p100,2021,0.522,3.0,POL,Eastern Europe & FSU
Poland,"sptinc_p80p100_999_j_PL
Pre-tax national income 
P80-100 | share | all ages | equal split
",p80p100,2022,0.5227,3.0,POL,Eastern Europe & FSU
Poland,"sptinc_p80p100_999_j_PL
Pre-tax national income 
P80-100 | share | all ages | equal split
",p80p100,2023,0.5227,3.0,POL,Eastern Europe & FSU
Poland,"sptinc_p80p100_999_j_PL
Pre-tax national income 
P80-100 | share | all ages | equal split
",p80p100,2024,0.5227,1.0,POL,Eastern Europe & FSU
Portugal,"sptinc_p80p100_999_j_PT
Pre-tax national income 
P80-100 | share | all ages | equal split
",p80p100,1960,0.4777,3.0,PRT,Southern Europe
Portugal,"sptinc_p80p100_999_j_PT
Pre-tax national income 
P80-100 | share | all ages | equal split
",p80p100,1961,0.4875,3.0,PRT,Southern Europe
Portugal,"sptinc_p80p100_999_j_PT
Pre-tax national income 
P80-100 | share | all ages | equal split
",p80p100,1962,0.4754,3.0,PRT,Southern Europe
Portugal,"sptinc_p80p100_999_j_PT
Pre-tax national income 
P80-100 | share | all ages | equal split
",p80p100,1963,0.4979,3.0,PRT,Southern Europe
Portugal,"sptinc_p80p100_999_j_PT
Pre-tax national income 
P80-100 | share | all ages | equal split
",p80p100,1964,0.49,3.0,PRT,Southern Europe
Portugal,"sptinc_p80p100_999_j_PT
Pre-tax national income 
P80-100 | share | all ages | equal split
",p80p100,1965,0.4758,3.0,PRT,Southern Europe
Portugal,"sptinc_p80p100_999_j_PT
Pre-tax national income 
P80-100 | share | all ages | equal split
",p80p100,1966,0.5011,3.0,PRT,Southern Europe
Portugal,"sptinc_p80p100_999_j_PT
Pre-tax national income 
P80-100 | share | all ages | equal split
",p80p100,1967,0.4903,3.0,PRT,Southern Europe
Portugal,"sptinc_p80p100_999_j_PT
Pre-tax national income 
P80-100 | share | all ages | equal split
",p80p100,1968,0.4758,3.0,PRT,Southern Europe
Portugal,"sptinc_p80p100_999_j_PT
Pre-tax national income 
P80-100 | share | all ages | equal split
",p80p100,1969,0.4997,3.0,PRT,Southern Europe
Portugal,"sptinc_p80p100_999_j_PT
Pre-tax national income 
P80-100 | share | all ages | equal split
",p80p100,1970,0.4884,3.0,PRT,Southern Europe
Portugal,"sptinc_p80p100_999_j_PT
Pre-tax national income 
P80-100 | share | all ages | equal split
",p80p100,1971,0.4747,3.0,PRT,Southern Europe
Portugal,"sptinc_p80p100_999_j_PT
Pre-tax national income 
P80-100 | share | all ages | equal split
",p80p100,1972,0.4578,3.0,PRT,Southern Europe
Portugal,"sptinc_p80p100_999_j_PT
Pre-tax national income 
P80-100 | share | all ages | equal split
",p80p100,1973,0.4838,3.0,PRT,Southern Europe
Portugal,"sptinc_p80p100_999_j_PT
Pre-tax national income 
P80-100 | share | all ages | equal split
",p80p100,1974,0.4706,3.0,PRT,Southern Europe
Portugal,"sptinc_p80p100_999_j_PT
Pre-tax national income 
P80-100 | share | all ages | equal split
",p80p100,1975,0.4573,3.0,PRT,Southern Europe
Portugal,"sptinc_p80p100_999_j_PT
Pre-tax national income 
P80-100 | share | all ages | equal split
",p80p100,1976,0.4607,3.0,PRT,Southern Europe
Portugal,"sptinc_p80p100_999_j_PT
Pre-tax national income 
P80-100 | share | all ages | equal split
",p80p100,1977,0.4539,3.0,PRT,Southern Europe
Portugal,"sptinc_p80p100_999_j_PT
Pre-tax national income 
P80-100 | share | all ages | equal split
",p80p100,1978,0.4503,3.0,PRT,Southern Europe
Portugal,"sptinc_p80p100_999_j_PT
Pre-tax national income 
P80-100 | share | all ages | equal split
",p80p100,1979,0.4433,3.0,PRT,Southern Europe
Portugal,"sptinc_p80p100_999_j_PT
Pre-tax national income 
P80-100 | share | all ages | equal split
",p80p100,1980,0.451,3.0,PRT,Southern Europe
Portugal,"sptinc_p80p100_999_j_PT
Pre-tax national income 
P80-100 | share | all ages | equal split
",p80p100,1981,0.4441,3.0,PRT,Southern Europe
Portugal,"sptinc_p80p100_999_j_PT
Pre-tax national income 
P80-100 | share | all ages | equal split
",p80p100,1982,0.4746,3.0,PRT,Southern Europe
Portugal,"sptinc_p80p100_999_j_PT
Pre-tax national income 
P80-100 | share | all ages | equal split
",p80p100,1983,0.4718,3.0,PRT,Southern Europe
Portugal,"sptinc_p80p100_999_j_PT
Pre-tax national income 
P80-100 | share | all ages | equal split
",p80p100,1984,0.4853,3.0,PRT,Southern Europe
Portugal,"sptinc_p80p100_999_j_PT
Pre-tax national income 
P80-100 | share | all ages | equal split
",p80p100,1985,0.4907,3.0,PRT,Southern Europe
Portugal,"sptinc_p80p100_999_j_PT
Pre-tax national income 
P80-100 | share | all ages | equal split
",p80p100,1986,0.487,3.0,PRT,Southern Europe
Portugal,"sptinc_p80p100_999_j_PT
Pre-tax national income 
P80-100 | share | all ages | equal split
",p80p100,1987,0.4863,3.0,PRT,Southern Europe
Portugal,"sptinc_p80p100_999_j_PT
Pre-tax national income 
P80-100 | share | all ages | equal split
",p80p100,1988,0.4908,3.0,PRT,Southern Europe
Portugal,"sptinc_p80p100_999_j_PT
Pre-tax national income 
P80-100 | share | all ages | equal split
",p80p100,1989,0.4915,3.0,PRT,Southern Europe
Portugal,"sptinc_p80p100_999_j_PT
Pre-tax national income 
P80-100 | share | all ages | equal split
",p80p100,1990,0.487,3.0,PRT,Southern Europe
Portugal,"sptinc_p80p100_999_j_PT
Pre-tax national income 
P80-100 | share | all ages | equal split
",p80p100,1991,0.4982,3.0,PRT,Southern Europe
Portugal,"sptinc_p80p100_999_j_PT
Pre-tax national income 
P80-100 | share | all ages | equal split
",p80p100,1992,0.5057,3.0,PRT,Southern Europe
Portugal,"sptinc_p80p100_999_j_PT
Pre-tax national income 
P80-100 | share | all ages | equal split
",p80p100,1993,0.5211,3.0,PRT,Southern Europe
Portugal,"sptinc_p80p100_999_j_PT
Pre-tax national income 
P80-100 | share | all ages | equal split
",p80p100,1994,0.5275000000000001,3.0,PRT,Southern Europe
Portugal,"sptinc_p80p100_999_j_PT
Pre-tax national income 
P80-100 | share | all ages | equal split
",p80p100,1995,0.5286000000000001,3.0,PRT,Southern Europe
Portugal,"sptinc_p80p100_999_j_PT
Pre-tax national income 
P80-100 | share | all ages | equal split
",p80p100,1996,0.5226000000000001,3.0,PRT,Southern Europe
Portugal,"sptinc_p80p100_999_j_PT
Pre-tax national income 
P80-100 | share | all ages | equal split
",p80p100,1997,0.5292,3.0,PRT,Southern Europe
Portugal,"sptinc_p80p100_999_j_PT
Pre-tax national income 
P80-100 | share | all ages | equal split
",p80p100,1998,0.5261,3.0,PRT,Southern Europe
Portugal,"sptinc_p80p100_999_j_PT
Pre-tax national income 
P80-100 | share | all ages | equal split
",p80p100,1999,0.533,3.0,PRT,Southern Europe
Portugal,"sptinc_p80p100_999_j_PT
Pre-tax national income 
P80-100 | share | all ages | equal split
",p80p100,2000,0.5299,3.0,PRT,Southern Europe
Portugal,"sptinc_p80p100_999_j_PT
Pre-tax national income 
P80-100 | share | all ages | equal split
",p80p100,2001,0.552,3.0,PRT,Southern Europe
Portugal,"sptinc_p80p100_999_j_PT
Pre-tax national income 
P80-100 | share | all ages | equal split
",p80p100,2002,0.5416000000000001,2.0,PRT,Southern Europe
Portugal,"sptinc_p80p100_999_j_PT
Pre-tax national income 
P80-100 | share | all ages | equal split
",p80p100,2003,0.5366000000000001,3.0,PRT,Southern Europe
Portugal,"sptinc_p80p100_999_j_PT
Pre-tax national income 
P80-100 | share | all ages | equal split
",p80p100,2004,0.5562,3.0,PRT,Southern Europe
Portugal,"sptinc_p80p100_999_j_PT
Pre-tax national income 
P80-100 | share | all ages | equal split
",p80p100,2005,0.5495,3.0,PRT,Southern Europe
Portugal,"sptinc_p80p100_999_j_PT
Pre-tax national income 
P80-100 | share | all ages | equal split
",p80p100,2006,0.5561,4.0,PRT,Southern Europe
Portugal,"sptinc_p80p100_999_j_PT
Pre-tax national income 
P80-100 | share | all ages | equal split
",p80p100,2007,0.5575,4.0,PRT,Southern Europe
Portugal,"sptinc_p80p100_999_j_PT
Pre-tax national income 
P80-100 | share | all ages | equal split
",p80p100,2008,0.5439,4.0,PRT,Southern Europe
Portugal,"sptinc_p80p100_999_j_PT
Pre-tax national income 
P80-100 | share | all ages | equal split
",p80p100,2009,0.5346000000000001,4.0,PRT,Southern Europe
Portugal,"sptinc_p80p100_999_j_PT
Pre-tax national income 
P80-100 | share | all ages | equal split
",p80p100,2010,0.5409,4.0,PRT,Southern Europe
Portugal,"sptinc_p80p100_999_j_PT
Pre-tax national income 
P80-100 | share | all ages | equal split
",p80p100,2011,0.5418000000000001,4.0,PRT,Southern Europe
Portugal,"sptinc_p80p100_999_j_PT
Pre-tax national income 
P80-100 | share | all ages | equal split
",p80p100,2012,0.5251,4.0,PRT,Southern Europe
Portugal,"sptinc_p80p100_999_j_PT
Pre-tax national income 
P80-100 | share | all ages | equal split
",p80p100,2013,0.5347000000000001,4.0,PRT,Southern Europe
Portugal,"sptinc_p80p100_999_j_PT
Pre-tax national income 
P80-100 | share | all ages | equal split
",p80p100,2014,0.5339,4.0,PRT,Southern Europe
Portugal,"sptinc_p80p100_999_j_PT
Pre-tax national income 
P80-100 | share | all ages | equal split
",p80p100,2015,0.5314,4.0,PRT,Southern Europe
Portugal,"sptinc_p80p100_999_j_PT
Pre-tax national income 
P80-100 | share | all ages | equal split
",p80p100,2016,0.5327000000000001,4.0,PRT,Southern Europe
Portugal,"sptinc_p80p100_999_j_PT
Pre-tax national income 
P80-100 | share | all ages | equal split
",p80p100,2017,0.5332,4.0,PRT,Southern Europe
Portugal,"sptinc_p80p100_999_j_PT
Pre-tax national income 
P80-100 | share | all ages | equal split
",p80p100,2018,0.5246000000000001,4.0,PRT,Southern Europe
Portugal,"sptinc_p80p100_999_j_PT
Pre-tax national income 
P80-100 | share | all ages | equal split
",p80p100,2019,0.5166000000000001,4.0,PRT,Southern Europe
Portugal,"sptinc_p80p100_999_j_PT
Pre-tax national income 
P80-100 | share | all ages | equal split
",p80p100,2020,0.5166000000000001,3.0,PRT,Southern Europe
Portugal,"sptinc_p80p100_999_j_PT
Pre-tax national income 
P80-100 | share | all ages | equal split
",p80p100,2021,0.5107,3.0,PRT,Southern Europe
Portugal,"sptinc_p80p100_999_j_PT
Pre-tax national income 
P80-100 | share | all ages | equal split
",p80p100,2022,0.5107,3.0,PRT,Southern Europe
Portugal,"sptinc_p80p100_999_j_PT
Pre-tax national income 
P80-100 | share | all ages | equal split
",p80p100,2023,0.5108,3.0,PRT,Southern Europe
Portugal,"sptinc_p80p100_999_j_PT
Pre-tax national income 
P80-100 | share | all ages | equal split
",p80p100,2024,0.5108,1.0,PRT,Southern Europe
Puerto Rico,"sptinc_p80p100_999_j_PR
Pre-tax national income 
P80-100 | share | all ages | equal split
",p80p100,1980,0.7091000000000001,0.0,PRI,North America
Puerto Rico,"sptinc_p80p100_999_j_PR
Pre-tax national income 
P80-100 | share | all ages | equal split
",p80p100,1981,0.7093,0.0,PRI,North America
Puerto Rico,"sptinc_p80p100_999_j_PR
Pre-tax national income 
P80-100 | share | all ages | equal split
",p80p100,1982,0.7094,0.0,PRI,North America
Puerto Rico,"sptinc_p80p100_999_j_PR
Pre-tax national income 
P80-100 | share | all ages | equal split
",p80p100,1983,0.7096,0.0,PRI,North America
Puerto Rico,"sptinc_p80p100_999_j_PR
Pre-tax national income 
P80-100 | share | all ages | equal split
",p80p100,1984,0.7098,0.0,PRI,North America
Puerto Rico,"sptinc_p80p100_999_j_PR
Pre-tax national income 
P80-100 | share | all ages | equal split
",p80p100,1985,0.7100000000000001,0.0,PRI,North America
Puerto Rico,"sptinc_p80p100_999_j_PR
Pre-tax national income 
P80-100 | share | all ages | equal split
",p80p100,1986,0.7102,0.0,PRI,North America
Puerto Rico,"sptinc_p80p100_999_j_PR
Pre-tax national income 
P80-100 | share | all ages | equal split
",p80p100,1987,0.7104,0.0,PRI,North America
Puerto Rico,"sptinc_p80p100_999_j_PR
Pre-tax national income 
P80-100 | share | all ages | equal split
",p80p100,1988,0.7106,0.0,PRI,North America
Puerto Rico,"sptinc_p80p100_999_j_PR
Pre-tax national income 
P80-100 | share | all ages | equal split
",p80p100,1989,0.7108,0.0,PRI,North America
Puerto Rico,"sptinc_p80p100_999_j_PR
Pre-tax national income 
P80-100 | share | all ages | equal split
",p80p100,1990,0.7111000000000001,0.0,PRI,North America
Puerto Rico,"sptinc_p80p100_999_j_PR
Pre-tax national income 
P80-100 | share | all ages | equal split
",p80p100,1991,0.7101000000000001,0.0,PRI,North America
Puerto Rico,"sptinc_p80p100_999_j_PR
Pre-tax national income 
P80-100 | share | all ages | equal split
",p80p100,1992,0.7092,0.0,PRI,North America
Puerto Rico,"sptinc_p80p100_999_j_PR
Pre-tax national income 
P80-100 | share | all ages | equal split
",p80p100,1993,0.7083,0.0,PRI,North America
Puerto Rico,"sptinc_p80p100_999_j_PR
Pre-tax national income 
P80-100 | share | all ages | equal split
",p80p100,1994,0.7074,0.0,PRI,North America
Puerto Rico,"sptinc_p80p100_999_j_PR
Pre-tax national income 
P80-100 | share | all ages | equal split
",p80p100,1995,0.7065,0.0,PRI,North America
Puerto Rico,"sptinc_p80p100_999_j_PR
Pre-tax national income 
P80-100 | share | all ages | equal split
",p80p100,1996,0.7056,0.0,PRI,North America
Puerto Rico,"sptinc_p80p100_999_j_PR
Pre-tax national income 
P80-100 | share | all ages | equal split
",p80p100,1997,0.7047,0.0,PRI,North America
Puerto Rico,"sptinc_p80p100_999_j_PR
Pre-tax national income 
P80-100 | share | all ages | equal split
",p80p100,1998,0.7038,0.0,PRI,North America
Puerto Rico,"sptinc_p80p100_999_j_PR
Pre-tax national income 
P80-100 | share | all ages | equal split
",p80p100,1999,0.7030000000000001,0.0,PRI,North America
Puerto Rico,"sptinc_p80p100_999_j_PR
Pre-tax national income 
P80-100 | share | all ages | equal split
",p80p100,2000,0.7021000000000001,0.0,PRI,North America
Puerto Rico,"sptinc_p80p100_999_j_PR
Pre-tax national income 
P80-100 | share | all ages | equal split
",p80p100,2001,0.7007,0.0,PRI,North America
Puerto Rico,"sptinc_p80p100_999_j_PR
Pre-tax national income 
P80-100 | share | all ages | equal split
",p80p100,2002,0.6994,0.0,PRI,North America
Puerto Rico,"sptinc_p80p100_999_j_PR
Pre-tax national income 
P80-100 | share | all ages | equal split
",p80p100,2003,0.6981,0.0,PRI,North America
Puerto Rico,"sptinc_p80p100_999_j_PR
Pre-tax national income 
P80-100 | share | all ages | equal split
",p80p100,2004,0.6969000000000001,0.0,PRI,North America
Puerto Rico,"sptinc_p80p100_999_j_PR
Pre-tax national income 
P80-100 | share | all ages | equal split
",p80p100,2005,0.6958000000000001,0.0,PRI,North America
Puerto Rico,"sptinc_p80p100_999_j_PR
Pre-tax national income 
P80-100 | share | all ages | equal split
",p80p100,2006,0.6947,0.0,PRI,North America
Puerto Rico,"sptinc_p80p100_999_j_PR
Pre-tax national income 
P80-100 | share | all ages | equal split
",p80p100,2007,0.6936,0.0,PRI,North America
Puerto Rico,"sptinc_p80p100_999_j_PR
Pre-tax national income 
P80-100 | share | all ages | equal split
",p80p100,2008,0.6926,0.0,PRI,North America
Puerto Rico,"sptinc_p80p100_999_j_PR
Pre-tax national income 
P80-100 | share | all ages | equal split
",p80p100,2009,0.6917,0.0,PRI,North America
Puerto Rico,"sptinc_p80p100_999_j_PR
Pre-tax national income 
P80-100 | share | all ages | equal split
",p80p100,2010,0.6908000000000001,0.0,PRI,North America
Puerto Rico,"sptinc_p80p100_999_j_PR
Pre-tax national income 
P80-100 | share | all ages | equal split
",p80p100,2011,0.6818000000000001,0.0,PRI,North America
Puerto Rico,"sptinc_p80p100_999_j_PR
Pre-tax national income 
P80-100 | share | all ages | equal split
",p80p100,2012,0.6729,0.0,PRI,North America
Puerto Rico,"sptinc_p80p100_999_j_PR
Pre-tax national income 
P80-100 | share | all ages | equal split
",p80p100,2013,0.664,0.0,PRI,North America
Puerto Rico,"sptinc_p80p100_999_j_PR
Pre-tax national income 
P80-100 | share | all ages | equal split
",p80p100,2014,0.6553,0.0,PRI,North America
Puerto Rico,"sptinc_p80p100_999_j_PR
Pre-tax national income 
P80-100 | share | all ages | equal split
",p80p100,2015,0.6465000000000001,0.0,PRI,North America
Puerto Rico,"sptinc_p80p100_999_j_PR
Pre-tax national income 
P80-100 | share | all ages | equal split
",p80p100,2016,0.6379,0.0,PRI,North America
Puerto Rico,"sptinc_p80p100_999_j_PR
Pre-tax national income 
P80-100 | share | all ages | equal split
",p80p100,2017,0.6293000000000001,0.0,PRI,North America
Puerto Rico,"sptinc_p80p100_999_j_PR
Pre-tax national income 
P80-100 | share | all ages | equal split
",p80p100,2018,0.6208,0.0,PRI,North America
Puerto Rico,"sptinc_p80p100_999_j_PR
Pre-tax national income 
P80-100 | share | all ages | equal split
",p80p100,2019,0.6123000000000001,0.0,PRI,North America
Puerto Rico,"sptinc_p80p100_999_j_PR
Pre-tax national income 
P80-100 | share | all ages | equal split
",p80p100,2020,0.6039,0.0,PRI,North America
Puerto Rico,"sptinc_p80p100_999_j_PR
Pre-tax national income 
P80-100 | share | all ages | equal split
",p80p100,2021,0.6039,0.0,PRI,North America
Puerto Rico,"sptinc_p80p100_999_j_PR
Pre-tax national income 
P80-100 | share | all ages | equal split
",p80p100,2022,0.6039,0.0,PRI,North America
Puerto Rico,"sptinc_p80p100_999_j_PR
Pre-tax national income 
P80-100 | share | all ages | equal split
",p80p100,2023,0.6039,0.0,PRI,North America
Puerto Rico,"sptinc_p80p100_999_j_PR
Pre-tax national income 
P80-100 | share | all ages | equal split
",p80p100,2024,0.6039,0.0,PRI,North America
Qatar,"sptinc_p80p100_999_j_QA
Pre-tax national income 
P80-100 | share | all ages | equal split
",p80p100,1980,0.7022,1.0,QAT,MENA
Qatar,"sptinc_p80p100_999_j_QA
Pre-tax national income 
P80-100 | share | all ages | equal split
",p80p100,1981,0.7022,1.0,QAT,MENA
Qatar,"sptinc_p80p100_999_j_QA
Pre-tax national income 
P80-100 | share | all ages | equal split
",p80p100,1982,0.7022,1.0,QAT,MENA
Qatar,"sptinc_p80p100_999_j_QA
Pre-tax national income 
P80-100 | share | all ages | equal split
",p80p100,1983,0.7022,1.0,QAT,MENA
Qatar,"sptinc_p80p100_999_j_QA
Pre-tax national income 
P80-100 | share | all ages | equal split
",p80p100,1984,0.7022,1.0,QAT,MENA
Qatar,"sptinc_p80p100_999_j_QA
Pre-tax national income 
P80-100 | share | all ages | equal split
",p80p100,1985,0.7022,1.0,QAT,MENA
Qatar,"sptinc_p80p100_999_j_QA
Pre-tax national income 
P80-100 | share | all ages | equal split
",p80p100,1986,0.7022,1.0,QAT,MENA
Qatar,"sptinc_p80p100_999_j_QA
Pre-tax national income 
P80-100 | share | all ages | equal split
",p80p100,1987,0.7022,1.0,QAT,MENA
Qatar,"sptinc_p80p100_999_j_QA
Pre-tax national income 
P80-100 | share | all ages | equal split
",p80p100,1988,0.7022,1.0,QAT,MENA
Qatar,"sptinc_p80p100_999_j_QA
Pre-tax national income 
P80-100 | share | all ages | equal split
",p80p100,1989,0.7022,1.0,QAT,MENA
Qatar,"sptinc_p80p100_999_j_QA
Pre-tax national income 
P80-100 | share | all ages | equal split
",p80p100,1990,0.7022,1.0,QAT,MENA
Qatar,"sptinc_p80p100_999_j_QA
Pre-tax national income 
P80-100 | share | all ages | equal split
",p80p100,1991,0.7022,1.0,QAT,MENA
Qatar,"sptinc_p80p100_999_j_QA
Pre-tax national income 
P80-100 | share | all ages | equal split
",p80p100,1992,0.7022,1.0,QAT,MENA
Qatar,"sptinc_p80p100_999_j_QA
Pre-tax national income 
P80-100 | share | all ages | equal split
",p80p100,1993,0.7022,1.0,QAT,MENA
Qatar,"sptinc_p80p100_999_j_QA
Pre-tax national income 
P80-100 | share | all ages | equal split
",p80p100,1994,0.7022,1.0,QAT,MENA
Qatar,"sptinc_p80p100_999_j_QA
Pre-tax national income 
P80-100 | share | all ages | equal split
",p80p100,1995,0.7022,1.0,QAT,MENA
Qatar,"sptinc_p80p100_999_j_QA
Pre-tax national income 
P80-100 | share | all ages | equal split
",p80p100,1996,0.7022,1.0,QAT,MENA
Qatar,"sptinc_p80p100_999_j_QA
Pre-tax national income 
P80-100 | share | all ages | equal split
",p80p100,1997,0.7022,1.0,QAT,MENA
Qatar,"sptinc_p80p100_999_j_QA
Pre-tax national income 
P80-100 | share | all ages | equal split
",p80p100,1998,0.7022,1.0,QAT,MENA
Qatar,"sptinc_p80p100_999_j_QA
Pre-tax national income 
P80-100 | share | all ages | equal split
",p80p100,1999,0.7022,1.0,QAT,MENA
Qatar,"sptinc_p80p100_999_j_QA
Pre-tax national income 
P80-100 | share | all ages | equal split
",p80p100,2000,0.7022,1.0,QAT,MENA
Qatar,"sptinc_p80p100_999_j_QA
Pre-tax national income 
P80-100 | share | all ages | equal split
",p80p100,2001,0.7022,1.0,QAT,MENA
Qatar,"sptinc_p80p100_999_j_QA
Pre-tax national income 
P80-100 | share | all ages | equal split
",p80p100,2002,0.7022,1.0,QAT,MENA
Qatar,"sptinc_p80p100_999_j_QA
Pre-tax national income 
P80-100 | share | all ages | equal split
",p80p100,2003,0.7022,1.0,QAT,MENA
Qatar,"sptinc_p80p100_999_j_QA
Pre-tax national income 
P80-100 | share | all ages | equal split
",p80p100,2004,0.7022,1.0,QAT,MENA
Qatar,"sptinc_p80p100_999_j_QA
Pre-tax national income 
P80-100 | share | all ages | equal split
",p80p100,2005,0.7022,1.0,QAT,MENA
Qatar,"sptinc_p80p100_999_j_QA
Pre-tax national income 
P80-100 | share | all ages | equal split
",p80p100,2006,0.7022,1.0,QAT,MENA
Qatar,"sptinc_p80p100_999_j_QA
Pre-tax national income 
P80-100 | share | all ages | equal split
",p80p100,2007,0.7022,3.0,QAT,MENA
Qatar,"sptinc_p80p100_999_j_QA
Pre-tax national income 
P80-100 | share | all ages | equal split
",p80p100,2008,0.7036,2.0,QAT,MENA
Qatar,"sptinc_p80p100_999_j_QA
Pre-tax national income 
P80-100 | share | all ages | equal split
",p80p100,2009,0.7050000000000001,2.0,QAT,MENA
Qatar,"sptinc_p80p100_999_j_QA
Pre-tax national income 
P80-100 | share | all ages | equal split
",p80p100,2010,0.7064,2.0,QAT,MENA
Qatar,"sptinc_p80p100_999_j_QA
Pre-tax national income 
P80-100 | share | all ages | equal split
",p80p100,2011,0.7077,2.0,QAT,MENA
Qatar,"sptinc_p80p100_999_j_QA
Pre-tax national income 
P80-100 | share | all ages | equal split
",p80p100,2012,0.7090000000000001,3.0,QAT,MENA
Qatar,"sptinc_p80p100_999_j_QA
Pre-tax national income 
P80-100 | share | all ages | equal split
",p80p100,2013,0.7090000000000001,1.0,QAT,MENA
Qatar,"sptinc_p80p100_999_j_QA
Pre-tax national income 
P80-100 | share | all ages | equal split
",p80p100,2014,0.7090000000000001,1.0,QAT,MENA
Qatar,"sptinc_p80p100_999_j_QA
Pre-tax national income 
P80-100 | share | all ages | equal split
",p80p100,2015,0.7090000000000001,1.0,QAT,MENA
Qatar,"sptinc_p80p100_999_j_QA
Pre-tax national income 
P80-100 | share | all ages | equal split
",p80p100,2016,0.7090000000000001,1.0,QAT,MENA
Qatar,"sptinc_p80p100_999_j_QA
Pre-tax national income 
P80-100 | share | all ages | equal split
",p80p100,2017,0.7090000000000001,1.0,QAT,MENA
Qatar,"sptinc_p80p100_999_j_QA
Pre-tax national income 
P80-100 | share | all ages | equal split
",p80p100,2018,0.7090000000000001,1.0,QAT,MENA
Qatar,"sptinc_p80p100_999_j_QA
Pre-tax national income 
P80-100 | share | all ages | equal split
",p80p100,2019,0.7090000000000001,1.0,QAT,MENA
Qatar,"sptinc_p80p100_999_j_QA
Pre-tax national income 
P80-100 | share | all ages | equal split
",p80p100,2020,0.7090000000000001,1.0,QAT,MENA
Qatar,"sptinc_p80p100_999_j_QA
Pre-tax national income 
P80-100 | share | all ages | equal split
",p80p100,2021,0.7090000000000001,1.0,QAT,MENA
Qatar,"sptinc_p80p100_999_j_QA
Pre-tax national income 
P80-100 | share | all ages | equal split
",p80p100,2022,0.7090000000000001,1.0,QAT,MENA
Qatar,"sptinc_p80p100_999_j_QA
Pre-tax national income 
P80-100 | share | all ages | equal split
",p80p100,2023,0.7090000000000001,1.0,QAT,MENA
Qatar,"sptinc_p80p100_999_j_QA
Pre-tax national income 
P80-100 | share | all ages | equal split
",p80p100,2024,0.7090000000000001,1.0,QAT,MENA
Romania,"sptinc_p80p100_999_j_RO
Pre-tax national income 
P80-100 | share | all ages | equal split
",p80p100,1980,0.3949,1.0,ROU,Eastern Europe & FSU
Romania,"sptinc_p80p100_999_j_RO
Pre-tax national income 
P80-100 | share | all ages | equal split
",p80p100,1981,0.3949,1.0,ROU,Eastern Europe & FSU
Romania,"sptinc_p80p100_999_j_RO
Pre-tax national income 
P80-100 | share | all ages | equal split
",p80p100,1982,0.3949,1.0,ROU,Eastern Europe & FSU
Romania,"sptinc_p80p100_999_j_RO
Pre-tax national income 
P80-100 | share | all ages | equal split
",p80p100,1983,0.3949,1.0,ROU,Eastern Europe & FSU
Romania,"sptinc_p80p100_999_j_RO
Pre-tax national income 
P80-100 | share | all ages | equal split
",p80p100,1984,0.3949,1.0,ROU,Eastern Europe & FSU
Romania,"sptinc_p80p100_999_j_RO
Pre-tax national income 
P80-100 | share | all ages | equal split
",p80p100,1985,0.3949,1.0,ROU,Eastern Europe & FSU
Romania,"sptinc_p80p100_999_j_RO
Pre-tax national income 
P80-100 | share | all ages | equal split
",p80p100,1986,0.3949,1.0,ROU,Eastern Europe & FSU
Romania,"sptinc_p80p100_999_j_RO
Pre-tax national income 
P80-100 | share | all ages | equal split
",p80p100,1987,0.3949,1.0,ROU,Eastern Europe & FSU
Romania,"sptinc_p80p100_999_j_RO
Pre-tax national income 
P80-100 | share | all ages | equal split
",p80p100,1988,0.3949,1.0,ROU,Eastern Europe & FSU
Romania,"sptinc_p80p100_999_j_RO
Pre-tax national income 
P80-100 | share | all ages | equal split
",p80p100,1989,0.3949,3.0,ROU,Eastern Europe & FSU
Romania,"sptinc_p80p100_999_j_RO
Pre-tax national income 
P80-100 | share | all ages | equal split
",p80p100,1990,0.4064,3.0,ROU,Eastern Europe & FSU
Romania,"sptinc_p80p100_999_j_RO
Pre-tax national income 
P80-100 | share | all ages | equal split
",p80p100,1991,0.4206,3.0,ROU,Eastern Europe & FSU
Romania,"sptinc_p80p100_999_j_RO
Pre-tax national income 
P80-100 | share | all ages | equal split
",p80p100,1992,0.4268,3.0,ROU,Eastern Europe & FSU
Romania,"sptinc_p80p100_999_j_RO
Pre-tax national income 
P80-100 | share | all ages | equal split
",p80p100,1993,0.4462,3.0,ROU,Eastern Europe & FSU
Romania,"sptinc_p80p100_999_j_RO
Pre-tax national income 
P80-100 | share | all ages | equal split
",p80p100,1994,0.4626,3.0,ROU,Eastern Europe & FSU
Romania,"sptinc_p80p100_999_j_RO
Pre-tax national income 
P80-100 | share | all ages | equal split
",p80p100,1995,0.5142,3.0,ROU,Eastern Europe & FSU
Romania,"sptinc_p80p100_999_j_RO
Pre-tax national income 
P80-100 | share | all ages | equal split
",p80p100,1996,0.5091,3.0,ROU,Eastern Europe & FSU
Romania,"sptinc_p80p100_999_j_RO
Pre-tax national income 
P80-100 | share | all ages | equal split
",p80p100,1997,0.5193,3.0,ROU,Eastern Europe & FSU
Romania,"sptinc_p80p100_999_j_RO
Pre-tax national income 
P80-100 | share | all ages | equal split
",p80p100,1998,0.5263,3.0,ROU,Eastern Europe & FSU
Romania,"sptinc_p80p100_999_j_RO
Pre-tax national income 
P80-100 | share | all ages | equal split
",p80p100,1999,0.5126000000000001,3.0,ROU,Eastern Europe & FSU
Romania,"sptinc_p80p100_999_j_RO
Pre-tax national income 
P80-100 | share | all ages | equal split
",p80p100,2000,0.5097,3.0,ROU,Eastern Europe & FSU
Romania,"sptinc_p80p100_999_j_RO
Pre-tax national income 
P80-100 | share | all ages | equal split
",p80p100,2001,0.5066,3.0,ROU,Eastern Europe & FSU
Romania,"sptinc_p80p100_999_j_RO
Pre-tax national income 
P80-100 | share | all ages | equal split
",p80p100,2002,0.5274,3.0,ROU,Eastern Europe & FSU
Romania,"sptinc_p80p100_999_j_RO
Pre-tax national income 
P80-100 | share | all ages | equal split
",p80p100,2003,0.5557,3.0,ROU,Eastern Europe & FSU
Romania,"sptinc_p80p100_999_j_RO
Pre-tax national income 
P80-100 | share | all ages | equal split
",p80p100,2004,0.5534,3.0,ROU,Eastern Europe & FSU
Romania,"sptinc_p80p100_999_j_RO
Pre-tax national income 
P80-100 | share | all ages | equal split
",p80p100,2005,0.5630000000000001,3.0,ROU,Eastern Europe & FSU
Romania,"sptinc_p80p100_999_j_RO
Pre-tax national income 
P80-100 | share | all ages | equal split
",p80p100,2006,0.5624,3.0,ROU,Eastern Europe & FSU
Romania,"sptinc_p80p100_999_j_RO
Pre-tax national income 
P80-100 | share | all ages | equal split
",p80p100,2007,0.5979,3.0,ROU,Eastern Europe & FSU
Romania,"sptinc_p80p100_999_j_RO
Pre-tax national income 
P80-100 | share | all ages | equal split
",p80p100,2008,0.5927,3.0,ROU,Eastern Europe & FSU
Romania,"sptinc_p80p100_999_j_RO
Pre-tax national income 
P80-100 | share | all ages | equal split
",p80p100,2009,0.5915,3.0,ROU,Eastern Europe & FSU
Romania,"sptinc_p80p100_999_j_RO
Pre-tax national income 
P80-100 | share | all ages | equal split
",p80p100,2010,0.5473,3.0,ROU,Eastern Europe & FSU
Romania,"sptinc_p80p100_999_j_RO
Pre-tax national income 
P80-100 | share | all ages | equal split
",p80p100,2011,0.5517000000000001,3.0,ROU,Eastern Europe & FSU
Romania,"sptinc_p80p100_999_j_RO
Pre-tax national income 
P80-100 | share | all ages | equal split
",p80p100,2012,0.5662,3.0,ROU,Eastern Europe & FSU
Romania,"sptinc_p80p100_999_j_RO
Pre-tax national income 
P80-100 | share | all ages | equal split
",p80p100,2013,0.5583,3.0,ROU,Eastern Europe & FSU
Romania,"sptinc_p80p100_999_j_RO
Pre-tax national income 
P80-100 | share | all ages | equal split
",p80p100,2014,0.5713,3.0,ROU,Eastern Europe & FSU
Romania,"sptinc_p80p100_999_j_RO
Pre-tax national income 
P80-100 | share | all ages | equal split
",p80p100,2015,0.5679000000000001,3.0,ROU,Eastern Europe & FSU
Romania,"sptinc_p80p100_999_j_RO
Pre-tax national income 
P80-100 | share | all ages | equal split
",p80p100,2016,0.5362,3.0,ROU,Eastern Europe & FSU
Romania,"sptinc_p80p100_999_j_RO
Pre-tax national income 
P80-100 | share | all ages | equal split
",p80p100,2017,0.5446,3.0,ROU,Eastern Europe & FSU
Romania,"sptinc_p80p100_999_j_RO
Pre-tax national income 
P80-100 | share | all ages | equal split
",p80p100,2018,0.5681,3.0,ROU,Eastern Europe & FSU
Romania,"sptinc_p80p100_999_j_RO
Pre-tax national income 
P80-100 | share | all ages | equal split
",p80p100,2019,0.5666,3.0,ROU,Eastern Europe & FSU
Romania,"sptinc_p80p100_999_j_RO
Pre-tax national income 
P80-100 | share | all ages | equal split
",p80p100,2020,0.5666,3.0,ROU,Eastern Europe & FSU
Romania,"sptinc_p80p100_999_j_RO
Pre-tax national income 
P80-100 | share | all ages | equal split
",p80p100,2021,0.5673,3.0,ROU,Eastern Europe & FSU
Romania,"sptinc_p80p100_999_j_RO
Pre-tax national income 
P80-100 | share | all ages | equal split
",p80p100,2022,0.5686,3.0,ROU,Eastern Europe & FSU
Romania,"sptinc_p80p100_999_j_RO
Pre-tax national income 
P80-100 | share | all ages | equal split
",p80p100,2023,0.5701,3.0,ROU,Eastern Europe & FSU
Romania,"sptinc_p80p100_999_j_RO
Pre-tax national income 
P80-100 | share | all ages | equal split
",p80p100,2024,0.5701,1.0,ROU,Eastern Europe & FSU
Russian Federation,"sptinc_p80p100_999_j_RU
Pre-tax national income 
P80-100 | share | all ages | equal split
",p80p100,1960,0.4251,2.0,RUS,Eastern Europe & FSU
Russian Federation,"sptinc_p80p100_999_j_RU
Pre-tax national income 
P80-100 | share | all ages | equal split
",p80p100,1961,0.4255,3.0,RUS,Eastern Europe & FSU
Russian Federation,"sptinc_p80p100_999_j_RU
Pre-tax national income 
P80-100 | share | all ages | equal split
",p80p100,1964,0.4094,3.0,RUS,Eastern Europe & FSU
Russian Federation,"sptinc_p80p100_999_j_RU
Pre-tax national income 
P80-100 | share | all ages | equal split
",p80p100,1966,0.3869,3.0,RUS,Eastern Europe & FSU
Russian Federation,"sptinc_p80p100_999_j_RU
Pre-tax national income 
P80-100 | share | all ages | equal split
",p80p100,1968,0.3612,3.0,RUS,Eastern Europe & FSU
Russian Federation,"sptinc_p80p100_999_j_RU
Pre-tax national income 
P80-100 | share | all ages | equal split
",p80p100,1970,0.3924,2.0,RUS,Eastern Europe & FSU
Russian Federation,"sptinc_p80p100_999_j_RU
Pre-tax national income 
P80-100 | share | all ages | equal split
",p80p100,1972,0.366,3.0,RUS,Eastern Europe & FSU
Russian Federation,"sptinc_p80p100_999_j_RU
Pre-tax national income 
P80-100 | share | all ages | equal split
",p80p100,1976,0.3628,3.0,RUS,Eastern Europe & FSU
Russian Federation,"sptinc_p80p100_999_j_RU
Pre-tax national income 
P80-100 | share | all ages | equal split
",p80p100,1980,0.3926,3.0,RUS,Eastern Europe & FSU
Russian Federation,"sptinc_p80p100_999_j_RU
Pre-tax national income 
P80-100 | share | all ages | equal split
",p80p100,1981,0.3928,2.0,RUS,Eastern Europe & FSU
Russian Federation,"sptinc_p80p100_999_j_RU
Pre-tax national income 
P80-100 | share | all ages | equal split
",p80p100,1982,0.393,2.0,RUS,Eastern Europe & FSU
Russian Federation,"sptinc_p80p100_999_j_RU
Pre-tax national income 
P80-100 | share | all ages | equal split
",p80p100,1983,0.3932,2.0,RUS,Eastern Europe & FSU
Russian Federation,"sptinc_p80p100_999_j_RU
Pre-tax national income 
P80-100 | share | all ages | equal split
",p80p100,1984,0.3933,2.0,RUS,Eastern Europe & FSU
Russian Federation,"sptinc_p80p100_999_j_RU
Pre-tax national income 
P80-100 | share | all ages | equal split
",p80p100,1985,0.3935,3.0,RUS,Eastern Europe & FSU
Russian Federation,"sptinc_p80p100_999_j_RU
Pre-tax national income 
P80-100 | share | all ages | equal split
",p80p100,1986,0.3932,2.0,RUS,Eastern Europe & FSU
Russian Federation,"sptinc_p80p100_999_j_RU
Pre-tax national income 
P80-100 | share | all ages | equal split
",p80p100,1987,0.3928,2.0,RUS,Eastern Europe & FSU
Russian Federation,"sptinc_p80p100_999_j_RU
Pre-tax national income 
P80-100 | share | all ages | equal split
",p80p100,1988,0.3925,2.0,RUS,Eastern Europe & FSU
Russian Federation,"sptinc_p80p100_999_j_RU
Pre-tax national income 
P80-100 | share | all ages | equal split
",p80p100,1989,0.3932,2.0,RUS,Eastern Europe & FSU
Russian Federation,"sptinc_p80p100_999_j_RU
Pre-tax national income 
P80-100 | share | all ages | equal split
",p80p100,1990,0.38,2.0,RUS,Eastern Europe & FSU
Russian Federation,"sptinc_p80p100_999_j_RU
Pre-tax national income 
P80-100 | share | all ages | equal split
",p80p100,1991,0.3892,2.0,RUS,Eastern Europe & FSU
Russian Federation,"sptinc_p80p100_999_j_RU
Pre-tax national income 
P80-100 | share | all ages | equal split
",p80p100,1992,0.4756,2.0,RUS,Eastern Europe & FSU
Russian Federation,"sptinc_p80p100_999_j_RU
Pre-tax national income 
P80-100 | share | all ages | equal split
",p80p100,1993,0.4969,2.0,RUS,Eastern Europe & FSU
Russian Federation,"sptinc_p80p100_999_j_RU
Pre-tax national income 
P80-100 | share | all ages | equal split
",p80p100,1994,0.5693,3.0,RUS,Eastern Europe & FSU
Russian Federation,"sptinc_p80p100_999_j_RU
Pre-tax national income 
P80-100 | share | all ages | equal split
",p80p100,1995,0.5913,3.0,RUS,Eastern Europe & FSU
Russian Federation,"sptinc_p80p100_999_j_RU
Pre-tax national income 
P80-100 | share | all ages | equal split
",p80p100,1996,0.651,3.0,RUS,Eastern Europe & FSU
Russian Federation,"sptinc_p80p100_999_j_RU
Pre-tax national income 
P80-100 | share | all ages | equal split
",p80p100,1997,0.6171,2.0,RUS,Eastern Europe & FSU
Russian Federation,"sptinc_p80p100_999_j_RU
Pre-tax national income 
P80-100 | share | all ages | equal split
",p80p100,1998,0.5943,2.0,RUS,Eastern Europe & FSU
Russian Federation,"sptinc_p80p100_999_j_RU
Pre-tax national income 
P80-100 | share | all ages | equal split
",p80p100,1999,0.6152000000000001,2.0,RUS,Eastern Europe & FSU
Russian Federation,"sptinc_p80p100_999_j_RU
Pre-tax national income 
P80-100 | share | all ages | equal split
",p80p100,2000,0.6344000000000001,3.0,RUS,Eastern Europe & FSU
Russian Federation,"sptinc_p80p100_999_j_RU
Pre-tax national income 
P80-100 | share | all ages | equal split
",p80p100,2001,0.6381,3.0,RUS,Eastern Europe & FSU
Russian Federation,"sptinc_p80p100_999_j_RU
Pre-tax national income 
P80-100 | share | all ages | equal split
",p80p100,2002,0.6211,3.0,RUS,Eastern Europe & FSU
Russian Federation,"sptinc_p80p100_999_j_RU
Pre-tax national income 
P80-100 | share | all ages | equal split
",p80p100,2003,0.6237,3.0,RUS,Eastern Europe & FSU
Russian Federation,"sptinc_p80p100_999_j_RU
Pre-tax national income 
P80-100 | share | all ages | equal split
",p80p100,2004,0.6198,3.0,RUS,Eastern Europe & FSU
Russian Federation,"sptinc_p80p100_999_j_RU
Pre-tax national income 
P80-100 | share | all ages | equal split
",p80p100,2005,0.6111,3.0,RUS,Eastern Europe & FSU
Russian Federation,"sptinc_p80p100_999_j_RU
Pre-tax national income 
P80-100 | share | all ages | equal split
",p80p100,2006,0.6256,3.0,RUS,Eastern Europe & FSU
Russian Federation,"sptinc_p80p100_999_j_RU
Pre-tax national income 
P80-100 | share | all ages | equal split
",p80p100,2007,0.6242,3.0,RUS,Eastern Europe & FSU
Russian Federation,"sptinc_p80p100_999_j_RU
Pre-tax national income 
P80-100 | share | all ages | equal split
",p80p100,2008,0.6425000000000001,4.0,RUS,Eastern Europe & FSU
Russian Federation,"sptinc_p80p100_999_j_RU
Pre-tax national income 
P80-100 | share | all ages | equal split
",p80p100,2009,0.6224000000000001,4.0,RUS,Eastern Europe & FSU
Russian Federation,"sptinc_p80p100_999_j_RU
Pre-tax national income 
P80-100 | share | all ages | equal split
",p80p100,2010,0.5856,4.0,RUS,Eastern Europe & FSU
Russian Federation,"sptinc_p80p100_999_j_RU
Pre-tax national income 
P80-100 | share | all ages | equal split
",p80p100,2011,0.6039,4.0,RUS,Eastern Europe & FSU
Russian Federation,"sptinc_p80p100_999_j_RU
Pre-tax national income 
P80-100 | share | all ages | equal split
",p80p100,2012,0.5856,4.0,RUS,Eastern Europe & FSU
Russian Federation,"sptinc_p80p100_999_j_RU
Pre-tax national income 
P80-100 | share | all ages | equal split
",p80p100,2013,0.5988,4.0,RUS,Eastern Europe & FSU
Russian Federation,"sptinc_p80p100_999_j_RU
Pre-tax national income 
P80-100 | share | all ages | equal split
",p80p100,2014,0.5817,4.0,RUS,Eastern Europe & FSU
Russian Federation,"sptinc_p80p100_999_j_RU
Pre-tax national income 
P80-100 | share | all ages | equal split
",p80p100,2015,0.5802,4.0,RUS,Eastern Europe & FSU
Russian Federation,"sptinc_p80p100_999_j_RU
Pre-tax national income 
P80-100 | share | all ages | equal split
",p80p100,2016,0.5818,4.0,RUS,Eastern Europe & FSU
Russian Federation,"sptinc_p80p100_999_j_RU
Pre-tax national income 
P80-100 | share | all ages | equal split
",p80p100,2017,0.5783,4.0,RUS,Eastern Europe & FSU
Russian Federation,"sptinc_p80p100_999_j_RU
Pre-tax national income 
P80-100 | share | all ages | equal split
",p80p100,2018,0.5853,4.0,RUS,Eastern Europe & FSU
Russian Federation,"sptinc_p80p100_999_j_RU
Pre-tax national income 
P80-100 | share | all ages | equal split
",p80p100,2019,0.5871000000000001,4.0,RUS,Eastern Europe & FSU
Russian Federation,"sptinc_p80p100_999_j_RU
Pre-tax national income 
P80-100 | share | all ages | equal split
",p80p100,2020,0.6215,4.0,RUS,Eastern Europe & FSU
Russian Federation,"sptinc_p80p100_999_j_RU
Pre-tax national income 
P80-100 | share | all ages | equal split
",p80p100,2021,0.6215,1.0,RUS,Eastern Europe & FSU
Russian Federation,"sptinc_p80p100_999_j_RU
Pre-tax national income 
P80-100 | share | all ages | equal split
",p80p100,2022,0.6215,1.0,RUS,Eastern Europe & FSU
Russian Federation,"sptinc_p80p100_999_j_RU
Pre-tax national income 
P80-100 | share | all ages | equal split
",p80p100,2023,0.6215,1.0,RUS,Eastern Europe & FSU
Russian Federation,"sptinc_p80p100_999_j_RU
Pre-tax national income 
P80-100 | share | all ages | equal split
",p80p100,2024,0.6215,1.0,RUS,Eastern Europe & FSU
Rwanda,"sptinc_p80p100_999_j_RW
Pre-tax national income 
P80-100 | share | all ages | equal split
",p80p100,1960,0.7368,0.0,RWA,Sub-Saharan Africa
Rwanda,"sptinc_p80p100_999_j_RW
Pre-tax national income 
P80-100 | share | all ages | equal split
",p80p100,1970,0.7402000000000001,0.0,RWA,Sub-Saharan Africa
Rwanda,"sptinc_p80p100_999_j_RW
Pre-tax national income 
P80-100 | share | all ages | equal split
",p80p100,1980,0.7177,1.0,RWA,Sub-Saharan Africa
Rwanda,"sptinc_p80p100_999_j_RW
Pre-tax national income 
P80-100 | share | all ages | equal split
",p80p100,1981,0.7177,1.0,RWA,Sub-Saharan Africa
Rwanda,"sptinc_p80p100_999_j_RW
Pre-tax national income 
P80-100 | share | all ages | equal split
",p80p100,1982,0.7177,1.0,RWA,Sub-Saharan Africa
Rwanda,"sptinc_p80p100_999_j_RW
Pre-tax national income 
P80-100 | share | all ages | equal split
",p80p100,1983,0.7177,1.0,RWA,Sub-Saharan Africa
Rwanda,"sptinc_p80p100_999_j_RW
Pre-tax national income 
P80-100 | share | all ages | equal split
",p80p100,1984,0.7177,1.0,RWA,Sub-Saharan Africa
Rwanda,"sptinc_p80p100_999_j_RW
Pre-tax national income 
P80-100 | share | all ages | equal split
",p80p100,1985,0.7177,1.0,RWA,Sub-Saharan Africa
Rwanda,"sptinc_p80p100_999_j_RW
Pre-tax national income 
P80-100 | share | all ages | equal split
",p80p100,1986,0.7177,1.0,RWA,Sub-Saharan Africa
Rwanda,"sptinc_p80p100_999_j_RW
Pre-tax national income 
P80-100 | share | all ages | equal split
",p80p100,1987,0.7177,1.0,RWA,Sub-Saharan Africa
Rwanda,"sptinc_p80p100_999_j_RW
Pre-tax national income 
P80-100 | share | all ages | equal split
",p80p100,1988,0.7177,1.0,RWA,Sub-Saharan Africa
Rwanda,"sptinc_p80p100_999_j_RW
Pre-tax national income 
P80-100 | share | all ages | equal split
",p80p100,1989,0.7177,1.0,RWA,Sub-Saharan Africa
Rwanda,"sptinc_p80p100_999_j_RW
Pre-tax national income 
P80-100 | share | all ages | equal split
",p80p100,1990,0.7177,1.0,RWA,Sub-Saharan Africa
Rwanda,"sptinc_p80p100_999_j_RW
Pre-tax national income 
P80-100 | share | all ages | equal split
",p80p100,1991,0.7177,1.0,RWA,Sub-Saharan Africa
Rwanda,"sptinc_p80p100_999_j_RW
Pre-tax national income 
P80-100 | share | all ages | equal split
",p80p100,1992,0.7177,1.0,RWA,Sub-Saharan Africa
Rwanda,"sptinc_p80p100_999_j_RW
Pre-tax national income 
P80-100 | share | all ages | equal split
",p80p100,1993,0.7177,1.0,RWA,Sub-Saharan Africa
Rwanda,"sptinc_p80p100_999_j_RW
Pre-tax national income 
P80-100 | share | all ages | equal split
",p80p100,1994,0.7177,1.0,RWA,Sub-Saharan Africa
Rwanda,"sptinc_p80p100_999_j_RW
Pre-tax national income 
P80-100 | share | all ages | equal split
",p80p100,1995,0.7177,1.0,RWA,Sub-Saharan Africa
Rwanda,"sptinc_p80p100_999_j_RW
Pre-tax national income 
P80-100 | share | all ages | equal split
",p80p100,1996,0.7177,1.0,RWA,Sub-Saharan Africa
Rwanda,"sptinc_p80p100_999_j_RW
Pre-tax national income 
P80-100 | share | all ages | equal split
",p80p100,1997,0.7177,1.0,RWA,Sub-Saharan Africa
Rwanda,"sptinc_p80p100_999_j_RW
Pre-tax national income 
P80-100 | share | all ages | equal split
",p80p100,1998,0.7177,1.0,RWA,Sub-Saharan Africa
Rwanda,"sptinc_p80p100_999_j_RW
Pre-tax national income 
P80-100 | share | all ages | equal split
",p80p100,1999,0.7177,1.0,RWA,Sub-Saharan Africa
Rwanda,"sptinc_p80p100_999_j_RW
Pre-tax national income 
P80-100 | share | all ages | equal split
",p80p100,2000,0.7177,3.0,RWA,Sub-Saharan Africa
Rwanda,"sptinc_p80p100_999_j_RW
Pre-tax national income 
P80-100 | share | all ages | equal split
",p80p100,2001,0.7230000000000001,2.0,RWA,Sub-Saharan Africa
Rwanda,"sptinc_p80p100_999_j_RW
Pre-tax national income 
P80-100 | share | all ages | equal split
",p80p100,2002,0.7283000000000001,2.0,RWA,Sub-Saharan Africa
Rwanda,"sptinc_p80p100_999_j_RW
Pre-tax national income 
P80-100 | share | all ages | equal split
",p80p100,2003,0.7336,2.0,RWA,Sub-Saharan Africa
Rwanda,"sptinc_p80p100_999_j_RW
Pre-tax national income 
P80-100 | share | all ages | equal split
",p80p100,2004,0.7388,2.0,RWA,Sub-Saharan Africa
Rwanda,"sptinc_p80p100_999_j_RW
Pre-tax national income 
P80-100 | share | all ages | equal split
",p80p100,2005,0.7441,3.0,RWA,Sub-Saharan Africa
Rwanda,"sptinc_p80p100_999_j_RW
Pre-tax national income 
P80-100 | share | all ages | equal split
",p80p100,2006,0.7376,2.0,RWA,Sub-Saharan Africa
Rwanda,"sptinc_p80p100_999_j_RW
Pre-tax national income 
P80-100 | share | all ages | equal split
",p80p100,2007,0.731,2.0,RWA,Sub-Saharan Africa
Rwanda,"sptinc_p80p100_999_j_RW
Pre-tax national income 
P80-100 | share | all ages | equal split
",p80p100,2008,0.7245,2.0,RWA,Sub-Saharan Africa
Rwanda,"sptinc_p80p100_999_j_RW
Pre-tax national income 
P80-100 | share | all ages | equal split
",p80p100,2009,0.7179,2.0,RWA,Sub-Saharan Africa
Rwanda,"sptinc_p80p100_999_j_RW
Pre-tax national income 
P80-100 | share | all ages | equal split
",p80p100,2010,0.7113,3.0,RWA,Sub-Saharan Africa
Rwanda,"sptinc_p80p100_999_j_RW
Pre-tax national income 
P80-100 | share | all ages | equal split
",p80p100,2011,0.7056,2.0,RWA,Sub-Saharan Africa
Rwanda,"sptinc_p80p100_999_j_RW
Pre-tax national income 
P80-100 | share | all ages | equal split
",p80p100,2012,0.6998000000000001,2.0,RWA,Sub-Saharan Africa
Rwanda,"sptinc_p80p100_999_j_RW
Pre-tax national income 
P80-100 | share | all ages | equal split
",p80p100,2013,0.6941,3.0,RWA,Sub-Saharan Africa
Rwanda,"sptinc_p80p100_999_j_RW
Pre-tax national income 
P80-100 | share | all ages | equal split
",p80p100,2014,0.6879000000000001,2.0,RWA,Sub-Saharan Africa
Rwanda,"sptinc_p80p100_999_j_RW
Pre-tax national income 
P80-100 | share | all ages | equal split
",p80p100,2015,0.6818000000000001,2.0,RWA,Sub-Saharan Africa
Rwanda,"sptinc_p80p100_999_j_RW
Pre-tax national income 
P80-100 | share | all ages | equal split
",p80p100,2016,0.6757000000000001,3.0,RWA,Sub-Saharan Africa
Rwanda,"sptinc_p80p100_999_j_RW
Pre-tax national income 
P80-100 | share | all ages | equal split
",p80p100,2017,0.6723,2.0,RWA,Sub-Saharan Africa
Rwanda,"sptinc_p80p100_999_j_RW
Pre-tax national income 
P80-100 | share | all ages | equal split
",p80p100,2018,0.669,2.0,RWA,Sub-Saharan Africa
Rwanda,"sptinc_p80p100_999_j_RW
Pre-tax national income 
P80-100 | share | all ages | equal split
",p80p100,2019,0.6656000000000001,2.0,RWA,Sub-Saharan Africa
Rwanda,"sptinc_p80p100_999_j_RW
Pre-tax national income 
P80-100 | share | all ages | equal split
",p80p100,2020,0.6622,2.0,RWA,Sub-Saharan Africa
Rwanda,"sptinc_p80p100_999_j_RW
Pre-tax national income 
P80-100 | share | all ages | equal split
",p80p100,2021,0.6588,2.0,RWA,Sub-Saharan Africa
Rwanda,"sptinc_p80p100_999_j_RW
Pre-tax national income 
P80-100 | share | all ages | equal split
",p80p100,2022,0.6555000000000001,2.0,RWA,Sub-Saharan Africa
Rwanda,"sptinc_p80p100_999_j_RW
Pre-tax national income 
P80-100 | share | all ages | equal split
",p80p100,2023,0.6521,3.0,RWA,Sub-Saharan Africa
Rwanda,"sptinc_p80p100_999_j_RW
Pre-tax national income 
P80-100 | share | all ages | equal split
",p80p100,2024,0.6521,1.0,RWA,Sub-Saharan Africa
Senegal,"sptinc_p80p100_999_j_SN
Pre-tax national income 
P80-100 | share | all ages | equal split
",p80p100,1980,0.739,1.0,SEN,Sub-Saharan Africa
Senegal,"sptinc_p80p100_999_j_SN
Pre-tax national income 
P80-100 | share | all ages | equal split
",p80p100,1981,0.739,1.0,SEN,Sub-Saharan Africa
Senegal,"sptinc_p80p100_999_j_SN
Pre-tax national income 
P80-100 | share | all ages | equal split
",p80p100,1982,0.739,1.0,SEN,Sub-Saharan Africa
Senegal,"sptinc_p80p100_999_j_SN
Pre-tax national income 
P80-100 | share | all ages | equal split
",p80p100,1983,0.739,1.0,SEN,Sub-Saharan Africa
Senegal,"sptinc_p80p100_999_j_SN
Pre-tax national income 
P80-100 | share | all ages | equal split
",p80p100,1984,0.739,1.0,SEN,Sub-Saharan Africa
Senegal,"sptinc_p80p100_999_j_SN
Pre-tax national income 
P80-100 | share | all ages | equal split
",p80p100,1985,0.739,1.0,SEN,Sub-Saharan Africa
Senegal,"sptinc_p80p100_999_j_SN
Pre-tax national income 
P80-100 | share | all ages | equal split
",p80p100,1986,0.739,1.0,SEN,Sub-Saharan Africa
Senegal,"sptinc_p80p100_999_j_SN
Pre-tax national income 
P80-100 | share | all ages | equal split
",p80p100,1987,0.739,1.0,SEN,Sub-Saharan Africa
Senegal,"sptinc_p80p100_999_j_SN
Pre-tax national income 
P80-100 | share | all ages | equal split
",p80p100,1988,0.739,1.0,SEN,Sub-Saharan Africa
Senegal,"sptinc_p80p100_999_j_SN
Pre-tax national income 
P80-100 | share | all ages | equal split
",p80p100,1989,0.739,1.0,SEN,Sub-Saharan Africa
Senegal,"sptinc_p80p100_999_j_SN
Pre-tax national income 
P80-100 | share | all ages | equal split
",p80p100,1990,0.739,1.0,SEN,Sub-Saharan Africa
Senegal,"sptinc_p80p100_999_j_SN
Pre-tax national income 
P80-100 | share | all ages | equal split
",p80p100,1991,0.739,3.0,SEN,Sub-Saharan Africa
Senegal,"sptinc_p80p100_999_j_SN
Pre-tax national income 
P80-100 | share | all ages | equal split
",p80p100,1992,0.7043,2.0,SEN,Sub-Saharan Africa
Senegal,"sptinc_p80p100_999_j_SN
Pre-tax national income 
P80-100 | share | all ages | equal split
",p80p100,1993,0.6695,2.0,SEN,Sub-Saharan Africa
Senegal,"sptinc_p80p100_999_j_SN
Pre-tax national income 
P80-100 | share | all ages | equal split
",p80p100,1994,0.6344000000000001,3.0,SEN,Sub-Saharan Africa
Senegal,"sptinc_p80p100_999_j_SN
Pre-tax national income 
P80-100 | share | all ages | equal split
",p80p100,1995,0.6374000000000001,2.0,SEN,Sub-Saharan Africa
Senegal,"sptinc_p80p100_999_j_SN
Pre-tax national income 
P80-100 | share | all ages | equal split
",p80p100,1996,0.6403,2.0,SEN,Sub-Saharan Africa
Senegal,"sptinc_p80p100_999_j_SN
Pre-tax national income 
P80-100 | share | all ages | equal split
",p80p100,1997,0.6432,2.0,SEN,Sub-Saharan Africa
Senegal,"sptinc_p80p100_999_j_SN
Pre-tax national income 
P80-100 | share | all ages | equal split
",p80p100,1998,0.6461,2.0,SEN,Sub-Saharan Africa
Senegal,"sptinc_p80p100_999_j_SN
Pre-tax national income 
P80-100 | share | all ages | equal split
",p80p100,1999,0.6491,2.0,SEN,Sub-Saharan Africa
Senegal,"sptinc_p80p100_999_j_SN
Pre-tax national income 
P80-100 | share | all ages | equal split
",p80p100,2000,0.652,2.0,SEN,Sub-Saharan Africa
Senegal,"sptinc_p80p100_999_j_SN
Pre-tax national income 
P80-100 | share | all ages | equal split
",p80p100,2001,0.6549,3.0,SEN,Sub-Saharan Africa
Senegal,"sptinc_p80p100_999_j_SN
Pre-tax national income 
P80-100 | share | all ages | equal split
",p80p100,2002,0.6456000000000001,2.0,SEN,Sub-Saharan Africa
Senegal,"sptinc_p80p100_999_j_SN
Pre-tax national income 
P80-100 | share | all ages | equal split
",p80p100,2003,0.6363,2.0,SEN,Sub-Saharan Africa
Senegal,"sptinc_p80p100_999_j_SN
Pre-tax national income 
P80-100 | share | all ages | equal split
",p80p100,2004,0.627,2.0,SEN,Sub-Saharan Africa
Senegal,"sptinc_p80p100_999_j_SN
Pre-tax national income 
P80-100 | share | all ages | equal split
",p80p100,2005,0.6177,3.0,SEN,Sub-Saharan Africa
Senegal,"sptinc_p80p100_999_j_SN
Pre-tax national income 
P80-100 | share | all ages | equal split
",p80p100,2006,0.6193000000000001,2.0,SEN,Sub-Saharan Africa
Senegal,"sptinc_p80p100_999_j_SN
Pre-tax national income 
P80-100 | share | all ages | equal split
",p80p100,2007,0.6209,2.0,SEN,Sub-Saharan Africa
Senegal,"sptinc_p80p100_999_j_SN
Pre-tax national income 
P80-100 | share | all ages | equal split
",p80p100,2008,0.6225,2.0,SEN,Sub-Saharan Africa
Senegal,"sptinc_p80p100_999_j_SN
Pre-tax national income 
P80-100 | share | all ages | equal split
",p80p100,2009,0.6241,2.0,SEN,Sub-Saharan Africa
Senegal,"sptinc_p80p100_999_j_SN
Pre-tax national income 
P80-100 | share | all ages | equal split
",p80p100,2010,0.6256,2.0,SEN,Sub-Saharan Africa
Senegal,"sptinc_p80p100_999_j_SN
Pre-tax national income 
P80-100 | share | all ages | equal split
",p80p100,2011,0.6272,3.0,SEN,Sub-Saharan Africa
Senegal,"sptinc_p80p100_999_j_SN
Pre-tax national income 
P80-100 | share | all ages | equal split
",p80p100,2012,0.6271,2.0,SEN,Sub-Saharan Africa
Senegal,"sptinc_p80p100_999_j_SN
Pre-tax national income 
P80-100 | share | all ages | equal split
",p80p100,2013,0.6269,2.0,SEN,Sub-Saharan Africa
Senegal,"sptinc_p80p100_999_j_SN
Pre-tax national income 
P80-100 | share | all ages | equal split
",p80p100,2014,0.6267,2.0,SEN,Sub-Saharan Africa
Senegal,"sptinc_p80p100_999_j_SN
Pre-tax national income 
P80-100 | share | all ages | equal split
",p80p100,2015,0.6265000000000001,2.0,SEN,Sub-Saharan Africa
Senegal,"sptinc_p80p100_999_j_SN
Pre-tax national income 
P80-100 | share | all ages | equal split
",p80p100,2016,0.6264000000000001,2.0,SEN,Sub-Saharan Africa
Senegal,"sptinc_p80p100_999_j_SN
Pre-tax national income 
P80-100 | share | all ages | equal split
",p80p100,2017,0.6262,2.0,SEN,Sub-Saharan Africa
Senegal,"sptinc_p80p100_999_j_SN
Pre-tax national income 
P80-100 | share | all ages | equal split
",p80p100,2018,0.626,3.0,SEN,Sub-Saharan Africa
Senegal,"sptinc_p80p100_999_j_SN
Pre-tax national income 
P80-100 | share | all ages | equal split
",p80p100,2019,0.6186,2.0,SEN,Sub-Saharan Africa
Senegal,"sptinc_p80p100_999_j_SN
Pre-tax national income 
P80-100 | share | all ages | equal split
",p80p100,2020,0.6112000000000001,2.0,SEN,Sub-Saharan Africa
Senegal,"sptinc_p80p100_999_j_SN
Pre-tax national income 
P80-100 | share | all ages | equal split
",p80p100,2021,0.6038,3.0,SEN,Sub-Saharan Africa
Senegal,"sptinc_p80p100_999_j_SN
Pre-tax national income 
P80-100 | share | all ages | equal split
",p80p100,2022,0.6038,1.0,SEN,Sub-Saharan Africa
Senegal,"sptinc_p80p100_999_j_SN
Pre-tax national income 
P80-100 | share | all ages | equal split
",p80p100,2023,0.6038,1.0,SEN,Sub-Saharan Africa
Senegal,"sptinc_p80p100_999_j_SN
Pre-tax national income 
P80-100 | share | all ages | equal split
",p80p100,2024,0.6038,1.0,SEN,Sub-Saharan Africa
Sierra Leone,"sptinc_p80p100_999_j_SL
Pre-tax national income 
P80-100 | share | all ages | equal split
",p80p100,1980,0.6387,1.0,SLE,Sub-Saharan Africa
Sierra Leone,"sptinc_p80p100_999_j_SL
Pre-tax national income 
P80-100 | share | all ages | equal split
",p80p100,1981,0.6387,1.0,SLE,Sub-Saharan Africa
Sierra Leone,"sptinc_p80p100_999_j_SL
Pre-tax national income 
P80-100 | share | all ages | equal split
",p80p100,1982,0.6387,1.0,SLE,Sub-Saharan Africa
Sierra Leone,"sptinc_p80p100_999_j_SL
Pre-tax national income 
P80-100 | share | all ages | equal split
",p80p100,1983,0.6387,1.0,SLE,Sub-Saharan Africa
Sierra Leone,"sptinc_p80p100_999_j_SL
Pre-tax national income 
P80-100 | share | all ages | equal split
",p80p100,1984,0.6387,1.0,SLE,Sub-Saharan Africa
Sierra Leone,"sptinc_p80p100_999_j_SL
Pre-tax national income 
P80-100 | share | all ages | equal split
",p80p100,1985,0.6387,1.0,SLE,Sub-Saharan Africa
Sierra Leone,"sptinc_p80p100_999_j_SL
Pre-tax national income 
P80-100 | share | all ages | equal split
",p80p100,1986,0.6387,1.0,SLE,Sub-Saharan Africa
Sierra Leone,"sptinc_p80p100_999_j_SL
Pre-tax national income 
P80-100 | share | all ages | equal split
",p80p100,1987,0.6387,1.0,SLE,Sub-Saharan Africa
Sierra Leone,"sptinc_p80p100_999_j_SL
Pre-tax national income 
P80-100 | share | all ages | equal split
",p80p100,1988,0.6387,1.0,SLE,Sub-Saharan Africa
Sierra Leone,"sptinc_p80p100_999_j_SL
Pre-tax national income 
P80-100 | share | all ages | equal split
",p80p100,1989,0.6387,1.0,SLE,Sub-Saharan Africa
Sierra Leone,"sptinc_p80p100_999_j_SL
Pre-tax national income 
P80-100 | share | all ages | equal split
",p80p100,1990,0.6387,1.0,SLE,Sub-Saharan Africa
Sierra Leone,"sptinc_p80p100_999_j_SL
Pre-tax national income 
P80-100 | share | all ages | equal split
",p80p100,1991,0.6387,1.0,SLE,Sub-Saharan Africa
Sierra Leone,"sptinc_p80p100_999_j_SL
Pre-tax national income 
P80-100 | share | all ages | equal split
",p80p100,1992,0.6387,1.0,SLE,Sub-Saharan Africa
Sierra Leone,"sptinc_p80p100_999_j_SL
Pre-tax national income 
P80-100 | share | all ages | equal split
",p80p100,1993,0.6387,1.0,SLE,Sub-Saharan Africa
Sierra Leone,"sptinc_p80p100_999_j_SL
Pre-tax national income 
P80-100 | share | all ages | equal split
",p80p100,1994,0.6387,1.0,SLE,Sub-Saharan Africa
Sierra Leone,"sptinc_p80p100_999_j_SL
Pre-tax national income 
P80-100 | share | all ages | equal split
",p80p100,1995,0.6387,1.0,SLE,Sub-Saharan Africa
Sierra Leone,"sptinc_p80p100_999_j_SL
Pre-tax national income 
P80-100 | share | all ages | equal split
",p80p100,1996,0.6387,1.0,SLE,Sub-Saharan Africa
Sierra Leone,"sptinc_p80p100_999_j_SL
Pre-tax national income 
P80-100 | share | all ages | equal split
",p80p100,1997,0.6387,1.0,SLE,Sub-Saharan Africa
Sierra Leone,"sptinc_p80p100_999_j_SL
Pre-tax national income 
P80-100 | share | all ages | equal split
",p80p100,1998,0.6387,1.0,SLE,Sub-Saharan Africa
Sierra Leone,"sptinc_p80p100_999_j_SL
Pre-tax national income 
P80-100 | share | all ages | equal split
",p80p100,1999,0.6387,1.0,SLE,Sub-Saharan Africa
Sierra Leone,"sptinc_p80p100_999_j_SL
Pre-tax national income 
P80-100 | share | all ages | equal split
",p80p100,2000,0.6387,1.0,SLE,Sub-Saharan Africa
Sierra Leone,"sptinc_p80p100_999_j_SL
Pre-tax national income 
P80-100 | share | all ages | equal split
",p80p100,2001,0.6387,1.0,SLE,Sub-Saharan Africa
Sierra Leone,"sptinc_p80p100_999_j_SL
Pre-tax national income 
P80-100 | share | all ages | equal split
",p80p100,2002,0.6387,1.0,SLE,Sub-Saharan Africa
Sierra Leone,"sptinc_p80p100_999_j_SL
Pre-tax national income 
P80-100 | share | all ages | equal split
",p80p100,2003,0.6387,1.0,SLE,Sub-Saharan Africa
Sierra Leone,"sptinc_p80p100_999_j_SL
Pre-tax national income 
P80-100 | share | all ages | equal split
",p80p100,2004,0.6319,1.0,SLE,Sub-Saharan Africa
Sierra Leone,"sptinc_p80p100_999_j_SL
Pre-tax national income 
P80-100 | share | all ages | equal split
",p80p100,2005,0.6251,1.0,SLE,Sub-Saharan Africa
Sierra Leone,"sptinc_p80p100_999_j_SL
Pre-tax national income 
P80-100 | share | all ages | equal split
",p80p100,2006,0.6183000000000001,1.0,SLE,Sub-Saharan Africa
Sierra Leone,"sptinc_p80p100_999_j_SL
Pre-tax national income 
P80-100 | share | all ages | equal split
",p80p100,2007,0.6115,1.0,SLE,Sub-Saharan Africa
Sierra Leone,"sptinc_p80p100_999_j_SL
Pre-tax national income 
P80-100 | share | all ages | equal split
",p80p100,2008,0.6047,1.0,SLE,Sub-Saharan Africa
Sierra Leone,"sptinc_p80p100_999_j_SL
Pre-tax national income 
P80-100 | share | all ages | equal split
",p80p100,2009,0.5978,1.0,SLE,Sub-Saharan Africa
Sierra Leone,"sptinc_p80p100_999_j_SL
Pre-tax national income 
P80-100 | share | all ages | equal split
",p80p100,2010,0.5910000000000001,1.0,SLE,Sub-Saharan Africa
Sierra Leone,"sptinc_p80p100_999_j_SL
Pre-tax national income 
P80-100 | share | all ages | equal split
",p80p100,2011,0.5842,3.0,SLE,Sub-Saharan Africa
Sierra Leone,"sptinc_p80p100_999_j_SL
Pre-tax national income 
P80-100 | share | all ages | equal split
",p80p100,2012,0.5882000000000001,2.0,SLE,Sub-Saharan Africa
Sierra Leone,"sptinc_p80p100_999_j_SL
Pre-tax national income 
P80-100 | share | all ages | equal split
",p80p100,2013,0.5923,2.0,SLE,Sub-Saharan Africa
Sierra Leone,"sptinc_p80p100_999_j_SL
Pre-tax national income 
P80-100 | share | all ages | equal split
",p80p100,2014,0.5963,2.0,SLE,Sub-Saharan Africa
Sierra Leone,"sptinc_p80p100_999_j_SL
Pre-tax national income 
P80-100 | share | all ages | equal split
",p80p100,2015,0.6003000000000001,2.0,SLE,Sub-Saharan Africa
Sierra Leone,"sptinc_p80p100_999_j_SL
Pre-tax national income 
P80-100 | share | all ages | equal split
",p80p100,2016,0.6044,2.0,SLE,Sub-Saharan Africa
Sierra Leone,"sptinc_p80p100_999_j_SL
Pre-tax national income 
P80-100 | share | all ages | equal split
",p80p100,2017,0.6084,2.0,SLE,Sub-Saharan Africa
Sierra Leone,"sptinc_p80p100_999_j_SL
Pre-tax national income 
P80-100 | share | all ages | equal split
",p80p100,2018,0.6124,2.0,SLE,Sub-Saharan Africa
Sierra Leone,"sptinc_p80p100_999_j_SL
Pre-tax national income 
P80-100 | share | all ages | equal split
",p80p100,2019,0.6124,2.0,SLE,Sub-Saharan Africa
Sierra Leone,"sptinc_p80p100_999_j_SL
Pre-tax national income 
P80-100 | share | all ages | equal split
",p80p100,2020,0.6124,2.0,SLE,Sub-Saharan Africa
Sierra Leone,"sptinc_p80p100_999_j_SL
Pre-tax national income 
P80-100 | share | all ages | equal split
",p80p100,2021,0.6124,2.0,SLE,Sub-Saharan Africa
Sierra Leone,"sptinc_p80p100_999_j_SL
Pre-tax national income 
P80-100 | share | all ages | equal split
",p80p100,2022,0.6124,2.0,SLE,Sub-Saharan Africa
Sierra Leone,"sptinc_p80p100_999_j_SL
Pre-tax national income 
P80-100 | share | all ages | equal split
",p80p100,2023,0.6124,2.0,SLE,Sub-Saharan Africa
Sierra Leone,"sptinc_p80p100_999_j_SL
Pre-tax national income 
P80-100 | share | all ages | equal split
",p80p100,2024,0.6124,2.0,SLE,Sub-Saharan Africa
Singapore,"sptinc_p80p100_999_j_SG
Pre-tax national income 
P80-100 | share | all ages | equal split
",p80p100,1960,0.4639,3.0,SGP,Southeast Asia
Singapore,"sptinc_p80p100_999_j_SG
Pre-tax national income 
P80-100 | share | all ages | equal split
",p80p100,1961,0.4634,3.0,SGP,Southeast Asia
Singapore,"sptinc_p80p100_999_j_SG
Pre-tax national income 
P80-100 | share | all ages | equal split
",p80p100,1962,0.4619,3.0,SGP,Southeast Asia
Singapore,"sptinc_p80p100_999_j_SG
Pre-tax national income 
P80-100 | share | all ages | equal split
",p80p100,1963,0.464,3.0,SGP,Southeast Asia
Singapore,"sptinc_p80p100_999_j_SG
Pre-tax national income 
P80-100 | share | all ages | equal split
",p80p100,1964,0.4643,3.0,SGP,Southeast Asia
Singapore,"sptinc_p80p100_999_j_SG
Pre-tax national income 
P80-100 | share | all ages | equal split
",p80p100,1965,0.4625,3.0,SGP,Southeast Asia
Singapore,"sptinc_p80p100_999_j_SG
Pre-tax national income 
P80-100 | share | all ages | equal split
",p80p100,1966,0.4626,3.0,SGP,Southeast Asia
Singapore,"sptinc_p80p100_999_j_SG
Pre-tax national income 
P80-100 | share | all ages | equal split
",p80p100,1967,0.4619,3.0,SGP,Southeast Asia
Singapore,"sptinc_p80p100_999_j_SG
Pre-tax national income 
P80-100 | share | all ages | equal split
",p80p100,1968,0.4627,3.0,SGP,Southeast Asia
Singapore,"sptinc_p80p100_999_j_SG
Pre-tax national income 
P80-100 | share | all ages | equal split
",p80p100,1969,0.4765,4.0,SGP,Southeast Asia
Singapore,"sptinc_p80p100_999_j_SG
Pre-tax national income 
P80-100 | share | all ages | equal split
",p80p100,1970,0.4881,4.0,SGP,Southeast Asia
Singapore,"sptinc_p80p100_999_j_SG
Pre-tax national income 
P80-100 | share | all ages | equal split
",p80p100,1971,0.4849,4.0,SGP,Southeast Asia
Singapore,"sptinc_p80p100_999_j_SG
Pre-tax national income 
P80-100 | share | all ages | equal split
",p80p100,1972,0.4948,4.0,SGP,Southeast Asia
Singapore,"sptinc_p80p100_999_j_SG
Pre-tax national income 
P80-100 | share | all ages | equal split
",p80p100,1973,0.4921,4.0,SGP,Southeast Asia
Singapore,"sptinc_p80p100_999_j_SG
Pre-tax national income 
P80-100 | share | all ages | equal split
",p80p100,1974,0.4901,4.0,SGP,Southeast Asia
Singapore,"sptinc_p80p100_999_j_SG
Pre-tax national income 
P80-100 | share | all ages | equal split
",p80p100,1975,0.4966,4.0,SGP,Southeast Asia
Singapore,"sptinc_p80p100_999_j_SG
Pre-tax national income 
P80-100 | share | all ages | equal split
",p80p100,1976,0.4955,4.0,SGP,Southeast Asia
Singapore,"sptinc_p80p100_999_j_SG
Pre-tax national income 
P80-100 | share | all ages | equal split
",p80p100,1977,0.4877,4.0,SGP,Southeast Asia
Singapore,"sptinc_p80p100_999_j_SG
Pre-tax national income 
P80-100 | share | all ages | equal split
",p80p100,1978,0.4975,4.0,SGP,Southeast Asia
Singapore,"sptinc_p80p100_999_j_SG
Pre-tax national income 
P80-100 | share | all ages | equal split
",p80p100,1979,0.5175000000000001,4.0,SGP,Southeast Asia
Singapore,"sptinc_p80p100_999_j_SG
Pre-tax national income 
P80-100 | share | all ages | equal split
",p80p100,1980,0.5011,4.0,SGP,Southeast Asia
Singapore,"sptinc_p80p100_999_j_SG
Pre-tax national income 
P80-100 | share | all ages | equal split
",p80p100,1981,0.5017,4.0,SGP,Southeast Asia
Singapore,"sptinc_p80p100_999_j_SG
Pre-tax national income 
P80-100 | share | all ages | equal split
",p80p100,1982,0.5095000000000001,4.0,SGP,Southeast Asia
Singapore,"sptinc_p80p100_999_j_SG
Pre-tax national income 
P80-100 | share | all ages | equal split
",p80p100,1983,0.5018,4.0,SGP,Southeast Asia
Singapore,"sptinc_p80p100_999_j_SG
Pre-tax national income 
P80-100 | share | all ages | equal split
",p80p100,1984,0.4975,4.0,SGP,Southeast Asia
Singapore,"sptinc_p80p100_999_j_SG
Pre-tax national income 
P80-100 | share | all ages | equal split
",p80p100,1985,0.5136000000000001,4.0,SGP,Southeast Asia
Singapore,"sptinc_p80p100_999_j_SG
Pre-tax national income 
P80-100 | share | all ages | equal split
",p80p100,1986,0.508,4.0,SGP,Southeast Asia
Singapore,"sptinc_p80p100_999_j_SG
Pre-tax national income 
P80-100 | share | all ages | equal split
",p80p100,1987,0.5273,4.0,SGP,Southeast Asia
Singapore,"sptinc_p80p100_999_j_SG
Pre-tax national income 
P80-100 | share | all ages | equal split
",p80p100,1988,0.5122,4.0,SGP,Southeast Asia
Singapore,"sptinc_p80p100_999_j_SG
Pre-tax national income 
P80-100 | share | all ages | equal split
",p80p100,1989,0.5166000000000001,4.0,SGP,Southeast Asia
Singapore,"sptinc_p80p100_999_j_SG
Pre-tax national income 
P80-100 | share | all ages | equal split
",p80p100,1990,0.5199,4.0,SGP,Southeast Asia
Singapore,"sptinc_p80p100_999_j_SG
Pre-tax national income 
P80-100 | share | all ages | equal split
",p80p100,1991,0.5041,4.0,SGP,Southeast Asia
Singapore,"sptinc_p80p100_999_j_SG
Pre-tax national income 
P80-100 | share | all ages | equal split
",p80p100,1992,0.5005000000000001,4.0,SGP,Southeast Asia
Singapore,"sptinc_p80p100_999_j_SG
Pre-tax national income 
P80-100 | share | all ages | equal split
",p80p100,1993,0.5004000000000001,4.0,SGP,Southeast Asia
Singapore,"sptinc_p80p100_999_j_SG
Pre-tax national income 
P80-100 | share | all ages | equal split
",p80p100,1994,0.4843,4.0,SGP,Southeast Asia
Singapore,"sptinc_p80p100_999_j_SG
Pre-tax national income 
P80-100 | share | all ages | equal split
",p80p100,1995,0.4835,4.0,SGP,Southeast Asia
Singapore,"sptinc_p80p100_999_j_SG
Pre-tax national income 
P80-100 | share | all ages | equal split
",p80p100,1996,0.5065000000000001,4.0,SGP,Southeast Asia
Singapore,"sptinc_p80p100_999_j_SG
Pre-tax national income 
P80-100 | share | all ages | equal split
",p80p100,1997,0.5072,4.0,SGP,Southeast Asia
Singapore,"sptinc_p80p100_999_j_SG
Pre-tax national income 
P80-100 | share | all ages | equal split
",p80p100,1998,0.523,4.0,SGP,Southeast Asia
Singapore,"sptinc_p80p100_999_j_SG
Pre-tax national income 
P80-100 | share | all ages | equal split
",p80p100,1999,0.5504,4.0,SGP,Southeast Asia
Singapore,"sptinc_p80p100_999_j_SG
Pre-tax national income 
P80-100 | share | all ages | equal split
",p80p100,2000,0.5621,4.0,SGP,Southeast Asia
Singapore,"sptinc_p80p100_999_j_SG
Pre-tax national income 
P80-100 | share | all ages | equal split
",p80p100,2001,0.5963,4.0,SGP,Southeast Asia
Singapore,"sptinc_p80p100_999_j_SG
Pre-tax national income 
P80-100 | share | all ages | equal split
",p80p100,2002,0.5933,4.0,SGP,Southeast Asia
Singapore,"sptinc_p80p100_999_j_SG
Pre-tax national income 
P80-100 | share | all ages | equal split
",p80p100,2003,0.5814,4.0,SGP,Southeast Asia
Singapore,"sptinc_p80p100_999_j_SG
Pre-tax national income 
P80-100 | share | all ages | equal split
",p80p100,2004,0.5630000000000001,4.0,SGP,Southeast Asia
Singapore,"sptinc_p80p100_999_j_SG
Pre-tax national income 
P80-100 | share | all ages | equal split
",p80p100,2005,0.5533,4.0,SGP,Southeast Asia
Singapore,"sptinc_p80p100_999_j_SG
Pre-tax national income 
P80-100 | share | all ages | equal split
",p80p100,2006,0.5662,4.0,SGP,Southeast Asia
Singapore,"sptinc_p80p100_999_j_SG
Pre-tax national income 
P80-100 | share | all ages | equal split
",p80p100,2007,0.5595,4.0,SGP,Southeast Asia
Singapore,"sptinc_p80p100_999_j_SG
Pre-tax national income 
P80-100 | share | all ages | equal split
",p80p100,2008,0.5963,4.0,SGP,Southeast Asia
Singapore,"sptinc_p80p100_999_j_SG
Pre-tax national income 
P80-100 | share | all ages | equal split
",p80p100,2009,0.5807,4.0,SGP,Southeast Asia
Singapore,"sptinc_p80p100_999_j_SG
Pre-tax national income 
P80-100 | share | all ages | equal split
",p80p100,2010,0.5706,4.0,SGP,Southeast Asia
Singapore,"sptinc_p80p100_999_j_SG
Pre-tax national income 
P80-100 | share | all ages | equal split
",p80p100,2011,0.5834,4.0,SGP,Southeast Asia
Singapore,"sptinc_p80p100_999_j_SG
Pre-tax national income 
P80-100 | share | all ages | equal split
",p80p100,2012,0.5823,4.0,SGP,Southeast Asia
Singapore,"sptinc_p80p100_999_j_SG
Pre-tax national income 
P80-100 | share | all ages | equal split
",p80p100,2013,0.5849,4.0,SGP,Southeast Asia
Singapore,"sptinc_p80p100_999_j_SG
Pre-tax national income 
P80-100 | share | all ages | equal split
",p80p100,2014,0.5922000000000001,4.0,SGP,Southeast Asia
Singapore,"sptinc_p80p100_999_j_SG
Pre-tax national income 
P80-100 | share | all ages | equal split
",p80p100,2015,0.5928,1.0,SGP,Southeast Asia
Singapore,"sptinc_p80p100_999_j_SG
Pre-tax national income 
P80-100 | share | all ages | equal split
",p80p100,2016,0.5932000000000001,1.0,SGP,Southeast Asia
Singapore,"sptinc_p80p100_999_j_SG
Pre-tax national income 
P80-100 | share | all ages | equal split
",p80p100,2017,0.5932000000000001,1.0,SGP,Southeast Asia
Singapore,"sptinc_p80p100_999_j_SG
Pre-tax national income 
P80-100 | share | all ages | equal split
",p80p100,2018,0.5932000000000001,1.0,SGP,Southeast Asia
Singapore,"sptinc_p80p100_999_j_SG
Pre-tax national income 
P80-100 | share | all ages | equal split
",p80p100,2019,0.5932000000000001,1.0,SGP,Southeast Asia
Singapore,"sptinc_p80p100_999_j_SG
Pre-tax national income 
P80-100 | share | all ages | equal split
",p80p100,2020,0.5932000000000001,1.0,SGP,Southeast Asia
Singapore,"sptinc_p80p100_999_j_SG
Pre-tax national income 
P80-100 | share | all ages | equal split
",p80p100,2021,0.5932000000000001,1.0,SGP,Southeast Asia
Singapore,"sptinc_p80p100_999_j_SG
Pre-tax national income 
P80-100 | share | all ages | equal split
",p80p100,2022,0.5932000000000001,1.0,SGP,Southeast Asia
Singapore,"sptinc_p80p100_999_j_SG
Pre-tax national income 
P80-100 | share | all ages | equal split
",p80p100,2023,0.5932000000000001,1.0,SGP,Southeast Asia
Singapore,"sptinc_p80p100_999_j_SG
Pre-tax national income 
P80-100 | share | all ages | equal split
",p80p100,2024,0.5932000000000001,1.0,SGP,Southeast Asia
Slovakia,"sptinc_p80p100_999_j_SK
Pre-tax national income 
P80-100 | share | all ages | equal split
",p80p100,1980,0.3868,3.0,SVK,Eastern Europe & FSU
Slovakia,"sptinc_p80p100_999_j_SK
Pre-tax national income 
P80-100 | share | all ages | equal split
",p80p100,1981,0.3858,3.0,SVK,Eastern Europe & FSU
Slovakia,"sptinc_p80p100_999_j_SK
Pre-tax national income 
P80-100 | share | all ages | equal split
",p80p100,1982,0.3823,3.0,SVK,Eastern Europe & FSU
Slovakia,"sptinc_p80p100_999_j_SK
Pre-tax national income 
P80-100 | share | all ages | equal split
",p80p100,1983,0.3812,3.0,SVK,Eastern Europe & FSU
Slovakia,"sptinc_p80p100_999_j_SK
Pre-tax national income 
P80-100 | share | all ages | equal split
",p80p100,1984,0.3805,3.0,SVK,Eastern Europe & FSU
Slovakia,"sptinc_p80p100_999_j_SK
Pre-tax national income 
P80-100 | share | all ages | equal split
",p80p100,1985,0.3798,3.0,SVK,Eastern Europe & FSU
Slovakia,"sptinc_p80p100_999_j_SK
Pre-tax national income 
P80-100 | share | all ages | equal split
",p80p100,1986,0.3814,3.0,SVK,Eastern Europe & FSU
Slovakia,"sptinc_p80p100_999_j_SK
Pre-tax national income 
P80-100 | share | all ages | equal split
",p80p100,1987,0.3841,3.0,SVK,Eastern Europe & FSU
Slovakia,"sptinc_p80p100_999_j_SK
Pre-tax national income 
P80-100 | share | all ages | equal split
",p80p100,1988,0.3878,3.0,SVK,Eastern Europe & FSU
Slovakia,"sptinc_p80p100_999_j_SK
Pre-tax national income 
P80-100 | share | all ages | equal split
",p80p100,1989,0.388,3.0,SVK,Eastern Europe & FSU
Slovakia,"sptinc_p80p100_999_j_SK
Pre-tax national income 
P80-100 | share | all ages | equal split
",p80p100,1990,0.3874,3.0,SVK,Eastern Europe & FSU
Slovakia,"sptinc_p80p100_999_j_SK
Pre-tax national income 
P80-100 | share | all ages | equal split
",p80p100,1991,0.4057,3.0,SVK,Eastern Europe & FSU
Slovakia,"sptinc_p80p100_999_j_SK
Pre-tax national income 
P80-100 | share | all ages | equal split
",p80p100,1992,0.3855,3.0,SVK,Eastern Europe & FSU
Slovakia,"sptinc_p80p100_999_j_SK
Pre-tax national income 
P80-100 | share | all ages | equal split
",p80p100,1993,0.3964,3.0,SVK,Eastern Europe & FSU
Slovakia,"sptinc_p80p100_999_j_SK
Pre-tax national income 
P80-100 | share | all ages | equal split
",p80p100,1994,0.4016,3.0,SVK,Eastern Europe & FSU
Slovakia,"sptinc_p80p100_999_j_SK
Pre-tax national income 
P80-100 | share | all ages | equal split
",p80p100,1995,0.4043,3.0,SVK,Eastern Europe & FSU
Slovakia,"sptinc_p80p100_999_j_SK
Pre-tax national income 
P80-100 | share | all ages | equal split
",p80p100,1996,0.4075,3.0,SVK,Eastern Europe & FSU
Slovakia,"sptinc_p80p100_999_j_SK
Pre-tax national income 
P80-100 | share | all ages | equal split
",p80p100,1997,0.4114,3.0,SVK,Eastern Europe & FSU
Slovakia,"sptinc_p80p100_999_j_SK
Pre-tax national income 
P80-100 | share | all ages | equal split
",p80p100,1998,0.422,3.0,SVK,Eastern Europe & FSU
Slovakia,"sptinc_p80p100_999_j_SK
Pre-tax national income 
P80-100 | share | all ages | equal split
",p80p100,1999,0.4304,3.0,SVK,Eastern Europe & FSU
Slovakia,"sptinc_p80p100_999_j_SK
Pre-tax national income 
P80-100 | share | all ages | equal split
",p80p100,2000,0.4306,3.0,SVK,Eastern Europe & FSU
Slovakia,"sptinc_p80p100_999_j_SK
Pre-tax national income 
P80-100 | share | all ages | equal split
",p80p100,2001,0.444,3.0,SVK,Eastern Europe & FSU
Slovakia,"sptinc_p80p100_999_j_SK
Pre-tax national income 
P80-100 | share | all ages | equal split
",p80p100,2002,0.4461,3.0,SVK,Eastern Europe & FSU
Slovakia,"sptinc_p80p100_999_j_SK
Pre-tax national income 
P80-100 | share | all ages | equal split
",p80p100,2003,0.4407,3.0,SVK,Eastern Europe & FSU
Slovakia,"sptinc_p80p100_999_j_SK
Pre-tax national income 
P80-100 | share | all ages | equal split
",p80p100,2004,0.4625,3.0,SVK,Eastern Europe & FSU
Slovakia,"sptinc_p80p100_999_j_SK
Pre-tax national income 
P80-100 | share | all ages | equal split
",p80p100,2005,0.458,3.0,SVK,Eastern Europe & FSU
Slovakia,"sptinc_p80p100_999_j_SK
Pre-tax national income 
P80-100 | share | all ages | equal split
",p80p100,2006,0.4606,3.0,SVK,Eastern Europe & FSU
Slovakia,"sptinc_p80p100_999_j_SK
Pre-tax national income 
P80-100 | share | all ages | equal split
",p80p100,2007,0.4572,3.0,SVK,Eastern Europe & FSU
Slovakia,"sptinc_p80p100_999_j_SK
Pre-tax national income 
P80-100 | share | all ages | equal split
",p80p100,2008,0.4507,3.0,SVK,Eastern Europe & FSU
Slovakia,"sptinc_p80p100_999_j_SK
Pre-tax national income 
P80-100 | share | all ages | equal split
",p80p100,2009,0.4469,3.0,SVK,Eastern Europe & FSU
Slovakia,"sptinc_p80p100_999_j_SK
Pre-tax national income 
P80-100 | share | all ages | equal split
",p80p100,2010,0.4649,3.0,SVK,Eastern Europe & FSU
Slovakia,"sptinc_p80p100_999_j_SK
Pre-tax national income 
P80-100 | share | all ages | equal split
",p80p100,2011,0.4517,3.0,SVK,Eastern Europe & FSU
Slovakia,"sptinc_p80p100_999_j_SK
Pre-tax national income 
P80-100 | share | all ages | equal split
",p80p100,2012,0.4455,3.0,SVK,Eastern Europe & FSU
Slovakia,"sptinc_p80p100_999_j_SK
Pre-tax national income 
P80-100 | share | all ages | equal split
",p80p100,2013,0.4688000000000001,3.0,SVK,Eastern Europe & FSU
Slovakia,"sptinc_p80p100_999_j_SK
Pre-tax national income 
P80-100 | share | all ages | equal split
",p80p100,2014,0.4422,3.0,SVK,Eastern Europe & FSU
Slovakia,"sptinc_p80p100_999_j_SK
Pre-tax national income 
P80-100 | share | all ages | equal split
",p80p100,2015,0.4569,3.0,SVK,Eastern Europe & FSU
Slovakia,"sptinc_p80p100_999_j_SK
Pre-tax national income 
P80-100 | share | all ages | equal split
",p80p100,2016,0.439,3.0,SVK,Eastern Europe & FSU
Slovakia,"sptinc_p80p100_999_j_SK
Pre-tax national income 
P80-100 | share | all ages | equal split
",p80p100,2017,0.4212,3.0,SVK,Eastern Europe & FSU
Slovakia,"sptinc_p80p100_999_j_SK
Pre-tax national income 
P80-100 | share | all ages | equal split
",p80p100,2018,0.4253,3.0,SVK,Eastern Europe & FSU
Slovakia,"sptinc_p80p100_999_j_SK
Pre-tax national income 
P80-100 | share | all ages | equal split
",p80p100,2019,0.4191,3.0,SVK,Eastern Europe & FSU
Slovakia,"sptinc_p80p100_999_j_SK
Pre-tax national income 
P80-100 | share | all ages | equal split
",p80p100,2020,0.4191,3.0,SVK,Eastern Europe & FSU
Slovakia,"sptinc_p80p100_999_j_SK
Pre-tax national income 
P80-100 | share | all ages | equal split
",p80p100,2021,0.4191,3.0,SVK,Eastern Europe & FSU
Slovakia,"sptinc_p80p100_999_j_SK
Pre-tax national income 
P80-100 | share | all ages | equal split
",p80p100,2022,0.4191,3.0,SVK,Eastern Europe & FSU
Slovakia,"sptinc_p80p100_999_j_SK
Pre-tax national income 
P80-100 | share | all ages | equal split
",p80p100,2023,0.4191,3.0,SVK,Eastern Europe & FSU
Slovakia,"sptinc_p80p100_999_j_SK
Pre-tax national income 
P80-100 | share | all ages | equal split
",p80p100,2024,0.4191,1.0,SVK,Eastern Europe & FSU
Slovenia,"sptinc_p80p100_999_j_SI
Pre-tax national income 
P80-100 | share | all ages | equal split
",p80p100,1980,0.3734,1.0,SVN,Eastern Europe & FSU
Slovenia,"sptinc_p80p100_999_j_SI
Pre-tax national income 
P80-100 | share | all ages | equal split
",p80p100,1981,0.3734,1.0,SVN,Eastern Europe & FSU
Slovenia,"sptinc_p80p100_999_j_SI
Pre-tax national income 
P80-100 | share | all ages | equal split
",p80p100,1982,0.3734,1.0,SVN,Eastern Europe & FSU
Slovenia,"sptinc_p80p100_999_j_SI
Pre-tax national income 
P80-100 | share | all ages | equal split
",p80p100,1983,0.3734,1.0,SVN,Eastern Europe & FSU
Slovenia,"sptinc_p80p100_999_j_SI
Pre-tax national income 
P80-100 | share | all ages | equal split
",p80p100,1984,0.3734,1.0,SVN,Eastern Europe & FSU
Slovenia,"sptinc_p80p100_999_j_SI
Pre-tax national income 
P80-100 | share | all ages | equal split
",p80p100,1985,0.3734,1.0,SVN,Eastern Europe & FSU
Slovenia,"sptinc_p80p100_999_j_SI
Pre-tax national income 
P80-100 | share | all ages | equal split
",p80p100,1986,0.3734,1.0,SVN,Eastern Europe & FSU
Slovenia,"sptinc_p80p100_999_j_SI
Pre-tax national income 
P80-100 | share | all ages | equal split
",p80p100,1987,0.3734,1.0,SVN,Eastern Europe & FSU
Slovenia,"sptinc_p80p100_999_j_SI
Pre-tax national income 
P80-100 | share | all ages | equal split
",p80p100,1988,0.3734,1.0,SVN,Eastern Europe & FSU
Slovenia,"sptinc_p80p100_999_j_SI
Pre-tax national income 
P80-100 | share | all ages | equal split
",p80p100,1989,0.3734,1.0,SVN,Eastern Europe & FSU
Slovenia,"sptinc_p80p100_999_j_SI
Pre-tax national income 
P80-100 | share | all ages | equal split
",p80p100,1990,0.3734,1.0,SVN,Eastern Europe & FSU
Slovenia,"sptinc_p80p100_999_j_SI
Pre-tax national income 
P80-100 | share | all ages | equal split
",p80p100,1991,0.3742,4.0,SVN,Eastern Europe & FSU
Slovenia,"sptinc_p80p100_999_j_SI
Pre-tax national income 
P80-100 | share | all ages | equal split
",p80p100,1992,0.3853,4.0,SVN,Eastern Europe & FSU
Slovenia,"sptinc_p80p100_999_j_SI
Pre-tax national income 
P80-100 | share | all ages | equal split
",p80p100,1993,0.4255,4.0,SVN,Eastern Europe & FSU
Slovenia,"sptinc_p80p100_999_j_SI
Pre-tax national income 
P80-100 | share | all ages | equal split
",p80p100,1994,0.4115,4.0,SVN,Eastern Europe & FSU
Slovenia,"sptinc_p80p100_999_j_SI
Pre-tax national income 
P80-100 | share | all ages | equal split
",p80p100,1995,0.4362,4.0,SVN,Eastern Europe & FSU
Slovenia,"sptinc_p80p100_999_j_SI
Pre-tax national income 
P80-100 | share | all ages | equal split
",p80p100,1996,0.4437,4.0,SVN,Eastern Europe & FSU
Slovenia,"sptinc_p80p100_999_j_SI
Pre-tax national income 
P80-100 | share | all ages | equal split
",p80p100,1997,0.4401,4.0,SVN,Eastern Europe & FSU
Slovenia,"sptinc_p80p100_999_j_SI
Pre-tax national income 
P80-100 | share | all ages | equal split
",p80p100,1998,0.4438,4.0,SVN,Eastern Europe & FSU
Slovenia,"sptinc_p80p100_999_j_SI
Pre-tax national income 
P80-100 | share | all ages | equal split
",p80p100,1999,0.4519,4.0,SVN,Eastern Europe & FSU
Slovenia,"sptinc_p80p100_999_j_SI
Pre-tax national income 
P80-100 | share | all ages | equal split
",p80p100,2000,0.4436,4.0,SVN,Eastern Europe & FSU
Slovenia,"sptinc_p80p100_999_j_SI
Pre-tax national income 
P80-100 | share | all ages | equal split
",p80p100,2001,0.4417,4.0,SVN,Eastern Europe & FSU
Slovenia,"sptinc_p80p100_999_j_SI
Pre-tax national income 
P80-100 | share | all ages | equal split
",p80p100,2002,0.447,4.0,SVN,Eastern Europe & FSU
Slovenia,"sptinc_p80p100_999_j_SI
Pre-tax national income 
P80-100 | share | all ages | equal split
",p80p100,2003,0.4558,4.0,SVN,Eastern Europe & FSU
Slovenia,"sptinc_p80p100_999_j_SI
Pre-tax national income 
P80-100 | share | all ages | equal split
",p80p100,2004,0.4559,4.0,SVN,Eastern Europe & FSU
Slovenia,"sptinc_p80p100_999_j_SI
Pre-tax national income 
P80-100 | share | all ages | equal split
",p80p100,2005,0.4581,4.0,SVN,Eastern Europe & FSU
Slovenia,"sptinc_p80p100_999_j_SI
Pre-tax national income 
P80-100 | share | all ages | equal split
",p80p100,2006,0.4585,4.0,SVN,Eastern Europe & FSU
Slovenia,"sptinc_p80p100_999_j_SI
Pre-tax national income 
P80-100 | share | all ages | equal split
",p80p100,2007,0.4579,4.0,SVN,Eastern Europe & FSU
Slovenia,"sptinc_p80p100_999_j_SI
Pre-tax national income 
P80-100 | share | all ages | equal split
",p80p100,2008,0.4582,4.0,SVN,Eastern Europe & FSU
Slovenia,"sptinc_p80p100_999_j_SI
Pre-tax national income 
P80-100 | share | all ages | equal split
",p80p100,2009,0.4546,4.0,SVN,Eastern Europe & FSU
Slovenia,"sptinc_p80p100_999_j_SI
Pre-tax national income 
P80-100 | share | all ages | equal split
",p80p100,2010,0.4561,4.0,SVN,Eastern Europe & FSU
Slovenia,"sptinc_p80p100_999_j_SI
Pre-tax national income 
P80-100 | share | all ages | equal split
",p80p100,2011,0.4499,4.0,SVN,Eastern Europe & FSU
Slovenia,"sptinc_p80p100_999_j_SI
Pre-tax national income 
P80-100 | share | all ages | equal split
",p80p100,2012,0.4535,4.0,SVN,Eastern Europe & FSU
Slovenia,"sptinc_p80p100_999_j_SI
Pre-tax national income 
P80-100 | share | all ages | equal split
",p80p100,2013,0.4521,3.0,SVN,Eastern Europe & FSU
Slovenia,"sptinc_p80p100_999_j_SI
Pre-tax national income 
P80-100 | share | all ages | equal split
",p80p100,2014,0.4567,3.0,SVN,Eastern Europe & FSU
Slovenia,"sptinc_p80p100_999_j_SI
Pre-tax national income 
P80-100 | share | all ages | equal split
",p80p100,2015,0.4481,3.0,SVN,Eastern Europe & FSU
Slovenia,"sptinc_p80p100_999_j_SI
Pre-tax national income 
P80-100 | share | all ages | equal split
",p80p100,2016,0.4523,3.0,SVN,Eastern Europe & FSU
Slovenia,"sptinc_p80p100_999_j_SI
Pre-tax national income 
P80-100 | share | all ages | equal split
",p80p100,2017,0.4507,3.0,SVN,Eastern Europe & FSU
Slovenia,"sptinc_p80p100_999_j_SI
Pre-tax national income 
P80-100 | share | all ages | equal split
",p80p100,2018,0.4502,3.0,SVN,Eastern Europe & FSU
Slovenia,"sptinc_p80p100_999_j_SI
Pre-tax national income 
P80-100 | share | all ages | equal split
",p80p100,2019,0.45,3.0,SVN,Eastern Europe & FSU
Slovenia,"sptinc_p80p100_999_j_SI
Pre-tax national income 
P80-100 | share | all ages | equal split
",p80p100,2020,0.45,3.0,SVN,Eastern Europe & FSU
Slovenia,"sptinc_p80p100_999_j_SI
Pre-tax national income 
P80-100 | share | all ages | equal split
",p80p100,2021,0.45,3.0,SVN,Eastern Europe & FSU
Slovenia,"sptinc_p80p100_999_j_SI
Pre-tax national income 
P80-100 | share | all ages | equal split
",p80p100,2022,0.4494,3.0,SVN,Eastern Europe & FSU
Slovenia,"sptinc_p80p100_999_j_SI
Pre-tax national income 
P80-100 | share | all ages | equal split
",p80p100,2023,0.4537,3.0,SVN,Eastern Europe & FSU
Slovenia,"sptinc_p80p100_999_j_SI
Pre-tax national income 
P80-100 | share | all ages | equal split
",p80p100,2024,0.4537,1.0,SVN,Eastern Europe & FSU
South Africa,"sptinc_p80p100_999_j_ZA
Pre-tax national income 
P80-100 | share | all ages | equal split
",p80p100,1960,0.7011000000000001,2.0,ZAF,Sub-Saharan Africa
South Africa,"sptinc_p80p100_999_j_ZA
Pre-tax national income 
P80-100 | share | all ages | equal split
",p80p100,1961,0.6965,3.0,ZAF,Sub-Saharan Africa
South Africa,"sptinc_p80p100_999_j_ZA
Pre-tax national income 
P80-100 | share | all ages | equal split
",p80p100,1963,0.6911,3.0,ZAF,Sub-Saharan Africa
South Africa,"sptinc_p80p100_999_j_ZA
Pre-tax national income 
P80-100 | share | all ages | equal split
",p80p100,1964,0.6869000000000001,3.0,ZAF,Sub-Saharan Africa
South Africa,"sptinc_p80p100_999_j_ZA
Pre-tax national income 
P80-100 | share | all ages | equal split
",p80p100,1965,0.6818000000000001,3.0,ZAF,Sub-Saharan Africa
South Africa,"sptinc_p80p100_999_j_ZA
Pre-tax national income 
P80-100 | share | all ages | equal split
",p80p100,1967,0.6747000000000001,3.0,ZAF,Sub-Saharan Africa
South Africa,"sptinc_p80p100_999_j_ZA
Pre-tax national income 
P80-100 | share | all ages | equal split
",p80p100,1969,0.6681,3.0,ZAF,Sub-Saharan Africa
South Africa,"sptinc_p80p100_999_j_ZA
Pre-tax national income 
P80-100 | share | all ages | equal split
",p80p100,1970,0.7015,2.0,ZAF,Sub-Saharan Africa
South Africa,"sptinc_p80p100_999_j_ZA
Pre-tax national income 
P80-100 | share | all ages | equal split
",p80p100,1971,0.6587000000000001,3.0,ZAF,Sub-Saharan Africa
South Africa,"sptinc_p80p100_999_j_ZA
Pre-tax national income 
P80-100 | share | all ages | equal split
",p80p100,1974,0.647,3.0,ZAF,Sub-Saharan Africa
South Africa,"sptinc_p80p100_999_j_ZA
Pre-tax national income 
P80-100 | share | all ages | equal split
",p80p100,1975,0.6418,3.0,ZAF,Sub-Saharan Africa
South Africa,"sptinc_p80p100_999_j_ZA
Pre-tax national income 
P80-100 | share | all ages | equal split
",p80p100,1978,0.6281,3.0,ZAF,Sub-Saharan Africa
South Africa,"sptinc_p80p100_999_j_ZA
Pre-tax national income 
P80-100 | share | all ages | equal split
",p80p100,1979,0.6227,3.0,ZAF,Sub-Saharan Africa
South Africa,"sptinc_p80p100_999_j_ZA
Pre-tax national income 
P80-100 | share | all ages | equal split
",p80p100,1980,0.6393,1.0,ZAF,Sub-Saharan Africa
South Africa,"sptinc_p80p100_999_j_ZA
Pre-tax national income 
P80-100 | share | all ages | equal split
",p80p100,1981,0.6393,1.0,ZAF,Sub-Saharan Africa
South Africa,"sptinc_p80p100_999_j_ZA
Pre-tax national income 
P80-100 | share | all ages | equal split
",p80p100,1982,0.6393,1.0,ZAF,Sub-Saharan Africa
South Africa,"sptinc_p80p100_999_j_ZA
Pre-tax national income 
P80-100 | share | all ages | equal split
",p80p100,1983,0.6393,1.0,ZAF,Sub-Saharan Africa
South Africa,"sptinc_p80p100_999_j_ZA
Pre-tax national income 
P80-100 | share | all ages | equal split
",p80p100,1984,0.6393,1.0,ZAF,Sub-Saharan Africa
South Africa,"sptinc_p80p100_999_j_ZA
Pre-tax national income 
P80-100 | share | all ages | equal split
",p80p100,1985,0.6393,1.0,ZAF,Sub-Saharan Africa
South Africa,"sptinc_p80p100_999_j_ZA
Pre-tax national income 
P80-100 | share | all ages | equal split
",p80p100,1986,0.6393,1.0,ZAF,Sub-Saharan Africa
South Africa,"sptinc_p80p100_999_j_ZA
Pre-tax national income 
P80-100 | share | all ages | equal split
",p80p100,1987,0.6393,1.0,ZAF,Sub-Saharan Africa
South Africa,"sptinc_p80p100_999_j_ZA
Pre-tax national income 
P80-100 | share | all ages | equal split
",p80p100,1988,0.6393,1.0,ZAF,Sub-Saharan Africa
South Africa,"sptinc_p80p100_999_j_ZA
Pre-tax national income 
P80-100 | share | all ages | equal split
",p80p100,1989,0.6393,1.0,ZAF,Sub-Saharan Africa
South Africa,"sptinc_p80p100_999_j_ZA
Pre-tax national income 
P80-100 | share | all ages | equal split
",p80p100,1990,0.6393,4.0,ZAF,Sub-Saharan Africa
South Africa,"sptinc_p80p100_999_j_ZA
Pre-tax national income 
P80-100 | share | all ages | equal split
",p80p100,1991,0.6565000000000001,4.0,ZAF,Sub-Saharan Africa
South Africa,"sptinc_p80p100_999_j_ZA
Pre-tax national income 
P80-100 | share | all ages | equal split
",p80p100,1992,0.6531,2.0,ZAF,Sub-Saharan Africa
South Africa,"sptinc_p80p100_999_j_ZA
Pre-tax national income 
P80-100 | share | all ages | equal split
",p80p100,1993,0.6322,2.0,ZAF,Sub-Saharan Africa
South Africa,"sptinc_p80p100_999_j_ZA
Pre-tax national income 
P80-100 | share | all ages | equal split
",p80p100,1994,0.6411,2.0,ZAF,Sub-Saharan Africa
South Africa,"sptinc_p80p100_999_j_ZA
Pre-tax national income 
P80-100 | share | all ages | equal split
",p80p100,1995,0.65,2.0,ZAF,Sub-Saharan Africa
South Africa,"sptinc_p80p100_999_j_ZA
Pre-tax national income 
P80-100 | share | all ages | equal split
",p80p100,1996,0.6589,2.0,ZAF,Sub-Saharan Africa
South Africa,"sptinc_p80p100_999_j_ZA
Pre-tax national income 
P80-100 | share | all ages | equal split
",p80p100,1997,0.6678000000000001,2.0,ZAF,Sub-Saharan Africa
South Africa,"sptinc_p80p100_999_j_ZA
Pre-tax national income 
P80-100 | share | all ages | equal split
",p80p100,1998,0.6766,2.0,ZAF,Sub-Saharan Africa
South Africa,"sptinc_p80p100_999_j_ZA
Pre-tax national income 
P80-100 | share | all ages | equal split
",p80p100,1999,0.6854,2.0,ZAF,Sub-Saharan Africa
South Africa,"sptinc_p80p100_999_j_ZA
Pre-tax national income 
P80-100 | share | all ages | equal split
",p80p100,2000,0.6941,3.0,ZAF,Sub-Saharan Africa
South Africa,"sptinc_p80p100_999_j_ZA
Pre-tax national income 
P80-100 | share | all ages | equal split
",p80p100,2001,0.7029000000000001,2.0,ZAF,Sub-Saharan Africa
South Africa,"sptinc_p80p100_999_j_ZA
Pre-tax national income 
P80-100 | share | all ages | equal split
",p80p100,2002,0.7118,4.0,ZAF,Sub-Saharan Africa
South Africa,"sptinc_p80p100_999_j_ZA
Pre-tax national income 
P80-100 | share | all ages | equal split
",p80p100,2003,0.7212000000000001,4.0,ZAF,Sub-Saharan Africa
South Africa,"sptinc_p80p100_999_j_ZA
Pre-tax national income 
P80-100 | share | all ages | equal split
",p80p100,2004,0.7223,4.0,ZAF,Sub-Saharan Africa
South Africa,"sptinc_p80p100_999_j_ZA
Pre-tax national income 
P80-100 | share | all ages | equal split
",p80p100,2005,0.7357,4.0,ZAF,Sub-Saharan Africa
South Africa,"sptinc_p80p100_999_j_ZA
Pre-tax national income 
P80-100 | share | all ages | equal split
",p80p100,2006,0.7457,4.0,ZAF,Sub-Saharan Africa
South Africa,"sptinc_p80p100_999_j_ZA
Pre-tax national income 
P80-100 | share | all ages | equal split
",p80p100,2007,0.7633000000000001,4.0,ZAF,Sub-Saharan Africa
South Africa,"sptinc_p80p100_999_j_ZA
Pre-tax national income 
P80-100 | share | all ages | equal split
",p80p100,2008,0.7482000000000001,4.0,ZAF,Sub-Saharan Africa
South Africa,"sptinc_p80p100_999_j_ZA
Pre-tax national income 
P80-100 | share | all ages | equal split
",p80p100,2009,0.7426,4.0,ZAF,Sub-Saharan Africa
South Africa,"sptinc_p80p100_999_j_ZA
Pre-tax national income 
P80-100 | share | all ages | equal split
",p80p100,2010,0.7619,4.0,ZAF,Sub-Saharan Africa
South Africa,"sptinc_p80p100_999_j_ZA
Pre-tax national income 
P80-100 | share | all ages | equal split
",p80p100,2011,0.7704000000000001,4.0,ZAF,Sub-Saharan Africa
South Africa,"sptinc_p80p100_999_j_ZA
Pre-tax national income 
P80-100 | share | all ages | equal split
",p80p100,2012,0.7961,4.0,ZAF,Sub-Saharan Africa
South Africa,"sptinc_p80p100_999_j_ZA
Pre-tax national income 
P80-100 | share | all ages | equal split
",p80p100,2013,0.7958000000000001,2.0,ZAF,Sub-Saharan Africa
South Africa,"sptinc_p80p100_999_j_ZA
Pre-tax national income 
P80-100 | share | all ages | equal split
",p80p100,2014,0.7955,3.0,ZAF,Sub-Saharan Africa
South Africa,"sptinc_p80p100_999_j_ZA
Pre-tax national income 
P80-100 | share | all ages | equal split
",p80p100,2015,0.7955,1.0,ZAF,Sub-Saharan Africa
South Africa,"sptinc_p80p100_999_j_ZA
Pre-tax national income 
P80-100 | share | all ages | equal split
",p80p100,2016,0.7955,1.0,ZAF,Sub-Saharan Africa
South Africa,"sptinc_p80p100_999_j_ZA
Pre-tax national income 
P80-100 | share | all ages | equal split
",p80p100,2017,0.7955,1.0,ZAF,Sub-Saharan Africa
South Africa,"sptinc_p80p100_999_j_ZA
Pre-tax national income 
P80-100 | share | all ages | equal split
",p80p100,2018,0.7955,1.0,ZAF,Sub-Saharan Africa
South Africa,"sptinc_p80p100_999_j_ZA
Pre-tax national income 
P80-100 | share | all ages | equal split
",p80p100,2019,0.7955,1.0,ZAF,Sub-Saharan Africa
South Africa,"sptinc_p80p100_999_j_ZA
Pre-tax national income 
P80-100 | share | all ages | equal split
",p80p100,2020,0.7955,1.0,ZAF,Sub-Saharan Africa
South Africa,"sptinc_p80p100_999_j_ZA
Pre-tax national income 
P80-100 | share | all ages | equal split
",p80p100,2021,0.7955,1.0,ZAF,Sub-Saharan Africa
South Africa,"sptinc_p80p100_999_j_ZA
Pre-tax national income 
P80-100 | share | all ages | equal split
",p80p100,2022,0.7955,1.0,ZAF,Sub-Saharan Africa
South Africa,"sptinc_p80p100_999_j_ZA
Pre-tax national income 
P80-100 | share | all ages | equal split
",p80p100,2023,0.7955,1.0,ZAF,Sub-Saharan Africa
South Africa,"sptinc_p80p100_999_j_ZA
Pre-tax national income 
P80-100 | share | all ages | equal split
",p80p100,2024,0.8053,1.0,ZAF,Sub-Saharan Africa
Spain,"sptinc_p80p100_999_j_ES
Pre-tax national income 
P80-100 | share | all ages | equal split
",p80p100,1960,0.4948,3.0,ESP,Southern Europe
Spain,"sptinc_p80p100_999_j_ES
Pre-tax national income 
P80-100 | share | all ages | equal split
",p80p100,1961,0.4935,3.0,ESP,Southern Europe
Spain,"sptinc_p80p100_999_j_ES
Pre-tax national income 
P80-100 | share | all ages | equal split
",p80p100,1970,0.4933,3.0,ESP,Southern Europe
Spain,"sptinc_p80p100_999_j_ES
Pre-tax national income 
P80-100 | share | all ages | equal split
",p80p100,1971,0.4947,3.0,ESP,Southern Europe
Spain,"sptinc_p80p100_999_j_ES
Pre-tax national income 
P80-100 | share | all ages | equal split
",p80p100,1980,0.5013000000000001,1.0,ESP,Southern Europe
Spain,"sptinc_p80p100_999_j_ES
Pre-tax national income 
P80-100 | share | all ages | equal split
",p80p100,1981,0.4993,4.0,ESP,Southern Europe
Spain,"sptinc_p80p100_999_j_ES
Pre-tax national income 
P80-100 | share | all ages | equal split
",p80p100,1982,0.501,4.0,ESP,Southern Europe
Spain,"sptinc_p80p100_999_j_ES
Pre-tax national income 
P80-100 | share | all ages | equal split
",p80p100,1983,0.5007,4.0,ESP,Southern Europe
Spain,"sptinc_p80p100_999_j_ES
Pre-tax national income 
P80-100 | share | all ages | equal split
",p80p100,1984,0.5027,4.0,ESP,Southern Europe
Spain,"sptinc_p80p100_999_j_ES
Pre-tax national income 
P80-100 | share | all ages | equal split
",p80p100,1985,0.5062,4.0,ESP,Southern Europe
Spain,"sptinc_p80p100_999_j_ES
Pre-tax national income 
P80-100 | share | all ages | equal split
",p80p100,1986,0.5163,4.0,ESP,Southern Europe
Spain,"sptinc_p80p100_999_j_ES
Pre-tax national income 
P80-100 | share | all ages | equal split
",p80p100,1987,0.5176000000000001,4.0,ESP,Southern Europe
Spain,"sptinc_p80p100_999_j_ES
Pre-tax national income 
P80-100 | share | all ages | equal split
",p80p100,1988,0.5205000000000001,4.0,ESP,Southern Europe
Spain,"sptinc_p80p100_999_j_ES
Pre-tax national income 
P80-100 | share | all ages | equal split
",p80p100,1989,0.5269,4.0,ESP,Southern Europe
Spain,"sptinc_p80p100_999_j_ES
Pre-tax national income 
P80-100 | share | all ages | equal split
",p80p100,1990,0.5232,4.0,ESP,Southern Europe
Spain,"sptinc_p80p100_999_j_ES
Pre-tax national income 
P80-100 | share | all ages | equal split
",p80p100,1991,0.5165000000000001,4.0,ESP,Southern Europe
Spain,"sptinc_p80p100_999_j_ES
Pre-tax national income 
P80-100 | share | all ages | equal split
",p80p100,1992,0.5088,4.0,ESP,Southern Europe
Spain,"sptinc_p80p100_999_j_ES
Pre-tax national income 
P80-100 | share | all ages | equal split
",p80p100,1993,0.5016,4.0,ESP,Southern Europe
Spain,"sptinc_p80p100_999_j_ES
Pre-tax national income 
P80-100 | share | all ages | equal split
",p80p100,1994,0.5066,4.0,ESP,Southern Europe
Spain,"sptinc_p80p100_999_j_ES
Pre-tax national income 
P80-100 | share | all ages | equal split
",p80p100,1995,0.5099,4.0,ESP,Southern Europe
Spain,"sptinc_p80p100_999_j_ES
Pre-tax national income 
P80-100 | share | all ages | equal split
",p80p100,1996,0.5086,4.0,ESP,Southern Europe
Spain,"sptinc_p80p100_999_j_ES
Pre-tax national income 
P80-100 | share | all ages | equal split
",p80p100,1997,0.4974,4.0,ESP,Southern Europe
Spain,"sptinc_p80p100_999_j_ES
Pre-tax national income 
P80-100 | share | all ages | equal split
",p80p100,1998,0.5004000000000001,4.0,ESP,Southern Europe
Spain,"sptinc_p80p100_999_j_ES
Pre-tax national income 
P80-100 | share | all ages | equal split
",p80p100,1999,0.5034000000000001,4.0,ESP,Southern Europe
Spain,"sptinc_p80p100_999_j_ES
Pre-tax national income 
P80-100 | share | all ages | equal split
",p80p100,2000,0.4963,4.0,ESP,Southern Europe
Spain,"sptinc_p80p100_999_j_ES
Pre-tax national income 
P80-100 | share | all ages | equal split
",p80p100,2001,0.4917,4.0,ESP,Southern Europe
Spain,"sptinc_p80p100_999_j_ES
Pre-tax national income 
P80-100 | share | all ages | equal split
",p80p100,2002,0.4924,4.0,ESP,Southern Europe
Spain,"sptinc_p80p100_999_j_ES
Pre-tax national income 
P80-100 | share | all ages | equal split
",p80p100,2003,0.4949,4.0,ESP,Southern Europe
Spain,"sptinc_p80p100_999_j_ES
Pre-tax national income 
P80-100 | share | all ages | equal split
",p80p100,2004,0.4926,4.0,ESP,Southern Europe
Spain,"sptinc_p80p100_999_j_ES
Pre-tax national income 
P80-100 | share | all ages | equal split
",p80p100,2005,0.4905,4.0,ESP,Southern Europe
Spain,"sptinc_p80p100_999_j_ES
Pre-tax national income 
P80-100 | share | all ages | equal split
",p80p100,2006,0.4971,4.0,ESP,Southern Europe
Spain,"sptinc_p80p100_999_j_ES
Pre-tax national income 
P80-100 | share | all ages | equal split
",p80p100,2007,0.4968,4.0,ESP,Southern Europe
Spain,"sptinc_p80p100_999_j_ES
Pre-tax national income 
P80-100 | share | all ages | equal split
",p80p100,2008,0.4986,4.0,ESP,Southern Europe
Spain,"sptinc_p80p100_999_j_ES
Pre-tax national income 
P80-100 | share | all ages | equal split
",p80p100,2009,0.5079,4.0,ESP,Southern Europe
Spain,"sptinc_p80p100_999_j_ES
Pre-tax national income 
P80-100 | share | all ages | equal split
",p80p100,2010,0.4940000000000001,4.0,ESP,Southern Europe
Spain,"sptinc_p80p100_999_j_ES
Pre-tax national income 
P80-100 | share | all ages | equal split
",p80p100,2011,0.491,4.0,ESP,Southern Europe
Spain,"sptinc_p80p100_999_j_ES
Pre-tax national income 
P80-100 | share | all ages | equal split
",p80p100,2012,0.4911,4.0,ESP,Southern Europe
Spain,"sptinc_p80p100_999_j_ES
Pre-tax national income 
P80-100 | share | all ages | equal split
",p80p100,2013,0.4934,3.0,ESP,Southern Europe
Spain,"sptinc_p80p100_999_j_ES
Pre-tax national income 
P80-100 | share | all ages | equal split
",p80p100,2014,0.4954,3.0,ESP,Southern Europe
Spain,"sptinc_p80p100_999_j_ES
Pre-tax national income 
P80-100 | share | all ages | equal split
",p80p100,2015,0.4993,3.0,ESP,Southern Europe
Spain,"sptinc_p80p100_999_j_ES
Pre-tax national income 
P80-100 | share | all ages | equal split
",p80p100,2016,0.4972,3.0,ESP,Southern Europe
Spain,"sptinc_p80p100_999_j_ES
Pre-tax national income 
P80-100 | share | all ages | equal split
",p80p100,2017,0.4964,3.0,ESP,Southern Europe
Spain,"sptinc_p80p100_999_j_ES
Pre-tax national income 
P80-100 | share | all ages | equal split
",p80p100,2018,0.4911,3.0,ESP,Southern Europe
Spain,"sptinc_p80p100_999_j_ES
Pre-tax national income 
P80-100 | share | all ages | equal split
",p80p100,2019,0.4869,3.0,ESP,Southern Europe
Spain,"sptinc_p80p100_999_j_ES
Pre-tax national income 
P80-100 | share | all ages | equal split
",p80p100,2020,0.4869,3.0,ESP,Southern Europe
Spain,"sptinc_p80p100_999_j_ES
Pre-tax national income 
P80-100 | share | all ages | equal split
",p80p100,2021,0.4871,3.0,ESP,Southern Europe
Spain,"sptinc_p80p100_999_j_ES
Pre-tax national income 
P80-100 | share | all ages | equal split
",p80p100,2022,0.4841,3.0,ESP,Southern Europe
Spain,"sptinc_p80p100_999_j_ES
Pre-tax national income 
P80-100 | share | all ages | equal split
",p80p100,2023,0.4828,3.0,ESP,Southern Europe
Spain,"sptinc_p80p100_999_j_ES
Pre-tax national income 
P80-100 | share | all ages | equal split
",p80p100,2024,0.4828,1.0,ESP,Southern Europe
Sri Lanka,"sptinc_p80p100_999_j_LK
Pre-tax national income 
P80-100 | share | all ages | equal split
",p80p100,1980,0.5710000000000001,1.0,LKA,South Asia
Sri Lanka,"sptinc_p80p100_999_j_LK
Pre-tax national income 
P80-100 | share | all ages | equal split
",p80p100,1981,0.5710000000000001,1.0,LKA,South Asia
Sri Lanka,"sptinc_p80p100_999_j_LK
Pre-tax national income 
P80-100 | share | all ages | equal split
",p80p100,1982,0.5710000000000001,1.0,LKA,South Asia
Sri Lanka,"sptinc_p80p100_999_j_LK
Pre-tax national income 
P80-100 | share | all ages | equal split
",p80p100,1983,0.5710000000000001,1.0,LKA,South Asia
Sri Lanka,"sptinc_p80p100_999_j_LK
Pre-tax national income 
P80-100 | share | all ages | equal split
",p80p100,1984,0.5710000000000001,1.0,LKA,South Asia
Sri Lanka,"sptinc_p80p100_999_j_LK
Pre-tax national income 
P80-100 | share | all ages | equal split
",p80p100,1985,0.5710000000000001,3.0,LKA,South Asia
Sri Lanka,"sptinc_p80p100_999_j_LK
Pre-tax national income 
P80-100 | share | all ages | equal split
",p80p100,1986,0.5744,2.0,LKA,South Asia
Sri Lanka,"sptinc_p80p100_999_j_LK
Pre-tax national income 
P80-100 | share | all ages | equal split
",p80p100,1987,0.5777,2.0,LKA,South Asia
Sri Lanka,"sptinc_p80p100_999_j_LK
Pre-tax national income 
P80-100 | share | all ages | equal split
",p80p100,1988,0.5808,2.0,LKA,South Asia
Sri Lanka,"sptinc_p80p100_999_j_LK
Pre-tax national income 
P80-100 | share | all ages | equal split
",p80p100,1989,0.5838,2.0,LKA,South Asia
Sri Lanka,"sptinc_p80p100_999_j_LK
Pre-tax national income 
P80-100 | share | all ages | equal split
",p80p100,1990,0.5866,3.0,LKA,South Asia
Sri Lanka,"sptinc_p80p100_999_j_LK
Pre-tax national income 
P80-100 | share | all ages | equal split
",p80p100,1991,0.5898,2.0,LKA,South Asia
Sri Lanka,"sptinc_p80p100_999_j_LK
Pre-tax national income 
P80-100 | share | all ages | equal split
",p80p100,1992,0.5927,2.0,LKA,South Asia
Sri Lanka,"sptinc_p80p100_999_j_LK
Pre-tax national income 
P80-100 | share | all ages | equal split
",p80p100,1993,0.5954,2.0,LKA,South Asia
Sri Lanka,"sptinc_p80p100_999_j_LK
Pre-tax national income 
P80-100 | share | all ages | equal split
",p80p100,1994,0.5979,2.0,LKA,South Asia
Sri Lanka,"sptinc_p80p100_999_j_LK
Pre-tax national income 
P80-100 | share | all ages | equal split
",p80p100,1995,0.6002000000000001,3.0,LKA,South Asia
Sri Lanka,"sptinc_p80p100_999_j_LK
Pre-tax national income 
P80-100 | share | all ages | equal split
",p80p100,1996,0.6081,2.0,LKA,South Asia
Sri Lanka,"sptinc_p80p100_999_j_LK
Pre-tax national income 
P80-100 | share | all ages | equal split
",p80p100,1997,0.6157,2.0,LKA,South Asia
Sri Lanka,"sptinc_p80p100_999_j_LK
Pre-tax national income 
P80-100 | share | all ages | equal split
",p80p100,1998,0.6224000000000001,2.0,LKA,South Asia
Sri Lanka,"sptinc_p80p100_999_j_LK
Pre-tax national income 
P80-100 | share | all ages | equal split
",p80p100,1999,0.6298,2.0,LKA,South Asia
Sri Lanka,"sptinc_p80p100_999_j_LK
Pre-tax national income 
P80-100 | share | all ages | equal split
",p80p100,2000,0.6362,2.0,LKA,South Asia
Sri Lanka,"sptinc_p80p100_999_j_LK
Pre-tax national income 
P80-100 | share | all ages | equal split
",p80p100,2001,0.6419,2.0,LKA,South Asia
Sri Lanka,"sptinc_p80p100_999_j_LK
Pre-tax national income 
P80-100 | share | all ages | equal split
",p80p100,2002,0.6486000000000001,3.0,LKA,South Asia
Sri Lanka,"sptinc_p80p100_999_j_LK
Pre-tax national income 
P80-100 | share | all ages | equal split
",p80p100,2003,0.6468,2.0,LKA,South Asia
Sri Lanka,"sptinc_p80p100_999_j_LK
Pre-tax national income 
P80-100 | share | all ages | equal split
",p80p100,2004,0.6435000000000001,2.0,LKA,South Asia
Sri Lanka,"sptinc_p80p100_999_j_LK
Pre-tax national income 
P80-100 | share | all ages | equal split
",p80p100,2005,0.6409,2.0,LKA,South Asia
Sri Lanka,"sptinc_p80p100_999_j_LK
Pre-tax national income 
P80-100 | share | all ages | equal split
",p80p100,2006,0.6393,3.0,LKA,South Asia
Sri Lanka,"sptinc_p80p100_999_j_LK
Pre-tax national income 
P80-100 | share | all ages | equal split
",p80p100,2007,0.6308,2.0,LKA,South Asia
Sri Lanka,"sptinc_p80p100_999_j_LK
Pre-tax national income 
P80-100 | share | all ages | equal split
",p80p100,2008,0.6177,2.0,LKA,South Asia
Sri Lanka,"sptinc_p80p100_999_j_LK
Pre-tax national income 
P80-100 | share | all ages | equal split
",p80p100,2009,0.608,2.0,LKA,South Asia
Sri Lanka,"sptinc_p80p100_999_j_LK
Pre-tax national income 
P80-100 | share | all ages | equal split
",p80p100,2010,0.6186,2.0,LKA,South Asia
Sri Lanka,"sptinc_p80p100_999_j_LK
Pre-tax national income 
P80-100 | share | all ages | equal split
",p80p100,2011,0.6221,2.0,LKA,South Asia
Sri Lanka,"sptinc_p80p100_999_j_LK
Pre-tax national income 
P80-100 | share | all ages | equal split
",p80p100,2012,0.6265000000000001,3.0,LKA,South Asia
Sri Lanka,"sptinc_p80p100_999_j_LK
Pre-tax national income 
P80-100 | share | all ages | equal split
",p80p100,2013,0.6272,2.0,LKA,South Asia
Sri Lanka,"sptinc_p80p100_999_j_LK
Pre-tax national income 
P80-100 | share | all ages | equal split
",p80p100,2014,0.6273000000000001,2.0,LKA,South Asia
Sri Lanka,"sptinc_p80p100_999_j_LK
Pre-tax national income 
P80-100 | share | all ages | equal split
",p80p100,2015,0.6265000000000001,2.0,LKA,South Asia
Sri Lanka,"sptinc_p80p100_999_j_LK
Pre-tax national income 
P80-100 | share | all ages | equal split
",p80p100,2016,0.6273000000000001,3.0,LKA,South Asia
Sri Lanka,"sptinc_p80p100_999_j_LK
Pre-tax national income 
P80-100 | share | all ages | equal split
",p80p100,2017,0.6274000000000001,1.0,LKA,South Asia
Sri Lanka,"sptinc_p80p100_999_j_LK
Pre-tax national income 
P80-100 | share | all ages | equal split
",p80p100,2018,0.6274000000000001,1.0,LKA,South Asia
Sri Lanka,"sptinc_p80p100_999_j_LK
Pre-tax national income 
P80-100 | share | all ages | equal split
",p80p100,2019,0.6274000000000001,1.0,LKA,South Asia
Sri Lanka,"sptinc_p80p100_999_j_LK
Pre-tax national income 
P80-100 | share | all ages | equal split
",p80p100,2020,0.6274000000000001,1.0,LKA,South Asia
Sri Lanka,"sptinc_p80p100_999_j_LK
Pre-tax national income 
P80-100 | share | all ages | equal split
",p80p100,2021,0.6274000000000001,1.0,LKA,South Asia
Sri Lanka,"sptinc_p80p100_999_j_LK
Pre-tax national income 
P80-100 | share | all ages | equal split
",p80p100,2022,0.6274000000000001,1.0,LKA,South Asia
Sri Lanka,"sptinc_p80p100_999_j_LK
Pre-tax national income 
P80-100 | share | all ages | equal split
",p80p100,2023,0.6274000000000001,1.0,LKA,South Asia
Sri Lanka,"sptinc_p80p100_999_j_LK
Pre-tax national income 
P80-100 | share | all ages | equal split
",p80p100,2024,0.6274000000000001,1.0,LKA,South Asia
Sudan,"sptinc_p80p100_999_j_SD
Pre-tax national income 
P80-100 | share | all ages | equal split
",p80p100,1960,0.7368,0.0,SDN,Sub-Saharan Africa
Sudan,"sptinc_p80p100_999_j_SD
Pre-tax national income 
P80-100 | share | all ages | equal split
",p80p100,1970,0.7402000000000001,0.0,SDN,Sub-Saharan Africa
Sudan,"sptinc_p80p100_999_j_SD
Pre-tax national income 
P80-100 | share | all ages | equal split
",p80p100,1980,0.5799000000000001,1.0,SDN,Sub-Saharan Africa
Sudan,"sptinc_p80p100_999_j_SD
Pre-tax national income 
P80-100 | share | all ages | equal split
",p80p100,1981,0.5799000000000001,1.0,SDN,Sub-Saharan Africa
Sudan,"sptinc_p80p100_999_j_SD
Pre-tax national income 
P80-100 | share | all ages | equal split
",p80p100,1982,0.5799000000000001,1.0,SDN,Sub-Saharan Africa
Sudan,"sptinc_p80p100_999_j_SD
Pre-tax national income 
P80-100 | share | all ages | equal split
",p80p100,1983,0.5799000000000001,1.0,SDN,Sub-Saharan Africa
Sudan,"sptinc_p80p100_999_j_SD
Pre-tax national income 
P80-100 | share | all ages | equal split
",p80p100,1984,0.5799000000000001,1.0,SDN,Sub-Saharan Africa
Sudan,"sptinc_p80p100_999_j_SD
Pre-tax national income 
P80-100 | share | all ages | equal split
",p80p100,1985,0.5799000000000001,1.0,SDN,Sub-Saharan Africa
Sudan,"sptinc_p80p100_999_j_SD
Pre-tax national income 
P80-100 | share | all ages | equal split
",p80p100,1986,0.5799000000000001,1.0,SDN,Sub-Saharan Africa
Sudan,"sptinc_p80p100_999_j_SD
Pre-tax national income 
P80-100 | share | all ages | equal split
",p80p100,1987,0.5799000000000001,1.0,SDN,Sub-Saharan Africa
Sudan,"sptinc_p80p100_999_j_SD
Pre-tax national income 
P80-100 | share | all ages | equal split
",p80p100,1988,0.5799000000000001,1.0,SDN,Sub-Saharan Africa
Sudan,"sptinc_p80p100_999_j_SD
Pre-tax national income 
P80-100 | share | all ages | equal split
",p80p100,1989,0.5799000000000001,1.0,SDN,Sub-Saharan Africa
Sudan,"sptinc_p80p100_999_j_SD
Pre-tax national income 
P80-100 | share | all ages | equal split
",p80p100,1990,0.5799000000000001,1.0,SDN,Sub-Saharan Africa
Sudan,"sptinc_p80p100_999_j_SD
Pre-tax national income 
P80-100 | share | all ages | equal split
",p80p100,1991,0.5799000000000001,1.0,SDN,Sub-Saharan Africa
Sudan,"sptinc_p80p100_999_j_SD
Pre-tax national income 
P80-100 | share | all ages | equal split
",p80p100,1992,0.5799000000000001,1.0,SDN,Sub-Saharan Africa
Sudan,"sptinc_p80p100_999_j_SD
Pre-tax national income 
P80-100 | share | all ages | equal split
",p80p100,1993,0.5799000000000001,1.0,SDN,Sub-Saharan Africa
Sudan,"sptinc_p80p100_999_j_SD
Pre-tax national income 
P80-100 | share | all ages | equal split
",p80p100,1994,0.5799000000000001,1.0,SDN,Sub-Saharan Africa
Sudan,"sptinc_p80p100_999_j_SD
Pre-tax national income 
P80-100 | share | all ages | equal split
",p80p100,1995,0.5799000000000001,1.0,SDN,Sub-Saharan Africa
Sudan,"sptinc_p80p100_999_j_SD
Pre-tax national income 
P80-100 | share | all ages | equal split
",p80p100,1996,0.5799000000000001,1.0,SDN,Sub-Saharan Africa
Sudan,"sptinc_p80p100_999_j_SD
Pre-tax national income 
P80-100 | share | all ages | equal split
",p80p100,1997,0.5799000000000001,1.0,SDN,Sub-Saharan Africa
Sudan,"sptinc_p80p100_999_j_SD
Pre-tax national income 
P80-100 | share | all ages | equal split
",p80p100,1998,0.5799000000000001,1.0,SDN,Sub-Saharan Africa
Sudan,"sptinc_p80p100_999_j_SD
Pre-tax national income 
P80-100 | share | all ages | equal split
",p80p100,1999,0.5799000000000001,1.0,SDN,Sub-Saharan Africa
Sudan,"sptinc_p80p100_999_j_SD
Pre-tax national income 
P80-100 | share | all ages | equal split
",p80p100,2000,0.5799000000000001,1.0,SDN,Sub-Saharan Africa
Sudan,"sptinc_p80p100_999_j_SD
Pre-tax national income 
P80-100 | share | all ages | equal split
",p80p100,2001,0.5799000000000001,1.0,SDN,Sub-Saharan Africa
Sudan,"sptinc_p80p100_999_j_SD
Pre-tax national income 
P80-100 | share | all ages | equal split
",p80p100,2002,0.5799000000000001,1.0,SDN,Sub-Saharan Africa
Sudan,"sptinc_p80p100_999_j_SD
Pre-tax national income 
P80-100 | share | all ages | equal split
",p80p100,2003,0.5799000000000001,1.0,SDN,Sub-Saharan Africa
Sudan,"sptinc_p80p100_999_j_SD
Pre-tax national income 
P80-100 | share | all ages | equal split
",p80p100,2004,0.5799000000000001,1.0,SDN,Sub-Saharan Africa
Sudan,"sptinc_p80p100_999_j_SD
Pre-tax national income 
P80-100 | share | all ages | equal split
",p80p100,2005,0.5799000000000001,1.0,SDN,Sub-Saharan Africa
Sudan,"sptinc_p80p100_999_j_SD
Pre-tax national income 
P80-100 | share | all ages | equal split
",p80p100,2006,0.5799000000000001,1.0,SDN,Sub-Saharan Africa
Sudan,"sptinc_p80p100_999_j_SD
Pre-tax national income 
P80-100 | share | all ages | equal split
",p80p100,2007,0.5799000000000001,1.0,SDN,Sub-Saharan Africa
Sudan,"sptinc_p80p100_999_j_SD
Pre-tax national income 
P80-100 | share | all ages | equal split
",p80p100,2008,0.5799000000000001,1.0,SDN,Sub-Saharan Africa
Sudan,"sptinc_p80p100_999_j_SD
Pre-tax national income 
P80-100 | share | all ages | equal split
",p80p100,2009,0.5799000000000001,3.0,SDN,Sub-Saharan Africa
Sudan,"sptinc_p80p100_999_j_SD
Pre-tax national income 
P80-100 | share | all ages | equal split
",p80p100,2010,0.5824,2.0,SDN,Sub-Saharan Africa
Sudan,"sptinc_p80p100_999_j_SD
Pre-tax national income 
P80-100 | share | all ages | equal split
",p80p100,2011,0.5850000000000001,2.0,SDN,Sub-Saharan Africa
Sudan,"sptinc_p80p100_999_j_SD
Pre-tax national income 
P80-100 | share | all ages | equal split
",p80p100,2012,0.5875,2.0,SDN,Sub-Saharan Africa
Sudan,"sptinc_p80p100_999_j_SD
Pre-tax national income 
P80-100 | share | all ages | equal split
",p80p100,2013,0.5901000000000001,2.0,SDN,Sub-Saharan Africa
Sudan,"sptinc_p80p100_999_j_SD
Pre-tax national income 
P80-100 | share | all ages | equal split
",p80p100,2014,0.5926,3.0,SDN,Sub-Saharan Africa
Sudan,"sptinc_p80p100_999_j_SD
Pre-tax national income 
P80-100 | share | all ages | equal split
",p80p100,2015,0.5926,1.0,SDN,Sub-Saharan Africa
Sudan,"sptinc_p80p100_999_j_SD
Pre-tax national income 
P80-100 | share | all ages | equal split
",p80p100,2016,0.5926,1.0,SDN,Sub-Saharan Africa
Sudan,"sptinc_p80p100_999_j_SD
Pre-tax national income 
P80-100 | share | all ages | equal split
",p80p100,2017,0.5926,1.0,SDN,Sub-Saharan Africa
Sudan,"sptinc_p80p100_999_j_SD
Pre-tax national income 
P80-100 | share | all ages | equal split
",p80p100,2018,0.5926,1.0,SDN,Sub-Saharan Africa
Sudan,"sptinc_p80p100_999_j_SD
Pre-tax national income 
P80-100 | share | all ages | equal split
",p80p100,2019,0.5926,1.0,SDN,Sub-Saharan Africa
Sudan,"sptinc_p80p100_999_j_SD
Pre-tax national income 
P80-100 | share | all ages | equal split
",p80p100,2020,0.5926,1.0,SDN,Sub-Saharan Africa
Sudan,"sptinc_p80p100_999_j_SD
Pre-tax national income 
P80-100 | share | all ages | equal split
",p80p100,2021,0.5926,1.0,SDN,Sub-Saharan Africa
Sudan,"sptinc_p80p100_999_j_SD
Pre-tax national income 
P80-100 | share | all ages | equal split
",p80p100,2022,0.5926,1.0,SDN,Sub-Saharan Africa
Sudan,"sptinc_p80p100_999_j_SD
Pre-tax national income 
P80-100 | share | all ages | equal split
",p80p100,2023,0.5926,1.0,SDN,Sub-Saharan Africa
Sudan,"sptinc_p80p100_999_j_SD
Pre-tax national income 
P80-100 | share | all ages | equal split
",p80p100,2024,0.5926,1.0,SDN,Sub-Saharan Africa
Swaziland,"sptinc_p80p100_999_j_SZ
Pre-tax national income 
P80-100 | share | all ages | equal split
",p80p100,1980,0.785,1.0,SWZ,Sub-Saharan Africa
Swaziland,"sptinc_p80p100_999_j_SZ
Pre-tax national income 
P80-100 | share | all ages | equal split
",p80p100,1981,0.785,1.0,SWZ,Sub-Saharan Africa
Swaziland,"sptinc_p80p100_999_j_SZ
Pre-tax national income 
P80-100 | share | all ages | equal split
",p80p100,1982,0.785,1.0,SWZ,Sub-Saharan Africa
Swaziland,"sptinc_p80p100_999_j_SZ
Pre-tax national income 
P80-100 | share | all ages | equal split
",p80p100,1983,0.785,1.0,SWZ,Sub-Saharan Africa
Swaziland,"sptinc_p80p100_999_j_SZ
Pre-tax national income 
P80-100 | share | all ages | equal split
",p80p100,1984,0.785,1.0,SWZ,Sub-Saharan Africa
Swaziland,"sptinc_p80p100_999_j_SZ
Pre-tax national income 
P80-100 | share | all ages | equal split
",p80p100,1985,0.785,1.0,SWZ,Sub-Saharan Africa
Swaziland,"sptinc_p80p100_999_j_SZ
Pre-tax national income 
P80-100 | share | all ages | equal split
",p80p100,1986,0.785,1.0,SWZ,Sub-Saharan Africa
Swaziland,"sptinc_p80p100_999_j_SZ
Pre-tax national income 
P80-100 | share | all ages | equal split
",p80p100,1987,0.785,1.0,SWZ,Sub-Saharan Africa
Swaziland,"sptinc_p80p100_999_j_SZ
Pre-tax national income 
P80-100 | share | all ages | equal split
",p80p100,1988,0.785,1.0,SWZ,Sub-Saharan Africa
Swaziland,"sptinc_p80p100_999_j_SZ
Pre-tax national income 
P80-100 | share | all ages | equal split
",p80p100,1989,0.785,1.0,SWZ,Sub-Saharan Africa
Swaziland,"sptinc_p80p100_999_j_SZ
Pre-tax national income 
P80-100 | share | all ages | equal split
",p80p100,1990,0.785,1.0,SWZ,Sub-Saharan Africa
Swaziland,"sptinc_p80p100_999_j_SZ
Pre-tax national income 
P80-100 | share | all ages | equal split
",p80p100,1991,0.785,1.0,SWZ,Sub-Saharan Africa
Swaziland,"sptinc_p80p100_999_j_SZ
Pre-tax national income 
P80-100 | share | all ages | equal split
",p80p100,1992,0.785,1.0,SWZ,Sub-Saharan Africa
Swaziland,"sptinc_p80p100_999_j_SZ
Pre-tax national income 
P80-100 | share | all ages | equal split
",p80p100,1993,0.785,1.0,SWZ,Sub-Saharan Africa
Swaziland,"sptinc_p80p100_999_j_SZ
Pre-tax national income 
P80-100 | share | all ages | equal split
",p80p100,1994,0.785,3.0,SWZ,Sub-Saharan Africa
Swaziland,"sptinc_p80p100_999_j_SZ
Pre-tax national income 
P80-100 | share | all ages | equal split
",p80p100,1995,0.7792,2.0,SWZ,Sub-Saharan Africa
Swaziland,"sptinc_p80p100_999_j_SZ
Pre-tax national income 
P80-100 | share | all ages | equal split
",p80p100,1996,0.7734000000000001,2.0,SWZ,Sub-Saharan Africa
Swaziland,"sptinc_p80p100_999_j_SZ
Pre-tax national income 
P80-100 | share | all ages | equal split
",p80p100,1997,0.7675000000000001,2.0,SWZ,Sub-Saharan Africa
Swaziland,"sptinc_p80p100_999_j_SZ
Pre-tax national income 
P80-100 | share | all ages | equal split
",p80p100,1998,0.7617,2.0,SWZ,Sub-Saharan Africa
Swaziland,"sptinc_p80p100_999_j_SZ
Pre-tax national income 
P80-100 | share | all ages | equal split
",p80p100,1999,0.7558,2.0,SWZ,Sub-Saharan Africa
Swaziland,"sptinc_p80p100_999_j_SZ
Pre-tax national income 
P80-100 | share | all ages | equal split
",p80p100,2000,0.75,3.0,SWZ,Sub-Saharan Africa
Swaziland,"sptinc_p80p100_999_j_SZ
Pre-tax national income 
P80-100 | share | all ages | equal split
",p80p100,2001,0.7463000000000001,2.0,SWZ,Sub-Saharan Africa
Swaziland,"sptinc_p80p100_999_j_SZ
Pre-tax national income 
P80-100 | share | all ages | equal split
",p80p100,2002,0.7427,2.0,SWZ,Sub-Saharan Africa
Swaziland,"sptinc_p80p100_999_j_SZ
Pre-tax national income 
P80-100 | share | all ages | equal split
",p80p100,2003,0.739,2.0,SWZ,Sub-Saharan Africa
Swaziland,"sptinc_p80p100_999_j_SZ
Pre-tax national income 
P80-100 | share | all ages | equal split
",p80p100,2004,0.7353000000000001,2.0,SWZ,Sub-Saharan Africa
Swaziland,"sptinc_p80p100_999_j_SZ
Pre-tax national income 
P80-100 | share | all ages | equal split
",p80p100,2005,0.7317,2.0,SWZ,Sub-Saharan Africa
Swaziland,"sptinc_p80p100_999_j_SZ
Pre-tax national income 
P80-100 | share | all ages | equal split
",p80p100,2006,0.728,2.0,SWZ,Sub-Saharan Africa
Swaziland,"sptinc_p80p100_999_j_SZ
Pre-tax national income 
P80-100 | share | all ages | equal split
",p80p100,2007,0.7243,2.0,SWZ,Sub-Saharan Africa
Swaziland,"sptinc_p80p100_999_j_SZ
Pre-tax national income 
P80-100 | share | all ages | equal split
",p80p100,2008,0.7207,2.0,SWZ,Sub-Saharan Africa
Swaziland,"sptinc_p80p100_999_j_SZ
Pre-tax national income 
P80-100 | share | all ages | equal split
",p80p100,2009,0.7170000000000001,3.0,SWZ,Sub-Saharan Africa
Swaziland,"sptinc_p80p100_999_j_SZ
Pre-tax national income 
P80-100 | share | all ages | equal split
",p80p100,2010,0.7212000000000001,2.0,SWZ,Sub-Saharan Africa
Swaziland,"sptinc_p80p100_999_j_SZ
Pre-tax national income 
P80-100 | share | all ages | equal split
",p80p100,2011,0.7253000000000001,2.0,SWZ,Sub-Saharan Africa
Swaziland,"sptinc_p80p100_999_j_SZ
Pre-tax national income 
P80-100 | share | all ages | equal split
",p80p100,2012,0.7295,2.0,SWZ,Sub-Saharan Africa
Swaziland,"sptinc_p80p100_999_j_SZ
Pre-tax national income 
P80-100 | share | all ages | equal split
",p80p100,2013,0.7336,2.0,SWZ,Sub-Saharan Africa
Swaziland,"sptinc_p80p100_999_j_SZ
Pre-tax national income 
P80-100 | share | all ages | equal split
",p80p100,2014,0.7378,2.0,SWZ,Sub-Saharan Africa
Swaziland,"sptinc_p80p100_999_j_SZ
Pre-tax national income 
P80-100 | share | all ages | equal split
",p80p100,2015,0.7419,2.0,SWZ,Sub-Saharan Africa
Swaziland,"sptinc_p80p100_999_j_SZ
Pre-tax national income 
P80-100 | share | all ages | equal split
",p80p100,2016,0.7461,3.0,SWZ,Sub-Saharan Africa
Swaziland,"sptinc_p80p100_999_j_SZ
Pre-tax national income 
P80-100 | share | all ages | equal split
",p80p100,2017,0.7461,1.0,SWZ,Sub-Saharan Africa
Swaziland,"sptinc_p80p100_999_j_SZ
Pre-tax national income 
P80-100 | share | all ages | equal split
",p80p100,2018,0.7461,1.0,SWZ,Sub-Saharan Africa
Swaziland,"sptinc_p80p100_999_j_SZ
Pre-tax national income 
P80-100 | share | all ages | equal split
",p80p100,2019,0.7461,1.0,SWZ,Sub-Saharan Africa
Swaziland,"sptinc_p80p100_999_j_SZ
Pre-tax national income 
P80-100 | share | all ages | equal split
",p80p100,2020,0.7461,1.0,SWZ,Sub-Saharan Africa
Swaziland,"sptinc_p80p100_999_j_SZ
Pre-tax national income 
P80-100 | share | all ages | equal split
",p80p100,2021,0.7461,1.0,SWZ,Sub-Saharan Africa
Swaziland,"sptinc_p80p100_999_j_SZ
Pre-tax national income 
P80-100 | share | all ages | equal split
",p80p100,2022,0.7461,1.0,SWZ,Sub-Saharan Africa
Swaziland,"sptinc_p80p100_999_j_SZ
Pre-tax national income 
P80-100 | share | all ages | equal split
",p80p100,2023,0.7461,1.0,SWZ,Sub-Saharan Africa
Swaziland,"sptinc_p80p100_999_j_SZ
Pre-tax national income 
P80-100 | share | all ages | equal split
",p80p100,2024,0.7461,1.0,SWZ,Sub-Saharan Africa
Sweden,"sptinc_p80p100_999_j_SE
Pre-tax national income 
P80-100 | share | all ages | equal split
",p80p100,1960,0.451,3.0,SWE,Nordic
Sweden,"sptinc_p80p100_999_j_SE
Pre-tax national income 
P80-100 | share | all ages | equal split
",p80p100,1961,0.4489,3.0,SWE,Nordic
Sweden,"sptinc_p80p100_999_j_SE
Pre-tax national income 
P80-100 | share | all ages | equal split
",p80p100,1962,0.4455,3.0,SWE,Nordic
Sweden,"sptinc_p80p100_999_j_SE
Pre-tax national income 
P80-100 | share | all ages | equal split
",p80p100,1963,0.4444,3.0,SWE,Nordic
Sweden,"sptinc_p80p100_999_j_SE
Pre-tax national income 
P80-100 | share | all ages | equal split
",p80p100,1964,0.4414,3.0,SWE,Nordic
Sweden,"sptinc_p80p100_999_j_SE
Pre-tax national income 
P80-100 | share | all ages | equal split
",p80p100,1965,0.4378,3.0,SWE,Nordic
Sweden,"sptinc_p80p100_999_j_SE
Pre-tax national income 
P80-100 | share | all ages | equal split
",p80p100,1966,0.4368,3.0,SWE,Nordic
Sweden,"sptinc_p80p100_999_j_SE
Pre-tax national income 
P80-100 | share | all ages | equal split
",p80p100,1967,0.4346,3.0,SWE,Nordic
Sweden,"sptinc_p80p100_999_j_SE
Pre-tax national income 
P80-100 | share | all ages | equal split
",p80p100,1968,0.4304,3.0,SWE,Nordic
Sweden,"sptinc_p80p100_999_j_SE
Pre-tax national income 
P80-100 | share | all ages | equal split
",p80p100,1969,0.4307,3.0,SWE,Nordic
Sweden,"sptinc_p80p100_999_j_SE
Pre-tax national income 
P80-100 | share | all ages | equal split
",p80p100,1970,0.4408,3.0,SWE,Nordic
Sweden,"sptinc_p80p100_999_j_SE
Pre-tax national income 
P80-100 | share | all ages | equal split
",p80p100,1971,0.4221,3.0,SWE,Nordic
Sweden,"sptinc_p80p100_999_j_SE
Pre-tax national income 
P80-100 | share | all ages | equal split
",p80p100,1972,0.4166,3.0,SWE,Nordic
Sweden,"sptinc_p80p100_999_j_SE
Pre-tax national income 
P80-100 | share | all ages | equal split
",p80p100,1973,0.418,3.0,SWE,Nordic
Sweden,"sptinc_p80p100_999_j_SE
Pre-tax national income 
P80-100 | share | all ages | equal split
",p80p100,1974,0.4143,3.0,SWE,Nordic
Sweden,"sptinc_p80p100_999_j_SE
Pre-tax national income 
P80-100 | share | all ages | equal split
",p80p100,1975,0.4092,3.0,SWE,Nordic
Sweden,"sptinc_p80p100_999_j_SE
Pre-tax national income 
P80-100 | share | all ages | equal split
",p80p100,1976,0.4083,3.0,SWE,Nordic
Sweden,"sptinc_p80p100_999_j_SE
Pre-tax national income 
P80-100 | share | all ages | equal split
",p80p100,1977,0.4041,3.0,SWE,Nordic
Sweden,"sptinc_p80p100_999_j_SE
Pre-tax national income 
P80-100 | share | all ages | equal split
",p80p100,1978,0.4003,3.0,SWE,Nordic
Sweden,"sptinc_p80p100_999_j_SE
Pre-tax national income 
P80-100 | share | all ages | equal split
",p80p100,1979,0.397,3.0,SWE,Nordic
Sweden,"sptinc_p80p100_999_j_SE
Pre-tax national income 
P80-100 | share | all ages | equal split
",p80p100,1980,0.4008,4.0,SWE,Nordic
Sweden,"sptinc_p80p100_999_j_SE
Pre-tax national income 
P80-100 | share | all ages | equal split
",p80p100,1981,0.3998,4.0,SWE,Nordic
Sweden,"sptinc_p80p100_999_j_SE
Pre-tax national income 
P80-100 | share | all ages | equal split
",p80p100,1982,0.409,4.0,SWE,Nordic
Sweden,"sptinc_p80p100_999_j_SE
Pre-tax national income 
P80-100 | share | all ages | equal split
",p80p100,1983,0.4117,4.0,SWE,Nordic
Sweden,"sptinc_p80p100_999_j_SE
Pre-tax national income 
P80-100 | share | all ages | equal split
",p80p100,1984,0.4216,4.0,SWE,Nordic
Sweden,"sptinc_p80p100_999_j_SE
Pre-tax national income 
P80-100 | share | all ages | equal split
",p80p100,1985,0.4198,4.0,SWE,Nordic
Sweden,"sptinc_p80p100_999_j_SE
Pre-tax national income 
P80-100 | share | all ages | equal split
",p80p100,1986,0.4188,4.0,SWE,Nordic
Sweden,"sptinc_p80p100_999_j_SE
Pre-tax national income 
P80-100 | share | all ages | equal split
",p80p100,1987,0.4198,4.0,SWE,Nordic
Sweden,"sptinc_p80p100_999_j_SE
Pre-tax national income 
P80-100 | share | all ages | equal split
",p80p100,1988,0.425,4.0,SWE,Nordic
Sweden,"sptinc_p80p100_999_j_SE
Pre-tax national income 
P80-100 | share | all ages | equal split
",p80p100,1989,0.4183,4.0,SWE,Nordic
Sweden,"sptinc_p80p100_999_j_SE
Pre-tax national income 
P80-100 | share | all ages | equal split
",p80p100,1990,0.4064,4.0,SWE,Nordic
Sweden,"sptinc_p80p100_999_j_SE
Pre-tax national income 
P80-100 | share | all ages | equal split
",p80p100,1991,0.4131,4.0,SWE,Nordic
Sweden,"sptinc_p80p100_999_j_SE
Pre-tax national income 
P80-100 | share | all ages | equal split
",p80p100,1992,0.41,4.0,SWE,Nordic
Sweden,"sptinc_p80p100_999_j_SE
Pre-tax national income 
P80-100 | share | all ages | equal split
",p80p100,1993,0.4184,4.0,SWE,Nordic
Sweden,"sptinc_p80p100_999_j_SE
Pre-tax national income 
P80-100 | share | all ages | equal split
",p80p100,1994,0.4437,4.0,SWE,Nordic
Sweden,"sptinc_p80p100_999_j_SE
Pre-tax national income 
P80-100 | share | all ages | equal split
",p80p100,1995,0.4507,4.0,SWE,Nordic
Sweden,"sptinc_p80p100_999_j_SE
Pre-tax national income 
P80-100 | share | all ages | equal split
",p80p100,1996,0.4445,4.0,SWE,Nordic
Sweden,"sptinc_p80p100_999_j_SE
Pre-tax national income 
P80-100 | share | all ages | equal split
",p80p100,1997,0.4545,4.0,SWE,Nordic
Sweden,"sptinc_p80p100_999_j_SE
Pre-tax national income 
P80-100 | share | all ages | equal split
",p80p100,1998,0.4554,4.0,SWE,Nordic
Sweden,"sptinc_p80p100_999_j_SE
Pre-tax national income 
P80-100 | share | all ages | equal split
",p80p100,1999,0.4578,4.0,SWE,Nordic
Sweden,"sptinc_p80p100_999_j_SE
Pre-tax national income 
P80-100 | share | all ages | equal split
",p80p100,2000,0.4436,4.0,SWE,Nordic
Sweden,"sptinc_p80p100_999_j_SE
Pre-tax national income 
P80-100 | share | all ages | equal split
",p80p100,2001,0.4346,4.0,SWE,Nordic
Sweden,"sptinc_p80p100_999_j_SE
Pre-tax national income 
P80-100 | share | all ages | equal split
",p80p100,2002,0.4371,4.0,SWE,Nordic
Sweden,"sptinc_p80p100_999_j_SE
Pre-tax national income 
P80-100 | share | all ages | equal split
",p80p100,2003,0.4453,4.0,SWE,Nordic
Sweden,"sptinc_p80p100_999_j_SE
Pre-tax national income 
P80-100 | share | all ages | equal split
",p80p100,2004,0.4521,4.0,SWE,Nordic
Sweden,"sptinc_p80p100_999_j_SE
Pre-tax national income 
P80-100 | share | all ages | equal split
",p80p100,2005,0.4605,4.0,SWE,Nordic
Sweden,"sptinc_p80p100_999_j_SE
Pre-tax national income 
P80-100 | share | all ages | equal split
",p80p100,2006,0.4704,4.0,SWE,Nordic
Sweden,"sptinc_p80p100_999_j_SE
Pre-tax national income 
P80-100 | share | all ages | equal split
",p80p100,2007,0.4671,4.0,SWE,Nordic
Sweden,"sptinc_p80p100_999_j_SE
Pre-tax national income 
P80-100 | share | all ages | equal split
",p80p100,2008,0.4597,4.0,SWE,Nordic
Sweden,"sptinc_p80p100_999_j_SE
Pre-tax national income 
P80-100 | share | all ages | equal split
",p80p100,2009,0.449,4.0,SWE,Nordic
Sweden,"sptinc_p80p100_999_j_SE
Pre-tax national income 
P80-100 | share | all ages | equal split
",p80p100,2010,0.4619,4.0,SWE,Nordic
Sweden,"sptinc_p80p100_999_j_SE
Pre-tax national income 
P80-100 | share | all ages | equal split
",p80p100,2011,0.4569,4.0,SWE,Nordic
Sweden,"sptinc_p80p100_999_j_SE
Pre-tax national income 
P80-100 | share | all ages | equal split
",p80p100,2012,0.4388,4.0,SWE,Nordic
Sweden,"sptinc_p80p100_999_j_SE
Pre-tax national income 
P80-100 | share | all ages | equal split
",p80p100,2013,0.44,4.0,SWE,Nordic
Sweden,"sptinc_p80p100_999_j_SE
Pre-tax national income 
P80-100 | share | all ages | equal split
",p80p100,2014,0.4442,3.0,SWE,Nordic
Sweden,"sptinc_p80p100_999_j_SE
Pre-tax national income 
P80-100 | share | all ages | equal split
",p80p100,2015,0.4522,3.0,SWE,Nordic
Sweden,"sptinc_p80p100_999_j_SE
Pre-tax national income 
P80-100 | share | all ages | equal split
",p80p100,2016,0.4367,3.0,SWE,Nordic
Sweden,"sptinc_p80p100_999_j_SE
Pre-tax national income 
P80-100 | share | all ages | equal split
",p80p100,2017,0.4442,3.0,SWE,Nordic
Sweden,"sptinc_p80p100_999_j_SE
Pre-tax national income 
P80-100 | share | all ages | equal split
",p80p100,2018,0.4388,3.0,SWE,Nordic
Sweden,"sptinc_p80p100_999_j_SE
Pre-tax national income 
P80-100 | share | all ages | equal split
",p80p100,2019,0.4462,3.0,SWE,Nordic
Sweden,"sptinc_p80p100_999_j_SE
Pre-tax national income 
P80-100 | share | all ages | equal split
",p80p100,2020,0.4462,3.0,SWE,Nordic
Sweden,"sptinc_p80p100_999_j_SE
Pre-tax national income 
P80-100 | share | all ages | equal split
",p80p100,2021,0.4436,3.0,SWE,Nordic
Sweden,"sptinc_p80p100_999_j_SE
Pre-tax national income 
P80-100 | share | all ages | equal split
",p80p100,2022,0.4395,3.0,SWE,Nordic
Sweden,"sptinc_p80p100_999_j_SE
Pre-tax national income 
P80-100 | share | all ages | equal split
",p80p100,2023,0.4336,3.0,SWE,Nordic
Sweden,"sptinc_p80p100_999_j_SE
Pre-tax national income 
P80-100 | share | all ages | equal split
",p80p100,2024,0.4336,1.0,SWE,Nordic
Switzerland,"sptinc_p80p100_999_j_CH
Pre-tax national income 
P80-100 | share | all ages | equal split
",p80p100,1961,0.4763,3.0,CHE,Western Europe
Switzerland,"sptinc_p80p100_999_j_CH
Pre-tax national income 
P80-100 | share | all ages | equal split
",p80p100,1963,0.4729,3.0,CHE,Western Europe
Switzerland,"sptinc_p80p100_999_j_CH
Pre-tax national income 
P80-100 | share | all ages | equal split
",p80p100,1965,0.4687,3.0,CHE,Western Europe
Switzerland,"sptinc_p80p100_999_j_CH
Pre-tax national income 
P80-100 | share | all ages | equal split
",p80p100,1967,0.4658,3.0,CHE,Western Europe
Switzerland,"sptinc_p80p100_999_j_CH
Pre-tax national income 
P80-100 | share | all ages | equal split
",p80p100,1969,0.4627,3.0,CHE,Western Europe
Switzerland,"sptinc_p80p100_999_j_CH
Pre-tax national income 
P80-100 | share | all ages | equal split
",p80p100,1971,0.4578,3.0,CHE,Western Europe
Switzerland,"sptinc_p80p100_999_j_CH
Pre-tax national income 
P80-100 | share | all ages | equal split
",p80p100,1973,0.4524,3.0,CHE,Western Europe
Switzerland,"sptinc_p80p100_999_j_CH
Pre-tax national income 
P80-100 | share | all ages | equal split
",p80p100,1975,0.4494,3.0,CHE,Western Europe
Switzerland,"sptinc_p80p100_999_j_CH
Pre-tax national income 
P80-100 | share | all ages | equal split
",p80p100,1977,0.4451,3.0,CHE,Western Europe
Switzerland,"sptinc_p80p100_999_j_CH
Pre-tax national income 
P80-100 | share | all ages | equal split
",p80p100,1979,0.4416,3.0,CHE,Western Europe
Switzerland,"sptinc_p80p100_999_j_CH
Pre-tax national income 
P80-100 | share | all ages | equal split
",p80p100,1980,0.4486,2.0,CHE,Western Europe
Switzerland,"sptinc_p80p100_999_j_CH
Pre-tax national income 
P80-100 | share | all ages | equal split
",p80p100,1981,0.4488,3.0,CHE,Western Europe
Switzerland,"sptinc_p80p100_999_j_CH
Pre-tax national income 
P80-100 | share | all ages | equal split
",p80p100,1982,0.45,4.0,CHE,Western Europe
Switzerland,"sptinc_p80p100_999_j_CH
Pre-tax national income 
P80-100 | share | all ages | equal split
",p80p100,1983,0.4516,4.0,CHE,Western Europe
Switzerland,"sptinc_p80p100_999_j_CH
Pre-tax national income 
P80-100 | share | all ages | equal split
",p80p100,1984,0.4541,4.0,CHE,Western Europe
Switzerland,"sptinc_p80p100_999_j_CH
Pre-tax national income 
P80-100 | share | all ages | equal split
",p80p100,1985,0.4561,4.0,CHE,Western Europe
Switzerland,"sptinc_p80p100_999_j_CH
Pre-tax national income 
P80-100 | share | all ages | equal split
",p80p100,1986,0.455,4.0,CHE,Western Europe
Switzerland,"sptinc_p80p100_999_j_CH
Pre-tax national income 
P80-100 | share | all ages | equal split
",p80p100,1987,0.4545,4.0,CHE,Western Europe
Switzerland,"sptinc_p80p100_999_j_CH
Pre-tax national income 
P80-100 | share | all ages | equal split
",p80p100,1988,0.4517,4.0,CHE,Western Europe
Switzerland,"sptinc_p80p100_999_j_CH
Pre-tax national income 
P80-100 | share | all ages | equal split
",p80p100,1989,0.4482,4.0,CHE,Western Europe
Switzerland,"sptinc_p80p100_999_j_CH
Pre-tax national income 
P80-100 | share | all ages | equal split
",p80p100,1990,0.4471,4.0,CHE,Western Europe
Switzerland,"sptinc_p80p100_999_j_CH
Pre-tax national income 
P80-100 | share | all ages | equal split
",p80p100,1991,0.445,4.0,CHE,Western Europe
Switzerland,"sptinc_p80p100_999_j_CH
Pre-tax national income 
P80-100 | share | all ages | equal split
",p80p100,1992,0.4448,4.0,CHE,Western Europe
Switzerland,"sptinc_p80p100_999_j_CH
Pre-tax national income 
P80-100 | share | all ages | equal split
",p80p100,1993,0.4457,4.0,CHE,Western Europe
Switzerland,"sptinc_p80p100_999_j_CH
Pre-tax national income 
P80-100 | share | all ages | equal split
",p80p100,1994,0.4436,4.0,CHE,Western Europe
Switzerland,"sptinc_p80p100_999_j_CH
Pre-tax national income 
P80-100 | share | all ages | equal split
",p80p100,1995,0.4421,4.0,CHE,Western Europe
Switzerland,"sptinc_p80p100_999_j_CH
Pre-tax national income 
P80-100 | share | all ages | equal split
",p80p100,1996,0.456,4.0,CHE,Western Europe
Switzerland,"sptinc_p80p100_999_j_CH
Pre-tax national income 
P80-100 | share | all ages | equal split
",p80p100,1997,0.4616,4.0,CHE,Western Europe
Switzerland,"sptinc_p80p100_999_j_CH
Pre-tax national income 
P80-100 | share | all ages | equal split
",p80p100,1998,0.466,4.0,CHE,Western Europe
Switzerland,"sptinc_p80p100_999_j_CH
Pre-tax national income 
P80-100 | share | all ages | equal split
",p80p100,1999,0.461,4.0,CHE,Western Europe
Switzerland,"sptinc_p80p100_999_j_CH
Pre-tax national income 
P80-100 | share | all ages | equal split
",p80p100,2000,0.4659,4.0,CHE,Western Europe
Switzerland,"sptinc_p80p100_999_j_CH
Pre-tax national income 
P80-100 | share | all ages | equal split
",p80p100,2001,0.4595,4.0,CHE,Western Europe
Switzerland,"sptinc_p80p100_999_j_CH
Pre-tax national income 
P80-100 | share | all ages | equal split
",p80p100,2002,0.452,4.0,CHE,Western Europe
Switzerland,"sptinc_p80p100_999_j_CH
Pre-tax national income 
P80-100 | share | all ages | equal split
",p80p100,2003,0.4689,4.0,CHE,Western Europe
Switzerland,"sptinc_p80p100_999_j_CH
Pre-tax national income 
P80-100 | share | all ages | equal split
",p80p100,2004,0.4728,4.0,CHE,Western Europe
Switzerland,"sptinc_p80p100_999_j_CH
Pre-tax national income 
P80-100 | share | all ages | equal split
",p80p100,2005,0.4853,4.0,CHE,Western Europe
Switzerland,"sptinc_p80p100_999_j_CH
Pre-tax national income 
P80-100 | share | all ages | equal split
",p80p100,2006,0.4912,4.0,CHE,Western Europe
Switzerland,"sptinc_p80p100_999_j_CH
Pre-tax national income 
P80-100 | share | all ages | equal split
",p80p100,2007,0.4786,4.0,CHE,Western Europe
Switzerland,"sptinc_p80p100_999_j_CH
Pre-tax national income 
P80-100 | share | all ages | equal split
",p80p100,2008,0.4571,4.0,CHE,Western Europe
Switzerland,"sptinc_p80p100_999_j_CH
Pre-tax national income 
P80-100 | share | all ages | equal split
",p80p100,2009,0.4642,4.0,CHE,Western Europe
Switzerland,"sptinc_p80p100_999_j_CH
Pre-tax national income 
P80-100 | share | all ages | equal split
",p80p100,2010,0.4832,4.0,CHE,Western Europe
Switzerland,"sptinc_p80p100_999_j_CH
Pre-tax national income 
P80-100 | share | all ages | equal split
",p80p100,2011,0.4818,4.0,CHE,Western Europe
Switzerland,"sptinc_p80p100_999_j_CH
Pre-tax national income 
P80-100 | share | all ages | equal split
",p80p100,2012,0.4762,4.0,CHE,Western Europe
Switzerland,"sptinc_p80p100_999_j_CH
Pre-tax national income 
P80-100 | share | all ages | equal split
",p80p100,2013,0.4764,4.0,CHE,Western Europe
Switzerland,"sptinc_p80p100_999_j_CH
Pre-tax national income 
P80-100 | share | all ages | equal split
",p80p100,2014,0.4747,4.0,CHE,Western Europe
Switzerland,"sptinc_p80p100_999_j_CH
Pre-tax national income 
P80-100 | share | all ages | equal split
",p80p100,2015,0.4732,3.0,CHE,Western Europe
Switzerland,"sptinc_p80p100_999_j_CH
Pre-tax national income 
P80-100 | share | all ages | equal split
",p80p100,2016,0.4728,3.0,CHE,Western Europe
Switzerland,"sptinc_p80p100_999_j_CH
Pre-tax national income 
P80-100 | share | all ages | equal split
",p80p100,2017,0.4696,3.0,CHE,Western Europe
Switzerland,"sptinc_p80p100_999_j_CH
Pre-tax national income 
P80-100 | share | all ages | equal split
",p80p100,2018,0.4594,3.0,CHE,Western Europe
Switzerland,"sptinc_p80p100_999_j_CH
Pre-tax national income 
P80-100 | share | all ages | equal split
",p80p100,2019,0.4561,3.0,CHE,Western Europe
Switzerland,"sptinc_p80p100_999_j_CH
Pre-tax national income 
P80-100 | share | all ages | equal split
",p80p100,2020,0.4561,3.0,CHE,Western Europe
Switzerland,"sptinc_p80p100_999_j_CH
Pre-tax national income 
P80-100 | share | all ages | equal split
",p80p100,2021,0.4577,3.0,CHE,Western Europe
Switzerland,"sptinc_p80p100_999_j_CH
Pre-tax national income 
P80-100 | share | all ages | equal split
",p80p100,2022,0.4679,3.0,CHE,Western Europe
Switzerland,"sptinc_p80p100_999_j_CH
Pre-tax national income 
P80-100 | share | all ages | equal split
",p80p100,2023,0.4624,1.0,CHE,Western Europe
Switzerland,"sptinc_p80p100_999_j_CH
Pre-tax national income 
P80-100 | share | all ages | equal split
",p80p100,2024,0.4624,1.0,CHE,Western Europe
Taiwan,"sptinc_p80p100_999_j_TW
Pre-tax national income 
P80-100 | share | all ages | equal split
",p80p100,1960,0.497,0.0,TWN,East Asia
Taiwan,"sptinc_p80p100_999_j_TW
Pre-tax national income 
P80-100 | share | all ages | equal split
",p80p100,1970,0.5106,0.0,TWN,East Asia
Taiwan,"sptinc_p80p100_999_j_TW
Pre-tax national income 
P80-100 | share | all ages | equal split
",p80p100,1977,0.4912,0.0,TWN,East Asia
Taiwan,"sptinc_p80p100_999_j_TW
Pre-tax national income 
P80-100 | share | all ages | equal split
",p80p100,1978,0.4906,0.0,TWN,East Asia
Taiwan,"sptinc_p80p100_999_j_TW
Pre-tax national income 
P80-100 | share | all ages | equal split
",p80p100,1979,0.4906,0.0,TWN,East Asia
Taiwan,"sptinc_p80p100_999_j_TW
Pre-tax national income 
P80-100 | share | all ages | equal split
",p80p100,1980,0.492,1.0,TWN,East Asia
Taiwan,"sptinc_p80p100_999_j_TW
Pre-tax national income 
P80-100 | share | all ages | equal split
",p80p100,1981,0.492,4.0,TWN,East Asia
Taiwan,"sptinc_p80p100_999_j_TW
Pre-tax national income 
P80-100 | share | all ages | equal split
",p80p100,1982,0.5043,4.0,TWN,East Asia
Taiwan,"sptinc_p80p100_999_j_TW
Pre-tax national income 
P80-100 | share | all ages | equal split
",p80p100,1983,0.5038,4.0,TWN,East Asia
Taiwan,"sptinc_p80p100_999_j_TW
Pre-tax national income 
P80-100 | share | all ages | equal split
",p80p100,1984,0.5063,4.0,TWN,East Asia
Taiwan,"sptinc_p80p100_999_j_TW
Pre-tax national income 
P80-100 | share | all ages | equal split
",p80p100,1985,0.5182,4.0,TWN,East Asia
Taiwan,"sptinc_p80p100_999_j_TW
Pre-tax national income 
P80-100 | share | all ages | equal split
",p80p100,1986,0.5118,4.0,TWN,East Asia
Taiwan,"sptinc_p80p100_999_j_TW
Pre-tax national income 
P80-100 | share | all ages | equal split
",p80p100,1987,0.5149,4.0,TWN,East Asia
Taiwan,"sptinc_p80p100_999_j_TW
Pre-tax national income 
P80-100 | share | all ages | equal split
",p80p100,1988,0.5085000000000001,4.0,TWN,East Asia
Taiwan,"sptinc_p80p100_999_j_TW
Pre-tax national income 
P80-100 | share | all ages | equal split
",p80p100,1989,0.5162,4.0,TWN,East Asia
Taiwan,"sptinc_p80p100_999_j_TW
Pre-tax national income 
P80-100 | share | all ages | equal split
",p80p100,1990,0.523,4.0,TWN,East Asia
Taiwan,"sptinc_p80p100_999_j_TW
Pre-tax national income 
P80-100 | share | all ages | equal split
",p80p100,1991,0.5275000000000001,4.0,TWN,East Asia
Taiwan,"sptinc_p80p100_999_j_TW
Pre-tax national income 
P80-100 | share | all ages | equal split
",p80p100,1992,0.5212,4.0,TWN,East Asia
Taiwan,"sptinc_p80p100_999_j_TW
Pre-tax national income 
P80-100 | share | all ages | equal split
",p80p100,1993,0.5269,4.0,TWN,East Asia
Taiwan,"sptinc_p80p100_999_j_TW
Pre-tax national income 
P80-100 | share | all ages | equal split
",p80p100,1994,0.5363,4.0,TWN,East Asia
Taiwan,"sptinc_p80p100_999_j_TW
Pre-tax national income 
P80-100 | share | all ages | equal split
",p80p100,1995,0.544,4.0,TWN,East Asia
Taiwan,"sptinc_p80p100_999_j_TW
Pre-tax national income 
P80-100 | share | all ages | equal split
",p80p100,1996,0.5467000000000001,4.0,TWN,East Asia
Taiwan,"sptinc_p80p100_999_j_TW
Pre-tax national income 
P80-100 | share | all ages | equal split
",p80p100,1997,0.5522,4.0,TWN,East Asia
Taiwan,"sptinc_p80p100_999_j_TW
Pre-tax national income 
P80-100 | share | all ages | equal split
",p80p100,1998,0.5619000000000001,4.0,TWN,East Asia
Taiwan,"sptinc_p80p100_999_j_TW
Pre-tax national income 
P80-100 | share | all ages | equal split
",p80p100,1999,0.5679000000000001,4.0,TWN,East Asia
Taiwan,"sptinc_p80p100_999_j_TW
Pre-tax national income 
P80-100 | share | all ages | equal split
",p80p100,2000,0.5802,5.0,TWN,East Asia
Taiwan,"sptinc_p80p100_999_j_TW
Pre-tax national income 
P80-100 | share | all ages | equal split
",p80p100,2001,0.6039,5.0,TWN,East Asia
Taiwan,"sptinc_p80p100_999_j_TW
Pre-tax national income 
P80-100 | share | all ages | equal split
",p80p100,2002,0.6042000000000001,5.0,TWN,East Asia
Taiwan,"sptinc_p80p100_999_j_TW
Pre-tax national income 
P80-100 | share | all ages | equal split
",p80p100,2003,0.6192000000000001,5.0,TWN,East Asia
Taiwan,"sptinc_p80p100_999_j_TW
Pre-tax national income 
P80-100 | share | all ages | equal split
",p80p100,2004,0.6211,5.0,TWN,East Asia
Taiwan,"sptinc_p80p100_999_j_TW
Pre-tax national income 
P80-100 | share | all ages | equal split
",p80p100,2005,0.6316,5.0,TWN,East Asia
Taiwan,"sptinc_p80p100_999_j_TW
Pre-tax national income 
P80-100 | share | all ages | equal split
",p80p100,2006,0.6318,5.0,TWN,East Asia
Taiwan,"sptinc_p80p100_999_j_TW
Pre-tax national income 
P80-100 | share | all ages | equal split
",p80p100,2007,0.6363,5.0,TWN,East Asia
Taiwan,"sptinc_p80p100_999_j_TW
Pre-tax national income 
P80-100 | share | all ages | equal split
",p80p100,2008,0.6207,5.0,TWN,East Asia
Taiwan,"sptinc_p80p100_999_j_TW
Pre-tax national income 
P80-100 | share | all ages | equal split
",p80p100,2009,0.6241,5.0,TWN,East Asia
Taiwan,"sptinc_p80p100_999_j_TW
Pre-tax national income 
P80-100 | share | all ages | equal split
",p80p100,2010,0.6431,5.0,TWN,East Asia
Taiwan,"sptinc_p80p100_999_j_TW
Pre-tax national income 
P80-100 | share | all ages | equal split
",p80p100,2011,0.6362,5.0,TWN,East Asia
Taiwan,"sptinc_p80p100_999_j_TW
Pre-tax national income 
P80-100 | share | all ages | equal split
",p80p100,2012,0.6271,5.0,TWN,East Asia
Taiwan,"sptinc_p80p100_999_j_TW
Pre-tax national income 
P80-100 | share | all ages | equal split
",p80p100,2013,0.6266,5.0,TWN,East Asia
Taiwan,"sptinc_p80p100_999_j_TW
Pre-tax national income 
P80-100 | share | all ages | equal split
",p80p100,2014,0.6428,5.0,TWN,East Asia
Taiwan,"sptinc_p80p100_999_j_TW
Pre-tax national income 
P80-100 | share | all ages | equal split
",p80p100,2015,0.6279,5.0,TWN,East Asia
Taiwan,"sptinc_p80p100_999_j_TW
Pre-tax national income 
P80-100 | share | all ages | equal split
",p80p100,2016,0.6406000000000001,5.0,TWN,East Asia
Taiwan,"sptinc_p80p100_999_j_TW
Pre-tax national income 
P80-100 | share | all ages | equal split
",p80p100,2017,0.6269,5.0,TWN,East Asia
Taiwan,"sptinc_p80p100_999_j_TW
Pre-tax national income 
P80-100 | share | all ages | equal split
",p80p100,2018,0.6269,2.0,TWN,East Asia
Taiwan,"sptinc_p80p100_999_j_TW
Pre-tax national income 
P80-100 | share | all ages | equal split
",p80p100,2019,0.6269,2.0,TWN,East Asia
Taiwan,"sptinc_p80p100_999_j_TW
Pre-tax national income 
P80-100 | share | all ages | equal split
",p80p100,2020,0.6269,2.0,TWN,East Asia
Taiwan,"sptinc_p80p100_999_j_TW
Pre-tax national income 
P80-100 | share | all ages | equal split
",p80p100,2021,0.6269,2.0,TWN,East Asia
Taiwan,"sptinc_p80p100_999_j_TW
Pre-tax national income 
P80-100 | share | all ages | equal split
",p80p100,2022,0.6294000000000001,2.0,TWN,East Asia
Taiwan,"sptinc_p80p100_999_j_TW
Pre-tax national income 
P80-100 | share | all ages | equal split
",p80p100,2023,0.6294000000000001,2.0,TWN,East Asia
Taiwan,"sptinc_p80p100_999_j_TW
Pre-tax national income 
P80-100 | share | all ages | equal split
",p80p100,2024,0.6294000000000001,2.0,TWN,East Asia
Tajikistan,"sptinc_p80p100_999_j_TJ
Pre-tax national income 
P80-100 | share | all ages | equal split
",p80p100,1980,0.3925,1.0,TJK,Eastern Europe & FSU
Tajikistan,"sptinc_p80p100_999_j_TJ
Pre-tax national income 
P80-100 | share | all ages | equal split
",p80p100,1981,0.3927,1.0,TJK,Eastern Europe & FSU
Tajikistan,"sptinc_p80p100_999_j_TJ
Pre-tax national income 
P80-100 | share | all ages | equal split
",p80p100,1982,0.3929,1.0,TJK,Eastern Europe & FSU
Tajikistan,"sptinc_p80p100_999_j_TJ
Pre-tax national income 
P80-100 | share | all ages | equal split
",p80p100,1983,0.3931,1.0,TJK,Eastern Europe & FSU
Tajikistan,"sptinc_p80p100_999_j_TJ
Pre-tax national income 
P80-100 | share | all ages | equal split
",p80p100,1984,0.3933,1.0,TJK,Eastern Europe & FSU
Tajikistan,"sptinc_p80p100_999_j_TJ
Pre-tax national income 
P80-100 | share | all ages | equal split
",p80p100,1985,0.3935,1.0,TJK,Eastern Europe & FSU
Tajikistan,"sptinc_p80p100_999_j_TJ
Pre-tax national income 
P80-100 | share | all ages | equal split
",p80p100,1986,0.3932,1.0,TJK,Eastern Europe & FSU
Tajikistan,"sptinc_p80p100_999_j_TJ
Pre-tax national income 
P80-100 | share | all ages | equal split
",p80p100,1987,0.3928,1.0,TJK,Eastern Europe & FSU
Tajikistan,"sptinc_p80p100_999_j_TJ
Pre-tax national income 
P80-100 | share | all ages | equal split
",p80p100,1988,0.3925,1.0,TJK,Eastern Europe & FSU
Tajikistan,"sptinc_p80p100_999_j_TJ
Pre-tax national income 
P80-100 | share | all ages | equal split
",p80p100,1989,0.3932,1.0,TJK,Eastern Europe & FSU
Tajikistan,"sptinc_p80p100_999_j_TJ
Pre-tax national income 
P80-100 | share | all ages | equal split
",p80p100,1990,0.3799,1.0,TJK,Eastern Europe & FSU
Tajikistan,"sptinc_p80p100_999_j_TJ
Pre-tax national income 
P80-100 | share | all ages | equal split
",p80p100,1991,0.397,1.0,TJK,Eastern Europe & FSU
Tajikistan,"sptinc_p80p100_999_j_TJ
Pre-tax national income 
P80-100 | share | all ages | equal split
",p80p100,1992,0.4141,1.0,TJK,Eastern Europe & FSU
Tajikistan,"sptinc_p80p100_999_j_TJ
Pre-tax national income 
P80-100 | share | all ages | equal split
",p80p100,1993,0.4312,1.0,TJK,Eastern Europe & FSU
Tajikistan,"sptinc_p80p100_999_j_TJ
Pre-tax national income 
P80-100 | share | all ages | equal split
",p80p100,1994,0.4483,1.0,TJK,Eastern Europe & FSU
Tajikistan,"sptinc_p80p100_999_j_TJ
Pre-tax national income 
P80-100 | share | all ages | equal split
",p80p100,1995,0.4654,1.0,TJK,Eastern Europe & FSU
Tajikistan,"sptinc_p80p100_999_j_TJ
Pre-tax national income 
P80-100 | share | all ages | equal split
",p80p100,1996,0.4826,1.0,TJK,Eastern Europe & FSU
Tajikistan,"sptinc_p80p100_999_j_TJ
Pre-tax national income 
P80-100 | share | all ages | equal split
",p80p100,1997,0.4998,1.0,TJK,Eastern Europe & FSU
Tajikistan,"sptinc_p80p100_999_j_TJ
Pre-tax national income 
P80-100 | share | all ages | equal split
",p80p100,1998,0.5171,1.0,TJK,Eastern Europe & FSU
Tajikistan,"sptinc_p80p100_999_j_TJ
Pre-tax national income 
P80-100 | share | all ages | equal split
",p80p100,1999,0.5343,3.0,TJK,Eastern Europe & FSU
Tajikistan,"sptinc_p80p100_999_j_TJ
Pre-tax national income 
P80-100 | share | all ages | equal split
",p80p100,2000,0.5452,2.0,TJK,Eastern Europe & FSU
Tajikistan,"sptinc_p80p100_999_j_TJ
Pre-tax national income 
P80-100 | share | all ages | equal split
",p80p100,2001,0.5572,2.0,TJK,Eastern Europe & FSU
Tajikistan,"sptinc_p80p100_999_j_TJ
Pre-tax national income 
P80-100 | share | all ages | equal split
",p80p100,2002,0.5683,2.0,TJK,Eastern Europe & FSU
Tajikistan,"sptinc_p80p100_999_j_TJ
Pre-tax national income 
P80-100 | share | all ages | equal split
",p80p100,2003,0.5733,3.0,TJK,Eastern Europe & FSU
Tajikistan,"sptinc_p80p100_999_j_TJ
Pre-tax national income 
P80-100 | share | all ages | equal split
",p80p100,2004,0.5754,3.0,TJK,Eastern Europe & FSU
Tajikistan,"sptinc_p80p100_999_j_TJ
Pre-tax national income 
P80-100 | share | all ages | equal split
",p80p100,2005,0.5741,2.0,TJK,Eastern Europe & FSU
Tajikistan,"sptinc_p80p100_999_j_TJ
Pre-tax national income 
P80-100 | share | all ages | equal split
",p80p100,2006,0.5676,2.0,TJK,Eastern Europe & FSU
Tajikistan,"sptinc_p80p100_999_j_TJ
Pre-tax national income 
P80-100 | share | all ages | equal split
",p80p100,2007,0.56,3.0,TJK,Eastern Europe & FSU
Tajikistan,"sptinc_p80p100_999_j_TJ
Pre-tax national income 
P80-100 | share | all ages | equal split
",p80p100,2008,0.5619000000000001,2.0,TJK,Eastern Europe & FSU
Tajikistan,"sptinc_p80p100_999_j_TJ
Pre-tax national income 
P80-100 | share | all ages | equal split
",p80p100,2009,0.5637,3.0,TJK,Eastern Europe & FSU
Tajikistan,"sptinc_p80p100_999_j_TJ
Pre-tax national income 
P80-100 | share | all ages | equal split
",p80p100,2010,0.5647,2.0,TJK,Eastern Europe & FSU
Tajikistan,"sptinc_p80p100_999_j_TJ
Pre-tax national income 
P80-100 | share | all ages | equal split
",p80p100,2011,0.5629000000000001,2.0,TJK,Eastern Europe & FSU
Tajikistan,"sptinc_p80p100_999_j_TJ
Pre-tax national income 
P80-100 | share | all ages | equal split
",p80p100,2012,0.5664,2.0,TJK,Eastern Europe & FSU
Tajikistan,"sptinc_p80p100_999_j_TJ
Pre-tax national income 
P80-100 | share | all ages | equal split
",p80p100,2013,0.5674,2.0,TJK,Eastern Europe & FSU
Tajikistan,"sptinc_p80p100_999_j_TJ
Pre-tax national income 
P80-100 | share | all ages | equal split
",p80p100,2014,0.5640000000000001,2.0,TJK,Eastern Europe & FSU
Tajikistan,"sptinc_p80p100_999_j_TJ
Pre-tax national income 
P80-100 | share | all ages | equal split
",p80p100,2015,0.5609000000000001,3.0,TJK,Eastern Europe & FSU
Tajikistan,"sptinc_p80p100_999_j_TJ
Pre-tax national income 
P80-100 | share | all ages | equal split
",p80p100,2016,0.5736,1.0,TJK,Eastern Europe & FSU
Tajikistan,"sptinc_p80p100_999_j_TJ
Pre-tax national income 
P80-100 | share | all ages | equal split
",p80p100,2017,0.5773,1.0,TJK,Eastern Europe & FSU
Tajikistan,"sptinc_p80p100_999_j_TJ
Pre-tax national income 
P80-100 | share | all ages | equal split
",p80p100,2018,0.5779000000000001,1.0,TJK,Eastern Europe & FSU
Tajikistan,"sptinc_p80p100_999_j_TJ
Pre-tax national income 
P80-100 | share | all ages | equal split
",p80p100,2019,0.5779000000000001,1.0,TJK,Eastern Europe & FSU
Tajikistan,"sptinc_p80p100_999_j_TJ
Pre-tax national income 
P80-100 | share | all ages | equal split
",p80p100,2020,0.5779000000000001,1.0,TJK,Eastern Europe & FSU
Tajikistan,"sptinc_p80p100_999_j_TJ
Pre-tax national income 
P80-100 | share | all ages | equal split
",p80p100,2021,0.5779000000000001,1.0,TJK,Eastern Europe & FSU
Tajikistan,"sptinc_p80p100_999_j_TJ
Pre-tax national income 
P80-100 | share | all ages | equal split
",p80p100,2022,0.5779000000000001,1.0,TJK,Eastern Europe & FSU
Tajikistan,"sptinc_p80p100_999_j_TJ
Pre-tax national income 
P80-100 | share | all ages | equal split
",p80p100,2023,0.5779000000000001,1.0,TJK,Eastern Europe & FSU
Tajikistan,"sptinc_p80p100_999_j_TJ
Pre-tax national income 
P80-100 | share | all ages | equal split
",p80p100,2024,0.5779000000000001,1.0,TJK,Eastern Europe & FSU
Tanzania,"sptinc_p80p100_999_j_TZ
Pre-tax national income 
P80-100 | share | all ages | equal split
",p80p100,1960,0.7368,3.0,TZA,Sub-Saharan Africa
Tanzania,"sptinc_p80p100_999_j_TZ
Pre-tax national income 
P80-100 | share | all ages | equal split
",p80p100,1961,0.7295,3.0,TZA,Sub-Saharan Africa
Tanzania,"sptinc_p80p100_999_j_TZ
Pre-tax national income 
P80-100 | share | all ages | equal split
",p80p100,1962,0.7212000000000001,3.0,TZA,Sub-Saharan Africa
Tanzania,"sptinc_p80p100_999_j_TZ
Pre-tax national income 
P80-100 | share | all ages | equal split
",p80p100,1963,0.7127,3.0,TZA,Sub-Saharan Africa
Tanzania,"sptinc_p80p100_999_j_TZ
Pre-tax national income 
P80-100 | share | all ages | equal split
",p80p100,1964,0.7038,3.0,TZA,Sub-Saharan Africa
Tanzania,"sptinc_p80p100_999_j_TZ
Pre-tax national income 
P80-100 | share | all ages | equal split
",p80p100,1965,0.6971,3.0,TZA,Sub-Saharan Africa
Tanzania,"sptinc_p80p100_999_j_TZ
Pre-tax national income 
P80-100 | share | all ages | equal split
",p80p100,1966,0.6868000000000001,3.0,TZA,Sub-Saharan Africa
Tanzania,"sptinc_p80p100_999_j_TZ
Pre-tax national income 
P80-100 | share | all ages | equal split
",p80p100,1967,0.6798000000000001,3.0,TZA,Sub-Saharan Africa
Tanzania,"sptinc_p80p100_999_j_TZ
Pre-tax national income 
P80-100 | share | all ages | equal split
",p80p100,1968,0.6729,3.0,TZA,Sub-Saharan Africa
Tanzania,"sptinc_p80p100_999_j_TZ
Pre-tax national income 
P80-100 | share | all ages | equal split
",p80p100,1969,0.6631,3.0,TZA,Sub-Saharan Africa
Tanzania,"sptinc_p80p100_999_j_TZ
Pre-tax national income 
P80-100 | share | all ages | equal split
",p80p100,1970,0.6559,3.0,TZA,Sub-Saharan Africa
Tanzania,"sptinc_p80p100_999_j_TZ
Pre-tax national income 
P80-100 | share | all ages | equal split
",p80p100,1980,0.5872,1.0,TZA,Sub-Saharan Africa
Tanzania,"sptinc_p80p100_999_j_TZ
Pre-tax national income 
P80-100 | share | all ages | equal split
",p80p100,1981,0.5872,1.0,TZA,Sub-Saharan Africa
Tanzania,"sptinc_p80p100_999_j_TZ
Pre-tax national income 
P80-100 | share | all ages | equal split
",p80p100,1982,0.5872,1.0,TZA,Sub-Saharan Africa
Tanzania,"sptinc_p80p100_999_j_TZ
Pre-tax national income 
P80-100 | share | all ages | equal split
",p80p100,1983,0.5872,1.0,TZA,Sub-Saharan Africa
Tanzania,"sptinc_p80p100_999_j_TZ
Pre-tax national income 
P80-100 | share | all ages | equal split
",p80p100,1984,0.5872,1.0,TZA,Sub-Saharan Africa
Tanzania,"sptinc_p80p100_999_j_TZ
Pre-tax national income 
P80-100 | share | all ages | equal split
",p80p100,1985,0.5872,1.0,TZA,Sub-Saharan Africa
Tanzania,"sptinc_p80p100_999_j_TZ
Pre-tax national income 
P80-100 | share | all ages | equal split
",p80p100,1986,0.5872,1.0,TZA,Sub-Saharan Africa
Tanzania,"sptinc_p80p100_999_j_TZ
Pre-tax national income 
P80-100 | share | all ages | equal split
",p80p100,1987,0.5872,1.0,TZA,Sub-Saharan Africa
Tanzania,"sptinc_p80p100_999_j_TZ
Pre-tax national income 
P80-100 | share | all ages | equal split
",p80p100,1988,0.5872,1.0,TZA,Sub-Saharan Africa
Tanzania,"sptinc_p80p100_999_j_TZ
Pre-tax national income 
P80-100 | share | all ages | equal split
",p80p100,1989,0.5872,1.0,TZA,Sub-Saharan Africa
Tanzania,"sptinc_p80p100_999_j_TZ
Pre-tax national income 
P80-100 | share | all ages | equal split
",p80p100,1990,0.5872,1.0,TZA,Sub-Saharan Africa
Tanzania,"sptinc_p80p100_999_j_TZ
Pre-tax national income 
P80-100 | share | all ages | equal split
",p80p100,1991,0.5872,3.0,TZA,Sub-Saharan Africa
Tanzania,"sptinc_p80p100_999_j_TZ
Pre-tax national income 
P80-100 | share | all ages | equal split
",p80p100,1992,0.5894,2.0,TZA,Sub-Saharan Africa
Tanzania,"sptinc_p80p100_999_j_TZ
Pre-tax national income 
P80-100 | share | all ages | equal split
",p80p100,1993,0.5915,2.0,TZA,Sub-Saharan Africa
Tanzania,"sptinc_p80p100_999_j_TZ
Pre-tax national income 
P80-100 | share | all ages | equal split
",p80p100,1994,0.5936,2.0,TZA,Sub-Saharan Africa
Tanzania,"sptinc_p80p100_999_j_TZ
Pre-tax national income 
P80-100 | share | all ages | equal split
",p80p100,1995,0.5957,2.0,TZA,Sub-Saharan Africa
Tanzania,"sptinc_p80p100_999_j_TZ
Pre-tax national income 
P80-100 | share | all ages | equal split
",p80p100,1996,0.5978,2.0,TZA,Sub-Saharan Africa
Tanzania,"sptinc_p80p100_999_j_TZ
Pre-tax national income 
P80-100 | share | all ages | equal split
",p80p100,1997,0.5999,2.0,TZA,Sub-Saharan Africa
Tanzania,"sptinc_p80p100_999_j_TZ
Pre-tax national income 
P80-100 | share | all ages | equal split
",p80p100,1998,0.602,2.0,TZA,Sub-Saharan Africa
Tanzania,"sptinc_p80p100_999_j_TZ
Pre-tax national income 
P80-100 | share | all ages | equal split
",p80p100,1999,0.6041000000000001,2.0,TZA,Sub-Saharan Africa
Tanzania,"sptinc_p80p100_999_j_TZ
Pre-tax national income 
P80-100 | share | all ages | equal split
",p80p100,2000,0.6062000000000001,3.0,TZA,Sub-Saharan Africa
Tanzania,"sptinc_p80p100_999_j_TZ
Pre-tax national income 
P80-100 | share | all ages | equal split
",p80p100,2001,0.6107,2.0,TZA,Sub-Saharan Africa
Tanzania,"sptinc_p80p100_999_j_TZ
Pre-tax national income 
P80-100 | share | all ages | equal split
",p80p100,2002,0.6152000000000001,2.0,TZA,Sub-Saharan Africa
Tanzania,"sptinc_p80p100_999_j_TZ
Pre-tax national income 
P80-100 | share | all ages | equal split
",p80p100,2003,0.6196,2.0,TZA,Sub-Saharan Africa
Tanzania,"sptinc_p80p100_999_j_TZ
Pre-tax national income 
P80-100 | share | all ages | equal split
",p80p100,2004,0.6241,2.0,TZA,Sub-Saharan Africa
Tanzania,"sptinc_p80p100_999_j_TZ
Pre-tax national income 
P80-100 | share | all ages | equal split
",p80p100,2005,0.6286,2.0,TZA,Sub-Saharan Africa
Tanzania,"sptinc_p80p100_999_j_TZ
Pre-tax national income 
P80-100 | share | all ages | equal split
",p80p100,2006,0.633,2.0,TZA,Sub-Saharan Africa
Tanzania,"sptinc_p80p100_999_j_TZ
Pre-tax national income 
P80-100 | share | all ages | equal split
",p80p100,2007,0.6375000000000001,3.0,TZA,Sub-Saharan Africa
Tanzania,"sptinc_p80p100_999_j_TZ
Pre-tax national income 
P80-100 | share | all ages | equal split
",p80p100,2008,0.6353,2.0,TZA,Sub-Saharan Africa
Tanzania,"sptinc_p80p100_999_j_TZ
Pre-tax national income 
P80-100 | share | all ages | equal split
",p80p100,2009,0.6332,2.0,TZA,Sub-Saharan Africa
Tanzania,"sptinc_p80p100_999_j_TZ
Pre-tax national income 
P80-100 | share | all ages | equal split
",p80p100,2010,0.631,2.0,TZA,Sub-Saharan Africa
Tanzania,"sptinc_p80p100_999_j_TZ
Pre-tax national income 
P80-100 | share | all ages | equal split
",p80p100,2011,0.6288,3.0,TZA,Sub-Saharan Africa
Tanzania,"sptinc_p80p100_999_j_TZ
Pre-tax national income 
P80-100 | share | all ages | equal split
",p80p100,2012,0.6326,2.0,TZA,Sub-Saharan Africa
Tanzania,"sptinc_p80p100_999_j_TZ
Pre-tax national income 
P80-100 | share | all ages | equal split
",p80p100,2013,0.6364000000000001,2.0,TZA,Sub-Saharan Africa
Tanzania,"sptinc_p80p100_999_j_TZ
Pre-tax national income 
P80-100 | share | all ages | equal split
",p80p100,2014,0.6402,2.0,TZA,Sub-Saharan Africa
Tanzania,"sptinc_p80p100_999_j_TZ
Pre-tax national income 
P80-100 | share | all ages | equal split
",p80p100,2015,0.644,2.0,TZA,Sub-Saharan Africa
Tanzania,"sptinc_p80p100_999_j_TZ
Pre-tax national income 
P80-100 | share | all ages | equal split
",p80p100,2016,0.6478,2.0,TZA,Sub-Saharan Africa
Tanzania,"sptinc_p80p100_999_j_TZ
Pre-tax national income 
P80-100 | share | all ages | equal split
",p80p100,2017,0.6516000000000001,2.0,TZA,Sub-Saharan Africa
Tanzania,"sptinc_p80p100_999_j_TZ
Pre-tax national income 
P80-100 | share | all ages | equal split
",p80p100,2018,0.6516000000000001,3.0,TZA,Sub-Saharan Africa
Tanzania,"sptinc_p80p100_999_j_TZ
Pre-tax national income 
P80-100 | share | all ages | equal split
",p80p100,2019,0.6516000000000001,1.0,TZA,Sub-Saharan Africa
Tanzania,"sptinc_p80p100_999_j_TZ
Pre-tax national income 
P80-100 | share | all ages | equal split
",p80p100,2020,0.6516000000000001,1.0,TZA,Sub-Saharan Africa
Tanzania,"sptinc_p80p100_999_j_TZ
Pre-tax national income 
P80-100 | share | all ages | equal split
",p80p100,2021,0.6516000000000001,1.0,TZA,Sub-Saharan Africa
Tanzania,"sptinc_p80p100_999_j_TZ
Pre-tax national income 
P80-100 | share | all ages | equal split
",p80p100,2022,0.6516000000000001,1.0,TZA,Sub-Saharan Africa
Tanzania,"sptinc_p80p100_999_j_TZ
Pre-tax national income 
P80-100 | share | all ages | equal split
",p80p100,2023,0.6516000000000001,1.0,TZA,Sub-Saharan Africa
Tanzania,"sptinc_p80p100_999_j_TZ
Pre-tax national income 
P80-100 | share | all ages | equal split
",p80p100,2024,0.6516000000000001,1.0,TZA,Sub-Saharan Africa
Thailand,"sptinc_p80p100_999_j_TH
Pre-tax national income 
P80-100 | share | all ages | equal split
",p80p100,1960,0.5909,0.0,THA,Southeast Asia
Thailand,"sptinc_p80p100_999_j_TH
Pre-tax national income 
P80-100 | share | all ages | equal split
",p80p100,1970,0.6394000000000001,0.0,THA,Southeast Asia
Thailand,"sptinc_p80p100_999_j_TH
Pre-tax national income 
P80-100 | share | all ages | equal split
",p80p100,1980,0.7011000000000001,3.0,THA,Southeast Asia
Thailand,"sptinc_p80p100_999_j_TH
Pre-tax national income 
P80-100 | share | all ages | equal split
",p80p100,1981,0.7011000000000001,3.0,THA,Southeast Asia
Thailand,"sptinc_p80p100_999_j_TH
Pre-tax national income 
P80-100 | share | all ages | equal split
",p80p100,1982,0.7013,3.0,THA,Southeast Asia
Thailand,"sptinc_p80p100_999_j_TH
Pre-tax national income 
P80-100 | share | all ages | equal split
",p80p100,1983,0.7014,3.0,THA,Southeast Asia
Thailand,"sptinc_p80p100_999_j_TH
Pre-tax national income 
P80-100 | share | all ages | equal split
",p80p100,1984,0.7015,3.0,THA,Southeast Asia
Thailand,"sptinc_p80p100_999_j_TH
Pre-tax national income 
P80-100 | share | all ages | equal split
",p80p100,1985,0.7017,3.0,THA,Southeast Asia
Thailand,"sptinc_p80p100_999_j_TH
Pre-tax national income 
P80-100 | share | all ages | equal split
",p80p100,1986,0.7018,3.0,THA,Southeast Asia
Thailand,"sptinc_p80p100_999_j_TH
Pre-tax national income 
P80-100 | share | all ages | equal split
",p80p100,1987,0.7019000000000001,3.0,THA,Southeast Asia
Thailand,"sptinc_p80p100_999_j_TH
Pre-tax national income 
P80-100 | share | all ages | equal split
",p80p100,1988,0.7020000000000001,3.0,THA,Southeast Asia
Thailand,"sptinc_p80p100_999_j_TH
Pre-tax national income 
P80-100 | share | all ages | equal split
",p80p100,1989,0.7066,3.0,THA,Southeast Asia
Thailand,"sptinc_p80p100_999_j_TH
Pre-tax national income 
P80-100 | share | all ages | equal split
",p80p100,1990,0.7097,3.0,THA,Southeast Asia
Thailand,"sptinc_p80p100_999_j_TH
Pre-tax national income 
P80-100 | share | all ages | equal split
",p80p100,1991,0.7177,3.0,THA,Southeast Asia
Thailand,"sptinc_p80p100_999_j_TH
Pre-tax national income 
P80-100 | share | all ages | equal split
",p80p100,1992,0.7242000000000001,3.0,THA,Southeast Asia
Thailand,"sptinc_p80p100_999_j_TH
Pre-tax national income 
P80-100 | share | all ages | equal split
",p80p100,1993,0.7101000000000001,3.0,THA,Southeast Asia
Thailand,"sptinc_p80p100_999_j_TH
Pre-tax national income 
P80-100 | share | all ages | equal split
",p80p100,1994,0.6980000000000001,3.0,THA,Southeast Asia
Thailand,"sptinc_p80p100_999_j_TH
Pre-tax national income 
P80-100 | share | all ages | equal split
",p80p100,1995,0.6949000000000001,3.0,THA,Southeast Asia
Thailand,"sptinc_p80p100_999_j_TH
Pre-tax national income 
P80-100 | share | all ages | equal split
",p80p100,1996,0.6927,3.0,THA,Southeast Asia
Thailand,"sptinc_p80p100_999_j_TH
Pre-tax national income 
P80-100 | share | all ages | equal split
",p80p100,1997,0.6841,3.0,THA,Southeast Asia
Thailand,"sptinc_p80p100_999_j_TH
Pre-tax national income 
P80-100 | share | all ages | equal split
",p80p100,1998,0.6762,3.0,THA,Southeast Asia
Thailand,"sptinc_p80p100_999_j_TH
Pre-tax national income 
P80-100 | share | all ages | equal split
",p80p100,1999,0.6906,3.0,THA,Southeast Asia
Thailand,"sptinc_p80p100_999_j_TH
Pre-tax national income 
P80-100 | share | all ages | equal split
",p80p100,2000,0.6911,3.0,THA,Southeast Asia
Thailand,"sptinc_p80p100_999_j_TH
Pre-tax national income 
P80-100 | share | all ages | equal split
",p80p100,2001,0.7078,4.0,THA,Southeast Asia
Thailand,"sptinc_p80p100_999_j_TH
Pre-tax national income 
P80-100 | share | all ages | equal split
",p80p100,2002,0.6904,4.0,THA,Southeast Asia
Thailand,"sptinc_p80p100_999_j_TH
Pre-tax national income 
P80-100 | share | all ages | equal split
",p80p100,2003,0.7039000000000001,4.0,THA,Southeast Asia
Thailand,"sptinc_p80p100_999_j_TH
Pre-tax national income 
P80-100 | share | all ages | equal split
",p80p100,2004,0.6890000000000001,4.0,THA,Southeast Asia
Thailand,"sptinc_p80p100_999_j_TH
Pre-tax national income 
P80-100 | share | all ages | equal split
",p80p100,2005,0.6865,4.0,THA,Southeast Asia
Thailand,"sptinc_p80p100_999_j_TH
Pre-tax national income 
P80-100 | share | all ages | equal split
",p80p100,2006,0.6834,4.0,THA,Southeast Asia
Thailand,"sptinc_p80p100_999_j_TH
Pre-tax national income 
P80-100 | share | all ages | equal split
",p80p100,2007,0.6802,4.0,THA,Southeast Asia
Thailand,"sptinc_p80p100_999_j_TH
Pre-tax national income 
P80-100 | share | all ages | equal split
",p80p100,2008,0.6855,4.0,THA,Southeast Asia
Thailand,"sptinc_p80p100_999_j_TH
Pre-tax national income 
P80-100 | share | all ages | equal split
",p80p100,2009,0.669,4.0,THA,Southeast Asia
Thailand,"sptinc_p80p100_999_j_TH
Pre-tax national income 
P80-100 | share | all ages | equal split
",p80p100,2010,0.6854,4.0,THA,Southeast Asia
Thailand,"sptinc_p80p100_999_j_TH
Pre-tax national income 
P80-100 | share | all ages | equal split
",p80p100,2011,0.6729,4.0,THA,Southeast Asia
Thailand,"sptinc_p80p100_999_j_TH
Pre-tax national income 
P80-100 | share | all ages | equal split
",p80p100,2012,0.6816,4.0,THA,Southeast Asia
Thailand,"sptinc_p80p100_999_j_TH
Pre-tax national income 
P80-100 | share | all ages | equal split
",p80p100,2013,0.6566000000000001,4.0,THA,Southeast Asia
Thailand,"sptinc_p80p100_999_j_TH
Pre-tax national income 
P80-100 | share | all ages | equal split
",p80p100,2014,0.6665,4.0,THA,Southeast Asia
Thailand,"sptinc_p80p100_999_j_TH
Pre-tax national income 
P80-100 | share | all ages | equal split
",p80p100,2015,0.6436000000000001,4.0,THA,Southeast Asia
Thailand,"sptinc_p80p100_999_j_TH
Pre-tax national income 
P80-100 | share | all ages | equal split
",p80p100,2016,0.6492,4.0,THA,Southeast Asia
Thailand,"sptinc_p80p100_999_j_TH
Pre-tax national income 
P80-100 | share | all ages | equal split
",p80p100,2017,0.6823,4.0,THA,Southeast Asia
Thailand,"sptinc_p80p100_999_j_TH
Pre-tax national income 
P80-100 | share | all ages | equal split
",p80p100,2018,0.647,4.0,THA,Southeast Asia
Thailand,"sptinc_p80p100_999_j_TH
Pre-tax national income 
P80-100 | share | all ages | equal split
",p80p100,2019,0.6407,4.0,THA,Southeast Asia
Thailand,"sptinc_p80p100_999_j_TH
Pre-tax national income 
P80-100 | share | all ages | equal split
",p80p100,2020,0.6422,4.0,THA,Southeast Asia
Thailand,"sptinc_p80p100_999_j_TH
Pre-tax national income 
P80-100 | share | all ages | equal split
",p80p100,2021,0.6755,4.0,THA,Southeast Asia
Thailand,"sptinc_p80p100_999_j_TH
Pre-tax national income 
P80-100 | share | all ages | equal split
",p80p100,2022,0.6755,1.0,THA,Southeast Asia
Thailand,"sptinc_p80p100_999_j_TH
Pre-tax national income 
P80-100 | share | all ages | equal split
",p80p100,2023,0.6755,1.0,THA,Southeast Asia
Thailand,"sptinc_p80p100_999_j_TH
Pre-tax national income 
P80-100 | share | all ages | equal split
",p80p100,2024,0.6755,1.0,THA,Southeast Asia
Tonga,"sptinc_p80p100_999_j_TO
Pre-tax national income 
P80-100 | share | all ages | equal split
",p80p100,1980,0.4749,0.0,TON,Oceania
Tonga,"sptinc_p80p100_999_j_TO
Pre-tax national income 
P80-100 | share | all ages | equal split
",p80p100,1981,0.4755,0.0,TON,Oceania
Tonga,"sptinc_p80p100_999_j_TO
Pre-tax national income 
P80-100 | share | all ages | equal split
",p80p100,1982,0.4762,0.0,TON,Oceania
Tonga,"sptinc_p80p100_999_j_TO
Pre-tax national income 
P80-100 | share | all ages | equal split
",p80p100,1983,0.4769,0.0,TON,Oceania
Tonga,"sptinc_p80p100_999_j_TO
Pre-tax national income 
P80-100 | share | all ages | equal split
",p80p100,1984,0.4776,0.0,TON,Oceania
Tonga,"sptinc_p80p100_999_j_TO
Pre-tax national income 
P80-100 | share | all ages | equal split
",p80p100,1985,0.4783,0.0,TON,Oceania
Tonga,"sptinc_p80p100_999_j_TO
Pre-tax national income 
P80-100 | share | all ages | equal split
",p80p100,1986,0.4791,0.0,TON,Oceania
Tonga,"sptinc_p80p100_999_j_TO
Pre-tax national income 
P80-100 | share | all ages | equal split
",p80p100,1987,0.4798,0.0,TON,Oceania
Tonga,"sptinc_p80p100_999_j_TO
Pre-tax national income 
P80-100 | share | all ages | equal split
",p80p100,1988,0.4806,0.0,TON,Oceania
Tonga,"sptinc_p80p100_999_j_TO
Pre-tax national income 
P80-100 | share | all ages | equal split
",p80p100,1989,0.4813,0.0,TON,Oceania
Tonga,"sptinc_p80p100_999_j_TO
Pre-tax national income 
P80-100 | share | all ages | equal split
",p80p100,1990,0.4821,0.0,TON,Oceania
Tonga,"sptinc_p80p100_999_j_TO
Pre-tax national income 
P80-100 | share | all ages | equal split
",p80p100,1991,0.4838,0.0,TON,Oceania
Tonga,"sptinc_p80p100_999_j_TO
Pre-tax national income 
P80-100 | share | all ages | equal split
",p80p100,1992,0.4854,0.0,TON,Oceania
Tonga,"sptinc_p80p100_999_j_TO
Pre-tax national income 
P80-100 | share | all ages | equal split
",p80p100,1993,0.4869,0.0,TON,Oceania
Tonga,"sptinc_p80p100_999_j_TO
Pre-tax national income 
P80-100 | share | all ages | equal split
",p80p100,1994,0.4885,0.0,TON,Oceania
Tonga,"sptinc_p80p100_999_j_TO
Pre-tax national income 
P80-100 | share | all ages | equal split
",p80p100,1995,0.4899,0.0,TON,Oceania
Tonga,"sptinc_p80p100_999_j_TO
Pre-tax national income 
P80-100 | share | all ages | equal split
",p80p100,1996,0.4913,0.0,TON,Oceania
Tonga,"sptinc_p80p100_999_j_TO
Pre-tax national income 
P80-100 | share | all ages | equal split
",p80p100,1997,0.4927,0.0,TON,Oceania
Tonga,"sptinc_p80p100_999_j_TO
Pre-tax national income 
P80-100 | share | all ages | equal split
",p80p100,1998,0.4940000000000001,0.0,TON,Oceania
Tonga,"sptinc_p80p100_999_j_TO
Pre-tax national income 
P80-100 | share | all ages | equal split
",p80p100,1999,0.4953,0.0,TON,Oceania
Tonga,"sptinc_p80p100_999_j_TO
Pre-tax national income 
P80-100 | share | all ages | equal split
",p80p100,2000,0.4966,0.0,TON,Oceania
Tonga,"sptinc_p80p100_999_j_TO
Pre-tax national income 
P80-100 | share | all ages | equal split
",p80p100,2001,0.5054000000000001,0.0,TON,Oceania
Tonga,"sptinc_p80p100_999_j_TO
Pre-tax national income 
P80-100 | share | all ages | equal split
",p80p100,2002,0.514,0.0,TON,Oceania
Tonga,"sptinc_p80p100_999_j_TO
Pre-tax national income 
P80-100 | share | all ages | equal split
",p80p100,2003,0.5224,0.0,TON,Oceania
Tonga,"sptinc_p80p100_999_j_TO
Pre-tax national income 
P80-100 | share | all ages | equal split
",p80p100,2004,0.5306000000000001,0.0,TON,Oceania
Tonga,"sptinc_p80p100_999_j_TO
Pre-tax national income 
P80-100 | share | all ages | equal split
",p80p100,2005,0.5386000000000001,0.0,TON,Oceania
Tonga,"sptinc_p80p100_999_j_TO
Pre-tax national income 
P80-100 | share | all ages | equal split
",p80p100,2006,0.5465,0.0,TON,Oceania
Tonga,"sptinc_p80p100_999_j_TO
Pre-tax national income 
P80-100 | share | all ages | equal split
",p80p100,2007,0.5541,0.0,TON,Oceania
Tonga,"sptinc_p80p100_999_j_TO
Pre-tax national income 
P80-100 | share | all ages | equal split
",p80p100,2008,0.5616,0.0,TON,Oceania
Tonga,"sptinc_p80p100_999_j_TO
Pre-tax national income 
P80-100 | share | all ages | equal split
",p80p100,2009,0.5689000000000001,0.0,TON,Oceania
Tonga,"sptinc_p80p100_999_j_TO
Pre-tax national income 
P80-100 | share | all ages | equal split
",p80p100,2010,0.5761000000000001,0.0,TON,Oceania
Tonga,"sptinc_p80p100_999_j_TO
Pre-tax national income 
P80-100 | share | all ages | equal split
",p80p100,2011,0.5782,0.0,TON,Oceania
Tonga,"sptinc_p80p100_999_j_TO
Pre-tax national income 
P80-100 | share | all ages | equal split
",p80p100,2012,0.5803,0.0,TON,Oceania
Tonga,"sptinc_p80p100_999_j_TO
Pre-tax national income 
P80-100 | share | all ages | equal split
",p80p100,2013,0.5822,0.0,TON,Oceania
Tonga,"sptinc_p80p100_999_j_TO
Pre-tax national income 
P80-100 | share | all ages | equal split
",p80p100,2014,0.5841000000000001,0.0,TON,Oceania
Tonga,"sptinc_p80p100_999_j_TO
Pre-tax national income 
P80-100 | share | all ages | equal split
",p80p100,2015,0.5859,0.0,TON,Oceania
Tonga,"sptinc_p80p100_999_j_TO
Pre-tax national income 
P80-100 | share | all ages | equal split
",p80p100,2016,0.5876,0.0,TON,Oceania
Tonga,"sptinc_p80p100_999_j_TO
Pre-tax national income 
P80-100 | share | all ages | equal split
",p80p100,2017,0.5892000000000001,0.0,TON,Oceania
Tonga,"sptinc_p80p100_999_j_TO
Pre-tax national income 
P80-100 | share | all ages | equal split
",p80p100,2018,0.5908,0.0,TON,Oceania
Tonga,"sptinc_p80p100_999_j_TO
Pre-tax national income 
P80-100 | share | all ages | equal split
",p80p100,2019,0.5923,0.0,TON,Oceania
Tonga,"sptinc_p80p100_999_j_TO
Pre-tax national income 
P80-100 | share | all ages | equal split
",p80p100,2020,0.5937,0.0,TON,Oceania
Tonga,"sptinc_p80p100_999_j_TO
Pre-tax national income 
P80-100 | share | all ages | equal split
",p80p100,2021,0.5937,0.0,TON,Oceania
Tonga,"sptinc_p80p100_999_j_TO
Pre-tax national income 
P80-100 | share | all ages | equal split
",p80p100,2022,0.5937,0.0,TON,Oceania
Tonga,"sptinc_p80p100_999_j_TO
Pre-tax national income 
P80-100 | share | all ages | equal split
",p80p100,2023,0.5937,0.0,TON,Oceania
Tonga,"sptinc_p80p100_999_j_TO
Pre-tax national income 
P80-100 | share | all ages | equal split
",p80p100,2024,0.5937,0.0,TON,Oceania
Trinidad and Tobago,"sptinc_p80p100_999_j_TT
Pre-tax national income 
P80-100 | share | all ages | equal split
",p80p100,1980,0.7045,0.0,TTO,Latin America & Caribbean
Trinidad and Tobago,"sptinc_p80p100_999_j_TT
Pre-tax national income 
P80-100 | share | all ages | equal split
",p80p100,1981,0.7045,0.0,TTO,Latin America & Caribbean
Trinidad and Tobago,"sptinc_p80p100_999_j_TT
Pre-tax national income 
P80-100 | share | all ages | equal split
",p80p100,1982,0.7045,0.0,TTO,Latin America & Caribbean
Trinidad and Tobago,"sptinc_p80p100_999_j_TT
Pre-tax national income 
P80-100 | share | all ages | equal split
",p80p100,1983,0.7045,0.0,TTO,Latin America & Caribbean
Trinidad and Tobago,"sptinc_p80p100_999_j_TT
Pre-tax national income 
P80-100 | share | all ages | equal split
",p80p100,1984,0.7045,0.0,TTO,Latin America & Caribbean
Trinidad and Tobago,"sptinc_p80p100_999_j_TT
Pre-tax national income 
P80-100 | share | all ages | equal split
",p80p100,1985,0.7045,0.0,TTO,Latin America & Caribbean
Trinidad and Tobago,"sptinc_p80p100_999_j_TT
Pre-tax national income 
P80-100 | share | all ages | equal split
",p80p100,1986,0.7045,0.0,TTO,Latin America & Caribbean
Trinidad and Tobago,"sptinc_p80p100_999_j_TT
Pre-tax national income 
P80-100 | share | all ages | equal split
",p80p100,1987,0.7045,0.0,TTO,Latin America & Caribbean
Trinidad and Tobago,"sptinc_p80p100_999_j_TT
Pre-tax national income 
P80-100 | share | all ages | equal split
",p80p100,1988,0.7045,0.0,TTO,Latin America & Caribbean
Trinidad and Tobago,"sptinc_p80p100_999_j_TT
Pre-tax national income 
P80-100 | share | all ages | equal split
",p80p100,1989,0.7045,0.0,TTO,Latin America & Caribbean
Trinidad and Tobago,"sptinc_p80p100_999_j_TT
Pre-tax national income 
P80-100 | share | all ages | equal split
",p80p100,1990,0.7045,0.0,TTO,Latin America & Caribbean
Trinidad and Tobago,"sptinc_p80p100_999_j_TT
Pre-tax national income 
P80-100 | share | all ages | equal split
",p80p100,1991,0.7045,0.0,TTO,Latin America & Caribbean
Trinidad and Tobago,"sptinc_p80p100_999_j_TT
Pre-tax national income 
P80-100 | share | all ages | equal split
",p80p100,1992,0.7045,0.0,TTO,Latin America & Caribbean
Trinidad and Tobago,"sptinc_p80p100_999_j_TT
Pre-tax national income 
P80-100 | share | all ages | equal split
",p80p100,1993,0.7045,0.0,TTO,Latin America & Caribbean
Trinidad and Tobago,"sptinc_p80p100_999_j_TT
Pre-tax national income 
P80-100 | share | all ages | equal split
",p80p100,1994,0.7045,0.0,TTO,Latin America & Caribbean
Trinidad and Tobago,"sptinc_p80p100_999_j_TT
Pre-tax national income 
P80-100 | share | all ages | equal split
",p80p100,1995,0.7045,0.0,TTO,Latin America & Caribbean
Trinidad and Tobago,"sptinc_p80p100_999_j_TT
Pre-tax national income 
P80-100 | share | all ages | equal split
",p80p100,1996,0.7045,0.0,TTO,Latin America & Caribbean
Trinidad and Tobago,"sptinc_p80p100_999_j_TT
Pre-tax national income 
P80-100 | share | all ages | equal split
",p80p100,1997,0.7045,0.0,TTO,Latin America & Caribbean
Trinidad and Tobago,"sptinc_p80p100_999_j_TT
Pre-tax national income 
P80-100 | share | all ages | equal split
",p80p100,1998,0.7045,0.0,TTO,Latin America & Caribbean
Trinidad and Tobago,"sptinc_p80p100_999_j_TT
Pre-tax national income 
P80-100 | share | all ages | equal split
",p80p100,1999,0.7045,0.0,TTO,Latin America & Caribbean
Trinidad and Tobago,"sptinc_p80p100_999_j_TT
Pre-tax national income 
P80-100 | share | all ages | equal split
",p80p100,2000,0.7045,0.0,TTO,Latin America & Caribbean
Trinidad and Tobago,"sptinc_p80p100_999_j_TT
Pre-tax national income 
P80-100 | share | all ages | equal split
",p80p100,2001,0.7130000000000001,0.0,TTO,Latin America & Caribbean
Trinidad and Tobago,"sptinc_p80p100_999_j_TT
Pre-tax national income 
P80-100 | share | all ages | equal split
",p80p100,2002,0.7109000000000001,0.0,TTO,Latin America & Caribbean
Trinidad and Tobago,"sptinc_p80p100_999_j_TT
Pre-tax national income 
P80-100 | share | all ages | equal split
",p80p100,2003,0.7069000000000001,0.0,TTO,Latin America & Caribbean
Trinidad and Tobago,"sptinc_p80p100_999_j_TT
Pre-tax national income 
P80-100 | share | all ages | equal split
",p80p100,2004,0.7035,0.0,TTO,Latin America & Caribbean
Trinidad and Tobago,"sptinc_p80p100_999_j_TT
Pre-tax national income 
P80-100 | share | all ages | equal split
",p80p100,2005,0.7021000000000001,0.0,TTO,Latin America & Caribbean
Trinidad and Tobago,"sptinc_p80p100_999_j_TT
Pre-tax national income 
P80-100 | share | all ages | equal split
",p80p100,2006,0.6978000000000001,0.0,TTO,Latin America & Caribbean
Trinidad and Tobago,"sptinc_p80p100_999_j_TT
Pre-tax national income 
P80-100 | share | all ages | equal split
",p80p100,2007,0.7043,0.0,TTO,Latin America & Caribbean
Trinidad and Tobago,"sptinc_p80p100_999_j_TT
Pre-tax national income 
P80-100 | share | all ages | equal split
",p80p100,2008,0.6968000000000001,0.0,TTO,Latin America & Caribbean
Trinidad and Tobago,"sptinc_p80p100_999_j_TT
Pre-tax national income 
P80-100 | share | all ages | equal split
",p80p100,2009,0.6902,0.0,TTO,Latin America & Caribbean
Trinidad and Tobago,"sptinc_p80p100_999_j_TT
Pre-tax national income 
P80-100 | share | all ages | equal split
",p80p100,2010,0.6897,0.0,TTO,Latin America & Caribbean
Trinidad and Tobago,"sptinc_p80p100_999_j_TT
Pre-tax national income 
P80-100 | share | all ages | equal split
",p80p100,2011,0.6831,0.0,TTO,Latin America & Caribbean
Trinidad and Tobago,"sptinc_p80p100_999_j_TT
Pre-tax national income 
P80-100 | share | all ages | equal split
",p80p100,2012,0.677,0.0,TTO,Latin America & Caribbean
Trinidad and Tobago,"sptinc_p80p100_999_j_TT
Pre-tax national income 
P80-100 | share | all ages | equal split
",p80p100,2013,0.6814,0.0,TTO,Latin America & Caribbean
Trinidad and Tobago,"sptinc_p80p100_999_j_TT
Pre-tax national income 
P80-100 | share | all ages | equal split
",p80p100,2014,0.6761,0.0,TTO,Latin America & Caribbean
Trinidad and Tobago,"sptinc_p80p100_999_j_TT
Pre-tax national income 
P80-100 | share | all ages | equal split
",p80p100,2015,0.6736000000000001,0.0,TTO,Latin America & Caribbean
Trinidad and Tobago,"sptinc_p80p100_999_j_TT
Pre-tax national income 
P80-100 | share | all ages | equal split
",p80p100,2016,0.6738000000000001,0.0,TTO,Latin America & Caribbean
Trinidad and Tobago,"sptinc_p80p100_999_j_TT
Pre-tax national income 
P80-100 | share | all ages | equal split
",p80p100,2017,0.6751,0.0,TTO,Latin America & Caribbean
Trinidad and Tobago,"sptinc_p80p100_999_j_TT
Pre-tax national income 
P80-100 | share | all ages | equal split
",p80p100,2018,0.6765,0.0,TTO,Latin America & Caribbean
Trinidad and Tobago,"sptinc_p80p100_999_j_TT
Pre-tax national income 
P80-100 | share | all ages | equal split
",p80p100,2019,0.6728000000000001,0.0,TTO,Latin America & Caribbean
Trinidad and Tobago,"sptinc_p80p100_999_j_TT
Pre-tax national income 
P80-100 | share | all ages | equal split
",p80p100,2020,0.6896,0.0,TTO,Latin America & Caribbean
Trinidad and Tobago,"sptinc_p80p100_999_j_TT
Pre-tax national income 
P80-100 | share | all ages | equal split
",p80p100,2021,0.6794,0.0,TTO,Latin America & Caribbean
Trinidad and Tobago,"sptinc_p80p100_999_j_TT
Pre-tax national income 
P80-100 | share | all ages | equal split
",p80p100,2022,0.6706000000000001,0.0,TTO,Latin America & Caribbean
Trinidad and Tobago,"sptinc_p80p100_999_j_TT
Pre-tax national income 
P80-100 | share | all ages | equal split
",p80p100,2023,0.6712,0.0,TTO,Latin America & Caribbean
Trinidad and Tobago,"sptinc_p80p100_999_j_TT
Pre-tax national income 
P80-100 | share | all ages | equal split
",p80p100,2024,0.6712,0.0,TTO,Latin America & Caribbean
Tunisia,"sptinc_p80p100_999_j_TN
Pre-tax national income 
P80-100 | share | all ages | equal split
",p80p100,1980,0.7056,1.0,TUN,MENA
Tunisia,"sptinc_p80p100_999_j_TN
Pre-tax national income 
P80-100 | share | all ages | equal split
",p80p100,1981,0.7056,1.0,TUN,MENA
Tunisia,"sptinc_p80p100_999_j_TN
Pre-tax national income 
P80-100 | share | all ages | equal split
",p80p100,1982,0.7056,1.0,TUN,MENA
Tunisia,"sptinc_p80p100_999_j_TN
Pre-tax national income 
P80-100 | share | all ages | equal split
",p80p100,1983,0.7056,1.0,TUN,MENA
Tunisia,"sptinc_p80p100_999_j_TN
Pre-tax national income 
P80-100 | share | all ages | equal split
",p80p100,1984,0.7056,1.0,TUN,MENA
Tunisia,"sptinc_p80p100_999_j_TN
Pre-tax national income 
P80-100 | share | all ages | equal split
",p80p100,1985,0.7056,1.0,TUN,MENA
Tunisia,"sptinc_p80p100_999_j_TN
Pre-tax national income 
P80-100 | share | all ages | equal split
",p80p100,1986,0.7056,1.0,TUN,MENA
Tunisia,"sptinc_p80p100_999_j_TN
Pre-tax national income 
P80-100 | share | all ages | equal split
",p80p100,1987,0.7056,1.0,TUN,MENA
Tunisia,"sptinc_p80p100_999_j_TN
Pre-tax national income 
P80-100 | share | all ages | equal split
",p80p100,1988,0.7056,1.0,TUN,MENA
Tunisia,"sptinc_p80p100_999_j_TN
Pre-tax national income 
P80-100 | share | all ages | equal split
",p80p100,1989,0.7056,1.0,TUN,MENA
Tunisia,"sptinc_p80p100_999_j_TN
Pre-tax national income 
P80-100 | share | all ages | equal split
",p80p100,1990,0.7056,1.0,TUN,MENA
Tunisia,"sptinc_p80p100_999_j_TN
Pre-tax national income 
P80-100 | share | all ages | equal split
",p80p100,1991,0.7056,1.0,TUN,MENA
Tunisia,"sptinc_p80p100_999_j_TN
Pre-tax national income 
P80-100 | share | all ages | equal split
",p80p100,1992,0.7056,1.0,TUN,MENA
Tunisia,"sptinc_p80p100_999_j_TN
Pre-tax national income 
P80-100 | share | all ages | equal split
",p80p100,1993,0.7056,1.0,TUN,MENA
Tunisia,"sptinc_p80p100_999_j_TN
Pre-tax national income 
P80-100 | share | all ages | equal split
",p80p100,1994,0.7056,1.0,TUN,MENA
Tunisia,"sptinc_p80p100_999_j_TN
Pre-tax national income 
P80-100 | share | all ages | equal split
",p80p100,1995,0.7056,1.0,TUN,MENA
Tunisia,"sptinc_p80p100_999_j_TN
Pre-tax national income 
P80-100 | share | all ages | equal split
",p80p100,1996,0.7056,1.0,TUN,MENA
Tunisia,"sptinc_p80p100_999_j_TN
Pre-tax national income 
P80-100 | share | all ages | equal split
",p80p100,1997,0.7056,1.0,TUN,MENA
Tunisia,"sptinc_p80p100_999_j_TN
Pre-tax national income 
P80-100 | share | all ages | equal split
",p80p100,1998,0.7056,1.0,TUN,MENA
Tunisia,"sptinc_p80p100_999_j_TN
Pre-tax national income 
P80-100 | share | all ages | equal split
",p80p100,1999,0.7056,1.0,TUN,MENA
Tunisia,"sptinc_p80p100_999_j_TN
Pre-tax national income 
P80-100 | share | all ages | equal split
",p80p100,2000,0.7056,1.0,TUN,MENA
Tunisia,"sptinc_p80p100_999_j_TN
Pre-tax national income 
P80-100 | share | all ages | equal split
",p80p100,2001,0.7056,1.0,TUN,MENA
Tunisia,"sptinc_p80p100_999_j_TN
Pre-tax national income 
P80-100 | share | all ages | equal split
",p80p100,2002,0.7056,1.0,TUN,MENA
Tunisia,"sptinc_p80p100_999_j_TN
Pre-tax national income 
P80-100 | share | all ages | equal split
",p80p100,2003,0.7056,1.0,TUN,MENA
Tunisia,"sptinc_p80p100_999_j_TN
Pre-tax national income 
P80-100 | share | all ages | equal split
",p80p100,2004,0.7056,1.0,TUN,MENA
Tunisia,"sptinc_p80p100_999_j_TN
Pre-tax national income 
P80-100 | share | all ages | equal split
",p80p100,2005,0.7056,3.0,TUN,MENA
Tunisia,"sptinc_p80p100_999_j_TN
Pre-tax national income 
P80-100 | share | all ages | equal split
",p80p100,2006,0.6998000000000001,2.0,TUN,MENA
Tunisia,"sptinc_p80p100_999_j_TN
Pre-tax national income 
P80-100 | share | all ages | equal split
",p80p100,2007,0.6944,2.0,TUN,MENA
Tunisia,"sptinc_p80p100_999_j_TN
Pre-tax national income 
P80-100 | share | all ages | equal split
",p80p100,2008,0.6892,2.0,TUN,MENA
Tunisia,"sptinc_p80p100_999_j_TN
Pre-tax national income 
P80-100 | share | all ages | equal split
",p80p100,2009,0.6844,2.0,TUN,MENA
Tunisia,"sptinc_p80p100_999_j_TN
Pre-tax national income 
P80-100 | share | all ages | equal split
",p80p100,2010,0.6797000000000001,3.0,TUN,MENA
Tunisia,"sptinc_p80p100_999_j_TN
Pre-tax national income 
P80-100 | share | all ages | equal split
",p80p100,2011,0.6744,3.0,TUN,MENA
Tunisia,"sptinc_p80p100_999_j_TN
Pre-tax national income 
P80-100 | share | all ages | equal split
",p80p100,2012,0.6685,2.0,TUN,MENA
Tunisia,"sptinc_p80p100_999_j_TN
Pre-tax national income 
P80-100 | share | all ages | equal split
",p80p100,2013,0.6629,3.0,TUN,MENA
Tunisia,"sptinc_p80p100_999_j_TN
Pre-tax national income 
P80-100 | share | all ages | equal split
",p80p100,2014,0.6629,2.0,TUN,MENA
Tunisia,"sptinc_p80p100_999_j_TN
Pre-tax national income 
P80-100 | share | all ages | equal split
",p80p100,2015,0.6629,2.0,TUN,MENA
Tunisia,"sptinc_p80p100_999_j_TN
Pre-tax national income 
P80-100 | share | all ages | equal split
",p80p100,2016,0.6629,2.0,TUN,MENA
Tunisia,"sptinc_p80p100_999_j_TN
Pre-tax national income 
P80-100 | share | all ages | equal split
",p80p100,2017,0.6629,2.0,TUN,MENA
Tunisia,"sptinc_p80p100_999_j_TN
Pre-tax national income 
P80-100 | share | all ages | equal split
",p80p100,2018,0.6629,2.0,TUN,MENA
Tunisia,"sptinc_p80p100_999_j_TN
Pre-tax national income 
P80-100 | share | all ages | equal split
",p80p100,2019,0.6629,2.0,TUN,MENA
Tunisia,"sptinc_p80p100_999_j_TN
Pre-tax national income 
P80-100 | share | all ages | equal split
",p80p100,2020,0.6629,2.0,TUN,MENA
Tunisia,"sptinc_p80p100_999_j_TN
Pre-tax national income 
P80-100 | share | all ages | equal split
",p80p100,2021,0.6629,3.0,TUN,MENA
Tunisia,"sptinc_p80p100_999_j_TN
Pre-tax national income 
P80-100 | share | all ages | equal split
",p80p100,2022,0.6629,1.0,TUN,MENA
Tunisia,"sptinc_p80p100_999_j_TN
Pre-tax national income 
P80-100 | share | all ages | equal split
",p80p100,2023,0.6629,1.0,TUN,MENA
Tunisia,"sptinc_p80p100_999_j_TN
Pre-tax national income 
P80-100 | share | all ages | equal split
",p80p100,2024,0.6629,1.0,TUN,MENA
Turkey,"sptinc_p80p100_999_j_TR
Pre-tax national income 
P80-100 | share | all ages | equal split
",p80p100,1960,0.7136,0.0,TUR,MENA
Turkey,"sptinc_p80p100_999_j_TR
Pre-tax national income 
P80-100 | share | all ages | equal split
",p80p100,1970,0.7136,0.0,TUR,MENA
Turkey,"sptinc_p80p100_999_j_TR
Pre-tax national income 
P80-100 | share | all ages | equal split
",p80p100,1980,0.7223,1.0,TUR,MENA
Turkey,"sptinc_p80p100_999_j_TR
Pre-tax national income 
P80-100 | share | all ages | equal split
",p80p100,1981,0.7223,1.0,TUR,MENA
Turkey,"sptinc_p80p100_999_j_TR
Pre-tax national income 
P80-100 | share | all ages | equal split
",p80p100,1982,0.7223,1.0,TUR,MENA
Turkey,"sptinc_p80p100_999_j_TR
Pre-tax national income 
P80-100 | share | all ages | equal split
",p80p100,1983,0.7223,1.0,TUR,MENA
Turkey,"sptinc_p80p100_999_j_TR
Pre-tax national income 
P80-100 | share | all ages | equal split
",p80p100,1984,0.7223,1.0,TUR,MENA
Turkey,"sptinc_p80p100_999_j_TR
Pre-tax national income 
P80-100 | share | all ages | equal split
",p80p100,1985,0.7223,1.0,TUR,MENA
Turkey,"sptinc_p80p100_999_j_TR
Pre-tax national income 
P80-100 | share | all ages | equal split
",p80p100,1986,0.7223,1.0,TUR,MENA
Turkey,"sptinc_p80p100_999_j_TR
Pre-tax national income 
P80-100 | share | all ages | equal split
",p80p100,1987,0.7223,3.0,TUR,MENA
Turkey,"sptinc_p80p100_999_j_TR
Pre-tax national income 
P80-100 | share | all ages | equal split
",p80p100,1988,0.7168,2.0,TUR,MENA
Turkey,"sptinc_p80p100_999_j_TR
Pre-tax national income 
P80-100 | share | all ages | equal split
",p80p100,1989,0.7113,2.0,TUR,MENA
Turkey,"sptinc_p80p100_999_j_TR
Pre-tax national income 
P80-100 | share | all ages | equal split
",p80p100,1990,0.7058,2.0,TUR,MENA
Turkey,"sptinc_p80p100_999_j_TR
Pre-tax national income 
P80-100 | share | all ages | equal split
",p80p100,1991,0.7003,2.0,TUR,MENA
Turkey,"sptinc_p80p100_999_j_TR
Pre-tax national income 
P80-100 | share | all ages | equal split
",p80p100,1992,0.6948000000000001,2.0,TUR,MENA
Turkey,"sptinc_p80p100_999_j_TR
Pre-tax national income 
P80-100 | share | all ages | equal split
",p80p100,1993,0.6894,2.0,TUR,MENA
Turkey,"sptinc_p80p100_999_j_TR
Pre-tax national income 
P80-100 | share | all ages | equal split
",p80p100,1994,0.684,3.0,TUR,MENA
Turkey,"sptinc_p80p100_999_j_TR
Pre-tax national income 
P80-100 | share | all ages | equal split
",p80p100,1995,0.6842,2.0,TUR,MENA
Turkey,"sptinc_p80p100_999_j_TR
Pre-tax national income 
P80-100 | share | all ages | equal split
",p80p100,1996,0.6844,2.0,TUR,MENA
Turkey,"sptinc_p80p100_999_j_TR
Pre-tax national income 
P80-100 | share | all ages | equal split
",p80p100,1997,0.6847000000000001,2.0,TUR,MENA
Turkey,"sptinc_p80p100_999_j_TR
Pre-tax national income 
P80-100 | share | all ages | equal split
",p80p100,1998,0.6849000000000001,2.0,TUR,MENA
Turkey,"sptinc_p80p100_999_j_TR
Pre-tax national income 
P80-100 | share | all ages | equal split
",p80p100,1999,0.6851,2.0,TUR,MENA
Turkey,"sptinc_p80p100_999_j_TR
Pre-tax national income 
P80-100 | share | all ages | equal split
",p80p100,2000,0.6853,2.0,TUR,MENA
Turkey,"sptinc_p80p100_999_j_TR
Pre-tax national income 
P80-100 | share | all ages | equal split
",p80p100,2001,0.6855,2.0,TUR,MENA
Turkey,"sptinc_p80p100_999_j_TR
Pre-tax national income 
P80-100 | share | all ages | equal split
",p80p100,2002,0.6858000000000001,2.0,TUR,MENA
Turkey,"sptinc_p80p100_999_j_TR
Pre-tax national income 
P80-100 | share | all ages | equal split
",p80p100,2003,0.6787000000000001,2.0,TUR,MENA
Turkey,"sptinc_p80p100_999_j_TR
Pre-tax national income 
P80-100 | share | all ages | equal split
",p80p100,2004,0.6648000000000001,2.0,TUR,MENA
Turkey,"sptinc_p80p100_999_j_TR
Pre-tax national income 
P80-100 | share | all ages | equal split
",p80p100,2005,0.6435000000000001,2.0,TUR,MENA
Turkey,"sptinc_p80p100_999_j_TR
Pre-tax national income 
P80-100 | share | all ages | equal split
",p80p100,2006,0.6343,3.0,TUR,MENA
Turkey,"sptinc_p80p100_999_j_TR
Pre-tax national income 
P80-100 | share | all ages | equal split
",p80p100,2007,0.627,3.0,TUR,MENA
Turkey,"sptinc_p80p100_999_j_TR
Pre-tax national income 
P80-100 | share | all ages | equal split
",p80p100,2008,0.636,3.0,TUR,MENA
Turkey,"sptinc_p80p100_999_j_TR
Pre-tax national income 
P80-100 | share | all ages | equal split
",p80p100,2009,0.6508,3.0,TUR,MENA
Turkey,"sptinc_p80p100_999_j_TR
Pre-tax national income 
P80-100 | share | all ages | equal split
",p80p100,2010,0.6439,3.0,TUR,MENA
Turkey,"sptinc_p80p100_999_j_TR
Pre-tax national income 
P80-100 | share | all ages | equal split
",p80p100,2011,0.6466000000000001,3.0,TUR,MENA
Turkey,"sptinc_p80p100_999_j_TR
Pre-tax national income 
P80-100 | share | all ages | equal split
",p80p100,2012,0.6469,3.0,TUR,MENA
Turkey,"sptinc_p80p100_999_j_TR
Pre-tax national income 
P80-100 | share | all ages | equal split
",p80p100,2013,0.6384000000000001,3.0,TUR,MENA
Turkey,"sptinc_p80p100_999_j_TR
Pre-tax national income 
P80-100 | share | all ages | equal split
",p80p100,2014,0.6442,3.0,TUR,MENA
Turkey,"sptinc_p80p100_999_j_TR
Pre-tax national income 
P80-100 | share | all ages | equal split
",p80p100,2015,0.6497,3.0,TUR,MENA
Turkey,"sptinc_p80p100_999_j_TR
Pre-tax national income 
P80-100 | share | all ages | equal split
",p80p100,2016,0.6568,3.0,TUR,MENA
Turkey,"sptinc_p80p100_999_j_TR
Pre-tax national income 
P80-100 | share | all ages | equal split
",p80p100,2017,0.6857000000000001,3.0,TUR,MENA
Turkey,"sptinc_p80p100_999_j_TR
Pre-tax national income 
P80-100 | share | all ages | equal split
",p80p100,2018,0.6916,3.0,TUR,MENA
Turkey,"sptinc_p80p100_999_j_TR
Pre-tax national income 
P80-100 | share | all ages | equal split
",p80p100,2019,0.6829000000000001,3.0,TUR,MENA
Turkey,"sptinc_p80p100_999_j_TR
Pre-tax national income 
P80-100 | share | all ages | equal split
",p80p100,2020,0.6609,3.0,TUR,MENA
Turkey,"sptinc_p80p100_999_j_TR
Pre-tax national income 
P80-100 | share | all ages | equal split
",p80p100,2021,0.651,3.0,TUR,MENA
Turkey,"sptinc_p80p100_999_j_TR
Pre-tax national income 
P80-100 | share | all ages | equal split
",p80p100,2022,0.6695,3.0,TUR,MENA
Turkey,"sptinc_p80p100_999_j_TR
Pre-tax national income 
P80-100 | share | all ages | equal split
",p80p100,2023,0.6881,3.0,TUR,MENA
Turkey,"sptinc_p80p100_999_j_TR
Pre-tax national income 
P80-100 | share | all ages | equal split
",p80p100,2024,0.6698000000000001,3.0,TUR,MENA
USA,"sptinc_p80p100_999_j_US
Pre-tax national income 
P80-100 | share | all ages | equal split
",p80p100,1960,0.4959,4.0,USA,North America
USA,"sptinc_p80p100_999_j_US
Pre-tax national income 
P80-100 | share | all ages | equal split
",p80p100,1961,0.5082,4.0,USA,North America
USA,"sptinc_p80p100_999_j_US
Pre-tax national income 
P80-100 | share | all ages | equal split
",p80p100,1962,0.5087,5.0,USA,North America
USA,"sptinc_p80p100_999_j_US
Pre-tax national income 
P80-100 | share | all ages | equal split
",p80p100,1963,0.5132,5.0,USA,North America
USA,"sptinc_p80p100_999_j_US
Pre-tax national income 
P80-100 | share | all ages | equal split
",p80p100,1964,0.5174,5.0,USA,North America
USA,"sptinc_p80p100_999_j_US
Pre-tax national income 
P80-100 | share | all ages | equal split
",p80p100,1965,0.5131,5.0,USA,North America
USA,"sptinc_p80p100_999_j_US
Pre-tax national income 
P80-100 | share | all ages | equal split
",p80p100,1966,0.5091,5.0,USA,North America
USA,"sptinc_p80p100_999_j_US
Pre-tax national income 
P80-100 | share | all ages | equal split
",p80p100,1967,0.497,5.0,USA,North America
USA,"sptinc_p80p100_999_j_US
Pre-tax national income 
P80-100 | share | all ages | equal split
",p80p100,1968,0.4995,5.0,USA,North America
USA,"sptinc_p80p100_999_j_US
Pre-tax national income 
P80-100 | share | all ages | equal split
",p80p100,1969,0.4876,5.0,USA,North America
USA,"sptinc_p80p100_999_j_US
Pre-tax national income 
P80-100 | share | all ages | equal split
",p80p100,1970,0.4849,5.0,USA,North America
USA,"sptinc_p80p100_999_j_US
Pre-tax national income 
P80-100 | share | all ages | equal split
",p80p100,1971,0.4915,5.0,USA,North America
USA,"sptinc_p80p100_999_j_US
Pre-tax national income 
P80-100 | share | all ages | equal split
",p80p100,1972,0.4954,5.0,USA,North America
USA,"sptinc_p80p100_999_j_US
Pre-tax national income 
P80-100 | share | all ages | equal split
",p80p100,1973,0.4955,5.0,USA,North America
USA,"sptinc_p80p100_999_j_US
Pre-tax national income 
P80-100 | share | all ages | equal split
",p80p100,1974,0.4869,5.0,USA,North America
USA,"sptinc_p80p100_999_j_US
Pre-tax national income 
P80-100 | share | all ages | equal split
",p80p100,1975,0.4925,5.0,USA,North America
USA,"sptinc_p80p100_999_j_US
Pre-tax national income 
P80-100 | share | all ages | equal split
",p80p100,1976,0.4916,5.0,USA,North America
USA,"sptinc_p80p100_999_j_US
Pre-tax national income 
P80-100 | share | all ages | equal split
",p80p100,1977,0.4952,5.0,USA,North America
USA,"sptinc_p80p100_999_j_US
Pre-tax national income 
P80-100 | share | all ages | equal split
",p80p100,1978,0.4939,5.0,USA,North America
USA,"sptinc_p80p100_999_j_US
Pre-tax national income 
P80-100 | share | all ages | equal split
",p80p100,1979,0.4947,5.0,USA,North America
USA,"sptinc_p80p100_999_j_US
Pre-tax national income 
P80-100 | share | all ages | equal split
",p80p100,1980,0.4929,5.0,USA,North America
USA,"sptinc_p80p100_999_j_US
Pre-tax national income 
P80-100 | share | all ages | equal split
",p80p100,1981,0.498,5.0,USA,North America
USA,"sptinc_p80p100_999_j_US
Pre-tax national income 
P80-100 | share | all ages | equal split
",p80p100,1982,0.5024000000000001,5.0,USA,North America
USA,"sptinc_p80p100_999_j_US
Pre-tax national income 
P80-100 | share | all ages | equal split
",p80p100,1983,0.5117,5.0,USA,North America
USA,"sptinc_p80p100_999_j_US
Pre-tax national income 
P80-100 | share | all ages | equal split
",p80p100,1984,0.5209,5.0,USA,North America
USA,"sptinc_p80p100_999_j_US
Pre-tax national income 
P80-100 | share | all ages | equal split
",p80p100,1985,0.5218,5.0,USA,North America
USA,"sptinc_p80p100_999_j_US
Pre-tax national income 
P80-100 | share | all ages | equal split
",p80p100,1986,0.5214,5.0,USA,North America
USA,"sptinc_p80p100_999_j_US
Pre-tax national income 
P80-100 | share | all ages | equal split
",p80p100,1987,0.5299,5.0,USA,North America
USA,"sptinc_p80p100_999_j_US
Pre-tax national income 
P80-100 | share | all ages | equal split
",p80p100,1988,0.5434,5.0,USA,North America
USA,"sptinc_p80p100_999_j_US
Pre-tax national income 
P80-100 | share | all ages | equal split
",p80p100,1989,0.5402,5.0,USA,North America
USA,"sptinc_p80p100_999_j_US
Pre-tax national income 
P80-100 | share | all ages | equal split
",p80p100,1990,0.5405,5.0,USA,North America
USA,"sptinc_p80p100_999_j_US
Pre-tax national income 
P80-100 | share | all ages | equal split
",p80p100,1991,0.5388000000000001,5.0,USA,North America
USA,"sptinc_p80p100_999_j_US
Pre-tax national income 
P80-100 | share | all ages | equal split
",p80p100,1992,0.5487000000000001,5.0,USA,North America
USA,"sptinc_p80p100_999_j_US
Pre-tax national income 
P80-100 | share | all ages | equal split
",p80p100,1993,0.5467000000000001,5.0,USA,North America
USA,"sptinc_p80p100_999_j_US
Pre-tax national income 
P80-100 | share | all ages | equal split
",p80p100,1994,0.547,5.0,USA,North America
USA,"sptinc_p80p100_999_j_US
Pre-tax national income 
P80-100 | share | all ages | equal split
",p80p100,1995,0.5548000000000001,5.0,USA,North America
USA,"sptinc_p80p100_999_j_US
Pre-tax national income 
P80-100 | share | all ages | equal split
",p80p100,1996,0.5623,5.0,USA,North America
USA,"sptinc_p80p100_999_j_US
Pre-tax national income 
P80-100 | share | all ages | equal split
",p80p100,1997,0.5685,5.0,USA,North America
USA,"sptinc_p80p100_999_j_US
Pre-tax national income 
P80-100 | share | all ages | equal split
",p80p100,1998,0.5706,5.0,USA,North America
USA,"sptinc_p80p100_999_j_US
Pre-tax national income 
P80-100 | share | all ages | equal split
",p80p100,1999,0.5738,5.0,USA,North America
USA,"sptinc_p80p100_999_j_US
Pre-tax national income 
P80-100 | share | all ages | equal split
",p80p100,2000,0.5773,5.0,USA,North America
USA,"sptinc_p80p100_999_j_US
Pre-tax national income 
P80-100 | share | all ages | equal split
",p80p100,2001,0.5711,5.0,USA,North America
USA,"sptinc_p80p100_999_j_US
Pre-tax national income 
P80-100 | share | all ages | equal split
",p80p100,2002,0.5674,5.0,USA,North America
USA,"sptinc_p80p100_999_j_US
Pre-tax national income 
P80-100 | share | all ages | equal split
",p80p100,2003,0.5698,5.0,USA,North America
USA,"sptinc_p80p100_999_j_US
Pre-tax national income 
P80-100 | share | all ages | equal split
",p80p100,2004,0.5764,5.0,USA,North America
USA,"sptinc_p80p100_999_j_US
Pre-tax national income 
P80-100 | share | all ages | equal split
",p80p100,2005,0.5871000000000001,5.0,USA,North America
USA,"sptinc_p80p100_999_j_US
Pre-tax national income 
P80-100 | share | all ages | equal split
",p80p100,2006,0.5932000000000001,5.0,USA,North America
USA,"sptinc_p80p100_999_j_US
Pre-tax national income 
P80-100 | share | all ages | equal split
",p80p100,2007,0.5906,5.0,USA,North America
USA,"sptinc_p80p100_999_j_US
Pre-tax national income 
P80-100 | share | all ages | equal split
",p80p100,2008,0.5878,5.0,USA,North America
USA,"sptinc_p80p100_999_j_US
Pre-tax national income 
P80-100 | share | all ages | equal split
",p80p100,2009,0.5810000000000001,5.0,USA,North America
USA,"sptinc_p80p100_999_j_US
Pre-tax national income 
P80-100 | share | all ages | equal split
",p80p100,2010,0.5920000000000001,5.0,USA,North America
USA,"sptinc_p80p100_999_j_US
Pre-tax national income 
P80-100 | share | all ages | equal split
",p80p100,2011,0.5966,5.0,USA,North America
USA,"sptinc_p80p100_999_j_US
Pre-tax national income 
P80-100 | share | all ages | equal split
",p80p100,2012,0.6069,5.0,USA,North America
USA,"sptinc_p80p100_999_j_US
Pre-tax national income 
P80-100 | share | all ages | equal split
",p80p100,2013,0.6028,5.0,USA,North America
USA,"sptinc_p80p100_999_j_US
Pre-tax national income 
P80-100 | share | all ages | equal split
",p80p100,2014,0.6091,5.0,USA,North America
USA,"sptinc_p80p100_999_j_US
Pre-tax national income 
P80-100 | share | all ages | equal split
",p80p100,2015,0.6082000000000001,5.0,USA,North America
USA,"sptinc_p80p100_999_j_US
Pre-tax national income 
P80-100 | share | all ages | equal split
",p80p100,2016,0.6082000000000001,5.0,USA,North America
USA,"sptinc_p80p100_999_j_US
Pre-tax national income 
P80-100 | share | all ages | equal split
",p80p100,2017,0.6057,5.0,USA,North America
USA,"sptinc_p80p100_999_j_US
Pre-tax national income 
P80-100 | share | all ages | equal split
",p80p100,2018,0.6088,5.0,USA,North America
USA,"sptinc_p80p100_999_j_US
Pre-tax national income 
P80-100 | share | all ages | equal split
",p80p100,2019,0.6072000000000001,5.0,USA,North America
USA,"sptinc_p80p100_999_j_US
Pre-tax national income 
P80-100 | share | all ages | equal split
",p80p100,2020,0.6005,5.0,USA,North America
USA,"sptinc_p80p100_999_j_US
Pre-tax national income 
P80-100 | share | all ages | equal split
",p80p100,2021,0.6109,5.0,USA,North America
USA,"sptinc_p80p100_999_j_US
Pre-tax national income 
P80-100 | share | all ages | equal split
",p80p100,2022,0.6165,5.0,USA,North America
USA,"sptinc_p80p100_999_j_US
Pre-tax national income 
P80-100 | share | all ages | equal split
",p80p100,2023,0.6152000000000001,5.0,USA,North America
USA,"sptinc_p80p100_999_j_US
Pre-tax national income 
P80-100 | share | all ages | equal split
",p80p100,2024,0.6152000000000001,5.0,USA,North America
Uganda,"sptinc_p80p100_999_j_UG
Pre-tax national income 
P80-100 | share | all ages | equal split
",p80p100,1960,0.7368,3.0,UGA,Sub-Saharan Africa
Uganda,"sptinc_p80p100_999_j_UG
Pre-tax national income 
P80-100 | share | all ages | equal split
",p80p100,1961,0.733,3.0,UGA,Sub-Saharan Africa
Uganda,"sptinc_p80p100_999_j_UG
Pre-tax national income 
P80-100 | share | all ages | equal split
",p80p100,1962,0.7282000000000001,3.0,UGA,Sub-Saharan Africa
Uganda,"sptinc_p80p100_999_j_UG
Pre-tax national income 
P80-100 | share | all ages | equal split
",p80p100,1963,0.7236,3.0,UGA,Sub-Saharan Africa
Uganda,"sptinc_p80p100_999_j_UG
Pre-tax national income 
P80-100 | share | all ages | equal split
",p80p100,1964,0.7189,3.0,UGA,Sub-Saharan Africa
Uganda,"sptinc_p80p100_999_j_UG
Pre-tax national income 
P80-100 | share | all ages | equal split
",p80p100,1965,0.7149,3.0,UGA,Sub-Saharan Africa
Uganda,"sptinc_p80p100_999_j_UG
Pre-tax national income 
P80-100 | share | all ages | equal split
",p80p100,1966,0.7097,3.0,UGA,Sub-Saharan Africa
Uganda,"sptinc_p80p100_999_j_UG
Pre-tax national income 
P80-100 | share | all ages | equal split
",p80p100,1967,0.7057,3.0,UGA,Sub-Saharan Africa
Uganda,"sptinc_p80p100_999_j_UG
Pre-tax national income 
P80-100 | share | all ages | equal split
",p80p100,1968,0.7017,3.0,UGA,Sub-Saharan Africa
Uganda,"sptinc_p80p100_999_j_UG
Pre-tax national income 
P80-100 | share | all ages | equal split
",p80p100,1969,0.6965,3.0,UGA,Sub-Saharan Africa
Uganda,"sptinc_p80p100_999_j_UG
Pre-tax national income 
P80-100 | share | all ages | equal split
",p80p100,1970,0.6923,3.0,UGA,Sub-Saharan Africa
Uganda,"sptinc_p80p100_999_j_UG
Pre-tax national income 
P80-100 | share | all ages | equal split
",p80p100,1980,0.6556000000000001,1.0,UGA,Sub-Saharan Africa
Uganda,"sptinc_p80p100_999_j_UG
Pre-tax national income 
P80-100 | share | all ages | equal split
",p80p100,1981,0.6556000000000001,1.0,UGA,Sub-Saharan Africa
Uganda,"sptinc_p80p100_999_j_UG
Pre-tax national income 
P80-100 | share | all ages | equal split
",p80p100,1982,0.6556000000000001,1.0,UGA,Sub-Saharan Africa
Uganda,"sptinc_p80p100_999_j_UG
Pre-tax national income 
P80-100 | share | all ages | equal split
",p80p100,1983,0.6556000000000001,1.0,UGA,Sub-Saharan Africa
Uganda,"sptinc_p80p100_999_j_UG
Pre-tax national income 
P80-100 | share | all ages | equal split
",p80p100,1984,0.6556000000000001,1.0,UGA,Sub-Saharan Africa
Uganda,"sptinc_p80p100_999_j_UG
Pre-tax national income 
P80-100 | share | all ages | equal split
",p80p100,1985,0.6556000000000001,1.0,UGA,Sub-Saharan Africa
Uganda,"sptinc_p80p100_999_j_UG
Pre-tax national income 
P80-100 | share | all ages | equal split
",p80p100,1986,0.6556000000000001,1.0,UGA,Sub-Saharan Africa
Uganda,"sptinc_p80p100_999_j_UG
Pre-tax national income 
P80-100 | share | all ages | equal split
",p80p100,1987,0.6556000000000001,1.0,UGA,Sub-Saharan Africa
Uganda,"sptinc_p80p100_999_j_UG
Pre-tax national income 
P80-100 | share | all ages | equal split
",p80p100,1988,0.6556000000000001,1.0,UGA,Sub-Saharan Africa
Uganda,"sptinc_p80p100_999_j_UG
Pre-tax national income 
P80-100 | share | all ages | equal split
",p80p100,1989,0.6556000000000001,3.0,UGA,Sub-Saharan Africa
Uganda,"sptinc_p80p100_999_j_UG
Pre-tax national income 
P80-100 | share | all ages | equal split
",p80p100,1990,0.6548,2.0,UGA,Sub-Saharan Africa
Uganda,"sptinc_p80p100_999_j_UG
Pre-tax national income 
P80-100 | share | all ages | equal split
",p80p100,1991,0.6541,2.0,UGA,Sub-Saharan Africa
Uganda,"sptinc_p80p100_999_j_UG
Pre-tax national income 
P80-100 | share | all ages | equal split
",p80p100,1992,0.6533,3.0,UGA,Sub-Saharan Africa
Uganda,"sptinc_p80p100_999_j_UG
Pre-tax national income 
P80-100 | share | all ages | equal split
",p80p100,1993,0.6478,2.0,UGA,Sub-Saharan Africa
Uganda,"sptinc_p80p100_999_j_UG
Pre-tax national income 
P80-100 | share | all ages | equal split
",p80p100,1994,0.6423,2.0,UGA,Sub-Saharan Africa
Uganda,"sptinc_p80p100_999_j_UG
Pre-tax national income 
P80-100 | share | all ages | equal split
",p80p100,1995,0.6367,2.0,UGA,Sub-Saharan Africa
Uganda,"sptinc_p80p100_999_j_UG
Pre-tax national income 
P80-100 | share | all ages | equal split
",p80p100,1996,0.6312,3.0,UGA,Sub-Saharan Africa
Uganda,"sptinc_p80p100_999_j_UG
Pre-tax national income 
P80-100 | share | all ages | equal split
",p80p100,1997,0.6427,2.0,UGA,Sub-Saharan Africa
Uganda,"sptinc_p80p100_999_j_UG
Pre-tax national income 
P80-100 | share | all ages | equal split
",p80p100,1998,0.6542,2.0,UGA,Sub-Saharan Africa
Uganda,"sptinc_p80p100_999_j_UG
Pre-tax national income 
P80-100 | share | all ages | equal split
",p80p100,1999,0.6657000000000001,3.0,UGA,Sub-Saharan Africa
Uganda,"sptinc_p80p100_999_j_UG
Pre-tax national income 
P80-100 | share | all ages | equal split
",p80p100,2000,0.6745,3.0,UGA,Sub-Saharan Africa
Uganda,"sptinc_p80p100_999_j_UG
Pre-tax national income 
P80-100 | share | all ages | equal split
",p80p100,2001,0.6833,2.0,UGA,Sub-Saharan Africa
Uganda,"sptinc_p80p100_999_j_UG
Pre-tax national income 
P80-100 | share | all ages | equal split
",p80p100,2002,0.6922,3.0,UGA,Sub-Saharan Africa
Uganda,"sptinc_p80p100_999_j_UG
Pre-tax national income 
P80-100 | share | all ages | equal split
",p80p100,2003,0.6829000000000001,2.0,UGA,Sub-Saharan Africa
Uganda,"sptinc_p80p100_999_j_UG
Pre-tax national income 
P80-100 | share | all ages | equal split
",p80p100,2004,0.6736000000000001,2.0,UGA,Sub-Saharan Africa
Uganda,"sptinc_p80p100_999_j_UG
Pre-tax national income 
P80-100 | share | all ages | equal split
",p80p100,2005,0.6643,3.0,UGA,Sub-Saharan Africa
Uganda,"sptinc_p80p100_999_j_UG
Pre-tax national income 
P80-100 | share | all ages | equal split
",p80p100,2006,0.6681,2.0,UGA,Sub-Saharan Africa
Uganda,"sptinc_p80p100_999_j_UG
Pre-tax national income 
P80-100 | share | all ages | equal split
",p80p100,2007,0.672,3.0,UGA,Sub-Saharan Africa
Uganda,"sptinc_p80p100_999_j_UG
Pre-tax national income 
P80-100 | share | all ages | equal split
",p80p100,2008,0.6758000000000001,2.0,UGA,Sub-Saharan Africa
Uganda,"sptinc_p80p100_999_j_UG
Pre-tax national income 
P80-100 | share | all ages | equal split
",p80p100,2009,0.6796,3.0,UGA,Sub-Saharan Africa
Uganda,"sptinc_p80p100_999_j_UG
Pre-tax national income 
P80-100 | share | all ages | equal split
",p80p100,2010,0.6688000000000001,2.0,UGA,Sub-Saharan Africa
Uganda,"sptinc_p80p100_999_j_UG
Pre-tax national income 
P80-100 | share | all ages | equal split
",p80p100,2011,0.6581,3.0,UGA,Sub-Saharan Africa
Uganda,"sptinc_p80p100_999_j_UG
Pre-tax national income 
P80-100 | share | all ages | equal split
",p80p100,2012,0.6473,3.0,UGA,Sub-Saharan Africa
Uganda,"sptinc_p80p100_999_j_UG
Pre-tax national income 
P80-100 | share | all ages | equal split
",p80p100,2013,0.6512,2.0,UGA,Sub-Saharan Africa
Uganda,"sptinc_p80p100_999_j_UG
Pre-tax national income 
P80-100 | share | all ages | equal split
",p80p100,2014,0.6552,2.0,UGA,Sub-Saharan Africa
Uganda,"sptinc_p80p100_999_j_UG
Pre-tax national income 
P80-100 | share | all ages | equal split
",p80p100,2015,0.6591,2.0,UGA,Sub-Saharan Africa
Uganda,"sptinc_p80p100_999_j_UG
Pre-tax national income 
P80-100 | share | all ages | equal split
",p80p100,2016,0.6631,3.0,UGA,Sub-Saharan Africa
Uganda,"sptinc_p80p100_999_j_UG
Pre-tax national income 
P80-100 | share | all ages | equal split
",p80p100,2017,0.664,2.0,UGA,Sub-Saharan Africa
Uganda,"sptinc_p80p100_999_j_UG
Pre-tax national income 
P80-100 | share | all ages | equal split
",p80p100,2018,0.6648000000000001,2.0,UGA,Sub-Saharan Africa
Uganda,"sptinc_p80p100_999_j_UG
Pre-tax national income 
P80-100 | share | all ages | equal split
",p80p100,2019,0.6657000000000001,3.0,UGA,Sub-Saharan Africa
Uganda,"sptinc_p80p100_999_j_UG
Pre-tax national income 
P80-100 | share | all ages | equal split
",p80p100,2020,0.6657000000000001,1.0,UGA,Sub-Saharan Africa
Uganda,"sptinc_p80p100_999_j_UG
Pre-tax national income 
P80-100 | share | all ages | equal split
",p80p100,2021,0.6657000000000001,1.0,UGA,Sub-Saharan Africa
Uganda,"sptinc_p80p100_999_j_UG
Pre-tax national income 
P80-100 | share | all ages | equal split
",p80p100,2022,0.6657000000000001,1.0,UGA,Sub-Saharan Africa
Uganda,"sptinc_p80p100_999_j_UG
Pre-tax national income 
P80-100 | share | all ages | equal split
",p80p100,2023,0.6657000000000001,1.0,UGA,Sub-Saharan Africa
Uganda,"sptinc_p80p100_999_j_UG
Pre-tax national income 
P80-100 | share | all ages | equal split
",p80p100,2024,0.6657000000000001,1.0,UGA,Sub-Saharan Africa
Ukraine,"sptinc_p80p100_999_j_UA
Pre-tax national income 
P80-100 | share | all ages | equal split
",p80p100,1980,0.3925,1.0,UKR,Eastern Europe & FSU
Ukraine,"sptinc_p80p100_999_j_UA
Pre-tax national income 
P80-100 | share | all ages | equal split
",p80p100,1981,0.3927,1.0,UKR,Eastern Europe & FSU
Ukraine,"sptinc_p80p100_999_j_UA
Pre-tax national income 
P80-100 | share | all ages | equal split
",p80p100,1982,0.3929,1.0,UKR,Eastern Europe & FSU
Ukraine,"sptinc_p80p100_999_j_UA
Pre-tax national income 
P80-100 | share | all ages | equal split
",p80p100,1983,0.3931,1.0,UKR,Eastern Europe & FSU
Ukraine,"sptinc_p80p100_999_j_UA
Pre-tax national income 
P80-100 | share | all ages | equal split
",p80p100,1984,0.3933,1.0,UKR,Eastern Europe & FSU
Ukraine,"sptinc_p80p100_999_j_UA
Pre-tax national income 
P80-100 | share | all ages | equal split
",p80p100,1985,0.3935,1.0,UKR,Eastern Europe & FSU
Ukraine,"sptinc_p80p100_999_j_UA
Pre-tax national income 
P80-100 | share | all ages | equal split
",p80p100,1986,0.3932,1.0,UKR,Eastern Europe & FSU
Ukraine,"sptinc_p80p100_999_j_UA
Pre-tax national income 
P80-100 | share | all ages | equal split
",p80p100,1987,0.3928,1.0,UKR,Eastern Europe & FSU
Ukraine,"sptinc_p80p100_999_j_UA
Pre-tax national income 
P80-100 | share | all ages | equal split
",p80p100,1988,0.3925,1.0,UKR,Eastern Europe & FSU
Ukraine,"sptinc_p80p100_999_j_UA
Pre-tax national income 
P80-100 | share | all ages | equal split
",p80p100,1989,0.3932,1.0,UKR,Eastern Europe & FSU
Ukraine,"sptinc_p80p100_999_j_UA
Pre-tax national income 
P80-100 | share | all ages | equal split
",p80p100,1990,0.3799,1.0,UKR,Eastern Europe & FSU
Ukraine,"sptinc_p80p100_999_j_UA
Pre-tax national income 
P80-100 | share | all ages | equal split
",p80p100,1991,0.4584,1.0,UKR,Eastern Europe & FSU
Ukraine,"sptinc_p80p100_999_j_UA
Pre-tax national income 
P80-100 | share | all ages | equal split
",p80p100,1992,0.5382,1.0,UKR,Eastern Europe & FSU
Ukraine,"sptinc_p80p100_999_j_UA
Pre-tax national income 
P80-100 | share | all ages | equal split
",p80p100,1993,0.5439,1.0,UKR,Eastern Europe & FSU
Ukraine,"sptinc_p80p100_999_j_UA
Pre-tax national income 
P80-100 | share | all ages | equal split
",p80p100,1994,0.5501,1.0,UKR,Eastern Europe & FSU
Ukraine,"sptinc_p80p100_999_j_UA
Pre-tax national income 
P80-100 | share | all ages | equal split
",p80p100,1995,0.5716,1.0,UKR,Eastern Europe & FSU
Ukraine,"sptinc_p80p100_999_j_UA
Pre-tax national income 
P80-100 | share | all ages | equal split
",p80p100,1996,0.5238,1.0,UKR,Eastern Europe & FSU
Ukraine,"sptinc_p80p100_999_j_UA
Pre-tax national income 
P80-100 | share | all ages | equal split
",p80p100,1997,0.5015000000000001,1.0,UKR,Eastern Europe & FSU
Ukraine,"sptinc_p80p100_999_j_UA
Pre-tax national income 
P80-100 | share | all ages | equal split
",p80p100,1998,0.47,1.0,UKR,Eastern Europe & FSU
Ukraine,"sptinc_p80p100_999_j_UA
Pre-tax national income 
P80-100 | share | all ages | equal split
",p80p100,1999,0.4563,1.0,UKR,Eastern Europe & FSU
Ukraine,"sptinc_p80p100_999_j_UA
Pre-tax national income 
P80-100 | share | all ages | equal split
",p80p100,2000,0.4728,1.0,UKR,Eastern Europe & FSU
Ukraine,"sptinc_p80p100_999_j_UA
Pre-tax national income 
P80-100 | share | all ages | equal split
",p80p100,2001,0.4937,1.0,UKR,Eastern Europe & FSU
Ukraine,"sptinc_p80p100_999_j_UA
Pre-tax national income 
P80-100 | share | all ages | equal split
",p80p100,2002,0.4932,1.0,UKR,Eastern Europe & FSU
Ukraine,"sptinc_p80p100_999_j_UA
Pre-tax national income 
P80-100 | share | all ages | equal split
",p80p100,2003,0.5039,1.0,UKR,Eastern Europe & FSU
Ukraine,"sptinc_p80p100_999_j_UA
Pre-tax national income 
P80-100 | share | all ages | equal split
",p80p100,2004,0.5114000000000001,1.0,UKR,Eastern Europe & FSU
Ukraine,"sptinc_p80p100_999_j_UA
Pre-tax national income 
P80-100 | share | all ages | equal split
",p80p100,2005,0.4965,1.0,UKR,Eastern Europe & FSU
Ukraine,"sptinc_p80p100_999_j_UA
Pre-tax national income 
P80-100 | share | all ages | equal split
",p80p100,2006,0.5091,1.0,UKR,Eastern Europe & FSU
Ukraine,"sptinc_p80p100_999_j_UA
Pre-tax national income 
P80-100 | share | all ages | equal split
",p80p100,2007,0.4927,1.0,UKR,Eastern Europe & FSU
Ukraine,"sptinc_p80p100_999_j_UA
Pre-tax national income 
P80-100 | share | all ages | equal split
",p80p100,2008,0.4853,1.0,UKR,Eastern Europe & FSU
Ukraine,"sptinc_p80p100_999_j_UA
Pre-tax national income 
P80-100 | share | all ages | equal split
",p80p100,2009,0.4652,1.0,UKR,Eastern Europe & FSU
Ukraine,"sptinc_p80p100_999_j_UA
Pre-tax national income 
P80-100 | share | all ages | equal split
",p80p100,2010,0.4518,1.0,UKR,Eastern Europe & FSU
Ukraine,"sptinc_p80p100_999_j_UA
Pre-tax national income 
P80-100 | share | all ages | equal split
",p80p100,2011,0.4485,1.0,UKR,Eastern Europe & FSU
Ukraine,"sptinc_p80p100_999_j_UA
Pre-tax national income 
P80-100 | share | all ages | equal split
",p80p100,2012,0.4318,1.0,UKR,Eastern Europe & FSU
Ukraine,"sptinc_p80p100_999_j_UA
Pre-tax national income 
P80-100 | share | all ages | equal split
",p80p100,2013,0.4303,1.0,UKR,Eastern Europe & FSU
Ukraine,"sptinc_p80p100_999_j_UA
Pre-tax national income 
P80-100 | share | all ages | equal split
",p80p100,2014,0.4486,1.0,UKR,Eastern Europe & FSU
Ukraine,"sptinc_p80p100_999_j_UA
Pre-tax national income 
P80-100 | share | all ages | equal split
",p80p100,2015,0.4668,1.0,UKR,Eastern Europe & FSU
Ukraine,"sptinc_p80p100_999_j_UA
Pre-tax national income 
P80-100 | share | all ages | equal split
",p80p100,2016,0.4809,1.0,UKR,Eastern Europe & FSU
Ukraine,"sptinc_p80p100_999_j_UA
Pre-tax national income 
P80-100 | share | all ages | equal split
",p80p100,2017,0.4794,1.0,UKR,Eastern Europe & FSU
Ukraine,"sptinc_p80p100_999_j_UA
Pre-tax national income 
P80-100 | share | all ages | equal split
",p80p100,2018,0.4747,1.0,UKR,Eastern Europe & FSU
Ukraine,"sptinc_p80p100_999_j_UA
Pre-tax national income 
P80-100 | share | all ages | equal split
",p80p100,2019,0.4781,1.0,UKR,Eastern Europe & FSU
Ukraine,"sptinc_p80p100_999_j_UA
Pre-tax national income 
P80-100 | share | all ages | equal split
",p80p100,2020,0.4781,1.0,UKR,Eastern Europe & FSU
Ukraine,"sptinc_p80p100_999_j_UA
Pre-tax national income 
P80-100 | share | all ages | equal split
",p80p100,2021,0.4781,1.0,UKR,Eastern Europe & FSU
Ukraine,"sptinc_p80p100_999_j_UA
Pre-tax national income 
P80-100 | share | all ages | equal split
",p80p100,2022,0.4781,1.0,UKR,Eastern Europe & FSU
Ukraine,"sptinc_p80p100_999_j_UA
Pre-tax national income 
P80-100 | share | all ages | equal split
",p80p100,2023,0.4781,1.0,UKR,Eastern Europe & FSU
Ukraine,"sptinc_p80p100_999_j_UA
Pre-tax national income 
P80-100 | share | all ages | equal split
",p80p100,2024,0.4781,1.0,UKR,Eastern Europe & FSU
United Kingdom,"sptinc_p80p100_999_j_GB
Pre-tax national income 
P80-100 | share | all ages | equal split
",p80p100,1960,0.4588,3.0,GBR,Western Europe
United Kingdom,"sptinc_p80p100_999_j_GB
Pre-tax national income 
P80-100 | share | all ages | equal split
",p80p100,1962,0.4566,2.0,GBR,Western Europe
United Kingdom,"sptinc_p80p100_999_j_GB
Pre-tax national income 
P80-100 | share | all ages | equal split
",p80p100,1963,0.4562,2.0,GBR,Western Europe
United Kingdom,"sptinc_p80p100_999_j_GB
Pre-tax national income 
P80-100 | share | all ages | equal split
",p80p100,1964,0.4558,3.0,GBR,Western Europe
United Kingdom,"sptinc_p80p100_999_j_GB
Pre-tax national income 
P80-100 | share | all ages | equal split
",p80p100,1965,0.4546,3.0,GBR,Western Europe
United Kingdom,"sptinc_p80p100_999_j_GB
Pre-tax national income 
P80-100 | share | all ages | equal split
",p80p100,1966,0.4526,3.0,GBR,Western Europe
United Kingdom,"sptinc_p80p100_999_j_GB
Pre-tax national income 
P80-100 | share | all ages | equal split
",p80p100,1967,0.4512,3.0,GBR,Western Europe
United Kingdom,"sptinc_p80p100_999_j_GB
Pre-tax national income 
P80-100 | share | all ages | equal split
",p80p100,1968,0.4501,3.0,GBR,Western Europe
United Kingdom,"sptinc_p80p100_999_j_GB
Pre-tax national income 
P80-100 | share | all ages | equal split
",p80p100,1969,0.4495,3.0,GBR,Western Europe
United Kingdom,"sptinc_p80p100_999_j_GB
Pre-tax national income 
P80-100 | share | all ages | equal split
",p80p100,1970,0.4555,3.0,GBR,Western Europe
United Kingdom,"sptinc_p80p100_999_j_GB
Pre-tax national income 
P80-100 | share | all ages | equal split
",p80p100,1971,0.4467,3.0,GBR,Western Europe
United Kingdom,"sptinc_p80p100_999_j_GB
Pre-tax national income 
P80-100 | share | all ages | equal split
",p80p100,1972,0.4462,3.0,GBR,Western Europe
United Kingdom,"sptinc_p80p100_999_j_GB
Pre-tax national income 
P80-100 | share | all ages | equal split
",p80p100,1973,0.4459,3.0,GBR,Western Europe
United Kingdom,"sptinc_p80p100_999_j_GB
Pre-tax national income 
P80-100 | share | all ages | equal split
",p80p100,1974,0.4433,3.0,GBR,Western Europe
United Kingdom,"sptinc_p80p100_999_j_GB
Pre-tax national income 
P80-100 | share | all ages | equal split
",p80p100,1975,0.4423,3.0,GBR,Western Europe
United Kingdom,"sptinc_p80p100_999_j_GB
Pre-tax national income 
P80-100 | share | all ages | equal split
",p80p100,1976,0.4396,3.0,GBR,Western Europe
United Kingdom,"sptinc_p80p100_999_j_GB
Pre-tax national income 
P80-100 | share | all ages | equal split
",p80p100,1977,0.4394,3.0,GBR,Western Europe
United Kingdom,"sptinc_p80p100_999_j_GB
Pre-tax national income 
P80-100 | share | all ages | equal split
",p80p100,1978,0.4387,3.0,GBR,Western Europe
United Kingdom,"sptinc_p80p100_999_j_GB
Pre-tax national income 
P80-100 | share | all ages | equal split
",p80p100,1979,0.4383,3.0,GBR,Western Europe
United Kingdom,"sptinc_p80p100_999_j_GB
Pre-tax national income 
P80-100 | share | all ages | equal split
",p80p100,1980,0.4468,1.0,GBR,Western Europe
United Kingdom,"sptinc_p80p100_999_j_GB
Pre-tax national income 
P80-100 | share | all ages | equal split
",p80p100,1981,0.4468,4.0,GBR,Western Europe
United Kingdom,"sptinc_p80p100_999_j_GB
Pre-tax national income 
P80-100 | share | all ages | equal split
",p80p100,1982,0.4477,4.0,GBR,Western Europe
United Kingdom,"sptinc_p80p100_999_j_GB
Pre-tax national income 
P80-100 | share | all ages | equal split
",p80p100,1983,0.4525,4.0,GBR,Western Europe
United Kingdom,"sptinc_p80p100_999_j_GB
Pre-tax national income 
P80-100 | share | all ages | equal split
",p80p100,1984,0.4588,4.0,GBR,Western Europe
United Kingdom,"sptinc_p80p100_999_j_GB
Pre-tax national income 
P80-100 | share | all ages | equal split
",p80p100,1985,0.4605,4.0,GBR,Western Europe
United Kingdom,"sptinc_p80p100_999_j_GB
Pre-tax national income 
P80-100 | share | all ages | equal split
",p80p100,1986,0.4614,4.0,GBR,Western Europe
United Kingdom,"sptinc_p80p100_999_j_GB
Pre-tax national income 
P80-100 | share | all ages | equal split
",p80p100,1987,0.4652,4.0,GBR,Western Europe
United Kingdom,"sptinc_p80p100_999_j_GB
Pre-tax national income 
P80-100 | share | all ages | equal split
",p80p100,1988,0.4721,4.0,GBR,Western Europe
United Kingdom,"sptinc_p80p100_999_j_GB
Pre-tax national income 
P80-100 | share | all ages | equal split
",p80p100,1989,0.4699,4.0,GBR,Western Europe
United Kingdom,"sptinc_p80p100_999_j_GB
Pre-tax national income 
P80-100 | share | all ages | equal split
",p80p100,1990,0.4943,4.0,GBR,Western Europe
United Kingdom,"sptinc_p80p100_999_j_GB
Pre-tax national income 
P80-100 | share | all ages | equal split
",p80p100,1991,0.4998,4.0,GBR,Western Europe
United Kingdom,"sptinc_p80p100_999_j_GB
Pre-tax national income 
P80-100 | share | all ages | equal split
",p80p100,1992,0.5021,4.0,GBR,Western Europe
United Kingdom,"sptinc_p80p100_999_j_GB
Pre-tax national income 
P80-100 | share | all ages | equal split
",p80p100,1993,0.5082,4.0,GBR,Western Europe
United Kingdom,"sptinc_p80p100_999_j_GB
Pre-tax national income 
P80-100 | share | all ages | equal split
",p80p100,1994,0.5067,4.0,GBR,Western Europe
United Kingdom,"sptinc_p80p100_999_j_GB
Pre-tax national income 
P80-100 | share | all ages | equal split
",p80p100,1995,0.5099,4.0,GBR,Western Europe
United Kingdom,"sptinc_p80p100_999_j_GB
Pre-tax national income 
P80-100 | share | all ages | equal split
",p80p100,1996,0.5153,4.0,GBR,Western Europe
United Kingdom,"sptinc_p80p100_999_j_GB
Pre-tax national income 
P80-100 | share | all ages | equal split
",p80p100,1997,0.5154,4.0,GBR,Western Europe
United Kingdom,"sptinc_p80p100_999_j_GB
Pre-tax national income 
P80-100 | share | all ages | equal split
",p80p100,1998,0.5214,4.0,GBR,Western Europe
United Kingdom,"sptinc_p80p100_999_j_GB
Pre-tax national income 
P80-100 | share | all ages | equal split
",p80p100,1999,0.5279,4.0,GBR,Western Europe
United Kingdom,"sptinc_p80p100_999_j_GB
Pre-tax national income 
P80-100 | share | all ages | equal split
",p80p100,2000,0.5178,4.0,GBR,Western Europe
United Kingdom,"sptinc_p80p100_999_j_GB
Pre-tax national income 
P80-100 | share | all ages | equal split
",p80p100,2001,0.523,4.0,GBR,Western Europe
United Kingdom,"sptinc_p80p100_999_j_GB
Pre-tax national income 
P80-100 | share | all ages | equal split
",p80p100,2002,0.525,4.0,GBR,Western Europe
United Kingdom,"sptinc_p80p100_999_j_GB
Pre-tax national income 
P80-100 | share | all ages | equal split
",p80p100,2003,0.5357000000000001,4.0,GBR,Western Europe
United Kingdom,"sptinc_p80p100_999_j_GB
Pre-tax national income 
P80-100 | share | all ages | equal split
",p80p100,2004,0.5277000000000001,4.0,GBR,Western Europe
United Kingdom,"sptinc_p80p100_999_j_GB
Pre-tax national income 
P80-100 | share | all ages | equal split
",p80p100,2005,0.5368,4.0,GBR,Western Europe
United Kingdom,"sptinc_p80p100_999_j_GB
Pre-tax national income 
P80-100 | share | all ages | equal split
",p80p100,2006,0.5382,4.0,GBR,Western Europe
United Kingdom,"sptinc_p80p100_999_j_GB
Pre-tax national income 
P80-100 | share | all ages | equal split
",p80p100,2007,0.5375,4.0,GBR,Western Europe
United Kingdom,"sptinc_p80p100_999_j_GB
Pre-tax national income 
P80-100 | share | all ages | equal split
",p80p100,2008,0.5235000000000001,4.0,GBR,Western Europe
United Kingdom,"sptinc_p80p100_999_j_GB
Pre-tax national income 
P80-100 | share | all ages | equal split
",p80p100,2009,0.5419,4.0,GBR,Western Europe
United Kingdom,"sptinc_p80p100_999_j_GB
Pre-tax national income 
P80-100 | share | all ages | equal split
",p80p100,2010,0.5022,4.0,GBR,Western Europe
United Kingdom,"sptinc_p80p100_999_j_GB
Pre-tax national income 
P80-100 | share | all ages | equal split
",p80p100,2011,0.5105000000000001,4.0,GBR,Western Europe
United Kingdom,"sptinc_p80p100_999_j_GB
Pre-tax national income 
P80-100 | share | all ages | equal split
",p80p100,2012,0.5227,4.0,GBR,Western Europe
United Kingdom,"sptinc_p80p100_999_j_GB
Pre-tax national income 
P80-100 | share | all ages | equal split
",p80p100,2013,0.5383,4.0,GBR,Western Europe
United Kingdom,"sptinc_p80p100_999_j_GB
Pre-tax national income 
P80-100 | share | all ages | equal split
",p80p100,2014,0.5174,4.0,GBR,Western Europe
United Kingdom,"sptinc_p80p100_999_j_GB
Pre-tax national income 
P80-100 | share | all ages | equal split
",p80p100,2015,0.5082,3.0,GBR,Western Europe
United Kingdom,"sptinc_p80p100_999_j_GB
Pre-tax national income 
P80-100 | share | all ages | equal split
",p80p100,2016,0.5071,3.0,GBR,Western Europe
United Kingdom,"sptinc_p80p100_999_j_GB
Pre-tax national income 
P80-100 | share | all ages | equal split
",p80p100,2017,0.5087,3.0,GBR,Western Europe
United Kingdom,"sptinc_p80p100_999_j_GB
Pre-tax national income 
P80-100 | share | all ages | equal split
",p80p100,2018,0.5078,3.0,GBR,Western Europe
United Kingdom,"sptinc_p80p100_999_j_GB
Pre-tax national income 
P80-100 | share | all ages | equal split
",p80p100,2019,0.5052,3.0,GBR,Western Europe
United Kingdom,"sptinc_p80p100_999_j_GB
Pre-tax national income 
P80-100 | share | all ages | equal split
",p80p100,2020,0.5052,3.0,GBR,Western Europe
United Kingdom,"sptinc_p80p100_999_j_GB
Pre-tax national income 
P80-100 | share | all ages | equal split
",p80p100,2021,0.5063,3.0,GBR,Western Europe
United Kingdom,"sptinc_p80p100_999_j_GB
Pre-tax national income 
P80-100 | share | all ages | equal split
",p80p100,2022,0.5079,1.0,GBR,Western Europe
United Kingdom,"sptinc_p80p100_999_j_GB
Pre-tax national income 
P80-100 | share | all ages | equal split
",p80p100,2023,0.5083,1.0,GBR,Western Europe
United Kingdom,"sptinc_p80p100_999_j_GB
Pre-tax national income 
P80-100 | share | all ages | equal split
",p80p100,2024,0.5083,1.0,GBR,Western Europe
Uruguay,"sptinc_p80p100_999_j_UY
Pre-tax national income 
P80-100 | share | all ages | equal split
",p80p100,1980,0.633,1.0,URY,Latin America & Caribbean
Uruguay,"sptinc_p80p100_999_j_UY
Pre-tax national income 
P80-100 | share | all ages | equal split
",p80p100,1981,0.633,1.0,URY,Latin America & Caribbean
Uruguay,"sptinc_p80p100_999_j_UY
Pre-tax national income 
P80-100 | share | all ages | equal split
",p80p100,1982,0.633,1.0,URY,Latin America & Caribbean
Uruguay,"sptinc_p80p100_999_j_UY
Pre-tax national income 
P80-100 | share | all ages | equal split
",p80p100,1983,0.633,1.0,URY,Latin America & Caribbean
Uruguay,"sptinc_p80p100_999_j_UY
Pre-tax national income 
P80-100 | share | all ages | equal split
",p80p100,1984,0.633,1.0,URY,Latin America & Caribbean
Uruguay,"sptinc_p80p100_999_j_UY
Pre-tax national income 
P80-100 | share | all ages | equal split
",p80p100,1985,0.633,1.0,URY,Latin America & Caribbean
Uruguay,"sptinc_p80p100_999_j_UY
Pre-tax national income 
P80-100 | share | all ages | equal split
",p80p100,1986,0.633,1.0,URY,Latin America & Caribbean
Uruguay,"sptinc_p80p100_999_j_UY
Pre-tax national income 
P80-100 | share | all ages | equal split
",p80p100,1987,0.633,1.0,URY,Latin America & Caribbean
Uruguay,"sptinc_p80p100_999_j_UY
Pre-tax national income 
P80-100 | share | all ages | equal split
",p80p100,1988,0.633,1.0,URY,Latin America & Caribbean
Uruguay,"sptinc_p80p100_999_j_UY
Pre-tax national income 
P80-100 | share | all ages | equal split
",p80p100,1989,0.633,1.0,URY,Latin America & Caribbean
Uruguay,"sptinc_p80p100_999_j_UY
Pre-tax national income 
P80-100 | share | all ages | equal split
",p80p100,1990,0.633,1.0,URY,Latin America & Caribbean
Uruguay,"sptinc_p80p100_999_j_UY
Pre-tax national income 
P80-100 | share | all ages | equal split
",p80p100,1991,0.633,1.0,URY,Latin America & Caribbean
Uruguay,"sptinc_p80p100_999_j_UY
Pre-tax national income 
P80-100 | share | all ages | equal split
",p80p100,1992,0.633,1.0,URY,Latin America & Caribbean
Uruguay,"sptinc_p80p100_999_j_UY
Pre-tax national income 
P80-100 | share | all ages | equal split
",p80p100,1993,0.633,1.0,URY,Latin America & Caribbean
Uruguay,"sptinc_p80p100_999_j_UY
Pre-tax national income 
P80-100 | share | all ages | equal split
",p80p100,1994,0.633,1.0,URY,Latin America & Caribbean
Uruguay,"sptinc_p80p100_999_j_UY
Pre-tax national income 
P80-100 | share | all ages | equal split
",p80p100,1995,0.633,1.0,URY,Latin America & Caribbean
Uruguay,"sptinc_p80p100_999_j_UY
Pre-tax national income 
P80-100 | share | all ages | equal split
",p80p100,1996,0.633,1.0,URY,Latin America & Caribbean
Uruguay,"sptinc_p80p100_999_j_UY
Pre-tax national income 
P80-100 | share | all ages | equal split
",p80p100,1997,0.633,1.0,URY,Latin America & Caribbean
Uruguay,"sptinc_p80p100_999_j_UY
Pre-tax national income 
P80-100 | share | all ages | equal split
",p80p100,1998,0.633,1.0,URY,Latin America & Caribbean
Uruguay,"sptinc_p80p100_999_j_UY
Pre-tax national income 
P80-100 | share | all ages | equal split
",p80p100,1999,0.633,1.0,URY,Latin America & Caribbean
Uruguay,"sptinc_p80p100_999_j_UY
Pre-tax national income 
P80-100 | share | all ages | equal split
",p80p100,2000,0.633,3.0,URY,Latin America & Caribbean
Uruguay,"sptinc_p80p100_999_j_UY
Pre-tax national income 
P80-100 | share | all ages | equal split
",p80p100,2001,0.6509,3.0,URY,Latin America & Caribbean
Uruguay,"sptinc_p80p100_999_j_UY
Pre-tax national income 
P80-100 | share | all ages | equal split
",p80p100,2002,0.6465000000000001,3.0,URY,Latin America & Caribbean
Uruguay,"sptinc_p80p100_999_j_UY
Pre-tax national income 
P80-100 | share | all ages | equal split
",p80p100,2003,0.6578,3.0,URY,Latin America & Caribbean
Uruguay,"sptinc_p80p100_999_j_UY
Pre-tax national income 
P80-100 | share | all ages | equal split
",p80p100,2004,0.6518,3.0,URY,Latin America & Caribbean
Uruguay,"sptinc_p80p100_999_j_UY
Pre-tax national income 
P80-100 | share | all ages | equal split
",p80p100,2005,0.6437,3.0,URY,Latin America & Caribbean
Uruguay,"sptinc_p80p100_999_j_UY
Pre-tax national income 
P80-100 | share | all ages | equal split
",p80p100,2006,0.6446000000000001,2.0,URY,Latin America & Caribbean
Uruguay,"sptinc_p80p100_999_j_UY
Pre-tax national income 
P80-100 | share | all ages | equal split
",p80p100,2007,0.6455000000000001,3.0,URY,Latin America & Caribbean
Uruguay,"sptinc_p80p100_999_j_UY
Pre-tax national income 
P80-100 | share | all ages | equal split
",p80p100,2008,0.6416000000000001,3.0,URY,Latin America & Caribbean
Uruguay,"sptinc_p80p100_999_j_UY
Pre-tax national income 
P80-100 | share | all ages | equal split
",p80p100,2009,0.6283000000000001,5.0,URY,Latin America & Caribbean
Uruguay,"sptinc_p80p100_999_j_UY
Pre-tax national income 
P80-100 | share | all ages | equal split
",p80p100,2010,0.6175,5.0,URY,Latin America & Caribbean
Uruguay,"sptinc_p80p100_999_j_UY
Pre-tax national income 
P80-100 | share | all ages | equal split
",p80p100,2011,0.5987,5.0,URY,Latin America & Caribbean
Uruguay,"sptinc_p80p100_999_j_UY
Pre-tax national income 
P80-100 | share | all ages | equal split
",p80p100,2012,0.5837,5.0,URY,Latin America & Caribbean
Uruguay,"sptinc_p80p100_999_j_UY
Pre-tax national income 
P80-100 | share | all ages | equal split
",p80p100,2013,0.5861000000000001,5.0,URY,Latin America & Caribbean
Uruguay,"sptinc_p80p100_999_j_UY
Pre-tax national income 
P80-100 | share | all ages | equal split
",p80p100,2014,0.5844,5.0,URY,Latin America & Caribbean
Uruguay,"sptinc_p80p100_999_j_UY
Pre-tax national income 
P80-100 | share | all ages | equal split
",p80p100,2015,0.5919,5.0,URY,Latin America & Caribbean
Uruguay,"sptinc_p80p100_999_j_UY
Pre-tax national income 
P80-100 | share | all ages | equal split
",p80p100,2016,0.5959,5.0,URY,Latin America & Caribbean
Uruguay,"sptinc_p80p100_999_j_UY
Pre-tax national income 
P80-100 | share | all ages | equal split
",p80p100,2017,0.6038,3.0,URY,Latin America & Caribbean
Uruguay,"sptinc_p80p100_999_j_UY
Pre-tax national income 
P80-100 | share | all ages | equal split
",p80p100,2018,0.6076,3.0,URY,Latin America & Caribbean
Uruguay,"sptinc_p80p100_999_j_UY
Pre-tax national income 
P80-100 | share | all ages | equal split
",p80p100,2019,0.603,3.0,URY,Latin America & Caribbean
Uruguay,"sptinc_p80p100_999_j_UY
Pre-tax national income 
P80-100 | share | all ages | equal split
",p80p100,2020,0.602,3.0,URY,Latin America & Caribbean
Uruguay,"sptinc_p80p100_999_j_UY
Pre-tax national income 
P80-100 | share | all ages | equal split
",p80p100,2021,0.6091,3.0,URY,Latin America & Caribbean
Uruguay,"sptinc_p80p100_999_j_UY
Pre-tax national income 
P80-100 | share | all ages | equal split
",p80p100,2022,0.5971000000000001,3.0,URY,Latin America & Caribbean
Uruguay,"sptinc_p80p100_999_j_UY
Pre-tax national income 
P80-100 | share | all ages | equal split
",p80p100,2023,0.6134000000000001,3.0,URY,Latin America & Caribbean
Uruguay,"sptinc_p80p100_999_j_UY
Pre-tax national income 
P80-100 | share | all ages | equal split
",p80p100,2024,0.6134000000000001,1.0,URY,Latin America & Caribbean
Uzbekistan,"sptinc_p80p100_999_j_UZ
Pre-tax national income 
P80-100 | share | all ages | equal split
",p80p100,1980,0.3925,1.0,UZB,Eastern Europe & FSU
Uzbekistan,"sptinc_p80p100_999_j_UZ
Pre-tax national income 
P80-100 | share | all ages | equal split
",p80p100,1981,0.3927,1.0,UZB,Eastern Europe & FSU
Uzbekistan,"sptinc_p80p100_999_j_UZ
Pre-tax national income 
P80-100 | share | all ages | equal split
",p80p100,1982,0.3929,1.0,UZB,Eastern Europe & FSU
Uzbekistan,"sptinc_p80p100_999_j_UZ
Pre-tax national income 
P80-100 | share | all ages | equal split
",p80p100,1983,0.3931,1.0,UZB,Eastern Europe & FSU
Uzbekistan,"sptinc_p80p100_999_j_UZ
Pre-tax national income 
P80-100 | share | all ages | equal split
",p80p100,1984,0.3933,1.0,UZB,Eastern Europe & FSU
Uzbekistan,"sptinc_p80p100_999_j_UZ
Pre-tax national income 
P80-100 | share | all ages | equal split
",p80p100,1985,0.3935,1.0,UZB,Eastern Europe & FSU
Uzbekistan,"sptinc_p80p100_999_j_UZ
Pre-tax national income 
P80-100 | share | all ages | equal split
",p80p100,1986,0.3932,1.0,UZB,Eastern Europe & FSU
Uzbekistan,"sptinc_p80p100_999_j_UZ
Pre-tax national income 
P80-100 | share | all ages | equal split
",p80p100,1987,0.3928,1.0,UZB,Eastern Europe & FSU
Uzbekistan,"sptinc_p80p100_999_j_UZ
Pre-tax national income 
P80-100 | share | all ages | equal split
",p80p100,1988,0.3925,1.0,UZB,Eastern Europe & FSU
Uzbekistan,"sptinc_p80p100_999_j_UZ
Pre-tax national income 
P80-100 | share | all ages | equal split
",p80p100,1989,0.3932,1.0,UZB,Eastern Europe & FSU
Uzbekistan,"sptinc_p80p100_999_j_UZ
Pre-tax national income 
P80-100 | share | all ages | equal split
",p80p100,1990,0.3799,1.0,UZB,Eastern Europe & FSU
Uzbekistan,"sptinc_p80p100_999_j_UZ
Pre-tax national income 
P80-100 | share | all ages | equal split
",p80p100,1991,0.4122,1.0,UZB,Eastern Europe & FSU
Uzbekistan,"sptinc_p80p100_999_j_UZ
Pre-tax national income 
P80-100 | share | all ages | equal split
",p80p100,1992,0.4444,1.0,UZB,Eastern Europe & FSU
Uzbekistan,"sptinc_p80p100_999_j_UZ
Pre-tax national income 
P80-100 | share | all ages | equal split
",p80p100,1993,0.4766,1.0,UZB,Eastern Europe & FSU
Uzbekistan,"sptinc_p80p100_999_j_UZ
Pre-tax national income 
P80-100 | share | all ages | equal split
",p80p100,1994,0.5086,1.0,UZB,Eastern Europe & FSU
Uzbekistan,"sptinc_p80p100_999_j_UZ
Pre-tax national income 
P80-100 | share | all ages | equal split
",p80p100,1995,0.5406000000000001,1.0,UZB,Eastern Europe & FSU
Uzbekistan,"sptinc_p80p100_999_j_UZ
Pre-tax national income 
P80-100 | share | all ages | equal split
",p80p100,1996,0.5725,1.0,UZB,Eastern Europe & FSU
Uzbekistan,"sptinc_p80p100_999_j_UZ
Pre-tax national income 
P80-100 | share | all ages | equal split
",p80p100,1997,0.6044,1.0,UZB,Eastern Europe & FSU
Uzbekistan,"sptinc_p80p100_999_j_UZ
Pre-tax national income 
P80-100 | share | all ages | equal split
",p80p100,1998,0.6369,3.0,UZB,Eastern Europe & FSU
Uzbekistan,"sptinc_p80p100_999_j_UZ
Pre-tax national income 
P80-100 | share | all ages | equal split
",p80p100,1999,0.6203000000000001,2.0,UZB,Eastern Europe & FSU
Uzbekistan,"sptinc_p80p100_999_j_UZ
Pre-tax national income 
P80-100 | share | all ages | equal split
",p80p100,2000,0.6038,3.0,UZB,Eastern Europe & FSU
Uzbekistan,"sptinc_p80p100_999_j_UZ
Pre-tax national income 
P80-100 | share | all ages | equal split
",p80p100,2001,0.5998,2.0,UZB,Eastern Europe & FSU
Uzbekistan,"sptinc_p80p100_999_j_UZ
Pre-tax national income 
P80-100 | share | all ages | equal split
",p80p100,2002,0.5955,3.0,UZB,Eastern Europe & FSU
Uzbekistan,"sptinc_p80p100_999_j_UZ
Pre-tax national income 
P80-100 | share | all ages | equal split
",p80p100,2003,0.6043000000000001,3.0,UZB,Eastern Europe & FSU
Uzbekistan,"sptinc_p80p100_999_j_UZ
Pre-tax national income 
P80-100 | share | all ages | equal split
",p80p100,2004,0.6043000000000001,1.0,UZB,Eastern Europe & FSU
Uzbekistan,"sptinc_p80p100_999_j_UZ
Pre-tax national income 
P80-100 | share | all ages | equal split
",p80p100,2005,0.6043000000000001,1.0,UZB,Eastern Europe & FSU
Uzbekistan,"sptinc_p80p100_999_j_UZ
Pre-tax national income 
P80-100 | share | all ages | equal split
",p80p100,2006,0.6043000000000001,1.0,UZB,Eastern Europe & FSU
Uzbekistan,"sptinc_p80p100_999_j_UZ
Pre-tax national income 
P80-100 | share | all ages | equal split
",p80p100,2007,0.6043000000000001,1.0,UZB,Eastern Europe & FSU
Uzbekistan,"sptinc_p80p100_999_j_UZ
Pre-tax national income 
P80-100 | share | all ages | equal split
",p80p100,2008,0.6043000000000001,1.0,UZB,Eastern Europe & FSU
Uzbekistan,"sptinc_p80p100_999_j_UZ
Pre-tax national income 
P80-100 | share | all ages | equal split
",p80p100,2009,0.6043000000000001,1.0,UZB,Eastern Europe & FSU
Uzbekistan,"sptinc_p80p100_999_j_UZ
Pre-tax national income 
P80-100 | share | all ages | equal split
",p80p100,2010,0.6043000000000001,1.0,UZB,Eastern Europe & FSU
Uzbekistan,"sptinc_p80p100_999_j_UZ
Pre-tax national income 
P80-100 | share | all ages | equal split
",p80p100,2011,0.6043000000000001,1.0,UZB,Eastern Europe & FSU
Uzbekistan,"sptinc_p80p100_999_j_UZ
Pre-tax national income 
P80-100 | share | all ages | equal split
",p80p100,2012,0.6043000000000001,1.0,UZB,Eastern Europe & FSU
Uzbekistan,"sptinc_p80p100_999_j_UZ
Pre-tax national income 
P80-100 | share | all ages | equal split
",p80p100,2013,0.6043000000000001,1.0,UZB,Eastern Europe & FSU
Uzbekistan,"sptinc_p80p100_999_j_UZ
Pre-tax national income 
P80-100 | share | all ages | equal split
",p80p100,2014,0.6043000000000001,1.0,UZB,Eastern Europe & FSU
Uzbekistan,"sptinc_p80p100_999_j_UZ
Pre-tax national income 
P80-100 | share | all ages | equal split
",p80p100,2015,0.6043000000000001,1.0,UZB,Eastern Europe & FSU
Uzbekistan,"sptinc_p80p100_999_j_UZ
Pre-tax national income 
P80-100 | share | all ages | equal split
",p80p100,2016,0.6009,1.0,UZB,Eastern Europe & FSU
Uzbekistan,"sptinc_p80p100_999_j_UZ
Pre-tax national income 
P80-100 | share | all ages | equal split
",p80p100,2017,0.6051000000000001,1.0,UZB,Eastern Europe & FSU
Uzbekistan,"sptinc_p80p100_999_j_UZ
Pre-tax national income 
P80-100 | share | all ages | equal split
",p80p100,2018,0.6051000000000001,1.0,UZB,Eastern Europe & FSU
Uzbekistan,"sptinc_p80p100_999_j_UZ
Pre-tax national income 
P80-100 | share | all ages | equal split
",p80p100,2019,0.6051000000000001,1.0,UZB,Eastern Europe & FSU
Uzbekistan,"sptinc_p80p100_999_j_UZ
Pre-tax national income 
P80-100 | share | all ages | equal split
",p80p100,2020,0.6051000000000001,1.0,UZB,Eastern Europe & FSU
Uzbekistan,"sptinc_p80p100_999_j_UZ
Pre-tax national income 
P80-100 | share | all ages | equal split
",p80p100,2021,0.6051000000000001,1.0,UZB,Eastern Europe & FSU
Uzbekistan,"sptinc_p80p100_999_j_UZ
Pre-tax national income 
P80-100 | share | all ages | equal split
",p80p100,2022,0.6051000000000001,1.0,UZB,Eastern Europe & FSU
Uzbekistan,"sptinc_p80p100_999_j_UZ
Pre-tax national income 
P80-100 | share | all ages | equal split
",p80p100,2023,0.6051000000000001,1.0,UZB,Eastern Europe & FSU
Uzbekistan,"sptinc_p80p100_999_j_UZ
Pre-tax national income 
P80-100 | share | all ages | equal split
",p80p100,2024,0.6051000000000001,1.0,UZB,Eastern Europe & FSU
Venezuela,"sptinc_p80p100_999_j_VE
Pre-tax national income 
P80-100 | share | all ages | equal split
",p80p100,1980,0.7045,0.0,VEN,Latin America & Caribbean
Venezuela,"sptinc_p80p100_999_j_VE
Pre-tax national income 
P80-100 | share | all ages | equal split
",p80p100,1981,0.7045,0.0,VEN,Latin America & Caribbean
Venezuela,"sptinc_p80p100_999_j_VE
Pre-tax national income 
P80-100 | share | all ages | equal split
",p80p100,1982,0.7045,0.0,VEN,Latin America & Caribbean
Venezuela,"sptinc_p80p100_999_j_VE
Pre-tax national income 
P80-100 | share | all ages | equal split
",p80p100,1983,0.7045,0.0,VEN,Latin America & Caribbean
Venezuela,"sptinc_p80p100_999_j_VE
Pre-tax national income 
P80-100 | share | all ages | equal split
",p80p100,1984,0.7045,0.0,VEN,Latin America & Caribbean
Venezuela,"sptinc_p80p100_999_j_VE
Pre-tax national income 
P80-100 | share | all ages | equal split
",p80p100,1985,0.7045,0.0,VEN,Latin America & Caribbean
Venezuela,"sptinc_p80p100_999_j_VE
Pre-tax national income 
P80-100 | share | all ages | equal split
",p80p100,1986,0.7045,0.0,VEN,Latin America & Caribbean
Venezuela,"sptinc_p80p100_999_j_VE
Pre-tax national income 
P80-100 | share | all ages | equal split
",p80p100,1987,0.7045,0.0,VEN,Latin America & Caribbean
Venezuela,"sptinc_p80p100_999_j_VE
Pre-tax national income 
P80-100 | share | all ages | equal split
",p80p100,1988,0.7045,0.0,VEN,Latin America & Caribbean
Venezuela,"sptinc_p80p100_999_j_VE
Pre-tax national income 
P80-100 | share | all ages | equal split
",p80p100,1989,0.7045,0.0,VEN,Latin America & Caribbean
Venezuela,"sptinc_p80p100_999_j_VE
Pre-tax national income 
P80-100 | share | all ages | equal split
",p80p100,1990,0.7045,0.0,VEN,Latin America & Caribbean
Venezuela,"sptinc_p80p100_999_j_VE
Pre-tax national income 
P80-100 | share | all ages | equal split
",p80p100,1991,0.7045,0.0,VEN,Latin America & Caribbean
Venezuela,"sptinc_p80p100_999_j_VE
Pre-tax national income 
P80-100 | share | all ages | equal split
",p80p100,1992,0.7045,0.0,VEN,Latin America & Caribbean
Venezuela,"sptinc_p80p100_999_j_VE
Pre-tax national income 
P80-100 | share | all ages | equal split
",p80p100,1993,0.7045,0.0,VEN,Latin America & Caribbean
Venezuela,"sptinc_p80p100_999_j_VE
Pre-tax national income 
P80-100 | share | all ages | equal split
",p80p100,1994,0.7045,0.0,VEN,Latin America & Caribbean
Venezuela,"sptinc_p80p100_999_j_VE
Pre-tax national income 
P80-100 | share | all ages | equal split
",p80p100,1995,0.7045,0.0,VEN,Latin America & Caribbean
Venezuela,"sptinc_p80p100_999_j_VE
Pre-tax national income 
P80-100 | share | all ages | equal split
",p80p100,1996,0.7045,0.0,VEN,Latin America & Caribbean
Venezuela,"sptinc_p80p100_999_j_VE
Pre-tax national income 
P80-100 | share | all ages | equal split
",p80p100,1997,0.7045,0.0,VEN,Latin America & Caribbean
Venezuela,"sptinc_p80p100_999_j_VE
Pre-tax national income 
P80-100 | share | all ages | equal split
",p80p100,1998,0.7045,0.0,VEN,Latin America & Caribbean
Venezuela,"sptinc_p80p100_999_j_VE
Pre-tax national income 
P80-100 | share | all ages | equal split
",p80p100,1999,0.7045,0.0,VEN,Latin America & Caribbean
Venezuela,"sptinc_p80p100_999_j_VE
Pre-tax national income 
P80-100 | share | all ages | equal split
",p80p100,2000,0.7045,0.0,VEN,Latin America & Caribbean
Venezuela,"sptinc_p80p100_999_j_VE
Pre-tax national income 
P80-100 | share | all ages | equal split
",p80p100,2001,0.7130000000000001,0.0,VEN,Latin America & Caribbean
Venezuela,"sptinc_p80p100_999_j_VE
Pre-tax national income 
P80-100 | share | all ages | equal split
",p80p100,2002,0.7109000000000001,0.0,VEN,Latin America & Caribbean
Venezuela,"sptinc_p80p100_999_j_VE
Pre-tax national income 
P80-100 | share | all ages | equal split
",p80p100,2003,0.7069000000000001,0.0,VEN,Latin America & Caribbean
Venezuela,"sptinc_p80p100_999_j_VE
Pre-tax national income 
P80-100 | share | all ages | equal split
",p80p100,2004,0.7035,0.0,VEN,Latin America & Caribbean
Venezuela,"sptinc_p80p100_999_j_VE
Pre-tax national income 
P80-100 | share | all ages | equal split
",p80p100,2005,0.7021000000000001,0.0,VEN,Latin America & Caribbean
Venezuela,"sptinc_p80p100_999_j_VE
Pre-tax national income 
P80-100 | share | all ages | equal split
",p80p100,2006,0.6978000000000001,0.0,VEN,Latin America & Caribbean
Venezuela,"sptinc_p80p100_999_j_VE
Pre-tax national income 
P80-100 | share | all ages | equal split
",p80p100,2007,0.7043,0.0,VEN,Latin America & Caribbean
Venezuela,"sptinc_p80p100_999_j_VE
Pre-tax national income 
P80-100 | share | all ages | equal split
",p80p100,2008,0.6968000000000001,0.0,VEN,Latin America & Caribbean
Venezuela,"sptinc_p80p100_999_j_VE
Pre-tax national income 
P80-100 | share | all ages | equal split
",p80p100,2009,0.6902,0.0,VEN,Latin America & Caribbean
Venezuela,"sptinc_p80p100_999_j_VE
Pre-tax national income 
P80-100 | share | all ages | equal split
",p80p100,2010,0.6897,0.0,VEN,Latin America & Caribbean
Venezuela,"sptinc_p80p100_999_j_VE
Pre-tax national income 
P80-100 | share | all ages | equal split
",p80p100,2011,0.6831,0.0,VEN,Latin America & Caribbean
Venezuela,"sptinc_p80p100_999_j_VE
Pre-tax national income 
P80-100 | share | all ages | equal split
",p80p100,2012,0.677,0.0,VEN,Latin America & Caribbean
Venezuela,"sptinc_p80p100_999_j_VE
Pre-tax national income 
P80-100 | share | all ages | equal split
",p80p100,2013,0.6814,0.0,VEN,Latin America & Caribbean
Venezuela,"sptinc_p80p100_999_j_VE
Pre-tax national income 
P80-100 | share | all ages | equal split
",p80p100,2014,0.6761,0.0,VEN,Latin America & Caribbean
Venezuela,"sptinc_p80p100_999_j_VE
Pre-tax national income 
P80-100 | share | all ages | equal split
",p80p100,2015,0.6736000000000001,0.0,VEN,Latin America & Caribbean
Venezuela,"sptinc_p80p100_999_j_VE
Pre-tax national income 
P80-100 | share | all ages | equal split
",p80p100,2016,0.6738000000000001,0.0,VEN,Latin America & Caribbean
Venezuela,"sptinc_p80p100_999_j_VE
Pre-tax national income 
P80-100 | share | all ages | equal split
",p80p100,2017,0.6751,0.0,VEN,Latin America & Caribbean
Venezuela,"sptinc_p80p100_999_j_VE
Pre-tax national income 
P80-100 | share | all ages | equal split
",p80p100,2018,0.6765,0.0,VEN,Latin America & Caribbean
Venezuela,"sptinc_p80p100_999_j_VE
Pre-tax national income 
P80-100 | share | all ages | equal split
",p80p100,2019,0.6728000000000001,0.0,VEN,Latin America & Caribbean
Venezuela,"sptinc_p80p100_999_j_VE
Pre-tax national income 
P80-100 | share | all ages | equal split
",p80p100,2020,0.6896,0.0,VEN,Latin America & Caribbean
Venezuela,"sptinc_p80p100_999_j_VE
Pre-tax national income 
P80-100 | share | all ages | equal split
",p80p100,2021,0.6794,0.0,VEN,Latin America & Caribbean
Venezuela,"sptinc_p80p100_999_j_VE
Pre-tax national income 
P80-100 | share | all ages | equal split
",p80p100,2022,0.6706000000000001,0.0,VEN,Latin America & Caribbean
Venezuela,"sptinc_p80p100_999_j_VE
Pre-tax national income 
P80-100 | share | all ages | equal split
",p80p100,2023,0.6712,0.0,VEN,Latin America & Caribbean
Venezuela,"sptinc_p80p100_999_j_VE
Pre-tax national income 
P80-100 | share | all ages | equal split
",p80p100,2024,0.6712,0.0,VEN,Latin America & Caribbean
Viet Nam,"sptinc_p80p100_999_j_VN
Pre-tax national income 
P80-100 | share | all ages | equal split
",p80p100,1960,0.5909,2.0,VNM,Southeast Asia
Viet Nam,"sptinc_p80p100_999_j_VN
Pre-tax national income 
P80-100 | share | all ages | equal split
",p80p100,1970,0.6394000000000001,2.0,VNM,Southeast Asia
Viet Nam,"sptinc_p80p100_999_j_VN
Pre-tax national income 
P80-100 | share | all ages | equal split
",p80p100,1980,0.6129,1.0,VNM,Southeast Asia
Viet Nam,"sptinc_p80p100_999_j_VN
Pre-tax national income 
P80-100 | share | all ages | equal split
",p80p100,1981,0.6129,1.0,VNM,Southeast Asia
Viet Nam,"sptinc_p80p100_999_j_VN
Pre-tax national income 
P80-100 | share | all ages | equal split
",p80p100,1982,0.6129,1.0,VNM,Southeast Asia
Viet Nam,"sptinc_p80p100_999_j_VN
Pre-tax national income 
P80-100 | share | all ages | equal split
",p80p100,1983,0.6129,1.0,VNM,Southeast Asia
Viet Nam,"sptinc_p80p100_999_j_VN
Pre-tax national income 
P80-100 | share | all ages | equal split
",p80p100,1984,0.6129,1.0,VNM,Southeast Asia
Viet Nam,"sptinc_p80p100_999_j_VN
Pre-tax national income 
P80-100 | share | all ages | equal split
",p80p100,1985,0.6129,1.0,VNM,Southeast Asia
Viet Nam,"sptinc_p80p100_999_j_VN
Pre-tax national income 
P80-100 | share | all ages | equal split
",p80p100,1986,0.6129,1.0,VNM,Southeast Asia
Viet Nam,"sptinc_p80p100_999_j_VN
Pre-tax national income 
P80-100 | share | all ages | equal split
",p80p100,1987,0.6129,1.0,VNM,Southeast Asia
Viet Nam,"sptinc_p80p100_999_j_VN
Pre-tax national income 
P80-100 | share | all ages | equal split
",p80p100,1988,0.6129,1.0,VNM,Southeast Asia
Viet Nam,"sptinc_p80p100_999_j_VN
Pre-tax national income 
P80-100 | share | all ages | equal split
",p80p100,1989,0.6129,1.0,VNM,Southeast Asia
Viet Nam,"sptinc_p80p100_999_j_VN
Pre-tax national income 
P80-100 | share | all ages | equal split
",p80p100,1990,0.6129,1.0,VNM,Southeast Asia
Viet Nam,"sptinc_p80p100_999_j_VN
Pre-tax national income 
P80-100 | share | all ages | equal split
",p80p100,1991,0.6129,1.0,VNM,Southeast Asia
Viet Nam,"sptinc_p80p100_999_j_VN
Pre-tax national income 
P80-100 | share | all ages | equal split
",p80p100,1992,0.6129,3.0,VNM,Southeast Asia
Viet Nam,"sptinc_p80p100_999_j_VN
Pre-tax national income 
P80-100 | share | all ages | equal split
",p80p100,1993,0.6135,2.0,VNM,Southeast Asia
Viet Nam,"sptinc_p80p100_999_j_VN
Pre-tax national income 
P80-100 | share | all ages | equal split
",p80p100,1994,0.6149,2.0,VNM,Southeast Asia
Viet Nam,"sptinc_p80p100_999_j_VN
Pre-tax national income 
P80-100 | share | all ages | equal split
",p80p100,1995,0.6156,2.0,VNM,Southeast Asia
Viet Nam,"sptinc_p80p100_999_j_VN
Pre-tax national income 
P80-100 | share | all ages | equal split
",p80p100,1996,0.6157,2.0,VNM,Southeast Asia
Viet Nam,"sptinc_p80p100_999_j_VN
Pre-tax national income 
P80-100 | share | all ages | equal split
",p80p100,1997,0.6161,2.0,VNM,Southeast Asia
Viet Nam,"sptinc_p80p100_999_j_VN
Pre-tax national income 
P80-100 | share | all ages | equal split
",p80p100,1998,0.616,3.0,VNM,Southeast Asia
Viet Nam,"sptinc_p80p100_999_j_VN
Pre-tax national income 
P80-100 | share | all ages | equal split
",p80p100,1999,0.6187,2.0,VNM,Southeast Asia
Viet Nam,"sptinc_p80p100_999_j_VN
Pre-tax national income 
P80-100 | share | all ages | equal split
",p80p100,2000,0.6245,2.0,VNM,Southeast Asia
Viet Nam,"sptinc_p80p100_999_j_VN
Pre-tax national income 
P80-100 | share | all ages | equal split
",p80p100,2001,0.6285000000000001,2.0,VNM,Southeast Asia
Viet Nam,"sptinc_p80p100_999_j_VN
Pre-tax national income 
P80-100 | share | all ages | equal split
",p80p100,2002,0.6299,3.0,VNM,Southeast Asia
Viet Nam,"sptinc_p80p100_999_j_VN
Pre-tax national income 
P80-100 | share | all ages | equal split
",p80p100,2003,0.6238,2.0,VNM,Southeast Asia
Viet Nam,"sptinc_p80p100_999_j_VN
Pre-tax national income 
P80-100 | share | all ages | equal split
",p80p100,2004,0.6207,3.0,VNM,Southeast Asia
Viet Nam,"sptinc_p80p100_999_j_VN
Pre-tax national income 
P80-100 | share | all ages | equal split
",p80p100,2005,0.6107,2.0,VNM,Southeast Asia
Viet Nam,"sptinc_p80p100_999_j_VN
Pre-tax national income 
P80-100 | share | all ages | equal split
",p80p100,2006,0.6007,3.0,VNM,Southeast Asia
Viet Nam,"sptinc_p80p100_999_j_VN
Pre-tax national income 
P80-100 | share | all ages | equal split
",p80p100,2007,0.6028,2.0,VNM,Southeast Asia
Viet Nam,"sptinc_p80p100_999_j_VN
Pre-tax national income 
P80-100 | share | all ages | equal split
",p80p100,2008,0.6049,3.0,VNM,Southeast Asia
Viet Nam,"sptinc_p80p100_999_j_VN
Pre-tax national income 
P80-100 | share | all ages | equal split
",p80p100,2009,0.6209,2.0,VNM,Southeast Asia
Viet Nam,"sptinc_p80p100_999_j_VN
Pre-tax national income 
P80-100 | share | all ages | equal split
",p80p100,2010,0.6334000000000001,3.0,VNM,Southeast Asia
Viet Nam,"sptinc_p80p100_999_j_VN
Pre-tax national income 
P80-100 | share | all ages | equal split
",p80p100,2011,0.6149,2.0,VNM,Southeast Asia
Viet Nam,"sptinc_p80p100_999_j_VN
Pre-tax national income 
P80-100 | share | all ages | equal split
",p80p100,2012,0.5971000000000001,3.0,VNM,Southeast Asia
Viet Nam,"sptinc_p80p100_999_j_VN
Pre-tax national income 
P80-100 | share | all ages | equal split
",p80p100,2013,0.5927,2.0,VNM,Southeast Asia
Viet Nam,"sptinc_p80p100_999_j_VN
Pre-tax national income 
P80-100 | share | all ages | equal split
",p80p100,2014,0.5900000000000001,3.0,VNM,Southeast Asia
Viet Nam,"sptinc_p80p100_999_j_VN
Pre-tax national income 
P80-100 | share | all ages | equal split
",p80p100,2015,0.5913,2.0,VNM,Southeast Asia
Viet Nam,"sptinc_p80p100_999_j_VN
Pre-tax national income 
P80-100 | share | all ages | equal split
",p80p100,2016,0.5931000000000001,3.0,VNM,Southeast Asia
Viet Nam,"sptinc_p80p100_999_j_VN
Pre-tax national income 
P80-100 | share | all ages | equal split
",p80p100,2017,0.5931000000000001,2.0,VNM,Southeast Asia
Viet Nam,"sptinc_p80p100_999_j_VN
Pre-tax national income 
P80-100 | share | all ages | equal split
",p80p100,2018,0.5927,3.0,VNM,Southeast Asia
Viet Nam,"sptinc_p80p100_999_j_VN
Pre-tax national income 
P80-100 | share | all ages | equal split
",p80p100,2019,0.5927,1.0,VNM,Southeast Asia
Viet Nam,"sptinc_p80p100_999_j_VN
Pre-tax national income 
P80-100 | share | all ages | equal split
",p80p100,2020,0.5927,1.0,VNM,Southeast Asia
Viet Nam,"sptinc_p80p100_999_j_VN
Pre-tax national income 
P80-100 | share | all ages | equal split
",p80p100,2021,0.5927,1.0,VNM,Southeast Asia
Viet Nam,"sptinc_p80p100_999_j_VN
Pre-tax national income 
P80-100 | share | all ages | equal split
",p80p100,2022,0.5927,1.0,VNM,Southeast Asia
Viet Nam,"sptinc_p80p100_999_j_VN
Pre-tax national income 
P80-100 | share | all ages | equal split
",p80p100,2023,0.5927,1.0,VNM,Southeast Asia
Viet Nam,"sptinc_p80p100_999_j_VN
Pre-tax national income 
P80-100 | share | all ages | equal split
",p80p100,2024,0.5927,1.0,VNM,Southeast Asia
Zambia,"sptinc_p80p100_999_j_ZM
Pre-tax national income 
P80-100 | share | all ages | equal split
",p80p100,1963,0.7362000000000001,3.0,ZMB,Sub-Saharan Africa
Zambia,"sptinc_p80p100_999_j_ZM
Pre-tax national income 
P80-100 | share | all ages | equal split
",p80p100,1968,0.7413000000000001,3.0,ZMB,Sub-Saharan Africa
Zambia,"sptinc_p80p100_999_j_ZM
Pre-tax national income 
P80-100 | share | all ages | equal split
",p80p100,1970,0.7385,3.0,ZMB,Sub-Saharan Africa
Zambia,"sptinc_p80p100_999_j_ZM
Pre-tax national income 
P80-100 | share | all ages | equal split
",p80p100,1980,0.7443000000000001,1.0,ZMB,Sub-Saharan Africa
Zambia,"sptinc_p80p100_999_j_ZM
Pre-tax national income 
P80-100 | share | all ages | equal split
",p80p100,1981,0.7443000000000001,1.0,ZMB,Sub-Saharan Africa
Zambia,"sptinc_p80p100_999_j_ZM
Pre-tax national income 
P80-100 | share | all ages | equal split
",p80p100,1982,0.7443000000000001,1.0,ZMB,Sub-Saharan Africa
Zambia,"sptinc_p80p100_999_j_ZM
Pre-tax national income 
P80-100 | share | all ages | equal split
",p80p100,1983,0.7443000000000001,1.0,ZMB,Sub-Saharan Africa
Zambia,"sptinc_p80p100_999_j_ZM
Pre-tax national income 
P80-100 | share | all ages | equal split
",p80p100,1984,0.7443000000000001,1.0,ZMB,Sub-Saharan Africa
Zambia,"sptinc_p80p100_999_j_ZM
Pre-tax national income 
P80-100 | share | all ages | equal split
",p80p100,1985,0.7443000000000001,1.0,ZMB,Sub-Saharan Africa
Zambia,"sptinc_p80p100_999_j_ZM
Pre-tax national income 
P80-100 | share | all ages | equal split
",p80p100,1986,0.7443000000000001,1.0,ZMB,Sub-Saharan Africa
Zambia,"sptinc_p80p100_999_j_ZM
Pre-tax national income 
P80-100 | share | all ages | equal split
",p80p100,1987,0.7443000000000001,1.0,ZMB,Sub-Saharan Africa
Zambia,"sptinc_p80p100_999_j_ZM
Pre-tax national income 
P80-100 | share | all ages | equal split
",p80p100,1988,0.7443000000000001,1.0,ZMB,Sub-Saharan Africa
Zambia,"sptinc_p80p100_999_j_ZM
Pre-tax national income 
P80-100 | share | all ages | equal split
",p80p100,1989,0.7443000000000001,1.0,ZMB,Sub-Saharan Africa
Zambia,"sptinc_p80p100_999_j_ZM
Pre-tax national income 
P80-100 | share | all ages | equal split
",p80p100,1990,0.7443000000000001,1.0,ZMB,Sub-Saharan Africa
Zambia,"sptinc_p80p100_999_j_ZM
Pre-tax national income 
P80-100 | share | all ages | equal split
",p80p100,1991,0.7443000000000001,3.0,ZMB,Sub-Saharan Africa
Zambia,"sptinc_p80p100_999_j_ZM
Pre-tax national income 
P80-100 | share | all ages | equal split
",p80p100,1992,0.7269,2.0,ZMB,Sub-Saharan Africa
Zambia,"sptinc_p80p100_999_j_ZM
Pre-tax national income 
P80-100 | share | all ages | equal split
",p80p100,1993,0.7095,3.0,ZMB,Sub-Saharan Africa
Zambia,"sptinc_p80p100_999_j_ZM
Pre-tax national income 
P80-100 | share | all ages | equal split
",p80p100,1994,0.7039000000000001,2.0,ZMB,Sub-Saharan Africa
Zambia,"sptinc_p80p100_999_j_ZM
Pre-tax national income 
P80-100 | share | all ages | equal split
",p80p100,1995,0.6983,2.0,ZMB,Sub-Saharan Africa
Zambia,"sptinc_p80p100_999_j_ZM
Pre-tax national income 
P80-100 | share | all ages | equal split
",p80p100,1996,0.6927,3.0,ZMB,Sub-Saharan Africa
Zambia,"sptinc_p80p100_999_j_ZM
Pre-tax national income 
P80-100 | share | all ages | equal split
",p80p100,1997,0.6958000000000001,2.0,ZMB,Sub-Saharan Africa
Zambia,"sptinc_p80p100_999_j_ZM
Pre-tax national income 
P80-100 | share | all ages | equal split
",p80p100,1998,0.6990000000000001,3.0,ZMB,Sub-Saharan Africa
Zambia,"sptinc_p80p100_999_j_ZM
Pre-tax national income 
P80-100 | share | all ages | equal split
",p80p100,1999,0.6885,2.0,ZMB,Sub-Saharan Africa
Zambia,"sptinc_p80p100_999_j_ZM
Pre-tax national income 
P80-100 | share | all ages | equal split
",p80p100,2000,0.6781,3.0,ZMB,Sub-Saharan Africa
Zambia,"sptinc_p80p100_999_j_ZM
Pre-tax national income 
P80-100 | share | all ages | equal split
",p80p100,2001,0.6675,2.0,ZMB,Sub-Saharan Africa
Zambia,"sptinc_p80p100_999_j_ZM
Pre-tax national income 
P80-100 | share | all ages | equal split
",p80p100,2002,0.657,3.0,ZMB,Sub-Saharan Africa
Zambia,"sptinc_p80p100_999_j_ZM
Pre-tax national income 
P80-100 | share | all ages | equal split
",p80p100,2003,0.6986,2.0,ZMB,Sub-Saharan Africa
Zambia,"sptinc_p80p100_999_j_ZM
Pre-tax national income 
P80-100 | share | all ages | equal split
",p80p100,2004,0.7399,3.0,ZMB,Sub-Saharan Africa
Zambia,"sptinc_p80p100_999_j_ZM
Pre-tax national income 
P80-100 | share | all ages | equal split
",p80p100,2005,0.7414000000000001,2.0,ZMB,Sub-Saharan Africa
Zambia,"sptinc_p80p100_999_j_ZM
Pre-tax national income 
P80-100 | share | all ages | equal split
",p80p100,2006,0.7429,3.0,ZMB,Sub-Saharan Africa
Zambia,"sptinc_p80p100_999_j_ZM
Pre-tax national income 
P80-100 | share | all ages | equal split
",p80p100,2007,0.7385,3.0,ZMB,Sub-Saharan Africa
Zambia,"sptinc_p80p100_999_j_ZM
Pre-tax national income 
P80-100 | share | all ages | equal split
",p80p100,2008,0.7342000000000001,2.0,ZMB,Sub-Saharan Africa
Zambia,"sptinc_p80p100_999_j_ZM
Pre-tax national income 
P80-100 | share | all ages | equal split
",p80p100,2009,0.7299,2.0,ZMB,Sub-Saharan Africa
Zambia,"sptinc_p80p100_999_j_ZM
Pre-tax national income 
P80-100 | share | all ages | equal split
",p80p100,2010,0.7256,3.0,ZMB,Sub-Saharan Africa
Zambia,"sptinc_p80p100_999_j_ZM
Pre-tax national income 
P80-100 | share | all ages | equal split
",p80p100,2011,0.7299,2.0,ZMB,Sub-Saharan Africa
Zambia,"sptinc_p80p100_999_j_ZM
Pre-tax national income 
P80-100 | share | all ages | equal split
",p80p100,2012,0.7342000000000001,2.0,ZMB,Sub-Saharan Africa
Zambia,"sptinc_p80p100_999_j_ZM
Pre-tax national income 
P80-100 | share | all ages | equal split
",p80p100,2013,0.7385,2.0,ZMB,Sub-Saharan Africa
Zambia,"sptinc_p80p100_999_j_ZM
Pre-tax national income 
P80-100 | share | all ages | equal split
",p80p100,2014,0.7428,2.0,ZMB,Sub-Saharan Africa
Zambia,"sptinc_p80p100_999_j_ZM
Pre-tax national income 
P80-100 | share | all ages | equal split
",p80p100,2015,0.7471,3.0,ZMB,Sub-Saharan Africa
Zambia,"sptinc_p80p100_999_j_ZM
Pre-tax national income 
P80-100 | share | all ages | equal split
",p80p100,2016,0.7421,2.0,ZMB,Sub-Saharan Africa
Zambia,"sptinc_p80p100_999_j_ZM
Pre-tax national income 
P80-100 | share | all ages | equal split
",p80p100,2017,0.7371000000000001,3.0,ZMB,Sub-Saharan Africa
Zambia,"sptinc_p80p100_999_j_ZM
Pre-tax national income 
P80-100 | share | all ages | equal split
",p80p100,2018,0.7321000000000001,1.0,ZMB,Sub-Saharan Africa
Zambia,"sptinc_p80p100_999_j_ZM
Pre-tax national income 
P80-100 | share | all ages | equal split
",p80p100,2019,0.7271000000000001,2.0,ZMB,Sub-Saharan Africa
Zambia,"sptinc_p80p100_999_j_ZM
Pre-tax national income 
P80-100 | share | all ages | equal split
",p80p100,2020,0.7221000000000001,2.0,ZMB,Sub-Saharan Africa
Zambia,"sptinc_p80p100_999_j_ZM
Pre-tax national income 
P80-100 | share | all ages | equal split
",p80p100,2021,0.7171000000000001,2.0,ZMB,Sub-Saharan Africa
Zambia,"sptinc_p80p100_999_j_ZM
Pre-tax national income 
P80-100 | share | all ages | equal split
",p80p100,2022,0.7121000000000001,3.0,ZMB,Sub-Saharan Africa
Zambia,"sptinc_p80p100_999_j_ZM
Pre-tax national income 
P80-100 | share | all ages | equal split
",p80p100,2023,0.7121000000000001,1.0,ZMB,Sub-Saharan Africa
Zambia,"sptinc_p80p100_999_j_ZM
Pre-tax national income 
P80-100 | share | all ages | equal split
",p80p100,2024,0.7121000000000001,1.0,ZMB,Sub-Saharan Africa
