iso3,Country,year,pop,rgdpe
ABW,Aruba,1970,0.05895,444.191925048828
ABW,Aruba,1971,0.058781,484.616943359375
ABW,Aruba,1972,0.058895,528.6953125
ABW,Aruba,1973,0.059435,576.773071289063
ABW,Aruba,1974,0.060122,629.518371582031
ABW,Aruba,1975,0.060813,686.935852050781
ABW,Aruba,1976,0.061271,749.218505859375
ABW,Aruba,1977,0.061511,817.264404296875
ABW,Aruba,1978,0.061719,891.442260742188
ABW,Aruba,1979,0.061896,972.455749511719
ABW,Aruba,1980,0.062039,1061.05615234375
ABW,Aruba,1981,0.062266,1157.55395507813
ABW,Aruba,1982,0.062652,1262.88098144531
ABW,Aruba,1983,0.063096,1377.36193847656
ABW,Aruba,1984,0.063469,1501.99377441406
ABW,Aruba,1985,0.063661,1638.96826171875
ABW,Aruba,1986,0.063621,1787.73999023438
ABW,Aruba,1987,0.063408,2073.39038085938
ABW,Aruba,1988,0.063203,2463.97875976563
ABW,Aruba,1989,0.06339,2759.9619140625
ABW,Aruba,1990,0.064433,2859.39794921875
ABW,Aruba,1991,0.066543,3114.92407226563
ABW,Aruba,1992,0.068874,3269.51440429688
ABW,Aruba,1993,0.071072,3475.14721679688
ABW,Aruba,1994,0.073458,3933.4931640625
ABW,Aruba,1995,0.075918,3787.15673828125
ABW,Aruba,1996,0.078482,3798.84204101563
ABW,Aruba,1997,0.081106,4154.884765625
ABW,Aruba,1998,0.083777,4434.9658203125
ABW,Aruba,1999,0.086472,4469.28857421875
ABW,Aruba,2000,0.088761,4361.38818359375
ABW,Aruba,2001,0.090305,4382.21728515625
ABW,Aruba,2002,0.091379,4455.169921875
ABW,Aruba,2003,0.09231,4586.00341796875
ABW,Aruba,2004,0.093213,4955.59130859375
ABW,Aruba,2005,0.09423,5130.1064453125
ABW,Aruba,2006,0.095392,5206.849609375
ABW,Aruba,2007,0.096587,5369.44189453125
ABW,Aruba,2008,0.097805,5348.5263671875
ABW,Aruba,2009,0.099025,4791.53515625
ABW,Aruba,2010,0.100114,4436.71142578125
ABW,Aruba,2011,0.100981,4545.42578125
ABW,Aruba,2012,0.101763,4355.21142578125
ABW,Aruba,2013,0.102558,4487.3681640625
ABW,Aruba,2014,0.103373,4418.78076171875
ABW,Aruba,2015,0.104184,4505.90185546875
ABW,Aruba,2016,0.104977,4455.6552734375
ABW,Aruba,2017,0.105731,4491.76416015625
ABW,Aruba,2018,0.106432,4620.67626953125
ABW,Aruba,2019,0.107076,4528.70166015625
ABW,Aruba,2020,0.1074,3427.24926757813
ABW,Aruba,2021,0.107558,3981.6728515625
ABW,Aruba,2022,0.107782,4463.6103515625
ABW,Aruba,2023,0.107939,4693.76513671875
AGO,Angola,1970,5.852788,31898.46875
AGO,Angola,1971,5.991102,33790.5703125
AGO,Angola,1972,6.174262,33909.2265625
AGO,Angola,1973,6.388528,37004.23828125
AGO,Angola,1974,6.613367,38114.1953125
AGO,Angola,1975,6.842947,36047.58203125
AGO,Angola,1976,7.074664,34164.02734375
AGO,Angola,1977,7.317829,34847.3046875
AGO,Angola,1978,7.576734,32523.048828125
AGO,Angola,1979,7.847207,32853.2734375
AGO,Angola,1980,8.133872,33454.8359375
AGO,Angola,1981,8.435607,32948.79296875
AGO,Angola,1982,8.751648,33628.12109375
AGO,Angola,1983,9.082983,34220.68359375
AGO,Angola,1984,9.425917,38043.515625
AGO,Angola,1985,9.77912,38920.51953125
AGO,Angola,1986,10.13945,33670.01171875
AGO,Angola,1987,10.497858,38236.04296875
AGO,Angola,1988,10.861291,36443.46875
AGO,Angola,1989,11.238562,38541.828125
AGO,Angola,1990,11.62636,40384.625
AGO,Angola,1991,12.023529,37129.6875
AGO,Angola,1992,12.423712,42314.23046875
AGO,Angola,1993,12.827135,36471.9609375
AGO,Angola,1994,13.249764,39912.5078125
AGO,Angola,1995,13.699778,40348.76953125
AGO,Angola,1996,14.170973,53666.6171875
AGO,Angola,1997,14.660413,50469.984375
AGO,Angola,1998,15.15937,52292.921875
AGO,Angola,1999,15.667235,54899.65625
AGO,Angola,2000,16.194869,45151.36328125
AGO,Angola,2001,16.747208,45123.08984375
AGO,Angola,2002,17.327699,51249.51171875
AGO,Angola,2003,17.943712,53564.50390625
AGO,Angola,2004,18.600423,63605.14453125
AGO,Angola,2005,19.291161,79527.234375
AGO,Angola,2006,20.015279,100972.546875
AGO,Angola,2007,20.778561,110935.4375
AGO,Angola,2008,21.578655,132854.15625
AGO,Angola,2009,22.414773,109491.1328125
AGO,Angola,2010,23.294825,154504.140625
AGO,Angola,2011,24.218352,203094.90625
AGO,Angola,2012,25.177394,224005.953125
AGO,Angola,2013,26.16562,231043.359375
AGO,Angola,2014,27.160769,250170.40625
AGO,Angola,2015,28.157798,232731.09375
AGO,Angola,2016,29.18307,223169.421875
AGO,Angola,2017,30.234839,230444.859375
AGO,Angola,2018,31.297155,243408.6875
AGO,Angola,2019,32.375632,256933.171875
AGO,Angola,2020,33.451132,219350.09375
AGO,Angola,2021,34.532429,247694.40625
AGO,Angola,2022,35.635029,246795
AGO,Angola,2023,36.749906,247271.1875
AIA,Anguilla,1970,0.006298,71.2802505493164
AIA,Anguilla,1971,0.006355,69.5040283203125
AIA,Anguilla,1972,0.006403,77.5525436401367
AIA,Anguilla,1973,0.006447,80.8208160400391
AIA,Anguilla,1974,0.006479,80.6507797241211
AIA,Anguilla,1975,0.006499,83.3469085693359
AIA,Anguilla,1976,0.006521,84.6907043457031
AIA,Anguilla,1977,0.006543,85.025505065918
AIA,Anguilla,1978,0.006561,91.3347778320313
AIA,Anguilla,1979,0.006577,99.6233215332031
AIA,Anguilla,1980,0.006588,104.110542297363
AIA,Anguilla,1981,0.006604,108.997901916504
AIA,Anguilla,1982,0.006628,108.729286193848
AIA,Anguilla,1983,0.006647,107.58464050293
AIA,Anguilla,1984,0.006742,109.926284790039
AIA,Anguilla,1985,0.006955,123.752235412598
AIA,Anguilla,1986,0.007219,149.618118286133
AIA,Anguilla,1987,0.007495,165.952560424805
AIA,Anguilla,1988,0.007782,173.217636108398
AIA,Anguilla,1989,0.00809,193.765869140625
AIA,Anguilla,1990,0.008399,238.286544799805
AIA,Anguilla,1991,0.008703,189.314849853516
AIA,Anguilla,1992,0.008982,237.936248779297
AIA,Anguilla,1993,0.009228,247.203979492188
AIA,Anguilla,1994,0.009467,268.610748291016
AIA,Anguilla,1995,0.009714,258.241333007813
AIA,Anguilla,1996,0.009977,265.121948242188
AIA,Anguilla,1997,0.010254,291.289672851563
AIA,Anguilla,1998,0.010537,335.606597900391
AIA,Anguilla,1999,0.010841,352.257690429688
AIA,Anguilla,2000,0.011177,354.762634277344
AIA,Anguilla,2001,0.011472,348.873992919922
AIA,Anguilla,2002,0.011687,319.383270263672
AIA,Anguilla,2003,0.011874,340.907104492188
AIA,Anguilla,2004,0.012068,399.727600097656
AIA,Anguilla,2005,0.012267,450.339324951172
AIA,Anguilla,2006,0.01247,526.561584472656
AIA,Anguilla,2007,0.012676,623.545776367188
AIA,Anguilla,2008,0.01289,624.56396484375
AIA,Anguilla,2009,0.013114,487.377563476563
AIA,Anguilla,2010,0.013345,459.244750976563
AIA,Anguilla,2011,0.013569,460.052276611328
AIA,Anguilla,2012,0.013379,433.947021484375
AIA,Anguilla,2013,0.013252,404.647491455078
AIA,Anguilla,2014,0.013729,425.792999267578
AIA,Anguilla,2015,0.01421,422.862396240234
AIA,Anguilla,2016,0.01432,391.448120117188
AIA,Anguilla,2017,0.014425,317.524017333984
AIA,Anguilla,2018,0.014721,409.245025634766
AIA,Anguilla,2019,0.014823,505.304626464844
AIA,Anguilla,2020,0.014843,355.674377441406
AIA,Anguilla,2021,0.014475,406.792907714844
AIA,Anguilla,2022,0.01418,508.507751464844
AIA,Anguilla,2023,0.01441,519.414184570313
ALB,Albania,1970,2.18122,7176.78955078125
ALB,Albania,1971,2.234992,7464.951171875
ALB,Albania,1972,2.289265,7765.654296875
ALB,Albania,1973,2.344105,8075.94580078125
ALB,Albania,1974,2.399401,8399.4560546875
ALB,Albania,1975,2.454859,8738.759765625
ALB,Albania,1976,2.51058,9077.880859375
ALB,Albania,1977,2.566599,9456.939453125
ALB,Albania,1978,2.624621,9843.6875
ALB,Albania,1979,2.681385,10172.345703125
ALB,Albania,1980,2.735416,10692.4873046875
ALB,Albania,1981,2.790413,11096.9658203125
ALB,Albania,1982,2.846907,11224.41015625
ALB,Albania,1983,2.90513,11608.25
ALB,Albania,1984,2.964958,11749.4345703125
ALB,Albania,1985,3.026242,11850.794921875
ALB,Albania,1986,3.087652,12527.5537109375
ALB,Albania,1987,3.148838,12710.6474609375
ALB,Albania,1988,3.212919,12459.126953125
ALB,Albania,1989,3.260374,13441.0810546875
ALB,Albania,1990,3.277966,12798.8994140625
ALB,Albania,1991,3.282602,10324.7919921875
ALB,Albania,1992,3.282501,8037.6982421875
ALB,Albania,1993,3.277825,9880.0419921875
ALB,Albania,1994,3.26941,11898.865234375
ALB,Albania,1995,3.258567,12910.365234375
ALB,Albania,1996,3.245678,14916.86328125
ALB,Albania,1997,3.22966,12118.62109375
ALB,Albania,1998,3.210133,11633.2236328125
ALB,Albania,1999,3.188595,13307.8818359375
ALB,Albania,2000,3.166148,14723.3681640625
ALB,Albania,2001,3.147943,16123.0927734375
ALB,Albania,2002,3.134092,17287.470703125
ALB,Albania,2003,3.118088,19072.255859375
ALB,Albania,2004,3.098657,20853.2734375
ALB,Albania,2005,3.076159,22467.828125
ALB,Albania,2006,3.050809,24420.517578125
ALB,Albania,2007,3.022887,26499.765625
ALB,Albania,2008,2.99293,28913.884765625
ALB,Albania,2009,2.961479,31098.84765625
ALB,Albania,2010,2.928722,31252.564453125
ALB,Albania,2011,2.911504,32766.37109375
ALB,Albania,2012,2.910004,33552.59765625
ALB,Albania,2013,2.907573,32429.322265625
ALB,Albania,2014,2.903749,33840.73828125
ALB,Albania,2015,2.898632,35169.203125
ALB,Albania,2016,2.897867,35458.46875
ALB,Albania,2017,2.898242,37024.984375
ALB,Albania,2018,2.894231,38288.63671875
ALB,Albania,2019,2.88501,40747.75
ALB,Albania,2020,2.871954,38832.64453125
ALB,Albania,2021,2.849635,42177.8828125
ALB,Albania,2022,2.827608,45421.00390625
ALB,Albania,2023,2.811655,47182.19140625
ARE,United Arab Emirates,1970,0.286536,72333.359375
ARE,United Arab Emirates,1971,0.335027,84253.328125
ARE,United Arab Emirates,1972,0.385014,94121.046875
ARE,United Arab Emirates,1973,0.436399,108319.0234375
ARE,United Arab Emirates,1974,0.489087,125320.6875
ARE,United Arab Emirates,1975,0.542856,138347.59375
ARE,United Arab Emirates,1976,0.615866,167154.578125
ARE,United Arab Emirates,1977,0.710209,203223.703125
ARE,United Arab Emirates,1978,0.809274,187798.71875
ARE,United Arab Emirates,1979,0.91201,221269.390625
ARE,United Arab Emirates,1980,1.0157,269496.1875
ARE,United Arab Emirates,1981,1.099855,268081.3125
ARE,United Arab Emirates,1982,1.16637,248132.796875
ARE,United Arab Emirates,1983,1.235305,232391.484375
ARE,United Arab Emirates,1984,1.305996,240402.765625
ARE,United Arab Emirates,1985,1.377911,226925.984375
ARE,United Arab Emirates,1986,1.467383,189516.625
ARE,United Arab Emirates,1987,1.574244,189146.46875
ARE,United Arab Emirates,1988,1.681788,183155.390625
ARE,United Arab Emirates,1989,1.789851,205510.765625
ARE,United Arab Emirates,1990,1.89822,247337.34375
ARE,United Arab Emirates,1991,2.006626,249834.03125
ARE,United Arab Emirates,1992,2.11473,259378.734375
ARE,United Arab Emirates,1993,2.222093,216202.359375
ARE,United Arab Emirates,1994,2.328188,224380.265625
ARE,United Arab Emirates,1995,2.434662,246462.0625
ARE,United Arab Emirates,1996,2.597564,265548.5625
ARE,United Arab Emirates,1997,2.81741,289097.03125
ARE,United Arab Emirates,1998,3.040421,270072.65625
ARE,United Arab Emirates,1999,3.266009,298548.5625
ARE,United Arab Emirates,2000,3.493575,373219.9375
ARE,United Arab Emirates,2001,3.72359,376860.90625
ARE,United Arab Emirates,2002,3.956826,388782
ARE,United Arab Emirates,2003,4.192457,419134.34375
ARE,United Arab Emirates,2004,4.428967,456511.75
ARE,United Arab Emirates,2005,4.66479,521269.59375
ARE,United Arab Emirates,2006,5.0091,607550.9375
ARE,United Arab Emirates,2007,5.624635,652276.9375
ARE,United Arab Emirates,2008,6.302664,716849.0625
ARE,United Arab Emirates,2009,6.707058,621376.75
ARE,United Arab Emirates,2010,6.938363,649343.125
ARE,United Arab Emirates,2011,7.199423,752804.75
ARE,United Arab Emirates,2012,7.497118,750118.6875
ARE,United Arab Emirates,2013,7.831847,736499.5
ARE,United Arab Emirates,2014,8.236874,766602.8125
ARE,United Arab Emirates,2015,8.674633,680279.9375
ARE,United Arab Emirates,2016,9.030873,668570.5625
ARE,United Arab Emirates,2017,9.234327,681478.6875
ARE,United Arab Emirates,2018,9.34687,729394
ARE,United Arab Emirates,2019,9.377847,770450.875
ARE,United Arab Emirates,2020,9.448524,662271.9375
ARE,United Arab Emirates,2021,9.789048,662014.5
ARE,United Arab Emirates,2022,10.242086,876475
ARE,United Arab Emirates,2023,10.642081,903319.1875
ARG,Argentina,1950,17.0902249666788,56066.51171875
ARG,Argentina,1951,17.4559449452828,58718.82421875
ARG,Argentina,1952,17.8142998526244,53147.3828125
ARG,Argentina,1953,18.1669185573674,55202.6796875
ARG,Argentina,1954,18.5154356301661,57792.71875
ARG,Argentina,1955,18.8614799396842,63132.42578125
ARG,Argentina,1956,19.2039662070337,64723.91015625
ARG,Argentina,1957,19.5418053519996,67724.3671875
ARG,Argentina,1958,19.8766281439092,72930.5078125
ARG,Argentina,1959,20.2100672527532,69163.3515625
ARG,Argentina,1960,20.5437515471954,74293.7578125
ARG,Argentina,1961,20.8771526427683,77830.71875
ARG,Argentina,1962,21.2091852605842,74166.7265625
ARG,Argentina,1963,21.5406400766804,73608.4140625
ARG,Argentina,1964,21.872313469085,78562.5390625
ARG,Argentina,1965,22.2049999151625,90604.4765625
ARG,Argentina,1966,22.5323530993144,90113.4140625
ARG,Argentina,1967,22.8538427364096,94126.8515625
ARG,Argentina,1968,23.1789873495146,96810.046875
ARG,Argentina,1969,23.5173092630226,105260.90625
ARG,Argentina,1970,23.878327,107366.7109375
ARG,Argentina,1971,24.257208,112271.7265625
ARG,Argentina,1972,24.644328,114951.609375
ARG,Argentina,1973,25.046005,121513.515625
ARG,Argentina,1974,25.461351,127194.9453125
ARG,Argentina,1975,25.874107,125789.125
ARG,Argentina,1976,26.282283,124168.2734375
ARG,Argentina,1977,26.701805,128872.078125
ARG,Argentina,1978,27.132158,125265.7265625
ARG,Argentina,1979,27.568895,136675.578125
ARG,Argentina,1980,28.011596,144583.125
ARG,Argentina,1981,28.463959,143491.5
ARG,Argentina,1982,28.924262,143783.4375
ARG,Argentina,1983,29.391332,157129.28125
ARG,Argentina,1984,29.863093,167900.78125
ARG,Argentina,1985,30.336441,161122.28125
ARG,Argentina,1986,30.81198,183398.953125
ARG,Argentina,1987,31.291762,196997.28125
ARG,Argentina,1988,31.780532,206498.9375
ARG,Argentina,1989,32.270948,203135.65625
ARG,Argentina,1990,32.755901,218854.9375
ARG,Argentina,1991,33.230294,262842.125
ARG,Argentina,1992,33.693527,316084.5
ARG,Argentina,1993,34.152717,363304.4375
ARG,Argentina,1994,34.613491,424014.46875
ARG,Argentina,1995,35.07002,470774.46875
ARG,Argentina,1996,35.513793,609480.1875
ARG,Argentina,1997,35.947791,631510
ARG,Argentina,1998,36.37286,634181.0625
ARG,Argentina,1999,36.794682,594499.8125
ARG,Argentina,2000,37.213984,587599.9375
ARG,Argentina,2001,37.624825,548015
ARG,Argentina,2002,38.029349,507861.78125
ARG,Argentina,2003,38.424282,535112.8125
ARG,Argentina,2004,38.815916,576108.5
ARG,Argentina,2005,39.216789,615622.875
ARG,Argentina,2006,39.622115,674686.25
ARG,Argentina,2007,40.016763,745899.625
ARG,Argentina,2008,40.424148,801076.0625
ARG,Argentina,2009,40.854831,769368
ARG,Argentina,2010,41.288694,875177.1875
ARG,Argentina,2011,41.73066,982867.6875
ARG,Argentina,2012,42.161721,995111.1875
ARG,Argentina,2013,42.582455,998802.5625
ARG,Argentina,2014,43.024071,974450.6875
ARG,Argentina,2015,43.477012,1013187.75
ARG,Argentina,2016,43.900313,1013049.75
ARG,Argentina,2017,44.288894,1132228.5
ARG,Argentina,2018,44.654882,1174467.875
ARG,Argentina,2019,44.973465,1136796.75
ARG,Argentina,2020,45.191965,1059253.75
ARG,Argentina,2021,45.312281,1202829.375
ARG,Argentina,2022,45.407904,1276408.75
ARG,Argentina,2023,45.538401,1250172.125
ARM,Armenia,1990,3.552128,26431.6875
ARM,Armenia,1991,3.613977,23784.1953125
ARM,Armenia,1992,3.571861,13740.607421875
ARM,Armenia,1993,3.453332,12182.6005859375
ARM,Armenia,1994,3.36461,10079.689453125
ARM,Armenia,1995,3.307581,10602.169921875
ARM,Armenia,1996,3.278735,11209.2001953125
ARM,Armenia,1997,3.246289,10600.0859375
ARM,Armenia,1998,3.208401,10790.0908203125
ARM,Armenia,1999,3.167286,10871.236328125
ARM,Armenia,2000,3.125628,11337.4208984375
ARM,Armenia,2001,3.084349,12372.52734375
ARM,Armenia,2002,3.05563,13879.064453125
ARM,Armenia,2003,3.038968,15665.787109375
ARM,Armenia,2004,3.022541,17248.59375
ARM,Armenia,2005,3.006351,19462.630859375
ARM,Armenia,2006,2.990377,22200.34765625
ARM,Armenia,2007,2.974819,25627.5546875
ARM,Armenia,2008,2.95999,27211.65625
ARM,Armenia,2009,2.945517,24599.935546875
ARM,Armenia,2010,2.931078,26574.17578125
ARM,Armenia,2011,2.923271,29269.76953125
ARM,Armenia,2012,2.922528,32784.4609375
ARM,Armenia,2013,2.922518,31988.6640625
ARM,Armenia,2014,2.922422,32881.6484375
ARM,Armenia,2015,2.921177,33828.48828125
ARM,Armenia,2016,2.918793,36222.63671875
ARM,Armenia,2017,2.914963,40963.39453125
ARM,Armenia,2018,2.909965,41669.625
ARM,Armenia,2019,2.903972,48674.08203125
ARM,Armenia,2020,2.890892,46911.76171875
ARM,Armenia,2021,2.870349,47911.4453125
ARM,Armenia,2022,2.880874,53860.84375
ARM,Armenia,2023,2.943393,59457.52734375
ATG,Antigua and Barbuda,1970,0.064528,341.763519287109
ATG,Antigua and Barbuda,1971,0.064729,366.980346679688
ATG,Antigua and Barbuda,1972,0.064615,394.054656982422
ATG,Antigua and Barbuda,1973,0.064342,425.917602539063
ATG,Antigua and Barbuda,1974,0.064058,445.262847900391
ATG,Antigua and Barbuda,1975,0.063839,418.657043457031
ATG,Antigua and Barbuda,1976,0.063762,379.319885253906
ATG,Antigua and Barbuda,1977,0.063862,407.307556152344
ATG,Antigua and Barbuda,1978,0.064038,410.800750732422
ATG,Antigua and Barbuda,1979,0.064274,507.985778808594
ATG,Antigua and Barbuda,1980,0.064513,490.012268066406
ATG,Antigua and Barbuda,1981,0.064665,510.377014160156
ATG,Antigua and Barbuda,1982,0.064785,646.956298828125
ATG,Antigua and Barbuda,1983,0.064934,662.515808105469
ATG,Antigua and Barbuda,1984,0.064882,571.830322265625
ATG,Antigua and Barbuda,1985,0.064591,617.802856445313
ATG,Antigua and Barbuda,1986,0.064276,747.037109375
ATG,Antigua and Barbuda,1987,0.063946,783.773986816406
ATG,Antigua and Barbuda,1988,0.063623,867.490112304688
ATG,Antigua and Barbuda,1989,0.063325,897.934814453125
ATG,Antigua and Barbuda,1990,0.063066,938.951477050781
ATG,Antigua and Barbuda,1991,0.063387,954.124755859375
ATG,Antigua and Barbuda,1992,0.064404,981.166809082031
ATG,Antigua and Barbuda,1993,0.065587,1052.47668457031
ATG,Antigua and Barbuda,1994,0.066843,1119.33520507813
ATG,Antigua and Barbuda,1995,0.068189,1076.3681640625
ATG,Antigua and Barbuda,1996,0.069612,1136.29174804688
ATG,Antigua and Barbuda,1997,0.071053,1198.69873046875
ATG,Antigua and Barbuda,1998,0.072412,1276.04040527344
ATG,Antigua and Barbuda,1999,0.073666,1329.03491210938
ATG,Antigua and Barbuda,2000,0.074912,1330.50146484375
ATG,Antigua and Barbuda,2001,0.076069,1353.26806640625
ATG,Antigua and Barbuda,2002,0.077032,1431.8515625
ATG,Antigua and Barbuda,2003,0.077884,1484.69360351563
ATG,Antigua and Barbuda,2004,0.078719,1588.36901855469
ATG,Antigua and Barbuda,2005,0.079611,1710.23022460938
ATG,Antigua and Barbuda,2006,0.080604,1942.07739257813
ATG,Antigua and Barbuda,2007,0.081704,2245.021484375
ATG,Antigua and Barbuda,2008,0.082912,2432.64526367188
ATG,Antigua and Barbuda,2009,0.084173,2333.0634765625
ATG,Antigua and Barbuda,2010,0.08532,2251.09130859375
ATG,Antigua and Barbuda,2011,0.086332,2330.83813476563
ATG,Antigua and Barbuda,2012,0.08726,2297.54370117188
ATG,Antigua and Barbuda,2013,0.088064,2158.27197265625
ATG,Antigua and Barbuda,2014,0.088765,2135.42895507813
ATG,Antigua and Barbuda,2015,0.089409,2077.13232421875
ATG,Antigua and Barbuda,2016,0.089969,2054.95068359375
ATG,Antigua and Barbuda,2017,0.090468,1994.11767578125
ATG,Antigua and Barbuda,2018,0.090926,2280.74633789063
ATG,Antigua and Barbuda,2019,0.091364,2469.18603515625
ATG,Antigua and Barbuda,2020,0.091846,2087.9091796875
ATG,Antigua and Barbuda,2021,0.092349,2339.33935546875
ATG,Antigua and Barbuda,2022,0.09284,2410.33447265625
ATG,Antigua and Barbuda,2023,0.093316,2448.1826171875
AUS,Australia,1950,8.22766649539222,135539.390625
AUS,Australia,1951,8.46976245504914,126539
AUS,Australia,1952,8.64950741082625,123845.3984375
AUS,Australia,1953,8.81542020996216,137112.421875
AUS,Australia,1954,9.02052411958149,146017.546875
AUS,Australia,1955,9.23257163136818,151278.75
AUS,Australia,1956,9.45501746263896,154758.40625
AUS,Australia,1957,9.66596402055549,154666.40625
AUS,Australia,1958,9.86768914071121,164922.15625
AUS,Australia,1959,10.083112594667,176933.609375
AUS,Australia,1960,10.3115548281376,179025.03125
AUS,Australia,1961,10.5479561988109,183802.375
AUS,Australia,1962,10.7431686073656,194545.03125
AUS,Australia,1963,10.9486929674716,211106.921875
AUS,Australia,1964,11.1644732823371,220510.265625
AUS,Australia,1965,11.3844932187008,224177.796875
AUS,Australia,1966,11.5991564450273,239058.3125
AUS,Australia,1967,11.8152955189987,248794.890625
AUS,Australia,1968,12.0435906422539,268782.0625
AUS,Australia,1969,12.3199822640646,289335.46875
AUS,Australia,1970,12.599411,298448.15625
AUS,Australia,1971,12.997964,307636.4375
AUS,Australia,1972,13.304896,322888.53125
AUS,Australia,1973,13.518685,339850.59375
AUS,Australia,1974,13.719495,328389.1875
AUS,Australia,1975,13.893989,329764.53125
AUS,Australia,1976,14.046755,343436.875
AUS,Australia,1977,14.203508,345856.90625
AUS,Australia,1978,14.367098,363166.5625
AUS,Australia,1979,14.533035,375676.375
AUS,Australia,1980,14.721347,387803
AUS,Australia,1981,14.949202,406835.4375
AUS,Australia,1982,15.192485,397682.46875
AUS,Australia,1983,15.414893,420198.40625
AUS,Australia,1984,15.620653,435226
AUS,Australia,1985,15.835747,449240.59375
AUS,Australia,1986,16.069633,457544.375
AUS,Australia,1987,16.322269,493181.53125
AUS,Australia,1988,16.594099,527622.5
AUS,Australia,1989,16.869362,550755.3125
AUS,Australia,1990,17.126298,544639
AUS,Australia,1991,17.353193,545160.0625
AUS,Australia,1992,17.549288,567251.1875
AUS,Australia,1993,17.722911,590189.375
AUS,Australia,1994,17.897433,621214.6875
AUS,Australia,1995,18.095344,653724.25
AUS,Australia,1996,18.305307,688638.375
AUS,Australia,1997,18.504912,723622.3125
AUS,Australia,1998,18.701717,755806.125
AUS,Australia,1999,18.909981,793866.3125
AUS,Australia,2000,19.132471,807610
AUS,Australia,2001,19.365433,837641.25
AUS,Australia,2002,19.595355,863668.25
AUS,Australia,2003,19.819454,905383.0625
AUS,Australia,2004,20.046677,937108.3125
AUS,Australia,2005,20.29449,965805.6875
AUS,Australia,2006,20.590559,1000344.875
AUS,Australia,2007,20.954549,1032978.0625
AUS,Australia,2008,21.370589,1048610.75
AUS,Australia,2009,21.783011,1070599
AUS,Australia,2010,22.141581,1144600.125
AUS,Australia,2011,22.479775,1197386.625
AUS,Australia,2012,22.852644,1211778.375
AUS,Australia,2013,23.23627,1274768.25
AUS,Australia,2014,23.595601,1282368.375
AUS,Australia,2015,23.948002,1258723.375
AUS,Australia,2016,24.329963,1335790.25
AUS,Australia,2017,24.731038,1349880.125
AUS,Australia,2018,25.119706,1402646.125
AUS,Australia,2019,25.482714,1426764.875
AUS,Australia,2020,25.743791,1508889.875
AUS,Australia,2021,25.956417,1616776.25
AUS,Australia,2022,26.200984,1671658.625
AUS,Australia,2023,26.451124,1663526.25
AUT,Austria,1950,6.93438787296552,44771.1640625
AUT,Austria,1951,6.93473878907264,46406.0859375
AUT,Austria,1952,6.92706059207647,48667.28515625
AUT,Austria,1953,6.93177125938411,51106.4609375
AUT,Austria,1954,6.9394961816228,54435.078125
AUT,Austria,1955,6.94617169305744,59711.47265625
AUT,Austria,1956,6.95164522146753,64582.6640625
AUT,Austria,1957,6.96514452546359,67905.03125
AUT,Austria,1958,6.9866405209661,71131.53125
AUT,Austria,1959,7.01361052166688,73901.40625
AUT,Austria,1960,7.04671344884318,79258.2109375
AUT,Austria,1961,7.0855712094611,83856.8515625
AUT,Austria,1962,7.12913200877563,86406.65625
AUT,Austria,1963,7.17507388830619,90331.1171875
AUT,Austria,1964,7.22305928201493,94783.921875
AUT,Austria,1965,7.27014211568184,98023.2890625
AUT,Austria,1966,7.32131388485789,102892.1640625
AUT,Austria,1967,7.37624036102256,106231.2734375
AUT,Austria,1968,7.41464135855539,111117.7421875
AUT,Austria,1969,7.44029065597256,116521.5078125
AUT,Austria,1970,7.466319,123418.078125
AUT,Austria,1971,7.499635,129677.890625
AUT,Austria,1972,7.543259,137976.5625
AUT,Austria,1973,7.585105,145872.890625
AUT,Austria,1974,7.597967,149072.1875
AUT,Austria,1975,7.57783,150302.875
AUT,Austria,1976,7.564457,154862.28125
AUT,Austria,1977,7.567336,161321.5625
AUT,Austria,1978,7.561204,161676.40625
AUT,Austria,1979,7.548341,168012.09375
AUT,Austria,1980,7.548406,169088.03125
AUT,Austria,1981,7.567556,167165.65625
AUT,Austria,1982,7.573078,168336.96875
AUT,Austria,1983,7.561163,171911.375
AUT,Austria,1984,7.560715,171300.390625
AUT,Austria,1985,7.564309,174286.359375
AUT,Austria,1986,7.569395,183155.5
AUT,Austria,1987,7.574315,191148.78125
AUT,Austria,1988,7.585342,202761.3125
AUT,Austria,1989,7.620407,215930.546875
AUT,Austria,1990,7.679624,230948.796875
AUT,Austria,1991,7.75714,245398.515625
AUT,Austria,1992,7.842712,256095.59375
AUT,Austria,1993,7.907495,262733.25
AUT,Austria,1994,7.938155,277177.625
AUT,Austria,1995,7.950322,292904.6875
AUT,Austria,1996,7.960914,298990.5625
AUT,Austria,1997,7.969803,312758.0625
AUT,Austria,1998,7.978466,329932.53125
AUT,Austria,1999,7.993892,340956.625
AUT,Austria,2000,8.012928,353887.71875
AUT,Austria,2001,8.042233,349022.6875
AUT,Austria,2002,8.081636,356322
AUT,Austria,2003,8.122602,358477.1875
AUT,Austria,2004,8.173491,369234.78125
AUT,Austria,2005,8.229204,370632.78125
AUT,Austria,2006,8.269898,390348.03125
AUT,Austria,2007,8.296952,408312.0625
AUT,Austria,2008,8.323253,420147.28125
AUT,Austria,2009,8.345066,417177.90625
AUT,Austria,2010,8.365092,425161.59375
AUT,Austria,2011,8.39327,448614.9375
AUT,Austria,2012,8.431601,459066.5
AUT,Austria,2013,8.481406,460070.0625
AUT,Austria,2014,8.547817,465502.9375
AUT,Austria,2015,8.644039,488378.125
AUT,Austria,2016,8.737915,509078.90625
AUT,Austria,2017,8.798778,521816.5625
AUT,Austria,2018,8.84165,540559.6875
AUT,Austria,2019,8.880876,571211.75
AUT,Austria,2020,8.921405,546969.5
AUT,Austria,2021,8.967057,572279.8125
AUT,Austria,2022,9.064677,585009.6875
AUT,Austria,2023,9.130429,575025.25
AZE,Azerbaijan,1990,7.231077,44392.34765625
AZE,Azerbaijan,1991,7.314308,57025.32421875
AZE,Azerbaijan,1992,7.40578,44281.5234375
AZE,Azerbaijan,1993,7.504115,24755.7265625
AZE,Azerbaijan,1994,7.608893,22731.90625
AZE,Azerbaijan,1995,7.719282,20336.697265625
AZE,Azerbaijan,1996,7.830982,21209.5078125
AZE,Azerbaijan,1997,7.936221,22284.77734375
AZE,Azerbaijan,1998,8.025804,21172.4453125
AZE,Azerbaijan,1999,8.100471,22705.046875
AZE,Azerbaijan,2000,8.174785,26996.130859375
AZE,Azerbaijan,2001,8.251771,29872.705078125
AZE,Azerbaijan,2002,8.326133,29889.552734375
AZE,Azerbaijan,2003,8.40053,31598.52734375
AZE,Azerbaijan,2004,8.489874,34047.42578125
AZE,Azerbaijan,2005,8.597248,48825.5234375
AZE,Azerbaijan,2006,8.71138,70650.359375
AZE,Azerbaijan,2007,8.828311,96890.5
AZE,Azerbaijan,2008,8.942638,126687.5546875
AZE,Azerbaijan,2009,9.046336,120087.40625
AZE,Azerbaijan,2010,9.146851,147670.3125
AZE,Azerbaijan,2011,9.25615,187788.859375
AZE,Azerbaijan,2012,9.376181,201246.78125
AZE,Azerbaijan,2013,9.504409,196516.8125
AZE,Azerbaijan,2014,9.631138,197991.890625
AZE,Azerbaijan,2015,9.75285,169498.84375
AZE,Azerbaijan,2016,9.868428,165964
AZE,Azerbaijan,2017,9.96851,166313
AZE,Azerbaijan,2018,10.039784,177176.75
AZE,Azerbaijan,2019,10.110475,186708.421875
AZE,Azerbaijan,2020,10.18173,162238.015625
AZE,Azerbaijan,2021,10.234371,207545.359375
AZE,Azerbaijan,2022,10.295304,266159.59375
AZE,Azerbaijan,2023,10.318207,215209.5625
BDI,Burundi,1960,2.82221490931733,2236.57788085938
BDI,Burundi,1961,2.90115361493704,1935.07788085938
BDI,Burundi,1962,2.96907941824864,2101.96044921875
BDI,Burundi,1963,3.01573488101076,2169.73315429688
BDI,Burundi,1964,3.09629827651524,2237.89379882813
BDI,Burundi,1965,3.17832241114532,2310.62133789063
BDI,Burundi,1966,3.26147986137316,2347.908203125
BDI,Burundi,1967,3.33904601712405,2635.23510742188
BDI,Burundi,1968,3.40900089032705,2648.78515625
BDI,Burundi,1969,3.4685135819405,2524.93603515625
BDI,Burundi,1970,3.530432,3164.56884765625
BDI,Burundi,1971,3.617289,3199.03076171875
BDI,Burundi,1972,3.617128,2934.419921875
BDI,Burundi,1973,3.611991,3215.38745117188
BDI,Burundi,1974,3.70359,3147.74389648438
BDI,Burundi,1975,3.796612,3071.22485351563
BDI,Burundi,1976,3.882626,3607.607421875
BDI,Burundi,1977,3.983582,4321.146484375
BDI,Burundi,1978,4.100338,4048.65014648438
BDI,Burundi,1979,4.20353,4139.068359375
BDI,Burundi,1980,4.383706,4125.2353515625
BDI,Burundi,1981,4.566014,4364.9609375
BDI,Burundi,1982,4.68139,4298.3232421875
BDI,Burundi,1983,4.808528,4499.05224609375
BDI,Burundi,1984,4.926465,4618.00146484375
BDI,Burundi,1985,5.034042,5125.1201171875
BDI,Burundi,1986,5.129414,5370.029296875
BDI,Burundi,1987,5.247787,5270.318359375
BDI,Burundi,1988,5.365327,5699.365234375
BDI,Burundi,1989,5.471706,5461.7939453125
BDI,Burundi,1990,5.587052,5517.11962890625
BDI,Burundi,1991,5.703857,5746.376953125
BDI,Burundi,1992,5.858407,5577.5224609375
BDI,Burundi,1993,5.676843,5217.9306640625
BDI,Burundi,1994,5.713854,5433.17431640625
BDI,Burundi,1995,6.066316,4975.18701171875
BDI,Burundi,1996,6.070506,4676.99951171875
BDI,Burundi,1997,6.070042,4756.7294921875
BDI,Burundi,1998,6.187108,5069.427734375
BDI,Burundi,1999,6.337155,5176.3876953125
BDI,Burundi,2000,6.470194,4804.84814453125
BDI,Burundi,2001,6.634365,4823.55908203125
BDI,Burundi,2002,6.824132,4971.798828125
BDI,Burundi,2003,7.043154,5141.55712890625
BDI,Burundi,2004,7.310656,5463.32421875
BDI,Burundi,2005,7.587299,5372.99267578125
BDI,Burundi,2006,7.865547,5567.68896484375
BDI,Burundi,2007,8.161874,5746.19775390625
BDI,Burundi,2008,8.505637,6113.66796875
BDI,Burundi,2009,8.947646,6370.8251953125
BDI,Burundi,2010,9.376444,6868.90625
BDI,Burundi,2011,9.717978,7192.1923828125
BDI,Burundi,2012,10.071028,7626.14990234375
BDI,Burundi,2013,10.439341,8147.88671875
BDI,Burundi,2014,10.799785,8727.5693359375
BDI,Burundi,2015,11.04758,8954.5625
BDI,Burundi,2016,11.239451,9515.556640625
BDI,Burundi,2017,11.506762,9960.3515625
BDI,Burundi,2018,11.859446,10432.759765625
BDI,Burundi,2019,12.255336,11360.5927734375
BDI,Burundi,2020,12.617036,11538.32421875
BDI,Burundi,2021,12.965481,11826.720703125
BDI,Burundi,2022,13.321097,12282.87109375
BDI,Burundi,2023,13.68945,12653.373046875
BEL,Belgium,1950,8.63282864830933,83505.3359375
BEL,Belgium,1951,8.67181583465529,89255.0625
BEL,Belgium,1952,8.72379557327543,91110.4296875
BEL,Belgium,1953,8.77122782330438,91175.65625
BEL,Belgium,1954,8.81270316822361,94998.90625
BEL,Belgium,1955,8.86176115495342,100899.2890625
BEL,Belgium,1956,8.91708956811452,105310.46875
BEL,Belgium,1957,8.9823058148092,106172.8828125
BEL,Belgium,1958,9.04585344194746,105943.84375
BEL,Belgium,1959,9.09683734536689,107192.1796875
BEL,Belgium,1960,9.11179679128151,113989.828125
BEL,Belgium,1961,9.15886120170521,118962.203125
BEL,Belgium,1962,9.21142128830356,125296.671875
BEL,Belgium,1963,9.27607243425755,129500.8125
BEL,Belgium,1964,9.35990841682468,138896.078125
BEL,Belgium,1965,9.4409474842587,144785.4375
BEL,Belgium,1966,9.50060230106691,149285.578125
BEL,Belgium,1967,9.54926576552583,154990.203125
BEL,Belgium,1968,9.58254000256245,161426.96875
BEL,Belgium,1969,9.60542324722723,172830.90625
BEL,Belgium,1970,9.630504,183469.390625
BEL,Belgium,1971,9.666531,189682.921875
BEL,Belgium,1972,9.694853,202367.953125
BEL,Belgium,1973,9.718035,217855.4375
BEL,Belgium,1974,9.735806,225177.828125
BEL,Belgium,1975,9.748476,221103.640625
BEL,Belgium,1976,9.758901,235603.09375
BEL,Belgium,1977,9.774014,240689.109375
BEL,Belgium,1978,9.791817,250225.0625
BEL,Belgium,1979,9.811365,259421.296875
BEL,Belgium,1980,9.833093,269586.40625
BEL,Belgium,1981,9.850669,252678.59375
BEL,Belgium,1982,9.862327,244541.671875
BEL,Belgium,1983,9.869132,237334.703125
BEL,Belgium,1984,9.874586,237387.375
BEL,Belgium,1985,9.880337,235285.28125
BEL,Belgium,1986,9.886984,248288.53125
BEL,Belgium,1987,9.899147,258225.75
BEL,Belgium,1988,9.916565,278281.59375
BEL,Belgium,1989,9.936573,293767.3125
BEL,Belgium,1990,9.960968,306218.25
BEL,Belgium,1991,9.998961,313864.875
BEL,Belgium,1992,10.045987,325453.4375
BEL,Belgium,1993,10.084931,327911.0625
BEL,Belgium,1994,10.116005,341446.65625
BEL,Belgium,1995,10.137265,353735.5
BEL,Belgium,1996,10.156969,355178.375
BEL,Belgium,1997,10.181464,375704.59375
BEL,Belgium,1998,10.203182,387874.125
BEL,Belgium,1999,10.226682,404154.53125
BEL,Belgium,2000,10.251717,431358.4375
BEL,Belgium,2001,10.287004,436140.96875
BEL,Belgium,2002,10.332973,447636.125
BEL,Belgium,2003,10.37626,438299.1875
BEL,Belgium,2004,10.421292,445600.21875
BEL,Belgium,2005,10.478886,450169.78125
BEL,Belgium,2006,10.548442,464552.71875
BEL,Belgium,2007,10.625493,489341.96875
BEL,Belgium,2008,10.709708,500848.5625
BEL,Belgium,2009,10.812935,503045.96875
BEL,Belgium,2010,10.936626,529107.6875
BEL,Belgium,2011,11.038631,553348.8125
BEL,Belgium,2012,11.107518,557317.375
BEL,Belgium,2013,11.160276,559582.75
BEL,Belgium,2014,11.210119,569485
BEL,Belgium,2015,11.275335,588631.6875
BEL,Belgium,2016,11.332701,611841.375
BEL,Belgium,2017,11.376581,625147.375
BEL,Belgium,2018,11.428605,641831.125
BEL,Belgium,2019,11.490618,682773.0625
BEL,Belgium,2020,11.540107,662370.625
BEL,Belgium,2021,11.570844,700108.1875
BEL,Belgium,2022,11.64182,707499.625
BEL,Belgium,2023,11.712893,723524.5625
BEN,Benin,1959,2.35179915458932,3933.14575195313
BEN,Benin,1960,2.40435346900683,4243.32470703125
BEN,Benin,1961,2.45906398088117,4297.451171875
BEN,Benin,1962,2.51761910718598,4129.1416015625
BEN,Benin,1963,2.57714633544901,4334.01220703125
BEN,Benin,1964,2.63913631498584,4600.17919921875
BEN,Benin,1965,2.70343005064116,4957.91748046875
BEN,Benin,1966,2.7703946259665,5092.50048828125
BEN,Benin,1967,2.83987020898995,5265.3447265625
BEN,Benin,1968,2.91196614374813,5756.56884765625
BEN,Benin,1969,2.98708326539571,5972.42431640625
BEN,Benin,1970,3.065057,6525.1650390625
BEN,Benin,1971,3.134767,6710.736328125
BEN,Benin,1972,3.207543,6804.77587890625
BEN,Benin,1973,3.283496,7285.77099609375
BEN,Benin,1974,3.362633,7411.04150390625
BEN,Benin,1975,3.445407,6396.65283203125
BEN,Benin,1976,3.532196,6674.22412109375
BEN,Benin,1977,3.623202,6413.30224609375
BEN,Benin,1978,3.718305,6669.85791015625
BEN,Benin,1979,3.818528,7091.291015625
BEN,Benin,1980,3.925251,8030.40234375
BEN,Benin,1981,4.038307,8827.9423828125
BEN,Benin,1982,4.156596,6803.4033203125
BEN,Benin,1983,4.278978,6994.39794921875
BEN,Benin,1984,4.405895,7808.3037109375
BEN,Benin,1985,4.538012,8528.962890625
BEN,Benin,1986,4.67542,7611.01416015625
BEN,Benin,1987,4.818486,7041.796875
BEN,Benin,1988,4.967341,7238.0830078125
BEN,Benin,1989,5.121657,6777.45947265625
BEN,Benin,1990,5.281479,6959.56201171875
BEN,Benin,1991,5.446932,7263.95947265625
BEN,Benin,1992,5.617844,7456.76416015625
BEN,Benin,1993,5.872706,7789.962890625
BEN,Benin,1994,6.096506,7203.3759765625
BEN,Benin,1995,6.226773,7981.67138671875
BEN,Benin,1996,6.391858,9452.5908203125
BEN,Benin,1997,6.583365,11128.083984375
BEN,Benin,1998,6.789489,12780.6533203125
BEN,Benin,1999,7.002818,15071.1591796875
BEN,Benin,2000,7.221619,16682.849609375
BEN,Benin,2001,7.445596,17886.92578125
BEN,Benin,2002,7.675426,19497.56640625
BEN,Benin,2003,7.91307,20856.986328125
BEN,Benin,2004,8.159094,22748.904296875
BEN,Benin,2005,8.426144,23384.923828125
BEN,Benin,2006,8.693242,23992.583984375
BEN,Benin,2007,8.953969,24931.013671875
BEN,Benin,2008,9.228466,25929.275390625
BEN,Benin,2009,9.509423,26467.03125
BEN,Benin,2010,9.797484,26757.6171875
BEN,Benin,2011,10.093623,27411.375
BEN,Benin,2012,10.397657,29121.69140625
BEN,Benin,2013,10.708834,30537.552734375
BEN,Benin,2014,11.030004,32543.580078125
BEN,Benin,2015,11.360681,33577.90234375
BEN,Benin,2016,11.697842,35463.1328125
BEN,Benin,2017,12.03978,35892.78515625
BEN,Benin,2018,12.383347,37423.46875
BEN,Benin,2019,12.726755,40453.00390625
BEN,Benin,2020,13.070169,41836.4765625
BEN,Benin,2021,13.413417,43296.8828125
BEN,Benin,2022,13.759501,45480.24609375
BEN,Benin,2023,14.111034,47803.9296875
BFA,Burkina Faso,1959,5.09271047683687,4701.0869140625
BFA,Burkina Faso,1960,5.14701016670097,5154.13232421875
BFA,Burkina Faso,1961,5.17334062112662,4998.61181640625
BFA,Burkina Faso,1962,5.20395742859832,5391.1552734375
BFA,Burkina Faso,1963,5.23893120448749,5231.337890625
BFA,Burkina Faso,1964,5.27835122679945,5516.84716796875
BFA,Burkina Faso,1965,5.32231080870358,5500.99169921875
BFA,Burkina Faso,1966,5.37092091721214,5565.8642578125
BFA,Burkina Faso,1967,5.42429907647903,6121.81103515625
BFA,Burkina Faso,1968,5.482581473292,6282.83203125
BFA,Burkina Faso,1969,5.54591286916249,6370.37646484375
BFA,Burkina Faso,1970,5.610304,6081.25
BFA,Burkina Faso,1971,5.707999,5616.86865234375
BFA,Burkina Faso,1972,5.807234,6953.0439453125
BFA,Burkina Faso,1973,5.911927,6519.3056640625
BFA,Burkina Faso,1974,6.024904,6808.935546875
BFA,Burkina Faso,1975,6.147569,6819.22900390625
BFA,Burkina Faso,1976,6.280635,6924.0380859375
BFA,Burkina Faso,1977,6.428734,7576
BFA,Burkina Faso,1978,6.590984,8377.94140625
BFA,Burkina Faso,1979,6.763903,8597.814453125
BFA,Burkina Faso,1980,6.9479,8593.3212890625
BFA,Burkina Faso,1981,7.140271,9180.3291015625
BFA,Burkina Faso,1982,7.340197,9046.5439453125
BFA,Burkina Faso,1983,7.551129,8539.8623046875
BFA,Burkina Faso,1984,7.772256,8630.9638671875
BFA,Burkina Faso,1985,7.999935,9186.90625
BFA,Burkina Faso,1986,8.228847,10116.9208984375
BFA,Burkina Faso,1987,8.457109,9994.2197265625
BFA,Burkina Faso,1988,8.687435,10614.99609375
BFA,Burkina Faso,1989,8.921175,10643.861328125
BFA,Burkina Faso,1990,9.159356,10581.373046875
BFA,Burkina Faso,1991,9.394632,11339.349609375
BFA,Burkina Faso,1992,9.629275,11427.7841796875
BFA,Burkina Faso,1993,9.871713,11883.00390625
BFA,Burkina Faso,1994,10.123798,10687.8505859375
BFA,Burkina Faso,1995,10.386722,11777.5751953125
BFA,Burkina Faso,1996,10.655942,13031.5712890625
BFA,Burkina Faso,1997,10.934223,13799.2060546875
BFA,Burkina Faso,1998,11.240664,15087.21875
BFA,Burkina Faso,1999,11.574928,16502.09375
BFA,Burkina Faso,2000,11.925546,16738.4296875
BFA,Burkina Faso,2001,12.295001,17818.833984375
BFA,Burkina Faso,2002,12.680897,18722.8046875
BFA,Burkina Faso,2003,13.082532,20147.982421875
BFA,Burkina Faso,2004,13.500533,21165.802734375
BFA,Burkina Faso,2005,13.932123,22672.041015625
BFA,Burkina Faso,2006,14.373707,23442.52734375
BFA,Burkina Faso,2007,14.816307,23791.08203125
BFA,Burkina Faso,2008,15.258093,24629.70703125
BFA,Burkina Faso,2009,15.710066,25238.21484375
BFA,Burkina Faso,2010,16.176498,27832.6171875
BFA,Burkina Faso,2011,16.661908,30031.03125
BFA,Burkina Faso,2012,17.172287,31825.60546875
BFA,Burkina Faso,2013,17.695409,33155.7109375
BFA,Burkina Faso,2014,18.229461,34205.3515625
BFA,Burkina Faso,2015,18.777487,35531.59375
BFA,Burkina Faso,2016,19.334856,40170.3984375
BFA,Burkina Faso,2017,19.894407,43442.77734375
BFA,Burkina Faso,2018,20.438288,44491.63671875
BFA,Burkina Faso,2019,20.961952,48439.3828125
BFA,Burkina Faso,2020,21.47869,51592.52734375
BFA,Burkina Faso,2021,21.995243,52717.6953125
BFA,Burkina Faso,2022,22.509038,53335.80078125
BFA,Burkina Faso,2023,23.025776,54271.640625
BGD,Bangladesh,1959,54.8307705715259,85007.3359375
BGD,Bangladesh,1960,55.9933522625456,91829.5546875
BGD,Bangladesh,1961,57.1382295645505,91847.5625
BGD,Bangladesh,1962,58.2606369646521,97449.6015625
BGD,Bangladesh,1963,59.6789795850663,103823.0390625
BGD,Bangladesh,1964,60.8815516761126,103470.78125
BGD,Bangladesh,1965,61.8309959988268,101922.9765625
BGD,Bangladesh,1966,63.0738675831002,103587.8125
BGD,Bangladesh,1967,64.3758072692425,100926.265625
BGD,Bangladesh,1968,65.7158827962086,103717.3828125
BGD,Bangladesh,1969,67.095197509347,108223.5078125
BGD,Bangladesh,1970,69.058894,116917.1171875
BGD,Bangladesh,1971,70.276758,114437.1171875
BGD,Bangladesh,1972,71.641519,108432.7265625
BGD,Bangladesh,1973,73.722294,90691.53125
BGD,Bangladesh,1974,75.839348,90808.2421875
BGD,Bangladesh,1975,77.854351,87256.046875
BGD,Bangladesh,1976,79.855318,98960.3359375
BGD,Bangladesh,1977,81.867264,103765.578125
BGD,Bangladesh,1978,83.889655,106462.4296875
BGD,Bangladesh,1979,85.935072,113310.4296875
BGD,Bangladesh,1980,88.016432,112668.2265625
BGD,Bangladesh,1981,90.303105,115153.203125
BGD,Bangladesh,1982,92.814507,114701.4453125
BGD,Bangladesh,1983,95.335155,117803.328125
BGD,Bangladesh,1984,97.814966,128955.640625
BGD,Bangladesh,1985,100.253825,134148.84375
BGD,Bangladesh,1986,102.635572,137602.203125
BGD,Bangladesh,1987,104.959291,139588.359375
BGD,Bangladesh,1988,107.216008,144607.765625
BGD,Bangladesh,1989,109.433799,161138.234375
BGD,Bangladesh,1990,111.633717,167474.671875
BGD,Bangladesh,1991,113.787109,175654.703125
BGD,Bangladesh,1992,115.952192,180251.640625
BGD,Bangladesh,1993,118.13236,186029.96875
BGD,Bangladesh,1994,120.343179,195012.21875
BGD,Bangladesh,1995,122.60037,202471.234375
BGD,Bangladesh,1996,124.862179,207231.328125
BGD,Bangladesh,1997,127.198069,207400.015625
BGD,Bangladesh,1998,129.622332,208672.75
BGD,Bangladesh,1999,132.108065,207104.546875
BGD,Bangladesh,2000,134.544304,209321.71875
BGD,Bangladesh,2001,136.80581,214611.421875
BGD,Bangladesh,2002,138.933658,223665.890625
BGD,Bangladesh,2003,140.970351,230615.546875
BGD,Bangladesh,2004,142.902856,237906.875
BGD,Bangladesh,2005,144.715786,246333.625
BGD,Bangladesh,2006,146.405973,271283
BGD,Bangladesh,2007,147.989278,308436.4375
BGD,Bangladesh,2008,149.474264,342811.8125
BGD,Bangladesh,2009,150.873714,386551.125
BGD,Bangladesh,2010,152.201981,442562.5
BGD,Bangladesh,2011,153.591076,507400.15625
BGD,Bangladesh,2012,155.070101,571959.3125
BGD,Bangladesh,2013,156.532141,614175.875
BGD,Bangladesh,2014,157.964929,675180.3125
BGD,Bangladesh,2015,159.383179,739007.125
BGD,Bangladesh,2016,160.811932,816343.4375
BGD,Bangladesh,2017,162.186147,860544.25
BGD,Bangladesh,2018,163.523103,950846
BGD,Bangladesh,2019,164.913055,1036815.125
BGD,Bangladesh,2020,166.298024,1118274.125
BGD,Bangladesh,2021,167.658854,1210947
BGD,Bangladesh,2022,169.384897,1299698.625
BGD,Bangladesh,2023,171.46699,1352598.25
BGR,Bulgaria,1970,8.490825,47218.6953125
BGR,Bulgaria,1971,8.538898,50466.73828125
BGR,Bulgaria,1972,8.579913,54310.70703125
BGR,Bulgaria,1973,8.6248,58818.859375
BGR,Bulgaria,1974,8.682755,63177.58203125
BGR,Bulgaria,1975,8.723148,68672.0703125
BGR,Bulgaria,1976,8.759438,73586.328125
BGR,Bulgaria,1977,8.804686,77526.0859375
BGR,Bulgaria,1978,8.813746,81806.96875
BGR,Bulgaria,1979,8.824992,89678.328125
BGR,Bulgaria,1980,8.859537,89912.65625
BGR,Bulgaria,1981,8.887801,95972.75
BGR,Bulgaria,1982,8.912732,101222.9921875
BGR,Bulgaria,1983,8.933326,108120.6015625
BGR,Bulgaria,1984,8.952604,110618.078125
BGR,Bulgaria,1985,8.958854,116485.0078125
BGR,Bulgaria,1986,8.963469,116967.6171875
BGR,Bulgaria,1987,8.976204,128085.078125
BGR,Bulgaria,1988,8.985715,131218.03125
BGR,Bulgaria,1989,8.93638,127376.90625
BGR,Bulgaria,1990,8.822365,133706.359375
BGR,Bulgaria,1991,8.695797,138859.109375
BGR,Bulgaria,1992,8.559101,115499.3828125
BGR,Bulgaria,1993,8.466533,105611.3984375
BGR,Bulgaria,1994,8.416917,104579.21875
BGR,Bulgaria,1995,8.357574,97294.4765625
BGR,Bulgaria,1996,8.291398,91178.71875
BGR,Bulgaria,1997,8.217102,71604.1796875
BGR,Bulgaria,1998,8.138194,83759.5859375
BGR,Bulgaria,1999,8.067462,80675.1640625
BGR,Bulgaria,2000,8.00052,84519.5390625
BGR,Bulgaria,2001,7.928452,86915.375
BGR,Bulgaria,2002,7.861943,92094.3671875
BGR,Bulgaria,2003,7.804409,93863.3828125
BGR,Bulgaria,2004,7.74943,98381.8125
BGR,Bulgaria,2005,7.69505,100253.375
BGR,Bulgaria,2006,7.640294,108990.65625
BGR,Bulgaria,2007,7.586888,122330.0078125
BGR,Bulgaria,2008,7.535592,132468.453125
BGR,Bulgaria,2009,7.488011,136663.9375
BGR,Bulgaria,2010,7.437599,140298.0625
BGR,Bulgaria,2011,7.380025,139693.109375
BGR,Bulgaria,2012,7.317014,140789.890625
BGR,Bulgaria,2013,7.2646,136030.671875
BGR,Bulgaria,2014,7.223449,139782.40625
BGR,Bulgaria,2015,7.177517,147547.65625
BGR,Bulgaria,2016,7.127434,156959.890625
BGR,Bulgaria,2017,7.075636,163513.078125
BGR,Bulgaria,2018,7.024745,168306.078125
BGR,Bulgaria,2019,6.975469,183590.046875
BGR,Bulgaria,2020,6.933652,180542.703125
BGR,Bulgaria,2021,6.877225,196433.296875
BGR,Bulgaria,2022,6.825864,205298.234375
BGR,Bulgaria,2023,6.795803,208523.875
BHR,Bahrain,1970,0.224809,3842.69848632813
BHR,Bahrain,1971,0.230733,3901.0625
BHR,Bahrain,1972,0.242113,4298.7587890625
BHR,Bahrain,1973,0.25532,4987.921875
BHR,Bahrain,1974,0.269038,5343.1220703125
BHR,Bahrain,1975,0.283243,4675.099609375
BHR,Bahrain,1976,0.297863,6783.77197265625
BHR,Bahrain,1977,0.312823,6968.646484375
BHR,Bahrain,1978,0.328046,6985.34228515625
BHR,Bahrain,1979,0.343457,8289.107421875
BHR,Bahrain,1980,0.358978,9672.13671875
BHR,Bahrain,1981,0.373524,9171.8251953125
BHR,Bahrain,1982,0.386983,8200.7783203125
BHR,Bahrain,1983,0.400707,8580.5634765625
BHR,Bahrain,1984,0.415154,9737.349609375
BHR,Bahrain,1985,0.430358,7443.70458984375
BHR,Bahrain,1986,0.446286,6978.22216796875
BHR,Bahrain,1987,0.462854,6910.74609375
BHR,Bahrain,1988,0.479929,7938.29931640625
BHR,Bahrain,1989,0.497327,8282.3232421875
BHR,Bahrain,1990,0.514797,9197.044921875
BHR,Bahrain,1991,0.531869,9510.3291015625
BHR,Bahrain,1992,0.547749,10124.7744140625
BHR,Bahrain,1993,0.562809,10847.76171875
BHR,Bahrain,1994,0.577952,10885.1884765625
BHR,Bahrain,1995,0.593222,11449.6318359375
BHR,Bahrain,1996,0.608593,11416.46875
BHR,Bahrain,1997,0.624005,12488.9130859375
BHR,Bahrain,1998,0.639378,12231.158203125
BHR,Bahrain,1999,0.654614,14566.173828125
BHR,Bahrain,2000,0.669581,19516.513671875
BHR,Bahrain,2001,0.699956,21131.0859375
BHR,Bahrain,2002,0.752197,21386.091796875
BHR,Bahrain,2003,0.811276,26067.9453125
BHR,Bahrain,2004,0.871442,30401.615234375
BHR,Bahrain,2005,0.932604,39947.53125
BHR,Bahrain,2006,0.994618,46092.9453125
BHR,Bahrain,2007,1.057405,53603.85546875
BHR,Bahrain,2008,1.120714,62346.21484375
BHR,Bahrain,2009,1.183605,57702.08984375
BHR,Bahrain,2010,1.213244,66684.484375
BHR,Bahrain,2011,1.206728,75288.296875
BHR,Bahrain,2012,1.216303,81620.8515625
BHR,Bahrain,2013,1.257203,80401.5078125
BHR,Bahrain,2014,1.312848,79472.4609375
BHR,Bahrain,2015,1.36965,72181.2734375
BHR,Bahrain,2016,1.429604,72077.921875
BHR,Bahrain,2017,1.481995,79596.4765625
BHR,Bahrain,2018,1.497626,78932.9921875
BHR,Bahrain,2019,1.48567,85158.6875
BHR,Bahrain,2020,1.483077,82348.9140625
BHR,Bahrain,2021,1.501764,80362.5859375
BHR,Bahrain,2022,1.533459,92200.40625
BHR,Bahrain,2023,1.569666,84462.6875
BHS,Bahamas,1970,0.184982,3596.60083007813
BHS,Bahamas,1971,0.190857,3667.4111328125
BHS,Bahamas,1972,0.196055,3531.54272460938
BHS,Bahamas,1973,0.200791,3771.18334960938
BHS,Bahamas,1974,0.205342,3202.13940429688
BHS,Bahamas,1975,0.209886,2679.00512695313
BHS,Bahamas,1976,0.214501,3044.1533203125
BHS,Bahamas,1977,0.219157,3460.7783203125
BHS,Bahamas,1978,0.223761,4065.74194335938
BHS,Bahamas,1979,0.22823,5100.00634765625
BHS,Bahamas,1980,0.232526,6013.126953125
BHS,Bahamas,1981,0.236614,5481.11865234375
BHS,Bahamas,1982,0.240614,5187.8095703125
BHS,Bahamas,1983,0.244698,5331.56494140625
BHS,Bahamas,1984,0.248863,6652.87646484375
BHS,Bahamas,1985,0.253154,7439.22607421875
BHS,Bahamas,1986,0.257536,7548.52587890625
BHS,Bahamas,1987,0.261935,8230.3115234375
BHS,Bahamas,1988,0.266448,8319.73046875
BHS,Bahamas,1989,0.271178,8794.1337890625
BHS,Bahamas,1990,0.275945,8647.5908203125
BHS,Bahamas,1991,0.280731,8001.18115234375
BHS,Bahamas,1992,0.285927,7860.75830078125
BHS,Bahamas,1993,0.291339,7705.03466796875
BHS,Bahamas,1994,0.296509,7989.6513671875
BHS,Bahamas,1995,0.301461,8150.44921875
BHS,Bahamas,1996,0.306268,9262.16796875
BHS,Bahamas,1997,0.310904,9914.4375
BHS,Bahamas,1998,0.315368,10840.5078125
BHS,Bahamas,1999,0.319614,11919.5048828125
BHS,Bahamas,2000,0.323835,12716.4169921875
BHS,Bahamas,2001,0.327836,12470.8369140625
BHS,Bahamas,2002,0.331614,13887.2841796875
BHS,Bahamas,2003,0.335618,13712.326171875
BHS,Bahamas,2004,0.339782,13381.3896484375
BHS,Bahamas,2005,0.343894,14312.6044921875
BHS,Bahamas,2006,0.348375,14330.158203125
BHS,Bahamas,2007,0.353334,15086.4140625
BHS,Bahamas,2008,0.35812,14627.39453125
BHS,Bahamas,2009,0.36281,13558.8837890625
BHS,Bahamas,2010,0.367478,13398.693359375
BHS,Bahamas,2011,0.371729,13617.7998046875
BHS,Bahamas,2012,0.375469,14213.7978515625
BHS,Bahamas,2013,0.378953,13295.7197265625
BHS,Bahamas,2014,0.382298,13927.3076171875
BHS,Bahamas,2015,0.385346,14151.802734375
BHS,Bahamas,2016,0.388055,14158.8876953125
BHS,Bahamas,2017,0.390485,14624.9130859375
BHS,Bahamas,2018,0.392717,14528.4921875
BHS,Bahamas,2019,0.394675,14930.6904296875
BHS,Bahamas,2020,0.395863,11489.9541015625
BHS,Bahamas,2021,0.396373,12323.2626953125
BHS,Bahamas,2022,0.397538,13753.794921875
BHS,Bahamas,2023,0.39944,14632.4638671875
BIH,Bosnia and Herzegovina,1990,4.448652,7963.78271484375
BIH,Bosnia and Herzegovina,1991,4.458343,7202.72314453125
BIH,Bosnia and Herzegovina,1992,4.234616,6786.46044921875
BIH,Bosnia and Herzegovina,1993,3.904482,6585.47900390625
BIH,Bosnia and Herzegovina,1994,3.725412,7269.84619140625
BIH,Bosnia and Herzegovina,1995,3.715564,8801.240234375
BIH,Bosnia and Herzegovina,1996,3.875246,15701.2734375
BIH,Bosnia and Herzegovina,1997,4.018227,21020.91796875
BIH,Bosnia and Herzegovina,1998,4.089356,21603.896484375
BIH,Bosnia and Herzegovina,1999,4.130305,24183.97265625
BIH,Bosnia and Herzegovina,2000,4.159771,23256.90234375
BIH,Bosnia and Herzegovina,2001,4.179438,24047.951171875
BIH,Bosnia and Herzegovina,2002,4.188002,25798.1796875
BIH,Bosnia and Herzegovina,2003,4.178523,27139.34765625
BIH,Bosnia and Herzegovina,2004,4.140987,28907.98828125
BIH,Bosnia and Herzegovina,2005,4.096493,30499.4140625
BIH,Bosnia and Herzegovina,2006,4.063272,34303.84375
BIH,Bosnia and Herzegovina,2007,4.013424,37461.10546875
BIH,Bosnia and Herzegovina,2008,3.947544,39819.86328125
BIH,Bosnia and Herzegovina,2009,3.879794,40377.5859375
BIH,Bosnia and Herzegovina,2010,3.811472,40783.56640625
BIH,Bosnia and Herzegovina,2011,3.741798,42390.87109375
BIH,Bosnia and Herzegovina,2012,3.670113,43058.0078125
BIH,Bosnia and Herzegovina,2013,3.610859,42715.859375
BIH,Bosnia and Herzegovina,2014,3.564829,43130.58203125
BIH,Bosnia and Herzegovina,2015,3.518541,45669.0234375
BIH,Bosnia and Herzegovina,2016,3.473003,47689.76171875
BIH,Bosnia and Herzegovina,2017,3.428682,49006.88671875
BIH,Bosnia and Herzegovina,2018,3.387,51335.47265625
BIH,Bosnia and Herzegovina,2019,3.345533,55603.77734375
BIH,Bosnia and Herzegovina,2020,3.299349,52662.75
BIH,Bosnia and Herzegovina,2021,3.244907,57068.2109375
BIH,Bosnia and Herzegovina,2022,3.204802,64700.7890625
BIH,Bosnia and Herzegovina,2023,3.185073,61802.4609375
BLR,Belarus,1990,10.186261,168212.640625
BLR,Belarus,1991,10.193889,166099.765625
BLR,Belarus,1992,10.217561,139945.5625
BLR,Belarus,1993,10.24132,110386.6875
BLR,Belarus,1994,10.230187,98098.3984375
BLR,Belarus,1995,10.197463,94242.875
BLR,Belarus,1996,10.164028,97137.2421875
BLR,Belarus,1997,10.122364,97137.5078125
BLR,Belarus,1998,10.080578,98390.4453125
BLR,Belarus,1999,10.039223,97704.4921875
BLR,Belarus,2000,9.991313,99662.609375
BLR,Belarus,2001,9.938065,103317.3828125
BLR,Belarus,2002,9.87345,105380.015625
BLR,Belarus,2003,9.803176,108362.453125
BLR,Belarus,2004,9.735091,115593.96875
BLR,Belarus,2005,9.667838,126383.359375
BLR,Belarus,2006,9.608036,141497.9375
BLR,Belarus,2007,9.563133,155329.625
BLR,Belarus,2008,9.529358,177687.140625
BLR,Belarus,2009,9.507337,172299.453125
BLR,Belarus,2010,9.490752,186306.421875
BLR,Belarus,2011,9.472735,219510.078125
BLR,Belarus,2012,9.463076,218454.734375
BLR,Belarus,2013,9.464453,211982.953125
BLR,Belarus,2014,9.472708,210683.796875
BLR,Belarus,2015,9.487293,211083.234375
BLR,Belarus,2016,9.499064,203585.75
BLR,Belarus,2017,9.49579,209234.953125
BLR,Belarus,2018,9.480031,215062.515625
BLR,Belarus,2019,9.435419,234390.1875
BLR,Belarus,2020,9.350944,251935.421875
BLR,Belarus,2021,9.251365,259788.453125
BLR,Belarus,2022,9.173237,250085.40625
BLR,Belarus,2023,9.11568,254782.296875
BLZ,Belize,1970,0.120736,626.736022949219
BLZ,Belize,1971,0.122805,679.726135253906
BLZ,Belize,1972,0.124676,608.6689453125
BLZ,Belize,1973,0.126445,674.686889648438
BLZ,Belize,1974,0.128185,813.058410644531
BLZ,Belize,1975,0.130387,781.918701171875
BLZ,Belize,1976,0.133099,669.110046386719
BLZ,Belize,1977,0.135887,736.69140625
BLZ,Belize,1978,0.138713,754.221252441406
BLZ,Belize,1979,0.141678,811.086608886719
BLZ,Belize,1980,0.145062,947.638122558594
BLZ,Belize,1981,0.148786,777.728576660156
BLZ,Belize,1982,0.152548,808.878234863281
BLZ,Belize,1983,0.156297,815.687744140625
BLZ,Belize,1984,0.160044,833.6328125
BLZ,Belize,1985,0.163796,956.221862792969
BLZ,Belize,1986,0.167554,1056.32421875
BLZ,Belize,1987,0.171338,1215.50866699219
BLZ,Belize,1988,0.17518,1332.12963867188
BLZ,Belize,1989,0.179107,1491.4833984375
BLZ,Belize,1990,0.183076,1713.93286132813
BLZ,Belize,1991,0.18704,1797.85229492188
BLZ,Belize,1992,0.190983,2001.71899414063
BLZ,Belize,1993,0.194902,2090.95263671875
BLZ,Belize,1994,0.199097,2203.59887695313
BLZ,Belize,1995,0.204146,2252.02709960938
BLZ,Belize,1996,0.21031,2239.26586914063
BLZ,Belize,1997,0.217446,2060.56201171875
BLZ,Belize,1998,0.225173,2123.88916015625
BLZ,Belize,1999,0.233059,2222.30883789063
BLZ,Belize,2000,0.240799,2416.30395507813
BLZ,Belize,2001,0.248379,2588.45141601563
BLZ,Belize,2002,0.256009,2733.26000976563
BLZ,Belize,2003,0.26378,2880.13208007813
BLZ,Belize,2004,0.271688,2975.62622070313
BLZ,Belize,2005,0.279731,3026.619140625
BLZ,Belize,2006,0.287878,3207.470703125
BLZ,Belize,2007,0.2961,3343.03588867188
BLZ,Belize,2008,0.304361,3330.87475585938
BLZ,Belize,2009,0.312614,3322.99365234375
BLZ,Belize,2010,0.320245,3484.80126953125
BLZ,Belize,2011,0.327298,3662.09521484375
BLZ,Belize,2012,0.334414,3739.55859375
BLZ,Belize,2013,0.341627,3723.564453125
BLZ,Belize,2014,0.348923,3721.10278320313
BLZ,Belize,2015,0.356333,3827.01245117188
BLZ,Belize,2016,0.364705,3817.04907226563
BLZ,Belize,2017,0.373202,3732.76733398438
BLZ,Belize,2018,0.380226,3952.90063476563
BLZ,Belize,2019,0.385829,4395.67333984375
BLZ,Belize,2020,0.390812,3953.21997070313
BLZ,Belize,2021,0.395346,4613.91162109375
BLZ,Belize,2022,0.402733,4997.38818359375
BLZ,Belize,2023,0.411106,5132.9736328125
BMU,Bermuda,1970,0.052124,1264.90710449219
BMU,Bermuda,1971,0.052607,1309.08801269531
BMU,Bermuda,1972,0.052803,1332.38146972656
BMU,Bermuda,1973,0.052946,1351.2255859375
BMU,Bermuda,1974,0.053056,1363.45202636719
BMU,Bermuda,1975,0.053129,1413.16430664063
BMU,Bermuda,1976,0.05321,1545.18542480469
BMU,Bermuda,1977,0.053322,1579.943359375
BMU,Bermuda,1978,0.053431,1597.98034667969
BMU,Bermuda,1979,0.053517,1677.64013671875
BMU,Bermuda,1980,0.053673,1747.17041015625
BMU,Bermuda,1981,0.053997,1726.42700195313
BMU,Bermuda,1982,0.054387,1783.89538574219
BMU,Bermuda,1983,0.054777,1852.38232421875
BMU,Bermuda,1984,0.055169,1834.72424316406
BMU,Bermuda,1985,0.055547,1943.8291015625
BMU,Bermuda,1986,0.055889,2083.23046875
BMU,Bermuda,1987,0.056265,2167.498046875
BMU,Bermuda,1988,0.056699,2175.22509765625
BMU,Bermuda,1989,0.057129,2196.64428710938
BMU,Bermuda,1990,0.057559,2154.22143554688
BMU,Bermuda,1991,0.057984,2136.89697265625
BMU,Bermuda,1992,0.058407,2106.33349609375
BMU,Bermuda,1993,0.058816,2188.59741210938
BMU,Bermuda,1994,0.059194,2232.44116210938
BMU,Bermuda,1995,0.059526,2341.36157226563
BMU,Bermuda,1996,0.059813,2444.25512695313
BMU,Bermuda,1997,0.060177,2591.99829101563
BMU,Bermuda,1998,0.060639,2714.52270507813
BMU,Bermuda,1999,0.061124,2861.87524414063
BMU,Bermuda,2000,0.06155,3013.0498046875
BMU,Bermuda,2001,0.061867,3323.7880859375
BMU,Bermuda,2002,0.062142,3398.12817382813
BMU,Bermuda,2003,0.062386,3619.0576171875
BMU,Bermuda,2004,0.062555,3798.94482421875
BMU,Bermuda,2005,0.062711,3987.99829101563
BMU,Bermuda,2006,0.062834,4297.853515625
BMU,Bermuda,2007,0.06301,4906.61767578125
BMU,Bermuda,2008,0.0633,5294.4892578125
BMU,Bermuda,2009,0.063565,5317.1484375
BMU,Bermuda,2010,0.063725,5554.6201171875
BMU,Bermuda,2011,0.063733,5414.9345703125
BMU,Bermuda,2012,0.063646,5271.16259765625
BMU,Bermuda,2013,0.063574,5099.36083984375
BMU,Bermuda,2014,0.063529,4960.671875
BMU,Bermuda,2015,0.063464,5038.669921875
BMU,Bermuda,2016,0.063449,5131.71826171875
BMU,Bermuda,2017,0.063578,5159.93408203125
BMU,Bermuda,2018,0.063831,5412.96435546875
BMU,Bermuda,2019,0.064107,5772.953125
BMU,Bermuda,2020,0.064382,5484.2109375
BMU,Bermuda,2021,0.064648,5761.01953125
BMU,Bermuda,2022,0.064749,5937.1767578125
BMU,Bermuda,2023,0.064698,6022.5556640625
BOL,Bolivia (Plurinational State of),1950,2.92118240001953,5826.16455078125
BOL,Bolivia (Plurinational State of),1951,2.98205466638324,6713.89599609375
BOL,Bolivia (Plurinational State of),1952,3.04504853351955,6636.86083984375
BOL,Bolivia (Plurinational State of),1953,3.11015972096168,5660.04638671875
BOL,Bolivia (Plurinational State of),1954,3.17739804860401,5873.80322265625
BOL,Bolivia (Plurinational State of),1955,3.24675797701894,6493.7587890625
BOL,Bolivia (Plurinational State of),1956,3.31824177233595,6001.3125
BOL,Bolivia (Plurinational State of),1957,3.39189374997586,5814.27783203125
BOL,Bolivia (Plurinational State of),1958,3.46780027465089,5869.2685546875
BOL,Bolivia (Plurinational State of),1959,3.54604418598294,5894.2158203125
BOL,Bolivia (Plurinational State of),1960,3.62670001445251,6295.0126953125
BOL,Bolivia (Plurinational State of),1961,3.7098241615043,6593.6494140625
BOL,Bolivia (Plurinational State of),1962,3.79551130099192,6932.87109375
BOL,Bolivia (Plurinational State of),1963,3.88392635678269,7332.20947265625
BOL,Bolivia (Plurinational State of),1964,3.97520428947643,7950.97412109375
BOL,Bolivia (Plurinational State of),1965,4.06945865733904,8744.7236328125
BOL,Bolivia (Plurinational State of),1966,4.16678690393793,9244.4853515625
BOL,Bolivia (Plurinational State of),1967,4.26731769506883,9705.3798828125
BOL,Bolivia (Plurinational State of),1968,4.37124138560761,8743.806640625
BOL,Bolivia (Plurinational State of),1969,4.47875462523424,9097.0390625
BOL,Bolivia (Plurinational State of),1970,4.59001,9504.2919921875
BOL,Bolivia (Plurinational State of),1971,4.694342,10069.142578125
BOL,Bolivia (Plurinational State of),1972,4.800978,10340.533203125
BOL,Bolivia (Plurinational State of),1973,4.9102,10881.064453125
BOL,Bolivia (Plurinational State of),1974,5.022475,12567.388671875
BOL,Bolivia (Plurinational State of),1975,5.137539,12375.71484375
BOL,Bolivia (Plurinational State of),1976,5.256496,13066.7216796875
BOL,Bolivia (Plurinational State of),1977,5.379166,13801.115234375
BOL,Bolivia (Plurinational State of),1978,5.504123,13571.2001953125
BOL,Bolivia (Plurinational State of),1979,5.630849,14276.7275390625
BOL,Bolivia (Plurinational State of),1980,5.7589,14163.546875
BOL,Bolivia (Plurinational State of),1981,5.888109,14555.94140625
BOL,Bolivia (Plurinational State of),1982,6.018088,13931.935546875
BOL,Bolivia (Plurinational State of),1983,6.14906,13909.2265625
BOL,Bolivia (Plurinational State of),1984,6.281868,14008.34765625
BOL,Bolivia (Plurinational State of),1985,6.416185,14665.6953125
BOL,Bolivia (Plurinational State of),1986,6.552479,14269.1474609375
BOL,Bolivia (Plurinational State of),1987,6.692162,15116.453125
BOL,Bolivia (Plurinational State of),1988,6.835508,15872.8447265625
BOL,Bolivia (Plurinational State of),1989,6.981766,16955.654296875
BOL,Bolivia (Plurinational State of),1990,7.130142,18107.580078125
BOL,Bolivia (Plurinational State of),1991,7.280289,19011.94140625
BOL,Bolivia (Plurinational State of),1992,7.430336,19798.49609375
BOL,Bolivia (Plurinational State of),1993,7.579195,21097.79296875
BOL,Bolivia (Plurinational State of),1994,7.727322,23174.884765625
BOL,Bolivia (Plurinational State of),1995,7.874676,25641.30859375
BOL,Bolivia (Plurinational State of),1996,8.021736,28133.54296875
BOL,Bolivia (Plurinational State of),1997,8.1679,28752.48828125
BOL,Bolivia (Plurinational State of),1998,8.313394,29515.666015625
BOL,Bolivia (Plurinational State of),1999,8.459806,30051.4609375
BOL,Bolivia (Plurinational State of),2000,8.606326,30826.216796875
BOL,Bolivia (Plurinational State of),2001,8.752736,31894.88671875
BOL,Bolivia (Plurinational State of),2002,8.900355,33223.3828125
BOL,Bolivia (Plurinational State of),2003,9.0507,35516.85546875
BOL,Bolivia (Plurinational State of),2004,9.204287,38619.640625
BOL,Bolivia (Plurinational State of),2005,9.360754,40927.453125
BOL,Bolivia (Plurinational State of),2006,9.521689,45459.44921875
BOL,Bolivia (Plurinational State of),2007,9.68596,47905.0390625
BOL,Bolivia (Plurinational State of),2008,9.850858,52788.30078125
BOL,Bolivia (Plurinational State of),2009,10.016275,53885.4765625
BOL,Bolivia (Plurinational State of),2010,10.182345,60484.65234375
BOL,Bolivia (Plurinational State of),2011,10.348929,67161.328125
BOL,Bolivia (Plurinational State of),2012,10.515807,75635.125
BOL,Bolivia (Plurinational State of),2013,10.682608,82666.4296875
BOL,Bolivia (Plurinational State of),2014,10.848888,86998.7890625
BOL,Bolivia (Plurinational State of),2015,11.014705,88369.296875
BOL,Bolivia (Plurinational State of),2016,11.18002,92554.90625
BOL,Bolivia (Plurinational State of),2017,11.344587,102180.4453125
BOL,Bolivia (Plurinational State of),2018,11.508368,107652.765625
BOL,Bolivia (Plurinational State of),2019,11.671386,111821.7578125
BOL,Bolivia (Plurinational State of),2020,11.816299,101246.4765625
BOL,Bolivia (Plurinational State of),2021,11.93736,111995.9609375
BOL,Bolivia (Plurinational State of),2022,12.077154,115695.6796875
BOL,Bolivia (Plurinational State of),2023,12.244159,117510.328125
BRA,Brazil,1950,53.2706842849195,102114.34375
BRA,Brazil,1951,54.8181363001983,106784.1640625
BRA,Brazil,1952,56.4199777358408,116634.390625
BRA,Brazil,1953,58.0784101770252,120215.2421875
BRA,Brazil,1954,59.7957150591695,131120.359375
BRA,Brazil,1955,61.5742840870702,140591.328125
BRA,Brazil,1956,63.4267374009808,145569
BRA,Brazil,1957,65.339724801314,158085.703125
BRA,Brazil,1958,67.3153718254008,167468.953125
BRA,Brazil,1959,69.3558876632043,175361.703125
BRA,Brazil,1960,71.4635461453578,193100.171875
BRA,Brazil,1961,73.5947414362397,218244.171875
BRA,Brazil,1962,75.7941136221942,232053.875
BRA,Brazil,1963,78.0639745577783,247872.640625
BRA,Brazil,1964,80.4067349597503,260893.796875
BRA,Brazil,1965,82.8248815927156,279635.4375
BRA,Brazil,1966,85.2814628076885,291242.75
BRA,Brazil,1967,87.7658014869129,314906.46875
BRA,Brazil,1968,90.2769394275134,347090.90625
BRA,Brazil,1969,92.8138880074755,354136.21875
BRA,Brazil,1970,95.375651,405327.875
BRA,Brazil,1971,97.739273,452846.21875
BRA,Brazil,1972,100.146797,504928.46875
BRA,Brazil,1973,102.600976,574665.9375
BRA,Brazil,1974,105.089675,611270.6875
BRA,Brazil,1975,107.619565,639257
BRA,Brazil,1976,110.213349,702163.5
BRA,Brazil,1977,112.875292,725837.375
BRA,Brazil,1978,115.600942,749506.4375
BRA,Brazil,1979,118.380821,794820.25
BRA,Brazil,1980,121.207461,734726.8125
BRA,Brazil,1981,124.063109,810294.25
BRA,Brazil,1982,126.923155,830932.0625
BRA,Brazil,1983,129.790077,814326.8125
BRA,Brazil,1984,132.658864,862467.75
BRA,Brazil,1985,135.515595,904721.8125
BRA,Brazil,1986,138.33637,1016563.375
BRA,Brazil,1987,141.104944,1051805.25
BRA,Brazil,1988,143.826357,1068869.5
BRA,Brazil,1989,146.502972,1075982.625
BRA,Brazil,1990,149.143223,1038996.3125
BRA,Brazil,1991,151.724256,1125934.625
BRA,Brazil,1992,154.275079,1160358.125
BRA,Brazil,1993,156.794577,1245057.75
BRA,Brazil,1994,159.265006,1392041.375
BRA,Brazil,1995,161.735073,1640300
BRA,Brazil,1996,164.202549,1998192
BRA,Brazil,1997,166.661659,1931557.875
BRA,Brazil,1998,169.159655,1861434.125
BRA,Brazil,1999,171.641543,1791875
BRA,Brazil,2000,174.018282,1795624.375
BRA,Brazil,2001,176.301203,1786172.625
BRA,Brazil,2002,178.503484,1837772.875
BRA,Brazil,2003,180.622688,1827567.75
BRA,Brazil,2004,182.675143,1920773
BRA,Brazil,2005,184.688101,1975163.25
BRA,Brazil,2006,186.653106,2150759.75
BRA,Brazil,2007,188.55232,2373551
BRA,Brazil,2008,190.367302,2619445.75
BRA,Brazil,2009,192.079951,2823070.5
BRA,Brazil,2010,193.701929,3213294.5
BRA,Brazil,2011,195.284734,3590073.5
BRA,Brazil,2012,196.876111,3584929.5
BRA,Brazil,2013,198.478299,3621657
BRA,Brazil,2014,200.085127,3618788.5
BRA,Brazil,2015,201.675532,3399294.25
BRA,Brazil,2016,203.218114,3247383
BRA,Brazil,2017,204.703445,3268639.5
BRA,Brazil,2018,206.107261,3421522
BRA,Brazil,2019,207.455459,3539813.25
BRA,Brazil,2020,208.660842,3467857
BRA,Brazil,2021,209.550294,3702860.25
BRA,Brazil,2022,210.306415,3816818.75
BRA,Brazil,2023,211.140729,3970609.75
BRB,Barbados,1960,0.242684266112509,2383.37109375
BRB,Barbados,1961,0.239820181967346,2447.76684570313
BRB,Barbados,1962,0.2389323270889,2540.63720703125
BRB,Barbados,1963,0.241011983518763,2695.15795898438
BRB,Barbados,1964,0.243655687648431,2632.61547851563
BRB,Barbados,1965,0.245442868559459,2659.39331054688
BRB,Barbados,1966,0.24674539709938,2791.29809570313
BRB,Barbados,1967,0.248831310522408,3150.68896484375
BRB,Barbados,1968,0.250548512723805,3225.71606445313
BRB,Barbados,1969,0.249977149633981,3627.5205078125
BRB,Barbados,1970,0.249387,3995.61987304688
BRB,Barbados,1971,0.249168,4177.14453125
BRB,Barbados,1972,0.249658,4167.5654296875
BRB,Barbados,1973,0.250322,4360.91943359375
BRB,Barbados,1974,0.250777,4124.6630859375
BRB,Barbados,1975,0.251175,4542.79345703125
BRB,Barbados,1976,0.251442,3556.59521484375
BRB,Barbados,1977,0.251626,3618.123046875
BRB,Barbados,1978,0.251551,3553.19482421875
BRB,Barbados,1979,0.251269,3746.00830078125
BRB,Barbados,1980,0.251524,3864.89013671875
BRB,Barbados,1981,0.25227,3765.11499023438
BRB,Barbados,1982,0.253095,3613.9404296875
BRB,Barbados,1983,0.253992,3652.87158203125
BRB,Barbados,1984,0.25492,3813.60668945313
BRB,Barbados,1985,0.25582,3826.21435546875
BRB,Barbados,1986,0.256618,4133.65771484375
BRB,Barbados,1987,0.257279,4268.75341796875
BRB,Barbados,1988,0.257763,4476.19287109375
BRB,Barbados,1989,0.258109,4793.42919921875
BRB,Barbados,1990,0.258582,4534.56298828125
BRB,Barbados,1991,0.259373,4741.87060546875
BRB,Barbados,1992,0.260267,3831.33544921875
BRB,Barbados,1993,0.261027,4081.755859375
BRB,Barbados,1994,0.26162,5987.45751953125
BRB,Barbados,1995,0.262039,6398.654296875
BRB,Barbados,1996,0.262284,6881.15185546875
BRB,Barbados,1997,0.262392,6549.015625
BRB,Barbados,1998,0.262436,7044.96875
BRB,Barbados,1999,0.262517,6995.3037109375
BRB,Barbados,2000,0.262063,6914.806640625
BRB,Barbados,2001,0.262425,6699.23388671875
BRB,Barbados,2002,0.264148,6749.4140625
BRB,Barbados,2003,0.265776,6403.60009765625
BRB,Barbados,2004,0.267298,6599.4384765625
BRB,Barbados,2005,0.268706,6788.69140625
BRB,Barbados,2006,0.270002,6710.62548828125
BRB,Barbados,2007,0.271288,7025.59375
BRB,Barbados,2008,0.272714,6738.06298828125
BRB,Barbados,2009,0.274123,6396.876953125
BRB,Barbados,2010,0.275243,6249.05419921875
BRB,Barbados,2011,0.276139,6189.09814453125
BRB,Barbados,2012,0.276938,5831.5654296875
BRB,Barbados,2013,0.277665,5696.26123046875
BRB,Barbados,2014,0.278348,5540.91162109375
BRB,Barbados,2015,0.27899,5429.50048828125
BRB,Barbados,2016,0.279598,5396.08544921875
BRB,Barbados,2017,0.280171,5309.39404296875
BRB,Barbados,2018,0.280711,5156.74658203125
BRB,Barbados,2019,0.281207,5035.44970703125
BRB,Barbados,2020,0.281698,4355.521484375
BRB,Barbados,2021,0.282147,4281.6298828125
BRB,Barbados,2022,0.282318,5040.2314453125
BRB,Barbados,2023,0.282336,5241.19140625
BRN,Brunei Darussalam,1970,0.135138,14667.17578125
BRN,Brunei Darussalam,1971,0.137921,16205.55859375
BRN,Brunei Darussalam,1972,0.142189,17798.724609375
BRN,Brunei Darussalam,1973,0.147369,19323.146484375
BRN,Brunei Darussalam,1974,0.152656,22032.240234375
BRN,Brunei Darussalam,1975,0.15807,21850.150390625
BRN,Brunei Darussalam,1976,0.163607,25707.8125
BRN,Brunei Darussalam,1977,0.169277,27895.921875
BRN,Brunei Darussalam,1978,0.174884,28782.482421875
BRN,Brunei Darussalam,1979,0.180422,35371.4765625
BRN,Brunei Darussalam,1980,0.186111,38732.23828125
BRN,Brunei Darussalam,1981,0.191977,36254.0859375
BRN,Brunei Darussalam,1982,0.198165,27839.263671875
BRN,Brunei Darussalam,1983,0.204741,26230.1796875
BRN,Brunei Darussalam,1984,0.211661,26372.5859375
BRN,Brunei Darussalam,1985,0.218919,24103.611328125
BRN,Brunei Darussalam,1986,0.226495,15184.361328125
BRN,Brunei Darussalam,1987,0.23386,16808.0234375
BRN,Brunei Darussalam,1988,0.240913,14478.5234375
BRN,Brunei Darussalam,1989,0.248064,16119.3466796875
BRN,Brunei Darussalam,1990,0.255292,17218.5703125
BRN,Brunei Darussalam,1991,0.262596,16814.931640625
BRN,Brunei Darussalam,1992,0.269839,17466.716796875
BRN,Brunei Darussalam,1993,0.276971,16451.5625
BRN,Brunei Darussalam,1994,0.284091,15537.765625
BRN,Brunei Darussalam,1995,0.291195,14490.0029296875
BRN,Brunei Darussalam,1996,0.298276,19445.806640625
BRN,Brunei Darussalam,1997,0.305341,16768.625
BRN,Brunei Darussalam,1998,0.312385,14793.4697265625
BRN,Brunei Darussalam,1999,0.319411,17377.2578125
BRN,Brunei Darussalam,2000,0.326424,21275.353515625
BRN,Brunei Darussalam,2001,0.333345,20687.296875
BRN,Brunei Darussalam,2002,0.340099,21135.64453125
BRN,Brunei Darussalam,2003,0.346637,23454.24609375
BRN,Brunei Darussalam,2004,0.352911,26902.7890625
BRN,Brunei Darussalam,2005,0.358916,32274.462890625
BRN,Brunei Darussalam,2006,0.364663,36653.30078125
BRN,Brunei Darussalam,2007,0.370873,35354.359375
BRN,Brunei Darussalam,2008,0.377793,41254.55078125
BRN,Brunei Darussalam,2009,0.384952,31723.57421875
BRN,Brunei Darussalam,2010,0.392332,33921.125
BRN,Brunei Darussalam,2011,0.399389,41364.9140625
BRN,Brunei Darussalam,2012,0.405557,44485.00390625
BRN,Brunei Darussalam,2013,0.411202,41571.80078125
BRN,Brunei Darussalam,2014,0.41675,41207.703125
BRN,Brunei Darussalam,2015,0.422212,32206.375
BRN,Brunei Darussalam,2016,0.427564,29099.265625
BRN,Brunei Darussalam,2017,0.432772,31905.421875
BRN,Brunei Darussalam,2018,0.43781,31926.107421875
BRN,Brunei Darussalam,2019,0.44268,34200.89453125
BRN,Brunei Darussalam,2020,0.447404,34712.15625
BRN,Brunei Darussalam,2021,0.451721,37034.3515625
BRN,Brunei Darussalam,2022,0.45537,43884.44921875
BRN,Brunei Darussalam,2023,0.458949,38792.8984375
BTN,Bhutan,1970,0.308528,543.924438476563
BTN,Bhutan,1971,0.319211,558.000793457031
BTN,Bhutan,1972,0.330264,564.189636230469
BTN,Bhutan,1973,0.341705,572.927124023438
BTN,Bhutan,1974,0.353538,600.4619140625
BTN,Bhutan,1975,0.365791,579.640747070313
BTN,Bhutan,1976,0.37849,633.375549316406
BTN,Bhutan,1977,0.391639,681.252624511719
BTN,Bhutan,1978,0.405243,731.078369140625
BTN,Bhutan,1979,0.4192,772.166748046875
BTN,Bhutan,1980,0.433404,794.37939453125
BTN,Bhutan,1981,0.447836,897.183654785156
BTN,Bhutan,1982,0.462485,940.712951660156
BTN,Bhutan,1983,0.47746,1061.04565429688
BTN,Bhutan,1984,0.492784,1088.82458496094
BTN,Bhutan,1985,0.508392,1131.39221191406
BTN,Bhutan,1986,0.524324,1217.80017089844
BTN,Bhutan,1987,0.540557,1392.46081542969
BTN,Bhutan,1988,0.556986,1392.63439941406
BTN,Bhutan,1989,0.573586,1524.93322753906
BTN,Bhutan,1990,0.589287,1635.47998046875
BTN,Bhutan,1991,0.599784,1628.51342773438
BTN,Bhutan,1992,0.577774,1644.60522460938
BTN,Bhutan,1993,0.554673,1746.79614257813
BTN,Bhutan,1994,0.554497,1776.85949707031
BTN,Bhutan,1995,0.547989,1974.69897460938
BTN,Bhutan,1996,0.548784,2115.00756835938
BTN,Bhutan,1997,0.558697,2320.50024414063
BTN,Bhutan,1998,0.569435,2448.068359375
BTN,Bhutan,1999,0.582579,2709.61254882813
BTN,Bhutan,2000,0.596863,3085.49633789063
BTN,Bhutan,2001,0.610794,3340.06909179688
BTN,Bhutan,2002,0.624409,3702.79516601563
BTN,Bhutan,2003,0.637663,3963.212890625
BTN,Bhutan,2004,0.650544,4124.21435546875
BTN,Bhutan,2005,0.661865,4359.86865234375
BTN,Bhutan,2006,0.670799,4693.1767578125
BTN,Bhutan,2007,0.678641,5172.4462890625
BTN,Bhutan,2008,0.686351,5283.42529296875
BTN,Bhutan,2009,0.693988,5684.57177734375
BTN,Bhutan,2010,0.701632,6234.8525390625
BTN,Bhutan,2011,0.709377,6688.09130859375
BTN,Bhutan,2012,0.717279,7150.12109375
BTN,Bhutan,2013,0.725273,6925.97265625
BTN,Bhutan,2014,0.733139,7726.51611328125
BTN,Bhutan,2015,0.740618,8479.119140625
BTN,Bhutan,2016,0.747866,9327.2744140625
BTN,Bhutan,2017,0.754335,9568.875
BTN,Bhutan,2018,0.759759,9524.416015625
BTN,Bhutan,2019,0.764824,10405.11328125
BTN,Bhutan,2020,0.770006,9910.845703125
BTN,Bhutan,2021,0.775442,10216.5302734375
BTN,Bhutan,2022,0.780914,9853.947265625
BTN,Bhutan,2023,0.786385,10626.3828125
BWA,Botswana,1960,0.502082990047028,323.971557617188
BWA,Botswana,1961,0.510058594090128,346.841552734375
BWA,Botswana,1962,0.518326265901072,373.452209472656
BWA,Botswana,1963,0.526891217210014,393.824127197266
BWA,Botswana,1964,0.53571488723894,422.914459228516
BWA,Botswana,1965,0.543937129633287,402.302673339844
BWA,Botswana,1966,0.551887458291424,422.877838134766
BWA,Botswana,1967,0.559545628804893,485.242553710938
BWA,Botswana,1968,0.568036772374668,569.337646484375
BWA,Botswana,1969,0.578077516959643,574.333068847656
BWA,Botswana,1970,0.590334,699.104736328125
BWA,Botswana,1971,0.600481,870.880493164063
BWA,Botswana,1972,0.622407,1081.57287597656
BWA,Botswana,1973,0.652408,1322.6025390625
BWA,Botswana,1974,0.685448,1454.89270019531
BWA,Botswana,1975,0.72038,1594.80151367188
BWA,Botswana,1976,0.758508,1783.62744140625
BWA,Botswana,1977,0.799574,1953.91833496094
BWA,Botswana,1978,0.849239,2068.43725585938
BWA,Botswana,1979,0.901742,2377.27221679688
BWA,Botswana,1980,0.937485,2849.53784179688
BWA,Botswana,1981,0.969996,3140.34008789063
BWA,Botswana,1982,1.009269,3161.53515625
BWA,Botswana,1983,1.046137,3460.4404296875
BWA,Botswana,1984,1.08366,4070.79858398438
BWA,Botswana,1985,1.121945,5002.3447265625
BWA,Botswana,1986,1.16065,6238.16455078125
BWA,Botswana,1987,1.199167,7008.7490234375
BWA,Botswana,1988,1.235476,8228.86328125
BWA,Botswana,1989,1.270274,10513.5908203125
BWA,Botswana,1990,1.305696,11047.1708984375
BWA,Botswana,1991,1.341756,11630.29296875
BWA,Botswana,1992,1.380033,11759.099609375
BWA,Botswana,1993,1.420115,12231.970703125
BWA,Botswana,1994,1.460023,12933.154296875
BWA,Botswana,1995,1.498836,14170.0634765625
BWA,Botswana,1996,1.535914,16999.453125
BWA,Botswana,1997,1.571691,18369.64453125
BWA,Botswana,1998,1.606899,17950.712890625
BWA,Botswana,1999,1.641997,20873.05859375
BWA,Botswana,2000,1.677382,22152.529296875
BWA,Botswana,2001,1.712254,21764.91015625
BWA,Botswana,2002,1.744763,22855.462890625
BWA,Botswana,2003,1.775736,23722.9765625
BWA,Botswana,2004,1.807146,25579.228515625
BWA,Botswana,2005,1.839877,29291.1875
BWA,Botswana,2006,1.874516,30166.841796875
BWA,Botswana,2007,1.911201,31708.103515625
BWA,Botswana,2008,1.94997,38239.734375
BWA,Botswana,2009,1.990673,30889.318359375
BWA,Botswana,2010,2.033111,33838.6640625
BWA,Botswana,2011,2.073535,36686.03125
BWA,Botswana,2012,2.108617,33464.82421875
BWA,Botswana,2013,2.140682,35046.83984375
BWA,Botswana,2014,2.172044,39119.34375
BWA,Botswana,2015,2.203273,37067.7890625
BWA,Botswana,2016,2.234776,43059.58203125
BWA,Botswana,2017,2.266747,41777.76953125
BWA,Botswana,2018,2.299141,41079.15625
BWA,Botswana,2019,2.332083,41470.28515625
BWA,Botswana,2020,2.365894,38701.265625
BWA,Botswana,2021,2.401441,43411.265625
BWA,Botswana,2022,2.439892,46793.45703125
BWA,Botswana,2023,2.480244,47203.46875
CAF,Central African Republic,1960,1.67350275439643,2356.85693359375
CAF,Central African Republic,1961,1.70475140467427,2551.45434570313
CAF,Central African Republic,1962,1.73739923404459,2573.47436523438
CAF,Central African Republic,1963,1.77148621128442,2419.66284179688
CAF,Central African Republic,1964,1.80712082307426,2539.359375
CAF,Central African Republic,1965,1.85607319450822,2558.81665039063
CAF,Central African Republic,1966,1.92172354215795,2561.26245117188
CAF,Central African Republic,1967,1.97706915058976,2394.36499023438
CAF,Central African Republic,1968,2.01062470623296,2922.64086914063
CAF,Central African Republic,1969,2.04667667906185,2921.25903320313
CAF,Central African Republic,1970,2.097505,3058.30932617188
CAF,Central African Republic,1971,2.14145,2957.82568359375
CAF,Central African Republic,1972,2.183769,2884.39038085938
CAF,Central African Republic,1973,2.226008,3084.68237304688
CAF,Central African Republic,1974,2.269338,2847.54809570313
CAF,Central African Republic,1975,2.313916,2761.97509765625
CAF,Central African Republic,1976,2.348566,2810.30834960938
CAF,Central African Republic,1977,2.37293,2970.25170898438
CAF,Central African Republic,1978,2.397961,3047.33227539063
CAF,Central African Republic,1979,2.423794,2990.607421875
CAF,Central African Republic,1980,2.450535,2768.6669921875
CAF,Central African Republic,1981,2.478402,3271.69189453125
CAF,Central African Republic,1982,2.507375,3259.66748046875
CAF,Central African Republic,1983,2.537399,3109.5400390625
CAF,Central African Republic,1984,2.56861,3368.455078125
CAF,Central African Republic,1985,2.600932,3735.53588867188
CAF,Central African Republic,1986,2.634258,3647.37426757813
CAF,Central African Republic,1987,2.669155,3381.25415039063
CAF,Central African Republic,1988,2.713965,3560.18481445313
CAF,Central African Republic,1989,2.78397,3746.56298828125
CAF,Central African Republic,1990,2.87191,3718.11010742188
CAF,Central African Republic,1991,2.963191,3661.603515625
CAF,Central African Republic,1992,3.058831,3512.607421875
CAF,Central African Republic,1993,3.157839,3439.57885742188
CAF,Central African Republic,1994,3.257954,4056.2783203125
CAF,Central African Republic,1995,3.348052,4121.63720703125
CAF,Central African Republic,1996,3.435965,3637.40625
CAF,Central African Republic,1997,3.5317,3893.40869140625
CAF,Central African Republic,1998,3.628827,4094.419921875
CAF,Central African Republic,1999,3.72945,4082.4169921875
CAF,Central African Republic,2000,3.833416,4204.75634765625
CAF,Central African Republic,2001,3.919487,4276.37060546875
CAF,Central African Republic,2002,4.006077,4259.09765625
CAF,Central African Republic,2003,4.103086,4037.69946289063
CAF,Central African Republic,2004,4.192826,4150.7958984375
CAF,Central African Republic,2005,4.28881,4197.73193359375
CAF,Central African Republic,2006,4.377579,4450.88671875
CAF,Central African Republic,2007,4.46277,4692.1298828125
CAF,Central African Republic,2008,4.558984,4817.0595703125
CAF,Central African Republic,2009,4.529047,5160.74267578125
CAF,Central African Republic,2010,4.492995,5394.19140625
CAF,Central African Republic,2011,4.565021,5528.92724609375
CAF,Central African Republic,2012,4.610848,6089.9072265625
CAF,Central African Republic,2013,4.642419,4165.2255859375
CAF,Central African Republic,2014,4.623182,3846.21484375
CAF,Central African Republic,2015,4.62932,4162.64990234375
CAF,Central African Republic,2016,4.713663,4467.1396484375
CAF,Central African Republic,2017,4.793511,4722.75341796875
CAF,Central African Republic,2018,4.878657,4869.89501953125
CAF,Central African Republic,2019,4.944703,5255.0361328125
CAF,Central African Republic,2020,5.026628,5610.05322265625
CAF,Central African Republic,2021,5.1121,5750.9541015625
CAF,Central African Republic,2022,5.098039,5707.50390625
CAF,Central African Republic,2023,5.152421,5511.0673828125
CAN,Canada,1950,13.8117417797784,188976.78125
CAN,Canada,1951,14.1264449915337,196017.484375
CAN,Canada,1952,14.5748712865016,214383.125
CAN,Canada,1953,14.9669931748581,225088.734375
CAN,Canada,1954,15.4134086317357,223815.125
CAN,Canada,1955,15.8216181648978,245084.328125
CAN,Canada,1956,16.2107242661604,265917.875
CAN,Canada,1957,16.767738638254,270863.71875
CAN,Canada,1958,17.2131482060448,275981.25
CAN,Canada,1959,17.617335122943,288533.125
CAN,Canada,1960,18.0064412242057,297850.84375
CAN,Canada,1961,18.3694054902113,308605.40625
CAN,Canada,1962,18.7152771624077,327892.1875
CAN,Canada,1963,19.0671804087918,344100.59375
CAN,Canada,1964,19.4301465549639,368056.5
CAN,Canada,1965,19.7850655884418,392802.03125
CAN,Canada,1966,20.1570790958953,418590.15625
CAN,Canada,1967,20.5230591489947,431054.96875
CAN,Canada,1968,20.8417849770138,450912.21875
CAN,Canada,1969,21.1424104419706,473837.84375
CAN,Canada,1970,21.440022,485187.8125
CAN,Canada,1971,21.895691,508815.5
CAN,Canada,1972,22.23088,539847.8125
CAN,Canada,1973,22.512227,586410.625
CAN,Canada,1974,22.824082,619732.625
CAN,Canada,1975,23.148986,626348.0625
CAN,Canada,1976,23.455781,665228.1875
CAN,Canada,1977,23.73034,680218.5
CAN,Canada,1978,23.978738,700081.4375
CAN,Canada,1979,24.237173,736555.3125
CAN,Canada,1980,24.533776,749561.0625
CAN,Canada,1981,24.844974,768746.75
CAN,Canada,1982,25.140164,738713.9375
CAN,Canada,1983,25.412608,765756.375
CAN,Canada,1984,25.670375,816046.6875
CAN,Canada,1985,25.927465,860831.875
CAN,Canada,1986,26.211031,876912.0625
CAN,Canada,1987,26.540921,927151.5625
CAN,Canada,1988,26.927945,981590.5625
CAN,Canada,1989,27.36605,1016160.0625
CAN,Canada,1990,27.789443,1013919.1875
CAN,Canada,1991,28.157158,989368.1875
CAN,Canada,1992,28.500059,998445.3125
CAN,Canada,1993,28.830637,1028337.625
CAN,Canada,1994,29.147381,1084427.125
CAN,Canada,1995,29.459131,1133353.375
CAN,Canada,1996,29.767206,1167337.625
CAN,Canada,1997,30.059089,1220548
CAN,Canada,1998,30.329969,1248118.125
CAN,Canada,1999,30.599456,1321358.125
CAN,Canada,2000,30.891803,1401419.5
CAN,Canada,2001,31.213577,1402013.875
CAN,Canada,2002,31.535577,1414733.375
CAN,Canada,2003,31.836482,1457964.125
CAN,Canada,2004,32.132678,1517660.25
CAN,Canada,2005,32.440173,1580662.375
CAN,Canada,2006,32.759171,1606686.25
CAN,Canada,2007,33.092171,1634348.125
CAN,Canada,2008,33.449085,1653895.5
CAN,Canada,2009,33.82637,1556361.375
CAN,Canada,2010,34.196899,1643022
CAN,Canada,2011,34.555452,1724547.75
CAN,Canada,2012,34.922516,1747768.25
CAN,Canada,2013,35.293433,1804761
CAN,Canada,2014,35.634264,1858964.375
CAN,Canada,2015,35.962234,1827783
CAN,Canada,2016,36.353343,1860631.75
CAN,Canada,2017,36.808497,1946187.625
CAN,Canada,2018,37.295005,1993197.75
CAN,Canada,2019,37.782935,1985851.625
CAN,Canada,2020,38.171902,1894406.75
CAN,Canada,2021,38.454057,2072890.75
CAN,Canada,2022,38.821259,2183895.5
CAN,Canada,2023,39.299105,2165848.75
CHE,Switzerland,1950,4.62952696846788,79779.3828125
CHE,Switzerland,1951,4.68377183610909,84804.984375
CHE,Switzerland,1952,4.74886530104836,86264.984375
CHE,Switzerland,1953,4.81099971560617,90780.5390625
CHE,Switzerland,1954,4.86129933950135,96387.6640625
CHE,Switzerland,1955,4.91159896339653,102729.7109375
CHE,Switzerland,1956,4.97570623497122,108876.4921875
CHE,Switzerland,1957,5.05559354095458,112377.3515625
CHE,Switzerland,1958,5.12759082973361,110645.7109375
CHE,Switzerland,1959,5.1867666641977,118542.9375
CHE,Switzerland,1960,5.28835210535263,128139.734375
CHE,Switzerland,1961,5.43629192665671,138523.265625
CHE,Switzerland,1962,5.5881765214191,145812.453125
CHE,Switzerland,1963,5.70948724072872,152974.671875
CHE,Switzerland,1964,5.80614124477305,162335.078125
CHE,Switzerland,1965,5.86137183549111,167723.171875
CHE,Switzerland,1966,5.91364384611544,172639.28125
CHE,Switzerland,1967,5.97972397470701,179344.984375
CHE,Switzerland,1968,6.04777601974001,186939.375
CHE,Switzerland,1969,6.12667713235879,196619.734375
CHE,Switzerland,1970,6.180922,206592.578125
CHE,Switzerland,1971,6.21353,216881.71875
CHE,Switzerland,1972,6.261081,225609.828125
CHE,Switzerland,1973,6.307403,231753.234375
CHE,Switzerland,1974,6.341377,232316.140625
CHE,Switzerland,1975,6.3386,216118.53125
CHE,Switzerland,1976,6.302555,216579.625
CHE,Switzerland,1977,6.281359,219466.4375
CHE,Switzerland,1978,6.282038,226888.84375
CHE,Switzerland,1979,6.294715,231703.453125
CHE,Switzerland,1980,6.319846,238282.15625
CHE,Switzerland,1981,6.354556,239523.078125
CHE,Switzerland,1982,6.391804,241452.53125
CHE,Switzerland,1983,6.419311,243720.0625
CHE,Switzerland,1984,6.442422,249023.1875
CHE,Switzerland,1985,6.470957,253975.59375
CHE,Switzerland,1986,6.50475,267128.21875
CHE,Switzerland,1987,6.545773,272460.46875
CHE,Switzerland,1988,6.594143,278580.53125
CHE,Switzerland,1989,6.647788,292467.25
CHE,Switzerland,1990,6.713173,306354.75
CHE,Switzerland,1991,6.796943,303529.90625
CHE,Switzerland,1992,6.875051,302927.65625
CHE,Switzerland,1993,6.938106,305878.34375
CHE,Switzerland,1994,6.993587,313970.34375
CHE,Switzerland,1995,7.040477,318508.59375
CHE,Switzerland,1996,7.071883,325026.40625
CHE,Switzerland,1997,7.089163,340235.40625
CHE,Switzerland,1998,7.110291,356001.25
CHE,Switzerland,1999,7.144121,358812.0625
CHE,Switzerland,2000,7.184007,368548.875
CHE,Switzerland,2001,7.226391,369422.8125
CHE,Switzerland,2002,7.278752,366579.53125
CHE,Switzerland,2003,7.333447,362704.65625
CHE,Switzerland,2004,7.384194,370410.3125
CHE,Switzerland,2005,7.431823,385585.375
CHE,Switzerland,2006,7.478509,417631.8125
CHE,Switzerland,2007,7.545381,458003.6875
CHE,Switzerland,2008,7.641728,479936.9375
CHE,Switzerland,2009,7.737645,481338.8125
CHE,Switzerland,2010,7.825753,496048.96875
CHE,Switzerland,2011,7.914372,552769.125
CHE,Switzerland,2012,7.998926,571063.3125
CHE,Switzerland,2013,8.091202,568455.5625
CHE,Switzerland,2014,8.190235,580136
CHE,Switzerland,2015,8.283934,605930.8125
CHE,Switzerland,2016,8.374901,620415.5
CHE,Switzerland,2017,8.453628,640369.875
CHE,Switzerland,2018,8.516344,651319.25
CHE,Switzerland,2019,8.577524,681138.4375
CHE,Switzerland,2020,8.640582,666296.5
CHE,Switzerland,2021,8.707023,704390.25
CHE,Switzerland,2022,8.792182,733504.375
CHE,Switzerland,2023,8.870561,729190.1875
CHL,Chile,1951,6.57010742455453,34805.015625
CHL,Chile,1952,6.70218953166488,37996.546875
CHL,Chile,1953,6.8232052486066,38462.66015625
CHL,Chile,1954,6.94864371322213,40941.66796875
CHL,Chile,1955,7.08644843289024,40692.67578125
CHL,Chile,1956,7.23943110455152,40485.8359375
CHL,Chile,1957,7.40713572317729,43537.15234375
CHL,Chile,1958,7.5872131112132,44869.77734375
CHL,Chile,1959,7.77643565504413,45466.6640625
CHL,Chile,1960,7.97138381805939,48013.58203125
CHL,Chile,1961,8.16891467329204,46695.72265625
CHL,Chile,1962,8.3664234799299,57879.77734375
CHL,Chile,1963,8.56198549586839,61309.6640625
CHL,Chile,1964,8.75437652299203,62791.73828125
CHL,Chile,1965,8.94303933317786,63197.17578125
CHL,Chile,1966,9.12800098606495,69837.7734375
CHL,Chile,1967,9.3097565728273,73295.3359375
CHL,Chile,1968,9.48915797099101,76845.5234375
CHL,Chile,1969,9.66728556170098,82410.2265625
CHL,Chile,1970,9.845344,82524.875
CHL,Chile,1971,10.009701,91261.453125
CHL,Chile,1972,10.174678,90447.859375
CHL,Chile,1973,10.340362,87773.9921875
CHL,Chile,1974,10.505817,85895.5625
CHL,Chile,1975,10.671559,68879.4140625
CHL,Chile,1976,10.838251,73549.1953125
CHL,Chile,1977,11.005519,78046.4296875
CHL,Chile,1978,11.172695,83617.875
CHL,Chile,1979,11.339779,92087.140625
CHL,Chile,1980,11.50855,96987.296875
CHL,Chile,1981,11.678717,101057.2109375
CHL,Chile,1982,11.850214,87207.734375
CHL,Chile,1983,12.026138,85470.8828125
CHL,Chile,1984,12.207733,87248.265625
CHL,Chile,1985,12.395274,88448.3515625
CHL,Chile,1986,12.588914,84358.765625
CHL,Chile,1987,12.79015,90803.5625
CHL,Chile,1988,12.999424,101693.9453125
CHL,Chile,1989,13.215005,111053.0625
CHL,Chile,1990,13.437176,112959.5625
CHL,Chile,1991,13.662491,123266.515625
CHL,Chile,1992,13.884577,137243.234375
CHL,Chile,1993,14.102276,146002.40625
CHL,Chile,1994,14.316256,162339.90625
CHL,Chile,1995,14.527381,188885.125
CHL,Chile,1996,14.734046,199915.3125
CHL,Chile,1997,14.932434,204628.484375
CHL,Chile,1998,15.127799,202822.515625
CHL,Chile,1999,15.319313,197843.734375
CHL,Chile,2000,15.503635,203306.3125
CHL,Chile,2001,15.683849,202647.265625
CHL,Chile,2002,15.857925,204251.484375
CHL,Chile,2003,16.024752,215005.703125
CHL,Chile,2004,16.187322,239386.078125
CHL,Chile,2005,16.348778,258824.59375
CHL,Chile,2006,16.509195,307198.46875
CHL,Chile,2007,16.671581,335062.65625
CHL,Chile,2008,16.838988,331551.59375
CHL,Chile,2009,17.009731,336630.875
CHL,Chile,2010,17.181464,388853.4375
CHL,Chile,2011,17.351816,427692
CHL,Chile,2012,17.519119,443738
CHL,Chile,2013,17.687006,457184.09375
CHL,Chile,2014,17.864195,465203.5625
CHL,Chile,2015,18.047625,467149.21875
CHL,Chile,2016,18.267221,467700.8125
CHL,Chile,2017,18.558868,487243.71875
CHL,Chile,2018,18.893191,501161.3125
CHL,Chile,2019,19.197744,503617.71875
CHL,Chile,2020,19.370624,491479.34375
CHL,Chile,2021,19.456334,534089.5
CHL,Chile,2022,19.553036,531254.625
CHL,Chile,2023,19.658835,538011.75
CHN,China,1952,576.571149812691,254861.859375
CHN,China,1953,586.260436584367,273109.09375
CHN,China,1954,596.831252509259,281119.875
CHN,China,1955,608.878593014988,298235.5
CHN,China,1956,621.328783523545,327788
CHN,China,1957,635.457260496672,343889.875
CHN,China,1958,648.993559603395,384154.78125
CHN,China,1959,656.667003826331,386880.09375
CHN,China,1960,652.965034642676,377860.4375
CHN,China,1961,646.953216522326,324959.0625
CHN,China,1962,655.615992240727,332428.03125
CHN,China,1963,676.636775214796,352629.84375
CHN,China,1964,698.530267150441,395619.84375
CHN,China,1965,718.080773179416,442058.1875
CHN,China,1966,738.510235805712,477380.25
CHN,China,1967,757.995325413368,474682.03125
CHN,China,1968,778.901752152789,460331.1875
CHN,China,1969,801.469131230156,505722.71875
CHN,China,1970,823.308967,555835.75
CHN,China,1971,844.069867,597974.375
CHN,China,1972,863.677814,619575.75
CHN,China,1973,882.576946,666225.0625
CHN,China,1974,900.307582,682645.125
CHN,China,1975,916.116793,729184.5625
CHN,China,1976,930.372292,717571.8125
CHN,China,1977,943.546375,773411.6875
CHN,China,1978,956.161485,870626.25
CHN,China,1979,969.288069,920240.5625
CHN,China,1980,983.163542,976120.8125
CHN,China,1981,997.721071,1006404.4375
CHN,China,1982,1013.588179,1085817.375
CHN,China,1983,1029.064956,1203111.75
CHN,China,1984,1043.849638,1398717.625
CHN,China,1985,1059.80782,1597070.5
CHN,China,1986,1077.233607,1702933.875
CHN,China,1987,1096.217446,1872639.375
CHN,China,1988,1115.244165,2046669.125
CHN,China,1989,1133.991008,2117340
CHN,China,1990,1153.582724,2231913
CHN,China,1991,1170.788528,2462458.75
CHN,China,1992,1184.574237,2807116.5
CHN,China,1993,1197.308575,3149965.75
CHN,China,1994,1209.003096,3541243.5
CHN,China,1995,1220.133927,3900627.5
CHN,China,1996,1230.944812,4297152.5
CHN,China,1997,1241.139622,4669251
CHN,China,1998,1250.847127,5063926
CHN,China,1999,1260.176655,5489099
CHN,China,2000,1269.581175,5985309.5
CHN,China,2001,1278.725063,6520996.5
CHN,China,2002,1286.866839,7119989
CHN,China,2003,1294.517326,7792220
CHN,China,2004,1302.100316,8640414
CHN,China,2005,1310.027136,9890539
CHN,China,2006,1318.054036,10778327
CHN,China,2007,1325.813582,11919245
CHN,China,2008,1333.821016,12685565
CHN,China,2009,1342.522716,13676858
CHN,China,2010,1351.561514,15095605
CHN,China,2011,1360.250664,16329355
CHN,China,2012,1369.520864,17410208
CHN,China,2013,1379.00804,18091038
CHN,China,2014,1387.951972,19092806
CHN,China,2015,1396.134174,20095396
CHN,China,2016,1404.052632,21125002
CHN,China,2017,1412.354727,22242982
CHN,China,2018,1419.008956,23692778
CHN,China,2019,1423.520357,25296168
CHN,China,2020,1426.106093,25899170
CHN,China,2021,1426.437267,28254862
CHN,China,2022,1425.179569,29195480
CHN,China,2023,1422.584933,30590320
CIV,Côte d'Ivoire,1960,3.46874569720779,7295.69970703125
CIV,Côte d'Ivoire,1961,3.59400385015038,7393.99755859375
CIV,Côte d'Ivoire,1962,3.72751183940085,7793.2509765625
CIV,Côte d'Ivoire,1963,3.88147293808713,9153.7509765625
CIV,Côte d'Ivoire,1964,4.04584988005742,10956.8359375
CIV,Côte d'Ivoire,1965,4.22561920856595,9845.34765625
CIV,Côte d'Ivoire,1966,4.42663649660394,11071.9951171875
CIV,Côte d'Ivoire,1967,4.64649707403069,11678.98046875
CIV,Côte d'Ivoire,1968,4.88705983088186,13495.5556640625
CIV,Côte d'Ivoire,1969,5.14006036129594,15256.4501953125
CIV,Côte d'Ivoire,1970,5.411567,17007.232421875
CIV,Côte d'Ivoire,1971,5.650868,16932.193359375
CIV,Côte d'Ivoire,1972,5.909716,17666.287109375
CIV,Côte d'Ivoire,1973,6.184944,19288.75390625
CIV,Côte d'Ivoire,1974,6.474057,21399.375
CIV,Côte d'Ivoire,1975,6.776297,21062.890625
CIV,Côte d'Ivoire,1976,7.057958,25054.541015625
CIV,Côte d'Ivoire,1977,7.32195,28407.98828125
CIV,Côte d'Ivoire,1978,7.60313,29877.87890625
CIV,Côte d'Ivoire,1979,7.902267,29637.84765625
CIV,Côte d'Ivoire,1980,8.220714,23668.6484375
CIV,Côte d'Ivoire,1981,8.556596,24382.728515625
CIV,Côte d'Ivoire,1982,8.907936,24912.046875
CIV,Côte d'Ivoire,1983,9.272744,25829.470703125
CIV,Côte d'Ivoire,1984,9.650516,29064.109375
CIV,Côte d'Ivoire,1985,10.040483,32974.453125
CIV,Côte d'Ivoire,1986,10.440917,33654.3671875
CIV,Côte d'Ivoire,1987,10.851475,32198.794921875
CIV,Côte d'Ivoire,1988,11.275189,32767.7890625
CIV,Côte d'Ivoire,1989,11.719771,36060.12109375
CIV,Côte d'Ivoire,1990,12.189778,33298.37109375
CIV,Côte d'Ivoire,1991,12.68387,33884.69921875
CIV,Côte d'Ivoire,1992,13.20031,35475.79296875
CIV,Côte d'Ivoire,1993,13.735951,35645.7265625
CIV,Côte d'Ivoire,1994,14.287201,37563.453125
CIV,Côte d'Ivoire,1995,14.855565,40930.3671875
CIV,Côte d'Ivoire,1996,15.442312,44831.609375
CIV,Côte d'Ivoire,1997,16.04717,44863.61328125
CIV,Côte d'Ivoire,1998,16.663948,45562.546875
CIV,Côte d'Ivoire,1999,17.215935,45266.17578125
CIV,Côte d'Ivoire,2000,17.699004,43863.92578125
CIV,Côte d'Ivoire,2001,18.178913,44322.21484375
CIV,Côte d'Ivoire,2002,18.654771,44884.83203125
CIV,Côte d'Ivoire,2003,19.125542,48321.05078125
CIV,Côte d'Ivoire,2004,19.595,45671.3828125
CIV,Côte d'Ivoire,2005,20.068458,44289.8125
CIV,Côte d'Ivoire,2006,20.546802,46827.953125
CIV,Côte d'Ivoire,2007,21.030558,48898.28125
CIV,Côte d'Ivoire,2008,21.514439,52691.22265625
CIV,Côte d'Ivoire,2009,21.99794,57786.32421875
CIV,Côte d'Ivoire,2010,22.488065,65743.6015625
CIV,Côte d'Ivoire,2011,22.982,70407.8359375
CIV,Côte d'Ivoire,2012,23.467078,80411.15625
CIV,Côte d'Ivoire,2013,23.939775,89958.6328125
CIV,Côte d'Ivoire,2014,24.527395,105811.28125
CIV,Côte d'Ivoire,2015,25.246342,123512.890625
CIV,Côte d'Ivoire,2016,25.989405,129685.0859375
CIV,Côte d'Ivoire,2017,26.733372,137229.265625
CIV,Côte d'Ivoire,2018,27.464173,144710.875
CIV,Côte d'Ivoire,2019,28.193009,161361.59375
CIV,Côte d'Ivoire,2020,28.915449,161124.609375
CIV,Côte d'Ivoire,2021,29.639736,169781.890625
CIV,Côte d'Ivoire,2022,30.395002,172445.15625
CIV,Côte d'Ivoire,2023,31.165654,186785.96875
CMR,Cameroon,1960,5.37784673423742,9399.298828125
CMR,Cameroon,1961,5.46452974015952,9739.5712890625
CMR,Cameroon,1962,5.55510859610489,9663.1259765625
CMR,Cameroon,1963,5.64978813024047,10353.064453125
CMR,Cameroon,1964,5.74883900835827,10743.6806640625
CMR,Cameroon,1965,5.85249440538047,11224.55078125
CMR,Cameroon,1966,5.96099846916676,11754.1279296875
CMR,Cameroon,1967,6.07467261534515,10577.4287109375
CMR,Cameroon,1968,6.19379573941081,11223.4462890625
CMR,Cameroon,1969,6.31872857668451,12099.279296875
CMR,Cameroon,1970,6.449793,12459.9462890625
CMR,Cameroon,1971,6.624408,12481.3330078125
CMR,Cameroon,1972,6.806872,13145.0068359375
CMR,Cameroon,1973,6.99666,13906.8359375
CMR,Cameroon,1974,7.193583,13944.7822265625
CMR,Cameroon,1975,7.39712,14280.6796875
CMR,Cameroon,1976,7.597962,13744.9482421875
CMR,Cameroon,1977,7.796501,15825.3564453125
CMR,Cameroon,1978,8.011921,19190.05078125
CMR,Cameroon,1979,8.239641,21185.46484375
CMR,Cameroon,1980,8.512219,23657.205078125
CMR,Cameroon,1981,8.816377,26545.5390625
CMR,Cameroon,1982,9.028678,29589.412109375
CMR,Cameroon,1983,9.215397,33559.5625
CMR,Cameroon,1984,9.475078,37849.3984375
CMR,Cameroon,1985,9.76173,39819.6875
CMR,Cameroon,1986,10.060342,37103.453125
CMR,Cameroon,1987,10.370749,36084.7265625
CMR,Cameroon,1988,10.684968,35445.734375
CMR,Cameroon,1989,11.002745,35650.4140625
CMR,Cameroon,1990,11.331821,35041.953125
CMR,Cameroon,1991,11.66718,35413.80078125
CMR,Cameroon,1992,12.006353,35822.0859375
CMR,Cameroon,1993,12.353131,38654.4609375
CMR,Cameroon,1994,12.704903,40407.66796875
CMR,Cameroon,1995,13.058516,41221.76953125
CMR,Cameroon,1996,13.414757,42490.2890625
CMR,Cameroon,1997,13.775214,45664.48828125
CMR,Cameroon,1998,14.14486,46000.734375
CMR,Cameroon,1999,14.52514,47802.25
CMR,Cameroon,2000,14.912631,50214.08984375
CMR,Cameroon,2001,15.30949,50767.90234375
CMR,Cameroon,2002,15.725528,51325.265625
CMR,Cameroon,2003,16.16034,53821.4921875
CMR,Cameroon,2004,16.610487,57029.171875
CMR,Cameroon,2005,17.074594,59045.3203125
CMR,Cameroon,2006,17.550407,61607.5859375
CMR,Cameroon,2007,18.049896,63811.25390625
CMR,Cameroon,2008,18.574056,65512.64453125
CMR,Cameroon,2009,19.113974,68055.1875
CMR,Cameroon,2010,19.668066,70595.953125
CMR,Cameroon,2011,20.232304,73030.6875
CMR,Cameroon,2012,20.809529,76872.0234375
CMR,Cameroon,2013,21.402376,80634.6796875
CMR,Cameroon,2014,22.059893,85748.125
CMR,Cameroon,2015,22.763414,89778.875
CMR,Cameroon,2016,23.454161,94144.1796875
CMR,Cameroon,2017,24.128601,98443.15625
CMR,Cameroon,2018,24.806383,106798.4609375
CMR,Cameroon,2019,25.506095,114871.4296875
CMR,Cameroon,2020,26.210558,118018.0625
CMR,Cameroon,2021,26.915758,126055.140625
CMR,Cameroon,2022,27.632771,131809.6875
CMR,Cameroon,2023,28.372687,134722.015625
COD,D.R. of the Congo,1950,12.5449081951715,28106.357421875
COD,D.R. of the Congo,1951,12.7881102722885,32330.0625
COD,D.R. of the Congo,1952,13.0360656654009,34027.41015625
COD,D.R. of the Congo,1953,13.2888634275446,38692.21484375
COD,D.R. of the Congo,1954,13.5514790664479,40018.62109375
COD,D.R. of the Congo,1955,13.8242970090767,42900.01953125
COD,D.R. of the Congo,1956,14.1078647993437,44210.71484375
COD,D.R. of the Congo,1957,14.4024734026132,43194.3125
COD,D.R. of the Congo,1958,14.7085672023506,43692.87890625
COD,D.R. of the Congo,1959,15.0266152699914,44333.59375
COD,D.R. of the Congo,1960,15.3571096015152,46626.40234375
COD,D.R. of the Congo,1961,15.6841670148883,40788.47265625
COD,D.R. of the Congo,1962,16.1669667254587,50497.515625
COD,D.R. of the Congo,1963,16.6668963605628,50842.9609375
COD,D.R. of the Congo,1964,17.0417849529614,47734.73046875
COD,D.R. of the Congo,1965,17.4327348334652,51412.82421875
COD,D.R. of the Congo,1966,17.8837963947913,58850.15234375
COD,D.R. of the Congo,1967,18.4363854705406,54633.1484375
COD,D.R. of the Congo,1968,19.0184378754139,58469.07421875
COD,D.R. of the Congo,1969,19.5807293234903,65101.28515625
COD,D.R. of the Congo,1970,20.137436,64298.2421875
COD,D.R. of the Congo,1971,20.695569,62025.2421875
COD,D.R. of the Congo,1972,21.25116,58624.0546875
COD,D.R. of the Congo,1973,21.827665,66616.921875
COD,D.R. of the Congo,1974,22.418878,71392.125
COD,D.R. of the Congo,1975,23.021101,55127.65625
COD,D.R. of the Congo,1976,23.624031,49959.7734375
COD,D.R. of the Congo,1977,24.229061,52539.40234375
COD,D.R. of the Congo,1978,24.992689,51452.046875
COD,D.R. of the Congo,1979,25.886782,60820.16796875
COD,D.R. of the Congo,1980,26.711099,63315.2109375
COD,D.R. of the Congo,1981,27.500515,60901.49609375
COD,D.R. of the Congo,1982,28.33819,62051.27734375
COD,D.R. of the Congo,1983,29.250963,63619.19921875
COD,D.R. of the Congo,1984,30.245081,78897.8359375
COD,D.R. of the Congo,1985,31.264816,71789.296875
COD,D.R. of the Congo,1986,32.265196,66638.4765625
COD,D.R. of the Congo,1987,33.298904,66918.0390625
COD,D.R. of the Congo,1988,34.382752,72504.0625
COD,D.R. of the Congo,1989,35.486866,68484.953125
COD,D.R. of the Congo,1990,36.684063,58527.94921875
COD,D.R. of the Congo,1991,37.925817,47124.828125
COD,D.R. of the Congo,1992,39.22891,61008.33203125
COD,D.R. of the Congo,1993,40.656336,47314.89453125
COD,D.R. of the Congo,1994,42.626876,35823.1015625
COD,D.R. of the Congo,1995,44.433704,37472.76953125
COD,D.R. of the Congo,1996,45.296124,33324.5390625
COD,D.R. of the Congo,1997,46.029902,34085.77734375
COD,D.R. of the Congo,1998,47.2976,30176.513671875
COD,D.R. of the Congo,1999,48.912971,31544.435546875
COD,D.R. of the Congo,2000,50.507442,28656.126953125
COD,D.R. of the Congo,2001,52.132646,28409.986328125
COD,D.R. of the Congo,2002,53.750524,29550.921875
COD,D.R. of the Congo,2003,55.343867,31874.4765625
COD,D.R. of the Congo,2004,56.997741,34925.7265625
COD,D.R. of the Congo,2005,58.775724,37500.34765625
COD,D.R. of the Congo,2006,60.615908,39774.5703125
COD,D.R. of the Congo,2007,62.477752,43697.25
COD,D.R. of the Congo,2008,64.390664,43628.62890625
COD,D.R. of the Congo,2009,66.412044,44783.06640625
COD,D.R. of the Congo,2010,68.563038,51339.10546875
COD,D.R. of the Congo,2011,70.849311,55119.4375
COD,D.R. of the Congo,2012,73.254618,58820.59765625
COD,D.R. of the Congo,2013,75.789395,64221.70703125
COD,D.R. of the Congo,2014,78.403242,71698.5390625
COD,D.R. of the Congo,2015,81.035531,79623.0859375
COD,D.R. of the Congo,2016,83.956415,91766.890625
COD,D.R. of the Congo,2017,87.083398,90509.8046875
COD,D.R. of the Congo,2018,90.047644,98440.0234375
COD,D.R. of the Congo,2019,92.947442,98608.0859375
COD,D.R. of the Congo,2020,95.989998,98651.78125
COD,D.R. of the Congo,2021,99.148932,115163.8359375
COD,D.R. of the Congo,2022,102.396968,122168.015625
COD,D.R. of the Congo,2023,105.789731,149775.890625
COG,Congo,1960,1.10085153354422,1214.09533691406
COG,Congo,1961,1.12545065853574,1275.806640625
COG,Congo,1962,1.15106039257047,1479.09106445313
COG,Congo,1963,1.17772342268496,1586.25561523438
COG,Congo,1964,1.20548701887981,1692.20690917969
COG,Congo,1965,1.23439858209743,1716.64428710938
COG,Congo,1966,1.26450839400052,1695.04943847656
COG,Congo,1967,1.29587158109947,1730.28051757813
COG,Congo,1968,1.32854405555564,1863.47521972656
COG,Congo,1969,1.36244895451488,2008.22192382813
COG,Congo,1970,1.397638,2173.53076171875
COG,Congo,1971,1.441039,2308.23876953125
COG,Congo,1972,1.486468,2408.82104492188
COG,Congo,1973,1.53368,2478.63256835938
COG,Congo,1974,1.582301,3113.07373046875
COG,Congo,1975,1.627032,3028.15087890625
COG,Congo,1976,1.667225,3185.03466796875
COG,Congo,1977,1.707568,3181.689453125
COG,Congo,1978,1.748089,3259.47509765625
COG,Congo,1979,1.788524,3805.45458984375
COG,Congo,1980,1.828985,4556.048828125
COG,Congo,1981,1.869759,5237.12158203125
COG,Congo,1982,1.91043,5778.5498046875
COG,Congo,1983,1.950321,7123.06298828125
COG,Congo,1984,1.999528,8550.4033203125
COG,Congo,1985,2.059311,8487.69921875
COG,Congo,1986,2.120602,5575.79736328125
COG,Congo,1987,2.183473,5494.9111328125
COG,Congo,1988,2.247653,4720.9873046875
COG,Congo,1989,2.313558,4897.2177734375
COG,Congo,1990,2.38056,5520.31494140625
COG,Congo,1991,2.449229,6380.36279296875
COG,Congo,1992,2.519465,5541.966796875
COG,Congo,1993,2.595124,5352.26318359375
COG,Congo,1994,2.673144,4843.84130859375
COG,Congo,1995,2.749461,4469.6923828125
COG,Congo,1996,2.826785,5411.8720703125
COG,Congo,1997,2.887862,6189.73193359375
COG,Congo,1998,2.952061,6423.080078125
COG,Congo,1999,3.032874,7208.71630859375
COG,Congo,2000,3.151345,6078.77783203125
COG,Congo,2001,3.272537,6426.62548828125
COG,Congo,2002,3.350771,8305.01171875
COG,Congo,2003,3.445753,9697.345703125
COG,Congo,2004,3.565554,12815.1904296875
COG,Congo,2005,3.696393,14900.9072265625
COG,Congo,2006,3.837409,16003.640625
COG,Congo,2007,3.98043,13951.3232421875
COG,Congo,2008,4.113517,18290.494140625
COG,Congo,2009,4.281219,15847.1591796875
COG,Congo,2010,4.46229,26269.17578125
COG,Congo,2011,4.609724,27854.421875
COG,Congo,2012,4.74045,32576.55859375
COG,Congo,2013,4.857099,30519.173828125
COG,Congo,2014,4.97588,30902.07421875
COG,Congo,2015,5.097581,25638.8828125
COG,Congo,2016,5.222536,22737.625
COG,Congo,2017,5.351011,25774.724609375
COG,Congo,2018,5.483118,32406.6484375
COG,Congo,2019,5.616661,33999.2890625
COG,Congo,2020,5.752791,28937.857421875
COG,Congo,2021,5.892183,33504.41015625
COG,Congo,2022,6.035104,42407.6484375
COG,Congo,2023,6.182885,37133.23828125
COL,Colombia,1950,11.257437789049,44898.11328125
COL,Colombia,1951,11.620015796168,45042.55078125
COL,Colombia,1952,11.9946637448643,48010.58984375
COL,Colombia,1953,12.3820114356497,52638.09375
COL,Colombia,1954,12.7825052859462,58327.62890625
COL,Colombia,1955,13.1966130152516,60003.8046875
COL,Colombia,1956,13.624816235722,61291.25
COL,Colombia,1957,14.06832175628,60893.859375
COL,Colombia,1958,14.5269878718101,60388.01171875
COL,Colombia,1959,15.0013573221654,63529.328125
COL,Colombia,1960,15.4927656549023,66927.9453125
COL,Colombia,1961,16.0010711649055,71179.2578125
COL,Colombia,1962,16.5194432951515,74780.8515625
COL,Colombia,1963,17.0401160496207,77047.6796875
COL,Colombia,1964,17.5684149473486,84153.25
COL,Colombia,1965,18.1085540947023,84054.6015625
COL,Colombia,1966,18.6480930792152,88142.8203125
COL,Colombia,1967,19.1941745796351,91836.2890625
COL,Colombia,1968,19.7357344828497,97423.203125
COL,Colombia,1969,20.2674250415703,104225.46875
COL,Colombia,1970,20.811782,113093.203125
COL,Colombia,1971,21.319096,124563.421875
COL,Colombia,1972,21.819563,138245.84375
COL,Colombia,1973,22.325374,154153.375
COL,Colombia,1974,22.833469,164772.9375
COL,Colombia,1975,23.344644,175313.984375
COL,Colombia,1976,23.85881,189046.703125
COL,Colombia,1977,24.393494,200641.078125
COL,Colombia,1978,24.950337,214331.390625
COL,Colombia,1979,25.515626,220641.21875
COL,Colombia,1980,26.104498,230105.828125
COL,Colombia,1981,26.713267,228693.796875
COL,Colombia,1982,27.338331,230557.328125
COL,Colombia,1983,27.988173,229684.5
COL,Colombia,1984,28.64269,235779.109375
COL,Colombia,1985,29.26847,236750.796875
COL,Colombia,1986,29.879112,255636.578125
COL,Colombia,1987,30.499467,255802.109375
COL,Colombia,1988,31.130524,262410.1875
COL,Colombia,1989,31.776279,269649.71875
COL,Colombia,1990,32.440069,279217.84375
COL,Colombia,1991,33.098372,283889.75
COL,Colombia,1992,33.760571,292602.8125
COL,Colombia,1993,34.441473,306313.84375
COL,Colombia,1994,35.12741,324819.4375
COL,Colombia,1995,35.804662,339660.40625
COL,Colombia,1996,36.462745,342555.6875
COL,Colombia,1997,37.121149,351610.1875
COL,Colombia,1998,37.792165,343946.15625
COL,Colombia,1999,38.454863,328252.03125
COL,Colombia,2000,39.089934,339841.0625
COL,Colombia,2001,39.709262,337960.9375
COL,Colombia,2002,40.32468,344104.6875
COL,Colombia,2003,40.937429,355564.625
COL,Colombia,2004,41.543171,375975.0625
COL,Colombia,2005,42.128977,396235.59375
COL,Colombia,2006,42.691084,434492.96875
COL,Colombia,2007,43.235374,479058.875
COL,Colombia,2008,43.758808,520168.78125
COL,Colombia,2009,44.271541,535489.125
COL,Colombia,2010,44.777319,583368.4375
COL,Colombia,2011,45.259614,648695.0625
COL,Colombia,2012,45.71581,672777.625
COL,Colombia,2013,46.151584,686434.625
COL,Colombia,2014,46.565429,704448.3125
COL,Colombia,2015,46.96994,704555.625
COL,Colombia,2016,47.437512,694029.5
COL,Colombia,2017,48.131078,710547.5
COL,Colombia,2018,49.024465,747681.6875
COL,Colombia,2019,49.907985,793320.125
COL,Colombia,2020,50.629997,747571.125
COL,Colombia,2021,51.188173,821202.375
COL,Colombia,2022,51.737944,898693.5
COL,Colombia,2023,52.321152,904662.5625
COM,Comoros,1960,0.189040485759246,355.999664306641
COM,Comoros,1961,0.193495206272589,384.368255615234
COM,Comoros,1962,0.198125642738264,452.438873291016
COM,Comoros,1963,0.202941082273394,501.112487792969
COM,Comoros,1964,0.207964272924399,558.753112792969
COM,Comoros,1965,0.213205549111826,559.403625488281
COM,Comoros,1966,0.21867524525622,628.644348144531
COM,Comoros,1967,0.224677248767125,700.794738769531
COM,Comoros,1968,0.230945898809954,693.716735839844
COM,Comoros,1969,0.237446079916981,673.329467773438
COM,Comoros,1970,0.244185,735.241088867188
COM,Comoros,1971,0.251865,765.7353515625
COM,Comoros,1972,0.260077,781.879089355469
COM,Comoros,1973,0.26882,838.980529785156
COM,Comoros,1974,0.278075,861.253051757813
COM,Comoros,1975,0.287692,915.041259765625
COM,Comoros,1976,0.297538,918.732543945313
COM,Comoros,1977,0.307579,958.010803222656
COM,Comoros,1978,0.317688,984.517395019531
COM,Comoros,1979,0.327791,1078.78747558594
COM,Comoros,1980,0.337721,1169.5986328125
COM,Comoros,1981,0.347382,1186.35363769531
COM,Comoros,1982,0.357139,1273.56884765625
COM,Comoros,1983,0.367233,1361.70202636719
COM,Comoros,1984,0.377637,1406.93029785156
COM,Comoros,1985,0.388352,1562.97204589844
COM,Comoros,1986,0.399318,1812.04638671875
COM,Comoros,1987,0.410439,1817.26306152344
COM,Comoros,1988,0.421687,1812.927734375
COM,Comoros,1989,0.433103,1718.30419921875
COM,Comoros,1990,0.444596,1726.91870117188
COM,Comoros,1991,0.455556,1675.75402832031
COM,Comoros,1992,0.465113,1777.49145507813
COM,Comoros,1993,0.473682,1764.78686523438
COM,Comoros,1994,0.482142,1508.90161132813
COM,Comoros,1995,0.490586,1807.72387695313
COM,Comoros,1996,0.499107,1786.65148925781
COM,Comoros,1997,0.507777,1819.6982421875
COM,Comoros,1998,0.516597,1717.876953125
COM,Comoros,1999,0.525886,1751.580078125
COM,Comoros,2000,0.53608,1717.67016601563
COM,Comoros,2001,0.54722,1912.27380371094
COM,Comoros,2002,0.558923,2016.55041503906
COM,Comoros,2003,0.569798,1969.44702148438
COM,Comoros,2004,0.580704,1935.51257324219
COM,Comoros,2005,0.592677,2172.6826171875
COM,Comoros,2006,0.604753,2179.990234375
COM,Comoros,2007,0.616927,1778.73010253906
COM,Comoros,2008,0.629307,1867.81359863281
COM,Comoros,2009,0.641947,1942.63830566406
COM,Comoros,2010,0.654836,1899.60522460938
COM,Comoros,2011,0.668056,2076.48803710938
COM,Comoros,2012,0.68163,2261.31469726563
COM,Comoros,2013,0.696192,2335.12451171875
COM,Comoros,2014,0.711503,2413.62866210938
COM,Comoros,2015,0.726682,2447.87719726563
COM,Comoros,2016,0.741741,2635.29833984375
COM,Comoros,2017,0.756669,2780.10473632813
COM,Comoros,2018,0.77159,2812.23461914063
COM,Comoros,2019,0.786578,2881.490234375
COM,Comoros,2020,0.802163,2816.55615234375
COM,Comoros,2021,0.818174,2809.20776367188
COM,Comoros,2022,0.834188,2845.033203125
COM,Comoros,2023,0.850387,3228.494140625
CPV,Cabo Verde,1960,0.210686171340446,245.780395507813
CPV,Cabo Verde,1961,0.21751530689825,295.733917236328
CPV,Cabo Verde,1962,0.224723489634801,252.810333251953
CPV,Cabo Verde,1963,0.23226253491063,210.177978515625
CPV,Cabo Verde,1964,0.24012706583054,227.69694519043
CPV,Cabo Verde,1965,0.248109393834285,239.170928955078
CPV,Cabo Verde,1966,0.256151681399327,302.092559814453
CPV,Cabo Verde,1967,0.264243206645625,337.431365966797
CPV,Cabo Verde,1968,0.272290855150688,376.421325683594
CPV,Cabo Verde,1969,0.280106148389341,407.231903076172
CPV,Cabo Verde,1970,0.287885,462.260192871094
CPV,Cabo Verde,1971,0.294046,486.514404296875
CPV,Cabo Verde,1972,0.297386,497.572601318359
CPV,Cabo Verde,1973,0.299881,505.276977539063
CPV,Cabo Verde,1974,0.30257,514.451599121094
CPV,Cabo Verde,1975,0.305847,427.632202148438
CPV,Cabo Verde,1976,0.309455,435.409332275391
CPV,Cabo Verde,1977,0.312834,414.713928222656
CPV,Cabo Verde,1978,0.316147,454.793884277344
CPV,Cabo Verde,1979,0.31948,468.890625
CPV,Cabo Verde,1980,0.323301,502.993865966797
CPV,Cabo Verde,1981,0.327846,521.971496582031
CPV,Cabo Verde,1982,0.332724,554.188659667969
CPV,Cabo Verde,1983,0.337654,600.365478515625
CPV,Cabo Verde,1984,0.342505,624.412658691406
CPV,Cabo Verde,1985,0.347365,652.168090820313
CPV,Cabo Verde,1986,0.352312,732.3984375
CPV,Cabo Verde,1987,0.357302,779.551208496094
CPV,Cabo Verde,1988,0.362329,807.209838867188
CPV,Cabo Verde,1989,0.367803,861.737426757813
CPV,Cabo Verde,1990,0.375428,846.135864257813
CPV,Cabo Verde,1991,0.384586,873.947937011719
CPV,Cabo Verde,1992,0.393415,942.232177734375
CPV,Cabo Verde,1993,0.401965,1000.39178466797
CPV,Cabo Verde,1994,0.410228,1128.50988769531
CPV,Cabo Verde,1995,0.418104,1155.64489746094
CPV,Cabo Verde,1996,0.425581,1325.64892578125
CPV,Cabo Verde,1997,0.432798,1329.73852539063
CPV,Cabo Verde,1998,0.439784,1503.55114746094
CPV,Cabo Verde,1999,0.446519,1748.21423339844
CPV,Cabo Verde,2000,0.453317,1782.5478515625
CPV,Cabo Verde,2001,0.460293,1897.73413085938
CPV,Cabo Verde,2002,0.467046,2025.62280273438
CPV,Cabo Verde,2003,0.473383,2288.60668945313
CPV,Cabo Verde,2004,0.47937,2479.2958984375
CPV,Cabo Verde,2005,0.485115,2517.09057617188
CPV,Cabo Verde,2006,0.490728,2816.98095703125
CPV,Cabo Verde,2007,0.49619,3263.00537109375
CPV,Cabo Verde,2008,0.501355,3571.64379882813
CPV,Cabo Verde,2009,0.506141,3694.99951171875
CPV,Cabo Verde,2010,0.509784,3867.49926757813
CPV,Cabo Verde,2011,0.511447,4122.53857421875
CPV,Cabo Verde,2012,0.511955,3989.41186523438
CPV,Cabo Verde,2013,0.512225,3943.763671875
CPV,Cabo Verde,2014,0.512326,3940.30859375
CPV,Cabo Verde,2015,0.512394,4078.30322265625
CPV,Cabo Verde,2016,0.512554,4426.181640625
CPV,Cabo Verde,2017,0.512893,4669.58154296875
CPV,Cabo Verde,2018,0.513415,4605.17529296875
CPV,Cabo Verde,2019,0.514104,5030.48974609375
CPV,Cabo Verde,2020,0.514679,3968.21411132813
CPV,Cabo Verde,2021,0.516649,4246.49951171875
CPV,Cabo Verde,2022,0.519741,4702.04345703125
CPV,Cabo Verde,2023,0.522331,4789.1298828125
CRI,Costa Rica,1950,0.918648536697223,3625.7998046875
CRI,Costa Rica,1951,0.948692241322874,3827.90185546875
CRI,Costa Rica,1952,0.981519514277519,4466.49755859375
CRI,Costa Rica,1953,1.0160368604836,5430.50634765625
CRI,Costa Rica,1954,1.05300923387317,5738.4306640625
CRI,Costa Rica,1955,1.09326960814252,6141.2783203125
CRI,Costa Rica,1956,1.13551765002656,5963.74609375
CRI,Costa Rica,1957,1.17858597111052,6415.12451171875
CRI,Costa Rica,1958,1.22320327338151,7138.69921875
CRI,Costa Rica,1959,1.27166909223133,7083.08203125
CRI,Costa Rica,1960,1.32239604720028,7581.08349609375
CRI,Costa Rica,1961,1.37385524093146,7496.771484375
CRI,Costa Rica,1962,1.42535144448795,8014.41064453125
CRI,Costa Rica,1963,1.47648108656643,8502.6005859375
CRI,Costa Rica,1964,1.52600970633835,9039.470703125
CRI,Costa Rica,1965,1.57625667039882,9728.4638671875
CRI,Costa Rica,1966,1.63012327116282,10396.6962890625
CRI,Costa Rica,1967,1.68339430426012,10886.3916015625
CRI,Costa Rica,1968,1.73611865297533,11545.1708984375
CRI,Costa Rica,1969,1.78764037183801,12198.802734375
CRI,Costa Rica,1970,1.838949,13313.5830078125
CRI,Costa Rica,1971,1.888539,13699.0673828125
CRI,Costa Rica,1972,1.938248,14714.927734375
CRI,Costa Rica,1973,1.988343,15743.599609375
CRI,Costa Rica,1974,2.039643,15388.9130859375
CRI,Costa Rica,1975,2.092719,16399.294921875
CRI,Costa Rica,1976,2.147774,18254.67578125
CRI,Costa Rica,1977,2.205025,20963.5703125
CRI,Costa Rica,1978,2.26451,21730.7734375
CRI,Costa Rica,1979,2.32649,22315.396484375
CRI,Costa Rica,1980,2.390633,22371.275390625
CRI,Costa Rica,1981,2.456637,20989.830078125
CRI,Costa Rica,1982,2.524806,20269.556640625
CRI,Costa Rica,1983,2.595153,20633.857421875
CRI,Costa Rica,1984,2.667595,22326.9140625
CRI,Costa Rica,1985,2.741894,23066.796875
CRI,Costa Rica,1986,2.817216,25534.484375
CRI,Costa Rica,1987,2.892699,25182.099609375
CRI,Costa Rica,1988,2.968103,25958.32421875
CRI,Costa Rica,1989,3.043827,27126.166015625
CRI,Costa Rica,1990,3.121706,27574.96875
CRI,Costa Rica,1991,3.202176,28373.24609375
CRI,Costa Rica,1992,3.284258,31275.8984375
CRI,Costa Rica,1993,3.367434,33832.13671875
CRI,Costa Rica,1994,3.451122,35836.140625
CRI,Costa Rica,1995,3.535176,37754.921875
CRI,Costa Rica,1996,3.619013,37901.3671875
CRI,Costa Rica,1997,3.701711,40380.3046875
CRI,Costa Rica,1998,3.782838,43703.3203125
CRI,Costa Rica,1999,3.862101,45096.61328125
CRI,Costa Rica,2000,3.937739,46136.6875
CRI,Costa Rica,2001,4.008947,47986.8671875
CRI,Costa Rica,2002,4.075705,49535.58984375
CRI,Costa Rica,2003,4.138784,52009.28515625
CRI,Costa Rica,2004,4.200078,53942.66796875
CRI,Costa Rica,2005,4.26124,55688.890625
CRI,Costa Rica,2006,4.32134,58483.6015625
CRI,Costa Rica,2007,4.380248,62876.046875
CRI,Costa Rica,2008,4.440056,65248.203125
CRI,Costa Rica,2009,4.499791,69772.1953125
CRI,Costa Rica,2010,4.555962,72982.53125
CRI,Costa Rica,2011,4.609833,75892.09375
CRI,Costa Rica,2012,4.663934,82551.734375
CRI,Costa Rica,2013,4.716147,83738.2578125
CRI,Costa Rica,2014,4.767119,88911.2578125
CRI,Costa Rica,2015,4.818038,96235.3515625
CRI,Costa Rica,2016,4.866998,102196.8203125
CRI,Costa Rica,2017,4.913177,109976.1640625
CRI,Costa Rica,2018,4.957818,113659.375
CRI,Costa Rica,2019,4.999553,123229.7265625
CRI,Costa Rica,2020,5.03432,115400.2109375
CRI,Costa Rica,2021,5.059988,121628.03125
CRI,Costa Rica,2022,5.081765,122763.4765625
CRI,Costa Rica,2023,5.105525,129839.703125
CUW,Curaçao,2005,0.151313,4215.27685546875
CUW,Curaçao,2006,0.152505,4285.04296875
CUW,Curaçao,2007,0.153666,4403.7744140625
CUW,Curaçao,2008,0.154775,4510.56298828125
CUW,Curaçao,2009,0.155825,4471.150390625
CUW,Curaçao,2010,0.156879,4489.23779296875
CUW,Curaçao,2011,0.158566,4512.72021484375
CUW,Curaçao,2012,0.16089,4482.67578125
CUW,Curaçao,2013,0.163109,4376.8271484375
CUW,Curaçao,2014,0.165027,4261.74462890625
CUW,Curaçao,2015,0.166612,4250.49658203125
CUW,Curaçao,2016,0.167782,4204.123046875
CUW,Curaçao,2017,0.168516,4217.56689453125
CUW,Curaçao,2018,0.181583,4155.732421875
CUW,Curaçao,2019,0.189543,4179.50439453125
CUW,Curaçao,2020,0.185018,3472.27368164063
CUW,Curaçao,2021,0.185315,3803.76611328125
CUW,Curaçao,2022,0.185345,4063.8564453125
CUW,Curaçao,2023,0.185427,4237.67431640625
CYM,Cayman Islands,1970,0.010517,338.981109619141
CYM,Cayman Islands,1971,0.011098,349.687591552734
CYM,Cayman Islands,1972,0.011764,377.876953125
CYM,Cayman Islands,1973,0.012438,431.836334228516
CYM,Cayman Islands,1974,0.013114,475.755737304688
CYM,Cayman Islands,1975,0.013788,523.132019042969
CYM,Cayman Islands,1976,0.014454,574.41162109375
CYM,Cayman Islands,1977,0.015105,631.221557617188
CYM,Cayman Islands,1978,0.015727,693.243103027344
CYM,Cayman Islands,1979,0.016351,763.522338867188
CYM,Cayman Islands,1980,0.017079,837.942932128906
CYM,Cayman Islands,1981,0.017905,922.000244140625
CYM,Cayman Islands,1982,0.01875,1013.61248779297
CYM,Cayman Islands,1983,0.019598,1144.27111816406
CYM,Cayman Islands,1984,0.020454,1243.94946289063
CYM,Cayman Islands,1985,0.021324,1254.59411621094
CYM,Cayman Islands,1986,0.022197,1377.77453613281
CYM,Cayman Islands,1987,0.023073,1498.94738769531
CYM,Cayman Islands,1988,0.023951,1741.02807617188
CYM,Cayman Islands,1989,0.024874,1876.31555175781
CYM,Cayman Islands,1990,0.025999,2106.26806640625
CYM,Cayman Islands,1991,0.027294,2134.37426757813
CYM,Cayman Islands,1992,0.028621,2199.85473632813
CYM,Cayman Islands,1993,0.029976,2304.740234375
CYM,Cayman Islands,1994,0.031352,2423.541015625
CYM,Cayman Islands,1995,0.032743,2538.75537109375
CYM,Cayman Islands,1996,0.034143,2663.98828125
CYM,Cayman Islands,1997,0.035543,2807.07983398438
CYM,Cayman Islands,1998,0.036922,3651.19897460938
CYM,Cayman Islands,1999,0.038284,3775.44995117188
CYM,Cayman Islands,2000,0.039674,3814.79614257813
CYM,Cayman Islands,2001,0.041089,3838.55151367188
CYM,Cayman Islands,2002,0.042514,3907.76831054688
CYM,Cayman Islands,2003,0.043934,3984.1484375
CYM,Cayman Islands,2004,0.045352,4018.59497070313
CYM,Cayman Islands,2005,0.046788,4293.634765625
CYM,Cayman Islands,2006,0.048232,4482.912109375
CYM,Cayman Islands,2007,0.049687,4516.29833984375
CYM,Cayman Islands,2008,0.051151,4610.521484375
CYM,Cayman Islands,2009,0.052618,4270.78466796875
CYM,Cayman Islands,2010,0.054099,4155.2490234375
CYM,Cayman Islands,2011,0.055606,4208.765625
CYM,Cayman Islands,2012,0.057136,4249.3095703125
CYM,Cayman Islands,2013,0.058655,4071.32250976563
CYM,Cayman Islands,2014,0.06016,4090.259765625
CYM,Cayman Islands,2015,0.061642,4182.61865234375
CYM,Cayman Islands,2016,0.0631,4294.08642578125
CYM,Cayman Islands,2017,0.064535,4371.998046875
CYM,Cayman Islands,2018,0.065941,4650.9248046875
CYM,Cayman Islands,2019,0.067327,4904.43896484375
CYM,Cayman Islands,2020,0.068684,4777.03955078125
CYM,Cayman Islands,2021,0.070108,5088.73388671875
CYM,Cayman Islands,2022,0.071591,5305.7890625
CYM,Cayman Islands,2023,0.073038,5564.9306640625
CYP,Cyprus,1950,0.520400772353124,1607.46984863281
CYP,Cyprus,1951,0.528828301116535,1702.19177246094
CYP,Cyprus,1952,0.535149002630421,1933.76257324219
CYP,Cyprus,1953,0.542523070676503,2190.11303710938
CYP,Cyprus,1954,0.550950630834959,2438.0693359375
CYP,Cyprus,1955,0.558324698881041,2484.34155273438
CYP,Cyprus,1956,0.564645400394927,2814.09130859375
CYP,Cyprus,1957,0.575179819197952,2751.1171875
CYP,Cyprus,1958,0.587821159435635,2501.84155273438
CYP,Cyprus,1959,0.597302086126287,2640.53491210938
CYP,Cyprus,1960,0.603622787640173,2558.63134765625
CYP,Cyprus,1961,0.609627403846294,2864.84912109375
CYP,Cyprus,1962,0.606783075607027,3357.01000976563
CYP,Cyprus,1963,0.61341979963859,3410.39819335938
CYP,Cyprus,1964,0.617844240466239,2990.89672851563
CYP,Cyprus,1965,0.622374043063144,3794.20629882813
CYP,Cyprus,1966,0.626798546680882,4051.486328125
CYP,Cyprus,1967,0.631433648256952,4453.75341796875
CYP,Cyprus,1968,0.636595558679299,4631.08349609375
CYP,Cyprus,1969,0.641968067059977,5189.22412109375
CYP,Cyprus,1970,0.647446,5264.224609375
CYP,Cyprus,1971,0.65405,5754.6865234375
CYP,Cyprus,1972,0.661063,6092.0322265625
CYP,Cyprus,1973,0.665937,6039.9072265625
CYP,Cyprus,1974,0.5205,4490.0908203125
CYP,Cyprus,1975,0.5022,3612.48559570313
CYP,Cyprus,1976,0.4979,4594.56689453125
CYP,Cyprus,1977,0.4975,5546.5078125
CYP,Cyprus,1978,0.4996,6125.19677734375
CYP,Cyprus,1979,0.5032,7016.9091796875
CYP,Cyprus,1980,0.5086,7490.14013671875
CYP,Cyprus,1981,0.515,7610.18408203125
CYP,Cyprus,1982,0.5208,8260.349609375
CYP,Cyprus,1983,0.5276,8625.310546875
CYP,Cyprus,1984,0.5348,9647.9521484375
CYP,Cyprus,1985,0.5411,10047.6396484375
CYP,Cyprus,1986,0.5475,10497.51171875
CYP,Cyprus,1987,0.5535,11415.4091796875
CYP,Cyprus,1988,0.5593,12278.611328125
CYP,Cyprus,1989,0.5675,13394.3154296875
CYP,Cyprus,1990,0.5794,14429.541015625
CYP,Cyprus,1991,0.5949,14358.90625
CYP,Cyprus,1992,0.6106,15865.638671875
CYP,Cyprus,1993,0.6258,15730.431640625
CYP,Cyprus,1994,0.639,16889.529296875
CYP,Cyprus,1995,0.6507,18094.908203125
CYP,Cyprus,1996,0.6609,18245.49609375
CYP,Cyprus,1997,0.6704,18639.50390625
CYP,Cyprus,1998,0.6789,19741.32421875
CYP,Cyprus,1999,0.6864,20875.642578125
CYP,Cyprus,2000,0.6936,22327.705078125
CYP,Cyprus,2001,0.7013,23642.380859375
CYP,Cyprus,2002,0.7096,23938.384765625
CYP,Cyprus,2003,0.717836,23820.994140625
CYP,Cyprus,2004,0.72798,25587.82421875
CYP,Cyprus,2005,0.73854,26805.146484375
CYP,Cyprus,2006,0.750965,28791.158203125
CYP,Cyprus,2007,0.767125,31036.58984375
CYP,Cyprus,2008,0.786632,34176.48828125
CYP,Cyprus,2009,0.808035,34453.15234375
CYP,Cyprus,2010,0.829446,35297.3125
CYP,Cyprus,2011,0.850881,33644.8671875
CYP,Cyprus,2012,0.863945,32903.24609375
CYP,Cyprus,2013,0.86193,29274.79296875
CYP,Cyprus,2014,0.852504,28240.9765625
CYP,Cyprus,2015,0.8477,29835.53515625
CYP,Cyprus,2016,0.8516,33159.08203125
CYP,Cyprus,2017,0.859519,35435.2734375
CYP,Cyprus,2018,0.870068,36312.984375
CYP,Cyprus,2019,0.875899,40085.06640625
CYP,Cyprus,2020,0.888005,37999.125
CYP,Cyprus,2021,0.896007,42024.859375
CYP,Cyprus,2022,0.904705,45290.20703125
CYP,Cyprus,2023,0.913951,46273.9140625
CZE,Czechia,1990,10.301988,283050.1875
CZE,Czechia,1991,10.304426,237448.828125
CZE,Czechia,1992,10.312448,229202.359375
CZE,Czechia,1993,10.320398,234595.96875
CZE,Czechia,1994,10.322329,243977.515625
CZE,Czechia,1995,10.312042,253407.53125
CZE,Czechia,1996,10.296128,265719.125
CZE,Czechia,1997,10.280051,259680.203125
CZE,Czechia,1998,10.265426,258118.84375
CZE,Czechia,1999,10.251378,256255.578125
CZE,Czechia,2000,10.236804,260212.84375
CZE,Czechia,2001,10.231936,274532.25
CZE,Czechia,2002,10.239468,276738.46875
CZE,Czechia,2003,10.248912,284299.375
CZE,Czechia,2004,10.26145,298106.5
CZE,Czechia,2005,10.280153,304586.25
CZE,Czechia,2006,10.304588,322395.09375
CZE,Czechia,2007,10.337543,353635.375
CZE,Czechia,2008,10.378292,352805.5
CZE,Czechia,2009,10.420985,354683.4375
CZE,Czechia,2010,10.464035,358345.59375
CZE,Czechia,2011,10.495511,377315.625
CZE,Czechia,2012,10.507335,377513.90625
CZE,Czechia,2013,10.511163,377507.3125
CZE,Czechia,2014,10.517226,394933.875
CZE,Czechia,2015,10.524416,419941.0625
CZE,Czechia,2016,10.531948,438792.0625
CZE,Czechia,2017,10.541342,462036.46875
CZE,Czechia,2018,10.548937,473258.78125
CZE,Czechia,2019,10.554875,511371.90625
CZE,Czechia,2020,10.550129,488932.90625
CZE,Czechia,2021,10.530683,508562.5625
CZE,Czechia,2022,10.673213,510548.28125
CZE,Czechia,2023,10.809716,519598.5625
DEU,Germany,1950,68.4075791471299,391458.8125
DEU,Germany,1951,68.7457352509051,429526.03125
DEU,Germany,1952,69.1189075192724,474732.5
DEU,Germany,1953,69.5150904100859,518956.90625
DEU,Germany,1954,69.9302820759636,562100.3125
DEU,Germany,1955,70.3584797458328,637500.5625
DEU,Germany,1956,70.8016843433842,687103.125
DEU,Germany,1957,71.2648981778454,727130.625
DEU,Germany,1958,71.7551244821349,759614.4375
DEU,Germany,1959,72.2803669510164,823462.125
DEU,Germany,1960,72.8486292792539,901714.0625
DEU,Germany,1961,73.458911005002,940637.5
DEU,Germany,1962,74.1032084334967,979229.875
DEU,Germany,1963,74.7585109422917,1000551.3125
DEU,Germany,1964,75.3978060615589,1074843.375
DEU,Germany,1965,75.9990836306976,1128441.75
DEU,Germany,1966,76.5543399549438,1162646.625
DEU,Germany,1967,77.062574572452,1157884.5
DEU,Germany,1968,77.5137828647674,1223727.625
DEU,Germany,1969,77.8969597515895,1318964.25
DEU,Germany,1970,78.205102,1406339.625
DEU,Germany,1971,78.345872,1460322.125
DEU,Germany,1972,78.719918,1534875.625
DEU,Germany,1973,78.966971,1614309.625
DEU,Germany,1974,78.996693,1619257.375
DEU,Germany,1975,78.701865,1631517.125
DEU,Germany,1976,78.364505,1715663.25
DEU,Germany,1977,78.185559,1780371.75
DEU,Germany,1978,78.11536,1856146.875
DEU,Germany,1979,78.147901,1929379.25
DEU,Germany,1980,78.315375,1930710.125
DEU,Germany,1981,78.44804,1865626.25
DEU,Germany,1982,78.393674,1829822.625
DEU,Germany,1983,78.224133,1836717.375
DEU,Germany,1984,77.998198,1847189.875
DEU,Germany,1985,77.863424,1858648.5
DEU,Germany,1986,77.923807,1987612.375
DEU,Germany,1987,78.062324,2063495.375
DEU,Germany,1988,78.385992,2173668.5
DEU,Germany,1989,79.007065,2283725.5
DEU,Germany,1990,79.707959,2449806
DEU,Germany,1991,80.303196,2602268.25
DEU,Germany,1992,80.934898,2707245.75
DEU,Germany,1993,81.486773,2724812.25
DEU,Germany,1994,81.773617,2841783.5
DEU,Germany,1995,82.01989,2934607.75
DEU,Germany,1996,82.263189,2975042
DEU,Germany,1997,82.389638,3078771.25
DEU,Germany,1998,82.011939,3208453.25
DEU,Germany,1999,81.678287,3336879
DEU,Germany,2000,81.797258,3374667.25
DEU,Germany,2001,81.933885,3429975.25
DEU,Germany,2002,82.068326,3420399.75
DEU,Germany,2003,82.111615,3430270
DEU,Germany,2004,82.092708,3491848
DEU,Germany,2005,82.046731,3522758.5
DEU,Germany,2006,81.701971,3682467.25
DEU,Germany,2007,81.298542,3865585
DEU,Germany,2008,81.110777,3940595
DEU,Germany,2009,80.935283,3788199.75
DEU,Germany,2010,80.830924,3989083
DEU,Germany,2011,80.857874,4195223
DEU,Germany,2012,80.91639,4219334
DEU,Germany,2013,81.041582,4192691
DEU,Germany,2014,81.37608,4314204.5
DEU,Germany,2015,82.07755,4420293.5
DEU,Germany,2016,82.760102,4579976
DEU,Germany,2017,83.104007,4755894
DEU,Germany,2018,83.368505,4840361.5
DEU,Germany,2019,83.559186,5037171.5
DEU,Germany,2020,83.628708,4881379.5
DEU,Germany,2021,83.697083,5001540.5
DEU,Germany,2022,84.086227,5004375.5
DEU,Germany,2023,84.548231,5060520
DJI,Djibouti,1970,0.145175,1312.11157226563
DJI,Djibouti,1971,0.155136,1393.67724609375
DJI,Djibouti,1972,0.166256,1441.67785644531
DJI,Djibouti,1973,0.178449,1512.26013183594
DJI,Djibouti,1974,0.192613,1459.36950683594
DJI,Djibouti,1975,0.209908,1627.92272949219
DJI,Djibouti,1976,0.230737,1757.86071777344
DJI,Djibouti,1977,0.254613,1558.0166015625
DJI,Djibouti,1978,0.280031,1441.79321289063
DJI,Djibouti,1979,0.304513,1506.21411132813
DJI,Djibouti,1980,0.325815,1554.82971191406
DJI,Djibouti,1981,0.343047,1570.99853515625
DJI,Djibouti,1982,0.35688,1545.34106445313
DJI,Djibouti,1983,0.369553,1535.87878417969
DJI,Djibouti,1984,0.384053,1546.23034667969
DJI,Djibouti,1985,0.402687,1565.07409667969
DJI,Djibouti,1986,0.426341,1555.05871582031
DJI,Djibouti,1987,0.454399,1536.29187011719
DJI,Djibouti,1988,0.484523,1551.23425292969
DJI,Djibouti,1989,0.523355,1520.56372070313
DJI,Djibouti,1990,0.579538,1565.24389648438
DJI,Djibouti,1991,0.631092,1517.07446289063
DJI,Djibouti,1992,0.62601,1704.64501953125
DJI,Djibouti,1993,0.614245,2207.5546875
DJI,Djibouti,1994,0.62671,1619.79992675781
DJI,Djibouti,1995,0.633074,1929.95043945313
DJI,Djibouti,1996,0.648348,1746.56604003906
DJI,Djibouti,1997,0.671817,1899.9462890625
DJI,Djibouti,1998,0.699352,1864.19616699219
DJI,Djibouti,1999,0.724218,1995.35498046875
DJI,Djibouti,2000,0.747318,1996.20715332031
DJI,Djibouti,2001,0.771313,2076.2431640625
DJI,Djibouti,2002,0.795574,2022.51245117188
DJI,Djibouti,2003,0.813519,2132.7626953125
DJI,Djibouti,2004,0.826124,2201.31762695313
DJI,Djibouti,2005,0.839167,2301.4169921875
DJI,Djibouti,2006,0.855764,2706.6923828125
DJI,Djibouti,2007,0.874528,2761.97387695313
DJI,Djibouti,2008,0.892734,3032.06127929688
DJI,Djibouti,2009,0.911527,2780.56274414063
DJI,Djibouti,2010,0.930251,2608.88989257813
DJI,Djibouti,2011,0.948558,3292.18432617188
DJI,Djibouti,2012,0.966747,3624.08032226563
DJI,Djibouti,2013,0.984824,4161.0751953125
DJI,Djibouti,2014,1.002717,4464.30078125
DJI,Djibouti,2015,1.020313,4940.0859375
DJI,Djibouti,2016,1.037653,5040.6435546875
DJI,Djibouti,2017,1.054841,5271.48828125
DJI,Djibouti,2018,1.071882,5590.0478515625
DJI,Djibouti,2019,1.088709,5963.0166015625
DJI,Djibouti,2020,1.105188,6184.81201171875
DJI,Djibouti,2021,1.121248,5945.95166015625
DJI,Djibouti,2022,1.137096,7060.3662109375
DJI,Djibouti,2023,1.152944,8546.4931640625
DMA,Dominica,1970,0.068908,296.295989990234
DMA,Dominica,1971,0.069532,310.801727294922
DMA,Dominica,1972,0.07006,341.213134765625
DMA,Dominica,1973,0.070585,379.3671875
DMA,Dominica,1974,0.071091,358.567962646484
DMA,Dominica,1975,0.07157,376.622589111328
DMA,Dominica,1976,0.072017,398.287567138672
DMA,Dominica,1977,0.072406,396.460968017578
DMA,Dominica,1978,0.072724,443.844543457031
DMA,Dominica,1979,0.072959,385.631134033203
DMA,Dominica,1980,0.073083,396.870635986328
DMA,Dominica,1981,0.072986,455.734588623047
DMA,Dominica,1982,0.072688,485.847320556641
DMA,Dominica,1983,0.072365,508.506774902344
DMA,Dominica,1984,0.072056,513.38525390625
DMA,Dominica,1985,0.071744,520.171142578125
DMA,Dominica,1986,0.071406,569.705993652344
DMA,Dominica,1987,0.071023,593.900939941406
DMA,Dominica,1988,0.070608,615.528747558594
DMA,Dominica,1989,0.070153,598.768249511719
DMA,Dominica,1990,0.069627,638.486022949219
DMA,Dominica,1991,0.069296,636.816589355469
DMA,Dominica,1992,0.069325,688.037719726563
DMA,Dominica,1993,0.069433,713.939514160156
DMA,Dominica,1994,0.069477,704.093200683594
DMA,Dominica,1995,0.069469,722.913940429688
DMA,Dominica,1996,0.06941,742.643005371094
DMA,Dominica,1997,0.069299,717.944030761719
DMA,Dominica,1998,0.069124,719.263732910156
DMA,Dominica,1999,0.06887,692.420959472656
DMA,Dominica,2000,0.068511,687.034912109375
DMA,Dominica,2001,0.068288,679.354431152344
DMA,Dominica,2002,0.068367,655.786193847656
DMA,Dominica,2003,0.068531,679.44384765625
DMA,Dominica,2004,0.068649,692.876220703125
DMA,Dominica,2005,0.068734,692.766174316406
DMA,Dominica,2006,0.068806,727.401245117188
DMA,Dominica,2007,0.068847,777.954956054688
DMA,Dominica,2008,0.068854,836.76025390625
DMA,Dominica,2009,0.068864,835.858215332031
DMA,Dominica,2010,0.068859,849.227111816406
DMA,Dominica,2011,0.069053,856.961242675781
DMA,Dominica,2012,0.069118,852.811767578125
DMA,Dominica,2013,0.069715,849.194091796875
DMA,Dominica,2014,0.070373,887.453979492188
DMA,Dominica,2015,0.07041,918.755554199219
DMA,Dominica,2016,0.069606,968.594116210938
DMA,Dominica,2017,0.068496,883.148620605469
DMA,Dominica,2018,0.068174,965.871154785156
DMA,Dominica,2019,0.06788,1087.2255859375
DMA,Dominica,2020,0.067573,938.1796875
DMA,Dominica,2021,0.067202,1026.76208496094
DMA,Dominica,2022,0.066826,1091.18676757813
DMA,Dominica,2023,0.06651,1125.892578125
DNK,Denmark,1950,4.27092262050725,49856.91015625
DNK,Denmark,1951,4.30354198337267,47930.6796875
DNK,Denmark,1952,4.33392168263565,49746.82421875
DNK,Denmark,1953,4.36920079503786,53256.72265625
DNK,Denmark,1954,4.4059204064273,55232.234375
DNK,Denmark,1955,4.43891980163061,55324.7421875
DNK,Denmark,1956,4.46639037003593,56560.953125
DNK,Denmark,1957,4.48774990400889,58923.1796875
DNK,Denmark,1958,4.51505024462922,60696.21484375
DNK,Denmark,1959,4.54655382873592,66412.140625
DNK,Denmark,1960,4.58091695353322,70038.3828125
DNK,Denmark,1961,4.60973360887694,74371.171875
DNK,Denmark,1962,4.64681513312016,78623.5390625
DNK,Denmark,1963,4.6834942140846,80248.2265625
DNK,Denmark,1964,4.72008555859963,87272.3828125
DNK,Denmark,1965,4.75801393031101,91443.46875
DNK,Denmark,1966,4.79741331803548,94441.3046875
DNK,Denmark,1967,4.83871239062095,99854.34375
DNK,Denmark,1968,4.86721195499264,105430.6875
DNK,Denmark,1969,4.89059848704393,113410.1640625
DNK,Denmark,1970,4.928668,115612.2265625
DNK,Denmark,1971,4.963062,118539.296875
DNK,Denmark,1972,4.991573,123686.703125
DNK,Denmark,1973,5.021756,130666.2109375
DNK,Denmark,1974,5.045632,125346.03125
DNK,Denmark,1975,5.0604,124367.203125
DNK,Denmark,1976,5.072805,132996.453125
DNK,Denmark,1977,5.088572,136177.953125
DNK,Denmark,1978,5.104343,141342.15625
DNK,Denmark,1979,5.116859,145885.171875
DNK,Denmark,1980,5.123081,142677.25
DNK,Denmark,1981,5.121629,136565.40625
DNK,Denmark,1982,5.117894,138119.140625
DNK,Denmark,1983,5.114467,139197.203125
DNK,Denmark,1984,5.111831,142763.390625
DNK,Denmark,1985,5.11388,146239.75
DNK,Denmark,1986,5.120688,156358.09375
DNK,Denmark,1987,5.127132,158004.359375
DNK,Denmark,1988,5.12964,158510
DNK,Denmark,1989,5.132715,161119.71875
DNK,Denmark,1990,5.141025,164922.28125
DNK,Denmark,1991,5.154345,167227.40625
DNK,Denmark,1992,5.171367,172654.5625
DNK,Denmark,1993,5.188637,171676.6875
DNK,Denmark,1994,5.20619,181602.328125
DNK,Denmark,1995,5.23336,188827.984375
DNK,Denmark,1996,5.263068,195806.390625
DNK,Denmark,1997,5.285035,209594.328125
DNK,Denmark,1998,5.304262,220369.28125
DNK,Denmark,1999,5.32181,226052.953125
DNK,Denmark,2000,5.339658,236669.375
DNK,Denmark,2001,5.358828,236961.296875
DNK,Denmark,2002,5.375959,240635.96875
DNK,Denmark,2003,5.39062,231499.828125
DNK,Denmark,2004,5.404598,241784.375
DNK,Denmark,2005,5.419555,240840.515625
DNK,Denmark,2006,5.43742,256956.171875
DNK,Denmark,2007,5.461607,268544.71875
DNK,Denmark,2008,5.493764,279068.40625
DNK,Denmark,2009,5.523173,270852.75
DNK,Denmark,2010,5.547863,282641.3125
DNK,Denmark,2011,5.570849,291508.15625
DNK,Denmark,2012,5.591917,294247.8125
DNK,Denmark,2013,5.615333,294565.3125
DNK,Denmark,2014,5.643794,295108.4375
DNK,Denmark,2015,5.683701,306024.1875
DNK,Denmark,2016,5.728201,319175.625
DNK,Denmark,2017,5.765168,337090.40625
DNK,Denmark,2018,5.793824,344834.28125
DNK,Denmark,2019,5.814618,360026.03125
DNK,Denmark,2020,5.83153,366140.625
DNK,Denmark,2021,5.856776,395298.21875
DNK,Denmark,2022,5.902904,410517.28125
DNK,Denmark,2023,5.948136,388496.09375
DOM,Dominican Republic,1951,2.40629049997472,6583.83935546875
DOM,Dominican Republic,1952,2.47812813744173,6229.80419921875
DOM,Dominican Republic,1953,2.5552896373772,6079.52294921875
DOM,Dominican Republic,1954,2.63706164157787,6729.8662109375
DOM,Dominican Republic,1955,2.722734586299,6680.5615234375
DOM,Dominican Republic,1956,2.81278135593463,7321.57373046875
DOM,Dominican Republic,1957,2.90767720641542,8375.8369140625
DOM,Dominican Republic,1958,3.00670996530637,8136.81494140625
DOM,Dominican Republic,1959,3.10916840878714,8268.4384765625
DOM,Dominican Republic,1960,3.21434344742032,9412.361328125
DOM,Dominican Republic,1961,3.32283389419234,9208.6376953125
DOM,Dominican Republic,1962,3.43511192203631,11455.609375
DOM,Dominican Republic,1963,3.55028061581764,12273.4599609375
DOM,Dominican Republic,1964,3.66743974025058,12899.6083984375
DOM,Dominican Republic,1965,3.78568906004934,11353.2822265625
DOM,Dominican Republic,1966,3.90556359386639,12287.53515625
DOM,Dominican Republic,1967,4.02766357761012,12560.744140625
DOM,Dominican Republic,1968,4.15118648330185,12564.75
DOM,Dominican Republic,1969,4.2753293086556,13878.873046875
DOM,Dominican Republic,1970,4.39929,16265.96484375
DOM,Dominican Republic,1971,4.524234,17756.935546875
DOM,Dominican Republic,1972,4.651883,19583.634765625
DOM,Dominican Republic,1973,4.782227,21685.044921875
DOM,Dominican Republic,1974,4.914197,23941.294921875
DOM,Dominican Republic,1975,5.046776,26395.91015625
DOM,Dominican Republic,1976,5.180404,25844.85546875
DOM,Dominican Republic,1977,5.315443,27109.685546875
DOM,Dominican Republic,1978,5.451882,26773.716796875
DOM,Dominican Republic,1979,5.58969,28000.548828125
DOM,Dominican Republic,1980,5.729037,31691.962890625
DOM,Dominican Republic,1981,5.868453,33877.87890625
DOM,Dominican Republic,1982,6.007114,34139.1484375
DOM,Dominican Republic,1983,6.147248,35980.09765625
DOM,Dominican Republic,1984,6.28904,35121.35546875
DOM,Dominican Republic,1985,6.430404,35227.83203125
DOM,Dominican Republic,1986,6.571208,37249.5390625
DOM,Dominican Republic,1987,6.712515,39018.30078125
DOM,Dominican Republic,1988,6.855734,42096.38671875
DOM,Dominican Republic,1989,7.002295,42063.703125
DOM,Dominican Republic,1990,7.151166,39217.3046875
DOM,Dominican Republic,1991,7.299853,40239.609375
DOM,Dominican Republic,1992,7.447474,44949.08203125
DOM,Dominican Republic,1993,7.594572,49299.875
DOM,Dominican Republic,1994,7.741694,52043.75390625
DOM,Dominican Republic,1995,7.888115,54539.296875
DOM,Dominican Republic,1996,8.032894,58382.1640625
DOM,Dominican Republic,1997,8.174078,64753.7109375
DOM,Dominican Republic,1998,8.310362,72395.625
DOM,Dominican Republic,1999,8.446208,76481.9609375
DOM,Dominican Republic,2000,8.58419,80103.34375
DOM,Dominican Republic,2001,8.720283,83463.515625
DOM,Dominican Republic,2002,8.852235,88071.8671875
DOM,Dominican Republic,2003,8.98062,83870.390625
DOM,Dominican Republic,2004,9.104892,87077.2109375
DOM,Dominican Republic,2005,9.225034,94651.1875
DOM,Dominican Republic,2006,9.341183,106079.7265625
DOM,Dominican Republic,2007,9.455658,116200.625
DOM,Dominican Republic,2008,9.57313,118060.84375
DOM,Dominican Republic,2009,9.695265,124730.7890625
DOM,Dominican Republic,2010,9.820175,134625.859375
DOM,Dominican Republic,2011,9.945621,137482.734375
DOM,Dominican Republic,2012,10.070411,140752.75
DOM,Dominican Republic,2013,10.193833,143172.59375
DOM,Dominican Republic,2014,10.315528,153683.125
DOM,Dominican Republic,2015,10.434829,169371.828125
DOM,Dominican Republic,2016,10.55143,183635.921875
DOM,Dominican Republic,2017,10.666843,188332.515625
DOM,Dominican Republic,2018,10.782053,201318.265625
DOM,Dominican Republic,2019,10.894043,222532.53125
DOM,Dominican Republic,2020,11.0083,211985.984375
DOM,Dominican Republic,2021,11.123476,235362.203125
DOM,Dominican Republic,2022,11.230734,247053.828125
DOM,Dominican Republic,2023,11.331265,259608.28125
DZA,Algeria,1960,10.7933039433868,74842.0859375
DZA,Algeria,1961,11.0033970245134,67145.3515625
DZA,Algeria,1962,10.8839832821936,52543.70703125
DZA,Algeria,1963,11.1530218020367,63786.109375
DZA,Algeria,1964,11.4893871786826,68108.140625
DZA,Algeria,1965,11.8358964960973,74087.3203125
DZA,Algeria,1966,12.2079472958491,65570.84375
DZA,Algeria,1967,12.6248263692368,75458.6640625
DZA,Algeria,1968,13.0064927303665,81226.5859375
DZA,Algeria,1969,13.3844679840377,87857.703125
DZA,Algeria,1970,13.783719,99090.7578125
DZA,Algeria,1971,14.098936,96944.125
DZA,Algeria,1972,14.427072,109911.109375
DZA,Algeria,1973,14.771147,119314.6328125
DZA,Algeria,1974,15.133502,168798.640625
DZA,Algeria,1975,15.678596,161535.21875
DZA,Algeria,1976,16.40917,175112.21875
DZA,Algeria,1977,17.015994,191242.9375
DZA,Algeria,1978,17.506974,207591.46875
DZA,Algeria,1979,18.036655,244714.46875
DZA,Algeria,1980,18.607174,268793.90625
DZA,Algeria,1981,19.220704,289569.0625
DZA,Algeria,1982,19.872348,291635.5
DZA,Algeria,1983,20.558115,307595.84375
DZA,Algeria,1984,21.271969,321927.625
DZA,Algeria,1985,22.008544,338685.34375
DZA,Algeria,1986,22.745499,283274.34375
DZA,Algeria,1987,23.443624,274832.5
DZA,Algeria,1988,24.109536,250641.296875
DZA,Algeria,1989,24.754485,256884.53125
DZA,Algeria,1990,25.37581,270748.15625
DZA,Algeria,1991,25.987928,279162.34375
DZA,Algeria,1992,26.628568,272647.46875
DZA,Algeria,1993,27.277048,255316.984375
DZA,Algeria,1994,27.887279,250961.921875
DZA,Algeria,1995,28.470191,260183.546875
DZA,Algeria,1996,29.033044,289234.84375
DZA,Algeria,1997,29.579301,290170.5625
DZA,Algeria,1998,30.054133,284489.21875
DZA,Algeria,1999,30.474354,304929.9375
DZA,Algeria,2000,30.903893,377694.625
DZA,Algeria,2001,31.331221,363552
DZA,Algeria,2002,31.750835,369901.15625
DZA,Algeria,2003,32.175818,406176.78125
DZA,Algeria,2004,32.628286,426987.1875
DZA,Algeria,2005,33.109249,494314.5625
DZA,Algeria,2006,33.623506,545975.3125
DZA,Algeria,2007,34.189416,541699.75
DZA,Algeria,2008,34.816961,577036.875
DZA,Algeria,2009,35.490445,499214.4375
DZA,Algeria,2010,36.188236,573163.1875
DZA,Algeria,2011,36.903376,630642.125
DZA,Algeria,2012,37.646166,618777.625
DZA,Algeria,2013,38.414171,592653.4375
DZA,Algeria,2014,39.205031,590120.375
DZA,Algeria,2015,40.019529,543596.875
DZA,Algeria,2016,40.850721,528218.8125
DZA,Algeria,2017,41.689299,534456.4375
DZA,Algeria,2018,42.505035,539587.875
DZA,Algeria,2019,43.294546,570043.375
DZA,Algeria,2020,44.042091,527307.5
DZA,Algeria,2021,44.761099,613324.4375
DZA,Algeria,2022,45.477389,702550.0625
DZA,Algeria,2023,46.164219,682350.9375
ECU,Ecuador,1950,3.49217601114538,20665.07421875
ECU,Ecuador,1951,3.58393971501072,22480.7890625
ECU,Ecuador,1952,3.67789910898264,22995.59765625
ECU,Ecuador,1953,3.77515203352936,26534.251953125
ECU,Ecuador,1954,3.8763713286055,31301.55078125
ECU,Ecuador,1955,3.98223131673629,33078.76953125
ECU,Ecuador,1956,4.09228376741211,33610.91796875
ECU,Ecuador,1957,4.20607748498214,34469.16015625
ECU,Ecuador,1958,4.32428827454221,34261.171875
ECU,Ecuador,1959,4.44759119990282,36801.44921875
ECU,Ecuador,1960,4.5766613248745,39561.56640625
ECU,Ecuador,1961,4.71164196461467,41041.765625
ECU,Ecuador,1962,4.85208340604313,41300.703125
ECU,Ecuador,1963,4.99777117061392,42253.24609375
ECU,Ecuador,1964,5.1484892972105,45065.140625
ECU,Ecuador,1965,5.30402478985753,46254.30078125
ECU,Ecuador,1966,5.46452046952222,48223.3125
ECU,Ecuador,1967,5.63012063974242,53940.8828125
ECU,Ecuador,1968,5.80060785683098,56455.09375
ECU,Ecuador,1969,5.97576863062235,55879.83203125
ECU,Ecuador,1970,6.155387,60328.51171875
ECU,Ecuador,1971,6.340052,61508.18359375
ECU,Ecuador,1972,6.529034,64764.671875
ECU,Ecuador,1973,6.722033,55067.90625
ECU,Ecuador,1974,6.918573,51437
ECU,Ecuador,1975,7.118251,56239.296875
ECU,Ecuador,1976,7.320912,60514.9453125
ECU,Ecuador,1977,7.526819,63560.5234375
ECU,Ecuador,1978,7.736167,65268.078125
ECU,Ecuador,1979,7.948869,69731.3984375
ECU,Ecuador,1980,8.165877,72568.171875
ECU,Ecuador,1981,8.38691,76489.4453125
ECU,Ecuador,1982,8.611298,75238.3203125
ECU,Ecuador,1983,8.840417,74611.03125
ECU,Ecuador,1984,9.074782,74774.671875
ECU,Ecuador,1985,9.311154,77668.0859375
ECU,Ecuador,1986,9.545998,71167.1484375
ECU,Ecuador,1987,9.77929,70208.890625
ECU,Ecuador,1988,10.010808,65838.1953125
ECU,Ecuador,1989,10.241852,67002.6640625
ECU,Ecuador,1990,10.473673,73260.2890625
ECU,Ecuador,1991,10.70238,74679.8671875
ECU,Ecuador,1992,10.930128,75146.2734375
ECU,Ecuador,1993,11.154274,68706.8828125
ECU,Ecuador,1994,11.372197,69710.390625
ECU,Ecuador,1995,11.590514,69476.84375
ECU,Ecuador,1996,11.81095,71884
ECU,Ecuador,1997,12.031127,67875.4296875
ECU,Ecuador,1998,12.251184,67093.734375
ECU,Ecuador,1999,12.470795,64079.8671875
ECU,Ecuador,2000,12.689206,72108
ECU,Ecuador,2001,12.91074,71384.921875
ECU,Ecuador,2002,13.138472,79091.5703125
ECU,Ecuador,2003,13.372306,85408.0234375
ECU,Ecuador,2004,13.608701,97433.03125
ECU,Ecuador,2005,13.846163,114985.734375
ECU,Ecuador,2006,14.086131,125629.375
ECU,Ecuador,2007,14.328773,133743.734375
ECU,Ecuador,2008,14.575202,149486.671875
ECU,Ecuador,2009,14.825954,146136.546875
ECU,Ecuador,2010,15.076695,155106.203125
ECU,Ecuador,2011,15.326227,175443.3125
ECU,Ecuador,2012,15.572194,187273.40625
ECU,Ecuador,2013,15.807128,201845.234375
ECU,Ecuador,2014,16.035124,210588.75
ECU,Ecuador,2015,16.266225,196859.234375
ECU,Ecuador,2016,16.505139,196017.78125
ECU,Ecuador,2017,16.759519,211201.3125
ECU,Ecuador,2018,17.049547,219210.9375
ECU,Ecuador,2019,17.340021,227989.8125
ECU,Ecuador,2020,17.546065,208447.921875
ECU,Ecuador,2021,17.682454,237414.90625
ECU,Ecuador,2022,17.823897,251857.5
ECU,Ecuador,2023,17.980083,250735.21875
EGY,Egypt,1950,21.8606097252469,22213.310546875
EGY,Egypt,1951,22.3832094757567,22998.482421875
EGY,Egypt,1952,22.9183016270716,21042.197265625
EGY,Egypt,1953,23.4661871298014,21000.96875
EGY,Egypt,1954,24.0271708685509,22392.900390625
EGY,Egypt,1955,24.6015655959145,23235.673828125
EGY,Egypt,1956,25.1896899654792,24149.048828125
EGY,Egypt,1957,25.7918744328167,25340.873046875
EGY,Egypt,1958,26.4084553544908,25684.048828125
EGY,Egypt,1959,27.0397769550554,28121.541015625
EGY,Egypt,1960,27.686187393059,28989.611328125
EGY,Egypt,1961,28.3835883059593,30250.837890625
EGY,Egypt,1962,29.0543777103584,31729.28515625
EGY,Egypt,1963,29.721978611891,34058.83203125
EGY,Egypt,1964,30.4566619944589,38903.0859375
EGY,Egypt,1965,31.2116349557238,40176.73046875
EGY,Egypt,1966,31.9554235694878,41650.96875
EGY,Egypt,1967,32.6719594335819,42948.98828125
EGY,Egypt,1968,33.34918288664,47101.81640625
EGY,Egypt,1969,33.9971983945628,50296.77734375
EGY,Egypt,1970,34.62399,57289.98828125
EGY,Egypt,1971,35.433368,58732.5234375
EGY,Egypt,1972,36.258328,62336.15234375
EGY,Egypt,1973,37.102043,62575
EGY,Egypt,1974,37.969667,69261.96875
EGY,Egypt,1975,38.875327,71448.328125
EGY,Egypt,1976,39.795557,72536.125
EGY,Egypt,1977,40.74887,77282.4296875
EGY,Egypt,1978,41.761431,80710.7109375
EGY,Egypt,1979,42.818628,80261.1015625
EGY,Egypt,1980,43.950413,82512.171875
EGY,Egypt,1981,45.147224,93603.5625
EGY,Egypt,1982,46.407611,94070.2734375
EGY,Egypt,1983,47.786402,99903.7109375
EGY,Egypt,1984,49.247334,109551.515625
EGY,Egypt,1985,50.734968,116029.9453125
EGY,Egypt,1986,52.206295,117256.375
EGY,Egypt,1987,53.674435,121003.8671875
EGY,Egypt,1988,55.187681,117799.4296875
EGY,Egypt,1989,56.710642,128876.90625
EGY,Egypt,1990,58.396618,144204.625
EGY,Egypt,1991,60.028997,169328.65625
EGY,Egypt,1992,61.48066,182246.5
EGY,Egypt,1993,62.915681,219290.3125
EGY,Egypt,1994,64.285589,246532.515625
EGY,Egypt,1995,65.652622,280327.03125
EGY,Egypt,1996,67.028048,337376
EGY,Egypt,1997,68.43174,350168.96875
EGY,Egypt,1998,69.943294,349683.53125
EGY,Egypt,1999,71.520954,365243.15625
EGY,Egypt,2000,73.083284,381561.5625
EGY,Egypt,2001,74.652029,395184.8125
EGY,Egypt,2002,76.239137,439105.6875
EGY,Egypt,2003,77.853548,452802.25
EGY,Egypt,2004,79.477443,470366.875
EGY,Egypt,2005,81.101004,484808.84375
EGY,Egypt,2006,82.700403,537129.3125
EGY,Egypt,2007,84.276225,615365.8125
EGY,Egypt,2008,85.864789,699926.9375
EGY,Egypt,2009,87.501636,794371
EGY,Egypt,2010,89.196072,898609
EGY,Egypt,2011,91.093059,1002060.0625
EGY,Egypt,2012,93.161001,1174419.875
EGY,Egypt,2013,95.333553,1174891.375
EGY,Egypt,2014,97.528654,1149980
EGY,Egypt,2015,99.597342,1210753.625
EGY,Egypt,2016,101.644589,1184254.875
EGY,Egypt,2017,103.696057,1198915.125
EGY,Egypt,2018,105.682094,1357322.375
EGY,Egypt,2019,107.553158,1470832.625
EGY,Egypt,2020,109.315124,1625116.75
EGY,Egypt,2021,110.957008,1644345.625
EGY,Egypt,2022,112.61825,1740342
EGY,Egypt,2023,114.535772,1824768.75
ESP,Spain,1950,28.0101476903608,119818.046875
ESP,Spain,1951,28.2447517089075,139872.078125
ESP,Spain,1952,28.4961373622851,146051.171875
ESP,Spain,1953,28.7499179443772,140586.546875
ESP,Spain,1954,29.0057203184363,158872.875
ESP,Spain,1955,29.2635654258107,167162.46875
ESP,Spain,1956,29.5234723040895,179597.953125
ESP,Spain,1957,29.7854504720672,187976.75
ESP,Spain,1958,30.0495265823686,195994.125
ESP,Spain,1959,30.3157139613061,192181.84375
ESP,Spain,1960,30.583519535321,213017.28125
ESP,Spain,1961,30.8457318656451,236826.859375
ESP,Spain,1962,31.0994191635503,259835.9375
ESP,Spain,1963,31.3706819637539,284859.6875
ESP,Spain,1964,31.6811241224169,299845.65625
ESP,Spain,1965,32.024126269794,316904.59375
ESP,Spain,1966,32.3909006547359,343297.0625
ESP,Spain,1967,32.7884473987712,363313.34375
ESP,Spain,1968,33.1767418744822,388774.375
ESP,Spain,1969,33.5029128892965,425610.03125
ESP,Spain,1970,33.812723,444049.90625
ESP,Spain,1971,34.157451,467636.28125
ESP,Spain,1972,34.539867,507860.6875
ESP,Spain,1973,34.926524,546070.0625
ESP,Spain,1974,35.361762,559366.875
ESP,Spain,1975,35.795769,567536.75
ESP,Spain,1976,36.17628,595335.4375
ESP,Spain,1977,36.55127,620996.8125
ESP,Spain,1978,36.904967,647327.375
ESP,Spain,1979,37.230372,659687.625
ESP,Spain,1980,37.537565,669233.1875
ESP,Spain,1981,37.812713,626326.375
ESP,Spain,1982,38.047101,607205.4375
ESP,Spain,1983,38.253244,589859.0625
ESP,Spain,1984,38.437482,581569.6875
ESP,Spain,1985,38.601321,576573.125
ESP,Spain,1986,38.735705,619396.5
ESP,Spain,1987,38.85201,668857.9375
ESP,Spain,1988,38.952264,721466
ESP,Spain,1989,39.029558,775516.125
ESP,Spain,1990,39.084979,829095.1875
ESP,Spain,1991,39.201759,874308.6875
ESP,Spain,1992,39.420346,904318.5625
ESP,Spain,1993,39.651621,908459.4375
ESP,Spain,1994,39.858721,950594.3125
ESP,Spain,1995,40.052738,1006666.375
ESP,Spain,1996,40.237372,1042803
ESP,Spain,1997,40.423826,1115602
ESP,Spain,1998,40.61744,1205898.875
ESP,Spain,1999,40.812857,1255028.375
ESP,Spain,2000,41.019774,1326001.75
ESP,Spain,2001,41.245599,1387129.75
ESP,Spain,2002,41.755704,1453820.875
ESP,Spain,2003,42.506543,1463632
ESP,Spain,2004,43.234566,1531256.875
ESP,Spain,2005,43.958885,1590076.25
ESP,Spain,2006,44.695448,1734758.75
ESP,Spain,2007,45.516507,1886432.25
ESP,Spain,2008,46.235054,1921767.5
ESP,Spain,2009,46.63518,1884437.5
ESP,Spain,2010,46.840471,1852193
ESP,Spain,2011,46.998043,1819693.25
ESP,Spain,2012,47.018323,1793150.625
ESP,Spain,2013,46.860389,1755652.375
ESP,Spain,2014,46.720188,1763107
ESP,Spain,2015,46.683686,1876815.5
ESP,Spain,2016,46.732771,1961830.375
ESP,Spain,2017,46.868596,2039282.375
ESP,Spain,2018,47.092821,2050988.875
ESP,Spain,2019,47.435119,2187129.25
ESP,Spain,2020,47.679489,1917825.75
ESP,Spain,2021,47.735664,2059644.875
ESP,Spain,2022,47.828382,2139254.5
ESP,Spain,2023,47.911579,2239046.75
EST,Estonia,1990,1.570303,19960.51171875
EST,Estonia,1991,1.565383,21947.849609375
EST,Estonia,1992,1.540212,16391.068359375
EST,Estonia,1993,1.504342,15719.853515625
EST,Estonia,1994,1.475714,15194.8759765625
EST,Estonia,1995,1.452777,16653.755859375
EST,Estonia,1996,1.434651,17519.091796875
EST,Estonia,1997,1.421496,18812.498046875
EST,Estonia,1998,1.411203,19438.462890625
EST,Estonia,1999,1.403578,19657.322265625
EST,Estonia,2000,1.396997,21151.322265625
EST,Estonia,2001,1.388171,22209.64453125
EST,Estonia,2002,1.379435,23728.015625
EST,Estonia,2003,1.37085,25059.666015625
EST,Estonia,2004,1.362676,27153.46484375
EST,Estonia,2005,1.354848,29440.619140625
EST,Estonia,2006,1.34688,32726.16015625
EST,Estonia,2007,1.340705,37252.5625
EST,Estonia,2008,1.337074,37467.609375
EST,Estonia,2009,1.334528,33700.23828125
EST,Estonia,2010,1.331448,35086.98046875
EST,Estonia,2011,1.327358,40680.9921875
EST,Estonia,2012,1.322616,42815.37109375
EST,Estonia,2013,1.317919,42958.07421875
EST,Estonia,2014,1.314452,44430.9765625
EST,Estonia,2015,1.314576,45383.21484375
EST,Estonia,2016,1.315849,47484.8359375
EST,Estonia,2017,1.317425,50735.78515625
EST,Estonia,2018,1.321965,53256.21875
EST,Estonia,2019,1.326822,57401.42578125
EST,Estonia,2020,1.329669,56430.09375
EST,Estonia,2021,1.331749,59910.9140625
EST,Estonia,2022,1.350091,59838.6875
EST,Estonia,2023,1.367196,58142.65234375
ETH,Ethiopia,1950,19.0885085818235,8645.08203125
ETH,Ethiopia,1951,19.4072206373683,9878.94921875
ETH,Ethiopia,1952,19.7379373620795,10280.830078125
ETH,Ethiopia,1953,20.0810900722427,10962.1640625
ETH,Ethiopia,1954,20.4371281308499,11021.244140625
ETH,Ethiopia,1955,20.80652075227,11246.638671875
ETH,Ethiopia,1956,21.189769634944,11818.4296875
ETH,Ethiopia,1957,21.587385500666,11750.708984375
ETH,Ethiopia,1958,21.9999097506309,11799.6650390625
ETH,Ethiopia,1959,22.4264797522679,12633.224609375
ETH,Ethiopia,1960,22.8676044227005,13212.90625
ETH,Ethiopia,1961,23.3219320636115,13751.7548828125
ETH,Ethiopia,1962,23.7917257319965,14223.490234375
ETH,Ethiopia,1963,24.2783461495259,14656.98046875
ETH,Ethiopia,1964,24.7823473500894,15739.775390625
ETH,Ethiopia,1965,25.300766064479,16838.33203125
ETH,Ethiopia,1966,25.8377422071668,17360.875
ETH,Ethiopia,1967,26.3604975451293,17527.865234375
ETH,Ethiopia,1968,26.9196440667573,18324.1484375
ETH,Ethiopia,1969,27.4031586460974,19748.369140625
ETH,Ethiopia,1970,27.8821308694103,19543.248046875
ETH,Ethiopia,1971,28.6529012064161,20415.958984375
ETH,Ethiopia,1972,29.4274156842985,21479.306640625
ETH,Ethiopia,1973,30.2192199602665,22074.1328125
ETH,Ethiopia,1974,31.0090063898193,22451.263671875
ETH,Ethiopia,1975,31.7748107530905,23177.94921875
ETH,Ethiopia,1976,32.5869009070873,24026.1953125
ETH,Ethiopia,1977,33.2310120603924,24375.701171875
ETH,Ethiopia,1978,33.8132844689253,24738.68359375
ETH,Ethiopia,1979,34.3359814965357,25434.9453125
ETH,Ethiopia,1980,34.5587952817478,26826.0546875
ETH,Ethiopia,1981,35.4407783032327,29784.248046875
ETH,Ethiopia,1982,36.8244992194591,32509.115234375
ETH,Ethiopia,1983,37.8604926422839,37602.0078125
ETH,Ethiopia,1984,38.8487722452422,38077.81640625
ETH,Ethiopia,1985,39.9444897021237,40770.51953125
ETH,Ethiopia,1986,41.1268748133978,39891.734375
ETH,Ethiopia,1987,42.5327383332517,39296.66796875
ETH,Ethiopia,1988,44.2018464136611,38679.98046875
ETH,Ethiopia,1989,45.9066839941634,36230.1015625
ETH,Ethiopia,1990,47.609755,40953.4921875
ETH,Ethiopia,1991,49.717198,38058.87890625
ETH,Ethiopia,1992,51.853747,34032.21875
ETH,Ethiopia,1993,53.708891,36586.8203125
ETH,Ethiopia,1994,55.611508,34182.05078125
ETH,Ethiopia,1995,57.537335,37869.609375
ETH,Ethiopia,1996,59.467635,38851.359375
ETH,Ethiopia,1997,61.404539,43034.81640625
ETH,Ethiopia,1998,63.363524,39073
ETH,Ethiopia,1999,65.374561,39963.21484375
ETH,Ethiopia,2000,67.411494,40292.19140625
ETH,Ethiopia,2001,69.487762,44807.5859375
ETH,Ethiopia,2002,71.635517,40740.33984375
ETH,Ethiopia,2003,73.832663,40815.265625
ETH,Ethiopia,2004,76.077206,48997.30859375
ETH,Ethiopia,2005,78.36747,56987.59765625
ETH,Ethiopia,2006,80.70349,59284.51171875
ETH,Ethiopia,2007,83.103217,72056.734375
ETH,Ethiopia,2008,85.543668,77727.90625
ETH,Ethiopia,2009,88.007636,86336.3515625
ETH,Ethiopia,2010,90.538514,98183.3359375
ETH,Ethiopia,2011,93.14997,111963.9375
ETH,Ethiopia,2012,95.798767,125032.0625
ETH,Ethiopia,2013,98.438751,134301.0625
ETH,Ethiopia,2014,101.11561,159455.3125
ETH,Ethiopia,2015,103.867135,182185.796875
ETH,Ethiopia,2016,106.718162,210806
ETH,Ethiopia,2017,109.666481,227561.828125
ETH,Ethiopia,2018,112.664152,241098.421875
ETH,Ethiopia,2019,115.737383,261691.59375
ETH,Ethiopia,2020,118.917671,283278.28125
ETH,Ethiopia,2021,122.138588,329508.46875
ETH,Ethiopia,2022,125.384287,356218.6875
ETH,Ethiopia,2023,128.691692,386314.25
FIN,Finland,1950,4.00889839907523,28791.67578125
FIN,Finland,1951,4.04729807850488,34263.08203125
FIN,Finland,1952,4.09049807549094,34649.57421875
FIN,Finland,1953,4.13939818135447,33419.7890625
FIN,Finland,1954,4.1868982939384,37362.4296875
FIN,Finland,1955,4.23489813164394,40964.43359375
FIN,Finland,1956,4.28169824758808,41730.73828125
FIN,Finland,1957,4.32399797641615,41524.140625
FIN,Finland,1958,4.35979794080481,41506.09375
FIN,Finland,1959,4.39469811387243,44663.90625
FIN,Finland,1960,4.4295978101031,49216.83984375
FIN,Finland,1961,4.46100181466733,54237.2109375
FIN,Finland,1962,4.49144117808557,55207.66796875
FIN,Finland,1963,4.52330723765249,56488.1328125
FIN,Finland,1964,4.54854192578233,59378.375
FIN,Finland,1965,4.56373013625288,63383.40234375
FIN,Finland,1966,4.58086717933027,65133.53515625
FIN,Finland,1967,4.60574185556431,66607.140625
FIN,Finland,1968,4.62646709667607,69402.2421875
FIN,Finland,1969,4.62378298149527,76807.40625
FIN,Finland,1970,4.606305,83107.6640625
FIN,Finland,1971,4.612127,84443.5234375
FIN,Finland,1972,4.639548,89939.7734375
FIN,Finland,1973,4.665914,96669.1875
FIN,Finland,1974,4.690355,99396.421875
FIN,Finland,1975,4.711168,98879.6171875
FIN,Finland,1976,4.725337,99185.0859375
FIN,Finland,1977,4.738584,98269.671875
FIN,Finland,1978,4.752246,100615.7109375
FIN,Finland,1979,4.764439,109018.1640625
FIN,Finland,1980,4.77935,113282.2578125
FIN,Finland,1981,4.799848,113148.6875
FIN,Finland,1982,4.826882,114821.5234375
FIN,Finland,1983,4.855788,116237.4921875
FIN,Finland,1984,4.881825,119384.34375
FIN,Finland,1985,4.902261,120921.6796875
FIN,Finland,1986,4.918255,126404.46875
FIN,Finland,1987,4.932257,132367.109375
FIN,Finland,1988,4.946628,143210.03125
FIN,Finland,1989,4.964526,152329.359375
FIN,Finland,1990,4.986575,152141.515625
FIN,Finland,1991,5.01388,139060.953125
FIN,Finland,1992,5.042148,133837.984375
FIN,Finland,1993,5.06659,132481.078125
FIN,Finland,1994,5.088458,141197.359375
FIN,Finland,1995,5.107922,154445.625
FIN,Finland,1996,5.124717,156912.625
FIN,Finland,1997,5.139925,173064.3125
FIN,Finland,1998,5.153548,189145.546875
FIN,Finland,1999,5.165516,197938.640625
FIN,Finland,2000,5.176202,208732.578125
FIN,Finland,2001,5.187971,211575.703125
FIN,Finland,2002,5.200546,211923.5625
FIN,Finland,2003,5.212955,209243.203125
FIN,Finland,2004,5.228148,220749.25
FIN,Finland,2005,5.246082,223040.15625
FIN,Finland,2006,5.266247,231807.046875
FIN,Finland,2007,5.28871,252168.265625
FIN,Finland,2008,5.313377,263763.78125
FIN,Finland,2009,5.338856,251333.984375
FIN,Finland,2010,5.36335,255766.84375
FIN,Finland,2011,5.388241,269853.25
FIN,Finland,2012,5.413971,265590.34375
FIN,Finland,2013,5.439053,258250.046875
FIN,Finland,2014,5.461684,255247.5
FIN,Finland,2015,5.479717,261014.703125
FIN,Finland,2016,5.495469,269682.5
FIN,Finland,2017,5.508396,278693.8125
FIN,Finland,2018,5.515736,283637.03125
FIN,Finland,2019,5.521759,296801.6875
FIN,Finland,2020,5.529612,297275.375
FIN,Finland,2021,5.541075,306502.71875
FIN,Finland,2022,5.569299,309515.3125
FIN,Finland,2023,5.601185,300309.875
FJI,Fiji,1960,0.401039790386835,1364.98132324219
FJI,Fiji,1961,0.415324766106124,1406.20739746094
FJI,Fiji,1962,0.43011850987824,1433.09875488281
FJI,Fiji,1963,0.444989735645978,1715.46789550781
FJI,Fiji,1964,0.459459240055234,1958.71984863281
FJI,Fiji,1965,0.472506478875818,1572.0283203125
FJI,Fiji,1966,0.483268910378415,1630.10815429688
FJI,Fiji,1967,0.494484019046028,1740.87524414063
FJI,Fiji,1968,0.504679555806533,1934.04455566406
FJI,Fiji,1969,0.51589463408905,2031.39123535156
FJI,Fiji,1970,0.531188,2266.57055664063
FJI,Fiji,1971,0.541121,2426.001953125
FJI,Fiji,1972,0.550499,2618.71264648438
FJI,Fiji,1973,0.559222,2920.232421875
FJI,Fiji,1974,0.567489,3182.97900390625
FJI,Fiji,1975,0.575906,3487.8447265625
FJI,Fiji,1976,0.585534,3502.38232421875
FJI,Fiji,1977,0.597805,3720.15551757813
FJI,Fiji,1978,0.612091,3851.109375
FJI,Fiji,1979,0.626862,4480.8330078125
FJI,Fiji,1980,0.641975,4563.7216796875
FJI,Fiji,1981,0.657471,4177.0380859375
FJI,Fiji,1982,0.673414,4099.341796875
FJI,Fiji,1983,0.689835,4036.68823242188
FJI,Fiji,1984,0.706716,4256.4140625
FJI,Fiji,1985,0.723761,4404.8447265625
FJI,Fiji,1986,0.739306,4404.6494140625
FJI,Fiji,1987,0.75054,4460.4111328125
FJI,Fiji,1988,0.758697,4574.63818359375
FJI,Fiji,1989,0.766321,4653.48681640625
FJI,Fiji,1990,0.773316,5009.02587890625
FJI,Fiji,1991,0.779656,4882.77783203125
FJI,Fiji,1992,0.785346,5089.91748046875
FJI,Fiji,1993,0.790369,5168.1484375
FJI,Fiji,1994,0.794771,5390.75390625
FJI,Fiji,1995,0.798746,5515.35400390625
FJI,Fiji,1996,0.803789,5791.76806640625
FJI,Fiji,1997,0.812139,5560.91845703125
FJI,Fiji,1998,0.822258,5500.67724609375
FJI,Fiji,1999,0.831828,5829.66357421875
FJI,Fiji,2000,0.840909,5663.29931640625
FJI,Fiji,2001,0.849596,5674.30322265625
FJI,Fiji,2002,0.858049,5775.49462890625
FJI,Fiji,2003,0.866286,5730.58154296875
FJI,Fiji,2004,0.874366,5908.51806640625
FJI,Fiji,2005,0.882379,5868.1162109375
FJI,Fiji,2006,0.890365,6250.55859375
FJI,Fiji,2007,0.897832,6454.44287109375
FJI,Fiji,2008,0.903399,6816.01123046875
FJI,Fiji,2009,0.907239,7099.41845703125
FJI,Fiji,2010,0.910419,7722.458984375
FJI,Fiji,2011,0.912989,8443.548828125
FJI,Fiji,2012,0.914918,9059.0634765625
FJI,Fiji,2013,0.916352,9520.490234375
FJI,Fiji,2014,0.917585,11094.08203125
FJI,Fiji,2015,0.918578,12203.0224609375
FJI,Fiji,2016,0.919166,12251.896484375
FJI,Fiji,2017,0.918759,12738.455078125
FJI,Fiji,2018,0.91718,12828.4228515625
FJI,Fiji,2019,0.914899,12653.3095703125
FJI,Fiji,2020,0.914963,10480.625
FJI,Fiji,2021,0.916711,9568.5703125
FJI,Fiji,2022,0.919422,11447.31640625
FJI,Fiji,2023,0.924145,12670.822265625
FRA,France,1950,42.5903941539223,358704.78125
FRA,France,1951,42.9351446594794,374942.90625
FRA,France,1952,43.2574149253536,387427.625
FRA,France,1953,43.56940610832,406084.28125
FRA,France,1954,43.8965102180152,428467.78125
FRA,France,1955,44.2934700580594,452064.125
FRA,France,1956,44.7336899343862,475212.9375
FRA,France,1957,45.2294627130605,501723.09375
FRA,France,1958,45.7318729515901,517120.375
FRA,France,1959,46.2075193623552,535094.5625
FRA,France,1960,46.6636546216973,579026.625
FRA,France,1961,47.2085950434109,607742.125
FRA,France,1962,48.1709044433883,647667.125
FRA,France,1963,48.8824347901769,688960.75
FRA,France,1964,49.4413417724958,736215.1875
FRA,France,1965,49.886983960587,771066.9375
FRA,France,1966,50.3409029120902,812159.8125
FRA,France,1967,50.7370182624235,853268.5625
FRA,France,1968,51.1216814151824,890594.6875
FRA,France,1969,51.55829023822,954881.5625
FRA,France,1970,52.007169,1010720.1875
FRA,France,1971,52.499553,1071620.5
FRA,France,1972,52.962356,1131958.75
FRA,France,1973,53.392161,1219119
FRA,France,1974,53.746571,1249451.375
FRA,France,1975,54.002853,1253032.875
FRA,France,1976,54.232383,1313959.875
FRA,France,1977,54.486467,1365644.5
FRA,France,1978,54.73403,1439182.625
FRA,France,1979,54.979851,1499104.125
FRA,France,1980,55.274184,1512517.625
FRA,France,1981,55.603353,1467545.375
FRA,France,1982,55.951076,1465335
FRA,France,1983,56.284239,1451067.375
FRA,France,1984,56.600527,1432806.75
FRA,France,1985,56.921294,1422995.25
FRA,France,1986,57.237984,1493138.125
FRA,France,1987,57.565186,1536555.75
FRA,France,1988,57.910872,1624697.5
FRA,France,1989,58.26677,1697365.75
FRA,France,1990,58.604902,1752421.75
FRA,France,1991,58.919182,1770983.5
FRA,France,1992,59.235822,1801769.5
FRA,France,1993,59.515843,1795924.75
FRA,France,1994,59.747877,1844189.875
FRA,France,1995,59.973548,1889151
FRA,France,1996,60.195176,1921456.75
FRA,France,1997,60.416198,2038836.75
FRA,France,1998,60.657507,2174188.25
FRA,France,1999,60.987091,2257527.5
FRA,France,2000,61.404918,2387058.5
FRA,France,2001,61.843576,2474442
FRA,France,2002,62.281563,2516460.75
FRA,France,2003,62.710292,2397495.25
FRA,France,2004,63.156878,2467092.75
FRA,France,2005,63.617228,2519720.25
FRA,France,2006,64.060149,2614524.25
FRA,France,2007,64.470141,2775842
FRA,France,2008,64.842856,2820596.75
FRA,France,2009,65.186042,2796821.75
FRA,France,2010,65.510017,2870613.25
FRA,France,2011,65.836675,2977157.75
FRA,France,2012,66.16917,3002521.5
FRA,France,2013,66.513021,2978669
FRA,France,2014,66.841142,2989263.75
FRA,France,2015,67.080971,3062349.5
FRA,France,2016,67.260373,3121818.5
FRA,France,2017,67.469032,3189251
FRA,France,2018,67.706406,3241286.25
FRA,France,2019,67.917133,3547725.5
FRA,France,2020,68.104157,3354157.5
FRA,France,2021,68.291492,3491557.75
FRA,France,2022,68.48668,3534123.75
FRA,France,2023,68.655641,3569986.75
GAB,Gabon,1960,0.516439844165717,1656.44848632813
GAB,Gabon,1961,0.521629683660166,1771.00671386719
GAB,Gabon,1962,0.527623133691864,1998.32653808594
GAB,Gabon,1963,0.534218696346651,2422.82958984375
GAB,Gabon,1964,0.541438388351577,2684.61010742188
GAB,Gabon,1965,0.549305365229915,3037.49658203125
GAB,Gabon,1966,0.55756488171667,2746.65551757813
GAB,Gabon,1967,0.566231949216646,3145.67626953125
GAB,Gabon,1968,0.575320543865353,3174.62133789063
GAB,Gabon,1969,0.583321864189456,3381.69116210938
GAB,Gabon,1970,0.595846,3935.44897460938
GAB,Gabon,1971,0.608348,4402.01611328125
GAB,Gabon,1972,0.62096,4267.76904296875
GAB,Gabon,1973,0.633995,4910.181640625
GAB,Gabon,1974,0.647691,6488.99169921875
GAB,Gabon,1975,0.662197,6559.58349609375
GAB,Gabon,1976,0.677628,7967.61181640625
GAB,Gabon,1977,0.693984,7795.27490234375
GAB,Gabon,1978,0.711245,8823.4453125
GAB,Gabon,1979,0.729375,9744.1142578125
GAB,Gabon,1980,0.748389,11252.90234375
GAB,Gabon,1981,0.768385,11415.626953125
GAB,Gabon,1982,0.789286,10486.7529296875
GAB,Gabon,1983,0.811005,11605.8603515625
GAB,Gabon,1984,0.833501,11433.8525390625
GAB,Gabon,1985,0.856726,10504.1474609375
GAB,Gabon,1986,0.880705,8515.396484375
GAB,Gabon,1987,0.905479,7929.8916015625
GAB,Gabon,1988,0.93102,7423.27880859375
GAB,Gabon,1989,0.957138,10105.2861328125
GAB,Gabon,1990,0.983734,10111.337890625
GAB,Gabon,1991,1.010818,10870.44140625
GAB,Gabon,1992,1.03838,10428.12890625
GAB,Gabon,1993,1.066405,10364.2490234375
GAB,Gabon,1994,1.09472,11153.2275390625
GAB,Gabon,1995,1.123213,11456.845703125
GAB,Gabon,1996,1.152015,12782.6923828125
GAB,Gabon,1997,1.181439,11006.1220703125
GAB,Gabon,1998,1.211736,9897.9775390625
GAB,Gabon,1999,1.243016,11417.4267578125
GAB,Gabon,2000,1.275572,14651.95703125
GAB,Gabon,2001,1.309589,14430.8671875
GAB,Gabon,2002,1.345135,14850.0439453125
GAB,Gabon,2003,1.38235,16867.228515625
GAB,Gabon,2004,1.421609,20545.85546875
GAB,Gabon,2005,1.463495,29244.1171875
GAB,Gabon,2006,1.508337,27219.8515625
GAB,Gabon,2007,1.556237,26776.328125
GAB,Gabon,2008,1.607175,27571.11328125
GAB,Gabon,2009,1.661556,22492.845703125
GAB,Gabon,2010,1.719879,26671.734375
GAB,Gabon,2011,1.781985,31859.947265625
GAB,Gabon,2012,1.846889,31963.8984375
GAB,Gabon,2013,1.913059,32030.396484375
GAB,Gabon,2014,1.978399,33109.1484375
GAB,Gabon,2015,2.040989,33412.01953125
GAB,Gabon,2016,2.100306,33045.9296875
GAB,Gabon,2017,2.1569,35325.45703125
GAB,Gabon,2018,2.212318,36121.59375
GAB,Gabon,2019,2.267706,38382.2578125
GAB,Gabon,2020,2.322539,35411.79296875
GAB,Gabon,2021,2.376722,45156.4140625
GAB,Gabon,2022,2.430747,52044.609375
GAB,Gabon,2023,2.484789,48524.51171875
GBR,United Kingdom,1950,50.1556530972022,557527.875
GBR,United Kingdom,1951,50.3187482885271,565491.3125
GBR,United Kingdom,1952,50.4588277063044,572660.0625
GBR,United Kingdom,1953,50.6219190807514,606508.6875
GBR,United Kingdom,1954,50.7940182869683,629196.75
GBR,United Kingdom,1955,50.9751215080773,653489.5625
GBR,United Kingdom,1956,51.2132565182987,671433.9375
GBR,United Kingdom,1957,51.4593993382884,684438.625
GBR,United Kingdom,1958,51.6815263627289,692320.4375
GBR,United Kingdom,1959,51.9857009938327,716279
GBR,United Kingdom,1960,52.4019391591583,748998.875
GBR,United Kingdom,1961,52.8371853762696,769423.125
GBR,United Kingdom,1962,53.3224632284823,781562.4375
GBR,United Kingdom,1963,53.6556537651431,810494.6875
GBR,United Kingdom,1964,54.0218641122451,858418.6875
GBR,United Kingdom,1965,54.3810666715804,882906.5
GBR,United Kingdom,1966,54.674237243789,904063.875
GBR,United Kingdom,1967,54.9904159557895,926286.25
GBR,United Kingdom,1968,55.2455627906712,959480.6875
GBR,United Kingdom,1969,55.4927018157847,979589.9375
GBR,United Kingdom,1970,55.663801,1007798.25
GBR,United Kingdom,1971,55.890372,1027146.4375
GBR,United Kingdom,1972,56.079239,1063448.125
GBR,United Kingdom,1973,56.188791,1115246.375
GBR,United Kingdom,1974,56.22455,1045917.6875
GBR,United Kingdom,1975,56.220143,1045515.75
GBR,United Kingdom,1976,56.201138,1092530.375
GBR,United Kingdom,1977,56.175829,1147327.625
GBR,United Kingdom,1978,56.175556,1236602.5
GBR,United Kingdom,1979,56.218763,1312295.25
GBR,United Kingdom,1980,56.282103,1342998.25
GBR,United Kingdom,1981,56.304592,1316130.875
GBR,United Kingdom,1982,56.292755,1317350.875
GBR,United Kingdom,1983,56.332058,1348269.5
GBR,United Kingdom,1984,56.451313,1360356.75
GBR,United Kingdom,1985,56.606414,1398120.125
GBR,United Kingdom,1986,56.751923,1441136
GBR,United Kingdom,1987,56.886024,1524245
GBR,United Kingdom,1988,57.026546,1620371.75
GBR,United Kingdom,1989,57.182136,1679416
GBR,United Kingdom,1990,57.367862,1719683.625
GBR,United Kingdom,1991,57.555192,1701407.25
GBR,United Kingdom,1992,57.719272,1721071.25
GBR,United Kingdom,1993,57.861037,1787172.875
GBR,United Kingdom,1994,58.003203,1859115.125
GBR,United Kingdom,1995,58.154635,2064254
GBR,United Kingdom,1996,58.298565,2176894.75
GBR,United Kingdom,1997,58.447089,2326853.75
GBR,United Kingdom,1998,58.626819,2430664
GBR,United Kingdom,1999,58.838657,2532114.75
GBR,United Kingdom,2000,59.057338,2676896
GBR,United Kingdom,2001,59.28809,2763034.75
GBR,United Kingdom,2002,59.540763,2766567.5
GBR,United Kingdom,2003,59.820385,2785531.5
GBR,United Kingdom,2004,60.169967,2889667.5
GBR,United Kingdom,2005,60.596108,2920621
GBR,United Kingdom,2006,61.051094,3009524
GBR,United Kingdom,2007,61.535855,3051907.5
GBR,United Kingdom,2008,62.027306,3020880.75
GBR,United Kingdom,2009,62.506226,2885490
GBR,United Kingdom,2010,63.006483,2833145
GBR,United Kingdom,2011,63.509285,2847354
GBR,United Kingdom,2012,63.960484,2931476
GBR,United Kingdom,2013,64.389388,2972857.25
GBR,United Kingdom,2014,64.865916,3035732.75
GBR,United Kingdom,2015,65.38211,3193091.75
GBR,United Kingdom,2016,65.893358,3268272
GBR,United Kingdom,2017,66.354471,3363929.75
GBR,United Kingdom,2018,66.752475,3344201.25
GBR,United Kingdom,2019,67.110958,3504372.25
GBR,United Kingdom,2020,67.351861,3305258
GBR,United Kingdom,2021,67.668792,3464994.75
GBR,United Kingdom,2022,68.179315,3576412.25
GBR,United Kingdom,2023,68.682962,3606369.25
GEO,Georgia,1990,5.448868,72321.1328125
GEO,Georgia,1991,5.37951,61518.359375
GEO,Georgia,1992,5.294187,26695.666015625
GEO,Georgia,1993,5.17878,15610.84375
GEO,Georgia,1994,5.046271,13967.57421875
GEO,Georgia,1995,4.925743,14335.685546875
GEO,Georgia,1996,4.812775,16131.931640625
GEO,Georgia,1997,4.695356,17410.44921875
GEO,Georgia,1998,4.576451,17082.00390625
GEO,Georgia,1999,4.455583,17262.484375
GEO,Georgia,2000,4.328358,17371.82421875
GEO,Georgia,2001,4.209636,18278.7578125
GEO,Georgia,2002,4.127846,19678.021484375
GEO,Georgia,2003,4.085483,21557.833984375
GEO,Georgia,2004,4.056073,23096.3125
GEO,Georgia,2005,4.026131,25398.140625
GEO,Georgia,2006,3.996591,28730.236328125
GEO,Georgia,2007,3.96759,32731.33203125
GEO,Georgia,2008,3.941195,35069.3671875
GEO,Georgia,2009,3.918941,35848.95703125
GEO,Georgia,2010,3.895925,37697.671875
GEO,Georgia,2011,3.868724,40828.6640625
GEO,Georgia,2012,3.839208,42996.44140625
GEO,Georgia,2013,3.809125,44616.65234375
GEO,Georgia,2014,3.792916,46769.95703125
GEO,Georgia,2015,3.791573,49344.7578125
GEO,Georgia,2016,3.792057,52185.59765625
GEO,Georgia,2017,3.792859,56878.875
GEO,Georgia,2018,3.794877,59495.94140625
GEO,Georgia,2019,3.796722,64653.0390625
GEO,Georgia,2020,3.795678,62462.86328125
GEO,Georgia,2021,3.788451,66424.8515625
GEO,Georgia,2022,3.794784,73009.109375
GEO,Georgia,2023,3.807492,80443.265625
GHA,Ghana,1955,6.1427991785154,25541.6015625
GHA,Ghana,1956,6.31348971275186,25581.923828125
GHA,Ghana,1957,6.49081755307314,24916.79296875
GHA,Ghana,1958,6.67507422569132,27436.802734375
GHA,Ghana,1959,6.86657159585658,30920.673828125
GHA,Ghana,1960,7.06664235482423,33167.4921875
GHA,Ghana,1961,7.26490778203322,31905.701171875
GHA,Ghana,1962,7.46978920776335,32470.87109375
GHA,Ghana,1963,7.68162852155904,35357.56640625
GHA,Ghana,1964,7.90299715894564,38345.30078125
GHA,Ghana,1965,8.13433289350411,37041.50390625
GHA,Ghana,1966,8.37388511517341,37109.21484375
GHA,Ghana,1967,8.62242912871363,35002.67578125
GHA,Ghana,1968,8.88047437860173,35945.03125
GHA,Ghana,1969,9.14934387083682,38872.3515625
GHA,Ghana,1970,8.925813,43005.44921875
GHA,Ghana,1971,9.176264,43918.40625
GHA,Ghana,1972,9.438187,38164.6796875
GHA,Ghana,1973,9.714617,43239.34375
GHA,Ghana,1974,10.000523,47826.64453125
GHA,Ghana,1975,10.294308,42947.6640625
GHA,Ghana,1976,10.594913,38724.0703125
GHA,Ghana,1977,10.911871,44963.0625
GHA,Ghana,1978,11.24845,45125.80078125
GHA,Ghana,1979,11.597255,42484.3125
GHA,Ghana,1980,11.941448,42906.5859375
GHA,Ghana,1981,12.281712,40373.203125
GHA,Ghana,1982,12.643819,34283.05859375
GHA,Ghana,1983,13.029836,34094.125
GHA,Ghana,1984,13.37059,37081.2734375
GHA,Ghana,1985,13.661229,39952.38671875
GHA,Ghana,1986,13.965217,41007.8046875
GHA,Ghana,1987,14.289108,42023.75390625
GHA,Ghana,1988,14.636568,46092.0390625
GHA,Ghana,1989,15.006813,45817.203125
GHA,Ghana,1990,15.394648,47618.24609375
GHA,Ghana,1991,15.787496,51994.31640625
GHA,Ghana,1992,16.184855,49499.68359375
GHA,Ghana,1993,16.589519,47549.0390625
GHA,Ghana,1994,16.99319,50435.4140625
GHA,Ghana,1995,17.399017,52278.828125
GHA,Ghana,1996,17.810181,53799.26171875
GHA,Ghana,1997,18.238958,56438.12890625
GHA,Ghana,1998,18.688036,57133.2265625
GHA,Ghana,1999,19.149864,60243.84765625
GHA,Ghana,2000,19.637087,68437.171875
GHA,Ghana,2001,20.167069,63920.546875
GHA,Ghana,2002,20.729388,65687.9453125
GHA,Ghana,2003,21.296705,71433.8046875
GHA,Ghana,2004,21.868298,75610
GHA,Ghana,2005,22.449438,77223.1484375
GHA,Ghana,2006,23.040702,81418.515625
GHA,Ghana,2007,23.642279,96344.9609375
GHA,Ghana,2008,24.249946,106086.265625
GHA,Ghana,2009,24.862664,105146.640625
GHA,Ghana,2010,25.474995,116329.28125
GHA,Ghana,2011,26.095088,137813.890625
GHA,Ghana,2012,26.734268,151976.03125
GHA,Ghana,2013,27.386193,161783.765625
GHA,Ghana,2014,28.041592,171536.25
GHA,Ghana,2015,28.696068,162492.0625
GHA,Ghana,2016,29.356742,163269.3125
GHA,Ghana,2017,30.008354,172921.890625
GHA,Ghana,2018,30.637585,182996.8125
GHA,Ghana,2019,31.258945,198339.96875
GHA,Ghana,2020,31.887809,196101.234375
GHA,Ghana,2021,32.518665,205450.015625
GHA,Ghana,2022,33.149152,217843.65625
GHA,Ghana,2023,33.787914,225386.609375
GIN,Guinea,1959,3.49176289597545,10995.6904296875
GIN,Guinea,1960,3.55282121721006,12097.55859375
GIN,Guinea,1961,3.61634617940813,12584.6591796875
GIN,Guinea,1962,3.68202315428518,12936.462890625
GIN,Guinea,1963,3.74956690498898,14292.443359375
GIN,Guinea,1964,3.81906336646912,13079.5439453125
GIN,Guinea,1965,3.89050050223429,13597.4521484375
GIN,Guinea,1966,3.96388391065254,13563.3310546875
GIN,Guinea,1967,4.03920015564056,13597.0712890625
GIN,Guinea,1968,4.11651809712536,13706.80859375
GIN,Guinea,1969,4.1959399053239,13471.076171875
GIN,Guinea,1970,4.277535,12971.1767578125
GIN,Guinea,1971,4.3552,13675.1923828125
GIN,Guinea,1972,4.431292,13998.7822265625
GIN,Guinea,1973,4.506324,14226.69140625
GIN,Guinea,1974,4.58051,14961.7919921875
GIN,Guinea,1975,4.653876,15448.537109375
GIN,Guinea,1976,4.727022,16641.6640625
GIN,Guinea,1977,4.801128,16054.4736328125
GIN,Guinea,1978,4.877854,17120.94140625
GIN,Guinea,1979,4.959283,16901.02734375
GIN,Guinea,1980,5.047419,17707.2890625
GIN,Guinea,1981,5.143288,17321.8203125
GIN,Guinea,1982,5.247672,17645.966796875
GIN,Guinea,1983,5.359814,17832.80078125
GIN,Guinea,1984,5.480096,18147.279296875
GIN,Guinea,1985,5.610373,19070.421875
GIN,Guinea,1986,5.750668,19451.271484375
GIN,Guinea,1987,5.900198,20039.525390625
GIN,Guinea,1988,6.056574,21214.576171875
GIN,Guinea,1989,6.215811,22058.107421875
GIN,Guinea,1990,6.434374,22342.640625
GIN,Guinea,1991,6.697166,23285.353515625
GIN,Guinea,1992,6.914366,23099.5703125
GIN,Guinea,1993,7.128177,24179.546875
GIN,Guinea,1994,7.345107,25569.158203125
GIN,Guinea,1995,7.553249,26961.037109375
GIN,Guinea,1996,7.770035,29632.12109375
GIN,Guinea,1997,7.93137,27240.623046875
GIN,Guinea,1998,8.08199,27217.91015625
GIN,Guinea,1999,8.265123,25569.728515625
GIN,Guinea,2000,8.428832,23975.173828125
GIN,Guinea,2001,8.53996,22394.693359375
GIN,Guinea,2002,8.674066,21251.646484375
GIN,Guinea,2003,8.870781,19118.5
GIN,Guinea,2004,9.062726,18527.642578125
GIN,Guinea,2005,9.245844,18090.412109375
GIN,Guinea,2006,9.441171,18734.123046875
GIN,Guinea,2007,9.662281,19324.720703125
GIN,Guinea,2008,9.89887,19651.689453125
GIN,Guinea,2009,10.143534,18974.876953125
GIN,Guinea,2010,10.396086,21555.1484375
GIN,Guinea,2011,10.65681,22081.1171875
GIN,Guinea,2012,10.921581,23642.7421875
GIN,Guinea,2013,11.191873,24041.56640625
GIN,Guinea,2014,11.472924,24532.61328125
GIN,Guinea,2015,11.76707,25745.6953125
GIN,Guinea,2016,12.07303,27301.583984375
GIN,Guinea,2017,12.385659,35497.44140625
GIN,Guinea,2018,12.704774,39044.65625
GIN,Guinea,2019,13.034346,43164.19140625
GIN,Guinea,2020,13.371183,43416.78125
GIN,Guinea,2021,13.710513,49483.1171875
GIN,Guinea,2022,14.055137,49147.92578125
GIN,Guinea,2023,14.405468,52422.00390625
GMB,Gambia,1960,0.380660206988619,1061.22229003906
GMB,Gambia,1961,0.392254604444874,984.859008789063
GMB,Gambia,1962,0.404527123172188,991.672912597656
GMB,Gambia,1963,0.417527531173341,1050.77368164063
GMB,Gambia,1964,0.431309915694879,1168.09790039063
GMB,Gambia,1965,0.445547658101969,1307.01550292969
GMB,Gambia,1966,0.460255843514625,1342.38232421875
GMB,Gambia,1967,0.475448590057988,1360.47241210938
GMB,Gambia,1968,0.491144270634639,1392.49768066406
GMB,Gambia,1969,0.507356938903395,1398.02502441406
GMB,Gambia,1970,0.524105,1591.04528808594
GMB,Gambia,1971,0.539388,1584.25537109375
GMB,Gambia,1972,0.55537,1620.73425292969
GMB,Gambia,1973,0.571991,1765.16271972656
GMB,Gambia,1974,0.589085,1880.67907714844
GMB,Gambia,1975,0.606821,1989.8955078125
GMB,Gambia,1976,0.625667,1942.55187988281
GMB,Gambia,1977,0.64577,1967.31848144531
GMB,Gambia,1978,0.667103,2079.97192382813
GMB,Gambia,1979,0.689781,2012.82421875
GMB,Gambia,1980,0.713913,2003.83410644531
GMB,Gambia,1981,0.739125,2380.13916015625
GMB,Gambia,1982,0.765753,2551.650390625
GMB,Gambia,1983,0.794525,2448.81469726563
GMB,Gambia,1984,0.825631,2524.22119140625
GMB,Gambia,1985,0.858874,2615.98193359375
GMB,Gambia,1986,0.894019,2669.01049804688
GMB,Gambia,1987,0.931091,2705.06005859375
GMB,Gambia,1988,0.97016,2801.55615234375
GMB,Gambia,1989,1.011357,2912.07250976563
GMB,Gambia,1990,1.054696,3022.85864257813
GMB,Gambia,1991,1.099959,3090.69750976563
GMB,Gambia,1992,1.145582,3161.6865234375
GMB,Gambia,1993,1.188365,3284.06909179688
GMB,Gambia,1994,1.227226,3324.55859375
GMB,Gambia,1995,1.264313,3336.99340820313
GMB,Gambia,1996,1.30141,3460.98828125
GMB,Gambia,1997,1.338889,3515.91918945313
GMB,Gambia,1998,1.376987,3623.6318359375
GMB,Gambia,1999,1.415779,3876.29931640625
GMB,Gambia,2000,1.455084,4132.4248046875
GMB,Gambia,2001,1.495011,4236.353515625
GMB,Gambia,2002,1.535691,3934.30444335938
GMB,Gambia,2003,1.577611,4197.53173828125
GMB,Gambia,2004,1.621312,4991.146484375
GMB,Gambia,2005,1.667037,5165.41015625
GMB,Gambia,2006,1.715275,4919.470703125
GMB,Gambia,2007,1.765774,5080.54931640625
GMB,Gambia,2008,1.817852,5049.95751953125
GMB,Gambia,2009,1.871422,5336.5673828125
GMB,Gambia,2010,1.92663,5599.8544921875
GMB,Gambia,2011,1.983784,4935.03271484375
GMB,Gambia,2012,2.043094,5064.82275390625
GMB,Gambia,2013,2.10382,4890.7685546875
GMB,Gambia,2014,2.164528,4602.5634765625
GMB,Gambia,2015,2.224529,4829.49755859375
GMB,Gambia,2016,2.283769,4916.25341796875
GMB,Gambia,2017,2.342189,4883.88916015625
GMB,Gambia,2018,2.399632,5534.79541015625
GMB,Gambia,2019,2.456844,6019.1298828125
GMB,Gambia,2020,2.515733,5990.12548828125
GMB,Gambia,2021,2.57601,6432.12255859375
GMB,Gambia,2022,2.63647,6693.50048828125
GMB,Gambia,2023,2.697845,7020.673828125
GNB,Guinea-Bissau,1960,0.581256770501439,782.041137695313
GNB,Guinea-Bissau,1961,0.586335277728894,796.12353515625
GNB,Guinea-Bissau,1962,0.59175497012375,792.21142578125
GNB,Guinea-Bissau,1963,0.597522477004259,875.770690917969
GNB,Guinea-Bissau,1964,0.575226281936654,904.247375488281
GNB,Guinea-Bissau,1965,0.569095904152762,931.302062988281
GNB,Guinea-Bissau,1966,0.563752561279148,845.563537597656
GNB,Guinea-Bissau,1967,0.56674614791589,957.412658691406
GNB,Guinea-Bissau,1968,0.576051969143189,996.144653320313
GNB,Guinea-Bissau,1969,0.580377374580918,1108.78930664063
GNB,Guinea-Bissau,1970,0.584403,1208.44958496094
GNB,Guinea-Bissau,1971,0.586221,1171.74621582031
GNB,Guinea-Bissau,1972,0.58662,1245.61401367188
GNB,Guinea-Bissau,1973,0.592808,1273.27490234375
GNB,Guinea-Bissau,1974,0.613338,1330.46301269531
GNB,Guinea-Bissau,1975,0.650966,1438.72814941406
GNB,Guinea-Bissau,1976,0.694191,1554.27587890625
GNB,Guinea-Bissau,1977,0.741789,1309.17492675781
GNB,Guinea-Bissau,1978,0.791694,1536.51745605469
GNB,Guinea-Bissau,1979,0.819867,1572.20092773438
GNB,Guinea-Bissau,1980,0.829303,1470.57666015625
GNB,Guinea-Bissau,1981,0.842432,1340.16528320313
GNB,Guinea-Bissau,1982,0.855891,1385.04418945313
GNB,Guinea-Bissau,1983,0.869592,1355.25988769531
GNB,Guinea-Bissau,1984,0.883519,1373.52172851563
GNB,Guinea-Bissau,1985,0.897697,1195.46704101563
GNB,Guinea-Bissau,1986,0.912126,1482.91345214844
GNB,Guinea-Bissau,1987,0.926862,1517.30932617188
GNB,Guinea-Bissau,1988,0.942061,1593.22106933594
GNB,Guinea-Bissau,1989,0.957789,1656.16625976563
GNB,Guinea-Bissau,1990,0.973669,1734.93591308594
GNB,Guinea-Bissau,1991,0.994639,1802.92883300781
GNB,Guinea-Bissau,1992,1.024356,1576.85498046875
GNB,Guinea-Bissau,1993,1.058745,1765.58203125
GNB,Guinea-Bissau,1994,1.092031,1959.28173828125
GNB,Guinea-Bissau,1995,1.119949,2000.44030761719
GNB,Guinea-Bissau,1996,1.143535,2054.82934570313
GNB,Guinea-Bissau,1997,1.165545,2365.55688476563
GNB,Guinea-Bissau,1998,1.187473,2020.81481933594
GNB,Guinea-Bissau,1999,1.210206,2384.65356445313
GNB,Guinea-Bissau,2000,1.234741,2324.916015625
GNB,Guinea-Bissau,2001,1.261273,2344.23071289063
GNB,Guinea-Bissau,2002,1.289307,2300.439453125
GNB,Guinea-Bissau,2003,1.318806,2286.5634765625
GNB,Guinea-Bissau,2004,1.349563,2363.41088867188
GNB,Guinea-Bissau,2005,1.381585,2355.26416015625
GNB,Guinea-Bissau,2006,1.415303,2269.69165039063
GNB,Guinea-Bissau,2007,1.450986,2319.146484375
GNB,Guinea-Bissau,2008,1.488054,2349.00610351563
GNB,Guinea-Bissau,2009,1.526377,2299.01806640625
GNB,Guinea-Bissau,2010,1.566347,2409.87841796875
GNB,Guinea-Bissau,2011,1.608076,2726.48193359375
GNB,Guinea-Bissau,2012,1.651417,2663.72094726563
GNB,Guinea-Bissau,2013,1.695973,2701.5791015625
GNB,Guinea-Bissau,2014,1.741122,2783.44775390625
GNB,Guinea-Bissau,2015,1.786457,3304.78979492188
GNB,Guinea-Bissau,2016,1.831893,3628.373046875
GNB,Guinea-Bissau,2017,1.877072,3944.2294921875
GNB,Guinea-Bissau,2018,1.922168,3876.01879882813
GNB,Guinea-Bissau,2019,1.967696,3977.46313476563
GNB,Guinea-Bissau,2020,2.013255,3933.34545898438
GNB,Guinea-Bissau,2021,2.058841,4163.86376953125
GNB,Guinea-Bissau,2022,2.105529,4439.8330078125
GNB,Guinea-Bissau,2023,2.153339,4595.5771484375
GNQ,Equatorial Guinea,1960,0.28928674919969,417.517700195313
GNQ,Equatorial Guinea,1961,0.294222727667654,426.918334960938
GNQ,Equatorial Guinea,1962,0.295636739491055,436.720306396484
GNQ,Equatorial Guinea,1963,0.29705904158054,574.301696777344
GNQ,Equatorial Guinea,1964,0.298487300641604,549.196044921875
GNQ,Equatorial Guinea,1965,0.299922665645026,497.547241210938
GNQ,Equatorial Guinea,1966,0.304093500279857,574.455444335938
GNQ,Equatorial Guinea,1967,0.308263168267434,618.443908691406
GNQ,Equatorial Guinea,1968,0.312430467607559,692.721130371094
GNQ,Equatorial Guinea,1969,0.316607241537495,723.240478515625
GNQ,Equatorial Guinea,1970,0.320803,583.103271484375
GNQ,Equatorial Guinea,1971,0.31594,645.506896972656
GNQ,Equatorial Guinea,1972,0.309468,620.116088867188
GNQ,Equatorial Guinea,1973,0.302281,633.439392089844
GNQ,Equatorial Guinea,1974,0.294953,644.884033203125
GNQ,Equatorial Guinea,1975,0.287901,742.28662109375
GNQ,Equatorial Guinea,1976,0.281031,761.110412597656
GNQ,Equatorial Guinea,1977,0.276779,815.365966796875
GNQ,Equatorial Guinea,1978,0.276531,582.076232910156
GNQ,Equatorial Guinea,1979,0.279846,581.585144042969
GNQ,Equatorial Guinea,1980,0.288644,557.841918945313
GNQ,Equatorial Guinea,1981,0.303252,527.974304199219
GNQ,Equatorial Guinea,1982,0.322216,549.653747558594
GNQ,Equatorial Guinea,1983,0.343421,907.275512695313
GNQ,Equatorial Guinea,1984,0.364899,924.475708007813
GNQ,Equatorial Guinea,1985,0.385547,1019.13159179688
GNQ,Equatorial Guinea,1986,0.404728,886.715698242188
GNQ,Equatorial Guinea,1987,0.422522,979.680603027344
GNQ,Equatorial Guinea,1988,0.439651,1005.57733154297
GNQ,Equatorial Guinea,1989,0.456808,1116.79516601563
GNQ,Equatorial Guinea,1990,0.474274,987.9658203125
GNQ,Equatorial Guinea,1991,0.492217,987.151184082031
GNQ,Equatorial Guinea,1992,0.51077,1178.14318847656
GNQ,Equatorial Guinea,1993,0.530023,1229.10302734375
GNQ,Equatorial Guinea,1994,0.550138,836.171936035156
GNQ,Equatorial Guinea,1995,0.571264,976.974609375
GNQ,Equatorial Guinea,1996,0.593492,1522.84545898438
GNQ,Equatorial Guinea,1997,0.616893,3842.95678710938
GNQ,Equatorial Guinea,1998,0.641474,3106.34814453125
GNQ,Equatorial Guinea,1999,0.667214,4839.66357421875
GNQ,Equatorial Guinea,2000,0.703279,7435.9873046875
GNQ,Equatorial Guinea,2001,0.749836,10539.06640625
GNQ,Equatorial Guinea,2002,0.797957,9271.0498046875
GNQ,Equatorial Guinea,2003,0.847862,9866.0556640625
GNQ,Equatorial Guinea,2004,0.899917,13278.91015625
GNQ,Equatorial Guinea,2005,0.947367,19741.306640625
GNQ,Equatorial Guinea,2006,0.990343,19217.115234375
GNQ,Equatorial Guinea,2007,1.036044,22267.4453125
GNQ,Equatorial Guinea,2008,1.08453,32817.5859375
GNQ,Equatorial Guinea,2009,1.135673,25450.099609375
GNQ,Equatorial Guinea,2010,1.189085,30412.875
GNQ,Equatorial Guinea,2011,1.241835,43832.765625
GNQ,Equatorial Guinea,2012,1.293483,48013.0078125
GNQ,Equatorial Guinea,2013,1.346218,45237.6796875
GNQ,Equatorial Guinea,2014,1.399828,45344.91796875
GNQ,Equatorial Guinea,2015,1.453923,35292.875
GNQ,Equatorial Guinea,2016,1.508186,32017.666015625
GNQ,Equatorial Guinea,2017,1.562396,37166.46875
GNQ,Equatorial Guinea,2018,1.616422,37284.8046875
GNQ,Equatorial Guinea,2019,1.670177,34029.6796875
GNQ,Equatorial Guinea,2020,1.716468,28286.703125
GNQ,Equatorial Guinea,2021,1.758786,33880.25390625
GNQ,Equatorial Guinea,2022,1.803545,40265.8515625
GNQ,Equatorial Guinea,2023,1.847549,34720.859375
GRC,Greece,1951,7.60724316773683,30706.484375
GRC,Greece,1952,7.6936466598468,30123.673828125
GRC,Greece,1953,7.77706193670426,33659.0625
GRC,Greece,1954,7.85298841121593,34512.5546875
GRC,Greece,1955,7.92474495207629,37034.83984375
GRC,Greece,1956,7.98988415454052,40238.19921875
GRC,Greece,1957,8.054755798122,43179.9609375
GRC,Greece,1958,8.13127289463548,45433.046875
GRC,Greece,1959,8.21586988989173,47036.4765625
GRC,Greece,1960,8.28475871187586,47725.80859375
GRC,Greece,1961,8.35504225569557,54239.11328125
GRC,Greece,1962,8.4049676046675,53655.0859375
GRC,Greece,1963,8.4361989370907,60537.48046875
GRC,Greece,1964,8.46684581464947,65100.328125
GRC,Greece,1965,8.50654510107447,72094.7734375
GRC,Greece,1966,8.56953908852491,78077.390625
GRC,Greece,1967,8.6718025603653,82487.0390625
GRC,Greece,1968,8.69600145860796,87779.5234375
GRC,Greece,1969,8.72783717049325,97949.328125
GRC,Greece,1970,8.747776,106808.34375
GRC,Greece,1971,8.787038,114971.609375
GRC,Greece,1972,8.849378,126252.9375
GRC,Greece,1973,8.8934,136165.109375
GRC,Greece,1974,8.929114,126375.7578125
GRC,Greece,1975,9.016967,132589.390625
GRC,Greece,1976,9.160209,141501.09375
GRC,Greece,1977,9.282021,145947.21875
GRC,Greece,1978,9.389967,156636.1875
GRC,Greece,1979,9.526004,160795.296875
GRC,Greece,1980,9.653414,161439.890625
GRC,Greece,1981,9.754402,162637.34375
GRC,Greece,1982,9.83747,158373.796875
GRC,Greece,1983,9.911493,157661.34375
GRC,Greece,1984,9.978782,160298.421875
GRC,Greece,1985,10.037037,165360.25
GRC,Greece,1986,10.088763,173057.3125
GRC,Greece,1987,10.134534,173129.90625
GRC,Greece,1988,10.177006,186401.328125
GRC,Greece,1989,10.218039,196452.71875
GRC,Greece,1990,10.258487,201886.96875
GRC,Greece,1991,10.306644,215936.265625
GRC,Greece,1992,10.359895,222489.890625
GRC,Greece,1993,10.412751,226138.8125
GRC,Greece,1994,10.46626,239026.90625
GRC,Greece,1995,10.519235,251743.390625
GRC,Greece,1996,10.57008,258697.453125
GRC,Greece,1997,10.622325,277671.5
GRC,Greece,1998,10.675409,290930.4375
GRC,Greece,1999,10.727951,296161.59375
GRC,Greece,2000,10.782635,303814.1875
GRC,Greece,2001,10.843164,324563.375
GRC,Greece,2002,10.890285,347823.28125
GRC,Greece,2003,10.918471,353123.9375
GRC,Greece,2004,10.947365,374236.53125
GRC,Greece,2005,10.981334,360128.84375
GRC,Greece,2006,11.016103,392960.96875
GRC,Greece,2007,11.045737,410984.375
GRC,Greece,2008,11.076872,426876.21875
GRC,Greece,2009,11.108069,419766.375
GRC,Greece,2010,11.12467,391669.5625
GRC,Greece,2011,11.108844,346178.09375
GRC,Greece,2012,11.048298,324586.25
GRC,Greece,2013,10.96754,317513.34375
GRC,Greece,2014,10.893166,318466
GRC,Greece,2015,10.820903,319864.34375
GRC,Greece,2016,10.775504,318097.875
GRC,Greece,2017,10.753533,322666.78125
GRC,Greece,2018,10.730844,323956.90625
GRC,Greece,2019,10.718576,343394.78125
GRC,Greece,2020,10.699369,310072.53125
GRC,Greece,2021,10.579561,336453.84375
GRC,Greece,2022,10.41248,355333.5625
GRC,Greece,2023,10.242908,378671.03125
GRD,Grenada,1970,0.098414,198.547027587891
GRD,Grenada,1971,0.098648,212.288543701172
GRD,Grenada,1972,0.098777,231.701385498047
GRD,Grenada,1973,0.098709,245.117538452148
GRD,Grenada,1974,0.098486,263.238525390625
GRD,Grenada,1975,0.098126,289.351379394531
GRD,Grenada,1976,0.097632,312.339172363281
GRD,Grenada,1977,0.097017,308.931671142578
GRD,Grenada,1978,0.096305,330.578918457031
GRD,Grenada,1979,0.09549,338.861450195313
GRD,Grenada,1980,0.094538,315.976745605469
GRD,Grenada,1981,0.094052,305.365417480469
GRD,Grenada,1982,0.094383,321.134582519531
GRD,Grenada,1983,0.094948,333.460021972656
GRD,Grenada,1984,0.095498,362.793701171875
GRD,Grenada,1985,0.096111,390.884246826172
GRD,Grenada,1986,0.09679,392.8583984375
GRD,Grenada,1987,0.097526,445.884002685547
GRD,Grenada,1988,0.098308,457.803619384766
GRD,Grenada,1989,0.099121,509.277862548828
GRD,Grenada,1990,0.099957,539.002014160156
GRD,Grenada,1991,0.100793,548.632568359375
GRD,Grenada,1992,0.101602,635.312438964844
GRD,Grenada,1993,0.102382,632.006652832031
GRD,Grenada,1994,0.103138,666.982543945313
GRD,Grenada,1995,0.103869,676.574035644531
GRD,Grenada,1996,0.104584,746.391235351563
GRD,Grenada,1997,0.105293,762.379272460938
GRD,Grenada,1998,0.106009,841.206909179688
GRD,Grenada,1999,0.106727,878.782531738281
GRD,Grenada,2000,0.107451,907.516357421875
GRD,Grenada,2001,0.107987,913.596862792969
GRD,Grenada,2002,0.108404,954.223510742188
GRD,Grenada,2003,0.108884,1041.69519042969
GRD,Grenada,2004,0.109323,1061.35607910156
GRD,Grenada,2005,0.109734,1201.06164550781
GRD,Grenada,2006,0.110135,1189.04333496094
GRD,Grenada,2007,0.110522,1295.0146484375
GRD,Grenada,2008,0.110896,1344.95092773438
GRD,Grenada,2009,0.111254,1290.57751464844
GRD,Grenada,2010,0.111586,1314.45495605469
GRD,Grenada,2011,0.112079,1355.38427734375
GRD,Grenada,2012,0.112775,1386.44763183594
GRD,Grenada,2013,0.113487,1423.29663085938
GRD,Grenada,2014,0.114132,1541.79174804688
GRD,Grenada,2015,0.114676,1668.84020996094
GRD,Grenada,2016,0.11513,1739.02270507813
GRD,Grenada,2017,0.115438,1811.55944824219
GRD,Grenada,2018,0.115691,1900.06677246094
GRD,Grenada,2019,0.115981,1956.1962890625
GRD,Grenada,2020,0.116341,1680.45349121094
GRD,Grenada,2021,0.116688,1727.40380859375
GRD,Grenada,2022,0.116913,1854.25341796875
GRD,Grenada,2023,0.117081,1894.70788574219
GTM,Guatemala,1950,3.04385123633146,8456.4072265625
GTM,Guatemala,1951,3.14310061275243,8547.5751953125
GTM,Guatemala,1952,3.24560728075945,8748.98046875
GTM,Guatemala,1953,3.35167335744696,9115.0556640625
GTM,Guatemala,1954,3.46143939081601,9412.478515625
GTM,Guatemala,1955,3.57497211061318,9482.169921875
GTM,Guatemala,1956,3.69238859943412,10252.2841796875
GTM,Guatemala,1957,3.81382256120332,10685.896484375
GTM,Guatemala,1958,3.9395164717765,11012.6708984375
GTM,Guatemala,1959,4.06970498520758,11592.646484375
GTM,Guatemala,1960,4.20311168121573,11880.4404296875
GTM,Guatemala,1961,4.33842298596157,12316.205078125
GTM,Guatemala,1962,4.47701749201193,12793.39453125
GTM,Guatemala,1963,4.62002642745177,13748.8154296875
GTM,Guatemala,1964,4.76741606076083,14412.2958984375
GTM,Guatemala,1965,4.86532106499785,14869.927734375
GTM,Guatemala,1966,4.96490384572044,15647.5908203125
GTM,Guatemala,1967,5.06686005442596,16098.8681640625
GTM,Guatemala,1968,5.172123418704,17357.642578125
GTM,Guatemala,1969,5.28109089499578,18346.70703125
GTM,Guatemala,1970,5.396966,19781.44140625
GTM,Guatemala,1971,5.538355,20381.62890625
GTM,Guatemala,1972,5.682833,21714.78125
GTM,Guatemala,1973,5.831631,23140.58203125
GTM,Guatemala,1974,5.981197,23629.51171875
GTM,Guatemala,1975,6.128731,24307.671875
GTM,Guatemala,1976,6.262404,25682.779296875
GTM,Guatemala,1977,6.401515,29018.138671875
GTM,Guatemala,1978,6.561534,29480.59375
GTM,Guatemala,1979,6.727797,30561.4296875
GTM,Guatemala,1980,6.900212,31767.525390625
GTM,Guatemala,1981,7.075648,31916.73828125
GTM,Guatemala,1982,7.240241,31573.826171875
GTM,Guatemala,1983,7.419642,31851.568359375
GTM,Guatemala,1984,7.630682,32452.048828125
GTM,Guatemala,1985,7.849693,32222.6484375
GTM,Guatemala,1986,8.070818,33978.54296875
GTM,Guatemala,1987,8.296485,33573.9453125
GTM,Guatemala,1988,8.532099,35338.69140625
GTM,Guatemala,1989,8.775546,36941.67578125
GTM,Guatemala,1990,9.024773,38666.7578125
GTM,Guatemala,1991,9.272584,41282.9765625
GTM,Guatemala,1992,9.522266,42198.6484375
GTM,Guatemala,1993,9.779761,44841.828125
GTM,Guatemala,1994,10.043718,47934.73828125
GTM,Guatemala,1995,10.312996,51166.50390625
GTM,Guatemala,1996,10.583526,53183.1796875
GTM,Guatemala,1997,10.857754,56393.67578125
GTM,Guatemala,1998,11.139145,60015.0859375
GTM,Guatemala,1999,11.422965,62479.53125
GTM,Guatemala,2000,11.697592,65440.703125
GTM,Guatemala,2001,11.969422,68310.4921875
GTM,Guatemala,2002,12.246915,71787.9765625
GTM,Guatemala,2003,12.525842,74280.125
GTM,Guatemala,2004,12.807402,77283.265625
GTM,Guatemala,2005,13.087629,80534.4375
GTM,Guatemala,2006,13.367459,86088.203125
GTM,Guatemala,2007,13.65204,93188.375
GTM,Guatemala,2008,13.935174,97848.9140625
GTM,Guatemala,2009,14.215611,103304.75
GTM,Guatemala,2010,14.500112,108377.15625
GTM,Guatemala,2011,14.792126,116160.5
GTM,Guatemala,2012,15.089647,122425.1796875
GTM,Guatemala,2013,15.387337,127205.2734375
GTM,Guatemala,2014,15.681725,136767.203125
GTM,Guatemala,2015,15.971743,148013.21875
GTM,Guatemala,2016,16.26876,158042.546875
GTM,Guatemala,2017,16.567357,169343.765625
GTM,Guatemala,2018,16.845685,170222.578125
GTM,Guatemala,2019,17.103803,180204.75
GTM,Guatemala,2020,17.357325,182182.65625
GTM,Guatemala,2021,17.59865,199964.28125
GTM,Guatemala,2022,17.847877,202647.75
GTM,Guatemala,2023,18.124838,216551.765625
GUY,Guyana,1970,0.702705,2847.83422851563
GUY,Guyana,1971,0.712662,2927.20751953125
GUY,Guyana,1972,0.721617,2873.80834960938
GUY,Guyana,1973,0.730138,2943.681640625
GUY,Guyana,1974,0.738057,3144.13500976563
GUY,Guyana,1975,0.745393,3521.23315429688
GUY,Guyana,1976,0.752253,3627.97583007813
GUY,Guyana,1977,0.758654,3501.7822265625
GUY,Guyana,1978,0.764586,3421.3056640625
GUY,Guyana,1979,0.770062,3401.23071289063
GUY,Guyana,1980,0.774367,3466.7138671875
GUY,Guyana,1981,0.776453,3512.08569335938
GUY,Guyana,1982,0.776712,3032.32299804688
GUY,Guyana,1983,0.775891,2837.50854492188
GUY,Guyana,1984,0.774111,2698.92529296875
GUY,Guyana,1985,0.771477,2772.19897460938
GUY,Guyana,1986,0.768098,2782.67041015625
GUY,Guyana,1987,0.76412,2765.84741210938
GUY,Guyana,1988,0.759663,2647.35693359375
GUY,Guyana,1989,0.754865,2487.10913085938
GUY,Guyana,1990,0.749894,2404.85180664063
GUY,Guyana,1991,0.747861,2547.30395507813
GUY,Guyana,1992,0.749911,2756.1083984375
GUY,Guyana,1993,0.752965,2985.23852539063
GUY,Guyana,1994,0.755822,3246.0283203125
GUY,Guyana,1995,0.758388,3408.59033203125
GUY,Guyana,1996,0.760526,3681.37915039063
GUY,Guyana,1997,0.762245,3917.73315429688
GUY,Guyana,1998,0.763586,3858.86450195313
GUY,Guyana,1999,0.764483,3993.58154296875
GUY,Guyana,2000,0.764832,3947.30737304688
GUY,Guyana,2001,0.764477,4345.79931640625
GUY,Guyana,2002,0.763652,4779.2646484375
GUY,Guyana,2003,0.763101,5160.42041015625
GUY,Guyana,2004,0.762418,5751.43603515625
GUY,Guyana,2005,0.760914,6066.5087890625
GUY,Guyana,2006,0.758966,6882.845703125
GUY,Guyana,2007,0.756861,7383.22998046875
GUY,Guyana,2008,0.754606,7497.1103515625
GUY,Guyana,2009,0.752094,7805.4638671875
GUY,Guyana,2010,0.749256,8084.5107421875
GUY,Guyana,2011,0.746153,8511.1298828125
GUY,Guyana,2012,0.746288,8985.9873046875
GUY,Guyana,2013,0.750021,9252.5830078125
GUY,Guyana,2014,0.754229,9067.97265625
GUY,Guyana,2015,0.758781,9602.6953125
GUY,Guyana,2016,0.763548,9728.7158203125
GUY,Guyana,2017,0.768479,10010.3330078125
GUY,Guyana,2018,0.791556,10251.73046875
GUY,Guyana,2019,0.807665,11527.7529296875
GUY,Guyana,2020,0.807481,13512.55859375
GUY,Guyana,2021,0.815482,18009.189453125
GUY,Guyana,2022,0.821637,29078.16796875
GUY,Guyana,2023,0.826353,38366.4375
HKG,"China, Hong Kong SAR",1960,2.90511828039855,13683.9423828125
HKG,"China, Hong Kong SAR",1961,2.99278302404962,14511.8515625
HKG,"China, Hong Kong SAR",1962,3.1222961332605,16637.5546875
HKG,"China, Hong Kong SAR",1963,3.23159350465786,19517.451171875
HKG,"China, Hong Kong SAR",1964,3.31066163857382,21296.578125
HKG,"China, Hong Kong SAR",1965,3.39879845364424,24897.390625
HKG,"China, Hong Kong SAR",1966,3.42902769112564,26069.720703125
HKG,"China, Hong Kong SAR",1967,3.5167868040156,27581.1640625
HKG,"China, Hong Kong SAR",1968,3.5922653032553,29442.208984375
HKG,"China, Hong Kong SAR",1969,3.65007851160543,32914.578125
HKG,"China, Hong Kong SAR",1970,3.739916,35944.3828125
HKG,"China, Hong Kong SAR",1971,3.989236,39759.75
HKG,"China, Hong Kong SAR",1972,4.117123,44636.2890625
HKG,"China, Hong Kong SAR",1973,4.223247,49503.46875
HKG,"China, Hong Kong SAR",1974,4.330722,48000.50390625
HKG,"China, Hong Kong SAR",1975,4.438378,49938.453125
HKG,"China, Hong Kong SAR",1976,4.545132,58632.82421875
HKG,"China, Hong Kong SAR",1977,4.65049,65553.8828125
HKG,"China, Hong Kong SAR",1978,4.754069,71548.6953125
HKG,"China, Hong Kong SAR",1979,4.857671,79592.8046875
HKG,"China, Hong Kong SAR",1980,4.962484,88877.3828125
HKG,"China, Hong Kong SAR",1981,5.060956,93189.578125
HKG,"China, Hong Kong SAR",1982,5.150094,96835.1015625
HKG,"China, Hong Kong SAR",1983,5.235106,101126.34375
HKG,"China, Hong Kong SAR",1984,5.315979,112357.25
HKG,"China, Hong Kong SAR",1985,5.393122,116877.3203125
HKG,"China, Hong Kong SAR",1986,5.451433,125607.9921875
HKG,"China, Hong Kong SAR",1987,5.486372,144039.09375
HKG,"China, Hong Kong SAR",1988,5.514899,154577.203125
HKG,"China, Hong Kong SAR",1989,5.540574,162327.75
HKG,"China, Hong Kong SAR",1990,5.560597,168748.25
HKG,"China, Hong Kong SAR",1991,5.628094,180945.96875
HKG,"China, Hong Kong SAR",1992,5.759556,195431.796875
HKG,"China, Hong Kong SAR",1993,5.902513,210974.4375
HKG,"China, Hong Kong SAR",1994,6.042261,223331.328125
HKG,"China, Hong Kong SAR",1995,6.177104,227741.578125
HKG,"China, Hong Kong SAR",1996,6.302464,246650.75
HKG,"China, Hong Kong SAR",1997,6.416673,265550.9375
HKG,"China, Hong Kong SAR",1998,6.521334,256534.34375
HKG,"China, Hong Kong SAR",1999,6.616525,259576.46875
HKG,"China, Hong Kong SAR",2000,6.704664,281555.5625
HKG,"China, Hong Kong SAR",2001,6.774239,287675.25
HKG,"China, Hong Kong SAR",2002,6.821408,301001.375
HKG,"China, Hong Kong SAR",2003,6.858907,309061.84375
HKG,"China, Hong Kong SAR",2004,6.888163,328327.28125
HKG,"China, Hong Kong SAR",2005,6.908486,354170.25
HKG,"China, Hong Kong SAR",2006,6.93109,369251.25
HKG,"China, Hong Kong SAR",2007,6.971345,394213.4375
HKG,"China, Hong Kong SAR",2008,7.020689,396549.34375
HKG,"China, Hong Kong SAR",2009,7.064467,387894.9375
HKG,"China, Hong Kong SAR",2010,7.101617,406522.9375
HKG,"China, Hong Kong SAR",2011,7.14297,423444.0625
HKG,"China, Hong Kong SAR",2012,7.201061,432956.25
HKG,"China, Hong Kong SAR",2013,7.264335,434058.09375
HKG,"China, Hong Kong SAR",2014,7.319501,437003.03125
HKG,"China, Hong Kong SAR",2015,7.366409,446563.375
HKG,"China, Hong Kong SAR",2016,7.40801,451329.90625
HKG,"China, Hong Kong SAR",2017,7.444891,470075.375
HKG,"China, Hong Kong SAR",2018,7.471194,476385.8125
HKG,"China, Hong Kong SAR",2019,7.485813,472397.09375
HKG,"China, Hong Kong SAR",2020,7.490235,437827.40625
HKG,"China, Hong Kong SAR",2021,7.484601,462727.125
HKG,"China, Hong Kong SAR",2022,7.465915,442845.6875
HKG,"China, Hong Kong SAR",2023,7.442734,454528.625
HND,Honduras,1950,1.42628734026872,3677.64038085938
HND,Honduras,1951,1.46887718994881,3793.49340820313
HND,Honduras,1952,1.5119832557553,3848.88452148438
HND,Honduras,1953,1.55658689471445,4158.22509765625
HND,Honduras,1954,1.60515230833524,3882.25415039063
HND,Honduras,1955,1.65622753483008,3926.63012695313
HND,Honduras,1956,1.70884119465878,4446.4267578125
HND,Honduras,1957,1.76400861581222,4457.16162109375
HND,Honduras,1958,1.82214125081267,4639.9345703125
HND,Honduras,1959,1.881907105265,4756.2578125
HND,Honduras,1960,1.94460527161611,4729.6162109375
HND,Honduras,1961,2.01141653783481,4998.298828125
HND,Honduras,1962,2.08262799420584,5292.49462890625
HND,Honduras,1963,2.15812288038584,5459.47509765625
HND,Honduras,1964,2.23800287170941,5867.55419921875
HND,Honduras,1965,2.32076350580729,6323.00390625
HND,Honduras,1966,2.40494403120172,6478.5185546875
HND,Honduras,1967,2.49167522965139,6767.00048828125
HND,Honduras,1968,2.58177216674747,7264.78515625
HND,Honduras,1969,2.67564273162435,7231.04345703125
HND,Honduras,1970,2.750715,7333.31640625
HND,Honduras,1971,2.834616,7411.35205078125
HND,Honduras,1972,2.922064,7920.46875
HND,Honduras,1973,3.011459,8564.4091796875
HND,Honduras,1974,3.099836,8120.63818359375
HND,Honduras,1975,3.193234,8282.064453125
HND,Honduras,1976,3.294457,9904.154296875
HND,Honduras,1977,3.398655,11467.7275390625
HND,Honduras,1978,3.505463,12202.1943359375
HND,Honduras,1979,3.614981,12309.41015625
HND,Honduras,1980,3.727173,12539.6728515625
HND,Honduras,1981,3.841778,12437.080078125
HND,Honduras,1982,3.958728,12524.9248046875
HND,Honduras,1983,4.078174,12254.7041015625
HND,Honduras,1984,4.19985,12989.0791015625
HND,Honduras,1985,4.323342,13464.38671875
HND,Honduras,1986,4.448899,14356.0087890625
HND,Honduras,1987,4.57691,14991.982421875
HND,Honduras,1988,4.707677,16066.107421875
HND,Honduras,1989,4.841838,16601.92578125
HND,Honduras,1990,4.980488,16650.22265625
HND,Honduras,1991,5.123792,17577.5859375
HND,Honduras,1992,5.271431,18367.078125
HND,Honduras,1993,5.423249,19018.875
HND,Honduras,1994,5.579242,19329.26171875
HND,Honduras,1995,5.739637,20807.517578125
HND,Honduras,1996,5.903954,21436.65234375
HND,Honduras,1997,6.071454,22356.49609375
HND,Honduras,1998,6.234431,23146.533203125
HND,Honduras,1999,6.400463,22291.080078125
HND,Honduras,2000,6.577773,23849.517578125
HND,Honduras,2001,6.757993,24603.703125
HND,Honduras,2002,6.938859,25540.2421875
HND,Honduras,2003,7.119213,26560.587890625
HND,Honduras,2004,7.298994,27969.89453125
HND,Honduras,2005,7.478355,29590.740234375
HND,Honduras,2006,7.656832,31617.255859375
HND,Honduras,2007,7.834798,33490.79296875
HND,Honduras,2008,8.012587,34051.05859375
HND,Honduras,2009,8.189899,34790.45703125
HND,Honduras,2010,8.365878,36651.34765625
HND,Honduras,2011,8.540583,38911.06640625
HND,Honduras,2012,8.715076,41543.8828125
HND,Honduras,2013,8.889278,41312.44921875
HND,Honduras,2014,9.063122,44642.20703125
HND,Honduras,2015,9.237305,49198.30859375
HND,Honduras,2016,9.41238,52964.0078125
HND,Honduras,2017,9.588137,55288.84765625
HND,Honduras,2018,9.76521,56361.015625
HND,Honduras,2019,9.943633,58933.37109375
HND,Honduras,2020,10.11964,54820.51953125
HND,Honduras,2021,10.289877,61486.83203125
HND,Honduras,2022,10.463872,63089.7734375
HND,Honduras,2023,10.644851,65579.53125
HRV,Croatia,1990,4.835065,72446.2890625
HRV,Croatia,1991,4.825157,56999.80078125
HRV,Croatia,1992,4.782233,50753.015625
HRV,Croatia,1993,4.729743,46318.42578125
HRV,Croatia,1994,4.675514,50158.78515625
HRV,Croatia,1995,4.61936,54034.6328125
HRV,Croatia,1996,4.562299,57022.8125
HRV,Croatia,1997,4.504621,61492.00390625
HRV,Croatia,1998,4.445667,65187.8046875
HRV,Croatia,1999,4.385822,65577.3515625
HRV,Croatia,2000,4.326105,68679.828125
HRV,Croatia,2001,4.301074,72379.8515625
HRV,Croatia,2002,4.305782,79055.28125
HRV,Croatia,2003,4.306686,86330.1640625
HRV,Croatia,2004,4.310056,90724.140625
HRV,Croatia,2005,4.313946,92242.9296875
HRV,Croatia,2006,4.3158,98273.1640625
HRV,Croatia,2007,4.315954,109392.6953125
HRV,Croatia,2008,4.314631,114376.7734375
HRV,Croatia,2009,4.31053,110525.9453125
HRV,Croatia,2010,4.301145,107294.8671875
HRV,Croatia,2011,4.280824,111010.828125
HRV,Croatia,2012,4.259236,111199.8125
HRV,Croatia,2013,4.242398,108891.15625
HRV,Croatia,2014,4.219479,107668.3671875
HRV,Croatia,2015,4.183729,113409.1015625
HRV,Croatia,2016,4.136444,117708.5234375
HRV,Croatia,2017,4.0792,123475.8203125
HRV,Croatia,2018,4.024868,125640.21875
HRV,Croatia,2019,3.986334,136539.203125
HRV,Croatia,2020,3.953958,122202.265625
HRV,Croatia,2021,3.92461,135753.890625
HRV,Croatia,2022,3.907027,141238.015625
HRV,Croatia,2023,3.896023,149700.140625
HTI,Haiti,1960,3.77361993930297,5315.48876953125
HTI,Haiti,1961,3.84948441373818,4806.48828125
HTI,Haiti,1962,3.92762744120913,5344.3408203125
HTI,Haiti,1963,4.00976268246401,5321.02490234375
HTI,Haiti,1964,4.09361499183116,5271.6728515625
HTI,Haiti,1965,4.17922258046488,5238.15771484375
HTI,Haiti,1966,4.2664272493187,5197.12255859375
HTI,Haiti,1967,4.35564713064164,5174.6845703125
HTI,Haiti,1968,4.44673327394684,5382.99169921875
HTI,Haiti,1969,4.53972413377177,5670.00439453125
HTI,Haiti,1970,4.635124,6381.44482421875
HTI,Haiti,1971,4.723244,6533.62451171875
HTI,Haiti,1972,4.813868,6788.9658203125
HTI,Haiti,1973,4.906743,7509.89990234375
HTI,Haiti,1974,5.001796,8323.00390625
HTI,Haiti,1975,5.099086,8513.921875
HTI,Haiti,1976,5.198357,9930.173828125
HTI,Haiti,1977,5.299476,10181.892578125
HTI,Haiti,1978,5.40258,10525.2529296875
HTI,Haiti,1979,5.50759,11560.1162109375
HTI,Haiti,1980,5.614493,12075.26171875
HTI,Haiti,1981,5.723725,11353.9658203125
HTI,Haiti,1982,5.835937,11206.1357421875
HTI,Haiti,1983,5.951096,11672.93359375
HTI,Haiti,1984,6.06923,12275.2236328125
HTI,Haiti,1985,6.190862,13027.830078125
HTI,Haiti,1986,6.316122,12930.3369140625
HTI,Haiti,1987,6.445123,12838.2451171875
HTI,Haiti,1988,6.578145,12656.7470703125
HTI,Haiti,1989,6.71473,12130.4716796875
HTI,Haiti,1990,6.854441,12437.51953125
HTI,Haiti,1991,6.99545,13159.17578125
HTI,Haiti,1992,7.136571,12999.6083984375
HTI,Haiti,1993,7.278181,11464.599609375
HTI,Haiti,1994,7.419771,10540.0537109375
HTI,Haiti,1995,7.562546,15624.751953125
HTI,Haiti,1996,7.707557,18812.333984375
HTI,Haiti,1997,7.854298,20044.654296875
HTI,Haiti,1998,8.002143,21069.216796875
HTI,Haiti,1999,8.151296,24380.39453125
HTI,Haiti,2000,8.303151,28316.583984375
HTI,Haiti,2001,8.455918,27762.0390625
HTI,Haiti,2002,8.607641,27741.4375
HTI,Haiti,2003,8.759912,27338.603515625
HTI,Haiti,2004,8.910263,27402.626953125
HTI,Haiti,2005,9.061273,28544.783203125
HTI,Haiti,2006,9.216562,27981.306640625
HTI,Haiti,2007,9.373296,30207.609375
HTI,Haiti,2008,9.530774,30608.892578125
HTI,Haiti,2009,9.689581,33310.0078125
HTI,Haiti,2010,9.803294,31825.466796875
HTI,Haiti,2011,9.914904,32200.806640625
HTI,Haiti,2012,10.069771,33374.5390625
HTI,Haiti,2013,10.222362,34639.234375
HTI,Haiti,2014,10.373235,35388.4375
HTI,Haiti,2015,10.523242,37928.8359375
HTI,Haiti,2016,10.671457,37762.3203125
HTI,Haiti,2017,10.817754,35342.49609375
HTI,Haiti,2018,10.962362,34699.1875
HTI,Haiti,2019,11.105163,34769.421875
HTI,Haiti,2020,11.243848,36317.30078125
HTI,Haiti,2021,11.374586,34624.89453125
HTI,Haiti,2022,11.503606,34959.78125
HTI,Haiti,2023,11.637398,34987.1640625
HUN,Hungary,1970,10.315143,70068.859375
HUN,Hungary,1971,10.343969,73888.40625
HUN,Hungary,1972,10.374303,77806.125
HUN,Hungary,1973,10.407439,82170.8203125
HUN,Hungary,1974,10.453913,82436.484375
HUN,Hungary,1975,10.515652,84355.0859375
HUN,Hungary,1976,10.573772,93870.8046875
HUN,Hungary,1977,10.623139,104494.4375
HUN,Hungary,1978,10.660188,115318.9609375
HUN,Hungary,1979,10.688253,126625.5625
HUN,Hungary,1980,10.695367,138079.3125
HUN,Hungary,1981,10.679329,140637.40625
HUN,Hungary,1982,10.656116,142152.6875
HUN,Hungary,1983,10.622989,140613.375
HUN,Hungary,1984,10.584328,141719.375
HUN,Hungary,1985,10.547265,139765.03125
HUN,Hungary,1986,10.511098,143090.265625
HUN,Hungary,1987,10.475105,152626.828125
HUN,Hungary,1988,10.440531,156935.0625
HUN,Hungary,1989,10.403421,162321.53125
HUN,Hungary,1990,10.381281,161779.484375
HUN,Hungary,1991,10.378176,144783.75
HUN,Hungary,1992,10.371474,146975.578125
HUN,Hungary,1993,10.35687,153857.9375
HUN,Hungary,1994,10.339937,162804.890625
HUN,Hungary,1995,10.322788,169442.390625
HUN,Hungary,1996,10.302235,174377.75
HUN,Hungary,1997,10.278602,179464.375
HUN,Hungary,1998,10.251717,183837.46875
HUN,Hungary,1999,10.219796,189248.390625
HUN,Hungary,2000,10.1906,196662.328125
HUN,Hungary,2001,10.16669,217113.171875
HUN,Hungary,2002,10.138466,228298.15625
HUN,Hungary,2003,10.108963,228093.421875
HUN,Hungary,2004,10.085791,232712.453125
HUN,Hungary,2005,10.065706,234603.765625
HUN,Hungary,2006,10.049943,245205.5
HUN,Hungary,2007,10.034082,253371.03125
HUN,Hungary,2008,10.016657,263771
HUN,Hungary,2009,10.001378,266211.09375
HUN,Hungary,2010,9.979129,275445.46875
HUN,Hungary,2011,9.946676,281980.0625
HUN,Hungary,2012,9.916623,281177.3125
HUN,Hungary,2013,9.889346,283939.78125
HUN,Hungary,2014,9.862842,292008.84375
HUN,Hungary,2015,9.839211,307897.53125
HUN,Hungary,2016,9.810532,313627.5625
HUN,Hungary,2017,9.785604,326533.65625
HUN,Hungary,2018,9.774394,340020.84375
HUN,Hungary,2019,9.770346,366934.4375
HUN,Hungary,2020,9.749457,354129.5625
HUN,Hungary,2021,9.70785,368994.8125
HUN,Hungary,2022,9.684306,366156.4375
HUN,Hungary,2023,9.686463,384031.46875
IDN,Indonesia,1960,95.1656887745624,106862.609375
IDN,Indonesia,1961,97.2907960392286,108751.0390625
IDN,Indonesia,1962,99.2133598857049,118880.671875
IDN,Indonesia,1963,101.179844268652,115211.859375
IDN,Indonesia,1964,103.190676938426,115926.46875
IDN,Indonesia,1965,105.246285645381,114774.9921875
IDN,Indonesia,1966,107.347098139873,108929.21875
IDN,Indonesia,1967,109.493520422239,114992.0234375
IDN,Indonesia,1968,111.685972992828,125065.9765625
IDN,Indonesia,1969,113.924854601972,122860.9296875
IDN,Indonesia,1970,116.210564,136112.578125
IDN,Indonesia,1971,119.396668,145582
IDN,Indonesia,1972,122.612803,160518.546875
IDN,Indonesia,1973,125.87137,184774.25
IDN,Indonesia,1974,129.145872,219771.96875
IDN,Indonesia,1975,132.442006,224571.90625
IDN,Indonesia,1976,135.781275,241370.640625
IDN,Indonesia,1977,139.151856,268997.65625
IDN,Indonesia,1978,142.581938,289140.625
IDN,Indonesia,1979,146.073553,341657.28125
IDN,Indonesia,1980,149.600411,395704.09375
IDN,Indonesia,1981,153.145528,429795.90625
IDN,Indonesia,1982,156.721301,437958.75
IDN,Indonesia,1983,160.329088,469455
IDN,Indonesia,1984,163.937901,501513.09375
IDN,Indonesia,1985,167.47285,516911
IDN,Indonesia,1986,170.88225,518915.03125
IDN,Indonesia,1987,174.22963,543174
IDN,Indonesia,1988,177.58581,566642.0625
IDN,Indonesia,1989,180.946486,622587.25
IDN,Indonesia,1990,184.261443,697158.1875
IDN,Indonesia,1991,187.556516,756555.25
IDN,Indonesia,1992,190.843062,818372.375
IDN,Indonesia,1993,194.126605,875159.5
IDN,Indonesia,1994,197.436321,938336.9375
IDN,Indonesia,1995,200.756203,1018645.5
IDN,Indonesia,1996,204.09663,1111178.375
IDN,Indonesia,1997,207.453279,1145140.25
IDN,Indonesia,1998,210.769318,1053389.875
IDN,Indonesia,1999,213.004668,1004025.625
IDN,Indonesia,2000,216.07779,965328.1875
IDN,Indonesia,2001,219.097902,983961.375
IDN,Indonesia,2002,222.088495,974909.5625
IDN,Indonesia,2003,225.048008,974315.6875
IDN,Indonesia,2004,227.926649,1055081.125
IDN,Indonesia,2005,230.87165,1141328.125
IDN,Indonesia,2006,233.951652,1269173
IDN,Indonesia,2007,237.062337,1414864.75
IDN,Indonesia,2008,240.157903,1643335.5
IDN,Indonesia,2009,243.220028,1844164.5
IDN,Indonesia,2010,246.305322,2177568
IDN,Indonesia,2011,249.470032,2633396.75
IDN,Indonesia,2012,252.698525,2776237.25
IDN,Indonesia,2013,255.852467,2815622
IDN,Indonesia,2014,258.877399,2887494
IDN,Indonesia,2015,261.799249,2924477.5
IDN,Indonesia,2016,264.627418,2985812.25
IDN,Indonesia,2017,267.346658,3087128.5
IDN,Indonesia,2018,269.951846,3242421.25
IDN,Indonesia,2019,272.489381,3401511
IDN,Indonesia,2020,274.814866,3282667.75
IDN,Indonesia,2021,276.758053,3455689.75
IDN,Indonesia,2022,278.830529,3809802.25
IDN,Indonesia,2023,281.190067,3915058.25
IND,India,1950,364.521367048538,386324.4375
IND,India,1951,370.732910839569,402340.0625
IND,India,1952,377.24563023304,413489.96875
IND,India,1953,384.045660444378,435203.59375
IND,India,1954,391.10139217079,453831.53125
IND,India,1955,398.41075020591,463665.09375
IND,India,1956,405.978606773381,481927.125
IND,India,1957,413.817683790505,481404.40625
IND,India,1958,421.926898540915,518559.75
IND,India,1959,430.302220913694,529733.375
IND,India,1960,438.940613287925,564872.375
IND,India,1961,447.842015512701,586104.4375
IND,India,1962,457.10035323276,609972.8125
IND,India,1963,466.752378653634,652404.0625
IND,India,1964,477.037372092181,700195.625
IND,India,1965,487.792805791701,687901.0625
IND,India,1966,498.790767957176,684684.4375
IND,India,1967,510.087650065998,738118.125
IND,India,1968,521.69262513182,773942.9375
IND,India,1969,533.614956394663,859705.625
IND,India,1970,545.864268,875113.25
IND,India,1971,558.096387,911804.625
IND,India,1972,570.482142,947732.1875
IND,India,1973,583.465598,999231.5625
IND,India,1974,597.041391,982957.1875
IND,India,1975,611.309535,1081799.125
IND,India,1976,625.861883,1074388.875
IND,India,1977,640.801103,1070762.625
IND,India,1978,655.728229,1043086.9375
IND,India,1979,671.155747,967950.625
IND,India,1980,687.354025,979956.1875
IND,India,1981,703.69625,977574.5625
IND,India,1982,720.313473,964949.5625
IND,India,1983,737.372681,996315.3125
IND,India,1984,754.875449,994353.8125
IND,India,1985,772.647793,1009126.9375
IND,India,1986,790.689978,1054104.25
IND,India,1987,808.93127,1110583.25
IND,India,1988,827.34299,1199379.75
IND,India,1989,846.039529,1283759
IND,India,1990,864.972221,1358661.125
IND,India,1991,883.9276,1411720
IND,India,1992,902.95707,1481250.25
IND,India,1993,922.118387,1571165.5
IND,India,1994,941.163767,1660706.875
IND,India,1995,960.301044,1791245.25
IND,India,1996,979.678458,1936240.375
IND,India,1997,999.133762,2027226.375
IND,India,1998,1018.66508,2196758
IND,India,1999,1038.225823,2343678.75
IND,India,2000,1057.922733,2466114.5
IND,India,2001,1077.898575,2611377.75
IND,India,2002,1097.60038,2753816.5
IND,India,2003,1116.803006,2986987.5
IND,India,2004,1135.991513,3253591.5
IND,India,2005,1154.676322,3646424.5
IND,India,2006,1172.87889,4061308.25
IND,India,2007,1190.676021,4568478
IND,India,2008,1207.930964,4701696.5
IND,India,2009,1225.524753,5203955
IND,India,2010,1243.481564,5970318
IND,India,2011,1261.224954,6449760
IND,India,2012,1278.674502,6880633
IND,India,2013,1295.829511,7092617.5
IND,India,2014,1312.277191,7391464.5
IND,India,2015,1328.024498,7896249.5
IND,India,2016,1343.944296,8465094
IND,India,2017,1359.6574,8889307
IND,India,2018,1374.659064,9639937
IND,India,2019,1389.030312,10265278
IND,India,2020,1402.617695,9951635
IND,India,2021,1414.203896,11222509
IND,India,2022,1425.423212,11852125
IND,India,2023,1438.069596,12544909
IRL,Ireland,1950,2.97437048964458,18032.314453125
IRL,Ireland,1951,2.97064935478441,17513.556640625
IRL,Ireland,1952,2.96346699968061,18740.525390625
IRL,Ireland,1953,2.95860329356867,19693.72265625
IRL,Ireland,1954,2.94802098722847,19916.111328125
IRL,Ireland,1955,2.9273058401557,20218.859375
IRL,Ireland,1956,2.90634585638612,19912.677734375
IRL,Ireland,1957,2.88924773472767,19847.505859375
IRL,Ireland,1958,2.86244733071157,19849.98046875
IRL,Ireland,1959,2.85393381069317,20848.212890625
IRL,Ireland,1960,2.84285058235256,21771.55078125
IRL,Ireland,1961,2.82909808355302,22840.74609375
IRL,Ireland,1962,2.84084282570592,23520.845703125
IRL,Ireland,1963,2.86091943484411,24605.23828125
IRL,Ireland,1964,2.87497325270648,25777.748046875
IRL,Ireland,1965,2.88701907459016,26137.4375
IRL,Ireland,1966,2.89504986184467,26822.7890625
IRL,Ireland,1967,2.91121147715454,28645.78125
IRL,Ireland,1968,2.92365889823395,30631.119140625
IRL,Ireland,1969,2.93680923757194,32360.2109375
IRL,Ireland,1970,2.961403,32870.3046875
IRL,Ireland,1971,2.99312,34347.71484375
IRL,Ireland,1972,3.037153,37611.953125
IRL,Ireland,1973,3.084434,40452.6484375
IRL,Ireland,1974,3.132177,38409.19140625
IRL,Ireland,1975,3.180119,39988.23046875
IRL,Ireland,1976,3.228401,42210.1328125
IRL,Ireland,1977,3.277756,46025.39453125
IRL,Ireland,1978,3.329183,50878.77734375
IRL,Ireland,1979,3.375801,52757.93359375
IRL,Ireland,1980,3.41524,53626.9765625
IRL,Ireland,1981,3.448827,54130.94921875
IRL,Ireland,1982,3.475536,55535.296875
IRL,Ireland,1983,3.497608,55600.9453125
IRL,Ireland,1984,3.515954,56758.53515625
IRL,Ireland,1985,3.531271,57677.37890625
IRL,Ireland,1986,3.541867,59329.96484375
IRL,Ireland,1987,3.540381,61832.34375
IRL,Ireland,1988,3.525095,65282.3671875
IRL,Ireland,1989,3.51107,70755.125
IRL,Ireland,1990,3.514018,75824.15625
IRL,Ireland,1991,3.53426,77047.8515625
IRL,Ireland,1992,3.558421,79672.734375
IRL,Ireland,1993,3.576122,84095.5
IRL,Ireland,1994,3.590157,89854.7734375
IRL,Ireland,1995,3.610697,101355.484375
IRL,Ireland,1996,3.638509,109821.4140625
IRL,Ireland,1997,3.672293,123326.8515625
IRL,Ireland,1998,3.711073,138991.109375
IRL,Ireland,1999,3.752938,149956.125
IRL,Ireland,2000,3.802585,164186.609375
IRL,Ireland,2001,3.862981,173357.609375
IRL,Ireland,2002,3.928443,185528.625
IRL,Ireland,2003,3.992935,189377.21875
IRL,Ireland,2004,4.066064,198330.234375
IRL,Ireland,2005,4.155284,211092.921875
IRL,Ireland,2006,4.268778,231077.15625
IRL,Ireland,2007,4.393513,256699.390625
IRL,Ireland,2008,4.485999,240625.21875
IRL,Ireland,2009,4.533752,230479.3125
IRL,Ireland,2010,4.55908,239002.609375
IRL,Ireland,2011,4.579602,250428.96875
IRL,Ireland,2012,4.600132,260528.125
IRL,Ireland,2013,4.624686,261793.9375
IRL,Ireland,2014,4.658239,284563.78125
IRL,Ireland,2015,4.702487,402849.3125
IRL,Ireland,2016,4.753503,427491.75
IRL,Ireland,2017,4.810261,464867.625
IRL,Ireland,2018,4.872556,477950.25
IRL,Ireland,2019,4.933491,557588.9375
IRL,Ireland,2020,4.982606,574450.4375
IRL,Ireland,2021,5.028426,604498.5625
IRL,Ireland,2022,5.110016,656902.375
IRL,Ireland,2023,5.19663,606887.125
IRN,Iran (Islamic Republic of),1955,18.9049351449791,44885.36328125
IRN,Iran (Islamic Republic of),1956,19.4271690916824,47582.54296875
IRN,Iran (Islamic Republic of),1957,19.9724718966715,53056.1015625
IRN,Iran (Islamic Republic of),1958,20.544866257132,58885.2109375
IRN,Iran (Islamic Republic of),1959,21.143334939293,66322.09375
IRN,Iran (Islamic Republic of),1960,21.7648397278949,66515.8046875
IRN,Iran (Islamic Republic of),1961,22.4043310590854,68620.34375
IRN,Iran (Islamic Republic of),1962,23.0668392309257,71648.484375
IRN,Iran (Islamic Republic of),1963,23.7493318078938,74233.609375
IRN,Iran (Islamic Republic of),1964,24.4618828721656,76082.46875
IRN,Iran (Islamic Republic of),1965,25.2004485341854,85001.5546875
IRN,Iran (Islamic Republic of),1966,25.9670324362294,92293.328125
IRN,Iran (Islamic Republic of),1967,26.7434842764846,101543.1796875
IRN,Iran (Islamic Republic of),1968,27.5287926009172,111360.4140625
IRN,Iran (Islamic Republic of),1969,28.3289972350429,116638.7578125
IRN,Iran (Islamic Republic of),1970,29.1451,129031.078125
IRN,Iran (Islamic Republic of),1971,30.029071,149594.578125
IRN,Iran (Islamic Republic of),1972,30.921179,169193.046875
IRN,Iran (Islamic Republic of),1973,31.839838,206310.125
IRN,Iran (Islamic Republic of),1974,32.796463,303242.59375
IRN,Iran (Islamic Republic of),1975,33.802973,311809.375
IRN,Iran (Islamic Republic of),1976,34.837271,328831.4375
IRN,Iran (Islamic Republic of),1977,35.933181,303975.6875
IRN,Iran (Islamic Republic of),1978,37.126535,262940.9375
IRN,Iran (Islamic Republic of),1979,38.424952,255099.421875
IRN,Iran (Islamic Republic of),1980,39.842324,181596.5
IRN,Iran (Islamic Republic of),1981,41.989312,168047.625
IRN,Iran (Islamic Republic of),1982,44.272141,189521.421875
IRN,Iran (Islamic Republic of),1983,46.029535,192806.984375
IRN,Iran (Islamic Republic of),1984,47.793998,178043.09375
IRN,Iran (Islamic Republic of),1985,49.582289,179731.78125
IRN,Iran (Islamic Republic of),1986,51.446045,164060.90625
IRN,Iran (Islamic Republic of),1987,53.323493,171887.75
IRN,Iran (Islamic Republic of),1988,55.072694,161091.578125
IRN,Iran (Islamic Republic of),1989,56.704914,175193.9375
IRN,Iran (Islamic Republic of),1990,58.380092,209735.84375
IRN,Iran (Islamic Republic of),1991,59.986931,245167.734375
IRN,Iran (Islamic Republic of),1992,61.184983,268194.75
IRN,Iran (Islamic Republic of),1993,61.403543,329337.375
IRN,Iran (Islamic Republic of),1994,61.520598,356503.03125
IRN,Iran (Islamic Republic of),1995,62.205567,369609.84375
IRN,Iran (Islamic Republic of),1996,62.8813,445536.03125
IRN,Iran (Islamic Republic of),1997,63.639638,469715.53125
IRN,Iran (Islamic Republic of),1998,64.519859,478486.9375
IRN,Iran (Islamic Republic of),1999,65.445391,548444.25
IRN,Iran (Islamic Republic of),2000,66.418659,610850.1875
IRN,Iran (Islamic Republic of),2001,67.452005,689187.125
IRN,Iran (Islamic Republic of),2002,68.011317,801535.0625
IRN,Iran (Islamic Republic of),2003,68.76934,893764.5625
IRN,Iran (Islamic Republic of),2004,70.256316,1030155
IRN,Iran (Islamic Republic of),2005,71.828455,1249386.75
IRN,Iran (Islamic Republic of),2006,73.392747,1350935.5
IRN,Iran (Islamic Republic of),2007,74.602648,1535889
IRN,Iran (Islamic Republic of),2008,75.514204,1548018.625
IRN,Iran (Islamic Republic of),2009,76.457825,1564292
IRN,Iran (Islamic Republic of),2010,77.420842,1724023.25
IRN,Iran (Islamic Republic of),2011,78.383598,1858443.75
IRN,Iran (Islamic Republic of),2012,79.37058,1632208.125
IRN,Iran (Islamic Republic of),2013,80.414686,1554343.875
IRN,Iran (Islamic Republic of),2014,81.502045,1495407.875
IRN,Iran (Islamic Republic of),2015,82.619362,1325752.5
IRN,Iran (Islamic Republic of),2016,83.812228,1452306.625
IRN,Iran (Islamic Republic of),2017,85.026754,1474500.125
IRN,Iran (Islamic Republic of),2018,86.117998,1341660.875
IRN,Iran (Islamic Republic of),2019,87.051648,1365576.625
IRN,Iran (Islamic Republic of),2020,87.723443,1665069.125
IRN,Iran (Islamic Republic of),2021,88.455488,1322392.25
IRN,Iran (Islamic Republic of),2022,89.524246,1384153.25
IRN,Iran (Islamic Republic of),2023,90.608707,1344136.125
IRQ,Iraq,1970,9.735611,56120.484375
IRQ,Iraq,1971,10.077809,60067.48046875
IRQ,Iraq,1972,10.430164,58199.96875
IRQ,Iraq,1973,10.795869,69943.484375
IRQ,Iraq,1974,11.167761,77622.3671875
IRQ,Iraq,1975,11.543639,88472.2109375
IRQ,Iraq,1976,11.927651,105262.953125
IRQ,Iraq,1977,12.331046,106181.1640625
IRQ,Iraq,1978,12.753355,125314.484375
IRQ,Iraq,1979,13.170365,158681.75
IRQ,Iraq,1980,13.591992,161048.71875
IRQ,Iraq,1981,14.006381,133314.90625
IRQ,Iraq,1982,14.406083,130479.2421875
IRQ,Iraq,1983,14.840555,117141.6015625
IRQ,Iraq,1984,15.310733,117573.328125
IRQ,Iraq,1985,15.68343,118432.1171875
IRQ,Iraq,1986,16.074145,127203
IRQ,Iraq,1987,16.521049,152181.375
IRQ,Iraq,1988,16.908819,157032.765625
IRQ,Iraq,1989,17.364542,142351.5
IRQ,Iraq,1990,17.581206,141925.046875
IRQ,Iraq,1991,17.767253,47908.11328125
IRQ,Iraq,1992,18.300845,60053.8125
IRQ,Iraq,1993,19.201195,89317.84375
IRQ,Iraq,1994,20.139807,84927.46875
IRQ,Iraq,1995,20.82586,69381.671875
IRQ,Iraq,1996,21.501321,103947.796875
IRQ,Iraq,1997,22.176593,126410.8046875
IRQ,Iraq,1998,22.884399,169838.421875
IRQ,Iraq,1999,23.636527,196153.609375
IRQ,Iraq,2000,24.424056,200259.90625
IRQ,Iraq,2001,25.19784,204995.78125
IRQ,Iraq,2002,26.006559,192246.78125
IRQ,Iraq,2003,26.802659,126269.2578125
IRQ,Iraq,2004,27.577878,199334.15625
IRQ,Iraq,2005,28.407448,199459.625
IRQ,Iraq,2006,28.616515,227235.328125
IRQ,Iraq,2007,28.391607,258595.25
IRQ,Iraq,2008,28.971036,306262.40625
IRQ,Iraq,2009,30.058206,358598.9375
IRQ,Iraq,2010,31.045366,429257.5
IRQ,Iraq,2011,32.161424,532449.1875
IRQ,Iraq,2012,33.654842,616549.5625
IRQ,Iraq,2013,35.281989,624145.5
IRQ,Iraq,2014,36.550059,562047.8125
IRQ,Iraq,2015,37.560535,404365.625
IRQ,Iraq,2016,38.469627,392510.9375
IRQ,Iraq,2017,39.337353,469793.1875
IRQ,Iraq,2018,40.265624,540580.8125
IRQ,Iraq,2019,41.192171,554222.6875
IRQ,Iraq,2020,42.116605,500103.1875
IRQ,Iraq,2021,43.071211,577833.8125
IRQ,Iraq,2022,44.070551,623833.1875
IRQ,Iraq,2023,45.074049,603191.3125
ISL,Iceland,1950,0.143199918008426,1436.11791992188
ISL,Iceland,1951,0.14587079964749,1375.13232421875
ISL,Iceland,1952,0.148233124830878,1373.0869140625
ISL,Iceland,1953,0.15131274785832,1602.01965332031
ISL,Iceland,1954,0.154846211168745,1780.62976074219
ISL,Iceland,1955,0.158333590305835,2057.14868164063
ISL,Iceland,1956,0.161653666128843,2048.78100585938
ISL,Iceland,1957,0.165412549269967,2069.14086914063
ISL,Iceland,1958,0.16908024934315,2281.96557617188
ISL,Iceland,1959,0.172629745825639,2401.53784179688
ISL,Iceland,1960,0.176182242929717,2353.09155273438
ISL,Iceland,1961,0.179232815163083,2512.70727539063
ISL,Iceland,1962,0.182386587879206,2600.22534179688
ISL,Iceland,1963,0.185820866464124,2915.93603515625
ISL,Iceland,1964,0.189193042632108,3361.07373046875
ISL,Iceland,1965,0.192640338839038,3751.77294921875
ISL,Iceland,1966,0.195968431248078,4037.923828125
ISL,Iceland,1967,0.199040052617953,3968.6767578125
ISL,Iceland,1968,0.201613749945901,3620.90478515625
ISL,Iceland,1969,0.203291828908094,3722.23803710938
ISL,Iceland,1970,0.204478,4070.57934570313
ISL,Iceland,1971,0.206161,4956.99609375
ISL,Iceland,1972,0.209203,4954.48681640625
ISL,Iceland,1973,0.212381,5667.27734375
ISL,Iceland,1974,0.215266,6041.3642578125
ISL,Iceland,1975,0.218028,5787.142578125
ISL,Iceland,1976,0.22019,5926.427734375
ISL,Iceland,1977,0.221834,6829.11279296875
ISL,Iceland,1978,0.223572,7125.1455078125
ISL,Iceland,1979,0.225756,7237.67578125
ISL,Iceland,1980,0.228144,7630.36474609375
ISL,Iceland,1981,0.230746,8013.59716796875
ISL,Iceland,1982,0.233845,8324.28515625
ISL,Iceland,1983,0.236964,7454.41943359375
ISL,Iceland,1984,0.239501,8195.0546875
ISL,Iceland,1985,0.241402,8176.8134765625
ISL,Iceland,1986,0.243184,8685.8388671875
ISL,Iceland,1987,0.245855,9761.4912109375
ISL,Iceland,1988,0.249726,9983.021484375
ISL,Iceland,1989,0.252851,9638.9560546875
ISL,Iceland,1990,0.254833,9604.8037109375
ISL,Iceland,1991,0.257812,9882.41015625
ISL,Iceland,1992,0.261085,9453.466796875
ISL,Iceland,1993,0.263754,9521.3291015625
ISL,Iceland,1994,0.266053,9777.91015625
ISL,Iceland,1995,0.26751,9936.404296875
ISL,Iceland,1996,0.26896,10309.509765625
ISL,Iceland,1997,0.271185,11355.947265625
ISL,Iceland,1998,0.274111,12516.7216796875
ISL,Iceland,1999,0.277448,13132.7470703125
ISL,Iceland,2000,0.28128,13339.45703125
ISL,Iceland,2001,0.285053,13697.486328125
ISL,Iceland,2002,0.287607,13588.9365234375
ISL,Iceland,2003,0.289605,13278.1826171875
ISL,Iceland,2004,0.292168,14585.4638671875
ISL,Iceland,2005,0.296834,15378.046875
ISL,Iceland,2006,0.303874,16152.8076171875
ISL,Iceland,2007,0.311651,16664.50390625
ISL,Iceland,2008,0.317514,16988.048828125
ISL,Iceland,2009,0.318612,16187.6904296875
ISL,Iceland,2010,0.318158,15392.4775390625
ISL,Iceland,2011,0.319137,15914.6279296875
ISL,Iceland,2012,0.320841,16332.8681640625
ISL,Iceland,2013,0.323885,16473.169921875
ISL,Iceland,2014,0.327512,16934.1796875
ISL,Iceland,2015,0.330952,18366.373046875
ISL,Iceland,2016,0.335574,19506.9375
ISL,Iceland,2017,0.343531,20718.12109375
ISL,Iceland,2018,0.352854,21706.009765625
ISL,Iceland,2019,0.3607,23160.962890625
ISL,Iceland,2020,0.366614,21726.5546875
ISL,Iceland,2021,0.372644,23431.103515625
ISL,Iceland,2022,0.380356,25971.3046875
ISL,Iceland,2023,0.387558,26616.939453125
ISR,Israel,1950,1.26900760109502,9298.74609375
ISR,Israel,1951,1.47016029487066,11763.8369140625
ISR,Israel,1952,1.59933329141045,10752.103515625
ISR,Israel,1953,1.64490246424958,10734.5283203125
ISR,Israel,1954,1.6888583316975,12580.9267578125
ISR,Israel,1955,1.74843936061952,13956.01171875
ISR,Israel,1956,1.82542752656804,15490.53125
ISR,Israel,1957,1.91851345978403,16643.958984375
ISR,Israel,1958,1.99781431241977,18235.142578125
ISR,Israel,1959,2.05387796860785,20398.130859375
ISR,Israel,1960,2.11298333356063,21728.751953125
ISR,Israel,1961,2.18753248663426,24650.416015625
ISR,Israel,1962,2.28013687477358,25851.03125
ISR,Israel,1963,2.37461992387151,28754.6640625
ISR,Israel,1964,2.46493820792921,31598.16015625
ISR,Israel,1965,2.54385820004755,32187.578125
ISR,Israel,1966,2.60595940112704,35492.859375
ISR,Israel,1967,2.65772279155962,34627.421875
ISR,Israel,1968,2.71041280927944,36011.6484375
ISR,Israel,1969,2.77954499191806,41402.0703125
ISR,Israel,1970,2.864778,46215.60546875
ISR,Israel,1971,2.9773,51360.48046875
ISR,Israel,1972,3.079401,56880.9765625
ISR,Israel,1973,3.163044,61542.65234375
ISR,Israel,1974,3.239981,64343.91015625
ISR,Israel,1975,3.318089,65922.9609375
ISR,Israel,1976,3.398267,66694.75
ISR,Israel,1977,3.479618,67044.1015625
ISR,Israel,1978,3.560396,69018.46875
ISR,Israel,1979,3.640874,71874.3515625
ISR,Israel,1980,3.721665,72675.703125
ISR,Israel,1981,3.802238,77181.21875
ISR,Israel,1982,3.883632,80870.2578125
ISR,Israel,1983,3.95963,85841.890625
ISR,Israel,1984,4.033735,85982.8125
ISR,Israel,1985,4.105359,88354.8671875
ISR,Israel,1986,4.168971,94029.6640625
ISR,Israel,1987,4.236869,101657.5234375
ISR,Israel,1988,4.30732,107203.34375
ISR,Israel,1989,4.38151,106372.7265625
ISR,Israel,1990,4.544999,116715.828125
ISR,Israel,1991,4.77989,130339.984375
ISR,Israel,1992,4.957238,141905.421875
ISR,Israel,1993,5.086045,149657.578125
ISR,Israel,1994,5.216699,162279.671875
ISR,Israel,1995,5.354739,180442.375
ISR,Israel,1996,5.499551,196272.65625
ISR,Israel,1997,5.646473,206145.34375
ISR,Israel,1998,5.79014,216430.296875
ISR,Israel,1999,5.946081,226606.96875
ISR,Israel,2000,6.11119,247812.203125
ISR,Israel,2001,6.259982,252233.296875
ISR,Israel,2002,6.38772,254805.171875
ISR,Israel,2003,6.50282,244405.421875
ISR,Israel,2004,6.615087,242607.03125
ISR,Israel,2005,6.728206,241841.6875
ISR,Israel,2006,6.844032,248146.90625
ISR,Israel,2007,6.962455,254807.921875
ISR,Israel,2008,7.08262,254101.1875
ISR,Israel,2009,7.206096,265479.40625
ISR,Israel,2010,7.336735,281240.875
ISR,Israel,2011,7.471023,297070.0625
ISR,Israel,2012,7.60778,312071.59375
ISR,Israel,2013,7.749379,325824.53125
ISR,Israel,2014,7.897179,329724.0625
ISR,Israel,2015,8.052908,341821.84375
ISR,Israel,2016,8.210005,368071.125
ISR,Israel,2017,8.361797,378663.65625
ISR,Israel,2018,8.510067,376803.03125
ISR,Israel,2019,8.657474,390987.5
ISR,Israel,2020,8.800376,385369.03125
ISR,Israel,2021,8.942924,423735.1875
ISR,Israel,2022,9.103151,451581.875
ISR,Israel,2023,9.256314,457309.5625
ITA,Italy,1950,46.8672299592732,246168.578125
ITA,Italy,1951,47.1786497713385,265307.9375
ITA,Italy,1952,47.4253990470572,273495.96875
ITA,Italy,1953,47.7149305450718,295147.84375
ITA,Italy,1954,48.0552033072697,309733.0625
ITA,Italy,1955,48.3875170275802,330669.34375
ITA,Italy,1956,48.6740653081778,344046
ITA,Italy,1957,48.9337456548122,360579.59375
ITA,Italy,1958,49.2262641656859,379893.6875
ITA,Italy,1959,49.5804662000471,405842.46875
ITA,Italy,1960,49.9442213619385,433282.15625
ITA,Italy,1961,50.2681775189509,471199.96875
ITA,Italy,1962,50.586561967098,499340.78125
ITA,Italy,1963,50.9398682771458,525800.5625
ITA,Italy,1964,51.3397408651699,540647.3125
ITA,Italy,1965,51.7246859797828,556275.625
ITA,Italy,1966,52.0674485519369,587542.875
ITA,Italy,1967,52.4012538809559,630640.625
ITA,Italy,1968,52.7191411262001,671040.375
ITA,Italy,1969,53.0478757446986,713977.4375
ITA,Italy,1970,53.390236,812705
ITA,Italy,1971,53.707795,834162.5625
ITA,Italy,1972,54.067563,873883.375
ITA,Italy,1973,54.450567,924771.875
ITA,Italy,1974,54.821113,964135.0625
ITA,Italy,1975,55.166045,973942.9375
ITA,Italy,1976,55.459416,1052277.25
ITA,Italy,1977,55.714555,1114959.375
ITA,Italy,1978,55.938965,1196804.5
ITA,Italy,1979,56.13238,1297587.75
ITA,Italy,1980,56.412084,1367838
ITA,Italy,1981,56.64675,1340427
ITA,Italy,1982,56.719175,1332940.375
ITA,Italy,1983,56.766111,1330278
ITA,Italy,1984,56.810353,1336835.375
ITA,Italy,1985,56.855501,1353751.375
ITA,Italy,1986,56.875988,1436757.125
ITA,Italy,1987,56.891926,1502693.5
ITA,Italy,1988,56.928751,1579708.75
ITA,Italy,1989,56.976755,1655200.125
ITA,Italy,1990,57.031454,1731116.75
ITA,Italy,1991,57.075393,1792648.625
ITA,Italy,1992,57.12499,1831456.125
ITA,Italy,1993,57.170764,1810562.5
ITA,Italy,1994,57.420138,1881445.875
ITA,Italy,1995,57.403344,1969833.375
ITA,Italy,1996,57.162092,1997223.375
ITA,Italy,1997,57.189274,2083450.375
ITA,Italy,1998,57.215194,2204411.25
ITA,Italy,1999,57.240798,2253929.5
ITA,Italy,2000,57.272196,2321469.75
ITA,Italy,2001,57.30576,2387420.25
ITA,Italy,2002,57.420628,2310471.25
ITA,Italy,2003,57.739699,2284732.25
ITA,Italy,2004,58.176738,2293892.25
ITA,Italy,2005,58.519693,2294866.25
ITA,Italy,2006,58.754433,2399447
ITA,Italy,2007,59.10872,2536420
ITA,Italy,2008,59.561684,2593171.5
ITA,Italy,2009,59.90401,2540356.5
ITA,Italy,2010,60.164213,2551757.25
ITA,Italy,2011,60.36788,2636741
ITA,Italy,2012,60.531515,2570598
ITA,Italy,2013,60.653868,2491514
ITA,Italy,2014,60.664171,2467945.5
ITA,Italy,2015,60.575316,2531386
ITA,Italy,2016,60.478107,2668154.75
ITA,Italy,2017,60.390318,2720887.25
ITA,Italy,2018,60.277499,2726414.5
ITA,Italy,2019,60.130136,2854516
ITA,Italy,2020,59.912769,2632202.25
ITA,Italy,2021,59.72935,2879634.5
ITA,Italy,2022,59.619115,2941964.75
ITA,Italy,2023,59.499453,3032539.75
JAM,Jamaica,1953,1.39761692302633,5636.8056640625
JAM,Jamaica,1954,1.41806290813004,6364.05908203125
JAM,Jamaica,1955,1.43856694733138,6925.92578125
JAM,Jamaica,1956,1.45902249293132,7510.7919921875
JAM,Jamaica,1957,1.48329002723581,8695.13671875
JAM,Jamaica,1958,1.5129203088092,8807.603515625
JAM,Jamaica,1959,1.54515461614689,9070.376953125
JAM,Jamaica,1960,1.57672118617509,9640.435546875
JAM,Jamaica,1961,1.59231078475036,10093.95703125
JAM,Jamaica,1962,1.60894005849476,10030.236328125
JAM,Jamaica,1963,1.64055500693765,11194.275390625
JAM,Jamaica,1964,1.68031641966833,11491.890625
JAM,Jamaica,1965,1.71742070556525,11670.7861328125
JAM,Jamaica,1966,1.75866526226643,12266.5224609375
JAM,Jamaica,1967,1.79829536215722,12353.6259765625
JAM,Jamaica,1968,1.82958364111422,12202.6328125
JAM,Jamaica,1969,1.8548397076923,12712.404296875
JAM,Jamaica,1970,1.878196,14593.4619140625
JAM,Jamaica,1971,1.903728,15052.3876953125
JAM,Jamaica,1972,1.931542,16571.5234375
JAM,Jamaica,1973,1.961219,16752.70703125
JAM,Jamaica,1974,1.990906,16272.640625
JAM,Jamaica,1975,2.018981,16704.001953125
JAM,Jamaica,1976,2.045578,15638.892578125
JAM,Jamaica,1977,2.070657,15040.0908203125
JAM,Jamaica,1978,2.094836,14636.2861328125
JAM,Jamaica,1979,2.119486,13079.4287109375
JAM,Jamaica,1980,2.145658,11693.7734375
JAM,Jamaica,1981,2.173818,11050.6728515625
JAM,Jamaica,1982,2.203889,11059.51171875
JAM,Jamaica,1983,2.234832,11389.908203125
JAM,Jamaica,1984,2.264562,11694.390625
JAM,Jamaica,1985,2.290656,10918.9892578125
JAM,Jamaica,1986,2.312125,11811.451171875
JAM,Jamaica,1987,2.329813,12720.9365234375
JAM,Jamaica,1988,2.345777,13330.61328125
JAM,Jamaica,1989,2.361916,13398.900390625
JAM,Jamaica,1990,2.379877,14086.9931640625
JAM,Jamaica,1991,2.400869,14201.853515625
JAM,Jamaica,1992,2.424701,15300.26953125
JAM,Jamaica,1993,2.449916,15799.341796875
JAM,Jamaica,1994,2.47522,15940.5634765625
JAM,Jamaica,1995,2.500151,16192.7998046875
JAM,Jamaica,1996,2.524463,16604.095703125
JAM,Jamaica,1997,2.547848,16903.056640625
JAM,Jamaica,1998,2.569736,17258.796875
JAM,Jamaica,1999,2.589795,17639.705078125
JAM,Jamaica,2000,2.607826,18002.98828125
JAM,Jamaica,2001,2.624403,18530.947265625
JAM,Jamaica,2002,2.640572,19040.587890625
JAM,Jamaica,2003,2.656623,20175.294921875
JAM,Jamaica,2004,2.672225,20816.666015625
JAM,Jamaica,2005,2.687066,21592.525390625
JAM,Jamaica,2006,2.700968,22813.92578125
JAM,Jamaica,2007,2.7138,23988.53515625
JAM,Jamaica,2008,2.725635,23366.91015625
JAM,Jamaica,2009,2.736995,23489.53515625
JAM,Jamaica,2010,2.748568,23969.91796875
JAM,Jamaica,2011,2.760494,24825.85546875
JAM,Jamaica,2012,2.77243,25495.3671875
JAM,Jamaica,2013,2.783687,25352.7421875
JAM,Jamaica,2014,2.793749,25353.587890625
JAM,Jamaica,2015,2.802534,26444.017578125
JAM,Jamaica,2016,2.809915,27591.33203125
JAM,Jamaica,2017,2.815764,28278.2109375
JAM,Jamaica,2018,2.820097,28382.087890625
JAM,Jamaica,2019,2.823271,28538.20703125
JAM,Jamaica,2020,2.830739,25320.427734375
JAM,Jamaica,2021,2.837682,26414.9296875
JAM,Jamaica,2022,2.839144,27352.494140625
JAM,Jamaica,2023,2.839786,28776.29296875
JOR,Jordan,1954,0.686560858011321,2041.46423339844
JOR,Jordan,1955,0.715386447965035,1723.03381347656
JOR,Jordan,1956,0.745624227587923,2403.07446289063
JOR,Jordan,1957,0.777457370002651,2513.7431640625
JOR,Jordan,1958,0.810910890040946,2857.806640625
JOR,Jordan,1959,0.846173298978151,3282.44165039063
JOR,Jordan,1960,0.883633040528814,3650.81884765625
JOR,Jordan,1961,0.923502585583778,4193.9130859375
JOR,Jordan,1962,0.972196841871942,4410.32470703125
JOR,Jordan,1963,1.01488331768012,4575.28759765625
JOR,Jordan,1964,1.05927868513184,5383.69873046875
JOR,Jordan,1965,1.10539448953404,5985.76171875
JOR,Jordan,1966,1.1532160199311,6064.49755859375
JOR,Jordan,1967,1.30700199139433,7103.634765625
JOR,Jordan,1968,1.43975911731751,7794.28857421875
JOR,Jordan,1969,1.51369973218962,7801.72119140625
JOR,Jordan,1970,1.565163,6809.3984375
JOR,Jordan,1971,1.645145,6942.8642578125
JOR,Jordan,1972,1.714555,7387.91162109375
JOR,Jordan,1973,1.778094,6978.0400390625
JOR,Jordan,1974,1.839182,7185.91748046875
JOR,Jordan,1975,1.899055,6828.62939453125
JOR,Jordan,1976,1.958177,8098.82568359375
JOR,Jordan,1977,2.019002,8644.578125
JOR,Jordan,1978,2.083595,9953.208984375
JOR,Jordan,1979,2.153882,11182.427734375
JOR,Jordan,1980,2.234186,12867.978515625
JOR,Jordan,1981,2.325517,15596.1025390625
JOR,Jordan,1982,2.426927,15508.6533203125
JOR,Jordan,1983,2.537307,15439.9150390625
JOR,Jordan,1984,2.654688,16402.759765625
JOR,Jordan,1985,2.77881,15745.876953125
JOR,Jordan,1986,2.909887,18358.1640625
JOR,Jordan,1987,3.047634,20374.42578125
JOR,Jordan,1988,3.193039,18598.3828125
JOR,Jordan,1989,3.349627,14670.3779296875
JOR,Jordan,1990,3.621908,13649.9541015625
JOR,Jordan,1991,3.915149,14143.771484375
JOR,Jordan,1992,4.127693,15716.826171875
JOR,Jordan,1993,4.34802,16349.7578125
JOR,Jordan,1994,4.561406,17870.58203125
JOR,Jordan,1995,4.752096,18767.255859375
JOR,Jordan,1996,4.912516,18668.3984375
JOR,Jordan,1997,5.046285,19582.62890625
JOR,Jordan,1998,5.164284,20667.62890625
JOR,Jordan,1999,5.276444,21590.802734375
JOR,Jordan,2000,5.386945,22151.265625
JOR,Jordan,2001,5.498894,23872.763671875
JOR,Jordan,2002,5.616066,26080.0703125
JOR,Jordan,2003,5.741828,28354.8125
JOR,Jordan,2004,5.882061,31669.279296875
JOR,Jordan,2005,6.029587,35375.65234375
JOR,Jordan,2006,6.427371,40988.0390625
JOR,Jordan,2007,6.827227,46840.7421875
JOR,Jordan,2008,6.989866,56282.9296875
JOR,Jordan,2009,7.141753,66400.390625
JOR,Jordan,2010,7.297043,75338.65625
JOR,Jordan,2011,7.480424,85695.578125
JOR,Jordan,2012,7.587127,87777.59375
JOR,Jordan,2013,7.991809,88647.6953125
JOR,Jordan,2014,8.79171,89678.1953125
JOR,Jordan,2015,9.544729,94978.21875
JOR,Jordan,2016,10.006367,96641.8203125
JOR,Jordan,2017,10.234226,102041.328125
JOR,Jordan,2018,10.462306,100367.234375
JOR,Jordan,2019,10.671891,105687.6328125
JOR,Jordan,2020,10.865228,107303.0390625
JOR,Jordan,2021,11.066356,102629.328125
JOR,Jordan,2022,11.256263,97078.375
JOR,Jordan,2023,11.439213,102470.1953125
JPN,Japan,1950,85.7063830920046,275786.5625
JPN,Japan,1951,87.0960614624202,306800.375
JPN,Japan,1952,88.4206202379883,335917.8125
JPN,Japan,1953,89.6439026726603,352598.03125
JPN,Japan,1954,90.7675550921625,374531.625
JPN,Japan,1955,91.8528036480368,405605.9375
JPN,Japan,1956,92.8255324726273,432569.96875
JPN,Japan,1957,93.6404090897702,460860.4375
JPN,Japan,1958,94.4849039650056,502133.90625
JPN,Japan,1959,95.4132912298647,551325.3125
JPN,Japan,1960,96.2264044839072,622744.3125
JPN,Japan,1961,97.0973810156143,689743.5
JPN,Japan,1962,98.0060045692646,757239.9375
JPN,Japan,1963,99.0084296768636,821343.5
JPN,Japan,1964,100.045763131856,916018.75
JPN,Japan,1965,101.125994685635,976342.875
JPN,Japan,1966,102.054366345511,1075186.375
JPN,Japan,1967,103.11282114525,1187611
JPN,Japan,1968,104.273972339355,1336570.25
JPN,Japan,1969,105.512610077485,1497767.75
JPN,Japan,1970,106.712368,1656064.375
JPN,Japan,1971,107.95203,1766845
JPN,Japan,1972,109.238955,1929993.25
JPN,Japan,1973,110.614736,2079663.25
JPN,Japan,1974,112.009694,2023085.875
JPN,Japan,1975,113.321196,2099740
JPN,Japan,1976,114.502795,2232799
JPN,Japan,1977,115.574277,2381989.25
JPN,Japan,1978,116.576944,2581526.75
JPN,Japan,1979,117.521556,2722182
JPN,Japan,1980,118.358756,2796295.75
JPN,Japan,1981,118.994053,2787704.25
JPN,Japan,1982,119.485775,2736163.5
JPN,Japan,1983,119.948947,2690529.25
JPN,Japan,1984,120.384394,2703964.5
JPN,Japan,1985,120.832163,2763520.75
JPN,Japan,1986,121.366735,2958267.25
JPN,Japan,1987,121.943587,3150152.25
JPN,Japan,1988,122.476952,3469540
JPN,Japan,1989,122.947413,3757369
JPN,Japan,1990,123.399765,4046020.5
JPN,Japan,1991,123.889871,4307417.5
JPN,Japan,1992,124.383708,4463374
JPN,Japan,1993,124.839958,4593764.5
JPN,Japan,1994,125.28686,4674152
JPN,Japan,1995,125.672665,4946759.5
JPN,Japan,1996,125.975302,5258580
JPN,Japan,1997,126.265929,5266408
JPN,Japan,1998,126.549181,5188714.5
JPN,Japan,1999,126.801564,5131489.5
JPN,Japan,2000,127.027789,5264667.5
JPN,Japan,2001,127.260148,5299230
JPN,Japan,2002,127.484598,5303337.5
JPN,Japan,2003,127.671251,5373061
JPN,Japan,2004,127.815774,5475032
JPN,Japan,2005,127.91333,5544842
JPN,Japan,2006,127.997247,5619079
JPN,Japan,2007,128.087682,5721867.5
JPN,Japan,2008,128.15599,5611646
JPN,Japan,2009,128.19247,5372873
JPN,Japan,2010,128.185275,5568566.5
JPN,Japan,2011,128.096432,5527307.5
JPN,Japan,2012,127.928285,5578679
JPN,Japan,2013,127.723645,5612847
JPN,Japan,2014,127.486605,5506011.5
JPN,Japan,2015,127.275872,5667116.5
JPN,Japan,2016,127.159951,5581832.5
JPN,Japan,2017,127.06469,5567545
JPN,Japan,2018,126.913432,5523070.5
JPN,Japan,2019,126.699424,5515624
JPN,Japan,2020,126.304543,5335586.5
JPN,Japan,2021,125.679338,5337506.5
JPN,Japan,2022,124.997578,5243242.5
JPN,Japan,2023,124.370947,5393180.5
KAZ,Kazakhstan,1990,17.154054,220394.3125
KAZ,Kazakhstan,1991,17.2786,218746.484375
KAZ,Kazakhstan,1992,17.332625,231148.375
KAZ,Kazakhstan,1993,17.274487,165968.28125
KAZ,Kazakhstan,1994,17.043771,132071.328125
KAZ,Kazakhstan,1995,16.730536,114959.1640625
KAZ,Kazakhstan,1996,16.416027,114212.7578125
KAZ,Kazakhstan,1997,16.043251,107074.9375
KAZ,Kazakhstan,1998,15.647785,98430.8671875
KAZ,Kazakhstan,1999,15.455874,98224.9921875
KAZ,Kazakhstan,2000,15.501103,113141.9609375
KAZ,Kazakhstan,2001,15.57555,121303.15625
KAZ,Kazakhstan,2002,15.656677,129719.6484375
KAZ,Kazakhstan,2003,15.74738,146048.84375
KAZ,Kazakhstan,2004,15.850159,166145.640625
KAZ,Kazakhstan,2005,15.968117,192665.3125
KAZ,Kazakhstan,2006,16.103716,234943.015625
KAZ,Kazakhstan,2007,16.257214,270028.875
KAZ,Kazakhstan,2008,16.426525,311803.78125
KAZ,Kazakhstan,2009,16.619846,299813.1875
KAZ,Kazakhstan,2010,16.83681,361168.9375
KAZ,Kazakhstan,2011,17.066002,451246.65625
KAZ,Kazakhstan,2012,17.306106,476279
KAZ,Kazakhstan,2013,17.556502,503827.125
KAZ,Kazakhstan,2014,17.816285,516442.8125
KAZ,Kazakhstan,2015,18.084169,481565.65625
KAZ,Kazakhstan,2016,18.3636,492651.75
KAZ,Kazakhstan,2017,18.651931,534304.25
KAZ,Kazakhstan,2018,18.932727,534350.0625
KAZ,Kazakhstan,2019,19.209555,614867.1875
KAZ,Kazakhstan,2020,19.482117,605905.125
KAZ,Kazakhstan,2021,19.743603,649053.625
KAZ,Kazakhstan,2022,20.034609,700118.0625
KAZ,Kazakhstan,2023,20.330104,709324.125
KEN,Kenya,1950,6.18736860323453,12568.7822265625
KEN,Kenya,1951,6.35733906698608,14896.439453125
KEN,Kenya,1952,6.53393789731302,13625.1337890625
KEN,Kenya,1953,6.71813004403238,13127.25390625
KEN,Kenya,1954,6.91027748382379,14915.873046875
KEN,Kenya,1955,7.11005342549047,16035.0859375
KEN,Kenya,1956,7.31853126725546,16363.1142578125
KEN,Kenya,1957,7.53538325393616,17017.78125
KEN,Kenya,1958,7.76176472255127,17170.3125
KEN,Kenya,1959,7.99814513420059,16977
KEN,Kenya,1960,8.24502190557302,18420.369140625
KEN,Kenya,1961,8.50291992695365,18591.83984375
KEN,Kenya,1962,8.77239349019543,19819.0390625
KEN,Kenya,1963,9.05402677071207,20294.505859375
KEN,Kenya,1964,9.34750550912259,22059.126953125
KEN,Kenya,1965,9.65242868732122,22963.259765625
KEN,Kenya,1966,9.97028855537467,25379.2578125
KEN,Kenya,1967,10.3017068841441,26376.53125
KEN,Kenya,1968,10.646269159722,26197.380859375
KEN,Kenya,1969,11.0056585013697,27853.294921875
KEN,Kenya,1970,11.368791,26630.822265625
KEN,Kenya,1971,11.788904,28065.265625
KEN,Kenya,1972,12.20606,30430.548828125
KEN,Kenya,1973,12.634835,32644.263671875
KEN,Kenya,1974,13.070078,36084.73046875
KEN,Kenya,1975,13.511671,33331.28515625
KEN,Kenya,1976,13.957623,34972.06640625
KEN,Kenya,1977,14.428819,41219.125
KEN,Kenya,1978,14.934126,42797.66015625
KEN,Kenya,1979,15.460666,40347.109375
KEN,Kenya,1980,16.018459,43235.78515625
KEN,Kenya,1981,16.601507,42453.58203125
KEN,Kenya,1982,17.206175,43695.62890625
KEN,Kenya,1983,17.846374,46088.46484375
KEN,Kenya,1984,18.514906,49766.04296875
KEN,Kenya,1985,19.201768,53050.4765625
KEN,Kenya,1986,19.901646,55072.13671875
KEN,Kenya,1987,20.616096,56341.0859375
KEN,Kenya,1988,21.356219,59579.84375
KEN,Kenya,1989,22.118434,61129.87109375
KEN,Kenya,1990,22.892651,62134.8203125
KEN,Kenya,1991,23.646514,64283.625
KEN,Kenya,1992,24.38246,62889.5390625
KEN,Kenya,1993,25.117188,66505.3203125
KEN,Kenya,1994,25.85713,75911.7109375
KEN,Kenya,1995,26.601751,72854.4765625
KEN,Kenya,1996,27.344211,77387.15625
KEN,Kenya,1997,28.101768,78586.90625
KEN,Kenya,1998,28.888057,81129.546875
KEN,Kenya,1999,29.733408,81183.328125
KEN,Kenya,2000,30.64289,80126.3515625
KEN,Kenya,2001,31.61917,80888.1484375
KEN,Kenya,2002,32.629808,79076.953125
KEN,Kenya,2003,33.652223,82207.015625
KEN,Kenya,2004,34.713455,84412.7265625
KEN,Kenya,2005,35.796484,86902.6640625
KEN,Kenya,2006,36.904008,96682.0625
KEN,Kenya,2007,38.036349,105481.9453125
KEN,Kenya,2008,39.206351,109711.71875
KEN,Kenya,2009,40.408891,124336.6171875
KEN,Kenya,2010,41.598567,133527.671875
KEN,Kenya,2011,42.758461,138733.90625
KEN,Kenya,2012,43.888303,151048.703125
KEN,Kenya,2013,44.986791,160895.96875
KEN,Kenya,2014,46.05144,173776.59375
KEN,Kenya,2015,47.088526,195307.5
KEN,Kenya,2016,48.139687,210638.96875
KEN,Kenya,2017,49.197766,223960.640625
KEN,Kenya,2018,50.207107,242126.109375
KEN,Kenya,2019,51.202827,260573.21875
KEN,Kenya,2020,52.217334,263218.6875
KEN,Kenya,2021,53.219166,281170.4375
KEN,Kenya,2022,54.252461,291565.5625
KEN,Kenya,2023,55.339003,308679.90625
KGZ,Kyrgyzstan,1990,4.459543,40537.84765625
KGZ,Kyrgyzstan,1991,4.532116,40628.43359375
KGZ,Kyrgyzstan,1992,4.60031,31882.82421875
KGZ,Kyrgyzstan,1993,4.626803,27068.79296875
KGZ,Kyrgyzstan,1994,4.649185,21258.1328125
KGZ,Kyrgyzstan,1995,4.713635,16671.390625
KGZ,Kyrgyzstan,1996,4.782882,15934.5966796875
KGZ,Kyrgyzstan,1997,4.847993,14184.3525390625
KGZ,Kyrgyzstan,1998,4.907791,11996.8916015625
KGZ,Kyrgyzstan,1999,4.968587,12247.6796875
KGZ,Kyrgyzstan,2000,5.025145,12649.8701171875
KGZ,Kyrgyzstan,2001,5.071956,12834.544921875
KGZ,Kyrgyzstan,2002,5.116254,12279.0390625
KGZ,Kyrgyzstan,2003,5.159422,13228.8271484375
KGZ,Kyrgyzstan,2004,5.203041,13717.490234375
KGZ,Kyrgyzstan,2005,5.246332,13216.15625
KGZ,Kyrgyzstan,2006,5.282453,14143.890625
KGZ,Kyrgyzstan,2007,5.313368,15981.474609375
KGZ,Kyrgyzstan,2008,5.34252,17511.23046875
KGZ,Kyrgyzstan,2009,5.398007,18415.6796875
KGZ,Kyrgyzstan,2010,5.491761,18975.3359375
KGZ,Kyrgyzstan,2011,5.594535,22846.06640625
KGZ,Kyrgyzstan,2012,5.696519,23886.814453125
KGZ,Kyrgyzstan,2013,5.797289,25158.953125
KGZ,Kyrgyzstan,2014,5.898319,26561.416015625
KGZ,Kyrgyzstan,2015,6.001882,27481.373046875
KGZ,Kyrgyzstan,2016,6.108462,31303.916015625
KGZ,Kyrgyzstan,2017,6.22015,35267.24609375
KGZ,Kyrgyzstan,2018,6.341732,33678.65625
KGZ,Kyrgyzstan,2019,6.494035,37492.0546875
KGZ,Kyrgyzstan,2020,6.66414,37100.52734375
KGZ,Kyrgyzstan,2021,6.820479,39144.1875
KGZ,Kyrgyzstan,2022,6.955788,43315.55859375
KGZ,Kyrgyzstan,2023,7.073516,50925.15234375
KHM,Cambodia,1970,6.639182,11772.412109375
KHM,Cambodia,1971,6.62088,11188.177734375
KHM,Cambodia,1972,6.673886,10584.052734375
KHM,Cambodia,1973,6.739726,8584.1396484375
KHM,Cambodia,1974,6.78324,8133.49609375
KHM,Cambodia,1975,6.581371,8026.37451171875
KHM,Cambodia,1976,6.134991,8025.9736328125
KHM,Cambodia,1977,5.668551,6843.6982421875
KHM,Cambodia,1978,5.211653,6845.0302734375
KHM,Cambodia,1979,5.088808,5974.369140625
KHM,Cambodia,1980,5.199872,5629.93408203125
KHM,Cambodia,1981,5.284495,5621.6611328125
KHM,Cambodia,1982,5.436432,5617.03271484375
KHM,Cambodia,1983,5.636203,5870.9677734375
KHM,Cambodia,1984,5.845117,6159.1201171875
KHM,Cambodia,1985,6.043783,6430.64990234375
KHM,Cambodia,1986,6.285693,6714.47216796875
KHM,Cambodia,1987,6.55797,8150.23681640625
KHM,Cambodia,1988,6.812014,9134.74609375
KHM,Cambodia,1989,7.073473,9624.716796875
KHM,Cambodia,1990,7.374752,9700.798828125
KHM,Cambodia,1991,7.68685,10669.6552734375
KHM,Cambodia,1992,8.113083,11392.390625
KHM,Cambodia,1993,8.616381,10883.13671875
KHM,Cambodia,1994,9.239162,11723.3935546875
KHM,Cambodia,1995,10.018497,12964.1962890625
KHM,Cambodia,1996,10.80127,12522.4794921875
KHM,Cambodia,1997,11.570982,13457.2587890625
KHM,Cambodia,1998,12.058173,13853.232421875
KHM,Cambodia,1999,12.265731,15956.7900390625
KHM,Cambodia,2000,12.462336,17314.208984375
KHM,Cambodia,2001,12.658484,19006.744140625
KHM,Cambodia,2002,12.855241,20776.4453125
KHM,Cambodia,2003,13.050968,23557.38671875
KHM,Cambodia,2004,13.244731,27617.212890625
KHM,Cambodia,2005,13.439202,33139.87890625
KHM,Cambodia,2006,13.639028,36453.1484375
KHM,Cambodia,2007,13.84177,40500.01953125
KHM,Cambodia,2008,14.053479,48211.91015625
KHM,Cambodia,2009,14.27681,47987.3828125
KHM,Cambodia,2010,14.500726,50052.15234375
KHM,Cambodia,2011,14.722584,54506.3125
KHM,Cambodia,2012,14.945085,59810.578125
KHM,Cambodia,2013,15.170208,63505.46875
KHM,Cambodia,2014,15.396772,67213.296875
KHM,Cambodia,2015,15.623251,73633.953125
KHM,Cambodia,2016,15.852803,79444.0859375
KHM,Cambodia,2017,16.073372,83995.3671875
KHM,Cambodia,2018,16.274522,92441.09375
KHM,Cambodia,2019,16.481304,100248.1015625
KHM,Cambodia,2020,16.725474,97016.796875
KHM,Cambodia,2021,16.974305,98967.2265625
KHM,Cambodia,2022,17.201724,102844.25
KHM,Cambodia,2023,17.42388,96302.9609375
KNA,Saint Kitts and Nevis,1970,0.044606,160.369888305664
KNA,Saint Kitts and Nevis,1971,0.044206,176.237808227539
KNA,Saint Kitts and Nevis,1972,0.044033,190.893951416016
KNA,Saint Kitts and Nevis,1973,0.04388,170.019744873047
KNA,Saint Kitts and Nevis,1974,0.043738,225.117340087891
KNA,Saint Kitts and Nevis,1975,0.043606,238.693939208984
KNA,Saint Kitts and Nevis,1976,0.043482,246.772232055664
KNA,Saint Kitts and Nevis,1977,0.043358,250.315505981445
KNA,Saint Kitts and Nevis,1978,0.043217,275.354888916016
KNA,Saint Kitts and Nevis,1979,0.043033,303.292633056641
KNA,Saint Kitts and Nevis,1980,0.04285,327.197814941406
KNA,Saint Kitts and Nevis,1981,0.042698,341.43603515625
KNA,Saint Kitts and Nevis,1982,0.042532,330.47509765625
KNA,Saint Kitts and Nevis,1983,0.042334,334.559143066406
KNA,Saint Kitts and Nevis,1984,0.042113,363.278106689453
KNA,Saint Kitts and Nevis,1985,0.041874,380.107360839844
KNA,Saint Kitts and Nevis,1986,0.041618,409.335113525391
KNA,Saint Kitts and Nevis,1987,0.041348,438.693328857422
KNA,Saint Kitts and Nevis,1988,0.041062,441.685638427734
KNA,Saint Kitts and Nevis,1989,0.040758,471.886108398438
KNA,Saint Kitts and Nevis,1990,0.040432,491.229461669922
KNA,Saint Kitts and Nevis,1991,0.040358,511.04541015625
KNA,Saint Kitts and Nevis,1992,0.040715,530.871276855469
KNA,Saint Kitts and Nevis,1993,0.041242,555.39306640625
KNA,Saint Kitts and Nevis,1994,0.041776,607.432861328125
KNA,Saint Kitts and Nevis,1995,0.042326,619.771484375
KNA,Saint Kitts and Nevis,1996,0.042877,673.59814453125
KNA,Saint Kitts and Nevis,1997,0.043428,684.841369628906
KNA,Saint Kitts and Nevis,1998,0.043998,709.328674316406
KNA,Saint Kitts and Nevis,1999,0.044601,777.490783691406
KNA,Saint Kitts and Nevis,2000,0.045248,820.397155761719
KNA,Saint Kitts and Nevis,2001,0.045761,776.10546875
KNA,Saint Kitts and Nevis,2002,0.04602,858.725524902344
KNA,Saint Kitts and Nevis,2003,0.046176,822.873413085938
KNA,Saint Kitts and Nevis,2004,0.046315,896.796813964844
KNA,Saint Kitts and Nevis,2005,0.046437,1058.29626464844
KNA,Saint Kitts and Nevis,2006,0.046569,1092.92907714844
KNA,Saint Kitts and Nevis,2007,0.046706,1129.93432617188
KNA,Saint Kitts and Nevis,2008,0.046835,1237.60290527344
KNA,Saint Kitts and Nevis,2009,0.046916,1239.1396484375
KNA,Saint Kitts and Nevis,2010,0.046846,1284.07153320313
KNA,Saint Kitts and Nevis,2011,0.046886,1353.65173339844
KNA,Saint Kitts and Nevis,2012,0.047033,1341.36022949219
KNA,Saint Kitts and Nevis,2013,0.047069,1364.47717285156
KNA,Saint Kitts and Nevis,2014,0.047089,1474.43786621094
KNA,Saint Kitts and Nevis,2015,0.047087,1491.35461425781
KNA,Saint Kitts and Nevis,2016,0.047075,1548.37170410156
KNA,Saint Kitts and Nevis,2017,0.04705,1595.7998046875
KNA,Saint Kitts and Nevis,2018,0.047008,1607.2099609375
KNA,Saint Kitts and Nevis,2019,0.046952,1688.177734375
KNA,Saint Kitts and Nevis,2020,0.04687,1393.1103515625
KNA,Saint Kitts and Nevis,2021,0.046763,1321.85632324219
KNA,Saint Kitts and Nevis,2022,0.046709,1459.52075195313
KNA,Saint Kitts and Nevis,2023,0.046758,1495.51000976563
KOR,Republic of Korea,1953,21.2572120080287,26509.615234375
KOR,Republic of Korea,1954,21.4574370881028,27152.990234375
KOR,Republic of Korea,1955,21.7531716336547,29181.66796875
KOR,Republic of Korea,1956,22.2370431349991,29490.7265625
KOR,Republic of Korea,1957,22.8227887042858,32687.55859375
KOR,Republic of Korea,1958,23.470857708414,33699.83203125
KOR,Republic of Korea,1959,24.2053474640952,34080.2109375
KOR,Republic of Korea,1960,25.0156734025605,34090.42578125
KOR,Republic of Korea,1961,25.8531268707681,35809.890625
KOR,Republic of Korea,1962,26.6671260280787,36244.515625
KOR,Republic of Korea,1963,27.4655236311325,41116.86328125
KOR,Republic of Korea,1964,28.2454261537637,44594.98046875
KOR,Republic of Korea,1965,28.9731624232241,46800.58984375
KOR,Republic of Korea,1966,29.7109923438406,52793.92578125
KOR,Republic of Korea,1967,30.4124847352621,55943.453125
KOR,Republic of Korea,1968,31.1260883529705,62500.390625
KOR,Republic of Korea,1969,31.8386851082805,71772.34375
KOR,Republic of Korea,1970,32.542197,78553.421875
KOR,Republic of Korea,1971,33.239853,92014.5
KOR,Republic of Korea,1972,33.936465,105210.9296875
KOR,Republic of Korea,1973,34.625849,128407.640625
KOR,Republic of Korea,1974,35.287837,145888.703125
KOR,Republic of Korea,1975,35.875743,167891.875
KOR,Republic of Korea,1976,36.379925,189679.75
KOR,Republic of Korea,1977,36.843637,208804.40625
KOR,Republic of Korea,1978,37.281935,228151.28125
KOR,Republic of Korea,1979,37.710899,239219.890625
KOR,Republic of Korea,1980,38.141107,218522.578125
KOR,Republic of Korea,1981,38.689189,231217.65625
KOR,Republic of Korea,1982,39.356154,251983.890625
KOR,Republic of Korea,1983,40.000941,286419.96875
KOR,Republic of Korea,1984,40.5983,317002.28125
KOR,Republic of Korea,1985,41.148963,339696.375
KOR,Republic of Korea,1986,41.718505,392296.09375
KOR,Republic of Korea,1987,42.322092,453919.4375
KOR,Republic of Korea,1988,42.922977,520179.34375
KOR,Republic of Korea,1989,43.524767,574235.3125
KOR,Republic of Korea,1990,44.081427,642726.75
KOR,Republic of Korea,1991,44.43915,732588.625
KOR,Republic of Korea,1992,44.653695,797743.8125
KOR,Republic of Korea,1993,44.887724,879769.5625
KOR,Republic of Korea,1994,45.13084,995668.9375
KOR,Republic of Korea,1995,45.368425,1120924.25
KOR,Republic of Korea,1996,45.6387,1244699.375
KOR,Republic of Korea,1997,45.941537,1229958.125
KOR,Republic of Korea,1998,46.230878,1129101.625
KOR,Republic of Korea,1999,46.500383,1228570.625
KOR,Republic of Korea,2000,46.766661,1306279.5
KOR,Republic of Korea,2001,47.043468,1360284.375
KOR,Republic of Korea,2002,47.29912,1478578.875
KOR,Republic of Korea,2003,47.51416,1539034.5
KOR,Republic of Korea,2004,47.697075,1632007.875
KOR,Republic of Korea,2005,47.851644,1712799.375
KOR,Republic of Korea,2006,48.006518,1781658.625
KOR,Republic of Korea,2007,48.178118,1890641.5
KOR,Republic of Korea,2008,48.356493,1904794.75
KOR,Republic of Korea,2009,48.546687,1909636
KOR,Republic of Korea,2010,48.769332,2022435.375
KOR,Republic of Korea,2011,49.127643,2017057.5
KOR,Republic of Korea,2012,49.599579,2047390.25
KOR,Republic of Korea,2013,50.071164,2012698.375
KOR,Republic of Korea,2014,50.539056,2085755.5
KOR,Republic of Korea,2015,50.983912,2244826
KOR,Republic of Korea,2016,51.297839,2342865.25
KOR,Republic of Korea,2017,51.48627,2408608.25
KOR,Republic of Korea,2018,51.640894,2501608
KOR,Republic of Korea,2019,51.767846,2546967.75
KOR,Republic of Korea,2020,51.858482,2588778.5
KOR,Republic of Korea,2021,51.848397,2691082.75
KOR,Republic of Korea,2022,51.782512,2669096
KOR,Republic of Korea,2023,51.748739,2711053.75
KWT,Kuwait,1970,0.809114,28610.39453125
KWT,Kuwait,1971,0.865076,36301.03125
KWT,Kuwait,1972,0.920352,38266.44921875
KWT,Kuwait,1973,0.977654,39008.13671875
KWT,Kuwait,1974,1.038346,81295.71875
KWT,Kuwait,1975,1.104863,69487.03125
KWT,Kuwait,1976,1.178711,74554.1171875
KWT,Kuwait,1977,1.258023,75725.140625
KWT,Kuwait,1978,1.340319,72977.8046875
KWT,Kuwait,1979,1.423514,103689.328125
KWT,Kuwait,1980,1.504782,106937.515625
KWT,Kuwait,1981,1.583426,88801.625
KWT,Kuwait,1982,1.66248,73663.6953125
KWT,Kuwait,1983,1.744295,74735.375
KWT,Kuwait,1984,1.820688,76340.34375
KWT,Kuwait,1985,1.894242,72723.640625
KWT,Kuwait,1986,1.97252,56469.21875
KWT,Kuwait,1987,2.052994,66672.8984375
KWT,Kuwait,1988,2.134707,58843.76171875
KWT,Kuwait,1989,2.217468,68144.6875
KWT,Kuwait,1990,1.684819,50649.453125
KWT,Kuwait,1991,1.351399,29700.9140625
KWT,Kuwait,1992,1.634961,56498.171875
KWT,Kuwait,1993,1.672151,75304.375
KWT,Kuwait,1994,1.664361,81711.171875
KWT,Kuwait,1995,1.681513,82209.2578125
KWT,Kuwait,1996,1.730246,84796.3671875
KWT,Kuwait,1997,1.787683,85907.0703125
KWT,Kuwait,1998,1.844302,89927.4375
KWT,Kuwait,1999,1.90003,87268.7109375
KWT,Kuwait,2000,1.954709,90748.25
KWT,Kuwait,2001,2.008121,83536.96875
KWT,Kuwait,2002,2.059974,89830.6953125
KWT,Kuwait,2003,2.109881,108735.59375
KWT,Kuwait,2004,2.15732,134243.90625
KWT,Kuwait,2005,2.236788,177029.234375
KWT,Kuwait,2006,2.364733,217261.875
KWT,Kuwait,2007,2.507887,236070.796875
KWT,Kuwait,2008,2.651421,269574.15625
KWT,Kuwait,2009,2.795484,205839.453125
KWT,Kuwait,2010,2.943372,232454.765625
KWT,Kuwait,2011,3.132814,295533.25
KWT,Kuwait,2012,3.337025,311722.5
KWT,Kuwait,2013,3.507746,303916.5625
KWT,Kuwait,2014,3.665766,280179.71875
KWT,Kuwait,2015,3.834454,203682.015625
KWT,Kuwait,2016,4.003971,199033.75
KWT,Kuwait,2017,4.154685,223500.46875
KWT,Kuwait,2018,4.323387,242121
KWT,Kuwait,2019,4.442194,243605.78125
KWT,Kuwait,2020,4.400144,196945.5625
KWT,Kuwait,2021,4.360742,226124.890625
KWT,Kuwait,2022,4.589511,281290.0625
KWT,Kuwait,2023,4.838782,239306.4375
LAO,Lao People's DR,1970,2.669702,2220.80712890625
LAO,Lao People's DR,1971,2.734628,2331.46728515625
LAO,Lao People's DR,1972,2.80166,2412.33959960938
LAO,Lao People's DR,1973,2.870573,2625.271484375
LAO,Lao People's DR,1974,2.939761,2717.794921875
LAO,Lao People's DR,1975,3.005521,2897.93090820313
LAO,Lao People's DR,1976,3.064876,2984.0908203125
LAO,Lao People's DR,1977,3.118923,2926.95922851563
LAO,Lao People's DR,1978,3.17174,2966.134765625
LAO,Lao People's DR,1979,3.228202,2884.56005859375
LAO,Lao People's DR,1980,3.292573,3177.96337890625
LAO,Lao People's DR,1981,3.366631,3671.17260742188
LAO,Lao People's DR,1982,3.450026,3950.63500976563
LAO,Lao People's DR,1983,3.541001,4196.599609375
LAO,Lao People's DR,1984,3.637843,4224.76025390625
LAO,Lao People's DR,1985,3.739985,4673.6787109375
LAO,Lao People's DR,1986,3.846715,4906.43115234375
LAO,Lao People's DR,1987,3.957612,4922.6416015625
LAO,Lao People's DR,1988,4.072601,5081.34228515625
LAO,Lao People's DR,1989,4.190974,5683.90380859375
LAO,Lao People's DR,1990,4.311955,6069.625
LAO,Lao People's DR,1991,4.435118,6329.98291015625
LAO,Lao People's DR,1992,4.559646,6677.3369140625
LAO,Lao People's DR,1993,4.68506,7081.86962890625
LAO,Lao People's DR,1994,4.80922,7625.87255859375
LAO,Lao People's DR,1995,4.929409,8182.26708984375
LAO,Lao People's DR,1996,5.045678,8820.66015625
LAO,Lao People's DR,1997,5.152011,9345.83203125
LAO,Lao People's DR,1998,5.248266,9683.73828125
LAO,Lao People's DR,1999,5.340784,10766.466796875
LAO,Lao People's DR,2000,5.431212,10695.0146484375
LAO,Lao People's DR,2001,5.521482,12950.3271484375
LAO,Lao People's DR,2002,5.610889,14413.076171875
LAO,Lao People's DR,2003,5.697945,14797.46484375
LAO,Lao People's DR,2004,5.781626,15664.8779296875
LAO,Lao People's DR,2005,5.869523,16184.8662109375
LAO,Lao People's DR,2006,5.9632,20540.091796875
LAO,Lao People's DR,2007,6.056236,22726.890625
LAO,Lao People's DR,2008,6.148969,23708.921875
LAO,Lao People's DR,2009,6.241642,26789.716796875
LAO,Lao People's DR,2010,6.334194,28503.83984375
LAO,Lao People's DR,2011,6.42659,33396.26171875
LAO,Lao People's DR,2012,6.518978,37548.234375
LAO,Lao People's DR,2013,6.611385,41360.8359375
LAO,Lao People's DR,2014,6.703172,45204.03125
LAO,Lao People's DR,2015,6.801645,48078.79296875
LAO,Lao People's DR,2016,6.908802,52530.01953125
LAO,Lao People's DR,2017,7.018147,54856.140625
LAO,Lao People's DR,2018,7.128045,56488.4296875
LAO,Lao People's DR,2019,7.237636,58130.09375
LAO,Lao People's DR,2020,7.346533,59274.4453125
LAO,Lao People's DR,2021,7.453194,59392.3046875
LAO,Lao People's DR,2022,7.559007,61943.38671875
LAO,Lao People's DR,2023,7.664993,64174.9140625
LBN,Lebanon,1970,2.386114,16126.48046875
LBN,Lebanon,1971,2.446314,17567.12109375
LBN,Lebanon,1972,2.509729,19572.998046875
LBN,Lebanon,1973,2.572935,20923.546875
LBN,Lebanon,1974,2.635185,21326.94140625
LBN,Lebanon,1975,2.693191,14763.2890625
LBN,Lebanon,1976,2.726469,6388.57666015625
LBN,Lebanon,1977,2.762155,11429.6689453125
LBN,Lebanon,1978,2.822682,11713.0458984375
LBN,Lebanon,1979,2.882635,13339.09765625
LBN,Lebanon,1980,2.944763,13721.0205078125
LBN,Lebanon,1981,3.008981,13770.6669921875
LBN,Lebanon,1982,3.054931,8837.830078125
LBN,Lebanon,1983,3.094996,11613.6708984375
LBN,Lebanon,1984,3.152744,17113.275390625
LBN,Lebanon,1985,3.217376,19531.37109375
LBN,Lebanon,1986,3.300365,17339.05078125
LBN,Lebanon,1987,3.385555,20863.4453125
LBN,Lebanon,1988,3.454649,15272.5654296875
LBN,Lebanon,1989,3.525285,8957.3857421875
LBN,Lebanon,1990,3.595175,12332.1943359375
LBN,Lebanon,1991,3.668912,17219.0234375
LBN,Lebanon,1992,3.747371,14793.3564453125
LBN,Lebanon,1993,3.820647,15776.140625
LBN,Lebanon,1994,3.889799,17101.443359375
LBN,Lebanon,1995,3.960735,18481.19140625
LBN,Lebanon,1996,4.034781,19511.16015625
LBN,Lebanon,1997,4.108405,20323.392578125
LBN,Lebanon,1998,4.181281,23386.728515625
LBN,Lebanon,1999,4.255277,25470.94140625
LBN,Lebanon,2000,4.32934,27641.533203125
LBN,Lebanon,2001,4.401918,31108.064453125
LBN,Lebanon,2002,4.463504,37242.25390625
LBN,Lebanon,2003,4.525508,42464.07421875
LBN,Lebanon,2004,4.599279,50923.89453125
LBN,Lebanon,2005,4.671102,59685.57421875
LBN,Lebanon,2006,4.751136,60099.1171875
LBN,Lebanon,2007,4.844118,65765.859375
LBN,Lebanon,2008,4.925354,71541.7734375
LBN,Lebanon,2009,4.992287,87573.015625
LBN,Lebanon,2010,5.041288,93538.75
LBN,Lebanon,2011,5.09602,91024.1328125
LBN,Lebanon,2012,5.235742,97115.078125
LBN,Lebanon,2013,5.743436,104832.9921875
LBN,Lebanon,2014,6.34699,110222.9140625
LBN,Lebanon,2015,6.472469,120787.2890625
LBN,Lebanon,2016,6.32306,130704.4375
LBN,Lebanon,2017,6.160128,134045.34375
LBN,Lebanon,2018,5.984119,138204.859375
LBN,Lebanon,2019,5.794594,140744.3125
LBN,Lebanon,2020,5.702398,65812.34375
LBN,Lebanon,2021,5.718122,60529.80078125
LBN,Lebanon,2022,5.744489,62240.953125
LBN,Lebanon,2023,5.773493,61745.7421875
LBR,Liberia,1964,1.22667447272727,3154.50170898438
LBR,Liberia,1965,1.26462343216783,3163.75732421875
LBR,Liberia,1966,1.30359803916084,3472.09545898438
LBR,Liberia,1967,1.34359829370629,3680.13916015625
LBR,Liberia,1968,1.3846241958042,3954.68920898438
LBR,Liberia,1969,1.4256500979021,4474.87841796875
LBR,Liberia,1970,1.466676,4240.8115234375
LBR,Liberia,1971,1.504077,4479.10888671875
LBR,Liberia,1972,1.54267,4495.4482421875
LBR,Liberia,1973,1.583588,4865.138671875
LBR,Liberia,1974,1.626362,4890.37939453125
LBR,Liberia,1975,1.670913,4694.79296875
LBR,Liberia,1976,1.71706,5244.04931640625
LBR,Liberia,1977,1.766019,5087.216796875
LBR,Liberia,1978,1.818247,5213.63623046875
LBR,Liberia,1979,1.872713,5192.34033203125
LBR,Liberia,1980,1.929253,4774.326171875
LBR,Liberia,1981,1.986867,4096.744140625
LBR,Liberia,1982,2.045073,4055.0107421875
LBR,Liberia,1983,2.107113,4010.43115234375
LBR,Liberia,1984,2.173312,3790.44311523438
LBR,Liberia,1985,2.240539,3840.55249023438
LBR,Liberia,1986,2.308511,3763.19262695313
LBR,Liberia,1987,2.377229,3900.9951171875
LBR,Liberia,1988,2.446941,4143.92626953125
LBR,Liberia,1989,2.517858,4262.97412109375
LBR,Liberia,1990,2.223667,2114.34790039063
LBR,Liberia,1991,1.956518,1867.02416992188
LBR,Liberia,1992,2.072461,1177.34008789063
LBR,Liberia,1993,2.155126,789.177795410156
LBR,Liberia,1994,2.149928,617.330749511719
LBR,Liberia,1995,2.169162,591.140380859375
LBR,Liberia,1996,2.232289,574.164733886719
LBR,Liberia,1997,2.412989,1185.40283203125
LBR,Liberia,1998,2.670124,1545.50256347656
LBR,Liberia,1999,2.821684,1880.89880371094
LBR,Liberia,2000,2.928117,2949.33349609375
LBR,Liberia,2001,3.015338,2798.52319335938
LBR,Liberia,2002,3.094782,2922.25317382813
LBR,Liberia,2003,3.119532,2084.47827148438
LBR,Liberia,2004,3.156892,2278.20385742188
LBR,Liberia,2005,3.301015,2346.95166015625
LBR,Liberia,2006,3.490787,2518.1806640625
LBR,Liberia,2007,3.66905,3126.28784179688
LBR,Liberia,2008,3.821003,3317.81958007813
LBR,Liberia,2009,3.943028,3445.05639648438
LBR,Liberia,2010,4.05889,3575.70971679688
LBR,Liberia,2011,4.221178,3773.11206054688
LBR,Liberia,2012,4.373043,4301.537109375
LBR,Liberia,2013,4.470239,4843.62353515625
LBR,Liberia,2014,4.564293,5563.87353515625
LBR,Liberia,2015,4.659431,7175.0029296875
LBR,Liberia,2016,4.755608,7875.14599609375
LBR,Liberia,2017,4.848925,8603.693359375
LBR,Liberia,2018,4.944726,9234.294921875
LBR,Liberia,2019,5.043721,9804.796875
LBR,Liberia,2020,5.149463,9569.1171875
LBR,Liberia,2021,5.259323,9204.955078125
LBR,Liberia,2022,5.373294,8842.3818359375
LBR,Liberia,2023,5.493031,9006.4189453125
LCA,Saint Lucia,1970,0.103165,437.289215087891
LCA,Saint Lucia,1971,0.104564,462.336853027344
LCA,Saint Lucia,1972,0.106002,468.311187744141
LCA,Saint Lucia,1973,0.107498,483.017761230469
LCA,Saint Lucia,1974,0.109076,518.037231445313
LCA,Saint Lucia,1975,0.110725,503.514587402344
LCA,Saint Lucia,1976,0.112425,659.945861816406
LCA,Saint Lucia,1977,0.114135,739.348937988281
LCA,Saint Lucia,1978,0.115834,841.106140136719
LCA,Saint Lucia,1979,0.117528,874.90966796875
LCA,Saint Lucia,1980,0.11929,864.722595214844
LCA,Saint Lucia,1981,0.121166,830.4345703125
LCA,Saint Lucia,1982,0.123087,866.715942382813
LCA,Saint Lucia,1983,0.125044,914.444763183594
LCA,Saint Lucia,1984,0.127067,980.34375
LCA,Saint Lucia,1985,0.129159,1068.93493652344
LCA,Saint Lucia,1986,0.131239,1193.92687988281
LCA,Saint Lucia,1987,0.133227,1248.23071289063
LCA,Saint Lucia,1988,0.135,1349.98706054688
LCA,Saint Lucia,1989,0.136512,1364.64929199219
LCA,Saint Lucia,1990,0.137857,1433.48645019531
LCA,Saint Lucia,1991,0.13952,1416.84033203125
LCA,Saint Lucia,1992,0.141617,1519.15161132813
LCA,Saint Lucia,1993,0.143726,1552.89697265625
LCA,Saint Lucia,1994,0.14589,1493.03881835938
LCA,Saint Lucia,1995,0.148208,1598.95141601563
LCA,Saint Lucia,1996,0.150436,1716.31604003906
LCA,Saint Lucia,1997,0.152569,1716.13427734375
LCA,Saint Lucia,1998,0.154677,1847.80432128906
LCA,Saint Lucia,1999,0.156702,1891.01904296875
LCA,Saint Lucia,2000,0.158616,1798.845703125
LCA,Saint Lucia,2001,0.160237,1640.66369628906
LCA,Saint Lucia,2002,0.161641,1747.65014648438
LCA,Saint Lucia,2003,0.162976,2056.62329101563
LCA,Saint Lucia,2004,0.164239,2210.75073242188
LCA,Saint Lucia,2005,0.16545,2257.54760742188
LCA,Saint Lucia,2006,0.166639,2039.43029785156
LCA,Saint Lucia,2007,0.167758,2172.9072265625
LCA,Saint Lucia,2008,0.168808,2321.49145507813
LCA,Saint Lucia,2009,0.169869,2366.31176757813
LCA,Saint Lucia,2010,0.170906,2465.32885742188
LCA,Saint Lucia,2011,0.171801,2669.16455078125
LCA,Saint Lucia,2012,0.172587,2684.515625
LCA,Saint Lucia,2013,0.173369,2674.74487304688
LCA,Saint Lucia,2014,0.174138,2752.26416015625
LCA,Saint Lucia,2015,0.174905,2774.18237304688
LCA,Saint Lucia,2016,0.175646,2937.36328125
LCA,Saint Lucia,2017,0.176342,3062.73754882813
LCA,Saint Lucia,2018,0.177017,3297.65625
LCA,Saint Lucia,2019,0.177661,3523.50122070313
LCA,Saint Lucia,2020,0.17825,2743.75610351563
LCA,Saint Lucia,2021,0.178522,3326.80029296875
LCA,Saint Lucia,2022,0.178781,4001.13720703125
LCA,Saint Lucia,2023,0.179285,4087.04125976563
LKA,Sri Lanka,1950,7.33513292176538,25357.48828125
LKA,Sri Lanka,1951,7.55126516058912,27267.125
LKA,Sri Lanka,1952,7.77796361679202,24134.5703125
LKA,Sri Lanka,1953,8.01357303858533,25326.912109375
LKA,Sri Lanka,1954,8.24640219454103,28594.119140625
LKA,Sri Lanka,1955,8.46531330628362,31019.3828125
LKA,Sri Lanka,1956,8.6826782782067,27866.171875
LKA,Sri Lanka,1957,8.91025427322608,28063.826171875
LKA,Sri Lanka,1958,9.14105441086008,29386.41015625
LKA,Sri Lanka,1959,9.38626754317193,30887.00390625
LKA,Sri Lanka,1960,9.65297062605622,32707.916015625
LKA,Sri Lanka,1961,9.92278920389214,32396.18359375
LKA,Sri Lanka,1962,10.1903651825304,34730.3359375
LKA,Sri Lanka,1963,10.4531207336593,33458.515625
LKA,Sri Lanka,1964,10.7066598056839,34762.91015625
LKA,Sri Lanka,1965,10.9647537220416,35764.96484375
LKA,Sri Lanka,1966,11.2303907577711,36792.09765625
LKA,Sri Lanka,1967,11.4965078861652,37548.1953125
LKA,Sri Lanka,1968,11.7676896671573,40944.15625
LKA,Sri Lanka,1969,12.0317415613421,42767.64453125
LKA,Sri Lanka,1970,12.28711,44967.88671875
LKA,Sri Lanka,1971,12.55191,45209.31640625
LKA,Sri Lanka,1972,12.809205,46413.70703125
LKA,Sri Lanka,1973,13.060916,49814.92578125
LKA,Sri Lanka,1974,13.305693,50659.125
LKA,Sri Lanka,1975,13.548984,48854.59765625
LKA,Sri Lanka,1976,13.79677,47163.4609375
LKA,Sri Lanka,1977,14.049371,46749.6171875
LKA,Sri Lanka,1978,14.310128,45915.109375
LKA,Sri Lanka,1979,14.579614,38933.21875
LKA,Sri Lanka,1980,14.847974,36551.05859375
LKA,Sri Lanka,1981,15.099414,40920.6328125
LKA,Sri Lanka,1982,15.286567,40810.0234375
LKA,Sri Lanka,1983,15.388794,42201.265625
LKA,Sri Lanka,1984,15.44186,45072.71875
LKA,Sri Lanka,1985,15.544154,48514.08203125
LKA,Sri Lanka,1986,15.731256,51673.4296875
LKA,Sri Lanka,1987,15.916576,53859.0390625
LKA,Sri Lanka,1988,16.078621,55398.78125
LKA,Sri Lanka,1989,16.248557,58152.21875
LKA,Sri Lanka,1990,16.352458,60332
LKA,Sri Lanka,1991,16.475354,61036.55859375
LKA,Sri Lanka,1992,16.739284,66480.984375
LKA,Sri Lanka,1993,17.025918,72679.046875
LKA,Sri Lanka,1994,17.275773,77678.3125
LKA,Sri Lanka,1995,17.564068,82403.671875
LKA,Sri Lanka,1996,17.905018,88330.4296875
LKA,Sri Lanka,1997,18.2482,92896.546875
LKA,Sri Lanka,1998,18.596003,100453.5
LKA,Sri Lanka,1999,18.944731,98149.8359375
LKA,Sri Lanka,2000,19.293054,99367.453125
LKA,Sri Lanka,2001,19.600362,99923.7734375
LKA,Sri Lanka,2002,19.805752,105316.4296875
LKA,Sri Lanka,2003,19.951521,113515.59375
LKA,Sri Lanka,2004,20.087605,116326.5703125
LKA,Sri Lanka,2005,20.216524,120612.9140625
LKA,Sri Lanka,2006,20.352411,134505.796875
LKA,Sri Lanka,2007,20.492545,148321.609375
LKA,Sri Lanka,2008,20.629378,160605.34375
LKA,Sri Lanka,2009,20.756435,186625.96875
LKA,Sri Lanka,2010,20.879089,205887.734375
LKA,Sri Lanka,2011,21.009048,224030.34375
LKA,Sri Lanka,2012,21.169458,246448.75
LKA,Sri Lanka,2013,21.358827,257101.34375
LKA,Sri Lanka,2014,21.547456,266185.125
LKA,Sri Lanka,2015,21.729971,282758.625
LKA,Sri Lanka,2016,21.910772,301752.8125
LKA,Sri Lanka,2017,22.087522,314129
LKA,Sri Lanka,2018,22.253118,323615.15625
LKA,Sri Lanka,2019,22.410552,322498.6875
LKA,Sri Lanka,2020,22.561807,289517.46875
LKA,Sri Lanka,2021,22.700372,309878.71875
LKA,Sri Lanka,2022,22.834965,287845.8125
LKA,Sri Lanka,2023,22.971617,283839.71875
LSO,Lesotho,1960,0.820043404869598,798.309448242188
LSO,Lesotho,1961,0.836023953992812,800.749328613281
LSO,Lesotho,1962,0.853083862967066,919.35546875
LSO,Lesotho,1963,0.871100843435377,1020.36187744141
LSO,Lesotho,1964,0.890031855361489,1102.28283691406
LSO,Lesotho,1965,0.909739409740693,1115.4111328125
LSO,Lesotho,1966,0.93029802959873,1149.74011230469
LSO,Lesotho,1967,0.951690464762339,1269.21325683594
LSO,Lesotho,1968,0.973672309311349,1276.64416503906
LSO,Lesotho,1969,0.996261496594199,1299.29541015625
LSO,Lesotho,1970,1.019273,1314.31494140625
LSO,Lesotho,1971,1.056246,1177.62622070313
LSO,Lesotho,1972,1.094063,1422.22131347656
LSO,Lesotho,1973,1.132697,1758.373046875
LSO,Lesotho,1974,1.17242,1746.23461914063
LSO,Lesotho,1975,1.213643,1723.35498046875
LSO,Lesotho,1976,1.253214,1729.1044921875
LSO,Lesotho,1977,1.289967,2079.08325195313
LSO,Lesotho,1978,1.32724,2580.41381835938
LSO,Lesotho,1979,1.366169,2146.18408203125
LSO,Lesotho,1980,1.406521,2049.68701171875
LSO,Lesotho,1981,1.448069,2084.5361328125
LSO,Lesotho,1982,1.490732,2065.34252929688
LSO,Lesotho,1983,1.534413,1953.57641601563
LSO,Lesotho,1984,1.578986,1981.47595214844
LSO,Lesotho,1985,1.624379,2076.08959960938
LSO,Lesotho,1986,1.666138,2033.77661132813
LSO,Lesotho,1987,1.70339,2173.17944335938
LSO,Lesotho,1988,1.739841,2414.16845703125
LSO,Lesotho,1989,1.775436,2565.77319335938
LSO,Lesotho,1990,1.809696,2621.27905273438
LSO,Lesotho,1991,1.842379,2607.80395507813
LSO,Lesotho,1992,1.873274,2801.52026367188
LSO,Lesotho,1993,1.901793,3050.58618164063
LSO,Lesotho,1994,1.927707,3186.1875
LSO,Lesotho,1995,1.951437,3278.60693359375
LSO,Lesotho,1996,1.972418,3605.021484375
LSO,Lesotho,1997,1.98813,3886.35595703125
LSO,Lesotho,1998,1.998049,3657.3369140625
LSO,Lesotho,1999,2.003234,3841.44262695313
LSO,Lesotho,2000,2.003913,4042.41088867188
LSO,Lesotho,2001,2.000853,4373.9755859375
LSO,Lesotho,2002,1.994679,4398.43310546875
LSO,Lesotho,2003,1.985059,4431.1982421875
LSO,Lesotho,2004,1.971129,4610.576171875
LSO,Lesotho,2005,1.953076,4784.63330078125
LSO,Lesotho,2006,1.945063,4880.8740234375
LSO,Lesotho,2007,1.953268,5196.2001953125
LSO,Lesotho,2008,1.966541,5505.24072265625
LSO,Lesotho,2009,1.980883,5114.88916015625
LSO,Lesotho,2010,1.996251,5411.5009765625
LSO,Lesotho,2011,2.014009,5801.53955078125
LSO,Lesotho,2012,2.034354,5788.54541015625
LSO,Lesotho,2013,2.056504,5909.189453125
LSO,Lesotho,2014,2.080089,6331.95263671875
LSO,Lesotho,2015,2.104611,6981.05419921875
LSO,Lesotho,2016,2.130422,6670.7470703125
LSO,Lesotho,2017,2.15711,6137.9189453125
LSO,Lesotho,2018,2.183603,6257.65869140625
LSO,Lesotho,2019,2.209405,6028.70166015625
LSO,Lesotho,2020,2.235727,5633.650390625
LSO,Lesotho,2021,2.261542,5567.025390625
LSO,Lesotho,2022,2.28611,5562.75830078125
LSO,Lesotho,2023,2.311472,5605.927734375
LTU,Lithuania,1990,3.695012,60046.984375
LTU,Lithuania,1991,3.701407,52531.48828125
LTU,Lithuania,1992,3.697544,44209.63671875
LTU,Lithuania,1993,3.680197,37310.50390625
LTU,Lithuania,1994,3.654891,35763.9921875
LTU,Lithuania,1995,3.627038,37141.86328125
LTU,Lithuania,1996,3.599711,39562.9765625
LTU,Lithuania,1997,3.573409,42746.1171875
LTU,Lithuania,1998,3.547771,45551.5703125
LTU,Lithuania,1999,3.522901,46595.6640625
LTU,Lithuania,2000,3.500402,49282.5703125
LTU,Lithuania,2001,3.473004,52841.5078125
LTU,Lithuania,2002,3.44405,56188.26171875
LTU,Lithuania,2003,3.415278,60662.62890625
LTU,Lithuania,2004,3.376699,62918.66015625
LTU,Lithuania,2005,3.322263,65346.37890625
LTU,Lithuania,2006,3.269808,69986.59375
LTU,Lithuania,2007,3.231374,78745.875
LTU,Lithuania,2008,3.198481,82148.8359375
LTU,Lithuania,2009,3.163254,72293.1953125
LTU,Lithuania,2010,3.09772,76073.53125
LTU,Lithuania,2011,3.028642,85475.0703125
LTU,Lithuania,2012,2.988329,90666.4765625
LTU,Lithuania,2013,2.95836,92150.3046875
LTU,Lithuania,2014,2.933168,94032.8359375
LTU,Lithuania,2015,2.905764,96638.65625
LTU,Lithuania,2016,2.86911,99550.578125
LTU,Lithuania,2017,2.829313,105296.4296875
LTU,Lithuania,2018,2.802478,109843.4140625
LTU,Lithuania,2019,2.795058,120441.3125
LTU,Lithuania,2020,2.795765,119759.6640625
LTU,Lithuania,2021,2.794488,128252.8125
LTU,Lithuania,2022,2.816919,122797.8828125
LTU,Lithuania,2023,2.854099,128820.2578125
LUX,Luxembourg,1950,0.295724696668975,4089.14819335938
LUX,Luxembourg,1951,0.297563551493389,5094.83056640625
LUX,Luxembourg,1952,0.299402406317803,5767.58935546875
LUX,Luxembourg,1953,0.301241261142218,5011.58984375
LUX,Luxembourg,1954,0.303080115966632,5047.9287109375
LUX,Luxembourg,1955,0.304918970791046,5401.90087890625
LUX,Luxembourg,1956,0.30675782561546,6028.7724609375
LUX,Luxembourg,1957,0.308596680439874,6167.97021484375
LUX,Luxembourg,1958,0.310435535264289,5991.0771484375
LUX,Luxembourg,1959,0.312274390088703,6040.9365234375
LUX,Luxembourg,1960,0.314115242598867,6994.7529296875
LUX,Luxembourg,1961,0.316992595851026,6932.8544921875
LUX,Luxembourg,1962,0.320899413220751,6741.982421875
LUX,Luxembourg,1963,0.324250963400699,6895.6259765625
LUX,Luxembourg,1964,0.327902673318577,7466.7666015625
LUX,Luxembourg,1965,0.331654416604962,7624.375
LUX,Luxembourg,1966,0.334050536304902,7670.47607421875
LUX,Luxembourg,1967,0.335168047676475,7802.31884765625
LUX,Luxembourg,1968,0.336023444787976,8284.392578125
LUX,Luxembourg,1969,0.337657223752901,9444.1630859375
LUX,Luxembourg,1970,0.339332,10122.75
LUX,Luxembourg,1971,0.341956,9707.5166015625
LUX,Luxembourg,1972,0.346072,10371.95703125
LUX,Luxembourg,1973,0.349201,11810.4638671875
LUX,Luxembourg,1974,0.351425,13087.12890625
LUX,Luxembourg,1975,0.35368,10913.1630859375
LUX,Luxembourg,1976,0.355872,11575.544921875
LUX,Luxembourg,1977,0.358245,11287.9580078125
LUX,Luxembourg,1978,0.361046,12063.2734375
LUX,Luxembourg,1979,0.362894,12561.708984375
LUX,Luxembourg,1980,0.363705,12993.7001953125
LUX,Luxembourg,1981,0.364485,12540.392578125
LUX,Luxembourg,1982,0.365056,12539.5185546875
LUX,Luxembourg,1983,0.36549,12394.8828125
LUX,Luxembourg,1984,0.365897,12616.8505859375
LUX,Luxembourg,1985,0.366661,12755.8359375
LUX,Luxembourg,1986,0.368406,14106.72265625
LUX,Luxembourg,1987,0.37079,14680.7333984375
LUX,Luxembourg,1988,0.373783,16349.0029296875
LUX,Luxembourg,1989,0.377377,18236.919921875
LUX,Luxembourg,1990,0.3817,19128.720703125
LUX,Luxembourg,1991,0.386817,20879.318359375
LUX,Luxembourg,1992,0.391964,21112.265625
LUX,Luxembourg,1993,0.3972,22905.548828125
LUX,Luxembourg,1994,0.40259,24350.099609375
LUX,Luxembourg,1995,0.408227,24914.9296875
LUX,Luxembourg,1996,0.413776,25887.470703125
LUX,Luxembourg,1997,0.418969,28084.4609375
LUX,Luxembourg,1998,0.424154,29904.4375
LUX,Luxembourg,1999,0.429897,33876.5546875
LUX,Luxembourg,2000,0.436132,36812.2578125
LUX,Luxembourg,2001,0.441752,36722.53125
LUX,Luxembourg,2002,0.446389,37761.0390625
LUX,Luxembourg,2003,0.451838,38194.35546875
LUX,Luxembourg,2004,0.458296,41186.55859375
LUX,Luxembourg,2005,0.465363,41123.69921875
LUX,Luxembourg,2006,0.472866,46102.33203125
LUX,Luxembourg,2007,0.48027,49827.4921875
LUX,Luxembourg,2008,0.48899,53693.609375
LUX,Luxembourg,2009,0.498187,51345.15625
LUX,Luxembourg,2010,0.50741,54888.48828125
LUX,Luxembourg,2011,0.518584,57682.3359375
LUX,Luxembourg,2012,0.530947,59190.25390625
LUX,Luxembourg,2013,0.543354,59728.81640625
LUX,Luxembourg,2014,0.556279,62644.87890625
LUX,Luxembourg,2015,0.569536,67099.7734375
LUX,Luxembourg,2016,0.583506,68776.90625
LUX,Luxembourg,2017,0.596495,71408.109375
LUX,Luxembourg,2018,0.608101,70953.203125
LUX,Luxembourg,2019,0.620163,75322.4921875
LUX,Luxembourg,2020,0.630597,73697.0234375
LUX,Luxembourg,2021,0.640274,82260.953125
LUX,Luxembourg,2022,0.653313,81348.25
LUX,Luxembourg,2023,0.665098,78869.2421875
LVA,Latvia,1990,2.660131,48618.16015625
LVA,Latvia,1991,2.64894,44125.53125
LVA,Latvia,1992,2.614827,31227.19140625
LVA,Latvia,1993,2.56382,29054.205078125
LVA,Latvia,1994,2.521233,25316.4765625
LVA,Latvia,1995,2.485949,24180.357421875
LVA,Latvia,1996,2.457905,23853.12109375
LVA,Latvia,1997,2.433231,25113.93359375
LVA,Latvia,1998,2.410209,27260.720703125
LVA,Latvia,1999,2.390822,28926.560546875
LVA,Latvia,2000,2.368313,29820.169921875
LVA,Latvia,2001,2.338301,31537.873046875
LVA,Latvia,2002,2.311351,33826.734375
LVA,Latvia,2003,2.288984,34517.1796875
LVA,Latvia,2004,2.264174,36430.703125
LVA,Latvia,2005,2.239784,39040.4140625
LVA,Latvia,2006,2.219032,43200.64453125
LVA,Latvia,2007,2.200776,49631.44921875
LVA,Latvia,2008,2.177711,50967.17578125
LVA,Latvia,2009,2.142043,44869.921875
LVA,Latvia,2010,2.097831,45095.46875
LVA,Latvia,2011,2.059941,48142.69921875
LVA,Latvia,2012,2.034633,50679.80859375
LVA,Latvia,2013,2.01301,51032.9453125
LVA,Latvia,2014,1.994149,52407.296875
LVA,Latvia,2015,1.977867,55109.0078125
LVA,Latvia,2016,1.959863,57023.6640625
LVA,Latvia,2017,1.942594,59530.4765625
LVA,Latvia,2018,1.927588,61923.84765625
LVA,Latvia,2019,1.914263,65845.7109375
LVA,Latvia,2020,1.901123,65489.1171875
LVA,Latvia,2021,1.885587,67646.703125
LVA,Latvia,2022,1.881063,67110.5625
LVA,Latvia,2023,1.882396,70633.1640625
MAC,"China, Macao SAR",1970,0.257396,1975.32495117188
MAC,"China, Macao SAR",1971,0.263459,2130.259765625
MAC,"China, Macao SAR",1972,0.273181,2297.28442382813
MAC,"China, Macao SAR",1973,0.250324,2476.63037109375
MAC,"China, Macao SAR",1974,0.221387,2674.41015625
MAC,"China, Macao SAR",1975,0.22394,2887.3515625
MAC,"China, Macao SAR",1976,0.227377,3109.20703125
MAC,"China, Macao SAR",1977,0.231539,3354.23071289063
MAC,"China, Macao SAR",1978,0.236207,3624.6669921875
MAC,"China, Macao SAR",1979,0.241147,3887.6630859375
MAC,"China, Macao SAR",1980,0.246097,4214.37939453125
MAC,"China, Macao SAR",1981,0.252505,4582.080078125
MAC,"China, Macao SAR",1982,0.261055,4803.01708984375
MAC,"China, Macao SAR",1983,0.270503,5354.744140625
MAC,"China, Macao SAR",1984,0.280557,5889.37451171875
MAC,"China, Macao SAR",1985,0.291277,6058.884765625
MAC,"China, Macao SAR",1986,0.30267,6618.66796875
MAC,"China, Macao SAR",1987,0.31462,7815.5625
MAC,"China, Macao SAR",1988,0.326905,8624.6298828125
MAC,"China, Macao SAR",1989,0.339223,9105.544921875
MAC,"China, Macao SAR",1990,0.351123,10156.5517578125
MAC,"China, Macao SAR",1991,0.362267,10857.560546875
MAC,"China, Macao SAR",1992,0.372248,12943.2294921875
MAC,"China, Macao SAR",1993,0.381327,13787.36328125
MAC,"China, Macao SAR",1994,0.390122,14222.3994140625
MAC,"China, Macao SAR",1995,0.398693,15070.55078125
MAC,"China, Macao SAR",1996,0.407029,15088.6513671875
MAC,"China, Macao SAR",1997,0.415069,14956.5712890625
MAC,"China, Macao SAR",1998,0.42281,14275.400390625
MAC,"China, Macao SAR",1999,0.430252,14298.537109375
MAC,"China, Macao SAR",2000,0.437309,14861.6552734375
MAC,"China, Macao SAR",2001,0.445125,15123.3330078125
MAC,"China, Macao SAR",2002,0.456014,16608.232421875
MAC,"China, Macao SAR",2003,0.469053,18925.033203125
MAC,"China, Macao SAR",2004,0.4822,23954.421875
MAC,"China, Macao SAR",2005,0.495411,25952.2421875
MAC,"China, Macao SAR",2006,0.508747,30690.255859375
MAC,"China, Macao SAR",2007,0.522275,36885.6953125
MAC,"China, Macao SAR",2008,0.53593,40164.5390625
MAC,"China, Macao SAR",2009,0.549483,43505.70703125
MAC,"China, Macao SAR",2010,0.562806,56739.171875
MAC,"China, Macao SAR",2011,0.575633,72999.0546875
MAC,"China, Macao SAR",2012,0.587446,80637.2265625
MAC,"China, Macao SAR",2013,0.598743,88171.4375
MAC,"China, Macao SAR",2014,0.610304,88190.734375
MAC,"China, Macao SAR",2015,0.622179,69180.5703125
MAC,"China, Macao SAR",2016,0.634312,68070.2734375
MAC,"China, Macao SAR",2017,0.646554,73302.0078125
MAC,"China, Macao SAR",2018,0.658772,78547.8984375
MAC,"China, Macao SAR",2019,0.670974,77190.6953125
MAC,"China, Macao SAR",2020,0.683067,34706.61328125
MAC,"China, Macao SAR",2021,0.694402,41739.19140625
MAC,"China, Macao SAR",2022,0.704356,33623.7109375
MAC,"China, Macao SAR",2023,0.713912,61618.39453125
MAR,Morocco,1950,8.88539848836345,14794.2080078125
MAR,Morocco,1951,9.16140932674935,15387.658203125
MAR,Morocco,1952,9.452025333572,16480.396484375
MAR,Morocco,1953,9.70550898748196,16967.7890625
MAR,Morocco,1954,9.97248228839443,18066.607421875
MAR,Morocco,1955,10.2531910137961,17991.205078125
MAR,Morocco,1956,10.5449833062287,18322.916015625
MAR,Morocco,1957,10.8472442685114,18087.728515625
MAR,Morocco,1958,11.1596573827737,19377.34375
MAR,Morocco,1959,11.4825246560382,19974.23046875
MAR,Morocco,1960,11.8144739062479,20885.21484375
MAR,Morocco,1961,12.1120442369387,26096.865234375
MAR,Morocco,1962,12.4166078894015,29561.931640625
MAR,Morocco,1963,12.7292486425906,34535.80859375
MAR,Morocco,1964,13.0498467820108,36933.3671875
MAR,Morocco,1965,13.3766718890469,36375.10546875
MAR,Morocco,1966,13.7080724478194,35190.28125
MAR,Morocco,1967,14.0462994536128,36243.96484375
MAR,Morocco,1968,14.3952817185027,38676.96875
MAR,Morocco,1969,14.7565492300173,43066.14453125
MAR,Morocco,1970,15.129449,40672.91796875
MAR,Morocco,1971,15.527225,43149.98828125
MAR,Morocco,1972,15.924692,44327.12890625
MAR,Morocco,1973,16.326269,45766.328125
MAR,Morocco,1974,16.733842,50551.03125
MAR,Morocco,1975,17.150786,52027.12109375
MAR,Morocco,1976,17.574182,55923.90234375
MAR,Morocco,1977,18.014756,57091.42578125
MAR,Morocco,1978,18.477385,60443.85546875
MAR,Morocco,1979,18.955589,64358.01171875
MAR,Morocco,1980,19.459943,64268.16015625
MAR,Morocco,1981,19.985401,63954.859375
MAR,Morocco,1982,20.520318,70741.640625
MAR,Morocco,1983,21.060696,76575.203125
MAR,Morocco,1984,21.593778,81560.2421875
MAR,Morocco,1985,22.113953,89799.8359375
MAR,Morocco,1986,22.600803,101341.78125
MAR,Morocco,1987,23.054392,103951.1484375
MAR,Morocco,1988,23.500524,117024.3671875
MAR,Morocco,1989,23.939414,117343.0234375
MAR,Morocco,1990,24.375551,119020.4296875
MAR,Morocco,1991,24.799014,133754.171875
MAR,Morocco,1992,25.212468,133289.796875
MAR,Morocco,1993,25.614586,134922.3125
MAR,Morocco,1994,26.000822,151458.125
MAR,Morocco,1995,26.399429,149319.078125
MAR,Morocco,1996,26.808107,175800.4375
MAR,Morocco,1997,27.213337,163646.90625
MAR,Morocco,1998,27.621648,166764.296875
MAR,Morocco,1999,28.027179,159388.078125
MAR,Morocco,2000,28.423435,151544.90625
MAR,Morocco,2001,28.814643,155577.703125
MAR,Morocco,2002,29.198142,155326.375
MAR,Morocco,2003,29.571415,162323.59375
MAR,Morocco,2004,29.953018,162416.046875
MAR,Morocco,2005,30.358144,157629.4375
MAR,Morocco,2006,30.771178,172379.375
MAR,Morocco,2007,31.186468,181797.953125
MAR,Morocco,2008,31.606767,202308.703125
MAR,Morocco,2009,32.030778,228753.234375
MAR,Morocco,2010,32.467016,243293.140625
MAR,Morocco,2011,32.912588,268792.9375
MAR,Morocco,2012,33.355241,276824.09375
MAR,Morocco,2013,33.787571,287107.1875
MAR,Morocco,2014,34.20478,283351.9375
MAR,Morocco,2015,34.607588,309177.46875
MAR,Morocco,2016,35.023457,310225.625
MAR,Morocco,2017,35.446392,319303.6875
MAR,Morocco,2018,35.83976,304096.625
MAR,Morocco,2019,36.210898,312723.90625
MAR,Morocco,2020,36.584208,300074.21875
MAR,Morocco,2021,36.954442,318667.84375
MAR,Morocco,2022,37.329064,308752.375
MAR,Morocco,2023,37.712505,328706.5625
MDA,Republic of Moldova,1990,4.451148,32179.30859375
MDA,Republic of Moldova,1991,4.456609,30268.0703125
MDA,Republic of Moldova,1992,4.455711,17344.294921875
MDA,Republic of Moldova,1993,4.448239,17355.0546875
MDA,Republic of Moldova,1994,4.434456,15021.5966796875
MDA,Republic of Moldova,1995,4.414211,15864.2587890625
MDA,Republic of Moldova,1996,4.387655,14818.4677734375
MDA,Republic of Moldova,1997,4.355538,14592.7646484375
MDA,Republic of Moldova,1998,4.318715,12442.564453125
MDA,Republic of Moldova,1999,4.278216,10903.0810546875
MDA,Republic of Moldova,2000,4.234967,11019.3896484375
MDA,Republic of Moldova,2001,4.18977,11682.505859375
MDA,Republic of Moldova,2002,4.14293,12738.4970703125
MDA,Republic of Moldova,2003,4.095419,13823.482421875
MDA,Republic of Moldova,2004,4.046669,14786.6728515625
MDA,Republic of Moldova,2005,3.988669,15782.244140625
MDA,Republic of Moldova,2006,3.921316,16740.23828125
MDA,Republic of Moldova,2007,3.851396,17470.31640625
MDA,Republic of Moldova,2008,3.779504,18677.80078125
MDA,Republic of Moldova,2009,3.70621,19240.443359375
MDA,Republic of Moldova,2010,3.631992,21249.259765625
MDA,Republic of Moldova,2011,3.557266,24054.50390625
MDA,Republic of Moldova,2012,3.482626,26086.2265625
MDA,Republic of Moldova,2013,3.408738,27063.005859375
MDA,Republic of Moldova,2014,3.342709,28525.560546875
MDA,Republic of Moldova,2015,3.287164,29678.44921875
MDA,Republic of Moldova,2016,3.237794,32512.962890625
MDA,Republic of Moldova,2017,3.193497,35816.50390625
MDA,Republic of Moldova,2018,3.153773,35475.48828125
MDA,Republic of Moldova,2019,3.112562,39548.1875
MDA,Republic of Moldova,2020,3.069131,38720.9921875
MDA,Republic of Moldova,2021,3.023778,41952.83984375
MDA,Republic of Moldova,2022,3.039985,39840.703125
MDA,Republic of Moldova,2023,3.06707,34450.8515625
MDG,Madagascar,1960,5.40585021253749,9764.720703125
MDG,Madagascar,1961,5.51273987833712,10164.2451171875
MDG,Madagascar,1962,5.6243859955448,10660.708984375
MDG,Madagascar,1963,5.74058918349844,10745.44140625
MDG,Madagascar,1964,5.86147875748595,10931.919921875
MDG,Madagascar,1965,5.98599104048459,10721.1767578125
MDG,Madagascar,1966,6.11418763359515,11250.3291015625
MDG,Madagascar,1967,6.24688157730053,11750.5693359375
MDG,Madagascar,1968,6.38358570564335,12760.4990234375
MDG,Madagascar,1969,6.52430472099774,13248.1298828125
MDG,Madagascar,1970,6.672003,14264.150390625
MDG,Madagascar,1971,6.868868,14747.2919921875
MDG,Madagascar,1972,7.074398,14475.927734375
MDG,Madagascar,1973,7.288048,14016.68359375
MDG,Madagascar,1974,7.509726,13744.0712890625
MDG,Madagascar,1975,7.739336,13650.64453125
MDG,Madagascar,1976,7.976831,13907.0576171875
MDG,Madagascar,1977,8.22224,14120.919921875
MDG,Madagascar,1978,8.475864,13705.701171875
MDG,Madagascar,1979,8.737581,14321.51953125
MDG,Madagascar,1980,9.006032,14483.23828125
MDG,Madagascar,1981,9.279011,14012.056640625
MDG,Madagascar,1982,9.557671,14400.29296875
MDG,Madagascar,1983,9.843044,15160.1748046875
MDG,Madagascar,1984,10.13455,15675.19921875
MDG,Madagascar,1985,10.433142,16316.8544921875
MDG,Madagascar,1986,10.736857,19841.408203125
MDG,Madagascar,1987,11.047291,18758.88671875
MDG,Madagascar,1988,11.369462,18126.02734375
MDG,Madagascar,1989,11.704998,17680.958984375
MDG,Madagascar,1990,12.055639,17334.3203125
MDG,Madagascar,1991,12.421412,16699.24609375
MDG,Madagascar,1992,12.80087,16236.5859375
MDG,Madagascar,1993,13.197345,16439.794921875
MDG,Madagascar,1994,13.61385,16608.0390625
MDG,Madagascar,1995,14.051275,16987.53125
MDG,Madagascar,1996,14.510711,17815.109375
MDG,Madagascar,1997,14.990814,18483.11328125
MDG,Madagascar,1998,15.489364,19571.650390625
MDG,Madagascar,1999,16.000506,20688.646484375
MDG,Madagascar,2000,16.516338,22000.603515625
MDG,Madagascar,2001,17.032939,23789.48046875
MDG,Madagascar,2002,17.549913,21982.0078125
MDG,Madagascar,2003,18.071854,24227.607421875
MDG,Madagascar,2004,18.606608,24972.076171875
MDG,Madagascar,2005,19.159707,26179.689453125
MDG,Madagascar,2006,19.730909,28242.49609375
MDG,Madagascar,2007,20.318583,29885.240234375
MDG,Madagascar,2008,20.92384,32607.66796875
MDG,Madagascar,2009,21.54728,32555.775390625
MDG,Madagascar,2010,22.18334,36421.0625
MDG,Madagascar,2011,22.8223,40237.875
MDG,Madagascar,2012,23.462438,41290.42578125
MDG,Madagascar,2013,24.10929,41286.33984375
MDG,Madagascar,2014,24.764348,42593.2265625
MDG,Madagascar,2015,25.426702,43479.36328125
MDG,Madagascar,2016,26.099952,45887.87109375
MDG,Madagascar,2017,26.788375,45278.40625
MDG,Madagascar,2018,27.494926,44377.8046875
MDG,Madagascar,2019,28.219554,46696.34375
MDG,Madagascar,2020,28.953556,43729.19140625
MDG,Madagascar,2021,29.691083,45242.9296875
MDG,Madagascar,2022,30.437261,46122.49609375
MDG,Madagascar,2023,31.195932,48227.25390625
MDV,Maldives,1970,0.123219,222.298828125
MDV,Maldives,1971,0.127035,232.661071777344
MDV,Maldives,1972,0.130968,236.276397705078
MDV,Maldives,1973,0.134952,238.944107055664
MDV,Maldives,1974,0.138978,256.861480712891
MDV,Maldives,1975,0.143158,246.722274780273
MDV,Maldives,1976,0.147525,230.176376342773
MDV,Maldives,1977,0.15193,250.052520751953
MDV,Maldives,1978,0.156159,293.548156738281
MDV,Maldives,1979,0.16036,360.333984375
MDV,Maldives,1980,0.164835,503.119110107422
MDV,Maldives,1981,0.169532,529.652709960938
MDV,Maldives,1982,0.174333,654.62353515625
MDV,Maldives,1983,0.179128,595.931579589844
MDV,Maldives,1984,0.184198,681.788146972656
MDV,Maldives,1985,0.190169,769.881530761719
MDV,Maldives,1986,0.196935,842.172973632813
MDV,Maldives,1987,0.203944,917.076904296875
MDV,Maldives,1988,0.210885,998.156433105469
MDV,Maldives,1989,0.217738,1091.68005371094
MDV,Maldives,1990,0.224762,1259.04663085938
MDV,Maldives,1991,0.231802,1357.51818847656
MDV,Maldives,1992,0.238543,1446.82397460938
MDV,Maldives,1993,0.244884,1544.62915039063
MDV,Maldives,1994,0.250822,1646.22485351563
MDV,Maldives,1995,0.256649,1697.51281738281
MDV,Maldives,1996,0.262347,1894.61193847656
MDV,Maldives,1997,0.267707,2066.28662109375
MDV,Maldives,1998,0.272723,2273.841796875
MDV,Maldives,1999,0.277412,2351.52661132813
MDV,Maldives,2000,0.282019,2621.0234375
MDV,Maldives,2001,0.286767,2717.08544921875
MDV,Maldives,2002,0.291616,2910.46533203125
MDV,Maldives,2003,0.296491,3258.38012695313
MDV,Maldives,2004,0.301413,3888.12841796875
MDV,Maldives,2005,0.306429,3605.943359375
MDV,Maldives,2006,0.313851,4668.1513671875
MDV,Maldives,2007,0.324479,5405.7705078125
MDV,Maldives,2008,0.33617,5650.12646484375
MDV,Maldives,2009,0.348275,5229.138671875
MDV,Maldives,2010,0.360792,5551.0595703125
MDV,Maldives,2011,0.373674,6330.43896484375
MDV,Maldives,2012,0.386818,6663.97607421875
MDV,Maldives,2013,0.40007,7160.9501953125
MDV,Maldives,2014,0.413617,8029.4833984375
MDV,Maldives,2015,0.428154,8682.435546875
MDV,Maldives,2016,0.443308,9480.3466796875
MDV,Maldives,2017,0.458287,10214.830078125
MDV,Maldives,2018,0.473099,11443.970703125
MDV,Maldives,2019,0.487731,12297.7158203125
MDV,Maldives,2020,0.502118,7615.26025390625
MDV,Maldives,2021,0.516154,9685.7919921875
MDV,Maldives,2022,0.524106,10327.6435546875
MDV,Maldives,2023,0.525994,10439.7158203125
MEX,Mexico,1950,27.4271671500077,160765.9375
MEX,Mexico,1951,28.208096742305,173773.078125
MEX,Mexico,1952,29.0246802388905,182071.28125
MEX,Mexico,1953,29.8786972129204,177200.421875
MEX,Mexico,1954,30.7720686484211,196963.5
MEX,Mexico,1955,31.7068110276686,213215.328125
MEX,Mexico,1956,32.6850473502177,227162.125
MEX,Mexico,1957,33.7149812830332,243618.203125
MEX,Mexico,1958,34.7995512338036,255772.34375
MEX,Mexico,1959,35.9419894509859,263421.34375
MEX,Mexico,1960,37.1456016432295,282432.6875
MEX,Mexico,1961,38.3566112768284,290607.78125
MEX,Mexico,1962,39.5941290207857,302357.96875
MEX,Mexico,1963,40.8581475290821,331133.84375
MEX,Mexico,1964,42.1486741477367,375011.15625
MEX,Mexico,1965,43.4656941847112,395358.09375
MEX,Mexico,1966,44.8092957922363,420088.84375
MEX,Mexico,1967,46.2128813197088,441913.4375
MEX,Mexico,1968,47.6795471142305,478504.71875
MEX,Mexico,1969,49.2125364432873,499027.03125
MEX,Mexico,1970,50.814953,531663.6875
MEX,Mexico,1971,52.412558,556715.5625
MEX,Mexico,1972,54.030168,603699.6875
MEX,Mexico,1973,55.667284,653356.4375
MEX,Mexico,1974,57.320149,694679.4375
MEX,Mexico,1975,58.9824,735018.625
MEX,Mexico,1976,60.645512,777653.5
MEX,Mexico,1977,62.308493,806907
MEX,Mexico,1978,63.979046,882309.875
MEX,Mexico,1979,65.648865,977482.9375
MEX,Mexico,1980,67.300334,1093436.75
MEX,Mexico,1981,68.892108,1185747.375
MEX,Mexico,1982,70.43326,1186030
MEX,Mexico,1983,71.97124,1128958.75
MEX,Mexico,1984,73.506846,1148612.375
MEX,Mexico,1985,75.043414,1158898.75
MEX,Mexico,1986,76.585637,1086287.75
MEX,Mexico,1987,78.136651,1111770.5
MEX,Mexico,1988,79.695531,1086675
MEX,Mexico,1989,81.247182,1129763.125
MEX,Mexico,1990,82.82017,1191005.125
MEX,Mexico,1991,84.430572,1232492.625
MEX,Mexico,1992,86.044809,1274719.875
MEX,Mexico,1993,87.653807,1269434
MEX,Mexico,1994,89.259205,1344516
MEX,Mexico,1995,90.862455,1301517.875
MEX,Mexico,1996,92.452702,1358575
MEX,Mexico,1997,94.021207,1449732.75
MEX,Mexico,1998,95.575245,1532634.25
MEX,Mexico,1999,97.115707,1615858.25
MEX,Mexico,2000,98.625552,1686677
MEX,Mexico,2001,100.099099,1696744.625
MEX,Mexico,2002,101.548624,1688725
MEX,Mexico,2003,102.978515,1729275.125
MEX,Mexico,2004,104.394131,1808047.625
MEX,Mexico,2005,105.811504,1855946.625
MEX,Mexico,2006,107.253666,1988677.75
MEX,Mexico,2007,108.77436,2040467.25
MEX,Mexico,2008,110.374288,2057051
MEX,Mexico,2009,111.999721,2014234.625
MEX,Mexico,2010,113.623895,2166551.25
MEX,Mexico,2011,115.243504,2376366.5
MEX,Mexico,2012,116.818208,2531821
MEX,Mexico,2013,118.343573,2462417.5
MEX,Mexico,2014,119.784261,2516903
MEX,Mexico,2015,121.072306,2598904.75
MEX,Mexico,2016,122.251351,2693811
MEX,Mexico,2017,123.400057,2705404.25
MEX,Mexico,2018,124.573711,2713931.5
MEX,Mexico,2019,125.762982,2678600.5
MEX,Mexico,2020,126.799054,2459316
MEX,Mexico,2021,127.648148,2557488.25
MEX,Mexico,2022,128.613117,2601140.25
MEX,Mexico,2023,129.739759,2742741.25
MKD,North Macedonia,1990,2.063689,13756.2314453125
MKD,North Macedonia,1991,2.055994,13923.8212890625
MKD,North Macedonia,1992,2.032523,12824.033203125
MKD,North Macedonia,1993,2.006854,12571.171875
MKD,North Macedonia,1994,1.992666,12941.8681640625
MKD,North Macedonia,1995,1.998534,13494.658203125
MKD,North Macedonia,1996,2.012553,13679.2900390625
MKD,North Macedonia,1997,2.025755,14010.060546875
MKD,North Macedonia,1998,2.037568,14739.568359375
MKD,North Macedonia,1999,2.048087,16192.2919921875
MKD,North Macedonia,2000,2.057253,17390.220703125
MKD,North Macedonia,2001,2.066301,18138.240234375
MKD,North Macedonia,2002,2.074484,18263.779296875
MKD,North Macedonia,2003,2.081411,18997.02734375
MKD,North Macedonia,2004,2.086581,19575.525390625
MKD,North Macedonia,2005,2.089807,21194.296875
MKD,North Macedonia,2006,2.089233,22354.42578125
MKD,North Macedonia,2007,2.081972,24262.73046875
MKD,North Macedonia,2008,2.070834,26039.697265625
MKD,North Macedonia,2009,2.060599,27641.509765625
MKD,North Macedonia,2010,2.051505,28462.16015625
MKD,North Macedonia,2011,2.040446,28390.400390625
MKD,North Macedonia,2012,2.027289,28968.15625
MKD,North Macedonia,2013,2.01328,29492.48046875
MKD,North Macedonia,2014,1.997833,30972.041015625
MKD,North Macedonia,2015,1.980366,32747.80859375
MKD,North Macedonia,2016,1.961259,34841.3671875
MKD,North Macedonia,2017,1.940879,35599.32421875
MKD,North Macedonia,2018,1.919728,37178.0859375
MKD,North Macedonia,2019,1.897641,39637.58984375
MKD,North Macedonia,2020,1.872015,37668.34765625
MKD,North Macedonia,2021,1.851108,39623.703125
MKD,North Macedonia,2022,1.840233,39830.86328125
MKD,North Macedonia,2023,1.831802,41637.34375
MLI,Mali,1960,5.08668733392492,3445.28125
MLI,Mali,1961,5.18900767549659,3417.56616210938
MLI,Mali,1962,5.29468185348442,3397.03784179688
MLI,Mali,1963,5.40383182557628,3599.91821289063
MLI,Mali,1964,5.5165844061821,3022.34399414063
MLI,Mali,1965,5.63306910789075,3242.00219726563
MLI,Mali,1966,5.7534251567353,3303.60717773438
MLI,Mali,1967,5.8777906994772,3428.12060546875
MLI,Mali,1968,6.00631629450102,3886.68798828125
MLI,Mali,1969,6.13915519837028,3992.74877929688
MLI,Mali,1970,6.276472,4294.869140625
MLI,Mali,1971,6.377944,4375.25537109375
MLI,Mali,1972,6.483726,3817.16455078125
MLI,Mali,1973,6.597106,3905.30541992188
MLI,Mali,1974,6.715436,3714.74194335938
MLI,Mali,1975,6.837261,4085.001953125
MLI,Mali,1976,6.960979,4728.5888671875
MLI,Mali,1977,7.090979,4976.72509765625
MLI,Mali,1978,7.229651,4872.3388671875
MLI,Mali,1979,7.375266,5458.70166015625
MLI,Mali,1980,7.530515,5238.0498046875
MLI,Mali,1981,7.692766,5978.701171875
MLI,Mali,1982,7.860194,6537.36962890625
MLI,Mali,1983,8.0344,6385.3349609375
MLI,Mali,1984,8.208599,6420.48046875
MLI,Mali,1985,8.374663,8212.845703125
MLI,Mali,1986,8.531277,8472.3798828125
MLI,Mali,1987,8.681164,7635.35595703125
MLI,Mali,1988,8.833996,6660.01123046875
MLI,Mali,1989,8.999938,6946.30224609375
MLI,Mali,1990,9.17883,6778.59130859375
MLI,Mali,1991,9.362888,7651.388671875
MLI,Mali,1992,9.55354,7078.3271484375
MLI,Mali,1993,9.754786,7492.73828125
MLI,Mali,1994,9.967031,7504.33642578125
MLI,Mali,1995,10.185365,10093.10546875
MLI,Mali,1996,10.407278,12427.4462890625
MLI,Mali,1997,10.646495,13229.828125
MLI,Mali,1998,10.919573,14238.9873046875
MLI,Mali,1999,11.227415,15523.005859375
MLI,Mali,2000,11.55929,15948.49609375
MLI,Mali,2001,11.912158,17881.1171875
MLI,Mali,2002,12.28805,18869.41015625
MLI,Mali,2003,12.684955,20615.61328125
MLI,Mali,2004,13.102409,19299.958984375
MLI,Mali,2005,13.538647,20352.7265625
MLI,Mali,2006,13.990139,23628.421875
MLI,Mali,2007,14.457775,23839.6875
MLI,Mali,2008,14.940782,25558.7421875
MLI,Mali,2009,15.435539,29911.498046875
MLI,Mali,2010,15.945198,31020.798828125
MLI,Mali,2011,16.469049,33769.70703125
MLI,Mali,2012,16.957033,33537.4140625
MLI,Mali,2013,17.459615,33978.828125
MLI,Mali,2014,18.020267,36484.83203125
MLI,Mali,2015,18.593022,39752.015625
MLI,Mali,2016,19.191289,43575.10546875
MLI,Mali,2017,19.813011,46113.66015625
MLI,Mali,2018,20.44203,48611.44921875
MLI,Mali,2019,21.068405,52054.703125
MLI,Mali,2020,21.713836,51243.45703125
MLI,Mali,2021,22.38863,50564.2265625
MLI,Mali,2022,23.07264,53652.59375
MLI,Mali,2023,23.769127,60815.63671875
MLT,Malta,1954,0.337846382838284,683.835083007813
MLT,Malta,1955,0.337846382838284,689.976440429688
MLT,Malta,1956,0.337846382838284,770.449462890625
MLT,Malta,1957,0.337846382838284,794.710754394531
MLT,Malta,1958,0.336770438943894,855.145202636719
MLT,Malta,1959,0.336770438943894,877.073059082031
MLT,Malta,1960,0.335694495049505,932.167541503906
MLT,Malta,1961,0.334618551155116,955.206787109375
MLT,Malta,1962,0.332466663366337,930.998779296875
MLT,Malta,1963,0.331390719471947,932.088256835938
MLT,Malta,1964,0.329238831683168,950.732360839844
MLT,Malta,1965,0.328162887788779,1003.40789794922
MLT,Malta,1966,0.327086943894389,1109.63720703125
MLT,Malta,1967,0.327086943894389,1185.01940917969
MLT,Malta,1968,0.326011,1293.83227539063
MLT,Malta,1969,0.326011,1429.12707519531
MLT,Malta,1970,0.326011,1552.486328125
MLT,Malta,1971,0.327293,1636.75866699219
MLT,Malta,1972,0.328609,1765.69091796875
MLT,Malta,1973,0.330053,1882.39392089844
MLT,Malta,1974,0.331679,1920.95141601563
MLT,Malta,1975,0.33345,2639.35205078125
MLT,Malta,1976,0.335286,3119.96801757813
MLT,Malta,1977,0.337161,3361.40942382813
MLT,Malta,1978,0.339061,3762.00366210938
MLT,Malta,1979,0.340971,4076.07421875
MLT,Malta,1980,0.342877,4336.51953125
MLT,Malta,1981,0.344752,4599.25390625
MLT,Malta,1982,0.346644,4848.48779296875
MLT,Malta,1983,0.348591,4662.06005859375
MLT,Malta,1984,0.350551,4664.34375
MLT,Malta,1985,0.352566,4770.17919921875
MLT,Malta,1986,0.355077,4981.2939453125
MLT,Malta,1987,0.35808,5225.56201171875
MLT,Malta,1988,0.361224,5845.98583984375
MLT,Malta,1989,0.364522,6265.3779296875
MLT,Malta,1990,0.367908,6656.39453125
MLT,Malta,1991,0.371332,7115.95556640625
MLT,Malta,1992,0.374795,7270.3994140625
MLT,Malta,1993,0.378217,7507.14501953125
MLT,Malta,1994,0.381454,7964.837890625
MLT,Malta,1995,0.38455,8377.8955078125
MLT,Malta,1996,0.387624,8427.2685546875
MLT,Malta,1997,0.390679,9312.552734375
MLT,Malta,1998,0.393774,9925.056640625
MLT,Malta,1999,0.396889,10701.0166015625
MLT,Malta,2000,0.399895,11292.1025390625
MLT,Malta,2001,0.402784,11241.02734375
MLT,Malta,2002,0.405565,11635.8017578125
MLT,Malta,2003,0.408226,11728.568359375
MLT,Malta,2004,0.410798,11822.6318359375
MLT,Malta,2005,0.41332,11870.0703125
MLT,Malta,2006,0.415454,12151.1376953125
MLT,Malta,2007,0.417197,12925.2890625
MLT,Malta,2008,0.418969,13684.5810546875
MLT,Malta,2009,0.420795,14095.00390625
MLT,Malta,2010,0.422651,15079.923828125
MLT,Malta,2011,0.424628,14990.5966796875
MLT,Malta,2012,0.426611,15725.0009765625
MLT,Malta,2013,0.428452,16188.9560546875
MLT,Malta,2014,0.434485,17166.509765625
MLT,Malta,2015,0.444981,19708.169921875
MLT,Malta,2016,0.455269,20717.654296875
MLT,Malta,2017,0.467902,23363.1484375
MLT,Malta,2018,0.484558,24715.5859375
MLT,Malta,2019,0.504015,27379.6484375
MLT,Malta,2020,0.518207,26985.12109375
MLT,Malta,2021,0.524376,30287.150390625
MLT,Malta,2022,0.528192,31510.064453125
MLT,Malta,2023,0.532956,33046.3359375
MMR,Myanmar,1962,22.6634214702875,16218.4482421875
MMR,Myanmar,1963,23.1608735298262,18177.359375
MMR,Myanmar,1964,23.674804332538,16960.56640625
MMR,Myanmar,1965,24.2083036427679,17732.66796875
MMR,Myanmar,1966,24.7603415390675,18667.44921875
MMR,Myanmar,1967,25.3319479428853,17074.275390625
MMR,Myanmar,1968,25.9251826971178,18069.8671875
MMR,Myanmar,1969,26.5451954090066,19057.1796875
MMR,Myanmar,1970,27.193016,20216.232421875
MMR,Myanmar,1971,27.807219,20799.5078125
MMR,Myanmar,1972,28.428324,20826.236328125
MMR,Myanmar,1973,29.026388,21447.03125
MMR,Myanmar,1974,29.598167,22456.798828125
MMR,Myanmar,1975,30.176565,23330.314453125
MMR,Myanmar,1976,30.758811,24527.42578125
MMR,Myanmar,1977,31.355966,25455.654296875
MMR,Myanmar,1978,31.972976,25966.2578125
MMR,Myanmar,1979,32.59655,27062.689453125
MMR,Myanmar,1980,33.227204,29467.58984375
MMR,Myanmar,1981,33.858783,31051.7421875
MMR,Myanmar,1982,34.482965,32694.53515625
MMR,Myanmar,1983,35.162715,34888.41796875
MMR,Myanmar,1984,35.899313,37346.6484375
MMR,Myanmar,1985,36.622827,38049.16015625
MMR,Myanmar,1986,37.314878,37861.08203125
MMR,Myanmar,1987,37.971594,36429.56640625
MMR,Myanmar,1988,38.600927,32072.3671875
MMR,Myanmar,1989,39.214618,33021.734375
MMR,Myanmar,1990,39.817251,33313.45703125
MMR,Myanmar,1991,40.394154,32333.01171875
MMR,Myanmar,1992,40.950342,34998.3046875
MMR,Myanmar,1993,41.502429,37494.15625
MMR,Myanmar,1994,42.055143,39062.01953125
MMR,Myanmar,1995,42.605338,42055.9765625
MMR,Myanmar,1996,43.15486,43495.83984375
MMR,Myanmar,1997,43.708798,44851.80078125
MMR,Myanmar,1998,44.257793,45762.609375
MMR,Myanmar,1999,44.787724,48734.7265625
MMR,Myanmar,2000,45.290841,52758.75390625
MMR,Myanmar,2001,45.771139,59232.58203125
MMR,Myanmar,2002,46.232653,66693.9375
MMR,Myanmar,2003,46.667192,76011.5234375
MMR,Myanmar,2004,47.068772,86182.1015625
MMR,Myanmar,2005,47.438365,100217.2109375
MMR,Myanmar,2006,47.785135,113962.5234375
MMR,Myanmar,2007,48.125043,128807.7109375
MMR,Myanmar,2008,48.390793,142255.015625
MMR,Myanmar,2009,48.660459,157999.25
MMR,Myanmar,2010,49.024382,196995.515625
MMR,Myanmar,2011,49.41982,217336.390625
MMR,Myanmar,2012,49.837446,171761.34375
MMR,Myanmar,2013,50.262658,239204.140625
MMR,Myanmar,2014,50.681634,255266.34375
MMR,Myanmar,2015,51.089056,259198.984375
MMR,Myanmar,2016,51.495696,258574.703125
MMR,Myanmar,2017,51.894938,264388.6875
MMR,Myanmar,2018,52.272247,327573.03125
MMR,Myanmar,2019,52.640713,344422.15625
MMR,Myanmar,2020,53.016522,332831.28125
MMR,Myanmar,2021,53.387102,417610.3125
MMR,Myanmar,2022,53.756787,420556.375
MMR,Myanmar,2023,54.133798,391349.1875
MNE,Montenegro,1990,0.620497,7474.416015625
MNE,Montenegro,1991,0.623559,6665.3447265625
MNE,Montenegro,1992,0.626019,5098.84130859375
MNE,Montenegro,1993,0.628099,3237.94067382813
MNE,Montenegro,1994,0.629878,3283.27319335938
MNE,Montenegro,1995,0.631381,3761.822265625
MNE,Montenegro,1996,0.63262,4811.638671875
MNE,Montenegro,1997,0.633533,5081.54248046875
MNE,Montenegro,1998,0.634091,5398.13720703125
MNE,Montenegro,1999,0.634283,4948.26953125
MNE,Montenegro,2000,0.634193,5402.62548828125
MNE,Montenegro,2001,0.633991,5965.646484375
MNE,Montenegro,2002,0.633766,5837.16064453125
MNE,Montenegro,2003,0.633559,5877.03857421875
MNE,Montenegro,2004,0.633754,6148.77001953125
MNE,Montenegro,2005,0.63405,6535.45556640625
MNE,Montenegro,2006,0.633871,7630.8193359375
MNE,Montenegro,2007,0.633379,9236.84375
MNE,Montenegro,2008,0.632845,9947.2041015625
MNE,Montenegro,2009,0.632438,9834.3076171875
MNE,Montenegro,2010,0.632088,9985.9189453125
MNE,Montenegro,2011,0.632688,10773.369140625
MNE,Montenegro,2012,0.63354,10441.7470703125
MNE,Montenegro,2013,0.633202,10494.4453125
MNE,Montenegro,2014,0.631375,10623.435546875
MNE,Montenegro,2015,0.628145,11345.416015625
MNE,Montenegro,2016,0.624249,12047.0576171875
MNE,Montenegro,2017,0.620114,12762.5634765625
MNE,Montenegro,2018,0.615795,13398.912109375
MNE,Montenegro,2019,0.611667,14956.86328125
MNE,Montenegro,2020,0.607935,12286.8720703125
MNE,Montenegro,2021,0.603851,14003.1513671875
MNE,Montenegro,2022,0.614648,14678.3408203125
MNE,Montenegro,2023,0.633552,15945.3994140625
MNG,Mongolia,1970,1.295272,1931.41125488281
MNG,Mongolia,1971,1.330071,2022.56066894531
MNG,Mongolia,1972,1.366821,2094.228515625
MNG,Mongolia,1973,1.405502,2278.87841796875
MNG,Mongolia,1974,1.44605,2377.97607421875
MNG,Mongolia,1975,1.488296,2518.70727539063
MNG,Mongolia,1976,1.531945,2611.59985351563
MNG,Mongolia,1977,1.576245,2869.78100585938
MNG,Mongolia,1978,1.619468,2998.93603515625
MNG,Mongolia,1979,1.660659,3127.15991210938
MNG,Mongolia,1980,1.701335,3617.2734375
MNG,Mongolia,1981,1.742857,3287.98193359375
MNG,Mongolia,1982,1.785364,3894.67602539063
MNG,Mongolia,1983,1.829092,4467.85400390625
MNG,Mongolia,1984,1.874349,5101.12158203125
MNG,Mongolia,1985,1.921514,5121.0634765625
MNG,Mongolia,1986,1.970965,5533.25341796875
MNG,Mongolia,1987,2.0228,6049.203125
MNG,Mongolia,1988,2.076322,6408.00341796875
MNG,Mongolia,1989,2.124185,6384.86083984375
MNG,Mongolia,1990,2.164573,9138.265625
MNG,Mongolia,1991,2.202768,6671.51171875
MNG,Mongolia,1992,2.239123,6322.05224609375
MNG,Mongolia,1993,2.273512,5188.54296875
MNG,Mongolia,1994,2.305744,5612.49169921875
MNG,Mongolia,1995,2.335715,7298.326171875
MNG,Mongolia,1996,2.363465,6696.31396484375
MNG,Mongolia,1997,2.389128,7044.1748046875
MNG,Mongolia,1998,2.412784,6742.63671875
MNG,Mongolia,1999,2.43404,7077.85693359375
MNG,Mongolia,2000,2.455182,7957.93994140625
MNG,Mongolia,2001,2.4777,8798.3515625
MNG,Mongolia,2002,2.500075,9657.4072265625
MNG,Mongolia,2003,2.521805,10690.83984375
MNG,Mongolia,2004,2.542793,12732.453125
MNG,Mongolia,2005,2.563461,15118.5419921875
MNG,Mongolia,2006,2.584756,18657.724609375
MNG,Mongolia,2007,2.607965,20920.263671875
MNG,Mongolia,2008,2.634424,21529.376953125
MNG,Mongolia,2009,2.665326,20555.158203125
MNG,Mongolia,2010,2.701732,24451.630859375
MNG,Mongolia,2011,2.74518,29482.01171875
MNG,Mongolia,2012,2.795459,34152.87109375
MNG,Mongolia,2013,2.851881,35120.203125
MNG,Mongolia,2014,2.913039,37212.7109375
MNG,Mongolia,2015,2.976526,36944.40234375
MNG,Mongolia,2016,3.040812,37486.3046875
MNG,Mongolia,2017,3.104364,38913.4765625
MNG,Mongolia,2018,3.167706,41515.421875
MNG,Mongolia,2019,3.232113,46499.58984375
MNG,Mongolia,2020,3.290785,47599.65234375
MNG,Mongolia,2021,3.339674,48619.8515625
MNG,Mongolia,2022,3.386015,51102.4453125
MNG,Mongolia,2023,3.431932,60550.23046875
MOZ,Mozambique,1960,6.62588084857463,5049.78662109375
MOZ,Mozambique,1961,6.76369013794768,5136.22119140625
MOZ,Mozambique,1962,6.90672177288408,5564.67822265625
MOZ,Mozambique,1963,7.05575164230853,5737.24365234375
MOZ,Mozambique,1964,7.20670241820973,5980.64892578125
MOZ,Mozambique,1965,7.36117492645626,6074.62060546875
MOZ,Mozambique,1966,7.5251627504309,6258.35009765625
MOZ,Mozambique,1967,7.69765786877318,6877.7783203125
MOZ,Mozambique,1968,7.87741378527059,7352.85400390625
MOZ,Mozambique,1969,8.06289309821733,7820.68798828125
MOZ,Mozambique,1970,8.250506,7794.28076171875
MOZ,Mozambique,1971,8.456317,8378.666015625
MOZ,Mozambique,1972,8.692935,8792.7919921875
MOZ,Mozambique,1973,8.954242,9210.802734375
MOZ,Mozambique,1974,9.236093,9767.5927734375
MOZ,Mozambique,1975,9.540817,9981.9111328125
MOZ,Mozambique,1976,9.867209,10568.5205078125
MOZ,Mozambique,1977,10.224975,10470.3642578125
MOZ,Mozambique,1978,10.61825,10669.859375
MOZ,Mozambique,1979,11.028809,11061.95703125
MOZ,Mozambique,1980,11.336221,11115.845703125
MOZ,Mozambique,1981,11.568127,11888.474609375
MOZ,Mozambique,1982,11.82437,11413.58203125
MOZ,Mozambique,1983,12.073822,9899.337890625
MOZ,Mozambique,1984,12.315954,10625.505859375
MOZ,Mozambique,1985,12.548949,9873.9580078125
MOZ,Mozambique,1986,12.770578,10300.615234375
MOZ,Mozambique,1987,12.822574,9150.021484375
MOZ,Mozambique,1988,12.800558,8909.3505859375
MOZ,Mozambique,1989,12.906842,9732.052734375
MOZ,Mozambique,1990,13.094537,9837.740234375
MOZ,Mozambique,1991,13.35209,10122.3310546875
MOZ,Mozambique,1992,13.613316,8769.142578125
MOZ,Mozambique,1993,14.051192,9533.9638671875
MOZ,Mozambique,1994,15.033853,10443.0791015625
MOZ,Mozambique,1995,15.96053,10302.7763671875
MOZ,Mozambique,1996,16.49248,11934.859375
MOZ,Mozambique,1997,16.949982,13511.4140625
MOZ,Mozambique,1998,17.340464,14945.720703125
MOZ,Mozambique,1999,17.734506,16139.3974609375
MOZ,Mozambique,2000,18.129653,16057.7001953125
MOZ,Mozambique,2001,18.537729,17496.794921875
MOZ,Mozambique,2002,18.958338,19876.267578125
MOZ,Mozambique,2003,19.392475,21703.630859375
MOZ,Mozambique,2004,19.840313,23320.912109375
MOZ,Mozambique,2005,20.304569,25355.03125
MOZ,Mozambique,2006,20.787087,26938.908203125
MOZ,Mozambique,2007,21.287635,28378.302734375
MOZ,Mozambique,2008,21.819036,29719.244140625
MOZ,Mozambique,2009,22.391745,30218.890625
MOZ,Mozambique,2010,22.999235,30077.62890625
MOZ,Mozambique,2011,23.649039,30518.80078125
MOZ,Mozambique,2012,24.337846,32287.970703125
MOZ,Mozambique,2013,25.051611,33056.48828125
MOZ,Mozambique,2014,25.788475,34688.37890625
MOZ,Mozambique,2015,26.547572,38727.66015625
MOZ,Mozambique,2016,27.337105,38699.46484375
MOZ,Mozambique,2017,28.166393,37531.984375
MOZ,Mozambique,2018,29.018644,38470.6953125
MOZ,Mozambique,2019,29.88438,41253.00390625
MOZ,Mozambique,2020,30.783688,40669.33984375
MOZ,Mozambique,2021,31.7078,41496.8671875
MOZ,Mozambique,2022,32.656246,44698.9140625
MOZ,Mozambique,2023,33.63516,49167.7265625
MRT,Mauritania,1960,0.953061677098535,2227.58813476563
MRT,Mauritania,1961,0.965382542796016,2252.66943359375
MRT,Mauritania,1962,0.978122123110018,2522.06103515625
MRT,Mauritania,1963,0.991293331288791,2392.06372070313
MRT,Mauritania,1964,1.00500699757323,3340.55834960938
MRT,Mauritania,1965,1.01928101748847,3901.5166015625
MRT,Mauritania,1966,1.03413420167173,3887.576171875
MRT,Mauritania,1967,1.04958617419319,4287.9208984375
MRT,Mauritania,1968,1.06565655912302,4931.49609375
MRT,Mauritania,1969,1.08238887512461,4632.90185546875
MRT,Mauritania,1970,1.099806,5234.9697265625
MRT,Mauritania,1971,1.133702,5302.2392578125
MRT,Mauritania,1972,1.168355,5452.48974609375
MRT,Mauritania,1973,1.203838,5357.85009765625
MRT,Mauritania,1974,1.240188,5962.75244140625
MRT,Mauritania,1975,1.27733,6574.27734375
MRT,Mauritania,1976,1.315336,7180.4658203125
MRT,Mauritania,1977,1.353768,7070.68408203125
MRT,Mauritania,1978,1.392713,6263.70947265625
MRT,Mauritania,1979,1.432758,6798.51318359375
MRT,Mauritania,1980,1.474043,6740.033203125
MRT,Mauritania,1981,1.516877,7100.5810546875
MRT,Mauritania,1982,1.561176,6680.18408203125
MRT,Mauritania,1983,1.606746,6775.208984375
MRT,Mauritania,1984,1.653693,6636.22509765625
MRT,Mauritania,1985,1.702107,6840.2001953125
MRT,Mauritania,1986,1.751835,6870.1943359375
MRT,Mauritania,1987,1.803014,7011.27490234375
MRT,Mauritania,1988,1.855859,7244.5625
MRT,Mauritania,1989,1.903048,7435.29443359375
MRT,Mauritania,1990,1.951878,7330.70458984375
MRT,Mauritania,1991,2.009738,7512.3671875
MRT,Mauritania,1992,2.088135,7788.1689453125
MRT,Mauritania,1993,2.174328,8445.7666015625
MRT,Mauritania,1994,2.249454,8894.060546875
MRT,Mauritania,1995,2.312017,8811.5029296875
MRT,Mauritania,1996,2.358188,9630.470703125
MRT,Mauritania,1997,2.411306,9242.0732421875
MRT,Mauritania,1998,2.474651,9488.9052734375
MRT,Mauritania,1999,2.541698,9827.0244140625
MRT,Mauritania,2000,2.613441,9466.4033203125
MRT,Mauritania,2001,2.67876,9320.9306640625
MRT,Mauritania,2002,2.738655,9821.2490234375
MRT,Mauritania,2003,2.802046,10340.474609375
MRT,Mauritania,2004,2.868664,10349.1484375
MRT,Mauritania,2005,2.939059,11005.943359375
MRT,Mauritania,2006,3.01366,14067.3623046875
MRT,Mauritania,2007,3.093059,13818.474609375
MRT,Mauritania,2008,3.183269,13819.9267578125
MRT,Mauritania,2009,3.284448,14035.7626953125
MRT,Mauritania,2010,3.390965,16039.1943359375
MRT,Mauritania,2011,3.502811,18207.904296875
MRT,Mauritania,2012,3.619034,17982.59375
MRT,Mauritania,2013,3.734318,19376.046875
MRT,Mauritania,2014,3.848514,18290.30859375
MRT,Mauritania,2015,3.965959,18770.55859375
MRT,Mauritania,2016,4.086657,21799.4375
MRT,Mauritania,2017,4.2106,23354.0546875
MRT,Mauritania,2018,4.337685,23429.736328125
MRT,Mauritania,2019,4.467708,25296.220703125
MRT,Mauritania,2020,4.600131,25827.505859375
MRT,Mauritania,2021,4.734874,26043.1484375
MRT,Mauritania,2022,4.875637,24791.28515625
MRT,Mauritania,2023,5.022441,27726.873046875
MSR,Montserrat,1970,0.011332,139.915222167969
MSR,Montserrat,1971,0.011338,143.244094848633
MSR,Montserrat,1972,0.01135,146.908325195313
MSR,Montserrat,1973,0.011366,149.166076660156
MSR,Montserrat,1974,0.011389,155.224044799805
MSR,Montserrat,1975,0.011409,166.877029418945
MSR,Montserrat,1976,0.011422,153.498046875
MSR,Montserrat,1977,0.011434,161.667434692383
MSR,Montserrat,1978,0.011437,159.653518676758
MSR,Montserrat,1979,0.011409,178.107284545898
MSR,Montserrat,1980,0.011339,204.477828979492
MSR,Montserrat,1981,0.011253,212.187896728516
MSR,Montserrat,1982,0.011181,220.76725769043
MSR,Montserrat,1983,0.01112,214.618835449219
MSR,Montserrat,1984,0.011056,223.391006469727
MSR,Montserrat,1985,0.010995,237.966583251953
MSR,Montserrat,1986,0.010944,249.35758972168
MSR,Montserrat,1987,0.010895,259.364562988281
MSR,Montserrat,1988,0.010846,294.0341796875
MSR,Montserrat,1989,0.010777,336.460571289063
MSR,Montserrat,1990,0.010677,390.361572265625
MSR,Montserrat,1991,0.010437,306.855865478516
MSR,Montserrat,1992,0.009987,307.712799072266
MSR,Montserrat,1993,0.009431,296.700866699219
MSR,Montserrat,1994,0.008844,309.739379882813
MSR,Montserrat,1995,0.008235,278.700561523438
MSR,Montserrat,1996,0.007604,214.60546875
MSR,Montserrat,1997,0.006958,171.857452392578
MSR,Montserrat,1998,0.006301,145.645248413086
MSR,Montserrat,1999,0.005659,135.319274902344
MSR,Montserrat,2000,0.005029,121.888786315918
MSR,Montserrat,2001,0.00459,120.237579345703
MSR,Montserrat,2002,0.004476,123.986114501953
MSR,Montserrat,2003,0.00449,125.610244750977
MSR,Montserrat,2004,0.004515,127.689193725586
MSR,Montserrat,2005,0.004547,125.586044311523
MSR,Montserrat,2006,0.004582,125.615097045898
MSR,Montserrat,2007,0.004623,127.291831970215
MSR,Montserrat,2008,0.004677,129.301040649414
MSR,Montserrat,2009,0.004735,133.008728027344
MSR,Montserrat,2010,0.004794,121.619979858398
MSR,Montserrat,2011,0.004822,127.866645812988
MSR,Montserrat,2012,0.004796,125.967529296875
MSR,Montserrat,2013,0.004753,112.146949768066
MSR,Montserrat,2014,0.004711,112.237411499023
MSR,Montserrat,2015,0.004673,116.215278625488
MSR,Montserrat,2016,0.004638,120.34789276123
MSR,Montserrat,2017,0.004603,111.68717956543
MSR,Montserrat,2018,0.004569,114.84253692627
MSR,Montserrat,2019,0.00454,121.333709716797
MSR,Montserrat,2020,0.004508,133.78288269043
MSR,Montserrat,2021,0.004479,128.119827270508
MSR,Montserrat,2022,0.004453,132.159545898438
MSR,Montserrat,2023,0.00442,142.644943237305
MUS,Mauritius,1950,0.480216956981968,2835.6123046875
MUS,Mauritius,1951,0.497502070990743,2950.99853515625
MUS,Mauritius,1952,0.515425789529194,3079.08032226563
MUS,Mauritius,1953,0.534884091851302,3074.01953125
MUS,Mauritius,1954,0.552764899733813,3043.38891601563
MUS,Mauritius,1955,0.57041815921767,3205.06762695313
MUS,Mauritius,1956,0.590469181702083,3389.84301757813
MUS,Mauritius,1957,0.608481725000961,3494.92797851563
MUS,Mauritius,1958,0.626286643767768,3330.15161132813
MUS,Mauritius,1959,0.643901066580345,3542.51953125
MUS,Mauritius,1960,0.66177783021531,3008.99194335938
MUS,Mauritius,1961,0.679793347225618,3532.7666015625
MUS,Mauritius,1962,0.69948217165781,3824.17602539063
MUS,Mauritius,1963,0.713575244342969,4690.2314453125
MUS,Mauritius,1964,0.734571193371505,4955.3271484375
MUS,Mauritius,1965,0.753874862699232,4382.88134765625
MUS,Mauritius,1966,0.772466149716693,4625.662109375
MUS,Mauritius,1967,0.787582000711222,4700.60693359375
MUS,Mauritius,1968,0.802417430717865,3954.56884765625
MUS,Mauritius,1969,0.814241502107404,4061.46142578125
MUS,Mauritius,1970,0.827696,4514.015625
MUS,Mauritius,1971,0.841106,4643.85009765625
MUS,Mauritius,1972,0.853604,4995.65576171875
MUS,Mauritius,1973,0.865144,5138.46728515625
MUS,Mauritius,1974,0.876463,5526.6708984375
MUS,Mauritius,1975,0.888023,5345.1123046875
MUS,Mauritius,1976,0.899852,6725.9228515625
MUS,Mauritius,1977,0.912147,6842.1142578125
MUS,Mauritius,1978,0.925277,6991.671875
MUS,Mauritius,1979,0.939387,7094.23291015625
MUS,Mauritius,1980,0.954216,6581.02197265625
MUS,Mauritius,1981,0.969218,6602.8984375
MUS,Mauritius,1982,0.98361,7122.232421875
MUS,Mauritius,1983,0.997366,7433.93408203125
MUS,Mauritius,1984,1.011238,7609.556640625
MUS,Mauritius,1985,1.025063,8033.7744140625
MUS,Mauritius,1986,1.038344,9440.05859375
MUS,Mauritius,1987,1.051111,10665.1435546875
MUS,Mauritius,1988,1.063593,10980.5947265625
MUS,Mauritius,1989,1.075982,11433.9365234375
MUS,Mauritius,1990,1.089024,12431.1923828125
MUS,Mauritius,1991,1.103041,13318.0361328125
MUS,Mauritius,1992,1.11767,14396.0166015625
MUS,Mauritius,1993,1.132393,15117.4228515625
MUS,Mauritius,1994,1.146548,16036.44140625
MUS,Mauritius,1995,1.159821,17714.654296875
MUS,Mauritius,1996,1.172383,19691.919921875
MUS,Mauritius,1997,1.184299,19521.12109375
MUS,Mauritius,1998,1.195105,20492.8359375
MUS,Mauritius,1999,1.205891,20032.53125
MUS,Mauritius,2000,1.216629,20614.5
MUS,Mauritius,2001,1.225801,20311.03515625
MUS,Mauritius,2002,1.234085,20639.125
MUS,Mauritius,2003,1.242099,20434.04296875
MUS,Mauritius,2004,1.2498,20715.21484375
MUS,Mauritius,2005,1.257215,19389.53515625
MUS,Mauritius,2006,1.263781,20552.283203125
MUS,Mauritius,2007,1.269518,22409.73828125
MUS,Mauritius,2008,1.274635,22689.8203125
MUS,Mauritius,2009,1.278972,22619.275390625
MUS,Mauritius,2010,1.282709,22955.3828125
MUS,Mauritius,2011,1.286267,25277.66015625
MUS,Mauritius,2012,1.28917,25891.53125
MUS,Mauritius,2013,1.290984,26879.3203125
MUS,Mauritius,2014,1.292005,27809.76953125
MUS,Mauritius,2015,1.292275,29143.578125
MUS,Mauritius,2016,1.291803,31338.38671875
MUS,Mauritius,2017,1.290655,32080.978515625
MUS,Mauritius,2018,1.288833,32075.556640625
MUS,Mauritius,2019,1.28627,32930.34765625
MUS,Mauritius,2020,1.283223,28303.9765625
MUS,Mauritius,2021,1.279623,28400.77734375
MUS,Mauritius,2022,1.27613,30730.705078125
MUS,Mauritius,2023,1.273588,32990.36328125
MWI,Malawi,1954,3.11326354654001,2681.23071289063
MWI,Malawi,1955,3.17438798320135,2852.80419921875
MWI,Malawi,1956,3.2399242802884,3059.0302734375
MWI,Malawi,1957,3.31118702614265,3306.42041015625
MWI,Malawi,1958,3.386697431418,3367.79296875
MWI,Malawi,1959,3.46415864265872,3278.92895507813
MWI,Malawi,1960,3.5467934109257,3567.21630859375
MWI,Malawi,1961,3.63068443941612,3650.44458007813
MWI,Malawi,1962,3.72993242813296,3734.11547851563
MWI,Malawi,1963,3.83044893087955,3805.4189453125
MWI,Malawi,1964,3.92275954968912,3793.48266601563
MWI,Malawi,1965,4.02339123821508,4393.2783203125
MWI,Malawi,1966,4.13533711118795,4980.8798828125
MWI,Malawi,1967,4.26750274488536,5127.71142578125
MWI,Malawi,1968,4.39201808222409,5264.30810546875
MWI,Malawi,1969,4.51564771444235,5686.38037109375
MWI,Malawi,1970,4.633944,5946.03564453125
MWI,Malawi,1971,4.751434,6748.0908203125
MWI,Malawi,1972,4.874475,7404.81298828125
MWI,Malawi,1973,5.003938,7163.47021484375
MWI,Malawi,1974,5.141337,7588.97509765625
MWI,Malawi,1975,5.287367,7893.28125
MWI,Malawi,1976,5.443384,8127.90234375
MWI,Malawi,1977,5.614983,8225.9755859375
MWI,Malawi,1978,5.810132,8414.630859375
MWI,Malawi,1979,6.028749,8046.20166015625
MWI,Malawi,1980,6.265529,8319.9716796875
MWI,Malawi,1981,6.516454,8830.076171875
MWI,Malawi,1982,6.778879,9290.7822265625
MWI,Malawi,1983,7.051709,9971.330078125
MWI,Malawi,1984,7.33281,10901.0771484375
MWI,Malawi,1985,7.620508,12130.736328125
MWI,Malawi,1986,7.90648,11330.298828125
MWI,Malawi,1987,8.293174,10790.7314453125
MWI,Malawi,1988,8.753262,10182.095703125
MWI,Malawi,1989,9.17622,10864.544921875
MWI,Malawi,1990,9.545852,10588.23828125
MWI,Malawi,1991,9.844227,11426.267578125
MWI,Malawi,1992,10.135079,10260.4365234375
MWI,Malawi,1993,10.284024,11032.5615234375
MWI,Malawi,1994,10.164894,12087.056640625
MWI,Malawi,1995,10.150117,12197.986328125
MWI,Malawi,1996,10.352228,12135.0185546875
MWI,Malawi,1997,10.562035,13370.587890625
MWI,Malawi,1998,10.792876,11507.37890625
MWI,Malawi,1999,11.047804,11470.4287109375
MWI,Malawi,2000,11.315942,11354.333984375
MWI,Malawi,2001,11.593058,10525.62109375
MWI,Malawi,2002,11.88044,12463.056640625
MWI,Malawi,2003,12.181574,12798.7138671875
MWI,Malawi,2004,12.500737,14441.9052734375
MWI,Malawi,2005,12.840031,14970.4853515625
MWI,Malawi,2006,13.198701,16142.7705078125
MWI,Malawi,2007,13.576343,19647.943359375
MWI,Malawi,2008,13.976417,21328.28125
MWI,Malawi,2009,14.395788,18129.2734375
MWI,Malawi,2010,14.826463,18099.599609375
MWI,Malawi,2011,15.265022,20200.455078125
MWI,Malawi,2012,15.709577,19515.978515625
MWI,Malawi,2013,16.161816,21166.88671875
MWI,Malawi,2014,16.621538,22629.865234375
MWI,Malawi,2015,17.085587,23914.71484375
MWI,Malawi,2016,17.557739,23792.22265625
MWI,Malawi,2017,18.039715,25624.548828125
MWI,Malawi,2018,18.528081,26463.95703125
MWI,Malawi,2019,19.025752,29283.0390625
MWI,Malawi,2020,19.533888,32341.28125
MWI,Malawi,2021,20.047258,34691.4140625
MWI,Malawi,2022,20.568728,33585.61328125
MWI,Malawi,2023,21.104482,34805.78515625
MYS,Malaysia,1955,6.82154659664231,21715.365234375
MYS,Malaysia,1956,7.01554918832002,21809.740234375
MYS,Malaysia,1957,7.22040127644303,21277.1796875
MYS,Malaysia,1958,7.43189883684337,20570.083984375
MYS,Malaysia,1959,7.64627559771092,24723.484375
MYS,Malaysia,1960,7.86345148239483,27295.25390625
MYS,Malaysia,1961,8.08261148853791,27211.658203125
MYS,Malaysia,1962,8.30930670752298,28425.3046875
MYS,Malaysia,1963,8.53514421660373,29514.279296875
MYS,Malaysia,1964,8.76746348569792,31308.5078125
MYS,Malaysia,1965,9.00088069464889,34232.046875
MYS,Malaysia,1966,9.23612632046021,35942.9453125
MYS,Malaysia,1967,9.4741007805833,36101.67578125
MYS,Malaysia,1968,9.71150313752332,37099.01953125
MYS,Malaysia,1969,9.94750860177684,40752.953125
MYS,Malaysia,1970,10.178802,42816.7109375
MYS,Malaysia,1971,10.423453,50581.3671875
MYS,Malaysia,1972,10.676835,52750.984375
MYS,Malaysia,1973,10.935621,63194.60546875
MYS,Malaysia,1974,11.200906,68791.546875
MYS,Malaysia,1975,11.471914,64621.90625
MYS,Malaysia,1976,11.750097,77526.6640625
MYS,Malaysia,1977,12.035713,84311.4609375
MYS,Malaysia,1978,12.328157,89331.421875
MYS,Malaysia,1979,12.627862,101237.4921875
MYS,Malaysia,1980,12.983363,109969.515625
MYS,Malaysia,1981,13.399203,110857.0234375
MYS,Malaysia,1982,13.832798,116399.875
MYS,Malaysia,1983,14.285907,126162.046875
MYS,Malaysia,1984,14.759009,139908.125
MYS,Malaysia,1985,15.252258,134500.875
MYS,Malaysia,1986,15.760419,123361.2265625
MYS,Malaysia,1987,16.276737,134878.203125
MYS,Malaysia,1988,16.796605,149014.421875
MYS,Malaysia,1989,17.314997,161172.921875
MYS,Malaysia,1990,17.833171,175187.765625
MYS,Malaysia,1991,18.342464,191757.96875
MYS,Malaysia,1992,18.834572,209773.953125
MYS,Malaysia,1993,19.322664,232208.328125
MYS,Malaysia,1994,19.820446,256838.96875
MYS,Malaysia,1995,20.330599,286789.875
MYS,Malaysia,1996,20.850087,318783.1875
MYS,Malaysia,1997,21.375218,340460.53125
MYS,Malaysia,1998,21.906713,325450.8125
MYS,Malaysia,1999,22.435531,347975.28125
MYS,Malaysia,2000,22.967816,374566.21875
MYS,Malaysia,2001,23.526538,368533.4375
MYS,Malaysia,2002,24.102477,392158.28125
MYS,Malaysia,2003,24.679602,423509.3125
MYS,Malaysia,2004,25.256772,462302.9375
MYS,Malaysia,2005,25.836071,495834.0625
MYS,Malaysia,2006,26.417909,533748.4375
MYS,Malaysia,2007,26.998389,576105.4375
MYS,Malaysia,2008,27.570059,643306.75
MYS,Malaysia,2009,28.124778,628698.8125
MYS,Malaysia,2010,28.655776,674329.625
MYS,Malaysia,2011,29.162039,738352.25
MYS,Malaysia,2012,29.662831,786274.375
MYS,Malaysia,2013,30.174265,791253.375
MYS,Malaysia,2014,30.696137,831900.5625
MYS,Malaysia,2015,31.232798,863760.875
MYS,Malaysia,2016,31.789685,897239.0625
MYS,Malaysia,2017,32.355644,937759.875
MYS,Malaysia,2018,32.910967,1023845.3125
MYS,Malaysia,2019,33.440596,1020877
MYS,Malaysia,2020,33.889558,968859
MYS,Malaysia,2021,34.282399,1022976.4375
MYS,Malaysia,2022,34.695493,1119484.625
MYS,Malaysia,2023,35.126298,1142450.125
NAM,Namibia,1960,0.585466311480669,3330.60034179688
NAM,Namibia,1961,0.600431739523396,3323.15112304688
NAM,Namibia,1962,0.615854041521984,3773.9833984375
NAM,Namibia,1963,0.631747099733952,4066.72143554688
NAM,Namibia,1964,0.648121842745002,4695.66650390625
NAM,Namibia,1965,0.665001072901522,4974.6845703125
NAM,Namibia,1966,0.682402630381257,5214.4619140625
NAM,Namibia,1967,0.700342287791681,5018.3466796875
NAM,Namibia,1968,0.718839952880807,5166.607421875
NAM,Namibia,1969,0.737981813792106,5474.2451171875
NAM,Namibia,1970,0.757868,5667.4150390625
NAM,Namibia,1971,0.780584,5967.48681640625
NAM,Namibia,1972,0.804399,6084.77880859375
NAM,Namibia,1973,0.828928,6318.2763671875
NAM,Namibia,1974,0.85432,6785.96923828125
NAM,Namibia,1975,0.881032,6922.9306640625
NAM,Namibia,1976,0.906566,6997.14453125
NAM,Namibia,1977,0.931104,7103.59375
NAM,Namibia,1978,0.947269,7183.626953125
NAM,Namibia,1979,0.962825,7390.11962890625
NAM,Namibia,1980,0.981434,8485.11328125
NAM,Namibia,1981,0.9925,7678.404296875
NAM,Namibia,1982,1.010308,7729.75244140625
NAM,Namibia,1983,1.037511,7403.8525390625
NAM,Namibia,1984,1.065989,7695.4453125
NAM,Namibia,1985,1.09689,8622.9013671875
NAM,Namibia,1986,1.131081,8764.125
NAM,Namibia,1987,1.167889,8416.015625
NAM,Namibia,1988,1.209696,8858.7861328125
NAM,Namibia,1989,1.288947,9188.0048828125
NAM,Namibia,1990,1.369303,8041.8349609375
NAM,Namibia,1991,1.415684,8509.8994140625
NAM,Namibia,1992,1.461322,8910.998046875
NAM,Namibia,1993,1.508697,9178.302734375
NAM,Namibia,1994,1.556304,9597.2724609375
NAM,Namibia,1995,1.60217,9773.30859375
NAM,Namibia,1996,1.646103,10613.619140625
NAM,Namibia,1997,1.689264,10911.8515625
NAM,Namibia,1998,1.732745,11343.1123046875
NAM,Namibia,1999,1.776368,11789.330078125
NAM,Namibia,2000,1.818647,12571.25390625
NAM,Namibia,2001,1.857048,13062.0673828125
NAM,Namibia,2002,1.88997,13756.3876953125
NAM,Namibia,2003,1.917464,13680.5283203125
NAM,Namibia,2004,1.942082,15172.4814453125
NAM,Namibia,2005,1.966582,15748.3447265625
NAM,Namibia,2006,1.991888,17888.435546875
NAM,Namibia,2007,2.0186,18536.78125
NAM,Namibia,2008,2.047056,20263.724609375
NAM,Namibia,2009,2.077394,20802.55859375
NAM,Namibia,2010,2.109811,22426.42578125
NAM,Namibia,2011,2.146325,24087.81640625
NAM,Namibia,2012,2.194654,25581.345703125
NAM,Namibia,2013,2.252508,25596.984375
NAM,Namibia,2014,2.312139,27548.298828125
NAM,Namibia,2015,2.3743,28447.189453125
NAM,Namibia,2016,2.439213,28439.701171875
NAM,Namibia,2017,2.506853,28400.10546875
NAM,Namibia,2018,2.577327,28288.935546875
NAM,Namibia,2019,2.650494,27922.662109375
NAM,Namibia,2020,2.728762,26804.869140625
NAM,Namibia,2021,2.810548,27279.06640625
NAM,Namibia,2022,2.889662,30124.33984375
NAM,Namibia,2023,2.963095,32543.603515625
NER,Niger,1960,3.75890005724163,8095.08837890625
NER,Niger,1961,3.8356014725614,8614.9716796875
NER,Niger,1962,3.91582566176475,9457.541015625
NER,Niger,1963,3.99932822955038,10341.5009765625
NER,Niger,1964,4.08501867354771,10129.203125
NER,Niger,1965,4.17296341797171,10528.490234375
NER,Niger,1966,4.2632270546452,10341.107421875
NER,Niger,1967,4.35587875637137,10466.1201171875
NER,Niger,1968,4.4509890702475,10672.078125
NER,Niger,1969,4.54908664140512,9741.0556640625
NER,Niger,1970,4.650275,10140.9453125
NER,Niger,1971,4.776225,10606.2138671875
NER,Niger,1972,4.904845,10251.7138671875
NER,Niger,1973,5.037865,8647.2607421875
NER,Niger,1974,5.174953,9810.2275390625
NER,Niger,1975,5.317019,8658.8896484375
NER,Niger,1976,5.464962,9321.8798828125
NER,Niger,1977,5.619716,10346.611328125
NER,Niger,1978,5.782932,10496.9873046875
NER,Niger,1979,5.955556,12559.939453125
NER,Niger,1980,6.135971,12847.197265625
NER,Niger,1981,6.322006,12090.3271484375
NER,Niger,1982,6.512732,12463.01953125
NER,Niger,1983,6.708644,12532.0927734375
NER,Niger,1984,6.909971,9764.734375
NER,Niger,1985,7.118457,10548.2275390625
NER,Niger,1986,7.335811,10536.4658203125
NER,Niger,1987,7.56115,10546.9345703125
NER,Niger,1988,7.793748,10622.51171875
NER,Niger,1989,8.03478,10469.568359375
NER,Niger,1990,8.286059,10922.5732421875
NER,Niger,1991,8.5469,10938.6337890625
NER,Niger,1992,8.817633,10878.90234375
NER,Niger,1993,9.100789,10838.1767578125
NER,Niger,1994,9.398258,10937.0849609375
NER,Niger,1995,9.714529,11732.7666015625
NER,Niger,1996,10.044852,11893.1435546875
NER,Niger,1997,10.383969,11964.4150390625
NER,Niger,1998,10.741413,13221.3232421875
NER,Niger,1999,11.117411,13325.6650390625
NER,Niger,2000,11.50963,12978.677734375
NER,Niger,2001,11.920647,13983.0537109375
NER,Niger,2002,12.349144,14686.2548828125
NER,Niger,2003,12.796984,15223.4716796875
NER,Niger,2004,13.265836,14888.97265625
NER,Niger,2005,13.756192,15611.5615234375
NER,Niger,2006,14.268581,16436.142578125
NER,Niger,2007,14.80361,16476.267578125
NER,Niger,2008,15.361915,17953.947265625
NER,Niger,2009,15.943675,18258.734375
NER,Niger,2010,16.548835,19774.576171875
NER,Niger,2011,17.176283,20967.591796875
NER,Niger,2012,17.836769,23240.279296875
NER,Niger,2013,18.519898,23583.208984375
NER,Niger,2014,19.215909,24679.4375
NER,Niger,2015,19.939498,25510.75
NER,Niger,2016,20.685753,26626.98828125
NER,Niger,2017,21.435446,27591
NER,Niger,2018,22.188069,29646.822265625
NER,Niger,2019,22.947757,33203.76171875
NER,Niger,2020,23.717613,35108.8359375
NER,Niger,2021,24.50214,36378.609375
NER,Niger,2022,25.311973,45737.5703125
NER,Niger,2023,26.159867,48602.421875
NGA,Nigeria,1950,31.9732421595727,61279.91015625
NGA,Nigeria,1951,32.6722449695832,61569.40625
NGA,Nigeria,1952,33.3918731362022,62621.1484375
NGA,Nigeria,1953,34.1328094404372,65584.046875
NGA,Nigeria,1954,35.1270574983858,73495.421875
NGA,Nigeria,1955,36.1526559449454,71404.1328125
NGA,Nigeria,1956,37.2103872931808,68875.9140625
NGA,Nigeria,1957,38.3009995335212,67538.2890625
NGA,Nigeria,1958,39.4251946262157,72051.4453125
NGA,Nigeria,1959,40.5837589201773,79809.2578125
NGA,Nigeria,1960,41.7778431699127,91170.7421875
NGA,Nigeria,1961,43.0086978619858,94495.53125
NGA,Nigeria,1962,44.2773586754526,99308.3984375
NGA,Nigeria,1963,45.5845736007426,104286.9453125
NGA,Nigeria,1964,46.9342091729982,104538.4921875
NGA,Nigeria,1965,48.3305346914394,116502.515625
NGA,Nigeria,1966,49.7655524122445,116668.6875
NGA,Nigeria,1967,51.2311034859609,101148.671875
NGA,Nigeria,1968,52.7358492581759,101438.921875
NGA,Nigeria,1969,54.2893985290204,125465.5390625
NGA,Nigeria,1970,55.893838,169883.875
NGA,Nigeria,1971,57.214684,185397.046875
NGA,Nigeria,1972,58.601748,199238
NGA,Nigeria,1973,60.082139,241877.59375
NGA,Nigeria,1974,61.679144,269122.46875
NGA,Nigeria,1975,63.410815,274859.75
NGA,Nigeria,1976,65.258009,287929.53125
NGA,Nigeria,1977,67.23459,326988.15625
NGA,Nigeria,1978,69.326532,341035.21875
NGA,Nigeria,1979,71.498242,347962.25
NGA,Nigeria,1980,73.764641,369197.09375
NGA,Nigeria,1981,76.068103,370345.125
NGA,Nigeria,1982,78.378701,318746
NGA,Nigeria,1983,80.43826,269892.71875
NGA,Nigeria,1984,82.526443,242813.015625
NGA,Nigeria,1985,84.897973,328264.75
NGA,Nigeria,1986,87.235953,175455.828125
NGA,Nigeria,1987,89.591716,124142.359375
NGA,Nigeria,1988,92.02009,102248.8828125
NGA,Nigeria,1989,94.531014,92679.8515625
NGA,Nigeria,1990,97.120925,88252.1640625
NGA,Nigeria,1991,99.720162,79322.296875
NGA,Nigeria,1992,102.37277,76128.8828125
NGA,Nigeria,1993,105.122069,63734.94140625
NGA,Nigeria,1994,107.935714,52220.78515625
NGA,Nigeria,1995,110.819428,50510.578125
NGA,Nigeria,1996,113.754779,51959.4375
NGA,Nigeria,1997,116.754792,56922.890625
NGA,Nigeria,1998,119.846254,57987.8671875
NGA,Nigeria,1999,123.04732,69825.890625
NGA,Nigeria,2000,126.382494,99031.765625
NGA,Nigeria,2001,129.862595,120818.8671875
NGA,Nigeria,2002,133.471989,164308.171875
NGA,Nigeria,2003,137.202644,226574.078125
NGA,Nigeria,2004,141.057045,312549.9375
NGA,Nigeria,2005,145.017253,533845.75
NGA,Nigeria,2006,149.077334,622909
NGA,Nigeria,2007,153.267261,683278.4375
NGA,Nigeria,2008,157.595014,692556.4375
NGA,Nigeria,2009,162.049464,762177.0625
NGA,Nigeria,2010,166.642886,899656.875
NGA,Nigeria,2011,171.379598,952395.125
NGA,Nigeria,2012,176.200625,999535.75
NGA,Nigeria,2013,181.049443,1056537.875
NGA,Nigeria,2014,185.896915,1131564.25
NGA,Nigeria,2015,190.671878,1153770.75
NGA,Nigeria,2016,195.4437,1111070.25
NGA,Nigeria,2017,200.254579,1102123.75
NGA,Nigeria,2018,204.938755,1119629
NGA,Nigeria,2019,209.485641,1178381.75
NGA,Nigeria,2020,213.996181,1164322.625
NGA,Nigeria,2021,218.529286,1133093.125
NGA,Nigeria,2022,223.150896,1092873.25
NGA,Nigeria,2023,227.882945,1043357.8125
NIC,Nicaragua,1950,1.2961094612306,5245.85791015625
NIC,Nicaragua,1951,1.33552813191152,5961.72900390625
NIC,Nicaragua,1952,1.37623587744834,6778.68994140625
NIC,Nicaragua,1953,1.41840874943983,7217.69189453125
NIC,Nicaragua,1954,1.4622249104152,7653.4638671875
NIC,Nicaragua,1955,1.5078612563454,8375.8896484375
NIC,Nicaragua,1956,1.55519887148225,8346.052734375
NIC,Nicaragua,1957,1.60412066955065,9124.5791015625
NIC,Nicaragua,1958,1.65480270214935,9236.0126953125
NIC,Nicaragua,1959,1.70742200597799,9749.3974609375
NIC,Nicaragua,1960,1.7621566028371,9427.8876953125
NIC,Nicaragua,1961,1.81896441484655,10168.068359375
NIC,Nicaragua,1962,1.87772821500253,11455.625
NIC,Nicaragua,1963,1.93850837591564,12504.9619140625
NIC,Nicaragua,1964,2.00136738112694,14072.2626953125
NIC,Nicaragua,1965,2.06636785490616,15873.244140625
NIC,Nicaragua,1966,2.13334092281804,15767.2724609375
NIC,Nicaragua,1967,2.20224422552507,16846.48828125
NIC,Nicaragua,1968,2.27333149686624,17436.869140625
NIC,Nicaragua,1969,2.34685534485098,18303.205078125
NIC,Nicaragua,1970,2.423065,18747.70703125
NIC,Nicaragua,1971,2.499825,19468.123046875
NIC,Nicaragua,1972,2.573578,19819.0859375
NIC,Nicaragua,1973,2.649278,21370.048828125
NIC,Nicaragua,1974,2.732075,24061.427734375
NIC,Nicaragua,1975,2.816943,22053.203125
NIC,Nicaragua,1976,2.903851,25334.439453125
NIC,Nicaragua,1977,2.992534,28920.669921875
NIC,Nicaragua,1978,3.080314,24796
NIC,Nicaragua,1979,3.164525,15993.3701171875
NIC,Nicaragua,1980,3.252403,19789.85546875
NIC,Nicaragua,1981,3.345674,20335.69140625
NIC,Nicaragua,1982,3.438745,19961.1015625
NIC,Nicaragua,1983,3.530282,21510.291015625
NIC,Nicaragua,1984,3.619104,21586.525390625
NIC,Nicaragua,1985,3.706479,22518.208984375
NIC,Nicaragua,1986,3.794157,21463.7265625
NIC,Nicaragua,1987,3.882164,22909.228515625
NIC,Nicaragua,1988,3.97232,15630.9794921875
NIC,Nicaragua,1989,4.066476,14727.291015625
NIC,Nicaragua,1990,4.162559,15555.2314453125
NIC,Nicaragua,1991,4.259637,15733.109375
NIC,Nicaragua,1992,4.357026,15614.0791015625
NIC,Nicaragua,1993,4.453732,15721.7333984375
NIC,Nicaragua,1994,4.549316,16425.57421875
NIC,Nicaragua,1995,4.642931,17529
NIC,Nicaragua,1996,4.729974,18148.28125
NIC,Nicaragua,1997,4.809573,18718.068359375
NIC,Nicaragua,1998,4.883655,19796.111328125
NIC,Nicaragua,1999,4.954018,20469.0390625
NIC,Nicaragua,2000,5.022633,21161.47265625
NIC,Nicaragua,2001,5.087825,21686.595703125
NIC,Nicaragua,2002,5.149909,21834.96875
NIC,Nicaragua,2003,5.210963,22089.794921875
NIC,Nicaragua,2004,5.272912,22845.826171875
NIC,Nicaragua,2005,5.342105,23523.630859375
NIC,Nicaragua,2006,5.418855,24082.826171875
NIC,Nicaragua,2007,5.497243,25229.73828125
NIC,Nicaragua,2008,5.576593,26299.470703125
NIC,Nicaragua,2009,5.656601,26776.001953125
NIC,Nicaragua,2010,5.73745,27747.0859375
NIC,Nicaragua,2011,5.819051,29051.818359375
NIC,Nicaragua,2012,5.901287,30711.837890625
NIC,Nicaragua,2013,5.983845,31215.9140625
NIC,Nicaragua,2014,6.066492,33430.66796875
NIC,Nicaragua,2015,6.149417,36057.95703125
NIC,Nicaragua,2016,6.232666,38661.8203125
NIC,Nicaragua,2017,6.316231,39847.9609375
NIC,Nicaragua,2018,6.40008,39268.359375
NIC,Nicaragua,2019,6.483657,40459.16796875
NIC,Nicaragua,2020,6.565267,41759.78125
NIC,Nicaragua,2021,6.644741,44912.9296875
NIC,Nicaragua,2022,6.730654,44749.40625
NIC,Nicaragua,2023,6.823613,49153.31640625
NLD,Netherlands,1950,10.1288483067928,93998.6171875
NLD,Netherlands,1951,10.2798602679864,96876.6796875
NLD,Netherlands,1952,10.3977152717027,106561.078125
NLD,Netherlands,1953,10.5090802415414,115033.203125
NLD,Netherlands,1954,10.6314615543887,118803.3359375
NLD,Netherlands,1955,10.767128573084,131237.84375
NLD,Netherlands,1956,10.9058471971124,136584.578125
NLD,Netherlands,1957,11.0430872968667,139432.453125
NLD,Netherlands,1958,11.2038223698886,142158.15625
NLD,Netherlands,1959,11.364829651837,149900.34375
NLD,Netherlands,1960,11.5034002324142,159270.234375
NLD,Netherlands,1961,11.656344399426,164755.71875
NLD,Netherlands,1962,11.8235733268017,174086
NLD,Netherlands,1963,11.9840934980396,181981.765625
NLD,Netherlands,1964,12.1454914236755,195753.546875
NLD,Netherlands,1965,12.310620999401,210785.015625
NLD,Netherlands,1966,12.4736674605,218724.359375
NLD,Netherlands,1967,12.6159047430722,232628.46875
NLD,Netherlands,1968,12.7439565976606,252191.25
NLD,Netherlands,1969,12.8925014863737,265085.46875
NLD,Netherlands,1970,13.052078,280727.78125
NLD,Netherlands,1971,13.208354,295841.1875
NLD,Netherlands,1972,13.342772,309700.71875
NLD,Netherlands,1973,13.453744,333263.71875
NLD,Netherlands,1974,13.559669,347475.28125
NLD,Netherlands,1975,13.680035,353447.28125
NLD,Netherlands,1976,13.786637,371716.53125
NLD,Netherlands,1977,13.868604,380424.4375
NLD,Netherlands,1978,13.953921,391804.25
NLD,Netherlands,1979,14.050169,396087.53125
NLD,Netherlands,1980,14.162686,408260.84375
NLD,Netherlands,1981,14.262689,398746.3125
NLD,Netherlands,1982,14.3339,388588.09375
NLD,Netherlands,1983,14.396901,388089.625
NLD,Netherlands,1984,14.462807,397383.15625
NLD,Netherlands,1985,14.538959,398548.375
NLD,Netherlands,1986,14.626494,411790.625
NLD,Netherlands,1987,14.724947,414104.46875
NLD,Netherlands,1988,14.825923,432289.84375
NLD,Netherlands,1989,14.921111,455962.21875
NLD,Netherlands,1990,15.030878,479320.96875
NLD,Netherlands,1991,15.15509,495853.90625
NLD,Netherlands,1992,15.276785,506700.4375
NLD,Netherlands,1993,15.38972,515483.8125
NLD,Netherlands,1994,15.485449,536427.8125
NLD,Netherlands,1995,15.565032,559896.6875
NLD,Netherlands,1996,15.640027,585529.3125
NLD,Netherlands,1997,15.723622,634095.25
NLD,Netherlands,1998,15.827107,687138.4375
NLD,Netherlands,1999,15.940184,730731.375
NLD,Netherlands,2000,16.05876,779944.3125
NLD,Netherlands,2001,16.182705,797695.1875
NLD,Netherlands,2002,16.288051,809985.9375
NLD,Netherlands,2003,16.366912,775791.375
NLD,Netherlands,2004,16.425566,792244.9375
NLD,Netherlands,2005,16.46571,805744.5
NLD,Netherlands,2006,16.493852,854109.8125
NLD,Netherlands,2007,16.531357,916467.6875
NLD,Netherlands,2008,16.597258,955031.5625
NLD,Netherlands,2009,16.68415,919864.1875
NLD,Netherlands,2010,16.771235,919182.875
NLD,Netherlands,2011,16.851057,948109.75
NLD,Netherlands,2012,16.915194,952645.875
NLD,Netherlands,2013,16.967063,945753.8125
NLD,Netherlands,2014,17.030089,924002.875
NLD,Netherlands,2015,17.107433,976814.875
NLD,Netherlands,2016,17.204693,985759.9375
NLD,Netherlands,2017,17.31537,1026291.5625
NLD,Netherlands,2018,17.42128,1054962.375
NLD,Netherlands,2019,17.537507,1113163.75
NLD,Netherlands,2020,17.636731,1104162.5
NLD,Netherlands,2021,17.730564,1179366.625
NLD,Netherlands,2022,17.904421,1228416.75
NLD,Netherlands,2023,18.092524,1239305.125
NOR,Norway,1950,3.26340719635096,34233.7421875
NOR,Norway,1951,3.29413604132274,36702.93359375
NOR,Norway,1952,3.3259762851883,37999.41796875
NOR,Norway,1953,3.35911880069933,39218.77734375
NOR,Norway,1954,3.39245933775427,40480.34375
NOR,Norway,1955,3.42560471278218,42305.28515625
NOR,Norway,1956,3.45817055905588,44638.484375
NOR,Norway,1957,3.49009992453085,46369.6875
NOR,Norway,1958,3.52113855049789,45535.76953125
NOR,Norway,1959,3.550980706944,46980.47265625
NOR,Norway,1960,3.57935378659333,48692.55859375
NOR,Norway,1961,3.60789986701387,51807.48828125
NOR,Norway,1962,3.63700355322588,53304.421875
NOR,Norway,1963,3.66460980576539,55042.25
NOR,Norway,1964,3.69239430152372,58827.77734375
NOR,Norway,1965,3.72119321089501,62307.5546875
NOR,Norway,1966,3.75165206981476,64762.21875
NOR,Norway,1967,3.78402609016447,69590.0234375
NOR,Norway,1968,3.81697272876927,72537.8671875
NOR,Norway,1969,3.84894975285889,74793.5
NOR,Norway,1970,3.875345,77657.875
NOR,Norway,1971,3.902751,81962.5234375
NOR,Norway,1972,3.932909,85000.796875
NOR,Norway,1973,3.960593,90087.8203125
NOR,Norway,1974,3.98528,92706.71875
NOR,Norway,1975,4.007365,94504.5859375
NOR,Norway,1976,4.02622,98280.515625
NOR,Norway,1977,4.043262,101331.1328125
NOR,Norway,1978,4.058673,105007.6953125
NOR,Norway,1979,4.0725,111250.09375
NOR,Norway,1980,4.085604,120270
NOR,Norway,1981,4.099672,121904.59375
NOR,Norway,1982,4.114736,120295.125
NOR,Norway,1983,4.128336,122097.6171875
NOR,Norway,1984,4.139972,128815.234375
NOR,Norway,1985,4.1524,132833.453125
NOR,Norway,1986,4.167252,129766.328125
NOR,Norway,1987,4.186824,130164.9296875
NOR,Norway,1988,4.20947,128501.484375
NOR,Norway,1989,4.226913,131607.65625
NOR,Norway,1990,4.24144,135311.796875
NOR,Norway,1991,4.261623,138665.984375
NOR,Norway,1992,4.286261,140726.375
NOR,Norway,1993,4.311862,145783.453125
NOR,Norway,1994,4.336467,151846.734375
NOR,Norway,1995,4.358993,159285.046875
NOR,Norway,1996,4.381135,174161.375
NOR,Norway,1997,4.404986,189756.78125
NOR,Norway,1998,4.431313,190958.65625
NOR,Norway,1999,4.461787,204180.984375
NOR,Norway,2000,4.490867,234917.0625
NOR,Norway,2001,4.513657,236374.765625
NOR,Norway,2002,4.538014,231347.234375
NOR,Norway,2003,4.564669,234837.890625
NOR,Norway,2004,4.591743,258260.4375
NOR,Norway,2005,4.623124,280984.125
NOR,Norway,2006,4.660494,308874.125
NOR,Norway,2007,4.70901,327064.59375
NOR,Norway,2008,4.768101,353190.96875
NOR,Norway,2009,4.828623,325728.5
NOR,Norway,2010,4.889162,343268.84375
NOR,Norway,2011,4.952968,360641.8125
NOR,Norway,2012,5.018458,383175.5625
NOR,Norway,2013,5.080124,384428.5625
NOR,Norway,2014,5.137395,381020.8125
NOR,Norway,2015,5.189771,362541.46875
NOR,Norway,2016,5.235983,353825.5625
NOR,Norway,2017,5.276802,371892.0625
NOR,Norway,2018,5.311752,394285.4375
NOR,Norway,2019,5.34773,402498.8125
NOR,Norway,2020,5.379274,381198.71875
NOR,Norway,2021,5.408091,466748.6875
NOR,Norway,2022,5.456801,586762.9375
NOR,Norway,2023,5.519167,491620.09375
NPL,Nepal,1960,10.4704332443805,8402.626953125
NPL,Nepal,1961,10.6180508328156,8386.7451171875
NPL,Nepal,1962,10.7806772592209,8614.3095703125
NPL,Nepal,1963,10.9562566819704,8690.275390625
NPL,Nepal,1964,11.1407629949558,9512.7041015625
NPL,Nepal,1965,11.3340419603013,9380.564453125
NPL,Nepal,1966,11.5375941632788,10027.6982421875
NPL,Nepal,1967,11.7506752817508,9826.791015625
NPL,Nepal,1968,11.971283208577,9842.7783203125
NPL,Nepal,1969,12.1996925866852,10362.4345703125
NPL,Nepal,1970,12.43619,10931.5380859375
NPL,Nepal,1971,12.710061,10725.326171875
NPL,Nepal,1972,12.989099,11074.3056640625
NPL,Nepal,1973,13.275239,10949.7939453125
NPL,Nepal,1974,13.568435,11664.3056640625
NPL,Nepal,1975,13.870695,11655.9345703125
NPL,Nepal,1976,14.177649,12138.3564453125
NPL,Nepal,1977,14.499175,12460.890625
NPL,Nepal,1978,14.839695,12985.9755859375
NPL,Nepal,1979,15.19059,13684.787109375
NPL,Nepal,1980,15.553105,12696.2353515625
NPL,Nepal,1981,15.922423,13887.6884765625
NPL,Nepal,1982,16.297987,14920.8095703125
NPL,Nepal,1983,16.689119,14866.6064453125
NPL,Nepal,1984,17.085242,16083.8984375
NPL,Nepal,1985,17.477692,17053.384765625
NPL,Nepal,1986,17.868124,17903.56640625
NPL,Nepal,1987,18.250505,18356.498046875
NPL,Nepal,1988,18.638661,19850.427734375
NPL,Nepal,1989,19.057807,21432.201171875
NPL,Nepal,1990,19.524573,22033.998046875
NPL,Nepal,1991,20.0365,23784.435546875
NPL,Nepal,1992,20.609707,24360.337890625
NPL,Nepal,1993,21.180159,26429.052734375
NPL,Nepal,1994,21.717479,30004.826171875
NPL,Nepal,1995,22.245439,31218.59375
NPL,Nepal,1996,22.741862,33885.30859375
NPL,Nepal,1997,23.219463,33628.2109375
NPL,Nepal,1998,23.680357,33864.25390625
NPL,Nepal,1999,24.125199,34472.55859375
NPL,Nepal,2000,24.546509,35467.04296875
NPL,Nepal,2001,24.946748,37386.24609375
NPL,Nepal,2002,25.328981,36966.98046875
NPL,Nepal,2003,25.688758,37639.62890625
NPL,Nepal,2004,26.016656,39307.85546875
NPL,Nepal,2005,26.309458,40343.65234375
NPL,Nepal,2006,26.565425,42856.390625
NPL,Nepal,2007,26.788492,46279.6484375
NPL,Nepal,2008,26.990037,50953.69921875
NPL,Nepal,2009,27.173035,56453.00390625
NPL,Nepal,2010,27.341952,64467.234375
NPL,Nepal,2011,27.464494,70512.34375
NPL,Nepal,2012,27.534915,75309.5703125
NPL,Nepal,2013,27.589996,78315.65625
NPL,Nepal,2014,27.67237,84220.1484375
NPL,Nepal,2015,27.823629,87375.734375
NPL,Nepal,2016,27.955462,88891.0234375
NPL,Nepal,2017,28.011258,103269.8046875
NPL,Nepal,2018,28.079689,109748.90625
NPL,Nepal,2019,28.414064,117097.2890625
NPL,Nepal,2020,28.966574,116866.1640625
NPL,Nepal,2021,29.47501,122007.8203125
NPL,Nepal,2022,29.715436,129473.21875
NPL,Nepal,2023,29.694614,131129.75
NZL,New Zealand,1950,1.90434714454129,28387.611328125
NZL,New Zealand,1951,1.94334494172847,26517.642578125
NZL,New Zealand,1952,1.99065150215239,25808.359375
NZL,New Zealand,1953,2.0431392029069,27515.650390625
NZL,New Zealand,1954,2.08843293081886,30189.3359375
NZL,New Zealand,1955,2.13173190840218,31426.634765625
NZL,New Zealand,1956,2.17376537107637,31823.162109375
NZL,New Zealand,1957,2.22477735154064,32927.07421875
NZL,New Zealand,1958,2.2767950344905,32869.796875
NZL,New Zealand,1959,2.32628097385173,35647.30859375
NZL,New Zealand,1960,2.36682075301409,39635.703125
NZL,New Zealand,1961,2.42739868430295,41776.3984375
NZL,New Zealand,1962,2.48338207556361,43279.8515625
NZL,New Zealand,1963,2.53607236814838,46974.05078125
NZL,New Zealand,1964,2.5865673409237,49422.484375
NZL,New Zealand,1965,2.63491671989372,52171.48046875
NZL,New Zealand,1966,2.6819689401338,55350.75390625
NZL,New Zealand,1967,2.72248445110276,51793.71875
NZL,New Zealand,1968,2.75327055782682,51366.21484375
NZL,New Zealand,1969,2.78270930396989,56881.37890625
NZL,New Zealand,1970,2.822177,54953.2265625
NZL,New Zealand,1971,2.867165,57418.01953125
NZL,New Zealand,1972,2.919258,62475.98828125
NZL,New Zealand,1973,2.978988,68466.078125
NZL,New Zealand,1974,3.041231,66887.71875
NZL,New Zealand,1975,3.094032,63514.33203125
NZL,New Zealand,1976,3.126633,65581.1484375
NZL,New Zealand,1977,3.140133,63703.8359375
NZL,New Zealand,1978,3.142244,64378.58984375
NZL,New Zealand,1979,3.141601,64102.19921875
NZL,New Zealand,1980,3.146327,63407.6875
NZL,New Zealand,1981,3.15984,65714.078125
NZL,New Zealand,1982,3.185123,66438.8125
NZL,New Zealand,1983,3.219278,70028.46875
NZL,New Zealand,1984,3.249828,72945.046875
NZL,New Zealand,1985,3.268028,73287.40625
NZL,New Zealand,1986,3.281508,77387.984375
NZL,New Zealand,1987,3.299443,80193.1953125
NZL,New Zealand,1988,3.316026,83689.8125
NZL,New Zealand,1989,3.333826,85673.6875
NZL,New Zealand,1990,3.396979,85502.6171875
NZL,New Zealand,1991,3.480925,84318.6875
NZL,New Zealand,1992,3.532244,86413.4453125
NZL,New Zealand,1993,3.57361,93588.3359375
NZL,New Zealand,1994,3.62103,100144.4375
NZL,New Zealand,1995,3.674428,105739.609375
NZL,New Zealand,1996,3.729378,110954.8828125
NZL,New Zealand,1997,3.77695,114863.8359375
NZL,New Zealand,1998,3.811371,117792.8828125
NZL,New Zealand,1999,3.835555,124925.4453125
NZL,New Zealand,2000,3.857574,127367.4765625
NZL,New Zealand,2001,3.891762,131732.953125
NZL,New Zealand,2002,3.951119,135593.390625
NZL,New Zealand,2003,4.022586,140339.546875
NZL,New Zealand,2004,4.08391,142906.40625
NZL,New Zealand,2005,4.135007,143485.078125
NZL,New Zealand,2006,4.18194,148030.859375
NZL,New Zealand,2007,4.223266,158943.46875
NZL,New Zealand,2008,4.261824,157497.15625
NZL,New Zealand,2009,4.304304,159608.671875
NZL,New Zealand,2010,4.34777,165788.921875
NZL,New Zealand,2011,4.3827,172138.140625
NZL,New Zealand,2012,4.411676,176623.75
NZL,New Zealand,2013,4.453851,182986.28125
NZL,New Zealand,2014,4.522983,188329.296875
NZL,New Zealand,2015,4.614029,195302.859375
NZL,New Zealand,2016,4.71477,208017.890625
NZL,New Zealand,2017,4.812752,217171.59375
NZL,New Zealand,2018,4.900847,217707.65625
NZL,New Zealand,2019,4.989403,232160.609375
NZL,New Zealand,2020,5.069895,232833.203125
NZL,New Zealand,2021,5.107697,241754.625
NZL,New Zealand,2022,5.131734,244211.515625
NZL,New Zealand,2023,5.172836,246573.75
OMN,Oman,1970,0.66268,9585.0693359375
OMN,Oman,1971,0.681119,6709.7626953125
OMN,Oman,1972,0.700593,5771.4609375
OMN,Oman,1973,0.721179,4793.51123046875
OMN,Oman,1974,0.746988,7264.28662109375
OMN,Oman,1975,0.778864,8312.7490234375
OMN,Oman,1976,0.814701,9111.0625
OMN,Oman,1977,0.855314,10760.1328125
OMN,Oman,1978,0.900304,11728.416015625
OMN,Oman,1979,0.949116,14034.0908203125
OMN,Oman,1980,1.001248,15593.0546875
OMN,Oman,1981,1.05732,18372.21875
OMN,Oman,1982,1.117678,19359
OMN,Oman,1983,1.181459,19887.09375
OMN,Oman,1984,1.247716,22017.400390625
OMN,Oman,1985,1.32548,24651.04296875
OMN,Oman,1986,1.413419,18678.1015625
OMN,Oman,1987,1.500996,19288.1171875
OMN,Oman,1988,1.588568,17569.173828125
OMN,Oman,1989,1.676228,19110.38671875
OMN,Oman,1990,1.763954,22822.119140625
OMN,Oman,1991,1.851473,22325.69921875
OMN,Oman,1992,1.938238,24171.357421875
OMN,Oman,1993,2.021675,24701.443359375
OMN,Oman,1994,2.081834,25573.724609375
OMN,Oman,1995,2.120528,28219.06640625
OMN,Oman,1996,2.156926,31881.48046875
OMN,Oman,1997,2.19072,34902.45703125
OMN,Oman,1998,2.222489,35392.15625
OMN,Oman,1999,2.252909,40385.4296875
OMN,Oman,2000,2.282131,47030.01953125
OMN,Oman,2001,2.310217,50450.109375
OMN,Oman,2002,2.33714,56453.80859375
OMN,Oman,2003,2.363796,65398.45703125
OMN,Oman,2004,2.404821,85579.4140625
OMN,Oman,2005,2.459802,93744.46875
OMN,Oman,2006,2.514795,128951.9296875
OMN,Oman,2007,2.570174,149202.75
OMN,Oman,2008,2.626529,182516.78125
OMN,Oman,2009,2.684659,176958.703125
OMN,Oman,2010,2.757446,178116.671875
OMN,Oman,2011,3.076763,206132.875
OMN,Oman,2012,3.547106,221772.9375
OMN,Oman,2013,3.833913,217882.859375
OMN,Oman,2014,4.002439,212614.28125
OMN,Oman,2015,4.184895,182572.671875
OMN,Oman,2016,4.390877,176154.59375
OMN,Oman,2017,4.537396,178337.328125
OMN,Oman,2018,4.597877,191211.46875
OMN,Oman,2019,4.591241,186220
OMN,Oman,2020,4.522497,159842.4375
OMN,Oman,2021,4.500424,186545.9375
OMN,Oman,2022,4.730226,230753.484375
OMN,Oman,2023,5.049269,215752.78125
PAK,Pakistan,1950,36.1226059393988,55865.1015625
PAK,Pakistan,1951,36.9778437582707,55686.78515625
PAK,Pakistan,1952,37.860900664162,54071.83203125
PAK,Pakistan,1953,38.7727966436887,55608.51171875
PAK,Pakistan,1954,39.7156450252847,56375.88671875
PAK,Pakistan,1955,40.6884642464873,54982.92578125
PAK,Pakistan,1956,41.6968886854183,58272.5546875
PAK,Pakistan,1957,42.7446594573713,58736.9296875
PAK,Pakistan,1958,43.8334113354158,58860.68359375
PAK,Pakistan,1959,44.9644612200798,63276.5
PAK,Pakistan,1960,46.1391050532626,63337.6796875
PAK,Pakistan,1961,47.3585235044031,66025.0546875
PAK,Pakistan,1962,48.6240963499167,69819.78125
PAK,Pakistan,1963,49.927866296957,74279.2265625
PAK,Pakistan,1964,51.2683662414872,79816.9453125
PAK,Pakistan,1965,52.6479156051271,87061.390625
PAK,Pakistan,1966,54.0684006644955,97843.0625
PAK,Pakistan,1967,55.529573409148,99451.8515625
PAK,Pakistan,1968,57.031863490981,105391.4453125
PAK,Pakistan,1969,58.5770908176211,114028.4921875
PAK,Pakistan,1970,60.166719,124652.9765625
PAK,Pakistan,1971,61.847899,127500.53125
PAK,Pakistan,1972,63.583194,131488.09375
PAK,Pakistan,1973,65.461912,138741.09375
PAK,Pakistan,1974,67.415487,142114.609375
PAK,Pakistan,1975,69.461175,144299.5625
PAK,Pakistan,1976,71.620254,153824.953125
PAK,Pakistan,1977,73.901827,158740.390625
PAK,Pakistan,1978,76.307379,169248.65625
PAK,Pakistan,1979,78.997039,177340.71875
PAK,Pakistan,1980,82.29101,188633.984375
PAK,Pakistan,1981,85.802049,199089.484375
PAK,Pakistan,1982,89.089246,207123.90625
PAK,Pakistan,1983,92.227711,220590.890625
PAK,Pakistan,1984,95.164936,234574.671875
PAK,Pakistan,1985,98.229285,249718.828125
PAK,Pakistan,1986,101.606764,260554.828125
PAK,Pakistan,1987,105.130717,279370.90625
PAK,Pakistan,1988,108.724739,299108.40625
PAK,Pakistan,1989,112.336629,311822.6875
PAK,Pakistan,1990,116.155576,319533.375
PAK,Pakistan,1991,120.060406,326739.3125
PAK,Pakistan,1992,123.546848,345672
PAK,Pakistan,1993,127.020117,352421.59375
PAK,Pakistan,1994,130.748083,362094.25
PAK,Pakistan,1995,134.582253,383654.65625
PAK,Pakistan,1996,138.557092,423431.53125
PAK,Pakistan,1997,142.531804,440425.21875
PAK,Pakistan,1998,146.522356,487885.71875
PAK,Pakistan,1999,150.565377,519047.40625
PAK,Pakistan,2000,154.879127,554902.3125
PAK,Pakistan,2001,159.270907,566716.5
PAK,Pakistan,2002,163.222549,588234.25
PAK,Pakistan,2003,167.110248,617339.8125
PAK,Pakistan,2004,171.286,666153.3125
PAK,Pakistan,2005,175.453212,715111.5625
PAK,Pakistan,2006,179.68269,760016.9375
PAK,Pakistan,2007,184.493231,802333.625
PAK,Pakistan,2008,189.499113,815539
PAK,Pakistan,2009,194.376534,861418.8125
PAK,Pakistan,2010,199.239047,899511.25
PAK,Pakistan,2011,203.746065,951504.5
PAK,Pakistan,2012,207.667125,1002957.5
PAK,Pakistan,2013,211.073978,1014906.25
PAK,Pakistan,2014,214.264647,1043759
PAK,Pakistan,2015,217.290883,1109754.875
PAK,Pakistan,2016,220.138869,1141943.625
PAK,Pakistan,2017,223.273967,1173453.5
PAK,Pakistan,2018,226.928892,1200435.125
PAK,Pakistan,2019,230.800899,1225962.75
PAK,Pakistan,2020,235.001746,1219682.75
PAK,Pakistan,2021,239.477801,1278586.625
PAK,Pakistan,2022,243.700667,1318832.125
PAK,Pakistan,2023,247.504495,1378872.75
PAN,Panama,1950,0.882027732559009,2293.04052734375
PAN,Panama,1951,0.904815124392698,2202.58764648438
PAN,Panama,1952,0.929047341331006,2413.73754882813
PAN,Panama,1953,0.950895903153385,2551.11010742188
PAN,Panama,1954,0.973505401485119,2742.76416015625
PAN,Panama,1955,0.998794140890666,2961.89306640625
PAN,Panama,1956,1.0243852403444,3043.69702148438
PAN,Panama,1957,1.05102485116728,3342.1279296875
PAN,Panama,1958,1.0725047257616,3381.970703125
PAN,Panama,1959,1.10205884475988,3535.34155273438
PAN,Panama,1960,1.13414176112204,3736.4794921875
PAN,Panama,1961,1.16731289091305,4171.4814453125
PAN,Panama,1962,1.20145736912337,4553.6904296875
PAN,Panama,1963,1.23659322072371,4950.54736328125
PAN,Panama,1964,1.2728772511784,5219.74072265625
PAN,Panama,1965,1.31041348695247,5728.13330078125
PAN,Panama,1966,1.34914761751322,6144.9912109375
PAN,Panama,1967,1.38899140297127,6747.859375
PAN,Panama,1968,1.42977908428207,7223.53515625
PAN,Panama,1969,1.47132169377864,7895.8095703125
PAN,Panama,1970,1.51307,9190.8564453125
PAN,Panama,1971,1.556081,10254.9677734375
PAN,Panama,1972,1.599723,10883.400390625
PAN,Panama,1973,1.64369,11335.78125
PAN,Panama,1974,1.687926,11265.30859375
PAN,Panama,1975,1.732389,11366.0732421875
PAN,Panama,1976,1.776935,11482.9501953125
PAN,Panama,1977,1.821543,11395.4951171875
PAN,Panama,1978,1.866311,12698.2939453125
PAN,Panama,1979,1.911552,12873.2099609375
PAN,Panama,1980,1.957534,14569.42578125
PAN,Panama,1981,2.004418,15504.2080078125
PAN,Panama,1982,2.052271,15802.9208984375
PAN,Panama,1983,2.101106,16435.970703125
PAN,Panama,1984,2.150782,16418.234375
PAN,Panama,1985,2.200915,16882.00390625
PAN,Panama,1986,2.251325,18121.05859375
PAN,Panama,1987,2.30197,19170.923828125
PAN,Panama,1988,2.352848,17362.59375
PAN,Panama,1989,2.40382,17313.935546875
PAN,Panama,1990,2.455583,18102.4453125
PAN,Panama,1991,2.508265,20115.546875
PAN,Panama,1992,2.561336,21968.17578125
PAN,Panama,1993,2.615099,23277.23828125
PAN,Panama,1994,2.669546,23840.04296875
PAN,Panama,1995,2.724557,23659.611328125
PAN,Panama,1996,2.780227,24952.15234375
PAN,Panama,1997,2.836695,27654.048828125
PAN,Panama,1998,2.893914,30094.951171875
PAN,Panama,1999,2.951822,31262.18359375
PAN,Panama,2000,3.010369,32446.01953125
PAN,Panama,2001,3.069537,33623.859375
PAN,Panama,2002,3.129344,35340.1953125
PAN,Panama,2003,3.189807,39205.22265625
PAN,Panama,2004,3.251155,41409.82421875
PAN,Panama,2005,3.313026,46577.03125
PAN,Panama,2006,3.375024,50866.9609375
PAN,Panama,2007,3.43749,48688.015625
PAN,Panama,2008,3.500648,54101.09375
PAN,Panama,2009,3.564381,59404.74609375
PAN,Panama,2010,3.628535,63973.90234375
PAN,Panama,2011,3.693505,73162.953125
PAN,Panama,2012,3.759256,81980.34375
PAN,Panama,2013,3.825329,90068.6953125
PAN,Panama,2014,3.892101,100646.2421875
PAN,Panama,2015,3.960035,114332.6640625
PAN,Panama,2016,4.029086,127341.7734375
PAN,Panama,2017,4.098707,140287.234375
PAN,Panama,2018,4.16786,140001.40625
PAN,Panama,2019,4.2347,146544.84375
PAN,Panama,2020,4.293261,121094.15625
PAN,Panama,2021,4.345405,136373.609375
PAN,Panama,2022,4.400773,152310.5
PAN,Panama,2023,4.458759,163155.96875
PER,Peru,1950,7.81094211184063,19477.951171875
PER,Peru,1951,8.00917050067134,21250.859375
PER,Peru,1952,8.21333425399437,21609.86328125
PER,Peru,1953,8.42455964174712,22415.619140625
PER,Peru,1954,8.64448385441481,24402.96875
PER,Peru,1955,8.87423316193481,25382.7890625
PER,Peru,1956,9.11308925003165,26286.18359375
PER,Peru,1957,9.35992877667938,28084.0078125
PER,Peru,1958,9.61638746840752,27297.78515625
PER,Peru,1959,9.88359159515343,28487.474609375
PER,Peru,1960,10.1631788353876,31756.07421875
PER,Peru,1961,10.4563769599776,33624.48828125
PER,Peru,1962,10.7623681056587,36626.17578125
PER,Peru,1963,11.0788987565857,38860.1953125
PER,Peru,1964,11.4040267314974,42585.765625
PER,Peru,1965,11.7353970136183,44520.546875
PER,Peru,1966,12.0721907637132,48274.03515625
PER,Peru,1967,12.4158416824217,50614.23046875
PER,Peru,1968,12.7676790415415,51757.73828125
PER,Peru,1969,13.1290340648115,54696.83984375
PER,Peru,1970,13.501237,58629.02734375
PER,Peru,1971,13.838067,60557.703125
PER,Peru,1972,14.210147,61806.33203125
PER,Peru,1973,14.582867,67859.5078125
PER,Peru,1974,14.956552,73064.96875
PER,Peru,1975,15.333957,73143.046875
PER,Peru,1976,15.716809,74834.5703125
PER,Peru,1977,16.109806,74947.1015625
PER,Peru,1978,16.516059,73981.9375
PER,Peru,1979,16.933139,81127.3125
PER,Peru,1980,17.360949,84806.703125
PER,Peru,1981,17.798805,88039.1171875
PER,Peru,1982,18.246503,88907.109375
PER,Peru,1983,18.705957,83145.4140625
PER,Peru,1984,19.174716,88617.578125
PER,Peru,1985,19.648204,91417.3125
PER,Peru,1986,20.117122,99898.9453125
PER,Peru,1987,20.58232,112371.8671875
PER,Peru,1988,21.054702,106547.0546875
PER,Peru,1989,21.532589,89359.5390625
PER,Peru,1990,22.014771,90380.640625
PER,Peru,1991,22.483775,94325.9140625
PER,Peru,1992,22.94634,96122.015625
PER,Peru,1993,23.413783,102860.7265625
PER,Peru,1994,23.881493,120264.7265625
PER,Peru,1995,24.348919,135139.5
PER,Peru,1996,24.811171,142225.53125
PER,Peru,1997,25.274147,152439
PER,Peru,1998,25.738095,149613.4375
PER,Peru,1999,26.186504,149784.0625
PER,Peru,2000,26.598331,154026.9375
PER,Peru,2001,26.964601,154760.515625
PER,Peru,2002,27.288217,165481.34375
PER,Peru,2003,27.58049,175842.34375
PER,Peru,2004,27.85219,191137.984375
PER,Peru,2005,28.10118,210159.734375
PER,Peru,2006,28.324491,243023.515625
PER,Peru,2007,28.530699,267998.40625
PER,Peru,2008,28.719041,285553.78125
PER,Peru,2009,28.896811,290576.71875
PER,Peru,2010,29.086019,329151.15625
PER,Peru,2011,29.304086,361576.3125
PER,Peru,2012,29.550366,377290.6875
PER,Peru,2013,29.817919,383337.71875
PER,Peru,2014,30.115826,387821.8125
PER,Peru,2015,30.4576,394213.34375
PER,Peru,2016,30.866494,407319.15625
PER,Peru,2017,31.324637,420867.75
PER,Peru,2018,31.897584,438277.5
PER,Peru,2019,32.449303,459435
PER,Peru,2020,32.838579,422034.90625
PER,Peru,2021,33.155882,499252.28125
PER,Peru,2022,33.475438,499042.375
PER,Peru,2023,33.845617,500423.21875
PHL,Philippines,1950,20.5940057466507,34017.91796875
PHL,Philippines,1951,21.2215383604536,34903.109375
PHL,Philippines,1952,21.8681911536025,36711.54296875
PHL,Philippines,1953,22.5345496653248,42103.14453125
PHL,Philippines,1954,23.2212124468308,44966.44140625
PHL,Philippines,1955,23.9287984967326,48427.609375
PHL,Philippines,1956,24.6579472610435,50428.6171875
PHL,Philippines,1957,25.4093130566147,53508.08984375
PHL,Philippines,1958,26.1835743654081,55174.69140625
PHL,Philippines,1959,26.9814301167873,60320.05078125
PHL,Philippines,1960,27.8035959698083,61534.265625
PHL,Philippines,1961,28.6627028420925,63629.171875
PHL,Philippines,1962,29.5542504464344,67951.546875
PHL,Philippines,1963,30.47808263904,72386.3828125
PHL,Philippines,1964,31.4342886449344,73324.8359375
PHL,Philippines,1965,32.421749433594,76998.6171875
PHL,Philippines,1966,33.4320964412024,80875.4296875
PHL,Philippines,1967,34.4576674687256,83333.4609375
PHL,Philippines,1968,35.4983547025915,89158.1171875
PHL,Philippines,1969,36.5531171841734,94633.265625
PHL,Philippines,1970,37.622204,101357.640625
PHL,Philippines,1971,38.518659,107066.0234375
PHL,Philippines,1972,39.40856,112165.9375
PHL,Philippines,1973,40.29413,125952.515625
PHL,Philippines,1974,41.174341,130174.125
PHL,Philippines,1975,42.120826,137768.40625
PHL,Philippines,1976,43.201488,147072
PHL,Philippines,1977,44.367962,154311.953125
PHL,Philippines,1978,45.575281,163202.625
PHL,Philippines,1979,46.807103,168991.296875
PHL,Philippines,1980,48.04374,183266.15625
PHL,Philippines,1981,49.311727,190796.03125
PHL,Philippines,1982,50.695707,197097.78125
PHL,Philippines,1983,52.19462,198900
PHL,Philippines,1984,53.726181,189762.328125
PHL,Philippines,1985,55.213006,181130.203125
PHL,Philippines,1986,56.645077,192227.34375
PHL,Philippines,1987,58.157496,209930.78125
PHL,Philippines,1988,59.739052,232008.65625
PHL,Philippines,1989,61.26526,249437.0625
PHL,Philippines,1990,62.854666,267002.625
PHL,Philippines,1991,64.382249,277767.78125
PHL,Philippines,1992,65.926125,290578.84375
PHL,Philippines,1993,67.530621,305693.375
PHL,Philippines,1994,69.019291,339141.65625
PHL,Philippines,1995,70.546246,375081.59375
PHL,Philippines,1996,72.190242,409440.84375
PHL,Philippines,1997,73.90881,410701.46875
PHL,Philippines,1998,75.791024,403206.875
PHL,Philippines,1999,77.753257,406650.96875
PHL,Philippines,2000,79.625397,415531.96875
PHL,Philippines,2001,81.401488,408276.4375
PHL,Philippines,2002,83.068889,407867.90625
PHL,Philippines,2003,84.731835,416695.53125
PHL,Philippines,2004,86.394504,425517.28125
PHL,Philippines,2005,88.015962,434416.3125
PHL,Philippines,2006,89.508986,469220.78125
PHL,Philippines,2007,91.075184,510163.15625
PHL,Philippines,2008,92.699095,541171.5
PHL,Philippines,2009,94.38425,570690.8125
PHL,Philippines,2010,96.337125,638544.3125
PHL,Philippines,2011,98.248614,671359
PHL,Philippines,2012,100.175512,728536.625
PHL,Philippines,2013,102.076336,751089.125
PHL,Philippines,2014,103.76713,789851.0625
PHL,Philippines,2015,105.312992,829892.1875
PHL,Philippines,2016,106.735719,886455.25
PHL,Philippines,2017,108.119693,924712.1875
PHL,Philippines,2018,109.465287,976622
PHL,Philippines,2019,110.804683,1042609.875
PHL,Philippines,2020,112.081264,952486.625
PHL,Philippines,2021,113.10095,986062.9375
PHL,Philippines,2022,113.964338,1039058.875
PHL,Philippines,2023,114.891199,1106537
POL,Poland,1970,32.542633,210755.96875
POL,Poland,1971,32.771296,226317.109375
POL,Poland,1972,33.041996,237028.375
POL,Poland,1973,33.333274,247134.265625
POL,Poland,1974,33.642461,264789.21875
POL,Poland,1975,33.964399,279464.09375
POL,Poland,1976,34.296607,288451.9375
POL,Poland,1977,34.628512,297330.09375
POL,Poland,1978,34.934213,301434.03125
POL,Poland,1979,35.248387,301325.1875
POL,Poland,1980,35.576519,268534.09375
POL,Poland,1981,35.900913,253899
POL,Poland,1982,36.23346,255088.046875
POL,Poland,1983,36.573699,276061.46875
POL,Poland,1984,36.9058,301852.1875
POL,Poland,1985,37.200853,327620.5
POL,Poland,1986,37.452611,344666.59375
POL,Poland,1987,37.665707,361213
POL,Poland,1988,37.817864,383891.03125
POL,Poland,1989,37.938088,403545.0625
POL,Poland,1990,38.055455,394775.59375
POL,Poland,1991,38.152947,373249.1875
POL,Poland,1992,38.23364,397134.0625
POL,Poland,1993,38.294882,424689.03125
POL,Poland,1994,38.344313,455605.9375
POL,Poland,1995,38.364667,496894.4375
POL,Poland,1996,38.359171,530151
POL,Poland,1997,38.34831,561226.25
POL,Poland,1998,38.326437,591083.5
POL,Poland,1999,38.287713,620115.5625
POL,Poland,2000,38.258071,634064.8125
POL,Poland,2001,38.247357,648693.25
POL,Poland,2002,38.229408,666793.375
POL,Poland,2003,38.203524,663400.0625
POL,Poland,2004,38.167572,700473.5625
POL,Poland,2005,38.124379,710422.5625
POL,Poland,2006,38.071167,752008.8125
POL,Poland,2007,38.020421,827560
POL,Poland,2008,37.995902,861698.5
POL,Poland,2009,38.002155,920254.375
POL,Poland,2010,38.095351,979307.5625
POL,Poland,2011,38.208643,1070539.25
POL,Poland,2012,38.247868,1095858.75
POL,Poland,2013,38.259262,1088524.625
POL,Poland,2014,38.265113,1105012.375
POL,Poland,2015,38.266314,1187056
POL,Poland,2016,38.263265,1218538.5
POL,Poland,2017,38.254959,1262828.125
POL,Poland,2018,38.241071,1308172.25
POL,Poland,2019,38.225885,1431693.625
POL,Poland,2020,38.171012,1425778.25
POL,Poland,2021,38.040302,1507236.625
POL,Poland,2022,38.385739,1553447.625
POL,Poland,2023,38.762844,1572956.75
PRT,Portugal,1950,8.09298949235206,26713.8984375
PRT,Portugal,1951,8.13852136566601,29408.16015625
PRT,Portugal,1952,8.17283824868111,30438.498046875
PRT,Portugal,1953,8.22354704488897,32417.341796875
PRT,Portugal,1954,8.27449535262752,34172.84375
PRT,Portugal,1955,8.33248913886568,35337.21484375
PRT,Portugal,1956,8.39326199019258,37147.33203125
PRT,Portugal,1957,8.45235826080476,38397.0703125
PRT,Portugal,1958,8.5203210288826,38717.7421875
PRT,Portugal,1959,8.59029679081747,41070.43359375
PRT,Portugal,1960,8.6623339974152,43784.8359375
PRT,Portugal,1961,8.65706200124194,46290.38671875
PRT,Portugal,1962,8.64613405911342,49838.41796875
PRT,Portugal,1963,8.70537385381078,53043.70703125
PRT,Portugal,1964,8.74457969738328,54521.453125
PRT,Portugal,1965,8.75066621559406,58017.98828125
PRT,Portugal,1966,8.73144678650673,59401.07421875
PRT,Portugal,1967,8.72588682799698,63477.95703125
PRT,Portugal,1968,8.73743823143817,74178.3203125
PRT,Portugal,1969,8.72032778365337,77373.078125
PRT,Portugal,1970,8.669523,81538.9375
PRT,Portugal,1971,8.685582,88089.1171875
PRT,Portugal,1972,8.815597,95583.2734375
PRT,Portugal,1973,8.939237,105845.0859375
PRT,Portugal,1974,9.059176,104972.40625
PRT,Portugal,1975,9.182302,99102.6484375
PRT,Portugal,1976,9.310256,104559.484375
PRT,Portugal,1977,9.438167,110000.890625
PRT,Portugal,1978,9.556395,113289.9921875
PRT,Portugal,1979,9.663302,117960.7265625
PRT,Portugal,1980,9.763624,120586.0546875
PRT,Portugal,1981,9.837586,117506.3125
PRT,Portugal,1982,9.885838,118613.5703125
PRT,Portugal,1983,9.925258,116937.8984375
PRT,Portugal,1984,9.956896,113045.953125
PRT,Portugal,1985,9.979469,116979.0546875
PRT,Portugal,1986,9.993094,129091.546875
PRT,Portugal,1987,10.001993,138428.46875
PRT,Portugal,1988,10.00459,150189.890625
PRT,Portugal,1989,10.001376,160619.984375
PRT,Portugal,1990,9.989524,173188.109375
PRT,Portugal,1991,9.969176,181630.640625
PRT,Portugal,1992,9.96034,190421.296875
PRT,Portugal,1993,9.972342,191100.453125
PRT,Portugal,1994,9.998487,203310.84375
PRT,Portugal,1995,10.031751,213112.28125
PRT,Portugal,1996,10.067649,220537.375
PRT,Portugal,1997,10.110551,236748.203125
PRT,Portugal,1998,10.159525,251879.890625
PRT,Portugal,1999,10.214871,267480.8125
PRT,Portugal,2000,10.283204,277198.4375
PRT,Portugal,2001,10.354325,283005.75
PRT,Portugal,2002,10.413044,287480.09375
PRT,Portugal,2003,10.454245,286594.75
PRT,Portugal,2004,10.481381,291326.25
PRT,Portugal,2005,10.502994,303535.15625
PRT,Portugal,2006,10.52412,317816.03125
PRT,Portugal,2007,10.546825,335548.84375
PRT,Portugal,2008,10.564081,339515.90625
PRT,Portugal,2009,10.576267,343529.5625
PRT,Portugal,2010,10.57866,350548.5625
PRT,Portugal,2011,10.557052,346148.9375
PRT,Portugal,2012,10.51315,338761.625
PRT,Portugal,2013,10.458298,330712.75
PRT,Portugal,2014,10.406199,330489.625
PRT,Portugal,2015,10.370267,342936.84375
PRT,Portugal,2016,10.346372,354158.1875
PRT,Portugal,2017,10.330844,362068.6875
PRT,Portugal,2018,10.325353,369630.90625
PRT,Portugal,2019,10.343213,394421.8125
PRT,Portugal,2020,10.370519,364203.875
PRT,Portugal,2021,10.390956,377007.5625
PRT,Portugal,2022,10.417073,396019.03125
PRT,Portugal,2023,10.430738,416398.3125
PRY,Paraguay,1951,1.46099739463799,3600.51953125
PRY,Paraguay,1952,1.50012034771474,3510.62670898438
PRY,Paraguay,1953,1.54017463821464,3372.9072265625
PRY,Paraguay,1954,1.58117762167897,3662.39526367188
PRY,Paraguay,1955,1.62314872252146,4000.88403320313
PRY,Paraguay,1956,1.66482466422503,4064.6669921875
PRY,Paraguay,1957,1.70744079352843,3998.4189453125
PRY,Paraguay,1958,1.75101515559708,4267.92431640625
PRY,Paraguay,1959,1.7955644163481,4346.0537109375
PRY,Paraguay,1960,1.84110868981937,4389.14501953125
PRY,Paraguay,1961,1.88883091131378,4634.5068359375
PRY,Paraguay,1962,1.93779031854468,4788.662109375
PRY,Paraguay,1963,1.98801748484967,5063.30126953125
PRY,Paraguay,1964,2.0395482706849,5268.90625
PRY,Paraguay,1965,2.09241324938795,5597.18798828125
PRY,Paraguay,1966,2.14845348758157,5707.017578125
PRY,Paraguay,1967,2.20599388818998,6120.39697265625
PRY,Paraguay,1968,2.26507490916368,6386.427734375
PRY,Paraguay,1969,2.32573907732566,6749.02685546875
PRY,Paraguay,1970,2.388028,7305.521484375
PRY,Paraguay,1971,2.442537,7760.37451171875
PRY,Paraguay,1972,2.499881,8336.6630859375
PRY,Paraguay,1973,2.561102,8937.4228515625
PRY,Paraguay,1974,2.625621,9390.7041015625
PRY,Paraguay,1975,2.691648,9532.6279296875
PRY,Paraguay,1976,2.758836,10598.3369140625
PRY,Paraguay,1977,2.827874,12104.8642578125
PRY,Paraguay,1978,2.899269,13229.923828125
PRY,Paraguay,1979,2.973968,13286.6103515625
PRY,Paraguay,1980,3.053235,15506.75
PRY,Paraguay,1981,3.137604,17544.49609375
PRY,Paraguay,1982,3.226189,17460.453125
PRY,Paraguay,1983,3.318068,17115.109375
PRY,Paraguay,1984,3.412936,17519.072265625
PRY,Paraguay,1985,3.510671,18231.13671875
PRY,Paraguay,1986,3.611474,17943.21875
PRY,Paraguay,1987,3.714889,18714.947265625
PRY,Paraguay,1988,3.820546,20359.990234375
PRY,Paraguay,1989,3.927802,21861.576171875
PRY,Paraguay,1990,4.035747,22842.8828125
PRY,Paraguay,1991,4.144364,23507.8671875
PRY,Paraguay,1992,4.2536,24365.10546875
PRY,Paraguay,1993,4.362696,25542.033203125
PRY,Paraguay,1994,4.471417,26996.01953125
PRY,Paraguay,1995,4.579806,28426.9765625
PRY,Paraguay,1996,4.687543,29499.115234375
PRY,Paraguay,1997,4.794412,30454.943359375
PRY,Paraguay,1998,4.900025,31199.275390625
PRY,Paraguay,1999,5.003135,30353.544921875
PRY,Paraguay,2000,5.100868,28898.724609375
PRY,Paraguay,2001,5.187689,30219.35546875
PRY,Paraguay,2002,5.261328,39094.39453125
PRY,Paraguay,2003,5.326436,41468.73046875
PRY,Paraguay,2004,5.388175,42846.37890625
PRY,Paraguay,2005,5.448097,42453.2890625
PRY,Paraguay,2006,5.505148,45249.48046875
PRY,Paraguay,2007,5.559386,50346.74609375
PRY,Paraguay,2008,5.613574,55530.05859375
PRY,Paraguay,2009,5.671236,59502.609375
PRY,Paraguay,2010,5.737971,70522.578125
PRY,Paraguay,2011,5.814626,78625.4453125
PRY,Paraguay,2012,5.897008,77135.765625
PRY,Paraguay,2013,5.982445,84111.40625
PRY,Paraguay,2014,6.069811,86911.9765625
PRY,Paraguay,2015,6.159103,87662.0859375
PRY,Paraguay,2016,6.249126,91872.8671875
PRY,Paraguay,2017,6.33866,94883.7109375
PRY,Paraguay,2018,6.427382,94791.5234375
PRY,Paraguay,2019,6.515058,97185.8828125
PRY,Paraguay,2020,6.603739,97195.0703125
PRY,Paraguay,2021,6.684182,100047.5234375
PRY,Paraguay,2022,6.760464,97474.5859375
PRY,Paraguay,2023,6.844146,102964.171875
PSE,State of Palestine,1970,1.11628,1770.32458496094
PSE,State of Palestine,1971,1.134113,2027.34460449219
PSE,State of Palestine,1972,1.16475,2401.11987304688
PSE,State of Palestine,1973,1.202258,2314.24780273438
PSE,State of Palestine,1974,1.241133,2838.96875
PSE,State of Palestine,1975,1.279321,2858.70825195313
PSE,State of Palestine,1976,1.316395,3320.18408203125
PSE,State of Palestine,1977,1.352713,3287.21020507813
PSE,State of Palestine,1978,1.389496,3732.81494140625
PSE,State of Palestine,1979,1.428116,3668.47338867188
PSE,State of Palestine,1980,1.469059,4218.61865234375
PSE,State of Palestine,1981,1.512704,3929.78491210938
PSE,State of Palestine,1982,1.56099,4277.82568359375
PSE,State of Palestine,1983,1.618777,4111.31591796875
PSE,State of Palestine,1984,1.688604,4322.04443359375
PSE,State of Palestine,1985,1.745256,4298.2109375
PSE,State of Palestine,1986,1.78931,5142.4248046875
PSE,State of Palestine,1987,1.876759,4999.458984375
PSE,State of Palestine,1988,1.977304,4942.40380859375
PSE,State of Palestine,1989,2.055608,5049.7939453125
PSE,State of Palestine,1990,2.139067,5981.27734375
PSE,State of Palestine,1991,2.228954,5727.9970703125
PSE,State of Palestine,1992,2.324693,7105.052734375
PSE,State of Palestine,1993,2.425066,7879.69873046875
PSE,State of Palestine,1994,2.529159,9197.8359375
PSE,State of Palestine,1995,2.636551,9816.2783203125
PSE,State of Palestine,1996,2.746822,9797.275390625
PSE,State of Palestine,1997,2.859575,11222.169921875
PSE,State of Palestine,1998,2.962888,12797.5146484375
PSE,State of Palestine,1999,3.056252,13834.0419921875
PSE,State of Palestine,2000,3.151793,13216.296875
PSE,State of Palestine,2001,3.242285,11776.2529296875
PSE,State of Palestine,2002,3.322364,10581.236328125
PSE,State of Palestine,2003,3.39807,12074.0146484375
PSE,State of Palestine,2004,3.475177,13852.744140625
PSE,State of Palestine,2005,3.557401,15042.3037109375
PSE,State of Palestine,2006,3.645096,14828.8232421875
PSE,State of Palestine,2007,3.736691,14895.283203125
PSE,State of Palestine,2008,3.829041,16828.69140625
PSE,State of Palestine,2009,3.921246,18360.041015625
PSE,State of Palestine,2010,4.016916,19306.537109375
PSE,State of Palestine,2011,4.115908,21598.783203125
PSE,State of Palestine,2012,4.215313,25690.716796875
PSE,State of Palestine,2013,4.315261,25697.53515625
PSE,State of Palestine,2014,4.415882,27085.1171875
PSE,State of Palestine,2015,4.521565,29251.546875
PSE,State of Palestine,2016,4.632739,31562.41796875
PSE,State of Palestine,2017,4.742743,31630.275390625
PSE,State of Palestine,2018,4.850592,32431.560546875
PSE,State of Palestine,2019,4.957768,34331.23828125
PSE,State of Palestine,2020,5.069692,31674.572265625
PSE,State of Palestine,2021,5.185336,31829.404296875
PSE,State of Palestine,2022,5.30527,33108.40625
PSE,State of Palestine,2023,5.409202,31532.525390625
QAT,Qatar,1970,0.11635,11316.7861328125
QAT,Qatar,1971,0.131346,12463.6982421875
QAT,Qatar,1972,0.146506,13875.302734375
QAT,Qatar,1973,0.161841,15282.26953125
QAT,Qatar,1974,0.177362,16311.7392578125
QAT,Qatar,1975,0.193087,17399.10546875
QAT,Qatar,1976,0.209052,18334.076171875
QAT,Qatar,1977,0.225285,17530.0859375
QAT,Qatar,1978,0.241808,19313.30078125
QAT,Qatar,1979,0.25867,19948.6953125
QAT,Qatar,1980,0.275913,19327.189453125
QAT,Qatar,1981,0.293553,20665.0625
QAT,Qatar,1982,0.311537,16654.244140625
QAT,Qatar,1983,0.329709,13946.2470703125
QAT,Qatar,1984,0.347878,14834.2861328125
QAT,Qatar,1985,0.36594,13734.775390625
QAT,Qatar,1986,0.382422,10760.609375
QAT,Qatar,1987,0.397005,11769.3564453125
QAT,Qatar,1988,0.411264,12003.3818359375
QAT,Qatar,1989,0.425646,13585.142578125
QAT,Qatar,1990,0.440175,14750.5703125
QAT,Qatar,1991,0.454853,13595.4931640625
QAT,Qatar,1992,0.469657,14297.97265625
QAT,Qatar,1993,0.484545,13236.17578125
QAT,Qatar,1994,0.499459,13239.267578125
QAT,Qatar,1995,0.514325,14260.818359375
QAT,Qatar,1996,0.529019,14928.1728515625
QAT,Qatar,1997,0.5505,18902.50390625
QAT,Qatar,1998,0.58054,18114.185546875
QAT,Qatar,1999,0.6125,22872.455078125
QAT,Qatar,2000,0.644989,34846.5546875
QAT,Qatar,2001,0.677925,37926.43359375
QAT,Qatar,2002,0.711205,39522.74609375
QAT,Qatar,2003,0.744682,60231.76953125
QAT,Qatar,2004,0.773332,76026.7578125
QAT,Qatar,2005,0.825408,102025.96875
QAT,Qatar,2006,0.972831,140302.75
QAT,Qatar,2007,1.208595,170531.21875
QAT,Qatar,2008,1.426938,219025.96875
QAT,Qatar,2009,1.58605,196693.171875
QAT,Qatar,2010,1.709229,257556.875
QAT,Qatar,2011,1.81095,374230.125
QAT,Qatar,2012,1.907117,398674.71875
QAT,Qatar,2013,2.032641,409736.59375
QAT,Qatar,2014,2.218372,367973.125
QAT,Qatar,2015,2.427331,292751.25
QAT,Qatar,2016,2.599372,286172.84375
QAT,Qatar,2017,2.706709,309469.71875
QAT,Qatar,2018,2.761142,310371.6875
QAT,Qatar,2019,2.797921,318250.8125
QAT,Qatar,2020,2.803375,259876.328125
QAT,Qatar,2021,2.814982,309226.28125
QAT,Qatar,2022,2.892455,401561.9375
QAT,Qatar,2023,2.979082,378748.3125
ROU,Romania,1960,18.1844946084488,31647.248046875
ROU,Romania,1961,18.3460683629015,34763.7890625
ROU,Romania,1962,18.4585033869085,38086.6875
ROU,Romania,1963,18.5893383428505,41238.7890625
ROU,Romania,1964,18.7019316782661,43786.0078125
ROU,Romania,1965,18.801025196776,48104.8359375
ROU,Romania,1966,18.9130927121558,50666.1875
ROU,Romania,1967,19.055410899203,56250.8828125
ROU,Romania,1968,19.4863910933072,60215.875
ROU,Romania,1969,19.7721450705602,64450.67578125
ROU,Romania,1970,20.011625,68738.46875
ROU,Romania,1971,20.293482,77734.9140625
ROU,Romania,1972,20.555576,86240.046875
ROU,Romania,1973,20.798323,94699.5
ROU,Romania,1974,21.033552,105437.5
ROU,Romania,1975,21.26807,115638.703125
ROU,Romania,1976,21.497683,132362.765625
ROU,Romania,1977,21.700178,141748.1875
ROU,Romania,1978,21.868067,152753.125
ROU,Romania,1979,22.019624,166333.65625
ROU,Romania,1980,22.154771,170018.953125
ROU,Romania,1981,22.272789,169936.921875
ROU,Romania,1982,22.374443,178832.890625
ROU,Romania,1983,22.459207,186460.84375
ROU,Romania,1984,22.533999,195625.703125
ROU,Romania,1985,22.60582,200548.453125
ROU,Romania,1986,22.674743,206707.046875
ROU,Romania,1987,22.745591,210798.328125
ROU,Romania,1988,22.815429,218037.671875
ROU,Romania,1989,22.887641,206440.03125
ROU,Romania,1990,22.93953,199861.140625
ROU,Romania,1991,22.947413,186118.59375
ROU,Romania,1992,22.912393,170693.578125
ROU,Romania,1993,22.84225,180201.03125
ROU,Romania,1994,22.756243,194021.015625
ROU,Romania,1995,22.657723,203746.40625
ROU,Romania,1996,22.54191,211165.53125
ROU,Romania,1997,22.411513,200385.265625
ROU,Romania,1998,22.2849,195119.6875
ROU,Romania,1999,22.166159,195438.109375
ROU,Romania,2000,22.046262,198394.515625
ROU,Romania,2001,21.919917,215638.1875
ROU,Romania,2002,21.770017,225715.484375
ROU,Romania,2003,21.59345,222837.8125
ROU,Romania,2004,21.403217,250416.84375
ROU,Romania,2005,21.213388,257449.640625
ROU,Romania,2006,21.035732,294816.34375
ROU,Romania,2007,20.870716,347957.59375
ROU,Romania,2008,20.718742,404964.78125
ROU,Romania,2009,20.576927,405360.625
ROU,Romania,2010,20.432574,410439.34375
ROU,Romania,2011,20.282011,440566.03125
ROU,Romania,2012,20.158452,458865.90625
ROU,Romania,2013,20.062921,444834.3125
ROU,Romania,2014,19.968174,458009.96875
ROU,Romania,2015,19.871019,485878.46875
ROU,Romania,2016,19.777051,507602.21875
ROU,Romania,2017,19.689401,555070.125
ROU,Romania,2018,19.597872,580713.5625
ROU,Romania,2019,19.501542,640370.75
ROU,Romania,2020,19.392469,625956.875
ROU,Romania,2021,19.248161,649700.9375
ROU,Romania,2022,19.166772,667344.75
ROU,Romania,2023,19.118479,696257.8125
RUS,Russian Federation,1990,148.979541,2666053
RUS,Russian Federation,1991,149.448433,2474440.5
RUS,Russian Federation,1992,148.915991,2706851.5
RUS,Russian Federation,1993,148.135424,2246479.5
RUS,Russian Federation,1994,148.200736,1865597.625
RUS,Russian Federation,1995,148.291403,1733919.5
RUS,Russian Federation,1996,148.084582,1684652.625
RUS,Russian Federation,1997,147.853771,1615874.875
RUS,Russian Federation,1998,147.635531,1523008.75
RUS,Russian Federation,1999,147.241975,1607150.875
RUS,Russian Federation,2000,146.717783,1857685.125
RUS,Russian Federation,2001,146.117284,1780918.875
RUS,Russian Federation,2002,145.9395,1815818
RUS,Russian Federation,2003,145.794229,1958860.5
RUS,Russian Federation,2004,145.180097,2186966.75
RUS,Russian Federation,2005,144.597884,2447508.25
RUS,Russian Federation,2006,144.102948,2833723.5
RUS,Russian Federation,2007,143.859764,3270283.5
RUS,Russian Federation,2008,143.81184,3708624.5
RUS,Russian Federation,2009,143.869132,3359789.75
RUS,Russian Federation,2010,143.934465,3782417.25
RUS,Russian Federation,2011,144.043748,4288462
RUS,Russian Federation,2012,144.291029,4613104.5
RUS,Russian Federation,2013,144.604098,4494604
RUS,Russian Federation,2014,144.925638,4385105.5
RUS,Russian Federation,2015,145.307616,4142568.25
RUS,Russian Federation,2016,145.778677,4061978.5
RUS,Russian Federation,2017,146.186799,4290227.5
RUS,Russian Federation,2018,146.430146,4654116
RUS,Russian Federation,2019,146.533067,5023384
RUS,Russian Federation,2020,146.371299,4894178
RUS,Russian Federation,2021,145.836175,5703566.5
RUS,Russian Federation,2022,145.579899,5808183.5
RUS,Russian Federation,2023,145.4405,5896073
RWA,Rwanda,1960,3.20192650741054,3404.10717773438
RWA,Rwanda,1961,3.21682180284317,3254.13232421875
RWA,Rwanda,1962,3.2224552541366,3581.49829101563
RWA,Rwanda,1963,3.3045805647124,3210.23681640625
RWA,Rwanda,1964,3.36265524579088,2844.09228515625
RWA,Rwanda,1965,3.44782755024777,3008.97900390625
RWA,Rwanda,1966,3.54663943916424,3215.48852539063
RWA,Rwanda,1967,3.64472791568335,3460.9833984375
RWA,Rwanda,1968,3.74701560854451,3681.73974609375
RWA,Rwanda,1969,3.86198832394447,4087.81103515625
RWA,Rwanda,1970,3.980669,4366.85400390625
RWA,Rwanda,1971,4.100044,4407.6923828125
RWA,Rwanda,1972,4.220335,4580.98046875
RWA,Rwanda,1973,4.345047,4771.939453125
RWA,Rwanda,1974,4.474228,4861.88427734375
RWA,Rwanda,1975,4.607728,4928.66015625
RWA,Rwanda,1976,4.745954,5788.13720703125
RWA,Rwanda,1977,4.88824,6173.38720703125
RWA,Rwanda,1978,5.035171,6183.28515625
RWA,Rwanda,1979,5.189541,7062.662109375
RWA,Rwanda,1980,5.353259,6916.369140625
RWA,Rwanda,1981,5.52723,7946.267578125
RWA,Rwanda,1982,5.711549,7739.1123046875
RWA,Rwanda,1983,5.905311,8230.171875
RWA,Rwanda,1984,6.107627,7993.21533203125
RWA,Rwanda,1985,6.317228,8405.068359375
RWA,Rwanda,1986,6.531881,8822.2021484375
RWA,Rwanda,1987,6.749493,8439.0712890625
RWA,Rwanda,1988,6.968071,8546.3701171875
RWA,Rwanda,1989,7.184706,9178.802734375
RWA,Rwanda,1990,7.375307,8839.3095703125
RWA,Rwanda,1991,7.526966,7767.662109375
RWA,Rwanda,1992,7.683266,8128.0048828125
RWA,Rwanda,1993,7.981132,7410.7998046875
RWA,Rwanda,1994,6.792352,3417.36254882813
RWA,Rwanda,1995,5.674118,4188.86669921875
RWA,Rwanda,1996,6.708764,4971.234375
RWA,Rwanda,1997,7.755238,6177.36083984375
RWA,Rwanda,1998,8.081681,6949.99951171875
RWA,Rwanda,1999,8.147912,7417.76806640625
RWA,Rwanda,2000,8.213931,8215.9638671875
RWA,Rwanda,2001,8.287094,8808.15625
RWA,Rwanda,2002,8.40018,9942.9833984375
RWA,Rwanda,2003,8.586875,10032.201171875
RWA,Rwanda,2004,8.816844,10950.1640625
RWA,Rwanda,2005,9.054528,12010.388671875
RWA,Rwanda,2006,9.299246,13172.39453125
RWA,Rwanda,2007,9.549933,14034.5615234375
RWA,Rwanda,2008,9.804269,14623.8154296875
RWA,Rwanda,2009,10.060432,15873.8369140625
RWA,Rwanda,2010,10.317553,17041.1953125
RWA,Rwanda,2011,10.573733,18963.794921875
RWA,Rwanda,2012,10.829901,20002.5078125
RWA,Rwanda,2013,11.09334,20211.306640625
RWA,Rwanda,2014,11.364757,22004.337890625
RWA,Rwanda,2015,11.640022,23721.197265625
RWA,Rwanda,2016,11.919183,24647.173828125
RWA,Rwanda,2017,12.20206,25897.251953125
RWA,Rwanda,2018,12.487996,28498.4765625
RWA,Rwanda,2019,12.776103,31035.609375
RWA,Rwanda,2020,13.065837,30441.17578125
RWA,Rwanda,2021,13.35526,34320.0546875
RWA,Rwanda,2022,13.65103,37041.01171875
RWA,Rwanda,2023,13.954471,39916.203125
SAU,Saudi Arabia,1970,3.56247,130462.5625
SAU,Saudi Arabia,1971,3.724031,159215.84375
SAU,Saudi Arabia,1972,3.905722,189399.453125
SAU,Saudi Arabia,1973,4.106344,221659.84375
SAU,Saudi Arabia,1974,4.323632,345702.03125
SAU,Saudi Arabia,1975,4.556287,294524.0625
SAU,Saudi Arabia,1976,4.807933,358772.34375
SAU,Saudi Arabia,1977,5.083048,363281.40625
SAU,Saudi Arabia,1978,5.381902,356064
SAU,Saudi Arabia,1979,5.703698,372355.40625
SAU,Saudi Arabia,1980,6.047997,405680.125
SAU,Saudi Arabia,1981,6.420551,411976.0625
SAU,Saudi Arabia,1982,6.824486,362744.84375
SAU,Saudi Arabia,1983,7.252941,339665.28125
SAU,Saudi Arabia,1984,7.697307,324165.46875
SAU,Saudi Arabia,1985,8.151779,284051.53125
SAU,Saudi Arabia,1986,8.628639,292506.25
SAU,Saudi Arabia,1987,9.130194,279076.21875
SAU,Saudi Arabia,1988,9.629165,307019.9375
SAU,Saudi Arabia,1989,10.128394,306957.84375
SAU,Saudi Arabia,1990,10.640691,326966.1875
SAU,Saudi Arabia,1991,11.160744,365500.46875
SAU,Saudi Arabia,1992,11.686676,391897.71875
SAU,Saudi Arabia,1993,12.215862,396306.25
SAU,Saudi Arabia,1994,12.75004,390151.59375
SAU,Saudi Arabia,1995,13.289245,391472.71875
SAU,Saudi Arabia,1996,13.831009,401252.15625
SAU,Saudi Arabia,1997,14.374943,411940.28125
SAU,Saudi Arabia,1998,14.922185,376075
SAU,Saudi Arabia,1999,15.472075,423449.90625
SAU,Saudi Arabia,2000,16.177722,500757.40625
SAU,Saudi Arabia,2001,17.041397,477692.03125
SAU,Saudi Arabia,2002,17.91091,527204.875
SAU,Saudi Arabia,2003,18.786767,573272.1875
SAU,Saudi Arabia,2004,19.66948,682401.5
SAU,Saudi Arabia,2005,20.55989,827209.875
SAU,Saudi Arabia,2006,21.459144,980176.8125
SAU,Saudi Arabia,2007,22.368313,1103902.25
SAU,Saudi Arabia,2008,23.287877,1422034
SAU,Saudi Arabia,2009,24.217654,1235951.5
SAU,Saudi Arabia,2010,25.157128,1555686.375
SAU,Saudi Arabia,2011,26.105645,2117685.5
SAU,Saudi Arabia,2012,27.062443,2164194.75
SAU,Saudi Arabia,2013,28.026825,2098705.5
SAU,Saudi Arabia,2014,28.998128,2097794.5
SAU,Saudi Arabia,2015,29.974938,1837673
SAU,Saudi Arabia,2016,30.717808,1724590.375
SAU,Saudi Arabia,2017,30.782402,1795826.75
SAU,Saudi Arabia,2018,30.365121,1867019.125
SAU,Saudi Arabia,2019,30.472811,1836358.625
SAU,Saudi Arabia,2020,30.991207,1579308.875
SAU,Saudi Arabia,2021,31.328375,1806779.25
SAU,Saudi Arabia,2022,32.175352,2075522.5
SAU,Saudi Arabia,2023,33.264292,1889923.625
SDN,Sudan,1970,11.9670992615882,18991.560546875
SDN,Sudan,1971,12.3385016544323,20311.75
SDN,Sudan,1972,12.7315860879919,19457.80859375
SDN,Sudan,1973,13.2119572140352,18971.04296875
SDN,Sudan,1974,13.7089170659824,22965.126953125
SDN,Sudan,1975,14.1702466892271,27061.23828125
SDN,Sudan,1976,14.6498168600247,31108.705078125
SDN,Sudan,1977,15.1402296356612,35156.25390625
SDN,Sudan,1978,15.7043160335677,34620.69140625
SDN,Sudan,1979,16.3106153873144,32311.2265625
SDN,Sudan,1980,16.9523128432682,33519.484375
SDN,Sudan,1981,17.6098004466021,35976.2890625
SDN,Sudan,1982,18.2566545966153,39156.796875
SDN,Sudan,1983,18.8326238112672,34511.03125
SDN,Sudan,1984,19.249192632905,35381.78515625
SDN,Sudan,1985,19.6001655174209,36753.22265625
SDN,Sudan,1986,19.9719719529706,40569.4921875
SDN,Sudan,1987,20.3346763362776,41744.68359375
SDN,Sudan,1988,20.5875286381175,42650.8046875
SDN,Sudan,1989,20.8289964425487,41866.53515625
SDN,Sudan,1990,21.1996565059516,44074.41796875
SDN,Sudan,1991,21.6339936997453,47891.50390625
SDN,Sudan,1992,22.0536839493434,48225.59765625
SDN,Sudan,1993,22.5008958451126,46230.109375
SDN,Sudan,1994,23.0661896176921,48918.05078125
SDN,Sudan,1995,23.6863927939525,48314.31640625
SDN,Sudan,1996,24.233414329355,48510.89453125
SDN,Sudan,1997,24.8042268499476,53225.3359375
SDN,Sudan,1998,25.4143392576976,56231.73828125
SDN,Sudan,1999,26.0664911205968,62690.16015625
SDN,Sudan,2000,26.8165615448192,64503.01953125
SDN,Sudan,2001,27.5899064133611,66372.5625
SDN,Sudan,2002,28.3824417259343,70197.515625
SDN,Sudan,2003,29.1537901481666,71492.2890625
SDN,Sudan,2004,29.9385171373953,76172.46875
SDN,Sudan,2005,30.7805968003126,93500.8359375
SDN,Sudan,2006,31.6650336068591,120441.4453125
SDN,Sudan,2007,32.6030163710157,125625.015625
SDN,Sudan,2008,33.62398,126259.0234375
SDN,Sudan,2009,34.569113,157130.96875
SDN,Sudan,2010,35.414399,193344.109375
SDN,Sudan,2011,36.140806,236286.15625
SDN,Sudan,2012,36.923178,245549.421875
SDN,Sudan,2013,37.785849,182302.3125
SDN,Sudan,2014,38.823318,286001.15625
SDN,Sudan,2015,40.024431,296887.28125
SDN,Sudan,2016,41.259892,437280.4375
SDN,Sudan,2017,42.714306,566759.0625
SDN,Sudan,2018,44.230596,302892.34375
SDN,Sudan,2019,45.548175,231262.984375
SDN,Sudan,2020,46.789231,216550.0625
SDN,Sudan,2021,48.066924,142079.4375
SDN,Sudan,2022,49.383346,141936.734375
SDN,Sudan,2023,50.042791,120740.59375
SEN,Senegal,1960,3.38221480281171,10752.6328125
SEN,Senegal,1961,3.46333058168135,11012.3662109375
SEN,Senegal,1962,3.54816506414361,10944.8818359375
SEN,Senegal,1963,3.63689605942261,11174.4189453125
SEN,Senegal,1964,3.76113809688718,11583.650390625
SEN,Senegal,1965,3.87267404996293,11495.869140625
SEN,Senegal,1966,3.9891045656889,11892.814453125
SEN,Senegal,1967,4.10217544887675,11829.537109375
SEN,Senegal,1968,4.21387244137461,11456.3134765625
SEN,Senegal,1969,4.33685822337789,10198.677734375
SEN,Senegal,1970,4.466328,11340.068359375
SEN,Senegal,1971,4.601864,11311.650390625
SEN,Senegal,1972,4.741631,11732.0048828125
SEN,Senegal,1973,4.885181,11049.4853515625
SEN,Senegal,1974,5.029437,12203.4873046875
SEN,Senegal,1975,5.17081,12765.3779296875
SEN,Senegal,1976,5.308564,13572.513671875
SEN,Senegal,1977,5.439549,13754.68359375
SEN,Senegal,1978,5.568096,13469.0986328125
SEN,Senegal,1979,5.702895,14405.9296875
SEN,Senegal,1980,5.845638,13662.984375
SEN,Senegal,1981,5.99716,13903.626953125
SEN,Senegal,1982,6.156961,16210.4765625
SEN,Senegal,1983,6.324504,17282.84375
SEN,Senegal,1984,6.499364,18421.205078125
SEN,Senegal,1985,6.683287,20442.93359375
SEN,Senegal,1986,6.878192,21680.642578125
SEN,Senegal,1987,7.08153,22153.52734375
SEN,Senegal,1988,7.289618,22881.02734375
SEN,Senegal,1989,7.502207,22680.841796875
SEN,Senegal,1990,7.720523,23187.72265625
SEN,Senegal,1991,7.943085,23005.97265625
SEN,Senegal,1992,8.168395,23353.837890625
SEN,Senegal,1993,8.396288,22752.287109375
SEN,Senegal,1994,8.624078,23093.849609375
SEN,Senegal,1995,8.848101,23296.05078125
SEN,Senegal,1996,9.067014,24653.60546875
SEN,Senegal,1997,9.283495,24777.158203125
SEN,Senegal,1998,9.502952,25613.49609375
SEN,Senegal,1999,9.730887,27444.29296875
SEN,Senegal,2000,9.96826,27366.70703125
SEN,Senegal,2001,10.212942,29646.427734375
SEN,Senegal,2002,10.466214,28745.615234375
SEN,Senegal,2003,10.721176,30972.837890625
SEN,Senegal,2004,10.975704,31187.7578125
SEN,Senegal,2005,11.235472,32866.3828125
SEN,Senegal,2006,11.500094,34047.51171875
SEN,Senegal,2007,11.770344,35445.61328125
SEN,Senegal,2008,12.048959,35521.578125
SEN,Senegal,2009,12.337389,39131.98828125
SEN,Senegal,2010,12.635413,40962.74609375
SEN,Senegal,2011,12.958897,41339.7890625
SEN,Senegal,2012,13.310495,43245.64453125
SEN,Senegal,2013,13.710849,43221.6640625
SEN,Senegal,2014,14.152102,44925.671875
SEN,Senegal,2015,14.593331,47858.23828125
SEN,Senegal,2016,15.034521,50589.83984375
SEN,Senegal,2017,15.475002,52523.96875
SEN,Senegal,2018,15.914498,55416.6484375
SEN,Senegal,2019,16.352922,60323.875
SEN,Senegal,2020,16.789219,61628.1875
SEN,Senegal,2021,17.220867,66477.2734375
SEN,Senegal,2022,17.651103,67393.2421875
SEN,Senegal,2023,18.077573,70639.484375
SGP,Singapore,1960,1.6599322353492,5153.4482421875
SGP,Singapore,1961,1.71639251055744,5523.998046875
SGP,Singapore,1962,1.76458545786246,6026.55615234375
SGP,Singapore,1963,1.80975360591559,6763.2109375
SGP,Singapore,1964,1.85673660948203,6574.5556640625
SGP,Singapore,1965,1.90240895083836,7184.56787109375
SGP,Singapore,1966,1.95029938216145,8113.88916015625
SGP,Singapore,1967,1.99385447221166,9248.740234375
SGP,Singapore,1968,2.0285373225839,10624.158203125
SGP,Singapore,1969,2.0592879459476,12237.0458984375
SGP,Singapore,1970,2.091558,13862.078125
SGP,Singapore,1971,2.128433,15775.20703125
SGP,Singapore,1972,2.164334,17925.7734375
SGP,Singapore,1973,2.200137,19815.15625
SGP,Singapore,1974,2.235075,21562.8359375
SGP,Singapore,1975,2.268523,22295.990234375
SGP,Singapore,1976,2.300743,23915.01171875
SGP,Singapore,1977,2.331545,25476.0625
SGP,Singapore,1978,2.360602,27779.91015625
SGP,Singapore,1979,2.388157,30679.376953125
SGP,Singapore,1980,2.437493,34522.46875
SGP,Singapore,1981,2.531802,37872.8359375
SGP,Singapore,1982,2.627417,41821.8203125
SGP,Singapore,1983,2.685981,46434.4921875
SGP,Singapore,1984,2.720923,50145.66796875
SGP,Singapore,1985,2.73503,48719.19921875
SGP,Singapore,1986,2.744653,48619.95703125
SGP,Singapore,1987,2.781615,53194.53125
SGP,Singapore,1988,2.849045,58672.59375
SGP,Singapore,1989,2.938655,64875.71875
SGP,Singapore,1990,3.039591,72520.765625
SGP,Singapore,1991,3.136291,79057.7734375
SGP,Singapore,1992,3.226465,83782.515625
SGP,Singapore,1993,3.317892,93685.4765625
SGP,Singapore,1994,3.417817,103415.8203125
SGP,Singapore,1995,3.533624,115314.3046875
SGP,Singapore,1996,3.66456,124722.46875
SGP,Singapore,1997,3.796622,141760.578125
SGP,Singapore,1998,3.901418,141004.96875
SGP,Singapore,1999,3.966557,153876.484375
SGP,Singapore,2000,4.035245,186087.015625
SGP,Singapore,2001,4.116166,185733.375
SGP,Singapore,2002,4.146892,201536.9375
SGP,Singapore,2003,4.138245,213842.015625
SGP,Singapore,2004,4.172767,260233.8125
SGP,Singapore,2005,4.268364,300831.3125
SGP,Singapore,2006,4.407058,329469.75
SGP,Singapore,2007,4.596515,363994.84375
SGP,Singapore,2008,4.806741,361260.6875
SGP,Singapore,2009,4.968568,370930.15625
SGP,Singapore,2010,5.077014,439581.375
SGP,Singapore,2011,5.182239,470300.375
SGP,Singapore,2012,5.29334,482118
SGP,Singapore,2013,5.385588,477149.96875
SGP,Singapore,2014,5.4579,480467.34375
SGP,Singapore,2015,5.52534,497220.25
SGP,Singapore,2016,5.57793,510847.09375
SGP,Singapore,2017,5.604078,541093.0625
SGP,Singapore,2018,5.634369,570760.9375
SGP,Singapore,2019,5.669563,576209.375
SGP,Singapore,2020,5.62015,541792.8125
SGP,Singapore,2021,5.54629,638975.8125
SGP,Singapore,2022,5.649885,706659.4375
SGP,Singapore,2023,5.78909,652885.9375
SLE,Sierra Leone,1961,2.36448841430262,2497.2998046875
SLE,Sierra Leone,1962,2.39975008876011,2617.05102539063
SLE,Sierra Leone,1963,2.43594513184418,2761.05493164063
SLE,Sierra Leone,1964,2.47291728661138,3273.82836914063
SLE,Sierra Leone,1965,2.51068394070379,3327.01440429688
SLE,Sierra Leone,1966,2.54926526378622,3276.15356445313
SLE,Sierra Leone,1967,2.58868003451211,2998.65600585938
SLE,Sierra Leone,1968,2.6289495817224,3222.74633789063
SLE,Sierra Leone,1969,2.67014368782063,3383.06860351563
SLE,Sierra Leone,1970,2.712286,4128.91455078125
SLE,Sierra Leone,1971,2.763222,4206.2451171875
SLE,Sierra Leone,1972,2.814388,4399.94287109375
SLE,Sierra Leone,1973,2.866955,4553.65673828125
SLE,Sierra Leone,1974,2.920459,4646.76416015625
SLE,Sierra Leone,1975,2.974657,4629.2900390625
SLE,Sierra Leone,1976,3.02882,4540.32568359375
SLE,Sierra Leone,1977,3.085354,4569.96435546875
SLE,Sierra Leone,1978,3.145517,4723.181640625
SLE,Sierra Leone,1979,3.207499,4805.63623046875
SLE,Sierra Leone,1980,3.272089,4677.09521484375
SLE,Sierra Leone,1981,3.33894,4958.91259765625
SLE,Sierra Leone,1982,3.408183,5252.08740234375
SLE,Sierra Leone,1983,3.481646,5148.66259765625
SLE,Sierra Leone,1984,3.558758,5391.9111328125
SLE,Sierra Leone,1985,3.638438,5488.46630859375
SLE,Sierra Leone,1986,3.72838,5598.54736328125
SLE,Sierra Leone,1987,3.829718,6019.3935546875
SLE,Sierra Leone,1988,3.934517,6272.46044921875
SLE,Sierra Leone,1989,4.034037,6627.35205078125
SLE,Sierra Leone,1990,4.196828,7270.50341796875
SLE,Sierra Leone,1991,4.246267,7542.07177734375
SLE,Sierra Leone,1992,4.166366,7091.92626953125
SLE,Sierra Leone,1993,4.15713,7870.98193359375
SLE,Sierra Leone,1994,4.173105,8803.8671875
SLE,Sierra Leone,1995,4.179179,8248.2060546875
SLE,Sierra Leone,1996,4.19921,6966.56396484375
SLE,Sierra Leone,1997,4.253716,6227.81591796875
SLE,Sierra Leone,1998,4.295785,5498.263671875
SLE,Sierra Leone,1999,4.318043,4043.306640625
SLE,Sierra Leone,2000,4.423611,4707.9248046875
SLE,Sierra Leone,2001,4.692716,5341.646484375
SLE,Sierra Leone,2002,4.971435,6217.732421875
SLE,Sierra Leone,2003,5.177687,6395.615234375
SLE,Sierra Leone,2004,5.355717,6516.884765625
SLE,Sierra Leone,2005,5.501712,6440.32470703125
SLE,Sierra Leone,2006,5.624466,6768.9111328125
SLE,Sierra Leone,2007,5.749352,7148.9296875
SLE,Sierra Leone,2008,5.894722,7606.15966796875
SLE,Sierra Leone,2009,6.055646,8104.9365234375
SLE,Sierra Leone,2010,6.222714,8359.935546875
SLE,Sierra Leone,2011,6.387251,8874.9267578125
SLE,Sierra Leone,2012,6.55108,10754.9208984375
SLE,Sierra Leone,2013,6.714051,13217.3720703125
SLE,Sierra Leone,2014,6.876385,13267.71484375
SLE,Sierra Leone,2015,7.037655,13159.615234375
SLE,Sierra Leone,2016,7.205328,14856.6630859375
SLE,Sierra Leone,2017,7.379299,15451.5146484375
SLE,Sierra Leone,2018,7.554563,20067.369140625
SLE,Sierra Leone,2019,7.731991,19853.798828125
SLE,Sierra Leone,2020,7.912558,20290.517578125
SLE,Sierra Leone,2021,8.094602,21007.560546875
SLE,Sierra Leone,2022,8.276807,22379.201171875
SLE,Sierra Leone,2023,8.460512,23216.880859375
SLV,El Salvador,1950,1.97472641638483,4405.423828125
SLV,El Salvador,1951,2.02558184515029,4662.40087890625
SLV,El Salvador,1952,2.07964713140867,4937.064453125
SLV,El Salvador,1953,2.13692506634042,5288.05908203125
SLV,El Salvador,1954,2.19741916925999,5611.86279296875
SLV,El Salvador,1955,2.26113089643542,5821.1005859375
SLV,El Salvador,1956,2.32806485938221,6061.87890625
SLV,El Salvador,1957,2.39822154352303,6546.263671875
SLV,El Salvador,1958,2.47160556037339,6278.671875
SLV,El Salvador,1959,2.54821860891267,6344.9052734375
SLV,El Salvador,1960,2.62806481523367,6402.01806640625
SLV,El Salvador,1961,2.71281888759359,6584.7421875
SLV,El Salvador,1962,2.79715962253873,7256.982421875
SLV,El Salvador,1963,2.88715431818692,7494.1611328125
SLV,El Salvador,1964,2.97651480909946,8134.17333984375
SLV,El Salvador,1965,3.07218895014158,8730.6962890625
SLV,El Salvador,1966,3.18452983630145,9291.0234375
SLV,El Salvador,1967,3.29113642430419,9807.9599609375
SLV,El Salvador,1968,3.40758908330245,9855.4833984375
SLV,El Salvador,1969,3.53164006356149,10182.337890625
SLV,El Salvador,1970,3.668796,11152.068359375
SLV,El Salvador,1971,3.757523,11254.8916015625
SLV,El Salvador,1972,3.84683,12011.3203125
SLV,El Salvador,1973,3.938068,12875.115234375
SLV,El Salvador,1974,4.029671,12707.3681640625
SLV,El Salvador,1975,4.120449,13212.6240234375
SLV,El Salvador,1976,4.21031,15329.392578125
SLV,El Salvador,1977,4.301256,17997.005859375
SLV,El Salvador,1978,4.394114,16908.443359375
SLV,El Salvador,1979,4.480388,16972.080078125
SLV,El Salvador,1980,4.540382,15418.310546875
SLV,El Salvador,1981,4.570599,13645.6240234375
SLV,El Salvador,1982,4.622477,13038.5615234375
SLV,El Salvador,1983,4.707367,13253.9716796875
SLV,El Salvador,1984,4.798003,13808.9833984375
SLV,El Salvador,1985,4.894706,14417.482421875
SLV,El Salvador,1986,4.992769,15411.8046875
SLV,El Salvador,1987,5.092441,15378.267578125
SLV,El Salvador,1988,5.195833,16154.86328125
SLV,El Salvador,1989,5.298979,16424.642578125
SLV,El Salvador,1990,5.399726,16144.51953125
SLV,El Salvador,1991,5.495077,16750.240234375
SLV,El Salvador,1992,5.585609,18040.4375
SLV,El Salvador,1993,5.659957,19754.59765625
SLV,El Salvador,1994,5.714129,21414.6328125
SLV,El Salvador,1995,5.762131,23349.6953125
SLV,El Salvador,1996,5.805286,24392.380859375
SLV,El Salvador,1997,5.844578,25857.3515625
SLV,El Salvador,1998,5.880781,27118.638671875
SLV,El Salvador,1999,5.9139,28249.185546875
SLV,El Salvador,2000,5.943366,28897.8359375
SLV,El Salvador,2001,5.96806,30189.5625
SLV,El Salvador,2002,5.986631,31562.8515625
SLV,El Salvador,2003,5.998599,32721.640625
SLV,El Salvador,2004,6.004671,33738.60546875
SLV,El Salvador,2005,6.005578,35836.09765625
SLV,El Salvador,2006,6.002319,38494.75
SLV,El Salvador,2007,6.009824,40428.6015625
SLV,El Salvador,2008,6.029297,41636.92578125
SLV,El Salvador,2009,6.048279,42766.87890625
SLV,El Salvador,2010,6.068249,44724.1796875
SLV,El Salvador,2011,6.090127,47793.03125
SLV,El Salvador,2012,6.113975,49071.58203125
SLV,El Salvador,2013,6.138839,49581.8125
SLV,El Salvador,2014,6.162955,50988.6484375
SLV,El Salvador,2015,6.183676,53769.16796875
SLV,El Salvador,2016,6.2008,55806.078125
SLV,El Salvador,2017,6.213533,56937.33203125
SLV,El Salvador,2018,6.219807,58829.71875
SLV,El Salvador,2019,6.222318,62443.890625
SLV,El Salvador,2020,6.234673,59104.08203125
SLV,El Salvador,2021,6.255782,65349.62109375
SLV,El Salvador,2022,6.280319,65623.9296875
SLV,El Salvador,2023,6.309624,69522.1640625
SOM,Somalia,1970,3.738448,2396.1669921875
SOM,Somalia,1971,3.837691,2600.75561523438
SOM,Somalia,1972,3.939436,2529.310546875
SOM,Somalia,1973,4.045592,2460.52612304688
SOM,Somalia,1974,4.151842,2621.625
SOM,Somalia,1975,4.257535,2870.24145507813
SOM,Somalia,1976,4.365812,2498.80126953125
SOM,Somalia,1977,4.48405,2527.75708007813
SOM,Somalia,1978,4.814892,3139.9375
SOM,Somalia,1979,5.449117,2704.3349609375
SOM,Somalia,1980,5.936154,2943.49047851563
SOM,Somalia,1981,5.982849,3052.60034179688
SOM,Somalia,1982,6.00384,3351.9736328125
SOM,Somalia,1983,6.19843,2996.79760742188
SOM,Somalia,1984,6.428389,3232.58203125
SOM,Somalia,1985,6.693289,3399.396484375
SOM,Somalia,1986,6.974788,3476.88256835938
SOM,Somalia,1987,7.228302,3433.77294921875
SOM,Somalia,1988,7.23536,3295.74169921875
SOM,Somalia,1989,7.114817,4074.41528320313
SOM,Somalia,1990,7.082811,4303.51416015625
SOM,Somalia,1991,6.81376,4337.2734375
SOM,Somalia,1992,6.495107,3994.2412109375
SOM,Somalia,1993,6.681399,4219.99853515625
SOM,Somalia,1994,7.026797,3484.94970703125
SOM,Somalia,1995,7.285007,3625.4287109375
SOM,Somalia,1996,7.554474,3928.662109375
SOM,Somalia,1997,7.824525,3994.56396484375
SOM,Somalia,1998,8.155417,4257.37841796875
SOM,Somalia,1999,8.492059,4539.6943359375
SOM,Somalia,2000,8.838713,4883.67236328125
SOM,Somalia,2001,9.198493,5235.162109375
SOM,Somalia,2002,9.550063,5696.25537109375
SOM,Somalia,2003,9.909157,6124.88623046875
SOM,Somalia,2004,10.280998,6595.52978515625
SOM,Somalia,2005,10.644228,7152.03515625
SOM,Somalia,2006,10.975502,7572.90771484375
SOM,Somalia,2007,11.322582,8095.03466796875
SOM,Somalia,2008,11.663084,8656.6474609375
SOM,Somalia,2009,11.961201,9245.666015625
SOM,Somalia,2010,12.261756,9865.396484375
SOM,Somalia,2011,12.34883,10520.400390625
SOM,Somalia,2012,12.46116,11289.0419921875
SOM,Somalia,2013,12.869594,11110.4521484375
SOM,Somalia,2014,13.339491,13229.02734375
SOM,Somalia,2015,13.806963,16651.48046875
SOM,Somalia,2016,14.34874,19392.138671875
SOM,Somalia,2017,14.916629,21359.107421875
SOM,Somalia,2018,15.452487,22133.357421875
SOM,Somalia,2019,16.030971,22705.306640625
SOM,Somalia,2020,16.651191,22009.587890625
SOM,Somalia,2021,17.271431,22948.2734375
SOM,Somalia,2022,17.801897,23301.484375
SOM,Somalia,2023,18.358615,24890.408203125
SRB,Serbia,1990,9.848384,133440.8125
SRB,Serbia,1991,9.872429,117877.2734375
SRB,Serbia,1992,9.899532,84706.46875
SRB,Serbia,1993,9.922389,58919.36328125
SRB,Serbia,1994,9.942414,60457.453125
SRB,Serbia,1995,9.960798,63943.96875
SRB,Serbia,1996,9.976474,63967.89453125
SRB,Serbia,1997,9.986466,68699.7421875
SRB,Serbia,1998,9.844886,73144.21875
SRB,Serbia,1999,7.734365,66749.4375
SRB,Serbia,2000,7.694605,70998.28125
SRB,Serbia,2001,7.651927,67041.6796875
SRB,Serbia,2002,7.616743,73985.953125
SRB,Serbia,2003,7.590935,79357.0390625
SRB,Serbia,2004,7.565841,82673.1875
SRB,Serbia,2005,7.539133,88285.6953125
SRB,Serbia,2006,7.511394,96829.484375
SRB,Serbia,2007,7.482989,102729.2265625
SRB,Serbia,2008,7.454279,110732.59375
SRB,Serbia,2009,7.425347,111138
SRB,Serbia,2010,7.395864,110012.640625
SRB,Serbia,2011,7.364859,120294.5703125
SRB,Serbia,2012,7.324623,120051.7578125
SRB,Serbia,2013,7.27618,120385.0546875
SRB,Serbia,2014,7.227203,117422.125
SRB,Serbia,2015,7.177253,119734.3359375
SRB,Serbia,2016,7.126083,123820.8984375
SRB,Serbia,2017,7.073507,125240.65625
SRB,Serbia,2018,7.020019,128117.453125
SRB,Serbia,2019,6.966153,139466.328125
SRB,Serbia,2020,6.907812,136600.359375
SRB,Serbia,2021,6.83543,145646.359375
SRB,Serbia,2022,6.791213,145443.75
SRB,Serbia,2023,6.773201,156665.890625
SSD,South Sudan,2008,8.817647,12367.556640625
SSD,South Sudan,2009,9.243556,10757.4345703125
SSD,South Sudan,2010,9.745953,12867.2060546875
SSD,South Sudan,2011,10.288109,14560.1083984375
SSD,South Sudan,2012,10.75624,5428.3515625
SSD,South Sudan,2013,11.166275,7533.14404296875
SSD,South Sudan,2014,11.235073,8409.8125
SSD,South Sudan,2015,11.107561,3491.99536132813
SSD,South Sudan,2016,10.830102,5134.43115234375
SSD,South Sudan,2017,10.259154,4927.7919921875
SSD,South Sudan,2018,10.122977,7461.07568359375
SSD,South Sudan,2019,10.423384,8991.1796875
SSD,South Sudan,2020,10.698467,8145.40625
SSD,South Sudan,2021,10.86578,10206.0703125
SSD,South Sudan,2022,11.021177,10337.765625
SSD,South Sudan,2023,11.483374,7352.73486328125
STP,Sao Tome and Principe,1970,0.077626,164.281295776367
STP,Sao Tome and Principe,1971,0.07933,173.1103515625
STP,Sao Tome and Principe,1972,0.081041,178.538284301758
STP,Sao Tome and Principe,1973,0.082798,186.169403076172
STP,Sao Tome and Principe,1974,0.084672,196.935760498047
STP,Sao Tome and Principe,1975,0.086708,209.429473876953
STP,Sao Tome and Principe,1976,0.088922,213.111755371094
STP,Sao Tome and Principe,1977,0.091301,255.015609741211
STP,Sao Tome and Principe,1978,0.093794,275.684967041016
STP,Sao Tome and Principe,1979,0.096252,320.310394287109
STP,Sao Tome and Principe,1980,0.098544,270.630523681641
STP,Sao Tome and Principe,1981,0.100615,242.60661315918
STP,Sao Tome and Principe,1982,0.102508,250.237396240234
STP,Sao Tome and Principe,1983,0.10438,238.593292236328
STP,Sao Tome and Principe,1984,0.106394,231.767395019531
STP,Sao Tome and Principe,1985,0.108658,241.915466308594
STP,Sao Tome and Principe,1986,0.11115,229.390106201172
STP,Sao Tome and Principe,1987,0.113919,220.961563110352
STP,Sao Tome and Principe,1988,0.116939,214.49089050293
STP,Sao Tome and Principe,1989,0.119979,241.588577270508
STP,Sao Tome and Principe,1990,0.12298,237.451065063477
STP,Sao Tome and Principe,1991,0.125697,233.807693481445
STP,Sao Tome and Principe,1992,0.12811,231.519653320313
STP,Sao Tome and Principe,1993,0.130467,233.813598632813
STP,Sao Tome and Principe,1994,0.132732,231.302139282227
STP,Sao Tome and Principe,1995,0.134895,222.45002746582
STP,Sao Tome and Principe,1996,0.136962,234.802093505859
STP,Sao Tome and Principe,1997,0.138922,237.867279052734
STP,Sao Tome and Principe,1998,0.140751,257.562377929688
STP,Sao Tome and Principe,1999,0.142442,255.936157226563
STP,Sao Tome and Principe,2000,0.144018,273.578704833984
STP,Sao Tome and Principe,2001,0.146375,336.801300048828
STP,Sao Tome and Principe,2002,0.149922,348.135864257813
STP,Sao Tome and Principe,2003,0.153814,362.110504150391
STP,Sao Tome and Principe,2004,0.157705,388.328948974609
STP,Sao Tome and Principe,2005,0.161639,407.434875488281
STP,Sao Tome and Principe,2006,0.165638,432.175903320313
STP,Sao Tome and Principe,2007,0.1697,446.380187988281
STP,Sao Tome and Principe,2008,0.173793,478.898834228516
STP,Sao Tome and Principe,2009,0.177853,498.876190185547
STP,Sao Tome and Principe,2010,0.181802,559.606567382813
STP,Sao Tome and Principe,2011,0.185649,636.756591796875
STP,Sao Tome and Principe,2012,0.189439,680.200866699219
STP,Sao Tome and Principe,2013,0.193148,766.403076171875
STP,Sao Tome and Principe,2014,0.196767,876.3125
STP,Sao Tome and Principe,2015,0.200291,897.135559082031
STP,Sao Tome and Principe,2016,0.203689,830.996826171875
STP,Sao Tome and Principe,2017,0.20697,905.203735351563
STP,Sao Tome and Principe,2018,0.210187,1015.02484130859
STP,Sao Tome and Principe,2019,0.213392,1146.40307617188
STP,Sao Tome and Principe,2020,0.217435,1225.615234375
STP,Sao Tome and Principe,2021,0.221961,1278.17614746094
STP,Sao Tome and Principe,2022,0.226305,1251.36767578125
STP,Sao Tome and Principe,2023,0.230871,1306.12805175781
SUR,Suriname,1970,0.379442,2022.54479980469
SUR,Suriname,1971,0.391932,2151.14233398438
SUR,Suriname,1972,0.397413,2219.44091796875
SUR,Suriname,1973,0.395772,2329.94287109375
SUR,Suriname,1974,0.393676,2107.56494140625
SUR,Suriname,1975,0.39117,2297.4765625
SUR,Suriname,1976,0.388289,2387.78491210938
SUR,Suriname,1977,0.385067,2705.98193359375
SUR,Suriname,1978,0.381502,2885.12524414063
SUR,Suriname,1979,0.377602,2830.28369140625
SUR,Suriname,1980,0.375377,2570.00341796875
SUR,Suriname,1981,0.375459,2716.63500976563
SUR,Suriname,1982,0.376555,2621.22924804688
SUR,Suriname,1983,0.378746,2658.48022460938
SUR,Suriname,1984,0.382193,2601.65454101563
SUR,Suriname,1985,0.386972,2889.64404296875
SUR,Suriname,1986,0.39233,2746.658203125
SUR,Suriname,1987,0.396911,2497.09594726563
SUR,Suriname,1988,0.402227,2901.77026367188
SUR,Suriname,1989,0.408409,3037.60546875
SUR,Suriname,1990,0.412493,3115.29565429688
SUR,Suriname,1991,0.415013,3207.45678710938
SUR,Suriname,1992,0.417589,3289.9091796875
SUR,Suriname,1993,0.419352,3052.3486328125
SUR,Suriname,1994,0.422375,3023.96704101563
SUR,Suriname,1995,0.429606,2866.65185546875
SUR,Suriname,1996,0.43883,3456.92041015625
SUR,Suriname,1997,0.448067,3760.349609375
SUR,Suriname,1998,0.457406,4019.87255859375
SUR,Suriname,1999,0.466916,3406.17260742188
SUR,Suriname,2000,0.476643,3916.72314453125
SUR,Suriname,2001,0.48656,4145.85205078125
SUR,Suriname,2002,0.496551,4382.38134765625
SUR,Suriname,2003,0.506414,4878.68408203125
SUR,Suriname,2004,0.513923,5310.876953125
SUR,Suriname,2005,0.519313,5623.9990234375
SUR,Suriname,2006,0.524997,6090.2705078125
SUR,Suriname,2007,0.531016,6530.75244140625
SUR,Suriname,2008,0.537245,7165.1904296875
SUR,Suriname,2009,0.543568,7698.396484375
SUR,Suriname,2010,0.549923,8599.357421875
SUR,Suriname,2011,0.556269,9507.236328125
SUR,Suriname,2012,0.562633,10383.8046875
SUR,Suriname,2013,0.56902,11189.1259765625
SUR,Suriname,2014,0.575373,11307.509765625
SUR,Suriname,2015,0.581627,10766.125
SUR,Suriname,2016,0.587757,9147.853515625
SUR,Suriname,2017,0.593713,10407.916015625
SUR,Suriname,2018,0.599513,10624.5068359375
SUR,Suriname,2019,0.605768,11609.34765625
SUR,Suriname,2020,0.612317,10103.0126953125
SUR,Suriname,2021,0.617896,11172.57421875
SUR,Suriname,2022,0.623164,11019.8271484375
SUR,Suriname,2023,0.628886,11183.9697265625
SVK,Slovakia,1990,5.266078,113357.171875
SVK,Slovakia,1991,5.284874,90436.484375
SVK,Slovakia,1992,5.306436,84551.3828125
SVK,Slovakia,1993,5.32636,84760.328125
SVK,Slovakia,1994,5.343231,89248.109375
SVK,Slovakia,1995,5.354282,93767.1796875
SVK,Slovakia,1996,5.362428,94818.078125
SVK,Slovakia,1997,5.369779,96732.6953125
SVK,Slovakia,1998,5.374796,96186.296875
SVK,Slovakia,1999,5.378104,92787.5078125
SVK,Slovakia,2000,5.379999,96162.65625
SVK,Slovakia,2001,5.379437,100639.1796875
SVK,Slovakia,2002,5.377688,104739.421875
SVK,Slovakia,2003,5.376196,107519.9765625
SVK,Slovakia,2004,5.376038,112252.5703125
SVK,Slovakia,2005,5.376695,118680.75
SVK,Slovakia,2006,5.376846,130957.453125
SVK,Slovakia,2007,5.376999,149752.75
SVK,Slovakia,2008,5.37912,161375.140625
SVK,Slovakia,2009,5.385073,158131.09375
SVK,Slovakia,2010,5.391851,167488.03125
SVK,Slovakia,2011,5.398109,175095.5
SVK,Slovakia,2012,5.404871,178940.125
SVK,Slovakia,2013,5.410422,175081.75
SVK,Slovakia,2014,5.41523,180246.875
SVK,Slovakia,2015,5.420278,187851.25
SVK,Slovakia,2016,5.427259,180603.453125
SVK,Slovakia,2017,5.4357,182972.234375
SVK,Slovakia,2018,5.443232,183501.734375
SVK,Slovakia,2019,5.450626,181939.453125
SVK,Slovakia,2020,5.455024,195327.125
SVK,Slovakia,2021,5.442759,201575.703125
SVK,Slovakia,2022,5.473197,193521.15625
SVK,Slovakia,2023,5.518055,196187.46875
SVN,Slovenia,1990,1.998007,47587.3359375
SVN,Slovenia,1991,1.999193,41646.5859375
SVN,Slovenia,1992,1.995859,39331.6484375
SVN,Slovenia,1993,1.990811,41773.23828125
SVN,Slovenia,1994,1.988262,44604.29296875
SVN,Slovenia,1995,1.988095,47361.49609375
SVN,Slovenia,1996,1.986793,49072.23828125
SVN,Slovenia,1997,1.984398,50385.78125
SVN,Slovenia,1998,1.980064,51041.734375
SVN,Slovenia,1999,1.981194,52809.85546875
SVN,Slovenia,2000,1.986816,53846.3359375
SVN,Slovenia,2001,1.989679,55257.390625
SVN,Slovenia,2002,1.991572,56889.984375
SVN,Slovenia,2003,1.99249,57513.47265625
SVN,Slovenia,2004,1.993545,61293.37109375
SVN,Slovenia,2005,1.996914,62594.8203125
SVN,Slovenia,2006,2.003114,65836.4765625
SVN,Slovenia,2007,2.014158,70738.8046875
SVN,Slovenia,2008,2.025085,74127.890625
SVN,Slovenia,2009,2.035608,69089.0703125
SVN,Slovenia,2010,2.044612,69207.9453125
SVN,Slovenia,2011,2.048804,72155.3515625
SVN,Slovenia,2012,2.053321,71059.703125
SVN,Slovenia,2013,2.056441,70865.6015625
SVN,Slovenia,2014,2.058401,71869.171875
SVN,Slovenia,2015,2.059947,74762.796875
SVN,Slovenia,2016,2.061373,77923.6484375
SVN,Slovenia,2017,2.06241,83219.2734375
SVN,Slovenia,2018,2.069481,86845.9609375
SVN,Slovenia,2019,2.083439,94378.2734375
SVN,Slovenia,2020,2.102419,91693.3984375
SVN,Slovenia,2021,2.113494,97261.8828125
SVN,Slovenia,2022,2.115228,97395.0625
SVN,Slovenia,2023,2.118396,101986.7578125
SWE,Sweden,1950,7.01398529133846,86332.71875
SWE,Sweden,1951,7.07281014052308,91855.3203125
SWE,Sweden,1952,7.12465268300312,91458.4453125
SWE,Sweden,1953,7.1714407659415,94412.6015625
SWE,Sweden,1954,7.21346955070202,99820.890625
SWE,Sweden,1955,7.26236763208114,103377.734375
SWE,Sweden,1956,7.3145310850585,106980.65625
SWE,Sweden,1957,7.36378107126231,109310.4140625
SWE,Sweden,1958,7.40912291120165,112338.703125
SWE,Sweden,1959,7.4462278894313,118575.0390625
SWE,Sweden,1960,7.48037362465005,123373.703125
SWE,Sweden,1961,7.51997674566638,130319.5625
SWE,Sweden,1962,7.56156636464975,135057.390625
SWE,Sweden,1963,7.60430658843255,141739.140625
SWE,Sweden,1964,7.66133233612182,151245.5625
SWE,Sweden,1965,7.73383092887405,157297.015625
SWE,Sweden,1966,7.80777481095371,160424.703125
SWE,Sweden,1967,7.8679085744253,165931.140625
SWE,Sweden,1968,7.91219469989056,171975.09375
SWE,Sweden,1969,7.96799545639468,180874.046875
SWE,Sweden,1970,8.04278,193823.46875
SWE,Sweden,1971,8.098102,194807.734375
SWE,Sweden,1972,8.122425,198898.234375
SWE,Sweden,1973,8.137169,206308.328125
SWE,Sweden,1974,8.160639,208774.484375
SWE,Sweden,1975,8.192641,218515.21875
SWE,Sweden,1976,8.222395,220404.609375
SWE,Sweden,1977,8.251695,212890.390625
SWE,Sweden,1978,8.275788,213169.1875
SWE,Sweden,1979,8.293748,221093.8125
SWE,Sweden,1980,8.310469,221847.921875
SWE,Sweden,1981,8.320458,221531.09375
SWE,Sweden,1982,8.325183,222269.015625
SWE,Sweden,1983,8.328915,225375.84375
SWE,Sweden,1984,8.336487,237520.171875
SWE,Sweden,1985,8.350244,242114.34375
SWE,Sweden,1986,8.369683,254627.34375
SWE,Sweden,1987,8.397648,264733.59375
SWE,Sweden,1988,8.436347,275744.875
SWE,Sweden,1989,8.492816,287533.84375
SWE,Sweden,1990,8.558567,292622.34375
SWE,Sweden,1991,8.616959,290749.9375
SWE,Sweden,1992,8.667574,289326.9375
SWE,Sweden,1993,8.718036,282044.5
SWE,Sweden,1994,8.78019,299479.5
SWE,Sweden,1995,8.826302,319971.09375
SWE,Sweden,1996,8.840327,327262.875
SWE,Sweden,1997,8.845524,343111.8125
SWE,Sweden,1998,8.850609,362693
SWE,Sweden,1999,8.857686,384641.75
SWE,Sweden,2000,8.872101,405584.46875
SWE,Sweden,2001,8.896022,403138.53125
SWE,Sweden,2002,8.925047,402597.53125
SWE,Sweden,2003,8.958431,405460.28125
SWE,Sweden,2004,8.993808,419753.4375
SWE,Sweden,2005,9.029771,405684.4375
SWE,Sweden,2006,9.080623,433021.15625
SWE,Sweden,2007,9.148274,470622.28125
SWE,Sweden,2008,9.2199,475239.875
SWE,Sweden,2009,9.29874,457686.75
SWE,Sweden,2010,9.378232,480763.3125
SWE,Sweden,2011,9.449259,513940.03125
SWE,Sweden,2012,9.519487,517383.6875
SWE,Sweden,2013,9.60062,519884.0625
SWE,Sweden,2014,9.696433,522503.125
SWE,Sweden,2015,9.799481,553964.4375
SWE,Sweden,2016,9.92328,569247.4375
SWE,Sweden,2017,10.057862,590246.0625
SWE,Sweden,2018,10.175405,599565.5625
SWE,Sweden,2019,10.279125,639217.1875
SWE,Sweden,2020,10.353686,631037.5
SWE,Sweden,2021,10.416131,661654.4375
SWE,Sweden,2022,10.487338,663807.5625
SWE,Sweden,2023,10.551494,659848.6875
SWZ,Eswatini,1970,0.441216,1310.07873535156
SWZ,Eswatini,1971,0.453183,1535.47875976563
SWZ,Eswatini,1972,0.465788,1868.00671386719
SWZ,Eswatini,1973,0.479038,1839.23303222656
SWZ,Eswatini,1974,0.492988,1882.44653320313
SWZ,Eswatini,1975,0.507673,2387.13330078125
SWZ,Eswatini,1976,0.52333,2723.6162109375
SWZ,Eswatini,1977,0.540348,2706.90600585938
SWZ,Eswatini,1978,0.558446,2570.39501953125
SWZ,Eswatini,1979,0.577199,2568.01489257813
SWZ,Eswatini,1980,0.596644,2748.01928710938
SWZ,Eswatini,1981,0.616808,2991.70068359375
SWZ,Eswatini,1982,0.637652,3063.59814453125
SWZ,Eswatini,1983,0.658957,3292.89599609375
SWZ,Eswatini,1984,0.680783,3305.0546875
SWZ,Eswatini,1985,0.706196,3397.27124023438
SWZ,Eswatini,1986,0.734732,4128.9755859375
SWZ,Eswatini,1987,0.763811,4962.3349609375
SWZ,Eswatini,1988,0.799798,5073.951171875
SWZ,Eswatini,1989,0.8378,5234.6220703125
SWZ,Eswatini,1990,0.872428,6071.8857421875
SWZ,Eswatini,1991,0.908189,6389.50341796875
SWZ,Eswatini,1992,0.943416,6709.18212890625
SWZ,Eswatini,1993,0.971318,7426.1650390625
SWZ,Eswatini,1994,0.971212,7630.0283203125
SWZ,Eswatini,1995,0.970433,8737.455078125
SWZ,Eswatini,1996,0.989841,9336.390625
SWZ,Eswatini,1997,1.006635,9220.3115234375
SWZ,Eswatini,1998,1.019653,8967.361328125
SWZ,Eswatini,1999,1.030782,8783.95703125
SWZ,Eswatini,2000,1.041414,9445.4736328125
SWZ,Eswatini,2001,1.051064,9239.8291015625
SWZ,Eswatini,2002,1.059441,9127.2734375
SWZ,Eswatini,2003,1.0667,9091.7548828125
SWZ,Eswatini,2004,1.073159,9008.62890625
SWZ,Eswatini,2005,1.079022,9496.748046875
SWZ,Eswatini,2006,1.084436,9972.55078125
SWZ,Eswatini,2007,1.090705,10055.2021484375
SWZ,Eswatini,2008,1.098091,9770.83203125
SWZ,Eswatini,2009,1.105153,10222.9169921875
SWZ,Eswatini,2010,1.11165,11133.8447265625
SWZ,Eswatini,2011,1.117833,10686.2392578125
SWZ,Eswatini,2012,1.123863,11073.1474609375
SWZ,Eswatini,2013,1.12999,11279.3154296875
SWZ,Eswatini,2014,1.136299,11353.1103515625
SWZ,Eswatini,2015,1.142813,11530.4326171875
SWZ,Eswatini,2016,1.149507,11406.5966796875
SWZ,Eswatini,2017,1.158195,11118.5361328125
SWZ,Eswatini,2018,1.168929,10951.7490234375
SWZ,Eswatini,2019,1.179874,11395.98046875
SWZ,Eswatini,2020,1.192729,11167.5576171875
SWZ,Eswatini,2021,1.206593,11211.51953125
SWZ,Eswatini,2022,1.218917,11380.4384765625
SWZ,Eswatini,2023,1.230506,11481.2861328125
SXM,Sint Maarten (Dutch part),2005,0.032057,1291.52368164063
SXM,Sint Maarten (Dutch part),2006,0.032428,1357.70739746094
SXM,Sint Maarten (Dutch part),2007,0.032791,1416.54125976563
SXM,Sint Maarten (Dutch part),2008,0.033145,1431.57397460938
SXM,Sint Maarten (Dutch part),2009,0.033491,1430.64880371094
SXM,Sint Maarten (Dutch part),2010,0.033794,1415.27673339844
SXM,Sint Maarten (Dutch part),2011,0.034267,1445.07238769531
SXM,Sint Maarten (Dutch part),2012,0.035023,1544.08068847656
SXM,Sint Maarten (Dutch part),2013,0.035854,1669.56555175781
SXM,Sint Maarten (Dutch part),2014,0.036672,1823.666015625
SXM,Sint Maarten (Dutch part),2015,0.037471,1874.00439453125
SXM,Sint Maarten (Dutch part),2016,0.038249,1922.60302734375
SXM,Sint Maarten (Dutch part),2017,0.038996,1806.15612792969
SXM,Sint Maarten (Dutch part),2018,0.039712,1760.57214355469
SXM,Sint Maarten (Dutch part),2019,0.040385,2040.919921875
SXM,Sint Maarten (Dutch part),2020,0.041008,1724.99194335938
SXM,Sint Maarten (Dutch part),2021,0.041571,1822.29809570313
SXM,Sint Maarten (Dutch part),2022,0.042139,2001.93383789063
SXM,Sint Maarten (Dutch part),2023,0.042749,2065.30346679688
SYC,Seychelles,1960,0.0417744205193498,301.733581542969
SYC,Seychelles,1961,0.0431170333836433,299.578826904297
SYC,Seychelles,1962,0.0439994072165811,315.877075195313
SYC,Seychelles,1963,0.0453761125527051,344.117218017578
SYC,Seychelles,1964,0.0468811642602652,378.278442382813
SYC,Seychelles,1965,0.0479139416626406,352.798950195313
SYC,Seychelles,1966,0.048927672553143,336.919952392578
SYC,Seychelles,1967,0.0500226172622649,352.402984619141
SYC,Seychelles,1968,0.0512639575182238,424.046264648438
SYC,Seychelles,1969,0.0526496874420484,367.383453369141
SYC,Seychelles,1970,0.054252,467.731903076172
SYC,Seychelles,1971,0.055511,542.287841796875
SYC,Seychelles,1972,0.056889,577.756408691406
SYC,Seychelles,1973,0.0583,624.617004394531
SYC,Seychelles,1974,0.059739,638.183776855469
SYC,Seychelles,1975,0.061218,662.3720703125
SYC,Seychelles,1976,0.062743,739.41015625
SYC,Seychelles,1977,0.064104,856.07275390625
SYC,Seychelles,1978,0.064987,928.113403320313
SYC,Seychelles,1979,0.065603,1053.23803710938
SYC,Seychelles,1980,0.06626,900.931335449219
SYC,Seychelles,1981,0.06695,851.592712402344
SYC,Seychelles,1982,0.06765,761.773864746094
SYC,Seychelles,1983,0.06836,841.947204589844
SYC,Seychelles,1984,0.069083,923.096923828125
SYC,Seychelles,1985,0.069823,970.457763671875
SYC,Seychelles,1986,0.070564,946.404296875
SYC,Seychelles,1987,0.071338,1118.51318359375
SYC,Seychelles,1988,0.07221,1175.61328125
SYC,Seychelles,1989,0.073118,1264.70227050781
SYC,Seychelles,1990,0.073983,1388.43005371094
SYC,Seychelles,1991,0.074817,1404.33374023438
SYC,Seychelles,1992,0.075617,1495.65869140625
SYC,Seychelles,1993,0.076409,1692.25305175781
SYC,Seychelles,1994,0.077261,1761.55798339844
SYC,Seychelles,1995,0.078126,1664.71923828125
SYC,Seychelles,1996,0.078882,1777.30725097656
SYC,Seychelles,1997,0.07965,1984.66259765625
SYC,Seychelles,1998,0.080722,2005.04382324219
SYC,Seychelles,1999,0.082021,2045.52355957031
SYC,Seychelles,2000,0.083318,2135.1953125
SYC,Seychelles,2001,0.084606,1978.95654296875
SYC,Seychelles,2002,0.085857,2153.77001953125
SYC,Seychelles,2003,0.087034,2007.84631347656
SYC,Seychelles,2004,0.088156,1727.09936523438
SYC,Seychelles,2005,0.089266,1966.19592285156
SYC,Seychelles,2006,0.090373,2213.97119140625
SYC,Seychelles,2007,0.091468,2413.58666992188
SYC,Seychelles,2008,0.092547,2103.94873046875
SYC,Seychelles,2009,0.093628,1921.76611328125
SYC,Seychelles,2010,0.094971,2213.1474609375
SYC,Seychelles,2011,0.097024,2466.61059570313
SYC,Seychelles,2012,0.099543,2625.58276367188
SYC,Seychelles,2013,0.102093,2635.98217773438
SYC,Seychelles,2014,0.104654,2788.24194335938
SYC,Seychelles,2015,0.10723,2935.65869140625
SYC,Seychelles,2016,0.109821,3286.51025390625
SYC,Seychelles,2017,0.112427,3393.71215820313
SYC,Seychelles,2018,0.11504,3569.67749023438
SYC,Seychelles,2019,0.11765,3805.865234375
SYC,Seychelles,2020,0.120291,3350.65209960938
SYC,Seychelles,2021,0.122987,3060.46997070313
SYC,Seychelles,2022,0.125522,3506.14404296875
SYC,Seychelles,2023,0.127951,3690.50219726563
SYR,Syrian Arab Republic,1960,4.62132149721558,11148.6728515625
SYR,Syrian Arab Republic,1961,4.77282737110579,12115.9248046875
SYR,Syrian Arab Republic,1962,4.92930098544105,15048.6015625
SYR,Syrian Arab Republic,1963,5.09090423663633,12178.5068359375
SYR,Syrian Arab Republic,1964,5.25780582756249,17400.015625
SYR,Syrian Arab Republic,1965,5.43017883666918,17573.453125
SYR,Syrian Arab Republic,1966,5.60820314886192,15730.0908203125
SYR,Syrian Arab Republic,1967,5.79206351080045,18102.529296875
SYR,Syrian Arab Republic,1968,5.98195196177578,18891.455078125
SYR,Syrian Arab Republic,1969,6.17806588900859,23118.51171875
SYR,Syrian Arab Republic,1970,6.380609,25010.0703125
SYR,Syrian Arab Republic,1971,6.598094,27756.77734375
SYR,Syrian Arab Republic,1972,6.826024,34259.7265625
SYR,Syrian Arab Republic,1973,7.060321,31243.705078125
SYR,Syrian Arab Republic,1974,7.30216,39993.87109375
SYR,Syrian Arab Republic,1975,7.554364,46001.9140625
SYR,Syrian Arab Republic,1976,7.81732,40685.92578125
SYR,Syrian Arab Republic,1977,8.090501,34896.7109375
SYR,Syrian Arab Republic,1978,8.372759,33372.55859375
SYR,Syrian Arab Republic,1979,8.661909,31045.826171875
SYR,Syrian Arab Republic,1980,8.957663,30481.703125
SYR,Syrian Arab Republic,1981,9.260189,29489.40234375
SYR,Syrian Arab Republic,1982,9.572511,28274.203125
SYR,Syrian Arab Republic,1983,9.904809,25908.169921875
SYR,Syrian Arab Republic,1984,10.258398,24048.169921875
SYR,Syrian Arab Republic,1985,10.625672,24043.65625
SYR,Syrian Arab Republic,1986,11.002844,21624.416015625
SYR,Syrian Arab Republic,1987,11.388923,20263.248046875
SYR,Syrian Arab Republic,1988,11.782264,21401.185546875
SYR,Syrian Arab Republic,1989,12.17906,19707.23046875
SYR,Syrian Arab Republic,1990,12.579208,18649.509765625
SYR,Syrian Arab Republic,1991,12.980821,17225.009765625
SYR,Syrian Arab Republic,1992,13.385571,17751.09765625
SYR,Syrian Arab Republic,1993,13.795686,16956.7265625
SYR,Syrian Arab Republic,1994,14.208583,16342.171875
SYR,Syrian Arab Republic,1995,14.616801,17468.041015625
SYR,Syrian Arab Republic,1996,15.018104,17566.37890625
SYR,Syrian Arab Republic,1997,15.417542,20099.7265625
SYR,Syrian Arab Republic,1998,15.820413,23246.208984375
SYR,Syrian Arab Republic,1999,16.228061,24937.1796875
SYR,Syrian Arab Republic,2000,16.637888,30752.09765625
SYR,Syrian Arab Republic,2001,17.051338,35284.22265625
SYR,Syrian Arab Republic,2002,17.468332,43969.52734375
SYR,Syrian Arab Republic,2003,17.889296,54229.8515625
SYR,Syrian Arab Republic,2004,18.336875,76071.2578125
SYR,Syrian Arab Republic,2005,18.814091,118768.7109375
SYR,Syrian Arab Republic,2006,19.637022,108693.0234375
SYR,Syrian Arab Republic,2007,20.884125,114647.8046875
SYR,Syrian Arab Republic,2008,21.636564,120760.9140625
SYR,Syrian Arab Republic,2009,21.976969,127523.546875
SYR,Syrian Arab Republic,2010,22.482421,147102.28125
SYR,Syrian Arab Republic,2011,22.878098,149271.546875
SYR,Syrian Arab Republic,2012,22.759763,118896.421875
SYR,Syrian Arab Republic,2013,21.666917,83541.9609375
SYR,Syrian Arab Republic,2014,20.273659,76804.6328125
SYR,Syrian Arab Republic,2015,19.424618,72609.390625
SYR,Syrian Arab Republic,2016,19.193834,77849.3828125
SYR,Syrian Arab Republic,2017,19.224668,66375.296875
SYR,Syrian Arab Republic,2018,19.577845,59050.76953125
SYR,Syrian Arab Republic,2019,20.353534,91936.6328125
SYR,Syrian Arab Republic,2020,21.049429,81032.1875
SYR,Syrian Arab Republic,2021,21.628839,156453.53125
SYR,Syrian Arab Republic,2022,22.462173,155761.6875
SYR,Syrian Arab Republic,2023,23.594623,153431.84375
TCA,Turks and Caicos Islands,1970,0.005667,22.6656723022461
TCA,Turks and Caicos Islands,1971,0.005754,25.0757522583008
TCA,Turks and Caicos Islands,1972,0.005915,27.7444953918457
TCA,Turks and Caicos Islands,1973,0.00609,30.7038230895996
TCA,Turks and Caicos Islands,1974,0.006273,33.9486274719238
TCA,Turks and Caicos Islands,1975,0.006463,37.5509452819824
TCA,Turks and Caicos Islands,1976,0.00666,41.5641670227051
TCA,Turks and Caicos Islands,1977,0.006864,45.9900512695313
TCA,Turks and Caicos Islands,1978,0.007083,50.8955459594727
TCA,Turks and Caicos Islands,1979,0.007306,56.3255004882813
TCA,Turks and Caicos Islands,1980,0.007564,62.3022270202637
TCA,Turks and Caicos Islands,1981,0.007908,68.9236450195313
TCA,Turks and Caicos Islands,1982,0.008297,76.2288818359375
TCA,Turks and Caicos Islands,1983,0.008697,84.3602523803711
TCA,Turks and Caicos Islands,1984,0.009107,93.4350967407227
TCA,Turks and Caicos Islands,1985,0.009521,103.424743652344
TCA,Turks and Caicos Islands,1986,0.009941,114.396995544434
TCA,Turks and Caicos Islands,1987,0.010361,126.324577331543
TCA,Turks and Caicos Islands,1988,0.010775,139.866653442383
TCA,Turks and Caicos Islands,1989,0.011193,155.516845703125
TCA,Turks and Caicos Islands,1990,0.011688,172.07209777832
TCA,Turks and Caicos Islands,1991,0.012305,189.645004272461
TCA,Turks and Caicos Islands,1992,0.01297,206.920944213867
TCA,Turks and Caicos Islands,1993,0.013648,232.694931030273
TCA,Turks and Caicos Islands,1994,0.014344,265.021392822266
TCA,Turks and Caicos Islands,1995,0.015052,285.04248046875
TCA,Turks and Caicos Islands,1996,0.015765,306.172241210938
TCA,Turks and Caicos Islands,1997,0.016482,328.724426269531
TCA,Turks and Caicos Islands,1998,0.017212,361.884094238281
TCA,Turks and Caicos Islands,1999,0.017959,393.061584472656
TCA,Turks and Caicos Islands,2000,0.01873,415.766754150391
TCA,Turks and Caicos Islands,2001,0.019576,440.634246826172
TCA,Turks and Caicos Islands,2002,0.020597,510.194091796875
TCA,Turks and Caicos Islands,2003,0.021727,558.46044921875
TCA,Turks and Caicos Islands,2004,0.022856,624.997436523438
TCA,Turks and Caicos Islands,2005,0.023988,718.468017578125
TCA,Turks and Caicos Islands,2006,0.025123,847.563781738281
TCA,Turks and Caicos Islands,2007,0.02627,894.96923828125
TCA,Turks and Caicos Islands,2008,0.027427,971.810607910156
TCA,Turks and Caicos Islands,2009,0.028588,781.258666992188
TCA,Turks and Caicos Islands,2010,0.029739,797.159057617188
TCA,Turks and Caicos Islands,2011,0.030846,828.697387695313
TCA,Turks and Caicos Islands,2012,0.032127,824.448669433594
TCA,Turks and Caicos Islands,2013,0.033653,837.902954101563
TCA,Turks and Caicos Islands,2014,0.03505,917.617736816406
TCA,Turks and Caicos Islands,2015,0.036605,1022.35363769531
TCA,Turks and Caicos Islands,2016,0.038315,1119.84130859375
TCA,Turks and Caicos Islands,2017,0.039913,1145.03552246094
TCA,Turks and Caicos Islands,2018,0.041559,1245.61828613281
TCA,Turks and Caicos Islands,2019,0.043166,1330.69409179688
TCA,Turks and Caicos Islands,2020,0.044386,994.572937011719
TCA,Turks and Caicos Islands,2021,0.045243,1064.03063964844
TCA,Turks and Caicos Islands,2022,0.045847,1131.18395996094
TCA,Turks and Caicos Islands,2023,0.046198,1142.71850585938
TCD,Chad,1960,3.04278471324861,7053.30322265625
TCD,Chad,1961,3.09582097637734,7325.96240234375
TCD,Chad,1962,3.15091583294443,8295.5380859375
TCD,Chad,1963,3.20814582742961,7747.72705078125
TCD,Chad,1964,3.27187494900413,7749.330078125
TCD,Chad,1965,3.34504956399768,8213.19140625
TCD,Chad,1966,3.4199072037205,8089.31494140625
TCD,Chad,1967,3.49618842769294,8143.48291015625
TCD,Chad,1968,3.5727944291776,8251.083984375
TCD,Chad,1969,3.64991263484454,8755.33984375
TCD,Chad,1970,3.727828,9275.6875
TCD,Chad,1971,3.807316,9586.7724609375
TCD,Chad,1972,3.893252,8967.5537109375
TCD,Chad,1973,3.985909,8235.927734375
TCD,Chad,1974,4.078356,9001.10546875
TCD,Chad,1975,4.167234,9497.4873046875
TCD,Chad,1976,4.251297,9426.998046875
TCD,Chad,1977,4.331667,9321.564453125
TCD,Chad,1978,4.411366,9470.4951171875
TCD,Chad,1979,4.505384,6059.04248046875
TCD,Chad,1980,4.515453,5685.39111328125
TCD,Chad,1981,4.520959,5074.01806640625
TCD,Chad,1982,4.738483,5366.32861328125
TCD,Chad,1983,4.97913,7529.8125
TCD,Chad,1984,5.045145,8061.86767578125
TCD,Chad,1985,5.096269,8569.2021484375
TCD,Chad,1986,5.251069,8775.802734375
TCD,Chad,1987,5.438309,8857.80859375
TCD,Chad,1988,5.625602,9689.8115234375
TCD,Chad,1989,5.819586,10076.216796875
TCD,Chad,1990,5.982833,10366.9140625
TCD,Chad,1991,6.205676,10885.0205078125
TCD,Chad,1992,6.474656,11001.369140625
TCD,Chad,1993,6.629146,10886.2421875
TCD,Chad,1994,6.78345,11189.7939453125
TCD,Chad,1995,7.089064,11530.541015625
TCD,Chad,1996,7.410108,11317.0205078125
TCD,Chad,1997,7.670366,12633.708984375
TCD,Chad,1998,7.93884,12530.431640625
TCD,Chad,1999,8.222705,12995.4697265625
TCD,Chad,2000,8.512093,12395.8125
TCD,Chad,2001,8.804124,12760.1923828125
TCD,Chad,2002,9.116192,9835.6142578125
TCD,Chad,2003,9.487833,11729.6630859375
TCD,Chad,2004,9.920036,17845.791015625
TCD,Chad,2005,10.328092,22294.40234375
TCD,Chad,2006,10.706424,22319.1015625
TCD,Chad,2007,11.08166,24231.388671875
TCD,Chad,2008,11.476296,25324.98828125
TCD,Chad,2009,11.893754,23514.099609375
TCD,Chad,2010,12.312575,31503.06640625
TCD,Chad,2011,12.754997,30901.00390625
TCD,Chad,2012,13.210998,34063.18359375
TCD,Chad,2013,13.691079,30234.28515625
TCD,Chad,2014,14.188678,32541.599609375
TCD,Chad,2015,14.647621,38708.1328125
TCD,Chad,2016,15.114655,35630.0390625
TCD,Chad,2017,15.622759,35817.796875
TCD,Chad,2018,16.156531,38297.671875
TCD,Chad,2019,16.685223,40331.8125
TCD,Chad,2020,17.224679,37603.44921875
TCD,Chad,2021,17.828273,39055.5078125
TCD,Chad,2022,18.455316,43037.01171875
TCD,Chad,2023,19.319064,41516.9765625
TGO,Togo,1960,1.66392662702803,1978.62243652344
TGO,Togo,1961,1.70434365841949,2151.12744140625
TGO,Togo,1962,1.74644069660027,2194.03173828125
TGO,Togo,1963,1.79029430987916,2357.95336914063
TGO,Togo,1964,1.83579945525603,2705.29663085938
TGO,Togo,1965,1.88321431234859,3056.60961914063
TGO,Togo,1966,1.93243383815669,3445.5390625
TGO,Togo,1967,1.98353460098912,3616.54345703125
TGO,Togo,1968,2.03659643897568,3806.16040039063
TGO,Togo,1969,2.09191554340337,4188.9375
TGO,Togo,1970,2.244773,4250.419921875
TGO,Togo,1971,2.317976,4472.34375
TGO,Togo,1972,2.384994,4540.92333984375
TGO,Togo,1973,2.448749,4475.2197265625
TGO,Togo,1974,2.51176,5825.873046875
TGO,Togo,1975,2.574622,4858.60009765625
TGO,Togo,1976,2.637796,4792.13427734375
TGO,Togo,1977,2.701894,5749.2265625
TGO,Togo,1978,2.768148,6262.708984375
TGO,Togo,1979,2.839854,6375.447265625
TGO,Togo,1980,2.920894,6245.43017578125
TGO,Togo,1981,3.013043,5530.48046875
TGO,Togo,1982,3.115042,5606.69873046875
TGO,Togo,1983,3.222899,5320.45263671875
TGO,Togo,1984,3.332837,5454.5439453125
TGO,Togo,1985,3.441091,5563.44970703125
TGO,Togo,1986,3.547952,5768.35302734375
TGO,Togo,1987,3.657508,5671.8134765625
TGO,Togo,1988,3.769742,6483.81298828125
TGO,Togo,1989,3.883411,6533.73974609375
TGO,Togo,1990,3.998761,7311.275390625
TGO,Togo,1991,4.11556,6937.28076171875
TGO,Togo,1992,4.233617,6840.25390625
TGO,Togo,1993,4.207453,5730.8857421875
TGO,Togo,1994,4.22294,6453.77001953125
TGO,Togo,1995,4.410832,6502.14794921875
TGO,Togo,1996,4.57786,7609.31591796875
TGO,Togo,1997,4.72503,8253.306640625
TGO,Togo,1998,4.860913,7321.0703125
TGO,Togo,1999,5.000269,7980.24853515625
TGO,Togo,2000,5.140037,7637.36376953125
TGO,Togo,2001,5.277382,7670.96533203125
TGO,Togo,2002,5.413274,8022.92578125
TGO,Togo,2003,5.552167,8489.4521484375
TGO,Togo,2004,5.696508,8242.6259765625
TGO,Togo,2005,5.844631,8710.5166015625
TGO,Togo,2006,6.010668,9895.01171875
TGO,Togo,2007,6.188344,11062.31640625
TGO,Togo,2008,6.368812,11623.1875
TGO,Togo,2009,6.551865,12283.255859375
TGO,Togo,2010,6.73259,12730.69140625
TGO,Togo,2011,6.916474,13315.0556640625
TGO,Togo,2012,7.100736,14005.71484375
TGO,Togo,2013,7.285442,14471.2744140625
TGO,Togo,2014,7.47245,15316.451171875
TGO,Togo,2015,7.663195,16181.55078125
TGO,Togo,2016,7.858289,17251.263671875
TGO,Togo,2017,8.05714,17916.8671875
TGO,Togo,2018,8.258778,18589.1015625
TGO,Togo,2019,8.463068,20038.095703125
TGO,Togo,2020,8.66972,21191.86328125
TGO,Togo,2021,8.878379,22421.271484375
TGO,Togo,2022,9.089738,22960.388671875
TGO,Togo,2023,9.304337,24429.1015625
THA,Thailand,1950,19.4275536754955,26011.732421875
THA,Thailand,1951,20.0205168291857,25936.41796875
THA,Thailand,1952,20.637096079543,25418.3046875
THA,Thailand,1953,21.2911767225799,23785.5234375
THA,Thailand,1954,21.9899084839531,25686.962890625
THA,Thailand,1955,22.7327699717217,24624.0546875
THA,Thailand,1956,23.5016252513201,25869.474609375
THA,Thailand,1957,24.2746350262768,28997.474609375
THA,Thailand,1958,25.0535409675429,29860.732421875
THA,Thailand,1959,25.8501594435363,33169.81640625
THA,Thailand,1960,26.6697616898003,37126.72265625
THA,Thailand,1961,27.5066549198606,39670.2421875
THA,Thailand,1962,28.3667685803634,41431.44921875
THA,Thailand,1963,29.249241080371,44104.84375
THA,Thailand,1964,30.1535103519755,48129.16015625
THA,Thailand,1965,31.0796004309756,53354.94140625
THA,Thailand,1966,32.0235786909241,60764.19140625
THA,Thailand,1967,32.9817491655454,63169.078125
THA,Thailand,1968,33.955169429982,67322.609375
THA,Thailand,1969,34.9453888687955,74110.4140625
THA,Thailand,1970,35.954408,100467.34375
THA,Thailand,1971,36.937387,104351.03125
THA,Thailand,1972,37.933929,110210.296875
THA,Thailand,1973,38.947787,122742.671875
THA,Thailand,1974,39.952891,124844.5703125
THA,Thailand,1975,40.940005,128898.7734375
THA,Thailand,1976,41.896504,142276.9375
THA,Thailand,1977,42.843974,155492.6875
THA,Thailand,1978,43.788976,171309.609375
THA,Thailand,1979,44.718434,180315.703125
THA,Thailand,1980,45.650022,185408.296875
THA,Thailand,1981,46.575855,194660.0625
THA,Thailand,1982,47.494577,203866.890625
THA,Thailand,1983,48.423309,213034.34375
THA,Thailand,1984,49.351708,228305.328125
THA,Thailand,1985,50.270753,238555.671875
THA,Thailand,1986,51.177834,246931.25
THA,Thailand,1987,52.074105,264618.1875
THA,Thailand,1988,52.969595,290714.15625
THA,Thailand,1989,53.848956,316686.09375
THA,Thailand,1990,54.738329,342866.25
THA,Thailand,1991,55.637434,371286.71875
THA,Thailand,1992,56.528834,416559.71875
THA,Thailand,1993,57.408198,455753.25
THA,Thailand,1994,58.260854,503705.0625
THA,Thailand,1995,59.098232,565034.5
THA,Thailand,1996,59.920064,621887.75
THA,Thailand,1997,60.724584,587455.5625
THA,Thailand,1998,61.52263,533743.625
THA,Thailand,1999,62.299043,540540.5
THA,Thailand,2000,63.007815,555982.4375
THA,Thailand,2001,63.651141,565062.6875
THA,Thailand,2002,64.266437,609077.5
THA,Thailand,2003,64.868166,658378.625
THA,Thailand,2004,65.452047,706150.3125
THA,Thailand,2005,66.01742,746812.9375
THA,Thailand,2006,66.567687,811532.9375
THA,Thailand,2007,67.102394,885563
THA,Thailand,2008,67.61983,918223.4375
THA,Thailand,2009,68.12108,963479.8125
THA,Thailand,2010,68.579447,1061348.125
THA,Thailand,2011,69.007208,1099287.5
THA,Thailand,2012,69.436098,1201566.625
THA,Thailand,2013,69.845114,1215799.75
THA,Thailand,2014,70.216367,1216352.25
THA,Thailand,2015,70.540795,1266244.625
THA,Thailand,2016,70.859841,1324836.5
THA,Thailand,2017,71.160187,1360228.375
THA,Thailand,2018,71.376079,1420997.75
THA,Thailand,2019,71.522271,1488203.625
THA,Thailand,2020,71.641484,1400074
THA,Thailand,2021,71.727332,1412981.875
THA,Thailand,2022,71.735329,1419428.125
THA,Thailand,2023,71.702435,1597433.875
TJK,Tajikistan,1990,5.398768,41852.125
TJK,Tajikistan,1991,5.541205,41383.07421875
TJK,Tajikistan,1992,5.6494,21537.279296875
TJK,Tajikistan,1993,5.724993,20023.376953125
TJK,Tajikistan,1994,5.825368,15068.876953125
TJK,Tajikistan,1995,5.948584,14459.84765625
TJK,Tajikistan,1996,6.066523,10981.1376953125
TJK,Tajikistan,1997,6.139829,13547.3388671875
TJK,Tajikistan,1998,6.176397,12220.7392578125
TJK,Tajikistan,1999,6.20837,11039.0224609375
TJK,Tajikistan,2000,6.284735,11319.7353515625
TJK,Tajikistan,2001,6.407377,12280.0087890625
TJK,Tajikistan,2002,6.531669,13591.0322265625
TJK,Tajikistan,2003,6.658575,15237.017578125
TJK,Tajikistan,2004,6.790547,16784.212890625
TJK,Tajikistan,2005,6.92472,17233.0859375
TJK,Tajikistan,2006,7.057566,18234.509765625
TJK,Tajikistan,2007,7.194477,19103.79296875
TJK,Tajikistan,2008,7.338403,18447.892578125
TJK,Tajikistan,2009,7.49023,19380.705078125
TJK,Tajikistan,2010,7.652141,21602.1953125
TJK,Tajikistan,2011,7.824785,22326.0234375
TJK,Tajikistan,2012,8.014084,26702.650390625
TJK,Tajikistan,2013,8.216724,26820.4609375
TJK,Tajikistan,2014,8.425552,29187.7578125
TJK,Tajikistan,2015,8.64384,26351.72265625
TJK,Tajikistan,2016,8.865631,26720.517578125
TJK,Tajikistan,2017,9.085946,29984.580078125
TJK,Tajikistan,2018,9.307333,30491.162109375
TJK,Tajikistan,2019,9.529966,35638.04296875
TJK,Tajikistan,2020,9.74931,37140.5078125
TJK,Tajikistan,2021,9.966908,38874.3203125
TJK,Tajikistan,2022,10.182222,40846.3046875
TJK,Tajikistan,2023,10.389799,42280.12890625
TKM,Turkmenistan,1990,3.760562,47808.46484375
TKM,Turkmenistan,1991,3.855894,45198.87890625
TKM,Turkmenistan,1992,3.944689,38702.08984375
TKM,Turkmenistan,1993,4.032407,44022.015625
TKM,Turkmenistan,1994,4.116662,30873.357421875
TKM,Turkmenistan,1995,4.191203,29322.7265625
TKM,Turkmenistan,1996,4.263819,30452.638671875
TKM,Turkmenistan,1997,4.33673,29253.546875
TKM,Turkmenistan,1998,4.410507,32421.888671875
TKM,Turkmenistan,1999,4.49217,35406.01953125
TKM,Turkmenistan,2000,4.582677,44991.26171875
TKM,Turkmenistan,2001,4.675409,41688.71484375
TKM,Turkmenistan,2002,4.769465,43088.53515625
TKM,Turkmenistan,2003,4.863865,43842.36328125
TKM,Turkmenistan,2004,4.958093,46123.765625
TKM,Turkmenistan,2005,5.052257,56929.9296875
TKM,Turkmenistan,2006,5.147105,63885.1953125
TKM,Turkmenistan,2007,5.244046,67026.296875
TKM,Turkmenistan,2008,5.345029,67597.828125
TKM,Turkmenistan,2009,5.451592,82886.0703125
TKM,Turkmenistan,2010,5.564356,97346.9140625
TKM,Turkmenistan,2011,5.683417,107218.015625
TKM,Turkmenistan,2012,5.808546,111044.9609375
TKM,Turkmenistan,2013,5.939341,113308.546875
TKM,Turkmenistan,2014,6.075283,116772.453125
TKM,Turkmenistan,2015,6.21577,119863.6796875
TKM,Turkmenistan,2016,6.360041,119314.171875
TKM,Turkmenistan,2017,6.507061,127431.6640625
TKM,Turkmenistan,2018,6.655524,136100.34375
TKM,Turkmenistan,2019,6.803944,144449.328125
TKM,Turkmenistan,2020,6.949912,153099.96875
TKM,Turkmenistan,2021,7.092043,163521.75
TKM,Turkmenistan,2022,7.230193,173985.703125
TKM,Turkmenistan,2023,7.364438,184317.921875
TTO,Trinidad and Tobago,1950,0.656135823863279,3246.23291015625
TTO,Trinidad and Tobago,1951,0.673473557911156,3596.56689453125
TTO,Trinidad and Tobago,1952,0.688163964356672,3693.26000976563
TTO,Trinidad and Tobago,1953,0.704203993648954,4165.9150390625
TTO,Trinidad and Tobago,1954,0.724137199088942,4437.115234375
TTO,Trinidad and Tobago,1955,0.748327007314832,4901.85791015625
TTO,Trinidad and Tobago,1956,0.77085574602785,5644.77685546875
TTO,Trinidad and Tobago,1957,0.794111214255422,6382.12255859375
TTO,Trinidad and Tobago,1958,0.81871630532976,6856.1513671875
TTO,Trinidad and Tobago,1959,0.848252748732465,7333.08251953125
TTO,Trinidad and Tobago,1960,0.873273122655252,7647.67626953125
TTO,Trinidad and Tobago,1961,0.894282994207614,9010.708984375
TTO,Trinidad and Tobago,1962,0.921391168461765,8878.1962890625
TTO,Trinidad and Tobago,1963,0.938917886836742,10105.86328125
TTO,Trinidad and Tobago,1964,0.959169840891296,10505.5498046875
TTO,Trinidad and Tobago,1965,0.975124722038821,9598.0859375
TTO,Trinidad and Tobago,1966,0.988911852707433,11179.865234375
TTO,Trinidad and Tobago,1967,0.996822895054943,12185.0986328125
TTO,Trinidad and Tobago,1968,0.999865827373462,12689.8193359375
TTO,Trinidad and Tobago,1969,0.999700729081157,13123.1474609375
TTO,Trinidad and Tobago,1970,0.991471,12478.80078125
TTO,Trinidad and Tobago,1971,1.002585,12106.46484375
TTO,Trinidad and Tobago,1972,1.014921,13282.947265625
TTO,Trinidad and Tobago,1973,1.027851,14624.826171875
TTO,Trinidad and Tobago,1974,1.040761,19804.02734375
TTO,Trinidad and Tobago,1975,1.053469,20504.041015625
TTO,Trinidad and Tobago,1976,1.066311,22949.720703125
TTO,Trinidad and Tobago,1977,1.079554,23994.96484375
TTO,Trinidad and Tobago,1978,1.09338,25036.244140625
TTO,Trinidad and Tobago,1979,1.107639,28241.12109375
TTO,Trinidad and Tobago,1980,1.121744,32052.20703125
TTO,Trinidad and Tobago,1981,1.135132,31492.9453125
TTO,Trinidad and Tobago,1982,1.147927,29325.1484375
TTO,Trinidad and Tobago,1983,1.160534,25807.34765625
TTO,Trinidad and Tobago,1984,1.172984,24444.568359375
TTO,Trinidad and Tobago,1985,1.187366,24361.611328125
TTO,Trinidad and Tobago,1986,1.203124,20585.552734375
TTO,Trinidad and Tobago,1987,1.217364,18580.9453125
TTO,Trinidad and Tobago,1988,1.230069,17627.857421875
TTO,Trinidad and Tobago,1989,1.2416,16592.16015625
TTO,Trinidad and Tobago,1990,1.252208,17603.021484375
TTO,Trinidad and Tobago,1991,1.262171,16693.611328125
TTO,Trinidad and Tobago,1992,1.271674,15572.029296875
TTO,Trinidad and Tobago,1993,1.280466,14749.19140625
TTO,Trinidad and Tobago,1994,1.288341,15204.10546875
TTO,Trinidad and Tobago,1995,1.295169,15277.50390625
TTO,Trinidad and Tobago,1996,1.300928,15013.345703125
TTO,Trinidad and Tobago,1997,1.305836,15424.197265625
TTO,Trinidad and Tobago,1998,1.310225,15355.845703125
TTO,Trinidad and Tobago,1999,1.314708,17688.099609375
TTO,Trinidad and Tobago,2000,1.319774,21148.310546875
TTO,Trinidad and Tobago,2001,1.325567,20163.552734375
TTO,Trinidad and Tobago,2002,1.332011,20999.111328125
TTO,Trinidad and Tobago,2003,1.338709,26195.869140625
TTO,Trinidad and Tobago,2004,1.34538,30890.892578125
TTO,Trinidad and Tobago,2005,1.352034,33491.18359375
TTO,Trinidad and Tobago,2006,1.358698,39692.5390625
TTO,Trinidad and Tobago,2007,1.365377,43792.3984375
TTO,Trinidad and Tobago,2008,1.372084,49814.328125
TTO,Trinidad and Tobago,2009,1.379056,40979.29296875
TTO,Trinidad and Tobago,2010,1.386654,44845.60546875
TTO,Trinidad and Tobago,2011,1.394983,52155.953125
TTO,Trinidad and Tobago,2012,1.403809,50930.140625
TTO,Trinidad and Tobago,2013,1.412653,49307.77734375
TTO,Trinidad and Tobago,2014,1.421131,48701.1484375
TTO,Trinidad and Tobago,2015,1.429188,45200.06640625
TTO,Trinidad and Tobago,2016,1.437026,41547.5234375
TTO,Trinidad and Tobago,2017,1.445261,41248.89453125
TTO,Trinidad and Tobago,2018,1.470518,41109.984375
TTO,Trinidad and Tobago,2019,1.484894,41941.46484375
TTO,Trinidad and Tobago,2020,1.481024,38307.671875
TTO,Trinidad and Tobago,2021,1.487717,41379.609375
TTO,Trinidad and Tobago,2022,1.495921,41761.54296875
TTO,Trinidad and Tobago,2023,1.502932,41415.421875
TUN,Tunisia,1960,4.16808036300709,7876.0380859375
TUN,Tunisia,1961,4.24312753372221,8548.6328125
TUN,Tunisia,1962,4.31410164970191,8655.0966796875
TUN,Tunisia,1963,4.40259170125085,9497.3515625
TUN,Tunisia,1964,4.49711123893618,9599.205078125
TUN,Tunisia,1965,4.59509086855428,9955.7958984375
TUN,Tunisia,1966,4.70606959805907,10404.6220703125
TUN,Tunisia,1967,4.81775186359346,10451.3359375
TUN,Tunisia,1968,4.92563282701974,11398.9873046875
TUN,Tunisia,1969,5.02841147457512,11806.7802734375
TUN,Tunisia,1970,5.131396,15462.6337890625
TUN,Tunisia,1971,5.261658,16790.505859375
TUN,Tunisia,1972,5.396557,19763.640625
TUN,Tunisia,1973,5.537242,19956.470703125
TUN,Tunisia,1974,5.684674,22463.294921875
TUN,Tunisia,1975,5.839262,23564.0234375
TUN,Tunisia,1976,5.996994,24532.927734375
TUN,Tunisia,1977,6.155931,25780.802734375
TUN,Tunisia,1978,6.30939,27493.544921875
TUN,Tunisia,1979,6.456419,29898.134765625
TUN,Tunisia,1980,6.606195,32956.15234375
TUN,Tunisia,1981,6.758284,35104.5
TUN,Tunisia,1982,6.908642,35920.8828125
TUN,Tunisia,1983,7.0538,38357.90234375
TUN,Tunisia,1984,7.220044,40222.46484375
TUN,Tunisia,1985,7.409903,43153.765625
TUN,Tunisia,1986,7.600301,42579.0390625
TUN,Tunisia,1987,7.789987,45584.43359375
TUN,Tunisia,1988,7.97444,47705.2578125
TUN,Tunisia,1989,8.15166,49400.52734375
TUN,Tunisia,1990,8.324509,52998.1640625
TUN,Tunisia,1991,8.501827,56782.453125
TUN,Tunisia,1992,8.682512,62498.2890625
TUN,Tunisia,1993,8.85791,66678.84375
TUN,Tunisia,1994,9.018448,73515.265625
TUN,Tunisia,1995,9.161258,79567.6328125
TUN,Tunisia,1996,9.294432,91899.609375
TUN,Tunisia,1997,9.42127,92210.53125
TUN,Tunisia,1998,9.541667,91895.7109375
TUN,Tunisia,1999,9.655963,92230.6953125
TUN,Tunisia,2000,9.764935,93732.796875
TUN,Tunisia,2001,9.869677,95958.875
TUN,Tunisia,2002,9.971515,96110.90625
TUN,Tunisia,2003,10.071632,97740.4140625
TUN,Tunisia,2004,10.166163,100504.0546875
TUN,Tunisia,2005,10.255472,104401.828125
TUN,Tunisia,2006,10.34641,109717.96875
TUN,Tunisia,2007,10.441702,117286.703125
TUN,Tunisia,2008,10.542635,122637.1171875
TUN,Tunisia,2009,10.650681,129967.5390625
TUN,Tunisia,2010,10.76598,136018.3125
TUN,Tunisia,2011,10.886035,134829.375
TUN,Tunisia,2012,11.009647,137669.59375
TUN,Tunisia,2013,11.141361,136466.953125
TUN,Tunisia,2014,11.274288,139971.171875
TUN,Tunisia,2015,11.402264,140951.421875
TUN,Tunisia,2016,11.528674,143721.8125
TUN,Tunisia,2017,11.650498,143933.546875
TUN,Tunisia,2018,11.765514,150892.109375
TUN,Tunisia,2019,11.875081,155999.859375
TUN,Tunisia,2020,11.974057,147974.296875
TUN,Tunisia,2021,12.048622,146074.5
TUN,Tunisia,2022,12.119334,143204.109375
TUN,Tunisia,2023,12.200431,145804
TUR,Türkiye,1950,21.6414843515777,76353.0546875
TUR,Türkiye,1951,22.2026593669929,93347.796875
TUR,Türkiye,1952,22.7829414975944,102451.4609375
TUR,Türkiye,1953,23.3924207541937,115640.3828125
TUR,Türkiye,1954,24.0413083137213,105957.140625
TUR,Türkiye,1955,24.7388167097752,116299.25
TUR,Türkiye,1956,25.4896772838574,118710.625
TUR,Türkiye,1957,26.3027507969635,146670.65625
TUR,Türkiye,1958,27.1580507024015,160632.9375
TUR,Türkiye,1959,28.0290904775039,153668.953125
TUR,Türkiye,1960,28.9115999937363,154054.71875
TUR,Türkiye,1961,29.7444607157266,156807.921875
TUR,Türkiye,1962,30.5218527611975,166276.453125
TUR,Türkiye,1963,31.2601120589454,182032.375
TUR,Türkiye,1964,31.9959284913989,189997.234375
TUR,Türkiye,1965,32.7370879588243,194735.796875
TUR,Türkiye,1966,33.4820211645563,221337.171875
TUR,Türkiye,1967,34.2336341411491,230611.234375
TUR,Türkiye,1968,35.005622568589,246439.421875
TUR,Türkiye,1969,35.812561558368,259004.875
TUR,Türkiye,1970,36.638465,276320.78125
TUR,Türkiye,1971,37.518611,282646.125
TUR,Türkiye,1972,38.430221,307598.09375
TUR,Türkiye,1973,39.329533,322809.65625
TUR,Türkiye,1974,40.210234,358477.5
TUR,Türkiye,1975,41.053126,382996.84375
TUR,Türkiye,1976,41.899984,427716.90625
TUR,Türkiye,1977,42.773298,422430.71875
TUR,Türkiye,1978,43.645306,412149.6875
TUR,Türkiye,1979,44.510429,405931.96875
TUR,Türkiye,1980,45.408815,400002.125
TUR,Türkiye,1981,46.32119,447215.875
TUR,Türkiye,1982,47.322096,443858.15625
TUR,Türkiye,1983,48.44741,465497.25
TUR,Türkiye,1984,49.574069,490877.9375
TUR,Türkiye,1985,50.687115,521437.84375
TUR,Türkiye,1986,51.777772,554928.125
TUR,Türkiye,1987,52.84367,615062.8125
TUR,Türkiye,1988,53.909626,625399.25
TUR,Türkiye,1989,54.976723,623912.1875
TUR,Türkiye,1990,56.015628,671834.4375
TUR,Türkiye,1991,57.009887,647014.375
TUR,Türkiye,1992,57.990118,679534.125
TUR,Türkiye,1993,58.999167,745835.0625
TUR,Türkiye,1994,60.033836,685264.5
TUR,Türkiye,1995,61.024503,751484.75
TUR,Türkiye,1996,61.951134,822044.25
TUR,Türkiye,1997,62.852966,857761.5625
TUR,Türkiye,1998,63.734383,857495.4375
TUR,Türkiye,1999,64.591923,815037.4375
TUR,Türkiye,2000,65.425961,890627.4375
TUR,Türkiye,2001,66.245128,863793.1875
TUR,Türkiye,2002,67.048795,856305.0625
TUR,Türkiye,2003,67.83173,834932.6875
TUR,Türkiye,2004,68.592617,952706.75
TUR,Türkiye,2005,69.329557,1048795.5
TUR,Türkiye,2006,70.045349,1176486.625
TUR,Türkiye,2007,70.750586,1290763.625
TUR,Türkiye,2008,71.562338,1360745
TUR,Türkiye,2009,72.464848,1348609.875
TUR,Türkiye,2010,73.346769,1504181.25
TUR,Türkiye,2011,74.215203,1708972.75
TUR,Türkiye,2012,75.197198,1815520.125
TUR,Türkiye,2013,76.403031,1932379.25
TUR,Türkiye,2014,78.036154,2044782.75
TUR,Türkiye,2015,80.014226,2188434.25
TUR,Türkiye,2016,81.652088,2232751
TUR,Türkiye,2017,83.083662,2337808.25
TUR,Türkiye,2018,84.415969,2346436
TUR,Türkiye,2019,85.357672,2373347.5
TUR,Türkiye,2020,86.091692,2349123.25
TUR,Türkiye,2021,86.686253,2522766.75
TUR,Türkiye,2022,87.058473,2687591.25
TUR,Türkiye,2023,87.270501,3008595
TWN,Taiwan,1951,7.758202,14008.0224609375
TWN,Taiwan,1952,8.046915,16445.466796875
TWN,Taiwan,1953,8.333009,18175.59765625
TWN,Taiwan,1954,8.645264,19618.05078125
TWN,Taiwan,1955,8.967001,21136.087890625
TWN,Taiwan,1956,9.289545,22475.56640625
TWN,Taiwan,1957,9.59769,24452.318359375
TWN,Taiwan,1958,9.920227,26129.466796875
TWN,Taiwan,1959,10.288327,28033.232421875
TWN,Taiwan,1960,10.667705,30262.01953125
TWN,Taiwan,1961,11.030385,33061.5859375
TWN,Taiwan,1962,11.392513,35985.89453125
TWN,Taiwan,1963,11.762101,40611.3671875
TWN,Taiwan,1964,12.137143,46490.828125
TWN,Taiwan,1965,12.511863,50991.76171875
TWN,Taiwan,1966,12.874153,55907.09765625
TWN,Taiwan,1967,13.210344,62786.48046875
TWN,Taiwan,1968,13.548537,69882.71875
TWN,Taiwan,1969,14.068984,78044.2890625
TWN,Taiwan,1970,14.582944,88985.4765625
TWN,Taiwan,1971,14.913564,101814.671875
TWN,Taiwan,1972,15.220495,117902.734375
TWN,Taiwan,1973,15.505121,132857.0625
TWN,Taiwan,1974,15.784817,129585.109375
TWN,Taiwan,1975,16.075128,133814.75
TWN,Taiwan,1976,16.401413,158611.625
TWN,Taiwan,1977,16.730895,174376.859375
TWN,Taiwan,1978,17.042272,197598.171875
TWN,Taiwan,1979,17.372779,212316.34375
TWN,Taiwan,1980,17.704538,223392.6875
TWN,Taiwan,1981,18.029982,238800.09375
TWN,Taiwan,1982,18.354855,250659.546875
TWN,Taiwan,1983,18.653146,272392.375
TWN,Taiwan,1984,18.929866,297124.65625
TWN,Taiwan,1985,19.19151,310453.6875
TWN,Taiwan,1986,19.411454,353245.15625
TWN,Taiwan,1987,19.617046,391134.71875
TWN,Taiwan,1988,19.839704,413427.875
TWN,Taiwan,1989,20.055492,451355.84375
TWN,Taiwan,1990,20.278946,476757.78125
TWN,Taiwan,1991,20.503568,516984.34375
TWN,Taiwan,1992,20.704227,552386.0625
TWN,Taiwan,1993,20.899019,588989.75
TWN,Taiwan,1994,21.086645,629180.125
TWN,Taiwan,1995,21.267653,663992.5
TWN,Taiwan,1996,21.441432,712919.3125
TWN,Taiwan,1997,21.634124,760822.3125
TWN,Taiwan,1998,21.835703,803528.6875
TWN,Taiwan,1999,22.010489,837484.5
TWN,Taiwan,2000,22.18453,873238
TWN,Taiwan,2001,22.34112,861024.6875
TWN,Taiwan,2002,22.463172,900425.75
TWN,Taiwan,2003,22.562663,920057.5
TWN,Taiwan,2004,22.646836,952363.875
TWN,Taiwan,2005,22.729753,981341.125
TWN,Taiwan,2006,22.823455,1015246.0625
TWN,Taiwan,2007,22.917444,1066915
TWN,Taiwan,2008,22.997696,1022321.5
TWN,Taiwan,2009,23.078402,1026578.5625
TWN,Taiwan,2010,23.140948,1115449.25
TWN,Taiwan,2011,23.193518,1132372.375
TWN,Taiwan,2012,23.270367,1166924
TWN,Taiwan,2013,23.34467,1175165.125
TWN,Taiwan,2014,23.403635,1212795.25
TWN,Taiwan,2015,23.462914,1255819.625
TWN,Taiwan,2016,23.515945,1252468.875
TWN,Taiwan,2017,23.555522,1258040
TWN,Taiwan,2018,23.58008,1256661.625
TWN,Taiwan,2019,23.596027,1300869.5
TWN,Taiwan,2020,23.582179,1386032.5
TWN,Taiwan,2021,23.468275,1459854.5
TWN,Taiwan,2022,23.319977,1489234.75
TWN,Taiwan,2023,23.342541,1517366.75
TZA,U.R. of Tanzania: Mainland,1960,10.02618260337,13254.1806640625
TZA,U.R. of Tanzania: Mainland,1961,10.3151965439508,13421.875
TZA,U.R. of Tanzania: Mainland,1962,10.6167361927043,14783.76171875
TZA,U.R. of Tanzania: Mainland,1963,10.9307046245076,16028.958984375
TZA,U.R. of Tanzania: Mainland,1964,11.2595053960108,18390.076171875
TZA,U.R. of Tanzania: Mainland,1965,11.600286671871,18295.951171875
TZA,U.R. of Tanzania: Mainland,1966,11.9530493840607,19633.970703125
TZA,U.R. of Tanzania: Mainland,1967,12.320417966673,20643.080078125
TZA,U.R. of Tanzania: Mainland,1968,12.6925768870835,22117.53515625
TZA,U.R. of Tanzania: Mainland,1969,13.0848477704676,23129.279296875
TZA,U.R. of Tanzania: Mainland,1970,13.492677,25036.634765625
TZA,U.R. of Tanzania: Mainland,1971,13.971451,26208.173828125
TZA,U.R. of Tanzania: Mainland,1972,14.479308,27720.990234375
TZA,U.R. of Tanzania: Mainland,1973,15.010101,29723.36328125
TZA,U.R. of Tanzania: Mainland,1974,15.56163,30715.86328125
TZA,U.R. of Tanzania: Mainland,1975,16.138361,32971.3671875
TZA,U.R. of Tanzania: Mainland,1976,16.736211,36159.734375
TZA,U.R. of Tanzania: Mainland,1977,17.352929,35139
TZA,U.R. of Tanzania: Mainland,1978,17.976566,36069.75390625
TZA,U.R. of Tanzania: Mainland,1979,18.592038,36911.87890625
TZA,U.R. of Tanzania: Mainland,1980,19.189769,35288.2421875
TZA,U.R. of Tanzania: Mainland,1981,19.784703,31326.65625
TZA,U.R. of Tanzania: Mainland,1982,20.398571,31457.16015625
TZA,U.R. of Tanzania: Mainland,1983,21.079874,33234.03125
TZA,U.R. of Tanzania: Mainland,1984,21.779066,34890.9140625
TZA,U.R. of Tanzania: Mainland,1985,22.501693,40135.34375
TZA,U.R. of Tanzania: Mainland,1986,23.258959,27079.580078125
TZA,U.R. of Tanzania: Mainland,1987,24.030378,22394.681640625
TZA,U.R. of Tanzania: Mainland,1988,24.769686,28787.962890625
TZA,U.R. of Tanzania: Mainland,1989,25.438759,27894.09375
TZA,U.R. of Tanzania: Mainland,1990,25.42992,28205.462890625
TZA,U.R. of Tanzania: Mainland,1991,26.079436,28736.935546875
TZA,U.R. of Tanzania: Mainland,1992,26.735588,26875.087890625
TZA,U.R. of Tanzania: Mainland,1993,27.588692,25876.88671875
TZA,U.R. of Tanzania: Mainland,1994,28.675356,25718.390625
TZA,U.R. of Tanzania: Mainland,1995,29.593497,26992.67578125
TZA,U.R. of Tanzania: Mainland,1996,30.131762,29872.244140625
TZA,U.R. of Tanzania: Mainland,1997,30.942089,33304.875
TZA,U.R. of Tanzania: Mainland,1998,31.556458,35930.34765625
TZA,U.R. of Tanzania: Mainland,1999,32.41133,38356.7421875
TZA,U.R. of Tanzania: Mainland,2000,33.344139,40911.890625
TZA,U.R. of Tanzania: Mainland,2001,34.254299,44292.53125
TZA,U.R. of Tanzania: Mainland,2002,35.139304,49013.0390625
TZA,U.R. of Tanzania: Mainland,2003,36.078555,52247.30078125
TZA,U.R. of Tanzania: Mainland,2004,37.068668,55773.01953125
TZA,U.R. of Tanzania: Mainland,2005,38.109076,61849.25390625
TZA,U.R. of Tanzania: Mainland,2006,39.150902,67324.25
TZA,U.R. of Tanzania: Mainland,2007,40.295736,73258.9609375
TZA,U.R. of Tanzania: Mainland,2008,41.396992,80600.734375
TZA,U.R. of Tanzania: Mainland,2009,42.428199,89011.1953125
TZA,U.R. of Tanzania: Mainland,2010,43.518782,101308.5234375
TZA,U.R. of Tanzania: Mainland,2011,44.751582,114632.34375
TZA,U.R. of Tanzania: Mainland,2012,46.070691,111525.5234375
TZA,U.R. of Tanzania: Mainland,2013,47.475352,114709.015625
TZA,U.R. of Tanzania: Mainland,2014,48.956822,119571.4765625
TZA,U.R. of Tanzania: Mainland,2015,50.579779,128962.109375
TZA,U.R. of Tanzania: Mainland,2016,52.335977,138196.953125
TZA,U.R. of Tanzania: Mainland,2017,54.118599,138614.90625
TZA,U.R. of Tanzania: Mainland,2018,55.857296,151538.78125
TZA,U.R. of Tanzania: Mainland,2019,57.549302,168226.625
TZA,U.R. of Tanzania: Mainland,2020,59.3012,182893.359375
TZA,U.R. of Tanzania: Mainland,2021,61.112804,198158.875
TZA,U.R. of Tanzania: Mainland,2022,62.948832,211766.796875
TZA,U.R. of Tanzania: Mainland,2023,64.810025,224954.65625
UGA,Uganda,1950,5.84971621585831,5550.59619140625
UGA,Uganda,1951,6.00779035858606,7008.32275390625
UGA,Uganda,1952,6.17075392873122,6527.08203125
UGA,Uganda,1953,6.33877261822408,5250.203125
UGA,Uganda,1954,6.51266680418269,5798.619140625
UGA,Uganda,1955,6.6926713852277,5787.439453125
UGA,Uganda,1956,6.87902631156297,5848.6767578125
UGA,Uganda,1957,7.07198416235049,6867.49658203125
UGA,Uganda,1958,7.27180913539366,6590.83056640625
UGA,Uganda,1959,7.47877553166239,6925.486328125
UGA,Uganda,1960,7.69317129140133,6839.64501953125
UGA,Uganda,1961,7.91529546833825,6940.8310546875
UGA,Uganda,1962,8.14546378642561,7111.39404296875
UGA,Uganda,1963,8.38400005214906,7391.91259765625
UGA,Uganda,1964,8.63124726801055,8467.1552734375
UGA,Uganda,1965,8.88756561189506,8461.7080078125
UGA,Uganda,1966,9.15332435453739,9025.009765625
UGA,Uganda,1967,9.42891650911356,8854.9541015625
UGA,Uganda,1968,9.71474822291602,9260.5595703125
UGA,Uganda,1969,10.0112468598868,9927.6572265625
UGA,Uganda,1970,10.321603,11818.048828125
UGA,Uganda,1971,10.618206,11135.302734375
UGA,Uganda,1972,10.885796,12952.55078125
UGA,Uganda,1973,11.144236,13562.7509765625
UGA,Uganda,1974,11.424846,12613.115234375
UGA,Uganda,1975,11.72524,13020.001953125
UGA,Uganda,1976,12.037294,14018.6923828125
UGA,Uganda,1977,12.359669,14434.849609375
UGA,Uganda,1978,12.692113,13717.220703125
UGA,Uganda,1979,13.002163,11836.5283203125
UGA,Uganda,1980,13.275741,11169.353515625
UGA,Uganda,1981,13.556452,11229.3359375
UGA,Uganda,1982,13.873631,13080.2421875
UGA,Uganda,1983,14.221881,14583.5654296875
UGA,Uganda,1984,14.607677,14361.091796875
UGA,Uganda,1985,15.023681,14046.4482421875
UGA,Uganda,1986,15.467579,14104.5888671875
UGA,Uganda,1987,15.95417,15055.2275390625
UGA,Uganda,1988,16.470483,15926.1298828125
UGA,Uganda,1989,17.010698,16444.21875
UGA,Uganda,1990,17.569897,16889.5703125
UGA,Uganda,1991,18.155901,17125.13671875
UGA,Uganda,1992,18.785032,17939.755859375
UGA,Uganda,1993,19.445161,18746.357421875
UGA,Uganda,1994,20.108801,25069.32421875
UGA,Uganda,1995,20.665667,25155.21484375
UGA,Uganda,1996,21.23155,25620.12890625
UGA,Uganda,1997,21.856046,26806.92578125
UGA,Uganda,1998,22.515806,29172.712890625
UGA,Uganda,1999,23.257281,30504.703125
UGA,Uganda,2000,24.00015,31902.349609375
UGA,Uganda,2001,24.745676,34137.4375
UGA,Uganda,2002,25.53287,36117.5546875
UGA,Uganda,2003,26.352124,37523.02734375
UGA,Uganda,2004,27.154515,39717.41796875
UGA,Uganda,2005,27.963289,43731.015625
UGA,Uganda,2006,28.794003,48587.3203125
UGA,Uganda,2007,29.65343,53574.71484375
UGA,Uganda,2008,30.539553,58887.671875
UGA,Uganda,2009,31.451151,68203.625
UGA,Uganda,2010,32.390802,86444.765625
UGA,Uganda,2011,33.354543,94622.3515625
UGA,Uganda,2012,34.337438,88721.4921875
UGA,Uganda,2013,35.337042,64775.38671875
UGA,Uganda,2014,36.395539,105319.9921875
UGA,Uganda,2015,37.531446,96275.7265625
UGA,Uganda,2016,38.799152,95374.890625
UGA,Uganda,2017,40.177388,98955.3125
UGA,Uganda,2018,41.565831,106693.359375
UGA,Uganda,2019,42.999637,115848.2890625
UGA,Uganda,2020,44.457152,114430.109375
UGA,Uganda,2021,45.91093,121062.4453125
UGA,Uganda,2022,47.312719,130105.0234375
UGA,Uganda,2023,48.656601,137937.34375
UKR,Ukraine,1990,52.054092,680851.9375
UKR,Ukraine,1991,52.170961,636311.75
UKR,Ukraine,1992,52.323671,585874.6875
UKR,Ukraine,1993,52.350126,474596.84375
UKR,Ukraine,1994,52.075998,395247.96875
UKR,Ukraine,1995,51.665539,343870.59375
UKR,Ukraine,1996,51.226109,312008.4375
UKR,Ukraine,1997,50.786885,286997.40625
UKR,Ukraine,1998,50.379731,274779.28125
UKR,Ukraine,1999,49.976446,271562.40625
UKR,Ukraine,2000,49.55666,275907.03125
UKR,Ukraine,2001,49.106855,289651.25
UKR,Ukraine,2002,48.677281,305456.15625
UKR,Ukraine,2003,48.315136,335344.03125
UKR,Ukraine,2004,47.979507,384044.21875
UKR,Ukraine,2005,47.585556,416827.96875
UKR,Ukraine,2006,47.278694,457434.71875
UKR,Ukraine,2007,47.062798,517764.15625
UKR,Ukraine,2008,46.819175,552964.5625
UKR,Ukraine,2009,46.623731,473098.125
UKR,Ukraine,2010,46.456003,482608.59375
UKR,Ukraine,2011,46.307853,531667.5625
UKR,Ukraine,2012,46.210056,556330.4375
UKR,Ukraine,2013,46.12677,597137.3125
UKR,Ukraine,2014,45.97238,559983.0625
UKR,Ukraine,2015,45.784896,540478.5625
UKR,Ukraine,2016,45.616832,562926.1875
UKR,Ukraine,2017,45.436041,561845.9375
UKR,Ukraine,2018,45.208907,575434.8125
UKR,Ukraine,2019,44.957458,622270.1875
UKR,Ukraine,2020,44.680014,667668.8125
UKR,Ukraine,2021,44.29864,739991.3125
UKR,Ukraine,2022,41.048766,554824.8125
UKR,Ukraine,2023,37.732836,587357.125
URY,Uruguay,1950,2.16874554633597,16413.609375
URY,Uruguay,1951,2.19719563682869,19970.068359375
URY,Uruguay,1952,2.22675278608028,18177.478515625
URY,Uruguay,1953,2.25734771455156,18923.923828125
URY,Uruguay,1954,2.28959121328189,21577.443359375
URY,Uruguay,1955,2.32575843176403,22115.044921875
URY,Uruguay,1956,2.36149182836982,21837.6640625
URY,Uruguay,1957,2.39674568802918,22818.431640625
URY,Uruguay,1958,2.43178534666432,21115.580078125
URY,Uruguay,1959,2.4659936508292,20423.009765625
URY,Uruguay,1960,2.5015222721984,21529.060546875
URY,Uruguay,1961,2.53396536198212,21831.359375
URY,Uruguay,1962,2.56823399118792,22303.130859375
URY,Uruguay,1963,2.60148769870907,21688.341796875
URY,Uruguay,1964,2.63262013272079,22670.93359375
URY,Uruguay,1965,2.66179977917721,22432.123046875
URY,Uruguay,1966,2.68954694155633,23481.208984375
URY,Uruguay,1967,2.71660060160949,22575.642578125
URY,Uruguay,1968,2.74430252020791,22942.458984375
URY,Uruguay,1969,2.76926059202296,24548.470703125
URY,Uruguay,1970,2.790807,26422.4375
URY,Uruguay,1971,2.806462,26603.412109375
URY,Uruguay,1972,2.821644,25995.982421875
URY,Uruguay,1973,2.837133,27020.419921875
URY,Uruguay,1974,2.853944,26376.5625
URY,Uruguay,1975,2.87232,27036.25
URY,Uruguay,1976,2.891392,27542.451171875
URY,Uruguay,1977,2.909461,27023.474609375
URY,Uruguay,1978,2.925715,28602.1796875
URY,Uruguay,1979,2.939903,30968.080078125
URY,Uruguay,1980,2.951953,32876.1015625
URY,Uruguay,1981,2.963246,33568.58203125
URY,Uruguay,1982,2.975492,30232.95703125
URY,Uruguay,1983,2.988778,27423.005859375
URY,Uruguay,1984,3.002488,27029.943359375
URY,Uruguay,1985,3.017037,27043.62109375
URY,Uruguay,1986,3.032845,30575.470703125
URY,Uruguay,1987,3.049896,33542.08203125
URY,Uruguay,1988,3.067961,33619.5390625
URY,Uruguay,1989,3.086255,33949.4453125
URY,Uruguay,1990,3.104403,33400.8984375
URY,Uruguay,1991,3.122354,34958.93359375
URY,Uruguay,1992,3.139702,39086.03515625
URY,Uruguay,1993,3.156345,40802.99609375
URY,Uruguay,1994,3.172834,44588.60546875
URY,Uruguay,1995,3.18944,44334.60546875
URY,Uruguay,1996,3.206324,47151.50390625
URY,Uruguay,1997,3.223345,47973.4765625
URY,Uruguay,1998,3.23928,49128.9921875
URY,Uruguay,1999,3.254015,46571.01953125
URY,Uruguay,2000,3.266206,44120.8046875
URY,Uruguay,2001,3.274251,41917.73046875
URY,Uruguay,2002,3.278867,38214.66015625
URY,Uruguay,2003,3.281186,37905.75
URY,Uruguay,2004,3.283148,39258.6015625
URY,Uruguay,2005,3.285771,40800.89453125
URY,Uruguay,2006,3.289506,43589.8671875
URY,Uruguay,2007,3.295153,48285.75390625
URY,Uruguay,2008,3.302177,54146.13671875
URY,Uruguay,2009,3.310091,58991.2265625
URY,Uruguay,2010,3.31858,67396.328125
URY,Uruguay,2011,3.326825,75286.46875
URY,Uruguay,2012,3.335401,77763.3984375
URY,Uruguay,2013,3.345337,80051.96875
URY,Uruguay,2014,3.356334,83506.1640625
URY,Uruguay,2015,3.368017,84782.5625
URY,Uruguay,2016,3.379283,86128.9140625
URY,Uruguay,2017,3.388438,86639.546875
URY,Uruguay,2018,3.394534,87360.7734375
URY,Uruguay,2019,3.397206,91528.4375
URY,Uruguay,2020,3.398968,89833.546875
URY,Uruguay,2021,3.396695,92204.9375
URY,Uruguay,2022,3.390913,94788.9609375
URY,Uruguay,2023,3.388081,94547.0859375
USA,United States,1950,154.308932479468,2700581.25
USA,United States,1951,156.950833583773,2890876
USA,United States,1952,159.661622383463,2999928
USA,United States,1953,162.327846797497,3147087
USA,United States,1954,165.207878206838,3132158.75
USA,United States,1955,168.15175637134,3368955.5
USA,United States,1956,171.163532598792,3445108.75
USA,United States,1957,174.285761083962,3521625
USA,United States,1958,177.222557191341,3498960.5
USA,United States,1959,180.210010109064,3747502.5
USA,United States,1960,183.089036422961,3846675.5
USA,United States,1961,186.149443806863,3945269.5
USA,United States,1962,189.034547082441,4187084.75
USA,United States,1963,191.774746521104,4368180
USA,United States,1964,194.457176166286,4624444
USA,United States,1965,196.903470234311,4934000.5
USA,United States,1966,199.190680888167,5258107
USA,United States,1967,201.371490592091,5398569
USA,United States,1968,203.392165397382,5665766.5
USA,United States,1969,205.389552914401,5848988.5
USA,United States,1970,207.796339,5857693
USA,United States,1971,210.426432,6051745.5
USA,United States,1972,212.842573,6377442.5
USA,United States,1973,215.006551,6744057.5
USA,United States,1974,217.076476,6622978.5
USA,United States,1975,219.129301,6599970.5
USA,United States,1976,221.168758,6981721.5
USA,United States,1977,223.259419,7293794
USA,United States,1978,225.396096,7705705.5
USA,United States,1979,227.575084,7920382.5
USA,United States,1980,229.858655,7786389
USA,United States,1981,232.201617,8000724.5
USA,United States,1982,234.583152,7862921
USA,United States,1983,236.986365,8263719.5
USA,United States,1984,239.353967,8914456
USA,United States,1985,241.690443,9297721
USA,United States,1986,243.953807,9602186
USA,United States,1987,246.161291,9902263
USA,United States,1988,248.393235,10312941
USA,United States,1989,250.675053,10684975
USA,United States,1990,253.373387,10845544
USA,United States,1991,256.471422,10831007
USA,United States,1992,259.606019,11224901
USA,United States,1993,262.633231,11571857
USA,United States,1994,265.47481,12075679
USA,United States,1995,268.205795,12409187
USA,United States,1996,270.860696,12916877
USA,United States,1997,273.468013,13552125
USA,United States,1998,276.119333,14253092
USA,United States,1999,278.785484,14942582
USA,United States,2000,281.484131,15530929
USA,United States,2001,284.279639,15688271
USA,United States,2002,287.084338,15948216
USA,United States,2003,289.9081,16383841
USA,United States,2004,292.786253,17027680
USA,United States,2005,295.716664,17580320
USA,United States,2006,298.730209,18070692
USA,United States,2007,301.844226,18420674
USA,United States,2008,304.970333,18213936
USA,United States,2009,308.023454,17828036
USA,United States,2010,311.06279,18299994
USA,United States,2011,314.105078,18568118
USA,United States,2012,317.115355,19069654
USA,United States,2013,320.110759,19578584
USA,United States,2014,323.115377,20143926
USA,United States,2015,326.126497,20899968
USA,United States,2016,329.179427,21343028
USA,United States,2017,332.20466,21892416
USA,United States,2018,335.056497,22571668
USA,United States,2019,337.790067,23200364
USA,United States,2020,339.436159,22676858
USA,United States,2021,340.161441,24167636
USA,United States,2022,341.534046,24861132
USA,United States,2023,343.477335,25641846
UZB,Uzbekistan,1990,20.464956,130483.1875
UZB,Uzbekistan,1991,20.96291,128027.734375
UZB,Uzbekistan,1992,21.48509,103227.5234375
UZB,Uzbekistan,1993,21.987955,125577.8203125
UZB,Uzbekistan,1994,22.463291,110105.5703125
UZB,Uzbekistan,1995,22.917589,108053.640625
UZB,Uzbekistan,1996,23.351981,112854.921875
UZB,Uzbekistan,1997,23.75896,106163.203125
UZB,Uzbekistan,1998,24.134929,102797.8046875
UZB,Uzbekistan,1999,24.476008,105441.7578125
UZB,Uzbekistan,2000,24.787054,102475.890625
UZB,Uzbekistan,2001,25.090283,106599.453125
UZB,Uzbekistan,2002,25.39998,109110.1484375
UZB,Uzbekistan,2003,25.711259,114286.5859375
UZB,Uzbekistan,2004,26.02935,121188.9765625
UZB,Uzbekistan,2005,26.356975,127308.109375
UZB,Uzbekistan,2006,26.699043,135043.125
UZB,Uzbekistan,2007,27.076008,146872.171875
UZB,Uzbekistan,2008,27.494774,145101.875
UZB,Uzbekistan,2009,27.939328,154912.015625
UZB,Uzbekistan,2010,28.385506,161755.96875
UZB,Uzbekistan,2011,28.823196,178561.421875
UZB,Uzbekistan,2012,29.261903,187963.671875
UZB,Uzbekistan,2013,29.724065,198034.34375
UZB,Uzbekistan,2014,30.222994,213330.6875
UZB,Uzbekistan,2015,30.749346,227481.96875
UZB,Uzbekistan,2016,31.284568,234197.453125
UZB,Uzbekistan,2017,31.819178,244500.046875
UZB,Uzbekistan,2018,32.37349,253031.078125
UZB,Uzbekistan,2019,32.964701,262961.25
UZB,Uzbekistan,2020,33.586372,265372.65625
UZB,Uzbekistan,2021,34.243696,284634.625
UZB,Uzbekistan,2022,34.938955,308076.84375
UZB,Uzbekistan,2023,35.652307,321929.625
VCT,St. Vincent and the Grenadines,1970,0.095964,332.4189453125
VCT,St. Vincent and the Grenadines,1971,0.096872,343.520965576172
VCT,St. Vincent and the Grenadines,1972,0.09779,421.7373046875
VCT,St. Vincent and the Grenadines,1973,0.098691,390.011108398438
VCT,St. Vincent and the Grenadines,1974,0.099556,354.575836181641
VCT,St. Vincent and the Grenadines,1975,0.100387,293.802398681641
VCT,St. Vincent and the Grenadines,1976,0.101197,408.465148925781
VCT,St. Vincent and the Grenadines,1977,0.101999,370.732574462891
VCT,St. Vincent and the Grenadines,1978,0.102775,429.019927978516
VCT,St. Vincent and the Grenadines,1979,0.103478,431.962554931641
VCT,St. Vincent and the Grenadines,1980,0.104213,434.250732421875
VCT,St. Vincent and the Grenadines,1981,0.105073,473.542877197266
VCT,St. Vincent and the Grenadines,1982,0.105969,503.251922607422
VCT,St. Vincent and the Grenadines,1983,0.106838,532.602722167969
VCT,St. Vincent and the Grenadines,1984,0.107687,563.361206054688
VCT,St. Vincent and the Grenadines,1985,0.108506,586.233276367188
VCT,St. Vincent and the Grenadines,1986,0.109281,623.016540527344
VCT,St. Vincent and the Grenadines,1987,0.110001,627.64208984375
VCT,St. Vincent and the Grenadines,1988,0.110658,738.637268066406
VCT,St. Vincent and the Grenadines,1989,0.111272,731.405883789063
VCT,St. Vincent and the Grenadines,1990,0.111812,719.820251464844
VCT,St. Vincent and the Grenadines,1991,0.112222,799.350036621094
VCT,St. Vincent and the Grenadines,1992,0.112509,926.679870605469
VCT,St. Vincent and the Grenadines,1993,0.112735,894.119995117188
VCT,St. Vincent and the Grenadines,1994,0.112918,870.571472167969
VCT,St. Vincent and the Grenadines,1995,0.113047,928.912536621094
VCT,St. Vincent and the Grenadines,1996,0.113119,956.644470214844
VCT,St. Vincent and the Grenadines,1997,0.113141,959.932739257813
VCT,St. Vincent and the Grenadines,1998,0.11318,927.315490722656
VCT,St. Vincent and the Grenadines,1999,0.113366,976.450439453125
VCT,St. Vincent and the Grenadines,2000,0.113545,1033.06787109375
VCT,St. Vincent and the Grenadines,2001,0.113501,1033.08605957031
VCT,St. Vincent and the Grenadines,2002,0.113347,1075.8095703125
VCT,St. Vincent and the Grenadines,2003,0.113141,1135.43786621094
VCT,St. Vincent and the Grenadines,2004,0.112835,1183.44616699219
VCT,St. Vincent and the Grenadines,2005,0.11245,1216.81384277344
VCT,St. Vincent and the Grenadines,2006,0.112014,1305.50915527344
VCT,St. Vincent and the Grenadines,2007,0.111531,1344.47314453125
VCT,St. Vincent and the Grenadines,2008,0.111028,1385.0888671875
VCT,St. Vincent and the Grenadines,2009,0.110508,1389.01879882813
VCT,St. Vincent and the Grenadines,2010,0.109959,1379.71801757813
VCT,St. Vincent and the Grenadines,2011,0.109349,1355.59851074219
VCT,St. Vincent and the Grenadines,2012,0.108736,1387.02966308594
VCT,St. Vincent and the Grenadines,2013,0.108135,1394.25146484375
VCT,St. Vincent and the Grenadines,2014,0.107535,1438.90942382813
VCT,St. Vincent and the Grenadines,2015,0.10696,1482.24523925781
VCT,St. Vincent and the Grenadines,2016,0.106349,1575.84899902344
VCT,St. Vincent and the Grenadines,2017,0.105663,1540.849609375
VCT,St. Vincent and the Grenadines,2018,0.104926,1611.41174316406
VCT,St. Vincent and the Grenadines,2019,0.104167,1652.755859375
VCT,St. Vincent and the Grenadines,2020,0.103526,1584.61694335938
VCT,St. Vincent and the Grenadines,2021,0.102841,1599.76147460938
VCT,St. Vincent and the Grenadines,2022,0.102046,1649.76000976563
VCT,St. Vincent and the Grenadines,2023,0.101323,1754.12805175781
VEN,Venezuela (Bolivarian Republic of),1950,5.30223282755622,36551.25
VEN,Venezuela (Bolivarian Republic of),1951,5.52242396220307,40268.83203125
VEN,Venezuela (Bolivarian Republic of),1952,5.75799991240668,45380.5390625
VEN,Venezuela (Bolivarian Republic of),1953,6.00642985581793,47920.390625
VEN,Venezuela (Bolivarian Republic of),1954,6.2651824653365,53349.671875
VEN,Venezuela (Bolivarian Republic of),1955,6.5317173283411,57260.546875
VEN,Venezuela (Bolivarian Republic of),1956,6.80776018907021,61339.890625
VEN,Venezuela (Bolivarian Republic of),1957,7.09504183927395,70164.0546875
VEN,Venezuela (Bolivarian Republic of),1958,7.39101782832169,70349.2734375
VEN,Venezuela (Bolivarian Republic of),1959,7.69313663906648,73100.3515625
VEN,Venezuela (Bolivarian Republic of),1960,7.99883867834267,68018.7578125
VEN,Venezuela (Bolivarian Republic of),1961,8.30724769812514,69468.6484375
VEN,Venezuela (Bolivarian Republic of),1962,8.62008792839883,72781.6484375
VEN,Venezuela (Bolivarian Republic of),1963,8.93869292174582,77619.46875
VEN,Venezuela (Bolivarian Republic of),1964,9.26440279251331,85533.1640625
VEN,Venezuela (Bolivarian Republic of),1965,9.59855916930202,87637.5625
VEN,Venezuela (Bolivarian Republic of),1966,9.93670005179956,87738.7890625
VEN,Venezuela (Bolivarian Republic of),1967,10.2779481824784,90332.5546875
VEN,Venezuela (Bolivarian Republic of),1968,10.6290379514029,99825.53125
VEN,Venezuela (Bolivarian Republic of),1969,10.9967269671909,104356.5625
VEN,Venezuela (Bolivarian Republic of),1970,11.38779,117561.4765625
VEN,Venezuela (Bolivarian Republic of),1971,11.741008,115004.9375
VEN,Venezuela (Bolivarian Republic of),1972,12.09918,119308.859375
VEN,Venezuela (Bolivarian Republic of),1973,12.463537,134177.609375
VEN,Venezuela (Bolivarian Republic of),1974,12.835351,144290.09375
VEN,Venezuela (Bolivarian Republic of),1975,13.215892,143363.78125
VEN,Venezuela (Bolivarian Republic of),1976,13.606284,155004.015625
VEN,Venezuela (Bolivarian Republic of),1977,14.006812,160745.640625
VEN,Venezuela (Bolivarian Republic of),1978,14.416684,157244.09375
VEN,Venezuela (Bolivarian Republic of),1979,14.834552,173182.875
VEN,Venezuela (Bolivarian Republic of),1980,15.258218,189195.15625
VEN,Venezuela (Bolivarian Republic of),1981,15.687297,190826.90625
VEN,Venezuela (Bolivarian Republic of),1982,16.121874,177028.484375
VEN,Venezuela (Bolivarian Republic of),1983,16.562205,180840.921875
VEN,Venezuela (Bolivarian Republic of),1984,17.008841,187919.96875
VEN,Venezuela (Bolivarian Republic of),1985,17.461434,182837.8125
VEN,Venezuela (Bolivarian Republic of),1986,17.923536,168538.546875
VEN,Venezuela (Bolivarian Republic of),1987,18.394963,176767.078125
VEN,Venezuela (Bolivarian Republic of),1988,18.87102,176943.609375
VEN,Venezuela (Bolivarian Republic of),1989,19.348921,183289.65625
VEN,Venezuela (Bolivarian Republic of),1990,19.82701,203717.625
VEN,Venezuela (Bolivarian Republic of),1991,20.304896,200676.21875
VEN,Venezuela (Bolivarian Republic of),1992,20.780948,202424.34375
VEN,Venezuela (Bolivarian Republic of),1993,21.25452,195616.734375
VEN,Venezuela (Bolivarian Republic of),1994,21.725188,192706.890625
VEN,Venezuela (Bolivarian Republic of),1995,22.193821,195168.09375
VEN,Venezuela (Bolivarian Republic of),1996,22.662113,200253.875
VEN,Venezuela (Bolivarian Republic of),1997,23.131685,196110.796875
VEN,Venezuela (Bolivarian Republic of),1998,23.601337,180192.203125
VEN,Venezuela (Bolivarian Republic of),1999,24.066593,180781.65625
VEN,Venezuela (Bolivarian Republic of),2000,24.526708,209137.765625
VEN,Venezuela (Bolivarian Republic of),2001,24.979922,209821.359375
VEN,Venezuela (Bolivarian Republic of),2002,25.435671,203485.171875
VEN,Venezuela (Bolivarian Republic of),2003,25.892703,200815.015625
VEN,Venezuela (Bolivarian Republic of),2004,26.340838,259761.453125
VEN,Venezuela (Bolivarian Republic of),2005,26.785804,323300.8125
VEN,Venezuela (Bolivarian Republic of),2006,27.224686,381849.125
VEN,Venezuela (Bolivarian Republic of),2007,27.649363,437247.34375
VEN,Venezuela (Bolivarian Republic of),2008,28.053696,504912.28125
VEN,Venezuela (Bolivarian Republic of),2009,28.438298,439356.375
VEN,Venezuela (Bolivarian Republic of),2010,28.813101,533560.375
VEN,Venezuela (Bolivarian Republic of),2011,29.185212,604726.125
VEN,Venezuela (Bolivarian Republic of),2012,29.553826,620229.875
VEN,Venezuela (Bolivarian Republic of),2013,29.912198,589839.5625
VEN,Venezuela (Bolivarian Republic of),2014,30.254079,384976.75
VEN,Venezuela (Bolivarian Republic of),2015,30.573972,167797.125
VEN,Venezuela (Bolivarian Republic of),2016,30.76572,65444.8046875
VEN,Venezuela (Bolivarian Republic of),2017,30.565323,12310.7041015625
VEN,Venezuela (Bolivarian Republic of),2018,29.807592,14770.470703125
VEN,Venezuela (Bolivarian Republic of),2019,28.938098,8737.3955078125
VEN,Venezuela (Bolivarian Republic of),2020,28.444077,4689.0439453125
VEN,Venezuela (Bolivarian Republic of),2021,28.237826,3784.22900390625
VEN,Venezuela (Bolivarian Republic of),2022,28.213017,3177.23803710938
VEN,Venezuela (Bolivarian Republic of),2023,28.300854,2528.005859375
VGB,British Virgin Islands,1970,0.009933,73.4580078125
VGB,British Virgin Islands,1971,0.010095,64.877799987793
VGB,British Virgin Islands,1972,0.010235,63.8705902099609
VGB,British Virgin Islands,1973,0.010367,67.7944030761719
VGB,British Virgin Islands,1974,0.010494,73.5985794067383
VGB,British Virgin Islands,1975,0.010606,77.1003570556641
VGB,British Virgin Islands,1976,0.010709,75.7083740234375
VGB,British Virgin Islands,1977,0.0108,77.0998611450195
VGB,British Virgin Islands,1978,0.010886,82.9877471923828
VGB,British Virgin Islands,1979,0.010965,95.3224029541016
VGB,British Virgin Islands,1980,0.01113,110.030815124512
VGB,British Virgin Islands,1981,0.011479,110.544166564941
VGB,British Virgin Islands,1982,0.011921,112.345100402832
VGB,British Virgin Islands,1983,0.01237,118.685272216797
VGB,British Virgin Islands,1984,0.01282,124.436744689941
VGB,British Virgin Islands,1985,0.013269,126.167663574219
VGB,British Virgin Islands,1986,0.013726,131.107009887695
VGB,British Virgin Islands,1987,0.014194,150.521591186523
VGB,British Virgin Islands,1988,0.01468,166.008392333984
VGB,British Virgin Islands,1989,0.01518,179.203063964844
VGB,British Virgin Islands,1990,0.015704,225.492340087891
VGB,British Virgin Islands,1991,0.016187,277.009948730469
VGB,British Virgin Islands,1992,0.016593,344.456359863281
VGB,British Virgin Islands,1993,0.016989,450.666381835938
VGB,British Virgin Islands,1994,0.017406,559.442077636719
VGB,British Virgin Islands,1995,0.01784,693.978454589844
VGB,British Virgin Islands,1996,0.018287,750.191833496094
VGB,British Virgin Islands,1997,0.018756,829.5732421875
VGB,British Virgin Islands,1998,0.019238,913.295837402344
VGB,British Virgin Islands,1999,0.01973,1004.32122802734
VGB,British Virgin Islands,2000,0.020241,1092.56457519531
VGB,British Virgin Islands,2001,0.020796,1145.75463867188
VGB,British Virgin Islands,2002,0.02143,1109.92504882813
VGB,British Virgin Islands,2003,0.022134,970.932739257813
VGB,British Virgin Islands,2004,0.022881,1007.43359375
VGB,British Virgin Islands,2005,0.023665,1157.05102539063
VGB,British Virgin Islands,2006,0.024493,1160.53442382813
VGB,British Virgin Islands,2007,0.025366,1168.25366210938
VGB,British Virgin Islands,2008,0.026288,1174.33947753906
VGB,British Virgin Islands,2009,0.027218,1177.12243652344
VGB,British Virgin Islands,2010,0.027675,1199.05505371094
VGB,British Virgin Islands,2011,0.02871,1165.06677246094
VGB,British Virgin Islands,2012,0.030345,1187.271484375
VGB,British Virgin Islands,2013,0.031703,1157.77307128906
VGB,British Virgin Islands,2014,0.032962,1209.21838378906
VGB,British Virgin Islands,2015,0.034498,1284.44470214844
VGB,British Virgin Islands,2016,0.033878,1396.26501464844
VGB,British Virgin Islands,2017,0.032699,1300.08117675781
VGB,British Virgin Islands,2018,0.034657,1368.75317382813
VGB,British Virgin Islands,2019,0.036395,1465.94226074219
VGB,British Virgin Islands,2020,0.037135,1419.41052246094
VGB,British Virgin Islands,2021,0.037809,1459.43395996094
VGB,British Virgin Islands,2022,0.038319,1495.00500488281
VGB,British Virgin Islands,2023,0.038985,1531.46130371094
VNM,Viet Nam,1970,41.47523,41172.73046875
VNM,Viet Nam,1971,42.449276,42751.7578125
VNM,Viet Nam,1972,43.429168,43608.9765625
VNM,Viet Nam,1973,44.409861,43024.28125
VNM,Viet Nam,1974,45.413537,44073.01953125
VNM,Viet Nam,1975,46.482903,45397.41015625
VNM,Viet Nam,1976,47.684931,50398.95703125
VNM,Viet Nam,1977,48.954872,57218.96875
VNM,Viet Nam,1978,50.249552,58238.78515625
VNM,Viet Nam,1979,51.378211,62154.4609375
VNM,Viet Nam,1980,52.490101,59921.3671875
VNM,Viet Nam,1981,53.738141,63386.19140625
VNM,Viet Nam,1982,55.011289,68535.7734375
VNM,Viet Nam,1983,56.337921,73358.2578125
VNM,Viet Nam,1984,57.706067,79574.2890625
VNM,Viet Nam,1985,59.060622,84041.6015625
VNM,Viet Nam,1986,60.347048,86704.75
VNM,Viet Nam,1987,61.584651,89180.0703125
VNM,Viet Nam,1988,62.843228,93557.953125
VNM,Viet Nam,1989,64.147348,97406.328125
VNM,Viet Nam,1990,65.504552,103801.296875
VNM,Viet Nam,1991,66.891775,113737.4609375
VNM,Viet Nam,1992,68.260337,122879.9609375
VNM,Viet Nam,1993,69.586384,129289.15625
VNM,Viet Nam,1994,70.854391,136436.5625
VNM,Viet Nam,1995,72.04994,147468.3125
VNM,Viet Nam,1996,73.156447,158630.953125
VNM,Viet Nam,1997,74.226889,171676.21875
VNM,Viet Nam,1998,75.29966,181628.796875
VNM,Viet Nam,1999,76.287452,191310.546875
VNM,Viet Nam,2000,77.154011,201180.140625
VNM,Viet Nam,2001,77.969361,214137.21875
VNM,Viet Nam,2002,78.772224,228494.140625
VNM,Viet Nam,2003,79.563777,242600.28125
VNM,Viet Nam,2004,80.338971,266627.5
VNM,Viet Nam,2005,81.088313,295776.84375
VNM,Viet Nam,2006,82.167897,337846.71875
VNM,Viet Nam,2007,83.633375,379719.59375
VNM,Viet Nam,2008,85.175788,431008.34375
VNM,Viet Nam,2009,86.460018,477561.53125
VNM,Viet Nam,2010,87.455152,567204
VNM,Viet Nam,2011,88.468314,621426.4375
VNM,Viet Nam,2012,89.510356,686505.4375
VNM,Viet Nam,2013,90.573104,708027.375
VNM,Viet Nam,2014,91.679578,762052.1875
VNM,Viet Nam,2015,92.823254,808130.625
VNM,Viet Nam,2016,94.000117,881909.9375
VNM,Viet Nam,2017,95.176977,961448.875
VNM,Viet Nam,2018,96.237319,1041177.375
VNM,Viet Nam,2019,97.173776,1118330.25
VNM,Viet Nam,2020,98.079191,1173247.375
VNM,Viet Nam,2021,98.935098,1181427
VNM,Viet Nam,2022,99.680655,1280271.375
VNM,Viet Nam,2023,100.352192,1339399.25
YEM,Yemen,1989,13.364174,8414.3515625
YEM,Yemen,1990,13.887862,10227.8798828125
YEM,Yemen,1991,14.430201,9991.6357421875
YEM,Yemen,1992,14.989494,10276.525390625
YEM,Yemen,1993,15.563914,10588.0771484375
YEM,Yemen,1994,16.149147,10960.77734375
YEM,Yemen,1995,16.740058,12411.0322265625
YEM,Yemen,1996,17.313177,14976
YEM,Yemen,1997,17.873936,16975.345703125
YEM,Yemen,1998,18.446013,19192.9296875
YEM,Yemen,1999,19.02942,21592.29296875
YEM,Yemen,2000,19.624141,24246.279296875
YEM,Yemen,2001,20.226147,28122.91015625
YEM,Yemen,2002,20.835086,32861.9921875
YEM,Yemen,2003,21.456379,40057.03125
YEM,Yemen,2004,22.095167,52936.8125
YEM,Yemen,2005,22.790085,80156.4921875
YEM,Yemen,2006,23.543083,85663.1171875
YEM,Yemen,2007,24.318082,88545.1875
YEM,Yemen,2008,25.111941,95554.8203125
YEM,Yemen,2009,25.927724,97062.203125
YEM,Yemen,2010,26.754387,117345
YEM,Yemen,2011,27.582897,103863.0546875
YEM,Yemen,2012,28.433647,98009.671875
YEM,Yemen,2013,29.312952,99175.1640625
YEM,Yemen,2014,30.226309,101820.359375
YEM,Yemen,2015,31.159379,65874.5390625
YEM,Yemen,2016,32.10901,49711.52734375
YEM,Yemen,2017,33.090921,39061.5625
YEM,Yemen,2018,34.085182,45161.9375
YEM,Yemen,2019,35.111408,43258.125
YEM,Yemen,2020,36.134863,41442.12890625
YEM,Yemen,2021,37.14023,39134.15625
YEM,Yemen,2022,38.222876,39834.13671875
YEM,Yemen,2023,39.390799,36119.60546875
ZAF,South Africa,1950,13.3208510352077,85477.7109375
ZAF,South Africa,1951,13.6446407711694,87011.1953125
ZAF,South Africa,1952,13.9764120263909,80891.015625
ZAF,South Africa,1953,14.3278530266302,90394.3671875
ZAF,South Africa,1954,14.6883342046778,97797.421875
ZAF,South Africa,1955,15.0577069932707,101596.703125
ZAF,South Africa,1956,15.4365675302323,107998.609375
ZAF,South Africa,1957,15.8248672275268,113955.5234375
ZAF,South Africa,1958,16.223141487933,113776.640625
ZAF,South Africa,1959,16.6316472674092,116566.15625
ZAF,South Africa,1960,17.0643835265679,121114.9375
ZAF,South Africa,1961,17.5085529242966,125840.390625
ZAF,South Africa,1962,17.9853753508309,130931.796875
ZAF,South Africa,1963,18.4753128094809,140020.171875
ZAF,South Africa,1964,18.9787259729736,150107.984375
ZAF,South Africa,1965,19.495781161893,157396.9375
ZAF,South Africa,1966,20.0270576951271,165258.484375
ZAF,South Africa,1967,20.5726284547296,178013.265625
ZAF,South Africa,1968,21.1332035735308,186404.671875
ZAF,South Africa,1969,21.709199787376,200082.546875
ZAF,South Africa,1970,22.279984,209660.453125
ZAF,South Africa,1971,22.942143,212819.875
ZAF,South Africa,1972,23.609456,222976.140625
ZAF,South Africa,1973,24.294263,255539.453125
ZAF,South Africa,1974,24.989108,271243.03125
ZAF,South Africa,1975,25.69094,268344.9375
ZAF,South Africa,1976,26.39545,266380.375
ZAF,South Africa,1977,27.118952,266191.5
ZAF,South Africa,1978,27.869507,279305.28125
ZAF,South Africa,1979,28.634162,295091.1875
ZAF,South Africa,1980,29.518857,336537.59375
ZAF,South Africa,1981,30.541044,334262.90625
ZAF,South Africa,1982,31.615339,335672.15625
ZAF,South Africa,1983,32.739304,343391.875
ZAF,South Africa,1984,33.892788,353190.59375
ZAF,South Africa,1985,35.042093,353830.125
ZAF,South Africa,1986,36.180515,347300.8125
ZAF,South Africa,1987,37.32619,361807.75
ZAF,South Africa,1988,38.480649,370338.3125
ZAF,South Africa,1989,39.628575,377703.90625
ZAF,South Africa,1990,40.746268,375975.84375
ZAF,South Africa,1991,41.687898,386607.53125
ZAF,South Africa,1992,42.443509,395050.65625
ZAF,South Africa,1993,43.297156,420158.625
ZAF,South Africa,1994,44.004139,430402.15625
ZAF,South Africa,1995,44.541554,454868.78125
ZAF,South Africa,1996,45.123018,474412.4375
ZAF,South Africa,1997,45.666838,486267.0625
ZAF,South Africa,1998,46.22388,493396.3125
ZAF,South Africa,1999,46.730335,500694.53125
ZAF,South Africa,2000,47.159719,526985.3125
ZAF,South Africa,2001,47.5668,547091.5
ZAF,South Africa,2002,48.019415,582009.4375
ZAF,South Africa,2003,48.500348,608501.6875
ZAF,South Africa,2004,48.991421,633409.4375
ZAF,South Africa,2005,49.490033,675963.125
ZAF,South Africa,2006,49.998277,724641.375
ZAF,South Africa,2007,50.528584,768697.625
ZAF,South Africa,2008,51.114599,776172.9375
ZAF,South Africa,2009,51.728516,776473.625
ZAF,South Africa,2010,52.344051,813904.625
ZAF,South Africa,2011,52.995205,846199.0625
ZAF,South Africa,2012,53.782567,846639.625
ZAF,South Africa,2013,54.678791,849409
ZAF,South Africa,2014,55.594838,847867.6875
ZAF,South Africa,2015,56.723537,867253.75
ZAF,South Africa,2016,57.259551,879700.8125
ZAF,South Africa,2017,57.635162,898489.3125
ZAF,South Africa,2018,58.613001,863399.3125
ZAF,South Africa,2019,59.587885,859812.5
ZAF,South Africa,2020,60.562381,801470.9375
ZAF,South Africa,2021,61.502603,823562.625
ZAF,South Africa,2022,62.37841,823578.375
ZAF,South Africa,2023,63.212384,813955.0625
ZMB,Zambia,1955,2.91630755980574,9172.5732421875
ZMB,Zambia,1956,2.98949481154881,9743.2890625
ZMB,Zambia,1957,3.06573155231034,8252.7568359375
ZMB,Zambia,1958,3.14501778209033,7471.9150390625
ZMB,Zambia,1959,3.22532042742649,9584.5673828125
ZMB,Zambia,1960,3.30765590387501,10175.986328125
ZMB,Zambia,1961,3.39202445378581,9884.7587890625
ZMB,Zambia,1962,3.47740966160271,9640.9482421875
ZMB,Zambia,1963,3.56584411608814,10195.357421875
ZMB,Zambia,1964,3.65834471749812,11920.4853515625
ZMB,Zambia,1965,3.75491122348274,12785.6728515625
ZMB,Zambia,1966,3.85656004959817,16050.80859375
ZMB,Zambia,1967,3.96430809610042,17712.572265625
ZMB,Zambia,1968,4.0751051469213,18600.36328125
ZMB,Zambia,1969,4.19098524492274,21544.416015625
ZMB,Zambia,1970,4.321718,17836.689453125
ZMB,Zambia,1971,4.442525,14470.7333984375
ZMB,Zambia,1972,4.569309,15717.1298828125
ZMB,Zambia,1973,4.702693,17468.72265625
ZMB,Zambia,1974,4.842746,16724.158203125
ZMB,Zambia,1975,4.990086,14264.240234375
ZMB,Zambia,1976,5.143842,15451.2587890625
ZMB,Zambia,1977,5.30248,12662.58984375
ZMB,Zambia,1978,5.465374,11359.2666015625
ZMB,Zambia,1979,5.631728,12294.0146484375
ZMB,Zambia,1980,5.802833,11159.01171875
ZMB,Zambia,1981,5.983289,12031.6611328125
ZMB,Zambia,1982,6.178637,11959.48046875
ZMB,Zambia,1983,6.381038,12523.240234375
ZMB,Zambia,1984,6.58049,14967.9228515625
ZMB,Zambia,1985,6.780953,16727.478515625
ZMB,Zambia,1986,6.986471,14270.0830078125
ZMB,Zambia,1987,7.191282,15392.1357421875
ZMB,Zambia,1988,7.39144,15653.0966796875
ZMB,Zambia,1989,7.589216,12648.6630859375
ZMB,Zambia,1990,7.786169,12640.87890625
ZMB,Zambia,1991,7.98165,13017.1611328125
ZMB,Zambia,1992,8.17668,11125.0595703125
ZMB,Zambia,1993,8.373921,10552.326171875
ZMB,Zambia,1994,8.576269,10158.451171875
ZMB,Zambia,1995,8.785763,10369.8603515625
ZMB,Zambia,1996,9.004053,11527.517578125
ZMB,Zambia,1997,9.237063,12420.1884765625
ZMB,Zambia,1998,9.482408,12049.091796875
ZMB,Zambia,1999,9.740005,12435.7177734375
ZMB,Zambia,2000,10.017631,14944.25
ZMB,Zambia,2001,10.325185,15801.53125
ZMB,Zambia,2002,10.647949,16746.203125
ZMB,Zambia,2003,10.983595,18116.375
ZMB,Zambia,2004,11.338198,19981.798828125
ZMB,Zambia,2005,11.718819,22444.01171875
ZMB,Zambia,2006,12.129553,27088.9140625
ZMB,Zambia,2007,12.565085,37393.0703125
ZMB,Zambia,2008,13.021324,39346.703125
ZMB,Zambia,2009,13.490389,44958.55078125
ZMB,Zambia,2010,13.965594,52299.1796875
ZMB,Zambia,2011,14.437796,59211.68359375
ZMB,Zambia,2012,14.913629,56966.11328125
ZMB,Zambia,2013,15.398997,57243.27734375
ZMB,Zambia,2014,15.895315,59759.28515625
ZMB,Zambia,2015,16.399089,57457.09765625
ZMB,Zambia,2016,16.914423,58644.16796875
ZMB,Zambia,2017,17.44132,61213.59375
ZMB,Zambia,2018,17.973569,62073.11328125
ZMB,Zambia,2019,18.513839,61915.67578125
ZMB,Zambia,2020,19.059395,58458.2265625
ZMB,Zambia,2021,19.603607,63948.85546875
ZMB,Zambia,2022,20.152938,69144.015625
ZMB,Zambia,2023,20.723965,72941.609375
ZWE,Zimbabwe,1954,3.12818061361716,7207.791015625
ZWE,Zimbabwe,1955,3.22441523477114,7414.6572265625
ZWE,Zimbabwe,1956,3.33859983875945,8108.25390625
ZWE,Zimbabwe,1957,3.44888676311624,8957.1220703125
ZWE,Zimbabwe,1958,3.56032400359202,8971.796875
ZWE,Zimbabwe,1959,3.67646466365088,10226.30078125
ZWE,Zimbabwe,1960,3.79373669715983,10846.103515625
ZWE,Zimbabwe,1961,3.91592548078483,11477.9462890625
ZWE,Zimbabwe,1962,4.04609228512281,11424.720703125
ZWE,Zimbabwe,1963,4.17348579253253,11699.109375
ZWE,Zimbabwe,1964,4.29156537005678,11353.3662109375
ZWE,Zimbabwe,1965,4.43155981141981,12504.1533203125
ZWE,Zimbabwe,1966,4.57383323625634,11973.2001953125
ZWE,Zimbabwe,1967,4.72492402244393,12191.69921875
ZWE,Zimbabwe,1968,4.89175751952456,11418.4951171875
ZWE,Zimbabwe,1969,5.06294196724221,14418.7353515625
ZWE,Zimbabwe,1970,5.215918,17585.533203125
ZWE,Zimbabwe,1971,5.374712,19168.50390625
ZWE,Zimbabwe,1972,5.542445,21505.640625
ZWE,Zimbabwe,1973,5.720404,22489.810546875
ZWE,Zimbabwe,1974,5.908328,24644.330078125
ZWE,Zimbabwe,1975,6.098658,24000.52734375
ZWE,Zimbabwe,1976,6.287105,24181.12890625
ZWE,Zimbabwe,1977,6.449512,21731.6328125
ZWE,Zimbabwe,1978,6.543575,24158.546875
ZWE,Zimbabwe,1979,6.647556,25340.568359375
ZWE,Zimbabwe,1980,7.041303,26759.6953125
ZWE,Zimbabwe,1981,7.498635,32555.142578125
ZWE,Zimbabwe,1982,7.796496,34436.234375
ZWE,Zimbabwe,1983,8.098404,40323.23046875
ZWE,Zimbabwe,1984,8.391488,38556.0859375
ZWE,Zimbabwe,1985,8.686813,42284.9296875
ZWE,Zimbabwe,1986,8.982578,43992.515625
ZWE,Zimbabwe,1987,9.284644,44278.73046875
ZWE,Zimbabwe,1988,9.583094,52135.8125
ZWE,Zimbabwe,1989,9.864798,58693.40234375
ZWE,Zimbabwe,1990,10.137281,62531.96875
ZWE,Zimbabwe,1991,10.404816,73059.640625
ZWE,Zimbabwe,1992,10.7027,65490.76953125
ZWE,Zimbabwe,1993,10.860288,68258.375
ZWE,Zimbabwe,1994,10.873148,75911.5
ZWE,Zimbabwe,1995,10.974599,72445.8828125
ZWE,Zimbabwe,1996,11.15836,82493.21875
ZWE,Zimbabwe,1997,11.369827,66327.984375
ZWE,Zimbabwe,1998,11.594297,61845.30078125
ZWE,Zimbabwe,1999,11.783458,63770.4140625
ZWE,Zimbabwe,2000,11.892055,48973.6875
ZWE,Zimbabwe,2001,11.971901,55735.4453125
ZWE,Zimbabwe,2002,12.087653,60304.328125
ZWE,Zimbabwe,2003,12.232323,48318.5234375
ZWE,Zimbabwe,2004,12.365896,21670.759765625
ZWE,Zimbabwe,2005,12.483432,7606.705078125
ZWE,Zimbabwe,2006,12.636445,22909.1796875
ZWE,Zimbabwe,2007,12.804058,22989.232421875
ZWE,Zimbabwe,2008,12.959149,15862.70703125
ZWE,Zimbabwe,2009,13.14279,28865.3515625
ZWE,Zimbabwe,2010,13.356548,28821.61328125
ZWE,Zimbabwe,2011,13.595424,32858.03125
ZWE,Zimbabwe,2012,13.817887,38551.59375
ZWE,Zimbabwe,2013,14.013808,40891.7890625
ZWE,Zimbabwe,2014,14.207359,41882.06640625
ZWE,Zimbabwe,2015,14.399013,44778.359375
ZWE,Zimbabwe,2016,14.600294,47472.78125
ZWE,Zimbabwe,2017,14.812482,51722.6484375
ZWE,Zimbabwe,2018,15.034452,31217.31640625
ZWE,Zimbabwe,2019,15.271368,46541.140625
ZWE,Zimbabwe,2020,15.526888,45985.0859375
ZWE,Zimbabwe,2021,15.79721,45625.34765625
ZWE,Zimbabwe,2022,16.069056,50148.52734375
ZWE,Zimbabwe,2023,16.340822,52258.8984375
